variant,month,net_pnl
q50_edge20_always_next_0934_close_leg_specific_c10,2024-11,0.04328219142540746
q50_edge20_always_next_0934_close_leg_specific_c10,2024-12,-0.03526477778911896
q50_edge20_always_next_0934_close_leg_specific_c10,2025-01,0.011407851219044418
q50_edge20_always_next_0934_close_leg_specific_c10,2025-02,-0.09245171215573
q50_edge20_always_next_0934_close_leg_specific_c10,2025-03,0.29069813889429275
q50_edge20_always_next_0934_close_leg_specific_c10,2025-04,0.30378058378641903
q50_edge20_always_next_0934_close_leg_specific_c10,2025-05,0.0689324124129248
q50_edge20_always_next_0934_close_leg_specific_c10,2025-06,-0.01189605232987289
q50_edge20_always_next_0934_close_leg_specific_c10,2025-07,0.02068582739215785
q50_edge20_always_next_0934_close_leg_specific_c10,2025-08,-0.003100728754032663
q50_edge20_always_next_0934_close_leg_specific_c10,2025-09,-0.09038977418411509
q50_edge20_always_next_0934_close_leg_specific_c10,2025-10,0.2091381676107642
q50_edge20_always_next_0934_close_leg_specific_c10,2025-11,0.09513030706673986
q50_edge20_always_next_0934_close_leg_specific_c10,2025-12,-0.03938801735656261
q50_edge20_always_next_0934_close_leg_specific_c10,2026-01,0.08101944195536903
q50_edge20_always_next_0934_close_leg_specific_c10,2026-02,0.18454962804556996
q50_edge20_always_next_0934_close_leg_specific_c10,2026-03,0.016538112173978048
q50_edge20_always_next_0934_close_leg_specific_c10,2026-04,-0.27706821630556766
q50_edge20_always_next_0934_close_leg_specific_c5,2024-11,0.04828219142540746
q50_edge20_always_next_0934_close_leg_specific_c5,2024-12,-0.030264777789118957
q50_edge20_always_next_0934_close_leg_specific_c5,2025-01,0.01440785121904442
q50_edge20_always_next_0934_close_leg_specific_c5,2025-02,-0.08345171215573
q50_edge20_always_next_0934_close_leg_specific_c5,2025-03,0.29669813889429275
q50_edge20_always_next_0934_close_leg_specific_c5,2025-04,0.31078058378641904
q50_edge20_always_next_0934_close_leg_specific_c5,2025-05,0.07293241241292481
q50_edge20_always_next_0934_close_leg_specific_c5,2025-06,-0.006896052329872893
q50_edge20_always_next_0934_close_leg_specific_c5,2025-07,0.024685827392157855
q50_edge20_always_next_0934_close_leg_specific_c5,2025-08,0.0028992712459673387
q50_edge20_always_next_0934_close_leg_specific_c5,2025-09,-0.08138977418411508
q50_edge20_always_next_0934_close_leg_specific_c5,2025-10,0.2191381676107642
q50_edge20_always_next_0934_close_leg_specific_c5,2025-11,0.10613030706673987
q50_edge20_always_next_0934_close_leg_specific_c5,2025-12,-0.03538801735656261
q50_edge20_always_next_0934_close_leg_specific_c5,2026-01,0.08701944195536904
q50_edge20_always_next_0934_close_leg_specific_c5,2026-02,0.19454962804556997
q50_edge20_always_next_0934_close_leg_specific_c5,2026-03,0.022538112173978053
q50_edge20_always_next_0934_close_leg_specific_c5,2026-04,-0.26706821630556765
q50_edge20_always_next_open_leg_specific_c10,2024-11,-0.0075994958438518855
q50_edge20_always_next_open_leg_specific_c10,2024-12,-0.0703011932491967
q50_edge20_always_next_open_leg_specific_c10,2025-01,7.962124894078833e-05
q50_edge20_always_next_open_leg_specific_c10,2025-02,-0.08099369591968009
q50_edge20_always_next_open_leg_specific_c10,2025-03,0.3141958729521124
q50_edge20_always_next_open_leg_specific_c10,2025-04,0.2870114906598559
q50_edge20_always_next_open_leg_specific_c10,2025-05,0.07054416874868685
q50_edge20_always_next_open_leg_specific_c10,2025-06,0.004211234580750678
q50_edge20_always_next_open_leg_specific_c10,2025-07,0.013888839736545866
q50_edge20_always_next_open_leg_specific_c10,2025-08,0.01997450255782108
q50_edge20_always_next_open_leg_specific_c10,2025-09,-0.06880913501038766
q50_edge20_always_next_open_leg_specific_c10,2025-10,0.2437031600361187
q50_edge20_always_next_open_leg_specific_c10,2025-11,0.062499560866590476
q50_edge20_always_next_open_leg_specific_c10,2025-12,-0.046121487705504505
q50_edge20_always_next_open_leg_specific_c10,2026-01,0.12740356972502576
q50_edge20_always_next_open_leg_specific_c10,2026-02,0.274696239397934
q50_edge20_always_next_open_leg_specific_c10,2026-03,0.00831283320902132
q50_edge20_always_next_open_leg_specific_c10,2026-04,-0.18111053668194688
q50_edge20_always_next_open_leg_specific_c5,2024-11,-0.0025994958438518845
q50_edge20_always_next_open_leg_specific_c5,2024-12,-0.0653011932491967
q50_edge20_always_next_open_leg_specific_c5,2025-01,0.00307962124894079
q50_edge20_always_next_open_leg_specific_c5,2025-02,-0.07199369591968008
q50_edge20_always_next_open_leg_specific_c5,2025-03,0.3201958729521124
q50_edge20_always_next_open_leg_specific_c5,2025-04,0.2940114906598559
q50_edge20_always_next_open_leg_specific_c5,2025-05,0.07454416874868686
q50_edge20_always_next_open_leg_specific_c5,2025-06,0.009211234580750682
q50_edge20_always_next_open_leg_specific_c5,2025-07,0.01788883973654587
q50_edge20_always_next_open_leg_specific_c5,2025-08,0.025974502557821078
q50_edge20_always_next_open_leg_specific_c5,2025-09,-0.05980913501038765
q50_edge20_always_next_open_leg_specific_c5,2025-10,0.2537031600361187
q50_edge20_always_next_open_leg_specific_c5,2025-11,0.07349956086659049
q50_edge20_always_next_open_leg_specific_c5,2025-12,-0.0421214877055045
q50_edge20_always_next_open_leg_specific_c5,2026-01,0.13340356972502576
q50_edge20_always_next_open_leg_specific_c5,2026-02,0.284696239397934
q50_edge20_always_next_open_leg_specific_c5,2026-03,0.014312833209021325
q50_edge20_always_next_open_leg_specific_c5,2026-04,-0.17111053668194687
q50_edge20_event10_next_0934_close_leg_specific_c10,2024-11,0.04940246279122018
q50_edge20_event10_next_0934_close_leg_specific_c10,2024-12,0.0323930974128972
q50_edge20_event10_next_0934_close_leg_specific_c10,2025-01,0.0
q50_edge20_event10_next_0934_close_leg_specific_c10,2025-02,-0.018610730637884543
q50_edge20_event10_next_0934_close_leg_specific_c10,2025-03,0.09693101292554551
q50_edge20_event10_next_0934_close_leg_specific_c10,2025-04,0.30378058378641903
q50_edge20_event10_next_0934_close_leg_specific_c10,2025-05,0.0
q50_edge20_event10_next_0934_close_leg_specific_c10,2025-06,-0.039120553791263446
q50_edge20_event10_next_0934_close_leg_specific_c10,2025-07,-0.05835221130395529
q50_edge20_event10_next_0934_close_leg_specific_c10,2025-08,-0.021053341064510064
q50_edge20_event10_next_0934_close_leg_specific_c10,2025-09,0.030858000843955402
q50_edge20_event10_next_0934_close_leg_specific_c10,2025-10,0.10438571491781867
q50_edge20_event10_next_0934_close_leg_specific_c10,2025-11,0.028561146150358763
q50_edge20_event10_next_0934_close_leg_specific_c10,2025-12,0.015013729368328125
q50_edge20_event10_next_0934_close_leg_specific_c10,2026-01,0.12313512462354614
q50_edge20_event10_next_0934_close_leg_specific_c10,2026-02,0.14098000779240538
q50_edge20_event10_next_0934_close_leg_specific_c10,2026-03,-0.027508018002780688
q50_edge20_event10_next_0934_close_leg_specific_c10,2026-04,-0.1535672361313296
q50_edge20_event10_next_0934_close_leg_specific_c5,2024-11,0.05240246279122018
q50_edge20_event10_next_0934_close_leg_specific_c5,2024-12,0.0343930974128972
q50_edge20_event10_next_0934_close_leg_specific_c5,2025-01,0.0
q50_edge20_event10_next_0934_close_leg_specific_c5,2025-02,-0.01661073063788454
q50_edge20_event10_next_0934_close_leg_specific_c5,2025-03,0.09993101292554551
q50_edge20_event10_next_0934_close_leg_specific_c5,2025-04,0.31078058378641904
q50_edge20_event10_next_0934_close_leg_specific_c5,2025-05,0.0
q50_edge20_event10_next_0934_close_leg_specific_c5,2025-06,-0.037120553791263444
q50_edge20_event10_next_0934_close_leg_specific_c5,2025-07,-0.05635221130395529
q50_edge20_event10_next_0934_close_leg_specific_c5,2025-08,-0.018053341064510064
q50_edge20_event10_next_0934_close_leg_specific_c5,2025-09,0.032858000843955404
q50_edge20_event10_next_0934_close_leg_specific_c5,2025-10,0.10638571491781867
q50_edge20_event10_next_0934_close_leg_specific_c5,2025-11,0.03456114615035877
q50_edge20_event10_next_0934_close_leg_specific_c5,2025-12,0.018013729368328124
q50_edge20_event10_next_0934_close_leg_specific_c5,2026-01,0.12613512462354615
q50_edge20_event10_next_0934_close_leg_specific_c5,2026-02,0.1499800077924054
q50_edge20_event10_next_0934_close_leg_specific_c5,2026-03,-0.024508018002780685
q50_edge20_event10_next_0934_close_leg_specific_c5,2026-04,-0.1495672361313296
q50_edge20_event10_next_open_leg_specific_c10,2024-11,0.016851710074267334
q50_edge20_event10_next_open_leg_specific_c10,2024-12,0.0012410123377689652
q50_edge20_event10_next_open_leg_specific_c10,2025-01,0.0
q50_edge20_event10_next_open_leg_specific_c10,2025-02,-0.022583408193350363
q50_edge20_event10_next_open_leg_specific_c10,2025-03,0.12076443466335074
q50_edge20_event10_next_open_leg_specific_c10,2025-04,0.2870114906598559
q50_edge20_event10_next_open_leg_specific_c10,2025-05,0.0
q50_edge20_event10_next_open_leg_specific_c10,2025-06,-0.02129764668093037
q50_edge20_event10_next_open_leg_specific_c10,2025-07,-0.04550036438893834
q50_edge20_event10_next_open_leg_specific_c10,2025-08,0.01309649996330076
q50_edge20_event10_next_open_leg_specific_c10,2025-09,0.010665546242942693
q50_edge20_event10_next_open_leg_specific_c10,2025-10,0.11360412596782465
q50_edge20_event10_next_open_leg_specific_c10,2025-11,-0.01726252047016241
q50_edge20_event10_next_open_leg_specific_c10,2025-12,-0.007731385813219412
q50_edge20_event10_next_open_leg_specific_c10,2026-01,0.14788405628295065
q50_edge20_event10_next_open_leg_specific_c10,2026-02,0.24884813813211126
q50_edge20_event10_next_open_leg_specific_c10,2026-03,-0.014734123022474233
q50_edge20_event10_next_open_leg_specific_c10,2026-04,-0.10777521012976421
q50_edge20_event10_next_open_leg_specific_c5,2024-11,0.019851710074267337
q50_edge20_event10_next_open_leg_specific_c5,2024-12,0.003241012337768967
q50_edge20_event10_next_open_leg_specific_c5,2025-01,0.0
q50_edge20_event10_next_open_leg_specific_c5,2025-02,-0.02058340819335036
q50_edge20_event10_next_open_leg_specific_c5,2025-03,0.12376443466335074
q50_edge20_event10_next_open_leg_specific_c5,2025-04,0.2940114906598559
q50_edge20_event10_next_open_leg_specific_c5,2025-05,0.0
q50_edge20_event10_next_open_leg_specific_c5,2025-06,-0.01929764668093037
q50_edge20_event10_next_open_leg_specific_c5,2025-07,-0.04350036438893834
q50_edge20_event10_next_open_leg_specific_c5,2025-08,0.01609649996330076
q50_edge20_event10_next_open_leg_specific_c5,2025-09,0.012665546242942693
q50_edge20_event10_next_open_leg_specific_c5,2025-10,0.11560412596782466
q50_edge20_event10_next_open_leg_specific_c5,2025-11,-0.011262520470162407
q50_edge20_event10_next_open_leg_specific_c5,2025-12,-0.004731385813219413
q50_edge20_event10_next_open_leg_specific_c5,2026-01,0.15088405628295065
q50_edge20_event10_next_open_leg_specific_c5,2026-02,0.25784813813211127
q50_edge20_event10_next_open_leg_specific_c5,2026-03,-0.01173412302247423
q50_edge20_event10_next_open_leg_specific_c5,2026-04,-0.1037752101297642
q50_edge20_event20_next_0934_close_leg_specific_c10,2024-11,0.04328219142540746
q50_edge20_event20_next_0934_close_leg_specific_c10,2024-12,-0.008606363740372047
q50_edge20_event20_next_0934_close_leg_specific_c10,2025-01,0.0530862641008627
q50_edge20_event20_next_0934_close_leg_specific_c10,2025-02,-0.05105032101968643
q50_edge20_event20_next_0934_close_leg_specific_c10,2025-03,0.17839646291663913
q50_edge20_event20_next_0934_close_leg_specific_c10,2025-04,0.30378058378641903
q50_edge20_event20_next_0934_close_leg_specific_c10,2025-05,-0.03410961329853113
q50_edge20_event20_next_0934_close_leg_specific_c10,2025-06,-0.015315587104407056
q50_edge20_event20_next_0934_close_leg_specific_c10,2025-07,-0.014138075544683049
q50_edge20_event20_next_0934_close_leg_specific_c10,2025-08,-0.021053341064510064
q50_edge20_event20_next_0934_close_leg_specific_c10,2025-09,0.030858000843955402
q50_edge20_event20_next_0934_close_leg_specific_c10,2025-10,0.13005369910754205
q50_edge20_event20_next_0934_close_leg_specific_c10,2025-11,-0.0069331679578988874
q50_edge20_event20_next_0934_close_leg_specific_c10,2025-12,-0.0034791387909013354
q50_edge20_event20_next_0934_close_leg_specific_c10,2026-01,0.025623142052740078
q50_edge20_event20_next_0934_close_leg_specific_c10,2026-02,0.10251758004674094
q50_edge20_event20_next_0934_close_leg_specific_c10,2026-03,0.016538112173978048
q50_edge20_event20_next_0934_close_leg_specific_c10,2026-04,-0.3044779621457232
q50_edge20_event20_next_0934_close_leg_specific_c5,2024-11,0.04828219142540746
q50_edge20_event20_next_0934_close_leg_specific_c5,2024-12,-0.0056063637403720445
q50_edge20_event20_next_0934_close_leg_specific_c5,2025-01,0.0540862641008627
q50_edge20_event20_next_0934_close_leg_specific_c5,2025-02,-0.04905032101968643
q50_edge20_event20_next_0934_close_leg_specific_c5,2025-03,0.18339646291663914
q50_edge20_event20_next_0934_close_leg_specific_c5,2025-04,0.31078058378641904
q50_edge20_event20_next_0934_close_leg_specific_c5,2025-05,-0.032109613298531126
q50_edge20_event20_next_0934_close_leg_specific_c5,2025-06,-0.014315587104407057
q50_edge20_event20_next_0934_close_leg_specific_c5,2025-07,-0.011138075544683046
q50_edge20_event20_next_0934_close_leg_specific_c5,2025-08,-0.018053341064510064
q50_edge20_event20_next_0934_close_leg_specific_c5,2025-09,0.032858000843955404
q50_edge20_event20_next_0934_close_leg_specific_c5,2025-10,0.13305369910754206
q50_edge20_event20_next_0934_close_leg_specific_c5,2025-11,0.001066832042101118
q50_edge20_event20_next_0934_close_leg_specific_c5,2025-12,-0.0024791387909013354
q50_edge20_event20_next_0934_close_leg_specific_c5,2026-01,0.02962314205274008
q50_edge20_event20_next_0934_close_leg_specific_c5,2026-02,0.11051758004674095
q50_edge20_event20_next_0934_close_leg_specific_c5,2026-03,0.022538112173978053
q50_edge20_event20_next_0934_close_leg_specific_c5,2026-04,-0.3004779621457232
q50_edge20_event20_next_open_leg_specific_c10,2024-11,-0.0075994958438518855
q50_edge20_event20_next_open_leg_specific_c10,2024-12,-0.024313797298320727
q50_edge20_event20_next_open_leg_specific_c10,2025-01,0.06070736562707357
q50_edge20_event20_next_open_leg_specific_c10,2025-02,-0.002493939693989474
q50_edge20_event20_next_open_leg_specific_c10,2025-03,0.21219931085499133
q50_edge20_event20_next_open_leg_specific_c10,2025-04,0.2870114906598559
q50_edge20_event20_next_open_leg_specific_c10,2025-05,-0.03374146038551562
q50_edge20_event20_next_open_leg_specific_c10,2025-06,-0.0005211475894706368
q50_edge20_event20_next_open_leg_specific_c10,2025-07,-0.018808971806712926
q50_edge20_event20_next_open_leg_specific_c10,2025-08,0.01309649996330076
q50_edge20_event20_next_open_leg_specific_c10,2025-09,0.010665546242942693
q50_edge20_event20_next_open_leg_specific_c10,2025-10,0.13639751439757686
q50_edge20_event20_next_open_leg_specific_c10,2025-11,-0.042099697058869734
q50_edge20_event20_next_open_leg_specific_c10,2025-12,-0.010636418927137735
q50_edge20_event20_next_open_leg_specific_c10,2026-01,0.04784484059667604
q50_edge20_event20_next_open_leg_specific_c10,2026-02,0.19304466992401892
q50_edge20_event20_next_open_leg_specific_c10,2026-03,0.00831283320902132
q50_edge20_event20_next_open_leg_specific_c10,2026-04,-0.2494360549834791
q50_edge20_event20_next_open_leg_specific_c5,2024-11,-0.0025994958438518845
q50_edge20_event20_next_open_leg_specific_c5,2024-12,-0.021313797298320725
q50_edge20_event20_next_open_leg_specific_c5,2025-01,0.061707365627073574
q50_edge20_event20_next_open_leg_specific_c5,2025-02,-0.0004939396939894741
q50_edge20_event20_next_open_leg_specific_c5,2025-03,0.21719931085499133
q50_edge20_event20_next_open_leg_specific_c5,2025-04,0.2940114906598559
q50_edge20_event20_next_open_leg_specific_c5,2025-05,-0.03174146038551562
q50_edge20_event20_next_open_leg_specific_c5,2025-06,0.0004788524105293632
q50_edge20_event20_next_open_leg_specific_c5,2025-07,-0.015808971806712924
q50_edge20_event20_next_open_leg_specific_c5,2025-08,0.01609649996330076
q50_edge20_event20_next_open_leg_specific_c5,2025-09,0.012665546242942693
q50_edge20_event20_next_open_leg_specific_c5,2025-10,0.13939751439757686
q50_edge20_event20_next_open_leg_specific_c5,2025-11,-0.03409969705886973
q50_edge20_event20_next_open_leg_specific_c5,2025-12,-0.009636418927137735
q50_edge20_event20_next_open_leg_specific_c5,2026-01,0.051844840596676045
q50_edge20_event20_next_open_leg_specific_c5,2026-02,0.20104466992401893
q50_edge20_event20_next_open_leg_specific_c5,2026-03,0.014312833209021325
q50_edge20_event20_next_open_leg_specific_c5,2026-04,-0.2454360549834791
q50_edge20_event40_next_0934_close_leg_specific_c10,2024-11,0.04940246279122018
q50_edge20_event40_next_0934_close_leg_specific_c10,2024-12,-0.008606363740372047
q50_edge20_event40_next_0934_close_leg_specific_c10,2025-01,0.0530862641008627
q50_edge20_event40_next_0934_close_leg_specific_c10,2025-02,-0.01670846798454262
q50_edge20_event40_next_0934_close_leg_specific_c10,2025-03,0.13694133423546662
q50_edge20_event40_next_0934_close_leg_specific_c10,2025-04,0.30378058378641903
q50_edge20_event40_next_0934_close_leg_specific_c10,2025-05,-0.03410961329853113
q50_edge20_event40_next_0934_close_leg_specific_c10,2025-06,-0.01189605232987289
q50_edge20_event40_next_0934_close_leg_specific_c10,2025-07,-0.014138075544683049
q50_edge20_event40_next_0934_close_leg_specific_c10,2025-08,-0.021053341064510064
q50_edge20_event40_next_0934_close_leg_specific_c10,2025-09,0.030858000843955402
q50_edge20_event40_next_0934_close_leg_specific_c10,2025-10,0.22856427532927803
q50_edge20_event40_next_0934_close_leg_specific_c10,2025-11,0.03611406934485628
q50_edge20_event40_next_0934_close_leg_specific_c10,2025-12,-0.0034791387909013354
q50_edge20_event40_next_0934_close_leg_specific_c10,2026-01,0.12313512462354614
q50_edge20_event40_next_0934_close_leg_specific_c10,2026-02,0.07869939822855909
q50_edge20_event40_next_0934_close_leg_specific_c10,2026-03,0.016538112173978048
q50_edge20_event40_next_0934_close_leg_specific_c10,2026-04,-0.2462383481617263
q50_edge20_event40_next_0934_close_leg_specific_c5,2024-11,0.05240246279122018
q50_edge20_event40_next_0934_close_leg_specific_c5,2024-12,-0.0056063637403720445
q50_edge20_event40_next_0934_close_leg_specific_c5,2025-01,0.0540862641008627
q50_edge20_event40_next_0934_close_leg_specific_c5,2025-02,-0.013708467984542616
q50_edge20_event40_next_0934_close_leg_specific_c5,2025-03,0.13994133423546662
q50_edge20_event40_next_0934_close_leg_specific_c5,2025-04,0.31078058378641904
q50_edge20_event40_next_0934_close_leg_specific_c5,2025-05,-0.032109613298531126
q50_edge20_event40_next_0934_close_leg_specific_c5,2025-06,-0.006896052329872893
q50_edge20_event40_next_0934_close_leg_specific_c5,2025-07,-0.011138075544683046
q50_edge20_event40_next_0934_close_leg_specific_c5,2025-08,-0.018053341064510064
q50_edge20_event40_next_0934_close_leg_specific_c5,2025-09,0.032858000843955404
q50_edge20_event40_next_0934_close_leg_specific_c5,2025-10,0.23256427532927804
q50_edge20_event40_next_0934_close_leg_specific_c5,2025-11,0.04311406934485629
q50_edge20_event40_next_0934_close_leg_specific_c5,2025-12,-0.0024791387909013354
q50_edge20_event40_next_0934_close_leg_specific_c5,2026-01,0.12613512462354615
q50_edge20_event40_next_0934_close_leg_specific_c5,2026-02,0.0846993982285591
q50_edge20_event40_next_0934_close_leg_specific_c5,2026-03,0.022538112173978053
q50_edge20_event40_next_0934_close_leg_specific_c5,2026-04,-0.2392383481617263
q50_edge20_event40_next_open_leg_specific_c10,2024-11,0.016851710074267334
q50_edge20_event40_next_open_leg_specific_c10,2024-12,-0.024313797298320727
q50_edge20_event40_next_open_leg_specific_c10,2025-01,0.06070736562707357
q50_edge20_event40_next_open_leg_specific_c10,2025-02,0.03344535743061117
q50_edge20_event40_next_open_leg_specific_c10,2025-03,0.12520658037170485
q50_edge20_event40_next_open_leg_specific_c10,2025-04,0.2870114906598559
q50_edge20_event40_next_open_leg_specific_c10,2025-05,-0.03374146038551562
q50_edge20_event40_next_open_leg_specific_c10,2025-06,0.004211234580750678
q50_edge20_event40_next_open_leg_specific_c10,2025-07,-0.018808971806712926
q50_edge20_event40_next_open_leg_specific_c10,2025-08,0.01309649996330076
q50_edge20_event40_next_open_leg_specific_c10,2025-09,0.010665546242942693
q50_edge20_event40_next_open_leg_specific_c10,2025-10,0.2497877405099036
q50_edge20_event40_next_open_leg_specific_c10,2025-11,-0.009200108038625027
q50_edge20_event40_next_open_leg_specific_c10,2025-12,-0.010636418927137735
q50_edge20_event40_next_open_leg_specific_c10,2026-01,0.14788405628295065
q50_edge20_event40_next_open_leg_specific_c10,2026-02,0.10209517497452403
q50_edge20_event40_next_open_leg_specific_c10,2026-03,0.00831283320902132
q50_edge20_event40_next_open_leg_specific_c10,2026-04,-0.19349026353750953
q50_edge20_event40_next_open_leg_specific_c5,2024-11,0.019851710074267337
q50_edge20_event40_next_open_leg_specific_c5,2024-12,-0.021313797298320725
q50_edge20_event40_next_open_leg_specific_c5,2025-01,0.061707365627073574
q50_edge20_event40_next_open_leg_specific_c5,2025-02,0.03644535743061117
q50_edge20_event40_next_open_leg_specific_c5,2025-03,0.12820658037170485
q50_edge20_event40_next_open_leg_specific_c5,2025-04,0.2940114906598559
q50_edge20_event40_next_open_leg_specific_c5,2025-05,-0.03174146038551562
q50_edge20_event40_next_open_leg_specific_c5,2025-06,0.009211234580750682
q50_edge20_event40_next_open_leg_specific_c5,2025-07,-0.015808971806712924
q50_edge20_event40_next_open_leg_specific_c5,2025-08,0.01609649996330076
q50_edge20_event40_next_open_leg_specific_c5,2025-09,0.012665546242942693
q50_edge20_event40_next_open_leg_specific_c5,2025-10,0.2537877405099036
q50_edge20_event40_next_open_leg_specific_c5,2025-11,-0.002200108038625026
q50_edge20_event40_next_open_leg_specific_c5,2025-12,-0.009636418927137735
q50_edge20_event40_next_open_leg_specific_c5,2026-01,0.15088405628295065
q50_edge20_event40_next_open_leg_specific_c5,2026-02,0.10809517497452403
q50_edge20_event40_next_open_leg_specific_c5,2026-03,0.014312833209021325
q50_edge20_event40_next_open_leg_specific_c5,2026-04,-0.18649026353750953
q50_edge25_always_next_0934_close_leg_specific_c10,2024-11,0.04328219142540746
q50_edge25_always_next_0934_close_leg_specific_c10,2024-12,-0.03526477778911896
q50_edge25_always_next_0934_close_leg_specific_c10,2025-01,-0.022011678618206743
q50_edge25_always_next_0934_close_leg_specific_c10,2025-02,-0.1305830990170438
q50_edge25_always_next_0934_close_leg_specific_c10,2025-03,0.30918317192087963
q50_edge25_always_next_0934_close_leg_specific_c10,2025-04,0.30378058378641903
q50_edge25_always_next_0934_close_leg_specific_c10,2025-05,0.16659216345026906
q50_edge25_always_next_0934_close_leg_specific_c10,2025-06,0.0007253068934279863
q50_edge25_always_next_0934_close_leg_specific_c10,2025-07,0.02068582739215785
q50_edge25_always_next_0934_close_leg_specific_c10,2025-08,-0.003100728754032663
q50_edge25_always_next_0934_close_leg_specific_c10,2025-09,-0.08281345381266991
q50_edge25_always_next_0934_close_leg_specific_c10,2025-10,0.2091381676107642
q50_edge25_always_next_0934_close_leg_specific_c10,2025-11,0.09713030706673986
q50_edge25_always_next_0934_close_leg_specific_c10,2025-12,-0.029619309873569304
q50_edge25_always_next_0934_close_leg_specific_c10,2026-01,0.1374783313225666
q50_edge25_always_next_0934_close_leg_specific_c10,2026-02,0.18358228054392256
q50_edge25_always_next_0934_close_leg_specific_c10,2026-03,0.062246250621124766
q50_edge25_always_next_0934_close_leg_specific_c10,2026-04,-0.27706821630556766
q50_edge25_always_next_0934_close_leg_specific_c5,2024-11,0.04828219142540746
q50_edge25_always_next_0934_close_leg_specific_c5,2024-12,-0.030264777789118957
q50_edge25_always_next_0934_close_leg_specific_c5,2025-01,-0.01801167861820674
q50_edge25_always_next_0934_close_leg_specific_c5,2025-02,-0.12058309901704378
q50_edge25_always_next_0934_close_leg_specific_c5,2025-03,0.31818317192087964
q50_edge25_always_next_0934_close_leg_specific_c5,2025-04,0.31078058378641904
q50_edge25_always_next_0934_close_leg_specific_c5,2025-05,0.17159216345026906
q50_edge25_always_next_0934_close_leg_specific_c5,2025-06,0.006725306893427985
q50_edge25_always_next_0934_close_leg_specific_c5,2025-07,0.024685827392157855
q50_edge25_always_next_0934_close_leg_specific_c5,2025-08,0.0028992712459673387
q50_edge25_always_next_0934_close_leg_specific_c5,2025-09,-0.0728134538126699
q50_edge25_always_next_0934_close_leg_specific_c5,2025-10,0.2191381676107642
q50_edge25_always_next_0934_close_leg_specific_c5,2025-11,0.10913030706673987
q50_edge25_always_next_0934_close_leg_specific_c5,2025-12,-0.024619309873569306
q50_edge25_always_next_0934_close_leg_specific_c5,2026-01,0.1444783313225666
q50_edge25_always_next_0934_close_leg_specific_c5,2026-02,0.19558228054392257
q50_edge25_always_next_0934_close_leg_specific_c5,2026-03,0.06924625062112477
q50_edge25_always_next_0934_close_leg_specific_c5,2026-04,-0.26706821630556765
q50_edge25_always_next_open_leg_specific_c10,2024-11,-0.0075994958438518855
q50_edge25_always_next_open_leg_specific_c10,2024-12,-0.0703011932491967
q50_edge25_always_next_open_leg_specific_c10,2025-01,-0.023168118353229072
q50_edge25_always_next_open_leg_specific_c10,2025-02,-0.12751924336493548
q50_edge25_always_next_open_leg_specific_c10,2025-03,0.33253591496165713
q50_edge25_always_next_open_leg_specific_c10,2025-04,0.2870114906598559
q50_edge25_always_next_open_leg_specific_c10,2025-05,0.13825371231715156
q50_edge25_always_next_open_leg_specific_c10,2025-06,0.013861720017643745
q50_edge25_always_next_open_leg_specific_c10,2025-07,0.013888839736545866
q50_edge25_always_next_open_leg_specific_c10,2025-08,0.01997450255782108
q50_edge25_always_next_open_leg_specific_c10,2025-09,-0.0638445383766093
q50_edge25_always_next_open_leg_specific_c10,2025-10,0.2437031600361187
q50_edge25_always_next_open_leg_specific_c10,2025-11,0.0391954937265
q50_edge25_always_next_open_leg_specific_c10,2025-12,-0.0447201271612867
q50_edge25_always_next_open_leg_specific_c10,2026-01,0.18007425418477596
q50_edge25_always_next_open_leg_specific_c10,2026-02,0.25693652868895656
q50_edge25_always_next_open_leg_specific_c10,2026-03,0.053272608700134394
q50_edge25_always_next_open_leg_specific_c10,2026-04,-0.18111053668194688
q50_edge25_always_next_open_leg_specific_c5,2024-11,-0.0025994958438518845
q50_edge25_always_next_open_leg_specific_c5,2024-12,-0.0653011932491967
q50_edge25_always_next_open_leg_specific_c5,2025-01,-0.01916811835322907
q50_edge25_always_next_open_leg_specific_c5,2025-02,-0.11751924336493547
q50_edge25_always_next_open_leg_specific_c5,2025-03,0.34153591496165714
q50_edge25_always_next_open_leg_specific_c5,2025-04,0.2940114906598559
q50_edge25_always_next_open_leg_specific_c5,2025-05,0.14325371231715156
q50_edge25_always_next_open_leg_specific_c5,2025-06,0.019861720017643747
q50_edge25_always_next_open_leg_specific_c5,2025-07,0.01788883973654587
q50_edge25_always_next_open_leg_specific_c5,2025-08,0.025974502557821078
q50_edge25_always_next_open_leg_specific_c5,2025-09,-0.0538445383766093
q50_edge25_always_next_open_leg_specific_c5,2025-10,0.2537031600361187
q50_edge25_always_next_open_leg_specific_c5,2025-11,0.05119549372650001
q50_edge25_always_next_open_leg_specific_c5,2025-12,-0.0397201271612867
q50_edge25_always_next_open_leg_specific_c5,2026-01,0.18707425418477597
q50_edge25_always_next_open_leg_specific_c5,2026-02,0.26893652868895657
q50_edge25_always_next_open_leg_specific_c5,2026-03,0.0602726087001344
q50_edge25_always_next_open_leg_specific_c5,2026-04,-0.17111053668194687
q50_edge25_event10_next_0934_close_leg_specific_c10,2024-11,0.04940246279122018
q50_edge25_event10_next_0934_close_leg_specific_c10,2024-12,0.0323930974128972
q50_edge25_event10_next_0934_close_leg_specific_c10,2025-01,0.0
q50_edge25_event10_next_0934_close_leg_specific_c10,2025-02,-0.05674211749919833
q50_edge25_event10_next_0934_close_leg_specific_c10,2025-03,0.1154160459521324
q50_edge25_event10_next_0934_close_leg_specific_c10,2025-04,0.30378058378641903
q50_edge25_event10_next_0934_close_leg_specific_c10,2025-05,0.0
q50_edge25_event10_next_0934_close_leg_specific_c10,2025-06,-0.026499194567962566
q50_edge25_event10_next_0934_close_leg_specific_c10,2025-07,-0.05835221130395529
q50_edge25_event10_next_0934_close_leg_specific_c10,2025-08,-0.021053341064510064
q50_edge25_event10_next_0934_close_leg_specific_c10,2025-09,0.030858000843955402
q50_edge25_event10_next_0934_close_leg_specific_c10,2025-10,0.10438571491781867
q50_edge25_event10_next_0934_close_leg_specific_c10,2025-11,0.03056114615035877
q50_edge25_event10_next_0934_close_leg_specific_c10,2025-12,0.024782436851321428
q50_edge25_event10_next_0934_close_leg_specific_c10,2026-01,0.1795940139907437
q50_edge25_event10_next_0934_close_leg_specific_c10,2026-02,0.14001266029075798
q50_edge25_event10_next_0934_close_leg_specific_c10,2026-03,0.01820012044436603
q50_edge25_event10_next_0934_close_leg_specific_c10,2026-04,-0.1535672361313296
q50_edge25_event10_next_0934_close_leg_specific_c5,2024-11,0.05240246279122018
q50_edge25_event10_next_0934_close_leg_specific_c5,2024-12,0.0343930974128972
q50_edge25_event10_next_0934_close_leg_specific_c5,2025-01,0.0
q50_edge25_event10_next_0934_close_leg_specific_c5,2025-02,-0.05374211749919833
q50_edge25_event10_next_0934_close_leg_specific_c5,2025-03,0.1214160459521324
q50_edge25_event10_next_0934_close_leg_specific_c5,2025-04,0.31078058378641904
q50_edge25_event10_next_0934_close_leg_specific_c5,2025-05,0.0
q50_edge25_event10_next_0934_close_leg_specific_c5,2025-06,-0.023499194567962567
q50_edge25_event10_next_0934_close_leg_specific_c5,2025-07,-0.05635221130395529
q50_edge25_event10_next_0934_close_leg_specific_c5,2025-08,-0.018053341064510064
q50_edge25_event10_next_0934_close_leg_specific_c5,2025-09,0.032858000843955404
q50_edge25_event10_next_0934_close_leg_specific_c5,2025-10,0.10638571491781867
q50_edge25_event10_next_0934_close_leg_specific_c5,2025-11,0.03756114615035877
q50_edge25_event10_next_0934_close_leg_specific_c5,2025-12,0.028782436851321425
q50_edge25_event10_next_0934_close_leg_specific_c5,2026-01,0.1835940139907437
q50_edge25_event10_next_0934_close_leg_specific_c5,2026-02,0.151012660290758
q50_edge25_event10_next_0934_close_leg_specific_c5,2026-03,0.022200120444366034
q50_edge25_event10_next_0934_close_leg_specific_c5,2026-04,-0.1495672361313296
q50_edge25_event10_next_open_leg_specific_c10,2024-11,0.016851710074267334
q50_edge25_event10_next_open_leg_specific_c10,2024-12,0.0012410123377689652
q50_edge25_event10_next_open_leg_specific_c10,2025-01,0.0
q50_edge25_event10_next_open_leg_specific_c10,2025-02,-0.06910895563860575
q50_edge25_event10_next_open_leg_specific_c10,2025-03,0.1391044766728955
q50_edge25_event10_next_open_leg_specific_c10,2025-04,0.2870114906598559
q50_edge25_event10_next_open_leg_specific_c10,2025-05,0.0
q50_edge25_event10_next_open_leg_specific_c10,2025-06,-0.011647161244037304
q50_edge25_event10_next_open_leg_specific_c10,2025-07,-0.04550036438893834
q50_edge25_event10_next_open_leg_specific_c10,2025-08,0.01309649996330076
q50_edge25_event10_next_open_leg_specific_c10,2025-09,0.010665546242942693
q50_edge25_event10_next_open_leg_specific_c10,2025-10,0.11360412596782465
q50_edge25_event10_next_open_leg_specific_c10,2025-11,-0.04056658761025289
q50_edge25_event10_next_open_leg_specific_c10,2025-12,-0.0063300252690016105
q50_edge25_event10_next_open_leg_specific_c10,2026-01,0.20055474074270085
q50_edge25_event10_next_open_leg_specific_c10,2026-02,0.23108842742313385
q50_edge25_event10_next_open_leg_specific_c10,2026-03,0.03022565246863884
q50_edge25_event10_next_open_leg_specific_c10,2026-04,-0.10777521012976421
q50_edge25_event10_next_open_leg_specific_c5,2024-11,0.019851710074267337
q50_edge25_event10_next_open_leg_specific_c5,2024-12,0.003241012337768967
q50_edge25_event10_next_open_leg_specific_c5,2025-01,0.0
q50_edge25_event10_next_open_leg_specific_c5,2025-02,-0.06610895563860575
q50_edge25_event10_next_open_leg_specific_c5,2025-03,0.1451044766728955
q50_edge25_event10_next_open_leg_specific_c5,2025-04,0.2940114906598559
q50_edge25_event10_next_open_leg_specific_c5,2025-05,0.0
q50_edge25_event10_next_open_leg_specific_c5,2025-06,-0.008647161244037305
q50_edge25_event10_next_open_leg_specific_c5,2025-07,-0.04350036438893834
q50_edge25_event10_next_open_leg_specific_c5,2025-08,0.01609649996330076
q50_edge25_event10_next_open_leg_specific_c5,2025-09,0.012665546242942693
q50_edge25_event10_next_open_leg_specific_c5,2025-10,0.11560412596782466
q50_edge25_event10_next_open_leg_specific_c5,2025-11,-0.033566587610252885
q50_edge25_event10_next_open_leg_specific_c5,2025-12,-0.002330025269001612
q50_edge25_event10_next_open_leg_specific_c5,2026-01,0.20455474074270086
q50_edge25_event10_next_open_leg_specific_c5,2026-02,0.24208842742313386
q50_edge25_event10_next_open_leg_specific_c5,2026-03,0.034225652468638845
q50_edge25_event10_next_open_leg_specific_c5,2026-04,-0.1037752101297642
q50_edge25_event20_next_0934_close_leg_specific_c10,2024-11,0.04328219142540746
q50_edge25_event20_next_0934_close_leg_specific_c10,2024-12,-0.008606363740372047
q50_edge25_event20_next_0934_close_leg_specific_c10,2025-01,0.0530862641008627
q50_edge25_event20_next_0934_close_leg_specific_c10,2025-02,-0.05105032101968643
q50_edge25_event20_next_0934_close_leg_specific_c10,2025-03,0.19688149594322601
q50_edge25_event20_next_0934_close_leg_specific_c10,2025-04,0.30378058378641903
q50_edge25_event20_next_0934_close_leg_specific_c10,2025-05,-0.03410961329853113
q50_edge25_event20_next_0934_close_leg_specific_c10,2025-06,-0.002694227881106178
q50_edge25_event20_next_0934_close_leg_specific_c10,2025-07,-0.014138075544683049
q50_edge25_event20_next_0934_close_leg_specific_c10,2025-08,-0.021053341064510064
q50_edge25_event20_next_0934_close_leg_specific_c10,2025-09,0.03843432121540058
q50_edge25_event20_next_0934_close_leg_specific_c10,2025-10,0.13005369910754205
q50_edge25_event20_next_0934_close_leg_specific_c10,2025-11,-0.004933167957898879
q50_edge25_event20_next_0934_close_leg_specific_c10,2025-12,-0.0034791387909013354
q50_edge25_event20_next_0934_close_leg_specific_c10,2026-01,0.08208203141993764
q50_edge25_event20_next_0934_close_leg_specific_c10,2026-02,0.07948606142209902
q50_edge25_event20_next_0934_close_leg_specific_c10,2026-03,0.062246250621124766
q50_edge25_event20_next_0934_close_leg_specific_c10,2026-04,-0.3044779621457232
q50_edge25_event20_next_0934_close_leg_specific_c5,2024-11,0.04828219142540746
q50_edge25_event20_next_0934_close_leg_specific_c5,2024-12,-0.0056063637403720445
q50_edge25_event20_next_0934_close_leg_specific_c5,2025-01,0.0540862641008627
q50_edge25_event20_next_0934_close_leg_specific_c5,2025-02,-0.04905032101968643
q50_edge25_event20_next_0934_close_leg_specific_c5,2025-03,0.20488149594322602
q50_edge25_event20_next_0934_close_leg_specific_c5,2025-04,0.31078058378641904
q50_edge25_event20_next_0934_close_leg_specific_c5,2025-05,-0.032109613298531126
q50_edge25_event20_next_0934_close_leg_specific_c5,2025-06,-0.0006942278811061797
q50_edge25_event20_next_0934_close_leg_specific_c5,2025-07,-0.011138075544683046
q50_edge25_event20_next_0934_close_leg_specific_c5,2025-08,-0.018053341064510064
q50_edge25_event20_next_0934_close_leg_specific_c5,2025-09,0.04143432121540058
q50_edge25_event20_next_0934_close_leg_specific_c5,2025-10,0.13305369910754206
q50_edge25_event20_next_0934_close_leg_specific_c5,2025-11,0.004066832042101121
q50_edge25_event20_next_0934_close_leg_specific_c5,2025-12,-0.0024791387909013354
q50_edge25_event20_next_0934_close_leg_specific_c5,2026-01,0.08708203141993764
q50_edge25_event20_next_0934_close_leg_specific_c5,2026-02,0.08848606142209903
q50_edge25_event20_next_0934_close_leg_specific_c5,2026-03,0.06924625062112477
q50_edge25_event20_next_0934_close_leg_specific_c5,2026-04,-0.3004779621457232
q50_edge25_event20_next_open_leg_specific_c10,2024-11,-0.0075994958438518855
q50_edge25_event20_next_open_leg_specific_c10,2024-12,-0.024313797298320727
q50_edge25_event20_next_open_leg_specific_c10,2025-01,0.06070736562707357
q50_edge25_event20_next_open_leg_specific_c10,2025-02,-0.002493939693989474
q50_edge25_event20_next_open_leg_specific_c10,2025-03,0.23053935286453608
q50_edge25_event20_next_open_leg_specific_c10,2025-04,0.2870114906598559
q50_edge25_event20_next_open_leg_specific_c10,2025-05,-0.03374146038551562
q50_edge25_event20_next_open_leg_specific_c10,2025-06,0.009129337847422429
q50_edge25_event20_next_open_leg_specific_c10,2025-07,-0.018808971806712926
q50_edge25_event20_next_open_leg_specific_c10,2025-08,0.01309649996330076
q50_edge25_event20_next_open_leg_specific_c10,2025-09,0.015630142876721046
q50_edge25_event20_next_open_leg_specific_c10,2025-10,0.13639751439757686
q50_edge25_event20_next_open_leg_specific_c10,2025-11,-0.06540376419896021
q50_edge25_event20_next_open_leg_specific_c10,2025-12,-0.010636418927137735
q50_edge25_event20_next_open_leg_specific_c10,2026-01,0.10051552505642625
q50_edge25_event20_next_open_leg_specific_c10,2026-02,0.14519939771771517
q50_edge25_event20_next_open_leg_specific_c10,2026-03,0.053272608700134394
q50_edge25_event20_next_open_leg_specific_c10,2026-04,-0.2494360549834791
q50_edge25_event20_next_open_leg_specific_c5,2024-11,-0.0025994958438518845
q50_edge25_event20_next_open_leg_specific_c5,2024-12,-0.021313797298320725
q50_edge25_event20_next_open_leg_specific_c5,2025-01,0.061707365627073574
q50_edge25_event20_next_open_leg_specific_c5,2025-02,-0.0004939396939894741
q50_edge25_event20_next_open_leg_specific_c5,2025-03,0.2385393528645361
q50_edge25_event20_next_open_leg_specific_c5,2025-04,0.2940114906598559
q50_edge25_event20_next_open_leg_specific_c5,2025-05,-0.03174146038551562
q50_edge25_event20_next_open_leg_specific_c5,2025-06,0.011129337847422427
q50_edge25_event20_next_open_leg_specific_c5,2025-07,-0.015808971806712924
q50_edge25_event20_next_open_leg_specific_c5,2025-08,0.01609649996330076
q50_edge25_event20_next_open_leg_specific_c5,2025-09,0.018630142876721045
q50_edge25_event20_next_open_leg_specific_c5,2025-10,0.13939751439757686
q50_edge25_event20_next_open_leg_specific_c5,2025-11,-0.056403764198960205
q50_edge25_event20_next_open_leg_specific_c5,2025-12,-0.009636418927137735
q50_edge25_event20_next_open_leg_specific_c5,2026-01,0.10551552505642625
q50_edge25_event20_next_open_leg_specific_c5,2026-02,0.15419939771771518
q50_edge25_event20_next_open_leg_specific_c5,2026-03,0.0602726087001344
q50_edge25_event20_next_open_leg_specific_c5,2026-04,-0.2454360549834791
q50_edge25_event40_next_0934_close_leg_specific_c10,2024-11,0.04940246279122018
q50_edge25_event40_next_0934_close_leg_specific_c10,2024-12,-0.008606363740372047
q50_edge25_event40_next_0934_close_leg_specific_c10,2025-01,0.0530862641008627
q50_edge25_event40_next_0934_close_leg_specific_c10,2025-02,-0.054839854845856406
q50_edge25_event40_next_0934_close_leg_specific_c10,2025-03,0.1554263672620535
q50_edge25_event40_next_0934_close_leg_specific_c10,2025-04,0.30378058378641903
q50_edge25_event40_next_0934_close_leg_specific_c10,2025-05,0.06355013773881313
q50_edge25_event40_next_0934_close_leg_specific_c10,2025-06,0.0007253068934279863
q50_edge25_event40_next_0934_close_leg_specific_c10,2025-07,-0.014138075544683049
q50_edge25_event40_next_0934_close_leg_specific_c10,2025-08,-0.021053341064510064
q50_edge25_event40_next_0934_close_leg_specific_c10,2025-09,0.03843432121540058
q50_edge25_event40_next_0934_close_leg_specific_c10,2025-10,0.22856427532927803
q50_edge25_event40_next_0934_close_leg_specific_c10,2025-11,0.03811406934485629
q50_edge25_event40_next_0934_close_leg_specific_c10,2025-12,-0.0034791387909013354
q50_edge25_event40_next_0934_close_leg_specific_c10,2026-01,0.1795940139907437
q50_edge25_event40_next_0934_close_leg_specific_c10,2026-02,0.05566787960391717
q50_edge25_event40_next_0934_close_leg_specific_c10,2026-03,0.062246250621124766
q50_edge25_event40_next_0934_close_leg_specific_c10,2026-04,-0.2462383481617263
q50_edge25_event40_next_0934_close_leg_specific_c5,2024-11,0.05240246279122018
q50_edge25_event40_next_0934_close_leg_specific_c5,2024-12,-0.0056063637403720445
q50_edge25_event40_next_0934_close_leg_specific_c5,2025-01,0.0540862641008627
q50_edge25_event40_next_0934_close_leg_specific_c5,2025-02,-0.0508398548458564
q50_edge25_event40_next_0934_close_leg_specific_c5,2025-03,0.1614263672620535
q50_edge25_event40_next_0934_close_leg_specific_c5,2025-04,0.31078058378641904
q50_edge25_event40_next_0934_close_leg_specific_c5,2025-05,0.06655013773881313
q50_edge25_event40_next_0934_close_leg_specific_c5,2025-06,0.006725306893427985
q50_edge25_event40_next_0934_close_leg_specific_c5,2025-07,-0.011138075544683046
q50_edge25_event40_next_0934_close_leg_specific_c5,2025-08,-0.018053341064510064
q50_edge25_event40_next_0934_close_leg_specific_c5,2025-09,0.04143432121540058
q50_edge25_event40_next_0934_close_leg_specific_c5,2025-10,0.23256427532927804
q50_edge25_event40_next_0934_close_leg_specific_c5,2025-11,0.04611406934485629
q50_edge25_event40_next_0934_close_leg_specific_c5,2025-12,-0.0024791387909013354
q50_edge25_event40_next_0934_close_leg_specific_c5,2026-01,0.1835940139907437
q50_edge25_event40_next_0934_close_leg_specific_c5,2026-02,0.06266787960391718
q50_edge25_event40_next_0934_close_leg_specific_c5,2026-03,0.06924625062112477
q50_edge25_event40_next_0934_close_leg_specific_c5,2026-04,-0.2392383481617263
q50_edge25_event40_next_open_leg_specific_c10,2024-11,0.016851710074267334
q50_edge25_event40_next_open_leg_specific_c10,2024-12,-0.024313797298320727
q50_edge25_event40_next_open_leg_specific_c10,2025-01,0.06070736562707357
q50_edge25_event40_next_open_leg_specific_c10,2025-02,-0.01308019001464422
q50_edge25_event40_next_open_leg_specific_c10,2025-03,0.1435466223812496
q50_edge25_event40_next_open_leg_specific_c10,2025-04,0.2870114906598559
q50_edge25_event40_next_open_leg_specific_c10,2025-05,0.03396808318294908
q50_edge25_event40_next_open_leg_specific_c10,2025-06,0.013861720017643745
q50_edge25_event40_next_open_leg_specific_c10,2025-07,-0.018808971806712926
q50_edge25_event40_next_open_leg_specific_c10,2025-08,0.01309649996330076
q50_edge25_event40_next_open_leg_specific_c10,2025-09,0.015630142876721046
q50_edge25_event40_next_open_leg_specific_c10,2025-10,0.2497877405099036
q50_edge25_event40_next_open_leg_specific_c10,2025-11,-0.032504175178715504
q50_edge25_event40_next_open_leg_specific_c10,2025-12,-0.010636418927137735
q50_edge25_event40_next_open_leg_specific_c10,2026-01,0.20055474074270085
q50_edge25_event40_next_open_leg_specific_c10,2026-02,0.05424990276822028
q50_edge25_event40_next_open_leg_specific_c10,2026-03,0.053272608700134394
q50_edge25_event40_next_open_leg_specific_c10,2026-04,-0.19349026353750953
q50_edge25_event40_next_open_leg_specific_c5,2024-11,0.019851710074267337
q50_edge25_event40_next_open_leg_specific_c5,2024-12,-0.021313797298320725
q50_edge25_event40_next_open_leg_specific_c5,2025-01,0.061707365627073574
q50_edge25_event40_next_open_leg_specific_c5,2025-02,-0.009080190014644218
q50_edge25_event40_next_open_leg_specific_c5,2025-03,0.1495466223812496
q50_edge25_event40_next_open_leg_specific_c5,2025-04,0.2940114906598559
q50_edge25_event40_next_open_leg_specific_c5,2025-05,0.036968083182949085
q50_edge25_event40_next_open_leg_specific_c5,2025-06,0.019861720017643747
q50_edge25_event40_next_open_leg_specific_c5,2025-07,-0.015808971806712924
q50_edge25_event40_next_open_leg_specific_c5,2025-08,0.01609649996330076
q50_edge25_event40_next_open_leg_specific_c5,2025-09,0.018630142876721045
q50_edge25_event40_next_open_leg_specific_c5,2025-10,0.2537877405099036
q50_edge25_event40_next_open_leg_specific_c5,2025-11,-0.024504175178715504
q50_edge25_event40_next_open_leg_specific_c5,2025-12,-0.009636418927137735
q50_edge25_event40_next_open_leg_specific_c5,2026-01,0.20455474074270086
q50_edge25_event40_next_open_leg_specific_c5,2026-02,0.06124990276822029
q50_edge25_event40_next_open_leg_specific_c5,2026-03,0.0602726087001344
q50_edge25_event40_next_open_leg_specific_c5,2026-04,-0.18649026353750953
q50_edge33_always_next_0934_close_leg_specific_c10,2024-11,0.04328219142540746
q50_edge33_always_next_0934_close_leg_specific_c10,2024-12,-0.03526477778911896
q50_edge33_always_next_0934_close_leg_specific_c10,2025-01,-0.011240000374872714
q50_edge33_always_next_0934_close_leg_specific_c10,2025-02,-0.18675050046932606
q50_edge33_always_next_0934_close_leg_specific_c10,2025-03,0.34067764705900105
q50_edge33_always_next_0934_close_leg_specific_c10,2025-04,0.08626413647770947
q50_edge33_always_next_0934_close_leg_specific_c10,2025-05,0.16659216345026906
q50_edge33_always_next_0934_close_leg_specific_c10,2025-06,-0.014636531695561665
q50_edge33_always_next_0934_close_leg_specific_c10,2025-07,0.0010538446644875465
q50_edge33_always_next_0934_close_leg_specific_c10,2025-08,-0.003100728754032663
q50_edge33_always_next_0934_close_leg_specific_c10,2025-09,-0.08281345381266991
q50_edge33_always_next_0934_close_leg_specific_c10,2025-10,0.23799192923375667
q50_edge33_always_next_0934_close_leg_specific_c10,2025-11,0.13434599334124997
q50_edge33_always_next_0934_close_leg_specific_c10,2025-12,0.040659500962059614
q50_edge33_always_next_0934_close_leg_specific_c10,2026-01,0.1374783313225666
q50_edge33_always_next_0934_close_leg_specific_c10,2026-02,0.18358228054392256
q50_edge33_always_next_0934_close_leg_specific_c10,2026-03,0.042461337780598574
q50_edge33_always_next_0934_close_leg_specific_c10,2026-04,-0.27706821630556766
q50_edge33_always_next_0934_close_leg_specific_c5,2024-11,0.04828219142540746
q50_edge33_always_next_0934_close_leg_specific_c5,2024-12,-0.030264777789118957
q50_edge33_always_next_0934_close_leg_specific_c5,2025-01,-0.006240000374872712
q50_edge33_always_next_0934_close_leg_specific_c5,2025-02,-0.17475050046932605
q50_edge33_always_next_0934_close_leg_specific_c5,2025-03,0.35067764705900106
q50_edge33_always_next_0934_close_leg_specific_c5,2025-04,0.09526413647770948
q50_edge33_always_next_0934_close_leg_specific_c5,2025-05,0.17159216345026906
q50_edge33_always_next_0934_close_leg_specific_c5,2025-06,-0.007636531695561666
q50_edge33_always_next_0934_close_leg_specific_c5,2025-07,0.008053844664487553
q50_edge33_always_next_0934_close_leg_specific_c5,2025-08,0.0028992712459673387
q50_edge33_always_next_0934_close_leg_specific_c5,2025-09,-0.0728134538126699
q50_edge33_always_next_0934_close_leg_specific_c5,2025-10,0.24899192923375668
q50_edge33_always_next_0934_close_leg_specific_c5,2025-11,0.14734599334124998
q50_edge33_always_next_0934_close_leg_specific_c5,2025-12,0.04765950096205962
q50_edge33_always_next_0934_close_leg_specific_c5,2026-01,0.1444783313225666
q50_edge33_always_next_0934_close_leg_specific_c5,2026-02,0.19558228054392257
q50_edge33_always_next_0934_close_leg_specific_c5,2026-03,0.054461337780598584
q50_edge33_always_next_0934_close_leg_specific_c5,2026-04,-0.26706821630556765
q50_edge33_always_next_open_leg_specific_c10,2024-11,-0.0075994958438518855
q50_edge33_always_next_open_leg_specific_c10,2024-12,-0.0703011932491967
q50_edge33_always_next_open_leg_specific_c10,2025-01,-0.039284183780072035
q50_edge33_always_next_open_leg_specific_c10,2025-02,-0.1650157423275913
q50_edge33_always_next_open_leg_specific_c10,2025-03,0.345729285127403
q50_edge33_always_next_open_leg_specific_c10,2025-04,0.07804753019947841
q50_edge33_always_next_open_leg_specific_c10,2025-05,0.13825371231715156
q50_edge33_always_next_open_leg_specific_c10,2025-06,-0.01539643070389551
q50_edge33_always_next_open_leg_specific_c10,2025-07,-0.011363526452266237
q50_edge33_always_next_open_leg_specific_c10,2025-08,0.01997450255782108
q50_edge33_always_next_open_leg_specific_c10,2025-09,-0.0638445383766093
q50_edge33_always_next_open_leg_specific_c10,2025-10,0.2723455945247072
q50_edge33_always_next_open_leg_specific_c10,2025-11,0.07886216039316674
q50_edge33_always_next_open_leg_specific_c10,2025-12,0.0026974577790257505
q50_edge33_always_next_open_leg_specific_c10,2026-01,0.18007425418477596
q50_edge33_always_next_open_leg_specific_c10,2026-02,0.25693652868895656
q50_edge33_always_next_open_leg_specific_c10,2026-03,0.0376522381323271
q50_edge33_always_next_open_leg_specific_c10,2026-04,-0.18111053668194688
q50_edge33_always_next_open_leg_specific_c5,2024-11,-0.0025994958438518845
q50_edge33_always_next_open_leg_specific_c5,2024-12,-0.0653011932491967
q50_edge33_always_next_open_leg_specific_c5,2025-01,-0.03428418378007203
q50_edge33_always_next_open_leg_specific_c5,2025-02,-0.1530157423275913
q50_edge33_always_next_open_leg_specific_c5,2025-03,0.355729285127403
q50_edge33_always_next_open_leg_specific_c5,2025-04,0.08704753019947842
q50_edge33_always_next_open_leg_specific_c5,2025-05,0.14325371231715156
q50_edge33_always_next_open_leg_specific_c5,2025-06,-0.008396430703895508
q50_edge33_always_next_open_leg_specific_c5,2025-07,-0.004363526452266231
q50_edge33_always_next_open_leg_specific_c5,2025-08,0.025974502557821078
q50_edge33_always_next_open_leg_specific_c5,2025-09,-0.0538445383766093
q50_edge33_always_next_open_leg_specific_c5,2025-10,0.2833455945247072
q50_edge33_always_next_open_leg_specific_c5,2025-11,0.09186216039316675
q50_edge33_always_next_open_leg_specific_c5,2025-12,0.009697457779025753
q50_edge33_always_next_open_leg_specific_c5,2026-01,0.18707425418477597
q50_edge33_always_next_open_leg_specific_c5,2026-02,0.26893652868895657
q50_edge33_always_next_open_leg_specific_c5,2026-03,0.04965223813232711
q50_edge33_always_next_open_leg_specific_c5,2026-04,-0.17111053668194687
q50_edge33_event10_next_0934_close_leg_specific_c10,2024-11,0.04940246279122018
q50_edge33_event10_next_0934_close_leg_specific_c10,2024-12,0.0323930974128972
q50_edge33_event10_next_0934_close_leg_specific_c10,2025-01,0.0
q50_edge33_event10_next_0934_close_leg_specific_c10,2025-02,-0.10231576895148053
q50_edge33_event10_next_0934_close_leg_specific_c10,2025-03,0.14691052109025382
q50_edge33_event10_next_0934_close_leg_specific_c10,2025-04,0.08626413647770947
q50_edge33_event10_next_0934_close_leg_specific_c10,2025-05,0.0
q50_edge33_event10_next_0934_close_leg_specific_c10,2025-06,-0.041861033156952214
q50_edge33_event10_next_0934_close_leg_specific_c10,2025-07,-0.09326131911801128
q50_edge33_event10_next_0934_close_leg_specific_c10,2025-08,-0.021053341064510064
q50_edge33_event10_next_0934_close_leg_specific_c10,2025-09,0.030858000843955402
q50_edge33_event10_next_0934_close_leg_specific_c10,2025-10,0.13323947654081114
q50_edge33_event10_next_0934_close_leg_specific_c10,2025-11,0.03056114615035877
q50_edge33_event10_next_0934_close_leg_specific_c10,2025-12,0.0661852146290991
q50_edge33_event10_next_0934_close_leg_specific_c10,2026-01,0.1795940139907437
q50_edge33_event10_next_0934_close_leg_specific_c10,2026-02,0.14001266029075798
q50_edge33_event10_next_0934_close_leg_specific_c10,2026-03,-0.06959970504927948
q50_edge33_event10_next_0934_close_leg_specific_c10,2026-04,-0.1535672361313296
q50_edge33_event10_next_0934_close_leg_specific_c5,2024-11,0.05240246279122018
q50_edge33_event10_next_0934_close_leg_specific_c5,2024-12,0.0343930974128972
q50_edge33_event10_next_0934_close_leg_specific_c5,2025-01,0.0
q50_edge33_event10_next_0934_close_leg_specific_c5,2025-02,-0.09831576895148053
q50_edge33_event10_next_0934_close_leg_specific_c5,2025-03,0.15391052109025383
q50_edge33_event10_next_0934_close_leg_specific_c5,2025-04,0.09526413647770948
q50_edge33_event10_next_0934_close_leg_specific_c5,2025-05,0.0
q50_edge33_event10_next_0934_close_leg_specific_c5,2025-06,-0.03786103315695222
q50_edge33_event10_next_0934_close_leg_specific_c5,2025-07,-0.08926131911801127
q50_edge33_event10_next_0934_close_leg_specific_c5,2025-08,-0.018053341064510064
q50_edge33_event10_next_0934_close_leg_specific_c5,2025-09,0.032858000843955404
q50_edge33_event10_next_0934_close_leg_specific_c5,2025-10,0.13623947654081114
q50_edge33_event10_next_0934_close_leg_specific_c5,2025-11,0.03756114615035877
q50_edge33_event10_next_0934_close_leg_specific_c5,2025-12,0.0711852146290991
q50_edge33_event10_next_0934_close_leg_specific_c5,2026-01,0.1835940139907437
q50_edge33_event10_next_0934_close_leg_specific_c5,2026-02,0.151012660290758
q50_edge33_event10_next_0934_close_leg_specific_c5,2026-03,-0.06359970504927948
q50_edge33_event10_next_0934_close_leg_specific_c5,2026-04,-0.1495672361313296
q50_edge33_event10_next_open_leg_specific_c10,2024-11,0.016851710074267334
q50_edge33_event10_next_open_leg_specific_c10,2024-12,0.0012410123377689652
q50_edge33_event10_next_open_leg_specific_c10,2025-01,0.0
q50_edge33_event10_next_open_leg_specific_c10,2025-02,-0.0944492046012615
q50_edge33_event10_next_open_leg_specific_c10,2025-03,0.15229784683864134
q50_edge33_event10_next_open_leg_specific_c10,2025-04,0.07804753019947841
q50_edge33_event10_next_open_leg_specific_c10,2025-05,0.0
q50_edge33_event10_next_open_leg_specific_c10,2025-06,-0.04090531196557656
q50_edge33_event10_next_open_leg_specific_c10,2025-07,-0.07359032560193812
q50_edge33_event10_next_open_leg_specific_c10,2025-08,0.01309649996330076
q50_edge33_event10_next_open_leg_specific_c10,2025-09,0.010665546242942693
q50_edge33_event10_next_open_leg_specific_c10,2025-10,0.14224656045641315
q50_edge33_event10_next_open_leg_specific_c10,2025-11,-0.04056658761025289
q50_edge33_event10_next_open_leg_specific_c10,2025-12,0.029864419175443028
q50_edge33_event10_next_open_leg_specific_c10,2026-01,0.20055474074270085
q50_edge33_event10_next_open_leg_specific_c10,2026-02,0.23108842742313385
q50_edge33_event10_next_open_leg_specific_c10,2026-03,-0.018681522644256265
q50_edge33_event10_next_open_leg_specific_c10,2026-04,-0.10777521012976421
q50_edge33_event10_next_open_leg_specific_c5,2024-11,0.019851710074267337
q50_edge33_event10_next_open_leg_specific_c5,2024-12,0.003241012337768967
q50_edge33_event10_next_open_leg_specific_c5,2025-01,0.0
q50_edge33_event10_next_open_leg_specific_c5,2025-02,-0.09044920460126149
q50_edge33_event10_next_open_leg_specific_c5,2025-03,0.15929784683864134
q50_edge33_event10_next_open_leg_specific_c5,2025-04,0.08704753019947842
q50_edge33_event10_next_open_leg_specific_c5,2025-05,0.0
q50_edge33_event10_next_open_leg_specific_c5,2025-06,-0.03690531196557656
q50_edge33_event10_next_open_leg_specific_c5,2025-07,-0.06959032560193812
q50_edge33_event10_next_open_leg_specific_c5,2025-08,0.01609649996330076
q50_edge33_event10_next_open_leg_specific_c5,2025-09,0.012665546242942693
q50_edge33_event10_next_open_leg_specific_c5,2025-10,0.14524656045641315
q50_edge33_event10_next_open_leg_specific_c5,2025-11,-0.033566587610252885
q50_edge33_event10_next_open_leg_specific_c5,2025-12,0.03486441917544303
q50_edge33_event10_next_open_leg_specific_c5,2026-01,0.20455474074270086
q50_edge33_event10_next_open_leg_specific_c5,2026-02,0.24208842742313386
q50_edge33_event10_next_open_leg_specific_c5,2026-03,-0.01268152264425626
q50_edge33_event10_next_open_leg_specific_c5,2026-04,-0.1037752101297642
q50_edge33_event20_next_0934_close_leg_specific_c10,2024-11,0.04328219142540746
q50_edge33_event20_next_0934_close_leg_specific_c10,2024-12,-0.008606363740372047
q50_edge33_event20_next_0934_close_leg_specific_c10,2025-01,0.0530862641008627
q50_edge33_event20_next_0934_close_leg_specific_c10,2025-02,-0.0616440710196865
q50_edge33_event20_next_0934_close_leg_specific_c10,2025-03,0.22837597108134744
q50_edge33_event20_next_0934_close_leg_specific_c10,2025-04,0.231517095706118
q50_edge33_event20_next_0934_close_leg_specific_c10,2025-05,-0.03410961329853113
q50_edge33_event20_next_0934_close_leg_specific_c10,2025-06,-0.018056066470095826
q50_edge33_event20_next_0934_close_leg_specific_c10,2025-07,-0.033770058272353354
q50_edge33_event20_next_0934_close_leg_specific_c10,2025-08,-0.021053341064510064
q50_edge33_event20_next_0934_close_leg_specific_c10,2025-09,0.03843432121540058
q50_edge33_event20_next_0934_close_leg_specific_c10,2025-10,0.15890746073053452
q50_edge33_event20_next_0934_close_leg_specific_c10,2025-11,-0.004933167957898879
q50_edge33_event20_next_0934_close_leg_specific_c10,2025-12,-0.0034791387909013354
q50_edge33_event20_next_0934_close_leg_specific_c10,2026-01,0.08208203141993764
q50_edge33_event20_next_0934_close_leg_specific_c10,2026-02,0.07948606142209902
q50_edge33_event20_next_0934_close_leg_specific_c10,2026-03,0.042461337780598574
q50_edge33_event20_next_0934_close_leg_specific_c10,2026-04,-0.3044779621457232
q50_edge33_event20_next_0934_close_leg_specific_c5,2024-11,0.04828219142540746
q50_edge33_event20_next_0934_close_leg_specific_c5,2024-12,-0.0056063637403720445
q50_edge33_event20_next_0934_close_leg_specific_c5,2025-01,0.0540862641008627
q50_edge33_event20_next_0934_close_leg_specific_c5,2025-02,-0.058644071019686494
q50_edge33_event20_next_0934_close_leg_specific_c5,2025-03,0.23737597108134745
q50_edge33_event20_next_0934_close_leg_specific_c5,2025-04,0.239517095706118
q50_edge33_event20_next_0934_close_leg_specific_c5,2025-05,-0.032109613298531126
q50_edge33_event20_next_0934_close_leg_specific_c5,2025-06,-0.01505606647009583
q50_edge33_event20_next_0934_close_leg_specific_c5,2025-07,-0.02777005827235335
q50_edge33_event20_next_0934_close_leg_specific_c5,2025-08,-0.018053341064510064
q50_edge33_event20_next_0934_close_leg_specific_c5,2025-09,0.04143432121540058
q50_edge33_event20_next_0934_close_leg_specific_c5,2025-10,0.16290746073053453
q50_edge33_event20_next_0934_close_leg_specific_c5,2025-11,0.004066832042101121
q50_edge33_event20_next_0934_close_leg_specific_c5,2025-12,-0.0024791387909013354
q50_edge33_event20_next_0934_close_leg_specific_c5,2026-01,0.08708203141993764
q50_edge33_event20_next_0934_close_leg_specific_c5,2026-02,0.08848606142209903
q50_edge33_event20_next_0934_close_leg_specific_c5,2026-03,0.054461337780598584
q50_edge33_event20_next_0934_close_leg_specific_c5,2026-04,-0.3004779621457232
q50_edge33_event20_next_open_leg_specific_c10,2024-11,-0.0075994958438518855
q50_edge33_event20_next_open_leg_specific_c10,2024-12,-0.024313797298320727
q50_edge33_event20_next_open_leg_specific_c10,2025-01,0.06070736562707357
q50_edge33_event20_next_open_leg_specific_c10,2025-02,-0.014650189693989563
q50_edge33_event20_next_open_leg_specific_c10,2025-03,0.24373272303028193
q50_edge33_event20_next_open_leg_specific_c10,2025-04,0.1988550707518676
q50_edge33_event20_next_open_leg_specific_c10,2025-05,-0.03374146038551562
q50_edge33_event20_next_open_leg_specific_c10,2025-06,-0.020128812874116827
q50_edge33_event20_next_open_leg_specific_c10,2025-07,-0.04406133799552503
q50_edge33_event20_next_open_leg_specific_c10,2025-08,0.01309649996330076
q50_edge33_event20_next_open_leg_specific_c10,2025-09,0.015630142876721046
q50_edge33_event20_next_open_leg_specific_c10,2025-10,0.16503994888616536
q50_edge33_event20_next_open_leg_specific_c10,2025-11,-0.06540376419896021
q50_edge33_event20_next_open_leg_specific_c10,2025-12,-0.010636418927137735
q50_edge33_event20_next_open_leg_specific_c10,2026-01,0.10051552505642625
q50_edge33_event20_next_open_leg_specific_c10,2026-02,0.14519939771771517
q50_edge33_event20_next_open_leg_specific_c10,2026-03,0.0376522381323271
q50_edge33_event20_next_open_leg_specific_c10,2026-04,-0.2494360549834791
q50_edge33_event20_next_open_leg_specific_c5,2024-11,-0.0025994958438518845
q50_edge33_event20_next_open_leg_specific_c5,2024-12,-0.021313797298320725
q50_edge33_event20_next_open_leg_specific_c5,2025-01,0.061707365627073574
q50_edge33_event20_next_open_leg_specific_c5,2025-02,-0.011650189693989564
q50_edge33_event20_next_open_leg_specific_c5,2025-03,0.25273272303028194
q50_edge33_event20_next_open_leg_specific_c5,2025-04,0.2068550707518676
q50_edge33_event20_next_open_leg_specific_c5,2025-05,-0.03174146038551562
q50_edge33_event20_next_open_leg_specific_c5,2025-06,-0.017128812874116828
q50_edge33_event20_next_open_leg_specific_c5,2025-07,-0.038061337995525024
q50_edge33_event20_next_open_leg_specific_c5,2025-08,0.01609649996330076
q50_edge33_event20_next_open_leg_specific_c5,2025-09,0.018630142876721045
q50_edge33_event20_next_open_leg_specific_c5,2025-10,0.16903994888616536
q50_edge33_event20_next_open_leg_specific_c5,2025-11,-0.056403764198960205
q50_edge33_event20_next_open_leg_specific_c5,2025-12,-0.009636418927137735
q50_edge33_event20_next_open_leg_specific_c5,2026-01,0.10551552505642625
q50_edge33_event20_next_open_leg_specific_c5,2026-02,0.15419939771771518
q50_edge33_event20_next_open_leg_specific_c5,2026-03,0.04965223813232711
q50_edge33_event20_next_open_leg_specific_c5,2026-04,-0.2454360549834791
q50_edge33_event40_next_0934_close_leg_specific_c10,2024-11,0.04940246279122018
q50_edge33_event40_next_0934_close_leg_specific_c10,2024-12,-0.008606363740372047
q50_edge33_event40_next_0934_close_leg_specific_c10,2025-01,0.0530862641008627
q50_edge33_event40_next_0934_close_leg_specific_c10,2025-02,-0.06543360484585647
q50_edge33_event40_next_0934_close_leg_specific_c10,2025-03,0.18692084240017492
q50_edge33_event40_next_0934_close_leg_specific_c10,2025-04,0.08626413647770947
q50_edge33_event40_next_0934_close_leg_specific_c10,2025-05,0.06355013773881313
q50_edge33_event40_next_0934_close_leg_specific_c10,2025-06,-0.014636531695561665
q50_edge33_event40_next_0934_close_leg_specific_c10,2025-07,-0.033770058272353354
q50_edge33_event40_next_0934_close_leg_specific_c10,2025-08,-0.021053341064510064
q50_edge33_event40_next_0934_close_leg_specific_c10,2025-09,0.03843432121540058
q50_edge33_event40_next_0934_close_leg_specific_c10,2025-10,0.2574180369522705
q50_edge33_event40_next_0934_close_leg_specific_c10,2025-11,0.03811406934485629
q50_edge33_event40_next_0934_close_leg_specific_c10,2025-12,-0.0034791387909013354
q50_edge33_event40_next_0934_close_leg_specific_c10,2026-01,0.1795940139907437
q50_edge33_event40_next_0934_close_leg_specific_c10,2026-02,0.05566787960391717
q50_edge33_event40_next_0934_close_leg_specific_c10,2026-03,0.042461337780598574
q50_edge33_event40_next_0934_close_leg_specific_c10,2026-04,-0.2462383481617263
q50_edge33_event40_next_0934_close_leg_specific_c5,2024-11,0.05240246279122018
q50_edge33_event40_next_0934_close_leg_specific_c5,2024-12,-0.0056063637403720445
q50_edge33_event40_next_0934_close_leg_specific_c5,2025-01,0.0540862641008627
q50_edge33_event40_next_0934_close_leg_specific_c5,2025-02,-0.06043360484585647
q50_edge33_event40_next_0934_close_leg_specific_c5,2025-03,0.19392084240017493
q50_edge33_event40_next_0934_close_leg_specific_c5,2025-04,0.09526413647770948
q50_edge33_event40_next_0934_close_leg_specific_c5,2025-05,0.06655013773881313
q50_edge33_event40_next_0934_close_leg_specific_c5,2025-06,-0.007636531695561666
q50_edge33_event40_next_0934_close_leg_specific_c5,2025-07,-0.02777005827235335
q50_edge33_event40_next_0934_close_leg_specific_c5,2025-08,-0.018053341064510064
q50_edge33_event40_next_0934_close_leg_specific_c5,2025-09,0.04143432121540058
q50_edge33_event40_next_0934_close_leg_specific_c5,2025-10,0.2624180369522705
q50_edge33_event40_next_0934_close_leg_specific_c5,2025-11,0.04611406934485629
q50_edge33_event40_next_0934_close_leg_specific_c5,2025-12,-0.0024791387909013354
q50_edge33_event40_next_0934_close_leg_specific_c5,2026-01,0.1835940139907437
q50_edge33_event40_next_0934_close_leg_specific_c5,2026-02,0.06266787960391718
q50_edge33_event40_next_0934_close_leg_specific_c5,2026-03,0.054461337780598584
q50_edge33_event40_next_0934_close_leg_specific_c5,2026-04,-0.2392383481617263
q50_edge33_event40_next_open_leg_specific_c10,2024-11,0.016851710074267334
q50_edge33_event40_next_open_leg_specific_c10,2024-12,-0.024313797298320727
q50_edge33_event40_next_open_leg_specific_c10,2025-01,0.06070736562707357
q50_edge33_event40_next_open_leg_specific_c10,2025-02,-0.025236440014644312
q50_edge33_event40_next_open_leg_specific_c10,2025-03,0.15673999254699544
q50_edge33_event40_next_open_leg_specific_c10,2025-04,0.07804753019947841
q50_edge33_event40_next_open_leg_specific_c10,2025-05,0.03396808318294908
q50_edge33_event40_next_open_leg_specific_c10,2025-06,-0.01539643070389551
q50_edge33_event40_next_open_leg_specific_c10,2025-07,-0.04406133799552503
q50_edge33_event40_next_open_leg_specific_c10,2025-08,0.01309649996330076
q50_edge33_event40_next_open_leg_specific_c10,2025-09,0.015630142876721046
q50_edge33_event40_next_open_leg_specific_c10,2025-10,0.2784301749984921
q50_edge33_event40_next_open_leg_specific_c10,2025-11,-0.032504175178715504
q50_edge33_event40_next_open_leg_specific_c10,2025-12,-0.010636418927137735
q50_edge33_event40_next_open_leg_specific_c10,2026-01,0.20055474074270085
q50_edge33_event40_next_open_leg_specific_c10,2026-02,0.05424990276822028
q50_edge33_event40_next_open_leg_specific_c10,2026-03,0.0376522381323271
q50_edge33_event40_next_open_leg_specific_c10,2026-04,-0.19349026353750953
q50_edge33_event40_next_open_leg_specific_c5,2024-11,0.019851710074267337
q50_edge33_event40_next_open_leg_specific_c5,2024-12,-0.021313797298320725
q50_edge33_event40_next_open_leg_specific_c5,2025-01,0.061707365627073574
q50_edge33_event40_next_open_leg_specific_c5,2025-02,-0.020236440014644308
q50_edge33_event40_next_open_leg_specific_c5,2025-03,0.16373999254699545
q50_edge33_event40_next_open_leg_specific_c5,2025-04,0.08704753019947842
q50_edge33_event40_next_open_leg_specific_c5,2025-05,0.036968083182949085
q50_edge33_event40_next_open_leg_specific_c5,2025-06,-0.008396430703895508
q50_edge33_event40_next_open_leg_specific_c5,2025-07,-0.038061337995525024
q50_edge33_event40_next_open_leg_specific_c5,2025-08,0.01609649996330076
q50_edge33_event40_next_open_leg_specific_c5,2025-09,0.018630142876721045
q50_edge33_event40_next_open_leg_specific_c5,2025-10,0.2834301749984921
q50_edge33_event40_next_open_leg_specific_c5,2025-11,-0.024504175178715504
q50_edge33_event40_next_open_leg_specific_c5,2025-12,-0.009636418927137735
q50_edge33_event40_next_open_leg_specific_c5,2026-01,0.20455474074270086
q50_edge33_event40_next_open_leg_specific_c5,2026-02,0.06124990276822029
q50_edge33_event40_next_open_leg_specific_c5,2026-03,0.04965223813232711
q50_edge33_event40_next_open_leg_specific_c5,2026-04,-0.18649026353750953
q60_edge20_always_next_0934_close_leg_specific_c10,2024-11,0.04328219142540746
q60_edge20_always_next_0934_close_leg_specific_c10,2024-12,0.005734683364150285
q60_edge20_always_next_0934_close_leg_specific_c10,2025-01,0.011407851219044418
q60_edge20_always_next_0934_close_leg_specific_c10,2025-02,-0.07384098151784546
q60_edge20_always_next_0934_close_leg_specific_c10,2025-03,0.32513245744930086
q60_edge20_always_next_0934_close_leg_specific_c10,2025-04,0.30378058378641903
q60_edge20_always_next_0934_close_leg_specific_c10,2025-05,0.0632186679723199
q60_edge20_always_next_0934_close_leg_specific_c10,2025-06,0.024484617068327053
q60_edge20_always_next_0934_close_leg_specific_c10,2025-07,-0.023528308367114392
q60_edge20_always_next_0934_close_leg_specific_c10,2025-08,-0.003100728754032663
q60_edge20_always_next_0934_close_leg_specific_c10,2025-09,0.027768792517489985
q60_edge20_always_next_0934_close_leg_specific_c10,2025-10,0.16889872747079915
q60_edge20_always_next_0934_close_leg_specific_c10,2025-11,0.08757738387224234
q60_edge20_always_next_0934_close_leg_specific_c10,2025-12,-0.008437718672557711
q60_edge20_always_next_0934_close_leg_specific_c10,2026-01,-0.015238295360421428
q60_edge20_always_next_0934_close_leg_specific_c10,2026-02,0.1701917219805381
q60_edge20_always_next_0934_close_leg_specific_c10,2026-03,0.06026064348327098
q60_edge20_always_next_0934_close_leg_specific_c10,2026-04,-0.27706821630556766
q60_edge20_always_next_0934_close_leg_specific_c5,2024-11,0.04828219142540746
q60_edge20_always_next_0934_close_leg_specific_c5,2024-12,0.009734683364150287
q60_edge20_always_next_0934_close_leg_specific_c5,2025-01,0.01440785121904442
q60_edge20_always_next_0934_close_leg_specific_c5,2025-02,-0.06684098151784545
q60_edge20_always_next_0934_close_leg_specific_c5,2025-03,0.33013245744930086
q60_edge20_always_next_0934_close_leg_specific_c5,2025-04,0.31078058378641904
q60_edge20_always_next_0934_close_leg_specific_c5,2025-05,0.0652186679723199
q60_edge20_always_next_0934_close_leg_specific_c5,2025-06,0.026484617068327054
q60_edge20_always_next_0934_close_leg_specific_c5,2025-07,-0.02052830836711439
q60_edge20_always_next_0934_close_leg_specific_c5,2025-08,0.0028992712459673387
q60_edge20_always_next_0934_close_leg_specific_c5,2025-09,0.03376879251748999
q60_edge20_always_next_0934_close_leg_specific_c5,2025-10,0.17789872747079916
q60_edge20_always_next_0934_close_leg_specific_c5,2025-11,0.09757738387224235
q60_edge20_always_next_0934_close_leg_specific_c5,2025-12,-0.006437718672557711
q60_edge20_always_next_0934_close_leg_specific_c5,2026-01,-0.011238295360421424
q60_edge20_always_next_0934_close_leg_specific_c5,2026-02,0.17919172198053812
q60_edge20_always_next_0934_close_leg_specific_c5,2026-03,0.06426064348327098
q60_edge20_always_next_0934_close_leg_specific_c5,2026-04,-0.26706821630556765
q60_edge20_always_next_open_leg_specific_c10,2024-11,-0.0075994958438518855
q60_edge20_always_next_open_leg_specific_c10,2024-12,-0.04474638361310701
q60_edge20_always_next_open_leg_specific_c10,2025-01,7.962124894078833e-05
q60_edge20_always_next_open_leg_specific_c10,2025-02,-0.05841028772632972
q60_edge20_always_next_open_leg_specific_c10,2025-03,0.3014175478289598
q60_edge20_always_next_open_leg_specific_c10,2025-04,0.2870114906598559
q60_edge20_always_next_open_leg_specific_c10,2025-05,0.08872258999264493
q60_edge20_always_next_open_leg_specific_c10,2025-06,0.00806589650077738
q60_edge20_always_next_open_leg_specific_c10,2025-07,-0.012802552845679549
q60_edge20_always_next_open_leg_specific_c10,2025-08,0.01997450255782108
q60_edge20_always_next_open_leg_specific_c10,2025-09,0.019081176806281637
q60_edge20_always_next_open_leg_specific_c10,2025-10,0.20971215778668084
q60_edge20_always_next_open_leg_specific_c10,2025-11,0.054437148435053095
q60_edge20_always_next_open_leg_specific_c10,2025-12,-0.02447073845376468
q60_edge20_always_next_open_leg_specific_c10,2026-01,0.031236767954121003
q60_edge20_always_next_open_leg_specific_c10,2026-02,0.24956117905509445
q60_edge20_always_next_open_leg_specific_c10,2026-03,0.05167985859522395
q60_edge20_always_next_open_leg_specific_c10,2026-04,-0.18111053668194688
q60_edge20_always_next_open_leg_specific_c5,2024-11,-0.0025994958438518845
q60_edge20_always_next_open_leg_specific_c5,2024-12,-0.04074638361310701
q60_edge20_always_next_open_leg_specific_c5,2025-01,0.00307962124894079
q60_edge20_always_next_open_leg_specific_c5,2025-02,-0.05141028772632972
q60_edge20_always_next_open_leg_specific_c5,2025-03,0.3064175478289598
q60_edge20_always_next_open_leg_specific_c5,2025-04,0.2940114906598559
q60_edge20_always_next_open_leg_specific_c5,2025-05,0.09072258999264493
q60_edge20_always_next_open_leg_specific_c5,2025-06,0.010065896500777383
q60_edge20_always_next_open_leg_specific_c5,2025-07,-0.009802552845679546
q60_edge20_always_next_open_leg_specific_c5,2025-08,0.025974502557821078
q60_edge20_always_next_open_leg_specific_c5,2025-09,0.025081176806281635
q60_edge20_always_next_open_leg_specific_c5,2025-10,0.21871215778668085
q60_edge20_always_next_open_leg_specific_c5,2025-11,0.0644371484350531
q60_edge20_always_next_open_leg_specific_c5,2025-12,-0.022470738453764683
q60_edge20_always_next_open_leg_specific_c5,2026-01,0.03523676795412101
q60_edge20_always_next_open_leg_specific_c5,2026-02,0.25856117905509446
q60_edge20_always_next_open_leg_specific_c5,2026-03,0.05567985859522395
q60_edge20_always_next_open_leg_specific_c5,2026-04,-0.17111053668194687
q60_edge20_event10_next_0934_close_leg_specific_c10,2024-11,0.04940246279122018
q60_edge20_event10_next_0934_close_leg_specific_c10,2024-12,0.0323930974128972
q60_edge20_event10_next_0934_close_leg_specific_c10,2025-01,0.0
q60_edge20_event10_next_0934_close_leg_specific_c10,2025-02,0.0
q60_edge20_event10_next_0934_close_leg_specific_c10,2025-03,0.13136533148055363
q60_edge20_event10_next_0934_close_leg_specific_c10,2025-04,0.30378058378641903
q60_edge20_event10_next_0934_close_leg_specific_c10,2025-05,0.0
q60_edge20_event10_next_0934_close_leg_specific_c10,2025-06,0.0
q60_edge20_event10_next_0934_close_leg_specific_c10,2025-07,-0.05835221130395529
q60_edge20_event10_next_0934_close_leg_specific_c10,2025-08,-0.021053341064510064
q60_edge20_event10_next_0934_close_leg_specific_c10,2025-09,0.030858000843955402
q60_edge20_event10_next_0934_close_leg_specific_c10,2025-10,0.06414627477785362
q60_edge20_event10_next_0934_close_leg_specific_c10,2025-11,0.028561146150358763
q60_edge20_event10_next_0934_close_leg_specific_c10,2025-12,-0.008437718672557711
q60_edge20_event10_next_0934_close_leg_specific_c10,2026-01,0.05863266156935887
q60_edge20_event10_next_0934_close_leg_specific_c10,2026-02,0.12662210172737354
q60_edge20_event10_next_0934_close_leg_specific_c10,2026-03,0.03771178106607509
q60_edge20_event10_next_0934_close_leg_specific_c10,2026-04,-0.1535672361313296
q60_edge20_event10_next_0934_close_leg_specific_c5,2024-11,0.05240246279122018
q60_edge20_event10_next_0934_close_leg_specific_c5,2024-12,0.0343930974128972
q60_edge20_event10_next_0934_close_leg_specific_c5,2025-01,0.0
q60_edge20_event10_next_0934_close_leg_specific_c5,2025-02,0.0
q60_edge20_event10_next_0934_close_leg_specific_c5,2025-03,0.13336533148055363
q60_edge20_event10_next_0934_close_leg_specific_c5,2025-04,0.31078058378641904
q60_edge20_event10_next_0934_close_leg_specific_c5,2025-05,0.0
q60_edge20_event10_next_0934_close_leg_specific_c5,2025-06,0.0
q60_edge20_event10_next_0934_close_leg_specific_c5,2025-07,-0.05635221130395529
q60_edge20_event10_next_0934_close_leg_specific_c5,2025-08,-0.018053341064510064
q60_edge20_event10_next_0934_close_leg_specific_c5,2025-09,0.032858000843955404
q60_edge20_event10_next_0934_close_leg_specific_c5,2025-10,0.06514627477785362
q60_edge20_event10_next_0934_close_leg_specific_c5,2025-11,0.03456114615035877
q60_edge20_event10_next_0934_close_leg_specific_c5,2025-12,-0.006437718672557711
q60_edge20_event10_next_0934_close_leg_specific_c5,2026-01,0.06063266156935887
q60_edge20_event10_next_0934_close_leg_specific_c5,2026-02,0.13462210172737354
q60_edge20_event10_next_0934_close_leg_specific_c5,2026-03,0.03971178106607509
q60_edge20_event10_next_0934_close_leg_specific_c5,2026-04,-0.1495672361313296
q60_edge20_event10_next_open_leg_specific_c10,2024-11,0.016851710074267334
q60_edge20_event10_next_open_leg_specific_c10,2024-12,0.0012410123377689652
q60_edge20_event10_next_open_leg_specific_c10,2025-01,0.0
q60_edge20_event10_next_open_leg_specific_c10,2025-02,0.0
q60_edge20_event10_next_open_leg_specific_c10,2025-03,0.10798610954019816
q60_edge20_event10_next_open_leg_specific_c10,2025-04,0.2870114906598559
q60_edge20_event10_next_open_leg_specific_c10,2025-05,0.0
q60_edge20_event10_next_open_leg_specific_c10,2025-06,0.0
q60_edge20_event10_next_open_leg_specific_c10,2025-07,-0.04550036438893834
q60_edge20_event10_next_open_leg_specific_c10,2025-08,0.01309649996330076
q60_edge20_event10_next_open_leg_specific_c10,2025-09,0.010665546242942693
q60_edge20_event10_next_open_leg_specific_c10,2025-10,0.0796131237183868
q60_edge20_event10_next_open_leg_specific_c10,2025-11,-0.01726252047016241
q60_edge20_event10_next_open_leg_specific_c10,2025-12,-0.02447073845376468
q60_edge20_event10_next_open_leg_specific_c10,2026-01,0.08769193805634967
q60_edge20_event10_next_open_leg_specific_c10,2026-02,0.22371307778927174
q60_edge20_event10_next_open_leg_specific_c10,2026-03,0.05832689143476677
q60_edge20_event10_next_open_leg_specific_c10,2026-04,-0.10777521012976421
q60_edge20_event10_next_open_leg_specific_c5,2024-11,0.019851710074267337
q60_edge20_event10_next_open_leg_specific_c5,2024-12,0.003241012337768967
q60_edge20_event10_next_open_leg_specific_c5,2025-01,0.0
q60_edge20_event10_next_open_leg_specific_c5,2025-02,0.0
q60_edge20_event10_next_open_leg_specific_c5,2025-03,0.10998610954019816
q60_edge20_event10_next_open_leg_specific_c5,2025-04,0.2940114906598559
q60_edge20_event10_next_open_leg_specific_c5,2025-05,0.0
q60_edge20_event10_next_open_leg_specific_c5,2025-06,0.0
q60_edge20_event10_next_open_leg_specific_c5,2025-07,-0.04350036438893834
q60_edge20_event10_next_open_leg_specific_c5,2025-08,0.01609649996330076
q60_edge20_event10_next_open_leg_specific_c5,2025-09,0.012665546242942693
q60_edge20_event10_next_open_leg_specific_c5,2025-10,0.0806131237183868
q60_edge20_event10_next_open_leg_specific_c5,2025-11,-0.011262520470162407
q60_edge20_event10_next_open_leg_specific_c5,2025-12,-0.022470738453764683
q60_edge20_event10_next_open_leg_specific_c5,2026-01,0.08969193805634967
q60_edge20_event10_next_open_leg_specific_c5,2026-02,0.23171307778927175
q60_edge20_event10_next_open_leg_specific_c5,2026-03,0.06032689143476677
q60_edge20_event10_next_open_leg_specific_c5,2026-04,-0.1037752101297642
q60_edge20_event20_next_0934_close_leg_specific_c10,2024-11,0.04328219142540746
q60_edge20_event20_next_0934_close_leg_specific_c10,2024-12,0.0323930974128972
q60_edge20_event20_next_0934_close_leg_specific_c10,2025-01,0.0530862641008627
q60_edge20_event20_next_0934_close_leg_specific_c10,2025-02,-0.05105032101968643
q60_edge20_event20_next_0934_close_leg_specific_c10,2025-03,0.21283078147164725
q60_edge20_event20_next_0934_close_leg_specific_c10,2025-04,0.30378058378641903
q60_edge20_event20_next_0934_close_leg_specific_c10,2025-05,0.009339773204536385
q60_edge20_event20_next_0934_close_leg_specific_c10,2025-06,0.0
q60_edge20_event20_next_0934_close_leg_specific_c10,2025-07,-0.05835221130395529
q60_edge20_event20_next_0934_close_leg_specific_c10,2025-08,-0.021053341064510064
q60_edge20_event20_next_0934_close_leg_specific_c10,2025-09,0.030858000843955402
q60_edge20_event20_next_0934_close_leg_specific_c10,2025-10,0.089814258967577
q60_edge20_event20_next_0934_close_leg_specific_c10,2025-11,-0.014486091152396408
q60_edge20_event20_next_0934_close_leg_specific_c10,2025-12,-0.0034791387909013354
q60_edge20_event20_next_0934_close_leg_specific_c10,2026-01,-0.0388793210014472
q60_edge20_event20_next_0934_close_leg_specific_c10,2026-02,0.0881596739817091
q60_edge20_event20_next_0934_close_leg_specific_c10,2026-03,0.06026064348327098
q60_edge20_event20_next_0934_close_leg_specific_c10,2026-04,-0.3044779621457232
q60_edge20_event20_next_0934_close_leg_specific_c5,2024-11,0.04828219142540746
q60_edge20_event20_next_0934_close_leg_specific_c5,2024-12,0.0343930974128972
q60_edge20_event20_next_0934_close_leg_specific_c5,2025-01,0.0540862641008627
q60_edge20_event20_next_0934_close_leg_specific_c5,2025-02,-0.04905032101968643
q60_edge20_event20_next_0934_close_leg_specific_c5,2025-03,0.21683078147164725
q60_edge20_event20_next_0934_close_leg_specific_c5,2025-04,0.31078058378641904
q60_edge20_event20_next_0934_close_leg_specific_c5,2025-05,0.010339773204536384
q60_edge20_event20_next_0934_close_leg_specific_c5,2025-06,0.0
q60_edge20_event20_next_0934_close_leg_specific_c5,2025-07,-0.05635221130395529
q60_edge20_event20_next_0934_close_leg_specific_c5,2025-08,-0.018053341064510064
q60_edge20_event20_next_0934_close_leg_specific_c5,2025-09,0.032858000843955404
q60_edge20_event20_next_0934_close_leg_specific_c5,2025-10,0.091814258967577
q60_edge20_event20_next_0934_close_leg_specific_c5,2025-11,-0.007486091152396401
q60_edge20_event20_next_0934_close_leg_specific_c5,2025-12,-0.0024791387909013354
q60_edge20_event20_next_0934_close_leg_specific_c5,2026-01,-0.035879321001447195
q60_edge20_event20_next_0934_close_leg_specific_c5,2026-02,0.0951596739817091
q60_edge20_event20_next_0934_close_leg_specific_c5,2026-03,0.06426064348327098
q60_edge20_event20_next_0934_close_leg_specific_c5,2026-04,-0.3004779621457232
q60_edge20_event20_next_open_leg_specific_c10,2024-11,-0.0075994958438518855
q60_edge20_event20_next_open_leg_specific_c10,2024-12,0.0012410123377689652
q60_edge20_event20_next_open_leg_specific_c10,2025-01,0.06070736562707357
q60_edge20_event20_next_open_leg_specific_c10,2025-02,-0.002493939693989474
q60_edge20_event20_next_open_leg_specific_c10,2025-03,0.19942098573183875
q60_edge20_event20_next_open_leg_specific_c10,2025-04,0.2870114906598559
q60_edge20_event20_next_open_leg_specific_c10,2025-05,0.021939521209576318
q60_edge20_event20_next_open_leg_specific_c10,2025-06,0.0
q60_edge20_event20_next_open_leg_specific_c10,2025-07,-0.04550036438893834
q60_edge20_event20_next_open_leg_specific_c10,2025-08,0.01309649996330076
q60_edge20_event20_next_open_leg_specific_c10,2025-09,0.010665546242942693
q60_edge20_event20_next_open_leg_specific_c10,2025-10,0.102406512148139
q60_edge20_event20_next_open_leg_specific_c10,2025-11,-0.050162109490407114
q60_edge20_event20_next_open_leg_specific_c10,2025-12,-0.010636418927137735
q60_edge20_event20_next_open_leg_specific_c10,2026-01,-0.012347277629924935
q60_edge20_event20_next_open_leg_specific_c10,2026-02,0.1679096095811794
q60_edge20_event20_next_open_leg_specific_c10,2026-03,0.05167985859522395
q60_edge20_event20_next_open_leg_specific_c10,2026-04,-0.2494360549834791
q60_edge20_event20_next_open_leg_specific_c5,2024-11,-0.0025994958438518845
q60_edge20_event20_next_open_leg_specific_c5,2024-12,0.003241012337768967
q60_edge20_event20_next_open_leg_specific_c5,2025-01,0.061707365627073574
q60_edge20_event20_next_open_leg_specific_c5,2025-02,-0.0004939396939894741
q60_edge20_event20_next_open_leg_specific_c5,2025-03,0.20342098573183875
q60_edge20_event20_next_open_leg_specific_c5,2025-04,0.2940114906598559
q60_edge20_event20_next_open_leg_specific_c5,2025-05,0.02293952120957632
q60_edge20_event20_next_open_leg_specific_c5,2025-06,0.0
q60_edge20_event20_next_open_leg_specific_c5,2025-07,-0.04350036438893834
q60_edge20_event20_next_open_leg_specific_c5,2025-08,0.01609649996330076
q60_edge20_event20_next_open_leg_specific_c5,2025-09,0.012665546242942693
q60_edge20_event20_next_open_leg_specific_c5,2025-10,0.10440651214813901
q60_edge20_event20_next_open_leg_specific_c5,2025-11,-0.04316210949040711
q60_edge20_event20_next_open_leg_specific_c5,2025-12,-0.009636418927137735
q60_edge20_event20_next_open_leg_specific_c5,2026-01,-0.009347277629924933
q60_edge20_event20_next_open_leg_specific_c5,2026-02,0.1749096095811794
q60_edge20_event20_next_open_leg_specific_c5,2026-03,0.05567985859522395
q60_edge20_event20_next_open_leg_specific_c5,2026-04,-0.2454360549834791
q60_edge20_event40_next_0934_close_leg_specific_c10,2024-11,0.04940246279122018
q60_edge20_event40_next_0934_close_leg_specific_c10,2024-12,0.0323930974128972
q60_edge20_event40_next_0934_close_leg_specific_c10,2025-01,0.0530862641008627
q60_edge20_event40_next_0934_close_leg_specific_c10,2025-02,-0.01670846798454262
q60_edge20_event40_next_0934_close_leg_specific_c10,2025-03,0.13694133423546662
q60_edge20_event40_next_0934_close_leg_specific_c10,2025-04,0.30378058378641903
q60_edge20_event40_next_0934_close_leg_specific_c10,2025-05,0.009339773204536385
q60_edge20_event40_next_0934_close_leg_specific_c10,2025-06,0.024484617068327053
q60_edge20_event40_next_0934_close_leg_specific_c10,2025-07,-0.05835221130395529
q60_edge20_event40_next_0934_close_leg_specific_c10,2025-08,-0.021053341064510064
q60_edge20_event40_next_0934_close_leg_specific_c10,2025-09,0.030858000843955402
q60_edge20_event40_next_0934_close_leg_specific_c10,2025-10,0.18832483518931298
q60_edge20_event40_next_0934_close_leg_specific_c10,2025-11,0.028561146150358763
q60_edge20_event40_next_0934_close_leg_specific_c10,2025-12,-0.0034791387909013354
q60_edge20_event40_next_0934_close_leg_specific_c10,2026-01,0.05863266156935887
q60_edge20_event40_next_0934_close_leg_specific_c10,2026-02,0.06434149216352725
q60_edge20_event40_next_0934_close_leg_specific_c10,2026-03,0.06026064348327098
q60_edge20_event40_next_0934_close_leg_specific_c10,2026-04,-0.2462383481617263
q60_edge20_event40_next_0934_close_leg_specific_c5,2024-11,0.05240246279122018
q60_edge20_event40_next_0934_close_leg_specific_c5,2024-12,0.0343930974128972
q60_edge20_event40_next_0934_close_leg_specific_c5,2025-01,0.0540862641008627
q60_edge20_event40_next_0934_close_leg_specific_c5,2025-02,-0.013708467984542616
q60_edge20_event40_next_0934_close_leg_specific_c5,2025-03,0.13994133423546662
q60_edge20_event40_next_0934_close_leg_specific_c5,2025-04,0.31078058378641904
q60_edge20_event40_next_0934_close_leg_specific_c5,2025-05,0.010339773204536384
q60_edge20_event40_next_0934_close_leg_specific_c5,2025-06,0.026484617068327054
q60_edge20_event40_next_0934_close_leg_specific_c5,2025-07,-0.05635221130395529
q60_edge20_event40_next_0934_close_leg_specific_c5,2025-08,-0.018053341064510064
q60_edge20_event40_next_0934_close_leg_specific_c5,2025-09,0.032858000843955404
q60_edge20_event40_next_0934_close_leg_specific_c5,2025-10,0.19132483518931298
q60_edge20_event40_next_0934_close_leg_specific_c5,2025-11,0.03456114615035877
q60_edge20_event40_next_0934_close_leg_specific_c5,2025-12,-0.0024791387909013354
q60_edge20_event40_next_0934_close_leg_specific_c5,2026-01,0.06063266156935887
q60_edge20_event40_next_0934_close_leg_specific_c5,2026-02,0.06934149216352725
q60_edge20_event40_next_0934_close_leg_specific_c5,2026-03,0.06426064348327098
q60_edge20_event40_next_0934_close_leg_specific_c5,2026-04,-0.2392383481617263
q60_edge20_event40_next_open_leg_specific_c10,2024-11,0.016851710074267334
q60_edge20_event40_next_open_leg_specific_c10,2024-12,0.0012410123377689652
q60_edge20_event40_next_open_leg_specific_c10,2025-01,0.06070736562707357
q60_edge20_event40_next_open_leg_specific_c10,2025-02,0.03344535743061117
q60_edge20_event40_next_open_leg_specific_c10,2025-03,0.12520658037170485
q60_edge20_event40_next_open_leg_specific_c10,2025-04,0.2870114906598559
q60_edge20_event40_next_open_leg_specific_c10,2025-05,0.021939521209576318
q60_edge20_event40_next_open_leg_specific_c10,2025-06,0.00806589650077738
q60_edge20_event40_next_open_leg_specific_c10,2025-07,-0.04550036438893834
q60_edge20_event40_next_open_leg_specific_c10,2025-08,0.01309649996330076
q60_edge20_event40_next_open_leg_specific_c10,2025-09,0.010665546242942693
q60_edge20_event40_next_open_leg_specific_c10,2025-10,0.21579673826046575
q60_edge20_event40_next_open_leg_specific_c10,2025-11,-0.01726252047016241
q60_edge20_event40_next_open_leg_specific_c10,2025-12,-0.010636418927137735
q60_edge20_event40_next_open_leg_specific_c10,2026-01,0.08769193805634967
q60_edge20_event40_next_open_leg_specific_c10,2026-02,0.0769601146316845
q60_edge20_event40_next_open_leg_specific_c10,2026-03,0.05167985859522395
q60_edge20_event40_next_open_leg_specific_c10,2026-04,-0.19349026353750953
q60_edge20_event40_next_open_leg_specific_c5,2024-11,0.019851710074267337
q60_edge20_event40_next_open_leg_specific_c5,2024-12,0.003241012337768967
q60_edge20_event40_next_open_leg_specific_c5,2025-01,0.061707365627073574
q60_edge20_event40_next_open_leg_specific_c5,2025-02,0.03644535743061117
q60_edge20_event40_next_open_leg_specific_c5,2025-03,0.12820658037170485
q60_edge20_event40_next_open_leg_specific_c5,2025-04,0.2940114906598559
q60_edge20_event40_next_open_leg_specific_c5,2025-05,0.02293952120957632
q60_edge20_event40_next_open_leg_specific_c5,2025-06,0.010065896500777383
q60_edge20_event40_next_open_leg_specific_c5,2025-07,-0.04350036438893834
q60_edge20_event40_next_open_leg_specific_c5,2025-08,0.01609649996330076
q60_edge20_event40_next_open_leg_specific_c5,2025-09,0.012665546242942693
q60_edge20_event40_next_open_leg_specific_c5,2025-10,0.21879673826046575
q60_edge20_event40_next_open_leg_specific_c5,2025-11,-0.011262520470162407
q60_edge20_event40_next_open_leg_specific_c5,2025-12,-0.009636418927137735
q60_edge20_event40_next_open_leg_specific_c5,2026-01,0.08969193805634967
q60_edge20_event40_next_open_leg_specific_c5,2026-02,0.08196011463168451
q60_edge20_event40_next_open_leg_specific_c5,2026-03,0.05567985859522395
q60_edge20_event40_next_open_leg_specific_c5,2026-04,-0.18649026353750953
q60_edge25_always_next_0934_close_leg_specific_c10,2024-11,0.04328219142540746
q60_edge25_always_next_0934_close_leg_specific_c10,2024-12,0.005734683364150285
q60_edge25_always_next_0934_close_leg_specific_c10,2025-01,-0.022011678618206743
q60_edge25_always_next_0934_close_leg_specific_c10,2025-02,-0.11197236837915925
q60_edge25_always_next_0934_close_leg_specific_c10,2025-03,0.38140898699282266
q60_edge25_always_next_0934_close_leg_specific_c10,2025-04,0.30378058378641903
q60_edge25_always_next_0934_close_leg_specific_c10,2025-05,0.16087841900966415
q60_edge25_always_next_0934_close_leg_specific_c10,2025-06,0.024484617068327053
q60_edge25_always_next_0934_close_leg_specific_c10,2025-07,-0.023528308367114392
q60_edge25_always_next_0934_close_leg_specific_c10,2025-08,-0.003100728754032663
q60_edge25_always_next_0934_close_leg_specific_c10,2025-09,0.027768792517489985
q60_edge25_always_next_0934_close_leg_specific_c10,2025-10,0.16889872747079915
q60_edge25_always_next_0934_close_leg_specific_c10,2025-11,0.08957738387224234
q60_edge25_always_next_0934_close_leg_specific_c10,2025-12,-0.008437718672557711
q60_edge25_always_next_0934_close_leg_specific_c10,2026-01,0.041220594006776134
q60_edge25_always_next_0934_close_leg_specific_c10,2026-02,0.16922437447889072
q60_edge25_always_next_0934_close_leg_specific_c10,2026-03,0.1059687819304177
q60_edge25_always_next_0934_close_leg_specific_c10,2026-04,-0.27706821630556766
q60_edge25_always_next_0934_close_leg_specific_c5,2024-11,0.04828219142540746
q60_edge25_always_next_0934_close_leg_specific_c5,2024-12,0.009734683364150287
q60_edge25_always_next_0934_close_leg_specific_c5,2025-01,-0.01801167861820674
q60_edge25_always_next_0934_close_leg_specific_c5,2025-02,-0.10397236837915924
q60_edge25_always_next_0934_close_leg_specific_c5,2025-03,0.38840898699282267
q60_edge25_always_next_0934_close_leg_specific_c5,2025-04,0.31078058378641904
q60_edge25_always_next_0934_close_leg_specific_c5,2025-05,0.16387841900966416
q60_edge25_always_next_0934_close_leg_specific_c5,2025-06,0.026484617068327054
q60_edge25_always_next_0934_close_leg_specific_c5,2025-07,-0.02052830836711439
q60_edge25_always_next_0934_close_leg_specific_c5,2025-08,0.0028992712459673387
q60_edge25_always_next_0934_close_leg_specific_c5,2025-09,0.03376879251748999
q60_edge25_always_next_0934_close_leg_specific_c5,2025-10,0.17789872747079916
q60_edge25_always_next_0934_close_leg_specific_c5,2025-11,0.10057738387224235
q60_edge25_always_next_0934_close_leg_specific_c5,2025-12,-0.006437718672557711
q60_edge25_always_next_0934_close_leg_specific_c5,2026-01,0.04622059400677614
q60_edge25_always_next_0934_close_leg_specific_c5,2026-02,0.18022437447889073
q60_edge25_always_next_0934_close_leg_specific_c5,2026-03,0.1109687819304177
q60_edge25_always_next_0934_close_leg_specific_c5,2026-04,-0.26706821630556765
q60_edge25_always_next_open_leg_specific_c10,2024-11,-0.0075994958438518855
q60_edge25_always_next_open_leg_specific_c10,2024-12,-0.04474638361310701
q60_edge25_always_next_open_leg_specific_c10,2025-01,-0.023168118353229072
q60_edge25_always_next_open_leg_specific_c10,2025-02,-0.10493583517158511
q60_edge25_always_next_open_leg_specific_c10,2025-03,0.35178401309096674
q60_edge25_always_next_open_leg_specific_c10,2025-04,0.2870114906598559
q60_edge25_always_next_open_leg_specific_c10,2025-05,0.15643213356110963
q60_edge25_always_next_open_leg_specific_c10,2025-06,0.00806589650077738
q60_edge25_always_next_open_leg_specific_c10,2025-07,-0.012802552845679549
q60_edge25_always_next_open_leg_specific_c10,2025-08,0.01997450255782108
q60_edge25_always_next_open_leg_specific_c10,2025-09,0.019081176806281637
q60_edge25_always_next_open_leg_specific_c10,2025-10,0.20971215778668084
q60_edge25_always_next_open_leg_specific_c10,2025-11,0.031133081294962617
q60_edge25_always_next_open_leg_specific_c10,2025-12,-0.02447073845376468
q60_edge25_always_next_open_leg_specific_c10,2026-01,0.08390745241387121
q60_edge25_always_next_open_leg_specific_c10,2026-02,0.23180146834611703
q60_edge25_always_next_open_leg_specific_c10,2026-03,0.09663963408633702
q60_edge25_always_next_open_leg_specific_c10,2026-04,-0.18111053668194688
q60_edge25_always_next_open_leg_specific_c5,2024-11,-0.0025994958438518845
q60_edge25_always_next_open_leg_specific_c5,2024-12,-0.04074638361310701
q60_edge25_always_next_open_leg_specific_c5,2025-01,-0.01916811835322907
q60_edge25_always_next_open_leg_specific_c5,2025-02,-0.0969358351715851
q60_edge25_always_next_open_leg_specific_c5,2025-03,0.35878401309096675
q60_edge25_always_next_open_leg_specific_c5,2025-04,0.2940114906598559
q60_edge25_always_next_open_leg_specific_c5,2025-05,0.15943213356110963
q60_edge25_always_next_open_leg_specific_c5,2025-06,0.010065896500777383
q60_edge25_always_next_open_leg_specific_c5,2025-07,-0.009802552845679546
q60_edge25_always_next_open_leg_specific_c5,2025-08,0.025974502557821078
q60_edge25_always_next_open_leg_specific_c5,2025-09,0.025081176806281635
q60_edge25_always_next_open_leg_specific_c5,2025-10,0.21871215778668085
q60_edge25_always_next_open_leg_specific_c5,2025-11,0.04213308129496263
q60_edge25_always_next_open_leg_specific_c5,2025-12,-0.022470738453764683
q60_edge25_always_next_open_leg_specific_c5,2026-01,0.08890745241387121
q60_edge25_always_next_open_leg_specific_c5,2026-02,0.24280146834611704
q60_edge25_always_next_open_leg_specific_c5,2026-03,0.10163963408633703
q60_edge25_always_next_open_leg_specific_c5,2026-04,-0.17111053668194687
q60_edge25_event10_next_0934_close_leg_specific_c10,2024-11,0.04940246279122018
q60_edge25_event10_next_0934_close_leg_specific_c10,2024-12,0.0323930974128972
q60_edge25_event10_next_0934_close_leg_specific_c10,2025-01,0.0
q60_edge25_event10_next_0934_close_leg_specific_c10,2025-02,-0.03813138686131379
q60_edge25_event10_next_0934_close_leg_specific_c10,2025-03,0.18764186102407543
q60_edge25_event10_next_0934_close_leg_specific_c10,2025-04,0.30378058378641903
q60_edge25_event10_next_0934_close_leg_specific_c10,2025-05,0.0
q60_edge25_event10_next_0934_close_leg_specific_c10,2025-06,0.0
q60_edge25_event10_next_0934_close_leg_specific_c10,2025-07,-0.05835221130395529
q60_edge25_event10_next_0934_close_leg_specific_c10,2025-08,-0.021053341064510064
q60_edge25_event10_next_0934_close_leg_specific_c10,2025-09,0.030858000843955402
q60_edge25_event10_next_0934_close_leg_specific_c10,2025-10,0.06414627477785362
q60_edge25_event10_next_0934_close_leg_specific_c10,2025-11,0.03056114615035877
q60_edge25_event10_next_0934_close_leg_specific_c10,2025-12,-0.008437718672557711
q60_edge25_event10_next_0934_close_leg_specific_c10,2026-01,0.11509155093655643
q60_edge25_event10_next_0934_close_leg_specific_c10,2026-02,0.12565475422572614
q60_edge25_event10_next_0934_close_leg_specific_c10,2026-03,0.08341991951322181
q60_edge25_event10_next_0934_close_leg_specific_c10,2026-04,-0.1535672361313296
q60_edge25_event10_next_0934_close_leg_specific_c5,2024-11,0.05240246279122018
q60_edge25_event10_next_0934_close_leg_specific_c5,2024-12,0.0343930974128972
q60_edge25_event10_next_0934_close_leg_specific_c5,2025-01,0.0
q60_edge25_event10_next_0934_close_leg_specific_c5,2025-02,-0.037131386861313787
q60_edge25_event10_next_0934_close_leg_specific_c5,2025-03,0.19164186102407543
q60_edge25_event10_next_0934_close_leg_specific_c5,2025-04,0.31078058378641904
q60_edge25_event10_next_0934_close_leg_specific_c5,2025-05,0.0
q60_edge25_event10_next_0934_close_leg_specific_c5,2025-06,0.0
q60_edge25_event10_next_0934_close_leg_specific_c5,2025-07,-0.05635221130395529
q60_edge25_event10_next_0934_close_leg_specific_c5,2025-08,-0.018053341064510064
q60_edge25_event10_next_0934_close_leg_specific_c5,2025-09,0.032858000843955404
q60_edge25_event10_next_0934_close_leg_specific_c5,2025-10,0.06514627477785362
q60_edge25_event10_next_0934_close_leg_specific_c5,2025-11,0.03756114615035877
q60_edge25_event10_next_0934_close_leg_specific_c5,2025-12,-0.006437718672557711
q60_edge25_event10_next_0934_close_leg_specific_c5,2026-01,0.11809155093655643
q60_edge25_event10_next_0934_close_leg_specific_c5,2026-02,0.13565475422572615
q60_edge25_event10_next_0934_close_leg_specific_c5,2026-03,0.08641991951322181
q60_edge25_event10_next_0934_close_leg_specific_c5,2026-04,-0.1495672361313296
q60_edge25_event10_next_open_leg_specific_c10,2024-11,0.016851710074267334
q60_edge25_event10_next_open_leg_specific_c10,2024-12,0.0012410123377689652
q60_edge25_event10_next_open_leg_specific_c10,2025-01,0.0
q60_edge25_event10_next_open_leg_specific_c10,2025-02,-0.04652554744525539
q60_edge25_event10_next_open_leg_specific_c10,2025-03,0.1583525748022051
q60_edge25_event10_next_open_leg_specific_c10,2025-04,0.2870114906598559
q60_edge25_event10_next_open_leg_specific_c10,2025-05,0.0
q60_edge25_event10_next_open_leg_specific_c10,2025-06,0.0
q60_edge25_event10_next_open_leg_specific_c10,2025-07,-0.04550036438893834
q60_edge25_event10_next_open_leg_specific_c10,2025-08,0.01309649996330076
q60_edge25_event10_next_open_leg_specific_c10,2025-09,0.010665546242942693
q60_edge25_event10_next_open_leg_specific_c10,2025-10,0.0796131237183868
q60_edge25_event10_next_open_leg_specific_c10,2025-11,-0.04056658761025289
q60_edge25_event10_next_open_leg_specific_c10,2025-12,-0.02447073845376468
q60_edge25_event10_next_open_leg_specific_c10,2026-01,0.14036262251609988
q60_edge25_event10_next_open_leg_specific_c10,2026-02,0.20595336708029433
q60_edge25_event10_next_open_leg_specific_c10,2026-03,0.10328666692587984
q60_edge25_event10_next_open_leg_specific_c10,2026-04,-0.10777521012976421
q60_edge25_event10_next_open_leg_specific_c5,2024-11,0.019851710074267337
q60_edge25_event10_next_open_leg_specific_c5,2024-12,0.003241012337768967
q60_edge25_event10_next_open_leg_specific_c5,2025-01,0.0
q60_edge25_event10_next_open_leg_specific_c5,2025-02,-0.04552554744525539
q60_edge25_event10_next_open_leg_specific_c5,2025-03,0.1623525748022051
q60_edge25_event10_next_open_leg_specific_c5,2025-04,0.2940114906598559
q60_edge25_event10_next_open_leg_specific_c5,2025-05,0.0
q60_edge25_event10_next_open_leg_specific_c5,2025-06,0.0
q60_edge25_event10_next_open_leg_specific_c5,2025-07,-0.04350036438893834
q60_edge25_event10_next_open_leg_specific_c5,2025-08,0.01609649996330076
q60_edge25_event10_next_open_leg_specific_c5,2025-09,0.012665546242942693
q60_edge25_event10_next_open_leg_specific_c5,2025-10,0.0806131237183868
q60_edge25_event10_next_open_leg_specific_c5,2025-11,-0.033566587610252885
q60_edge25_event10_next_open_leg_specific_c5,2025-12,-0.022470738453764683
q60_edge25_event10_next_open_leg_specific_c5,2026-01,0.14336262251609988
q60_edge25_event10_next_open_leg_specific_c5,2026-02,0.21595336708029433
q60_edge25_event10_next_open_leg_specific_c5,2026-03,0.10628666692587985
q60_edge25_event10_next_open_leg_specific_c5,2026-04,-0.1037752101297642
q60_edge25_event20_next_0934_close_leg_specific_c10,2024-11,0.04328219142540746
q60_edge25_event20_next_0934_close_leg_specific_c10,2024-12,0.0323930974128972
q60_edge25_event20_next_0934_close_leg_specific_c10,2025-01,0.0530862641008627
q60_edge25_event20_next_0934_close_leg_specific_c10,2025-02,-0.05105032101968643
q60_edge25_event20_next_0934_close_leg_specific_c10,2025-03,0.26910731101516905
q60_edge25_event20_next_0934_close_leg_specific_c10,2025-04,0.30378058378641903
q60_edge25_event20_next_0934_close_leg_specific_c10,2025-05,0.009339773204536385
q60_edge25_event20_next_0934_close_leg_specific_c10,2025-06,0.0
q60_edge25_event20_next_0934_close_leg_specific_c10,2025-07,-0.05835221130395529
q60_edge25_event20_next_0934_close_leg_specific_c10,2025-08,-0.021053341064510064
q60_edge25_event20_next_0934_close_leg_specific_c10,2025-09,0.030858000843955402
q60_edge25_event20_next_0934_close_leg_specific_c10,2025-10,0.089814258967577
q60_edge25_event20_next_0934_close_leg_specific_c10,2025-11,-0.012486091152396399
q60_edge25_event20_next_0934_close_leg_specific_c10,2025-12,-0.0034791387909013354
q60_edge25_event20_next_0934_close_leg_specific_c10,2026-01,0.017579568365750364
q60_edge25_event20_next_0934_close_leg_specific_c10,2026-02,0.06512815535706717
q60_edge25_event20_next_0934_close_leg_specific_c10,2026-03,0.1059687819304177
q60_edge25_event20_next_0934_close_leg_specific_c10,2026-04,-0.3044779621457232
q60_edge25_event20_next_0934_close_leg_specific_c5,2024-11,0.04828219142540746
q60_edge25_event20_next_0934_close_leg_specific_c5,2024-12,0.0343930974128972
q60_edge25_event20_next_0934_close_leg_specific_c5,2025-01,0.0540862641008627
q60_edge25_event20_next_0934_close_leg_specific_c5,2025-02,-0.04905032101968643
q60_edge25_event20_next_0934_close_leg_specific_c5,2025-03,0.27510731101516905
q60_edge25_event20_next_0934_close_leg_specific_c5,2025-04,0.31078058378641904
q60_edge25_event20_next_0934_close_leg_specific_c5,2025-05,0.010339773204536384
q60_edge25_event20_next_0934_close_leg_specific_c5,2025-06,0.0
q60_edge25_event20_next_0934_close_leg_specific_c5,2025-07,-0.05635221130395529
q60_edge25_event20_next_0934_close_leg_specific_c5,2025-08,-0.018053341064510064
q60_edge25_event20_next_0934_close_leg_specific_c5,2025-09,0.032858000843955404
q60_edge25_event20_next_0934_close_leg_specific_c5,2025-10,0.091814258967577
q60_edge25_event20_next_0934_close_leg_specific_c5,2025-11,-0.004486091152396399
q60_edge25_event20_next_0934_close_leg_specific_c5,2025-12,-0.0024791387909013354
q60_edge25_event20_next_0934_close_leg_specific_c5,2026-01,0.021579568365750368
q60_edge25_event20_next_0934_close_leg_specific_c5,2026-02,0.07312815535706718
q60_edge25_event20_next_0934_close_leg_specific_c5,2026-03,0.1109687819304177
q60_edge25_event20_next_0934_close_leg_specific_c5,2026-04,-0.3004779621457232
q60_edge25_event20_next_open_leg_specific_c10,2024-11,-0.0075994958438518855
q60_edge25_event20_next_open_leg_specific_c10,2024-12,0.0012410123377689652
q60_edge25_event20_next_open_leg_specific_c10,2025-01,0.06070736562707357
q60_edge25_event20_next_open_leg_specific_c10,2025-02,-0.002493939693989474
q60_edge25_event20_next_open_leg_specific_c10,2025-03,0.2497874509938457
q60_edge25_event20_next_open_leg_specific_c10,2025-04,0.2870114906598559
q60_edge25_event20_next_open_leg_specific_c10,2025-05,0.021939521209576318
q60_edge25_event20_next_open_leg_specific_c10,2025-06,0.0
q60_edge25_event20_next_open_leg_specific_c10,2025-07,-0.04550036438893834
q60_edge25_event20_next_open_leg_specific_c10,2025-08,0.01309649996330076
q60_edge25_event20_next_open_leg_specific_c10,2025-09,0.010665546242942693
q60_edge25_event20_next_open_leg_specific_c10,2025-10,0.102406512148139
q60_edge25_event20_next_open_leg_specific_c10,2025-11,-0.07346617663049759
q60_edge25_event20_next_open_leg_specific_c10,2025-12,-0.010636418927137735
q60_edge25_event20_next_open_leg_specific_c10,2026-01,0.04032340682982527
q60_edge25_event20_next_open_leg_specific_c10,2026-02,0.12006433737487565
q60_edge25_event20_next_open_leg_specific_c10,2026-03,0.09663963408633702
q60_edge25_event20_next_open_leg_specific_c10,2026-04,-0.2494360549834791
q60_edge25_event20_next_open_leg_specific_c5,2024-11,-0.0025994958438518845
q60_edge25_event20_next_open_leg_specific_c5,2024-12,0.003241012337768967
q60_edge25_event20_next_open_leg_specific_c5,2025-01,0.061707365627073574
q60_edge25_event20_next_open_leg_specific_c5,2025-02,-0.0004939396939894741
q60_edge25_event20_next_open_leg_specific_c5,2025-03,0.2557874509938457
q60_edge25_event20_next_open_leg_specific_c5,2025-04,0.2940114906598559
q60_edge25_event20_next_open_leg_specific_c5,2025-05,0.02293952120957632
q60_edge25_event20_next_open_leg_specific_c5,2025-06,0.0
q60_edge25_event20_next_open_leg_specific_c5,2025-07,-0.04350036438893834
q60_edge25_event20_next_open_leg_specific_c5,2025-08,0.01609649996330076
q60_edge25_event20_next_open_leg_specific_c5,2025-09,0.012665546242942693
q60_edge25_event20_next_open_leg_specific_c5,2025-10,0.10440651214813901
q60_edge25_event20_next_open_leg_specific_c5,2025-11,-0.06546617663049759
q60_edge25_event20_next_open_leg_specific_c5,2025-12,-0.009636418927137735
q60_edge25_event20_next_open_leg_specific_c5,2026-01,0.044323406829825274
q60_edge25_event20_next_open_leg_specific_c5,2026-02,0.12806433737487566
q60_edge25_event20_next_open_leg_specific_c5,2026-03,0.10163963408633703
q60_edge25_event20_next_open_leg_specific_c5,2026-04,-0.2454360549834791
q60_edge25_event40_next_0934_close_leg_specific_c10,2024-11,0.04940246279122018
q60_edge25_event40_next_0934_close_leg_specific_c10,2024-12,0.0323930974128972
q60_edge25_event40_next_0934_close_leg_specific_c10,2025-01,0.0530862641008627
q60_edge25_event40_next_0934_close_leg_specific_c10,2025-02,-0.054839854845856406
q60_edge25_event40_next_0934_close_leg_specific_c10,2025-03,0.19321786377898842
q60_edge25_event40_next_0934_close_leg_specific_c10,2025-04,0.30378058378641903
q60_edge25_event40_next_0934_close_leg_specific_c10,2025-05,0.10699952424188064
q60_edge25_event40_next_0934_close_leg_specific_c10,2025-06,0.024484617068327053
q60_edge25_event40_next_0934_close_leg_specific_c10,2025-07,-0.05835221130395529
q60_edge25_event40_next_0934_close_leg_specific_c10,2025-08,-0.021053341064510064
q60_edge25_event40_next_0934_close_leg_specific_c10,2025-09,0.030858000843955402
q60_edge25_event40_next_0934_close_leg_specific_c10,2025-10,0.18832483518931298
q60_edge25_event40_next_0934_close_leg_specific_c10,2025-11,0.03056114615035877
q60_edge25_event40_next_0934_close_leg_specific_c10,2025-12,-0.0034791387909013354
q60_edge25_event40_next_0934_close_leg_specific_c10,2026-01,0.11509155093655643
q60_edge25_event40_next_0934_close_leg_specific_c10,2026-02,0.041309973538885325
q60_edge25_event40_next_0934_close_leg_specific_c10,2026-03,0.1059687819304177
q60_edge25_event40_next_0934_close_leg_specific_c10,2026-04,-0.2462383481617263
q60_edge25_event40_next_0934_close_leg_specific_c5,2024-11,0.05240246279122018
q60_edge25_event40_next_0934_close_leg_specific_c5,2024-12,0.0343930974128972
q60_edge25_event40_next_0934_close_leg_specific_c5,2025-01,0.0540862641008627
q60_edge25_event40_next_0934_close_leg_specific_c5,2025-02,-0.0508398548458564
q60_edge25_event40_next_0934_close_leg_specific_c5,2025-03,0.19821786377898842
q60_edge25_event40_next_0934_close_leg_specific_c5,2025-04,0.31078058378641904
q60_edge25_event40_next_0934_close_leg_specific_c5,2025-05,0.10899952424188064
q60_edge25_event40_next_0934_close_leg_specific_c5,2025-06,0.026484617068327054
q60_edge25_event40_next_0934_close_leg_specific_c5,2025-07,-0.05635221130395529
q60_edge25_event40_next_0934_close_leg_specific_c5,2025-08,-0.018053341064510064
q60_edge25_event40_next_0934_close_leg_specific_c5,2025-09,0.032858000843955404
q60_edge25_event40_next_0934_close_leg_specific_c5,2025-10,0.19132483518931298
q60_edge25_event40_next_0934_close_leg_specific_c5,2025-11,0.03756114615035877
q60_edge25_event40_next_0934_close_leg_specific_c5,2025-12,-0.0024791387909013354
q60_edge25_event40_next_0934_close_leg_specific_c5,2026-01,0.11809155093655643
q60_edge25_event40_next_0934_close_leg_specific_c5,2026-02,0.04730997353888533
q60_edge25_event40_next_0934_close_leg_specific_c5,2026-03,0.1109687819304177
q60_edge25_event40_next_0934_close_leg_specific_c5,2026-04,-0.2392383481617263
q60_edge25_event40_next_open_leg_specific_c10,2024-11,0.016851710074267334
q60_edge25_event40_next_open_leg_specific_c10,2024-12,0.0012410123377689652
q60_edge25_event40_next_open_leg_specific_c10,2025-01,0.06070736562707357
q60_edge25_event40_next_open_leg_specific_c10,2025-02,-0.01308019001464422
q60_edge25_event40_next_open_leg_specific_c10,2025-03,0.1755730456337118
q60_edge25_event40_next_open_leg_specific_c10,2025-04,0.2870114906598559
q60_edge25_event40_next_open_leg_specific_c10,2025-05,0.08964906477804102
q60_edge25_event40_next_open_leg_specific_c10,2025-06,0.00806589650077738
q60_edge25_event40_next_open_leg_specific_c10,2025-07,-0.04550036438893834
q60_edge25_event40_next_open_leg_specific_c10,2025-08,0.01309649996330076
q60_edge25_event40_next_open_leg_specific_c10,2025-09,0.010665546242942693
q60_edge25_event40_next_open_leg_specific_c10,2025-10,0.21579673826046575
q60_edge25_event40_next_open_leg_specific_c10,2025-11,-0.04056658761025289
q60_edge25_event40_next_open_leg_specific_c10,2025-12,-0.010636418927137735
q60_edge25_event40_next_open_leg_specific_c10,2026-01,0.14036262251609988
q60_edge25_event40_next_open_leg_specific_c10,2026-02,0.02911484242538076
q60_edge25_event40_next_open_leg_specific_c10,2026-03,0.09663963408633702
q60_edge25_event40_next_open_leg_specific_c10,2026-04,-0.19349026353750953
q60_edge25_event40_next_open_leg_specific_c5,2024-11,0.019851710074267337
q60_edge25_event40_next_open_leg_specific_c5,2024-12,0.003241012337768967
q60_edge25_event40_next_open_leg_specific_c5,2025-01,0.061707365627073574
q60_edge25_event40_next_open_leg_specific_c5,2025-02,-0.009080190014644218
q60_edge25_event40_next_open_leg_specific_c5,2025-03,0.1805730456337118
q60_edge25_event40_next_open_leg_specific_c5,2025-04,0.2940114906598559
q60_edge25_event40_next_open_leg_specific_c5,2025-05,0.09164906477804102
q60_edge25_event40_next_open_leg_specific_c5,2025-06,0.010065896500777383
q60_edge25_event40_next_open_leg_specific_c5,2025-07,-0.04350036438893834
q60_edge25_event40_next_open_leg_specific_c5,2025-08,0.01609649996330076
q60_edge25_event40_next_open_leg_specific_c5,2025-09,0.012665546242942693
q60_edge25_event40_next_open_leg_specific_c5,2025-10,0.21879673826046575
q60_edge25_event40_next_open_leg_specific_c5,2025-11,-0.033566587610252885
q60_edge25_event40_next_open_leg_specific_c5,2025-12,-0.009636418927137735
q60_edge25_event40_next_open_leg_specific_c5,2026-01,0.14336262251609988
q60_edge25_event40_next_open_leg_specific_c5,2026-02,0.035114842425380766
q60_edge25_event40_next_open_leg_specific_c5,2026-03,0.10163963408633703
q60_edge25_event40_next_open_leg_specific_c5,2026-04,-0.18649026353750953
q60_edge33_always_next_0934_close_leg_specific_c10,2024-11,0.04328219142540746
q60_edge33_always_next_0934_close_leg_specific_c10,2024-12,0.005734683364150285
q60_edge33_always_next_0934_close_leg_specific_c10,2025-01,-0.011240000374872714
q60_edge33_always_next_0934_close_leg_specific_c10,2025-02,-0.12256611837915932
q60_edge33_always_next_0934_close_leg_specific_c10,2025-03,0.4129034621309441
q60_edge33_always_next_0934_close_leg_specific_c10,2025-04,0.08626413647770947
q60_edge33_always_next_0934_close_leg_specific_c10,2025-05,0.16087841900966415
q60_edge33_always_next_0934_close_leg_specific_c10,2025-06,0.009122778479337405
q60_edge33_always_next_0934_close_leg_specific_c10,2025-07,-0.05883409793431882
q60_edge33_always_next_0934_close_leg_specific_c10,2025-08,-0.003100728754032663
q60_edge33_always_next_0934_close_leg_specific_c10,2025-09,0.027768792517489985
q60_edge33_always_next_0934_close_leg_specific_c10,2025-10,0.19775248909379162
q60_edge33_always_next_0934_close_leg_specific_c10,2025-11,0.12679307014675245
q60_edge33_always_next_0934_close_leg_specific_c10,2025-12,-0.008437718672557711
q60_edge33_always_next_0934_close_leg_specific_c10,2026-01,0.041220594006776134
q60_edge33_always_next_0934_close_leg_specific_c10,2026-02,0.16922437447889072
q60_edge33_always_next_0934_close_leg_specific_c10,2026-03,0.08618386908989151
q60_edge33_always_next_0934_close_leg_specific_c10,2026-04,-0.27706821630556766
q60_edge33_always_next_0934_close_leg_specific_c5,2024-11,0.04828219142540746
q60_edge33_always_next_0934_close_leg_specific_c5,2024-12,0.009734683364150287
q60_edge33_always_next_0934_close_leg_specific_c5,2025-01,-0.006240000374872712
q60_edge33_always_next_0934_close_leg_specific_c5,2025-02,-0.11356611837915931
q60_edge33_always_next_0934_close_leg_specific_c5,2025-03,0.4209034621309441
q60_edge33_always_next_0934_close_leg_specific_c5,2025-04,0.09526413647770948
q60_edge33_always_next_0934_close_leg_specific_c5,2025-05,0.16387841900966416
q60_edge33_always_next_0934_close_leg_specific_c5,2025-06,0.012122778479337404
q60_edge33_always_next_0934_close_leg_specific_c5,2025-07,-0.053834097934318814
q60_edge33_always_next_0934_close_leg_specific_c5,2025-08,0.0028992712459673387
q60_edge33_always_next_0934_close_leg_specific_c5,2025-09,0.03376879251748999
q60_edge33_always_next_0934_close_leg_specific_c5,2025-10,0.20775248909379163
q60_edge33_always_next_0934_close_leg_specific_c5,2025-11,0.13879307014675246
q60_edge33_always_next_0934_close_leg_specific_c5,2025-12,-0.006437718672557711
q60_edge33_always_next_0934_close_leg_specific_c5,2026-01,0.04622059400677614
q60_edge33_always_next_0934_close_leg_specific_c5,2026-02,0.18022437447889073
q60_edge33_always_next_0934_close_leg_specific_c5,2026-03,0.09618386908989152
q60_edge33_always_next_0934_close_leg_specific_c5,2026-04,-0.26706821630556765
q60_edge33_always_next_open_leg_specific_c10,2024-11,-0.0075994958438518855
q60_edge33_always_next_open_leg_specific_c10,2024-12,-0.04474638361310701
q60_edge33_always_next_open_leg_specific_c10,2025-01,-0.039284183780072035
q60_edge33_always_next_open_leg_specific_c10,2025-02,-0.1170920851715852
q60_edge33_always_next_open_leg_specific_c10,2025-03,0.3649773832567126
q60_edge33_always_next_open_leg_specific_c10,2025-04,0.07804753019947841
q60_edge33_always_next_open_leg_specific_c10,2025-05,0.15643213356110963
q60_edge33_always_next_open_leg_specific_c10,2025-06,-0.021192254220761875
q60_edge33_always_next_open_leg_specific_c10,2025-07,-0.06536720764779491
q60_edge33_always_next_open_leg_specific_c10,2025-08,0.01997450255782108
q60_edge33_always_next_open_leg_specific_c10,2025-09,0.019081176806281637
q60_edge33_always_next_open_leg_specific_c10,2025-10,0.23835459227526934
q60_edge33_always_next_open_leg_specific_c10,2025-11,0.07079974796162936
q60_edge33_always_next_open_leg_specific_c10,2025-12,-0.02447073845376468
q60_edge33_always_next_open_leg_specific_c10,2026-01,0.08390745241387121
q60_edge33_always_next_open_leg_specific_c10,2026-02,0.23180146834611703
q60_edge33_always_next_open_leg_specific_c10,2026-03,0.08101926351852973
q60_edge33_always_next_open_leg_specific_c10,2026-04,-0.18111053668194688
q60_edge33_always_next_open_leg_specific_c5,2024-11,-0.0025994958438518845
q60_edge33_always_next_open_leg_specific_c5,2024-12,-0.04074638361310701
q60_edge33_always_next_open_leg_specific_c5,2025-01,-0.03428418378007203
q60_edge33_always_next_open_leg_specific_c5,2025-02,-0.1080920851715852
q60_edge33_always_next_open_leg_specific_c5,2025-03,0.3729773832567126
q60_edge33_always_next_open_leg_specific_c5,2025-04,0.08704753019947842
q60_edge33_always_next_open_leg_specific_c5,2025-05,0.15943213356110963
q60_edge33_always_next_open_leg_specific_c5,2025-06,-0.018192254220761872
q60_edge33_always_next_open_leg_specific_c5,2025-07,-0.06036720764779491
q60_edge33_always_next_open_leg_specific_c5,2025-08,0.025974502557821078
q60_edge33_always_next_open_leg_specific_c5,2025-09,0.025081176806281635
q60_edge33_always_next_open_leg_specific_c5,2025-10,0.24835459227526935
q60_edge33_always_next_open_leg_specific_c5,2025-11,0.08279974796162937
q60_edge33_always_next_open_leg_specific_c5,2025-12,-0.022470738453764683
q60_edge33_always_next_open_leg_specific_c5,2026-01,0.08890745241387121
q60_edge33_always_next_open_leg_specific_c5,2026-02,0.24280146834611704
q60_edge33_always_next_open_leg_specific_c5,2026-03,0.09101926351852974
q60_edge33_always_next_open_leg_specific_c5,2026-04,-0.17111053668194687
q60_edge33_event10_next_0934_close_leg_specific_c10,2024-11,0.04940246279122018
q60_edge33_event10_next_0934_close_leg_specific_c10,2024-12,0.0323930974128972
q60_edge33_event10_next_0934_close_leg_specific_c10,2025-01,0.0
q60_edge33_event10_next_0934_close_leg_specific_c10,2025-02,-0.03813138686131379
q60_edge33_event10_next_0934_close_leg_specific_c10,2025-03,0.21913633616219685
q60_edge33_event10_next_0934_close_leg_specific_c10,2025-04,0.08626413647770947
q60_edge33_event10_next_0934_close_leg_specific_c10,2025-05,0.0
q60_edge33_event10_next_0934_close_leg_specific_c10,2025-06,-0.01536183858898965
q60_edge33_event10_next_0934_close_leg_specific_c10,2025-07,-0.1089351259575454
q60_edge33_event10_next_0934_close_leg_specific_c10,2025-08,-0.021053341064510064
q60_edge33_event10_next_0934_close_leg_specific_c10,2025-09,0.030858000843955402
q60_edge33_event10_next_0934_close_leg_specific_c10,2025-10,0.09300003640084609
q60_edge33_event10_next_0934_close_leg_specific_c10,2025-11,0.03056114615035877
q60_edge33_event10_next_0934_close_leg_specific_c10,2025-12,-0.008437718672557711
q60_edge33_event10_next_0934_close_leg_specific_c10,2026-01,0.11509155093655643
q60_edge33_event10_next_0934_close_leg_specific_c10,2026-02,0.12565475422572614
q60_edge33_event10_next_0934_close_leg_specific_c10,2026-03,-0.004379905980423704
q60_edge33_event10_next_0934_close_leg_specific_c10,2026-04,-0.1535672361313296
q60_edge33_event10_next_0934_close_leg_specific_c5,2024-11,0.05240246279122018
q60_edge33_event10_next_0934_close_leg_specific_c5,2024-12,0.0343930974128972
q60_edge33_event10_next_0934_close_leg_specific_c5,2025-01,0.0
q60_edge33_event10_next_0934_close_leg_specific_c5,2025-02,-0.037131386861313787
q60_edge33_event10_next_0934_close_leg_specific_c5,2025-03,0.22413633616219686
q60_edge33_event10_next_0934_close_leg_specific_c5,2025-04,0.09526413647770948
q60_edge33_event10_next_0934_close_leg_specific_c5,2025-05,0.0
q60_edge33_event10_next_0934_close_leg_specific_c5,2025-06,-0.01436183858898965
q60_edge33_event10_next_0934_close_leg_specific_c5,2025-07,-0.1059351259575454
q60_edge33_event10_next_0934_close_leg_specific_c5,2025-08,-0.018053341064510064
q60_edge33_event10_next_0934_close_leg_specific_c5,2025-09,0.032858000843955404
q60_edge33_event10_next_0934_close_leg_specific_c5,2025-10,0.09500003640084609
q60_edge33_event10_next_0934_close_leg_specific_c5,2025-11,0.03756114615035877
q60_edge33_event10_next_0934_close_leg_specific_c5,2025-12,-0.006437718672557711
q60_edge33_event10_next_0934_close_leg_specific_c5,2026-01,0.11809155093655643
q60_edge33_event10_next_0934_close_leg_specific_c5,2026-02,0.13565475422572615
q60_edge33_event10_next_0934_close_leg_specific_c5,2026-03,0.0006200940195763005
q60_edge33_event10_next_0934_close_leg_specific_c5,2026-04,-0.1495672361313296
q60_edge33_event10_next_open_leg_specific_c10,2024-11,0.016851710074267334
q60_edge33_event10_next_open_leg_specific_c10,2024-12,0.0012410123377689652
q60_edge33_event10_next_open_leg_specific_c10,2025-01,0.0
q60_edge33_event10_next_open_leg_specific_c10,2025-02,-0.04652554744525539
q60_edge33_event10_next_open_leg_specific_c10,2025-03,0.17154594496795095
q60_edge33_event10_next_open_leg_specific_c10,2025-04,0.07804753019947841
q60_edge33_event10_next_open_leg_specific_c10,2025-05,0.0
q60_edge33_event10_next_open_leg_specific_c10,2025-06,-0.029258150721539256
q60_edge33_event10_next_open_leg_specific_c10,2025-07,-0.10090261421524138
q60_edge33_event10_next_open_leg_specific_c10,2025-08,0.01309649996330076
q60_edge33_event10_next_open_leg_specific_c10,2025-09,0.010665546242942693
q60_edge33_event10_next_open_leg_specific_c10,2025-10,0.1082555582069753
q60_edge33_event10_next_open_leg_specific_c10,2025-11,-0.04056658761025289
q60_edge33_event10_next_open_leg_specific_c10,2025-12,-0.02447073845376468
q60_edge33_event10_next_open_leg_specific_c10,2026-01,0.14036262251609988
q60_edge33_event10_next_open_leg_specific_c10,2026-02,0.20595336708029433
q60_edge33_event10_next_open_leg_specific_c10,2026-03,0.05437949181298474
q60_edge33_event10_next_open_leg_specific_c10,2026-04,-0.10777521012976421
q60_edge33_event10_next_open_leg_specific_c5,2024-11,0.019851710074267337
q60_edge33_event10_next_open_leg_specific_c5,2024-12,0.003241012337768967
q60_edge33_event10_next_open_leg_specific_c5,2025-01,0.0
q60_edge33_event10_next_open_leg_specific_c5,2025-02,-0.04552554744525539
q60_edge33_event10_next_open_leg_specific_c5,2025-03,0.17654594496795095
q60_edge33_event10_next_open_leg_specific_c5,2025-04,0.08704753019947842
q60_edge33_event10_next_open_leg_specific_c5,2025-05,0.0
q60_edge33_event10_next_open_leg_specific_c5,2025-06,-0.028258150721539255
q60_edge33_event10_next_open_leg_specific_c5,2025-07,-0.09790261421524138
q60_edge33_event10_next_open_leg_specific_c5,2025-08,0.01609649996330076
q60_edge33_event10_next_open_leg_specific_c5,2025-09,0.012665546242942693
q60_edge33_event10_next_open_leg_specific_c5,2025-10,0.1102555582069753
q60_edge33_event10_next_open_leg_specific_c5,2025-11,-0.033566587610252885
q60_edge33_event10_next_open_leg_specific_c5,2025-12,-0.022470738453764683
q60_edge33_event10_next_open_leg_specific_c5,2026-01,0.14336262251609988
q60_edge33_event10_next_open_leg_specific_c5,2026-02,0.21595336708029433
q60_edge33_event10_next_open_leg_specific_c5,2026-03,0.05937949181298474
q60_edge33_event10_next_open_leg_specific_c5,2026-04,-0.1037752101297642
q60_edge33_event20_next_0934_close_leg_specific_c10,2024-11,0.04328219142540746
q60_edge33_event20_next_0934_close_leg_specific_c10,2024-12,0.0323930974128972
q60_edge33_event20_next_0934_close_leg_specific_c10,2025-01,0.0530862641008627
q60_edge33_event20_next_0934_close_leg_specific_c10,2025-02,-0.0616440710196865
q60_edge33_event20_next_0934_close_leg_specific_c10,2025-03,0.3006017861532905
q60_edge33_event20_next_0934_close_leg_specific_c10,2025-04,0.231517095706118
q60_edge33_event20_next_0934_close_leg_specific_c10,2025-05,0.009339773204536385
q60_edge33_event20_next_0934_close_leg_specific_c10,2025-06,-0.01536183858898965
q60_edge33_event20_next_0934_close_leg_specific_c10,2025-07,-0.09365800087115972
q60_edge33_event20_next_0934_close_leg_specific_c10,2025-08,-0.021053341064510064
q60_edge33_event20_next_0934_close_leg_specific_c10,2025-09,0.030858000843955402
q60_edge33_event20_next_0934_close_leg_specific_c10,2025-10,0.11866802059056947
q60_edge33_event20_next_0934_close_leg_specific_c10,2025-11,-0.012486091152396399
q60_edge33_event20_next_0934_close_leg_specific_c10,2025-12,-0.0034791387909013354
q60_edge33_event20_next_0934_close_leg_specific_c10,2026-01,0.017579568365750364
q60_edge33_event20_next_0934_close_leg_specific_c10,2026-02,0.06512815535706717
q60_edge33_event20_next_0934_close_leg_specific_c10,2026-03,0.08618386908989151
q60_edge33_event20_next_0934_close_leg_specific_c10,2026-04,-0.3044779621457232
q60_edge33_event20_next_0934_close_leg_specific_c5,2024-11,0.04828219142540746
q60_edge33_event20_next_0934_close_leg_specific_c5,2024-12,0.0343930974128972
q60_edge33_event20_next_0934_close_leg_specific_c5,2025-01,0.0540862641008627
q60_edge33_event20_next_0934_close_leg_specific_c5,2025-02,-0.058644071019686494
q60_edge33_event20_next_0934_close_leg_specific_c5,2025-03,0.3076017861532905
q60_edge33_event20_next_0934_close_leg_specific_c5,2025-04,0.239517095706118
q60_edge33_event20_next_0934_close_leg_specific_c5,2025-05,0.010339773204536384
q60_edge33_event20_next_0934_close_leg_specific_c5,2025-06,-0.01436183858898965
q60_edge33_event20_next_0934_close_leg_specific_c5,2025-07,-0.08965800087115972
q60_edge33_event20_next_0934_close_leg_specific_c5,2025-08,-0.018053341064510064
q60_edge33_event20_next_0934_close_leg_specific_c5,2025-09,0.032858000843955404
q60_edge33_event20_next_0934_close_leg_specific_c5,2025-10,0.12166802059056947
q60_edge33_event20_next_0934_close_leg_specific_c5,2025-11,-0.004486091152396399
q60_edge33_event20_next_0934_close_leg_specific_c5,2025-12,-0.0024791387909013354
q60_edge33_event20_next_0934_close_leg_specific_c5,2026-01,0.021579568365750368
q60_edge33_event20_next_0934_close_leg_specific_c5,2026-02,0.07312815535706718
q60_edge33_event20_next_0934_close_leg_specific_c5,2026-03,0.09618386908989152
q60_edge33_event20_next_0934_close_leg_specific_c5,2026-04,-0.3004779621457232
q60_edge33_event20_next_open_leg_specific_c10,2024-11,-0.0075994958438518855
q60_edge33_event20_next_open_leg_specific_c10,2024-12,0.0012410123377689652
q60_edge33_event20_next_open_leg_specific_c10,2025-01,0.06070736562707357
q60_edge33_event20_next_open_leg_specific_c10,2025-02,-0.014650189693989563
q60_edge33_event20_next_open_leg_specific_c10,2025-03,0.26298082115959154
q60_edge33_event20_next_open_leg_specific_c10,2025-04,0.1988550707518676
q60_edge33_event20_next_open_leg_specific_c10,2025-05,0.021939521209576318
q60_edge33_event20_next_open_leg_specific_c10,2025-06,-0.029258150721539256
q60_edge33_event20_next_open_leg_specific_c10,2025-07,-0.0980650191910537
q60_edge33_event20_next_open_leg_specific_c10,2025-08,0.01309649996330076
q60_edge33_event20_next_open_leg_specific_c10,2025-09,0.010665546242942693
q60_edge33_event20_next_open_leg_specific_c10,2025-10,0.1310489466367275
q60_edge33_event20_next_open_leg_specific_c10,2025-11,-0.07346617663049759
q60_edge33_event20_next_open_leg_specific_c10,2025-12,-0.010636418927137735
q60_edge33_event20_next_open_leg_specific_c10,2026-01,0.04032340682982527
q60_edge33_event20_next_open_leg_specific_c10,2026-02,0.12006433737487565
q60_edge33_event20_next_open_leg_specific_c10,2026-03,0.08101926351852973
q60_edge33_event20_next_open_leg_specific_c10,2026-04,-0.2494360549834791
q60_edge33_event20_next_open_leg_specific_c5,2024-11,-0.0025994958438518845
q60_edge33_event20_next_open_leg_specific_c5,2024-12,0.003241012337768967
q60_edge33_event20_next_open_leg_specific_c5,2025-01,0.061707365627073574
q60_edge33_event20_next_open_leg_specific_c5,2025-02,-0.011650189693989564
q60_edge33_event20_next_open_leg_specific_c5,2025-03,0.26998082115959154
q60_edge33_event20_next_open_leg_specific_c5,2025-04,0.2068550707518676
q60_edge33_event20_next_open_leg_specific_c5,2025-05,0.02293952120957632
q60_edge33_event20_next_open_leg_specific_c5,2025-06,-0.028258150721539255
q60_edge33_event20_next_open_leg_specific_c5,2025-07,-0.0940650191910537
q60_edge33_event20_next_open_leg_specific_c5,2025-08,0.01609649996330076
q60_edge33_event20_next_open_leg_specific_c5,2025-09,0.012665546242942693
q60_edge33_event20_next_open_leg_specific_c5,2025-10,0.1340489466367275
q60_edge33_event20_next_open_leg_specific_c5,2025-11,-0.06546617663049759
q60_edge33_event20_next_open_leg_specific_c5,2025-12,-0.009636418927137735
q60_edge33_event20_next_open_leg_specific_c5,2026-01,0.044323406829825274
q60_edge33_event20_next_open_leg_specific_c5,2026-02,0.12806433737487566
q60_edge33_event20_next_open_leg_specific_c5,2026-03,0.09101926351852974
q60_edge33_event20_next_open_leg_specific_c5,2026-04,-0.2454360549834791
q60_edge33_event40_next_0934_close_leg_specific_c10,2024-11,0.04940246279122018
q60_edge33_event40_next_0934_close_leg_specific_c10,2024-12,0.0323930974128972
q60_edge33_event40_next_0934_close_leg_specific_c10,2025-01,0.0530862641008627
q60_edge33_event40_next_0934_close_leg_specific_c10,2025-02,-0.06543360484585647
q60_edge33_event40_next_0934_close_leg_specific_c10,2025-03,0.22471233891710984
q60_edge33_event40_next_0934_close_leg_specific_c10,2025-04,0.08626413647770947
q60_edge33_event40_next_0934_close_leg_specific_c10,2025-05,0.10699952424188064
q60_edge33_event40_next_0934_close_leg_specific_c10,2025-06,0.009122778479337405
q60_edge33_event40_next_0934_close_leg_specific_c10,2025-07,-0.09365800087115972
q60_edge33_event40_next_0934_close_leg_specific_c10,2025-08,-0.021053341064510064
q60_edge33_event40_next_0934_close_leg_specific_c10,2025-09,0.030858000843955402
q60_edge33_event40_next_0934_close_leg_specific_c10,2025-10,0.21717859681230545
q60_edge33_event40_next_0934_close_leg_specific_c10,2025-11,0.03056114615035877
q60_edge33_event40_next_0934_close_leg_specific_c10,2025-12,-0.0034791387909013354
q60_edge33_event40_next_0934_close_leg_specific_c10,2026-01,0.11509155093655643
q60_edge33_event40_next_0934_close_leg_specific_c10,2026-02,0.041309973538885325
q60_edge33_event40_next_0934_close_leg_specific_c10,2026-03,0.08618386908989151
q60_edge33_event40_next_0934_close_leg_specific_c10,2026-04,-0.2462383481617263
q60_edge33_event40_next_0934_close_leg_specific_c5,2024-11,0.05240246279122018
q60_edge33_event40_next_0934_close_leg_specific_c5,2024-12,0.0343930974128972
q60_edge33_event40_next_0934_close_leg_specific_c5,2025-01,0.0540862641008627
q60_edge33_event40_next_0934_close_leg_specific_c5,2025-02,-0.06043360484585647
q60_edge33_event40_next_0934_close_leg_specific_c5,2025-03,0.23071233891710985
q60_edge33_event40_next_0934_close_leg_specific_c5,2025-04,0.09526413647770948
q60_edge33_event40_next_0934_close_leg_specific_c5,2025-05,0.10899952424188064
q60_edge33_event40_next_0934_close_leg_specific_c5,2025-06,0.012122778479337404
q60_edge33_event40_next_0934_close_leg_specific_c5,2025-07,-0.08965800087115972
q60_edge33_event40_next_0934_close_leg_specific_c5,2025-08,-0.018053341064510064
q60_edge33_event40_next_0934_close_leg_specific_c5,2025-09,0.032858000843955404
q60_edge33_event40_next_0934_close_leg_specific_c5,2025-10,0.22117859681230545
q60_edge33_event40_next_0934_close_leg_specific_c5,2025-11,0.03756114615035877
q60_edge33_event40_next_0934_close_leg_specific_c5,2025-12,-0.0024791387909013354
q60_edge33_event40_next_0934_close_leg_specific_c5,2026-01,0.11809155093655643
q60_edge33_event40_next_0934_close_leg_specific_c5,2026-02,0.04730997353888533
q60_edge33_event40_next_0934_close_leg_specific_c5,2026-03,0.09618386908989152
q60_edge33_event40_next_0934_close_leg_specific_c5,2026-04,-0.2392383481617263
q60_edge33_event40_next_open_leg_specific_c10,2024-11,0.016851710074267334
q60_edge33_event40_next_open_leg_specific_c10,2024-12,0.0012410123377689652
q60_edge33_event40_next_open_leg_specific_c10,2025-01,0.06070736562707357
q60_edge33_event40_next_open_leg_specific_c10,2025-02,-0.025236440014644312
q60_edge33_event40_next_open_leg_specific_c10,2025-03,0.18876641579945763
q60_edge33_event40_next_open_leg_specific_c10,2025-04,0.07804753019947841
q60_edge33_event40_next_open_leg_specific_c10,2025-05,0.08964906477804102
q60_edge33_event40_next_open_leg_specific_c10,2025-06,-0.021192254220761875
q60_edge33_event40_next_open_leg_specific_c10,2025-07,-0.0980650191910537
q60_edge33_event40_next_open_leg_specific_c10,2025-08,0.01309649996330076
q60_edge33_event40_next_open_leg_specific_c10,2025-09,0.010665546242942693
q60_edge33_event40_next_open_leg_specific_c10,2025-10,0.24443917274905425
q60_edge33_event40_next_open_leg_specific_c10,2025-11,-0.04056658761025289
q60_edge33_event40_next_open_leg_specific_c10,2025-12,-0.010636418927137735
q60_edge33_event40_next_open_leg_specific_c10,2026-01,0.14036262251609988
q60_edge33_event40_next_open_leg_specific_c10,2026-02,0.02911484242538076
q60_edge33_event40_next_open_leg_specific_c10,2026-03,0.08101926351852973
q60_edge33_event40_next_open_leg_specific_c10,2026-04,-0.19349026353750953
q60_edge33_event40_next_open_leg_specific_c5,2024-11,0.019851710074267337
q60_edge33_event40_next_open_leg_specific_c5,2024-12,0.003241012337768967
q60_edge33_event40_next_open_leg_specific_c5,2025-01,0.061707365627073574
q60_edge33_event40_next_open_leg_specific_c5,2025-02,-0.020236440014644308
q60_edge33_event40_next_open_leg_specific_c5,2025-03,0.19476641579945764
q60_edge33_event40_next_open_leg_specific_c5,2025-04,0.08704753019947842
q60_edge33_event40_next_open_leg_specific_c5,2025-05,0.09164906477804102
q60_edge33_event40_next_open_leg_specific_c5,2025-06,-0.018192254220761872
q60_edge33_event40_next_open_leg_specific_c5,2025-07,-0.0940650191910537
q60_edge33_event40_next_open_leg_specific_c5,2025-08,0.01609649996330076
q60_edge33_event40_next_open_leg_specific_c5,2025-09,0.012665546242942693
q60_edge33_event40_next_open_leg_specific_c5,2025-10,0.24843917274905425
q60_edge33_event40_next_open_leg_specific_c5,2025-11,-0.033566587610252885
q60_edge33_event40_next_open_leg_specific_c5,2025-12,-0.009636418927137735
q60_edge33_event40_next_open_leg_specific_c5,2026-01,0.14336262251609988
q60_edge33_event40_next_open_leg_specific_c5,2026-02,0.035114842425380766
q60_edge33_event40_next_open_leg_specific_c5,2026-03,0.09101926351852974
q60_edge33_event40_next_open_leg_specific_c5,2026-04,-0.18649026353750953
