variant,month,net_pnl
tail02_reclaim00_all_1200_c5,2024-11,-0.019576315950220018
tail02_reclaim00_all_1200_c5,2024-12,-0.1283565762338006
tail02_reclaim00_all_1200_c5,2025-01,-0.24584579081616986
tail02_reclaim00_all_1200_c5,2025-02,-0.014741491760148606
tail02_reclaim00_all_1200_c5,2025-03,-0.09034385556793889
tail02_reclaim00_all_1200_c5,2025-04,0.20928569028120692
tail02_reclaim00_all_1200_c5,2025-05,0.09294063980762901
tail02_reclaim00_all_1200_c5,2025-06,0.010729422139752589
tail02_reclaim00_all_1200_c5,2025-07,-0.029483447332661446
tail02_reclaim00_all_1200_c5,2025-08,-0.1483714617268097
tail02_reclaim00_all_1200_c5,2025-09,-0.04314744783441904
tail02_reclaim00_all_1200_c5,2025-10,-0.017974762014541623
tail02_reclaim00_all_1200_c5,2025-11,0.0076125475202959425
tail02_reclaim00_all_1200_c5,2025-12,0.023009454917903023
tail02_reclaim00_all_1200_c5,2026-01,-0.10485509434857615
tail02_reclaim00_all_1200_c5,2026-02,-0.13374863918894886
tail02_reclaim00_all_1200_c5,2026-03,0.051897824225469624
tail02_reclaim00_all_1200_c5,2026-04,0.005652674857223374
tail02_reclaim00_all_1200_c10,2024-11,-0.03357631595022002
tail02_reclaim00_all_1200_c10,2024-12,-0.1413565762338006
tail02_reclaim00_all_1200_c10,2025-01,-0.25684579081616987
tail02_reclaim00_all_1200_c10,2025-02,-0.025741491760148612
tail02_reclaim00_all_1200_c10,2025-03,-0.10234385556793889
tail02_reclaim00_all_1200_c10,2025-04,0.2002856902812069
tail02_reclaim00_all_1200_c10,2025-05,0.085940639807629
tail02_reclaim00_all_1200_c10,2025-06,-0.00027057786024740904
tail02_reclaim00_all_1200_c10,2025-07,-0.038483447332661444
tail02_reclaim00_all_1200_c10,2025-08,-0.16137146172680972
tail02_reclaim00_all_1200_c10,2025-09,-0.05214744783441904
tail02_reclaim00_all_1200_c10,2025-10,-0.030974762014541628
tail02_reclaim00_all_1200_c10,2025-11,-0.003387452479704064
tail02_reclaim00_all_1200_c10,2025-12,0.011009454917903023
tail02_reclaim00_all_1200_c10,2026-01,-0.11685509434857615
tail02_reclaim00_all_1200_c10,2026-02,-0.14474863918894887
tail02_reclaim00_all_1200_c10,2026-03,0.03889782422546963
tail02_reclaim00_all_1200_c10,2026-04,-0.00634732514277663
tail02_reclaim00_all_1200_c20,2024-11,-0.06157631595022001
tail02_reclaim00_all_1200_c20,2024-12,-0.16735657623380057
tail02_reclaim00_all_1200_c20,2025-01,-0.2788457908161699
tail02_reclaim00_all_1200_c20,2025-02,-0.04774149176014861
tail02_reclaim00_all_1200_c20,2025-03,-0.1263438555679389
tail02_reclaim00_all_1200_c20,2025-04,0.18228569028120692
tail02_reclaim00_all_1200_c20,2025-05,0.07194063980762899
tail02_reclaim00_all_1200_c20,2025-06,-0.022270577860247408
tail02_reclaim00_all_1200_c20,2025-07,-0.056483447332661446
tail02_reclaim00_all_1200_c20,2025-08,-0.1873714617268097
tail02_reclaim00_all_1200_c20,2025-09,-0.07014744783441904
tail02_reclaim00_all_1200_c20,2025-10,-0.056974762014541616
tail02_reclaim00_all_1200_c20,2025-11,-0.02538745247970406
tail02_reclaim00_all_1200_c20,2025-12,-0.012990545082096974
tail02_reclaim00_all_1200_c20,2026-01,-0.14085509434857615
tail02_reclaim00_all_1200_c20,2026-02,-0.1667486391889489
tail02_reclaim00_all_1200_c20,2026-03,0.012897824225469628
tail02_reclaim00_all_1200_c20,2026-04,-0.030347325142776632
tail02_reclaim00_all_final_c5,2024-11,0.05130955047307606
tail02_reclaim00_all_final_c5,2024-12,-0.16055118596708706
tail02_reclaim00_all_final_c5,2025-01,-0.2429107523173999
tail02_reclaim00_all_final_c5,2025-02,-0.031001618721471447
tail02_reclaim00_all_final_c5,2025-03,-0.12778341533580584
tail02_reclaim00_all_final_c5,2025-04,0.29628453387121245
tail02_reclaim00_all_final_c5,2025-05,0.12338807199627544
tail02_reclaim00_all_final_c5,2025-06,-0.11318934335458075
tail02_reclaim00_all_final_c5,2025-07,-0.018799769296744373
tail02_reclaim00_all_final_c5,2025-08,-0.2398758986585383
tail02_reclaim00_all_final_c5,2025-09,0.0002786531774723322
tail02_reclaim00_all_final_c5,2025-10,-0.06461495689332242
tail02_reclaim00_all_final_c5,2025-11,-0.009007877773085537
tail02_reclaim00_all_final_c5,2025-12,0.03145384348105151
tail02_reclaim00_all_final_c5,2026-01,-0.11500892848473604
tail02_reclaim00_all_final_c5,2026-02,-0.16072052644238627
tail02_reclaim00_all_final_c5,2026-03,0.10421066425039222
tail02_reclaim00_all_final_c5,2026-04,0.08062513085058504
tail02_reclaim00_all_final_c10,2024-11,0.037309550473076054
tail02_reclaim00_all_final_c10,2024-12,-0.17355118596708707
tail02_reclaim00_all_final_c10,2025-01,-0.2539107523173999
tail02_reclaim00_all_final_c10,2025-02,-0.042001618721471456
tail02_reclaim00_all_final_c10,2025-03,-0.13978341533580585
tail02_reclaim00_all_final_c10,2025-04,0.28728453387121244
tail02_reclaim00_all_final_c10,2025-05,0.11538807199627543
tail02_reclaim00_all_final_c10,2025-06,-0.12518934335458076
tail02_reclaim00_all_final_c10,2025-07,-0.027799769296744367
tail02_reclaim00_all_final_c10,2025-08,-0.2528758986585383
tail02_reclaim00_all_final_c10,2025-09,-0.009721346822527666
tail02_reclaim00_all_final_c10,2025-10,-0.07761495689332241
tail02_reclaim00_all_final_c10,2025-11,-0.020007877773085544
tail02_reclaim00_all_final_c10,2025-12,0.019453843481051517
tail02_reclaim00_all_final_c10,2026-01,-0.12700892848473605
tail02_reclaim00_all_final_c10,2026-02,-0.17172052644238628
tail02_reclaim00_all_final_c10,2026-03,0.0902106642503922
tail02_reclaim00_all_final_c10,2026-04,0.06862513085058503
tail02_reclaim00_all_final_c20,2024-11,0.00930955047307605
tail02_reclaim00_all_final_c20,2024-12,-0.19955118596708707
tail02_reclaim00_all_final_c20,2025-01,-0.2759107523173999
tail02_reclaim00_all_final_c20,2025-02,-0.06400161872147145
tail02_reclaim00_all_final_c20,2025-03,-0.16378341533580584
tail02_reclaim00_all_final_c20,2025-04,0.26928453387121243
tail02_reclaim00_all_final_c20,2025-05,0.09938807199627545
tail02_reclaim00_all_final_c20,2025-06,-0.14918934335458076
tail02_reclaim00_all_final_c20,2025-07,-0.04579976929674437
tail02_reclaim00_all_final_c20,2025-08,-0.27887589865853835
tail02_reclaim00_all_final_c20,2025-09,-0.029721346822527667
tail02_reclaim00_all_final_c20,2025-10,-0.10361495689332241
tail02_reclaim00_all_final_c20,2025-11,-0.04200787777308556
tail02_reclaim00_all_final_c20,2025-12,-0.0045461565189484805
tail02_reclaim00_all_final_c20,2026-01,-0.15100892848473604
tail02_reclaim00_all_final_c20,2026-02,-0.19372052644238627
tail02_reclaim00_all_final_c20,2026-03,0.06221066425039222
tail02_reclaim00_all_final_c20,2026-04,0.04462513085058504
tail02_reclaim00_participation_q50_1200_c5,2024-11,-0.01544939503192088
tail02_reclaim00_participation_q50_1200_c5,2024-12,-0.1251863535103689
tail02_reclaim00_participation_q50_1200_c5,2025-01,-0.21859336954439224
tail02_reclaim00_participation_q50_1200_c5,2025-02,-0.048479262882981766
tail02_reclaim00_participation_q50_1200_c5,2025-03,-0.07679379364462224
tail02_reclaim00_participation_q50_1200_c5,2025-04,0.1272532493757017
tail02_reclaim00_participation_q50_1200_c5,2025-05,0.09294063980762901
tail02_reclaim00_participation_q50_1200_c5,2025-06,0.01455646187660753
tail02_reclaim00_participation_q50_1200_c5,2025-07,-0.036195718049288395
tail02_reclaim00_participation_q50_1200_c5,2025-08,-0.11608065366938902
tail02_reclaim00_participation_q50_1200_c5,2025-09,-0.008370313380362093
tail02_reclaim00_participation_q50_1200_c5,2025-10,-0.02411425651543575
tail02_reclaim00_participation_q50_1200_c5,2025-11,0.03418598238219306
tail02_reclaim00_participation_q50_1200_c5,2025-12,0.0199770272989524
tail02_reclaim00_participation_q50_1200_c5,2026-01,-0.11996253858318562
tail02_reclaim00_participation_q50_1200_c5,2026-02,-0.13654981471747585
tail02_reclaim00_participation_q50_1200_c5,2026-03,0.06888341882248183
tail02_reclaim00_participation_q50_1200_c5,2026-04,0.02339590002596892
tail02_reclaim00_participation_q50_1200_c10,2024-11,-0.02844939503192089
tail02_reclaim00_participation_q50_1200_c10,2024-12,-0.1331863535103689
tail02_reclaim00_participation_q50_1200_c10,2025-01,-0.22759336954439224
tail02_reclaim00_participation_q50_1200_c10,2025-02,-0.057479262882981774
tail02_reclaim00_participation_q50_1200_c10,2025-03,-0.08379379364462225
tail02_reclaim00_participation_q50_1200_c10,2025-04,0.1212532493757017
tail02_reclaim00_participation_q50_1200_c10,2025-05,0.085940639807629
tail02_reclaim00_participation_q50_1200_c10,2025-06,0.006556461876607527
tail02_reclaim00_participation_q50_1200_c10,2025-07,-0.043195718049288394
tail02_reclaim00_participation_q50_1200_c10,2025-08,-0.12808065366938903
tail02_reclaim00_participation_q50_1200_c10,2025-09,-0.014370313380362095
tail02_reclaim00_participation_q50_1200_c10,2025-10,-0.03411425651543575
tail02_reclaim00_participation_q50_1200_c10,2025-11,0.027185982382193052
tail02_reclaim00_participation_q50_1200_c10,2025-12,0.010977027298952401
tail02_reclaim00_participation_q50_1200_c10,2026-01,-0.13096253858318563
tail02_reclaim00_participation_q50_1200_c10,2026-02,-0.14554981471747586
tail02_reclaim00_participation_q50_1200_c10,2026-03,0.05588341882248183
tail02_reclaim00_participation_q50_1200_c10,2026-04,0.01139590002596892
tail02_reclaim00_participation_q50_1200_c20,2024-11,-0.05444939503192088
tail02_reclaim00_participation_q50_1200_c20,2024-12,-0.14918635351036888
tail02_reclaim00_participation_q50_1200_c20,2025-01,-0.24559336954439223
tail02_reclaim00_participation_q50_1200_c20,2025-02,-0.07547926288298176
tail02_reclaim00_participation_q50_1200_c20,2025-03,-0.09779379364462225
tail02_reclaim00_participation_q50_1200_c20,2025-04,0.1092532493757017
tail02_reclaim00_participation_q50_1200_c20,2025-05,0.07194063980762899
tail02_reclaim00_participation_q50_1200_c20,2025-06,-0.009443538123392468
tail02_reclaim00_participation_q50_1200_c20,2025-07,-0.0571957180492884
tail02_reclaim00_participation_q50_1200_c20,2025-08,-0.15208065366938903
tail02_reclaim00_participation_q50_1200_c20,2025-09,-0.02637031338036209
tail02_reclaim00_participation_q50_1200_c20,2025-10,-0.05411425651543575
tail02_reclaim00_participation_q50_1200_c20,2025-11,0.01318598238219305
tail02_reclaim00_participation_q50_1200_c20,2025-12,-0.007022972701047594
tail02_reclaim00_participation_q50_1200_c20,2026-01,-0.15296253858318562
tail02_reclaim00_participation_q50_1200_c20,2026-02,-0.16354981471747587
tail02_reclaim00_participation_q50_1200_c20,2026-03,0.02988341882248184
tail02_reclaim00_participation_q50_1200_c20,2026-04,-0.012604099974031086
tail02_reclaim00_participation_q50_final_c5,2024-11,0.024479063439552973
tail02_reclaim00_participation_q50_final_c5,2024-12,-0.13031557777460379
tail02_reclaim00_participation_q50_final_c5,2025-01,-0.17403391289612513
tail02_reclaim00_participation_q50_final_c5,2025-02,-0.07787431438081982
tail02_reclaim00_participation_q50_final_c5,2025-03,-0.07475393511625972
tail02_reclaim00_participation_q50_final_c5,2025-04,0.18248489517263256
tail02_reclaim00_participation_q50_final_c5,2025-05,0.12338807199627544
tail02_reclaim00_participation_q50_final_c5,2025-06,0.022946933091917643
tail02_reclaim00_participation_q50_final_c5,2025-07,-0.024747525252068858
tail02_reclaim00_participation_q50_final_c5,2025-08,-0.18863278682709583
tail02_reclaim00_participation_q50_final_c5,2025-09,0.02593383548077066
tail02_reclaim00_participation_q50_final_c5,2025-10,-0.051859948280820634
tail02_reclaim00_participation_q50_final_c5,2025-11,0.07992381069443988
tail02_reclaim00_participation_q50_final_c5,2025-12,0.017650930179620272
tail02_reclaim00_participation_q50_final_c5,2026-01,-0.12425196017159423
tail02_reclaim00_participation_q50_final_c5,2026-02,-0.11587183465046985
tail02_reclaim00_participation_q50_final_c5,2026-03,0.1335860183569696
tail02_reclaim00_participation_q50_final_c5,2026-04,0.07830463651829467
tail02_reclaim00_participation_q50_final_c10,2024-11,0.011479063439552968
tail02_reclaim00_participation_q50_final_c10,2024-12,-0.1383155777746038
tail02_reclaim00_participation_q50_final_c10,2025-01,-0.18303391289612514
tail02_reclaim00_participation_q50_final_c10,2025-02,-0.08687431438081983
tail02_reclaim00_participation_q50_final_c10,2025-03,-0.08175393511625972
tail02_reclaim00_participation_q50_final_c10,2025-04,0.17648489517263255
tail02_reclaim00_participation_q50_final_c10,2025-05,0.11538807199627543
tail02_reclaim00_participation_q50_final_c10,2025-06,0.013946933091917635
tail02_reclaim00_participation_q50_final_c10,2025-07,-0.03174752525206886
tail02_reclaim00_participation_q50_final_c10,2025-08,-0.20063278682709584
tail02_reclaim00_participation_q50_final_c10,2025-09,0.019933835480770663
tail02_reclaim00_participation_q50_final_c10,2025-10,-0.061859948280820636
tail02_reclaim00_participation_q50_final_c10,2025-11,0.07292381069443987
tail02_reclaim00_participation_q50_final_c10,2025-12,0.008650930179620278
tail02_reclaim00_participation_q50_final_c10,2026-01,-0.13525196017159424
tail02_reclaim00_participation_q50_final_c10,2026-02,-0.12487183465046986
tail02_reclaim00_participation_q50_final_c10,2026-03,0.12058601835696958
tail02_reclaim00_participation_q50_final_c10,2026-04,0.06630463651829466
tail02_reclaim00_participation_q50_final_c20,2024-11,-0.014520936560447048
tail02_reclaim00_participation_q50_final_c20,2024-12,-0.1543155777746038
tail02_reclaim00_participation_q50_final_c20,2025-01,-0.20103391289612513
tail02_reclaim00_participation_q50_final_c20,2025-02,-0.10487431438081982
tail02_reclaim00_participation_q50_final_c20,2025-03,-0.09575393511625972
tail02_reclaim00_participation_q50_final_c20,2025-04,0.16448489517263254
tail02_reclaim00_participation_q50_final_c20,2025-05,0.09938807199627545
tail02_reclaim00_participation_q50_final_c20,2025-06,-0.004053066908082357
tail02_reclaim00_participation_q50_final_c20,2025-07,-0.04574752525206886
tail02_reclaim00_participation_q50_final_c20,2025-08,-0.22463278682709584
tail02_reclaim00_participation_q50_final_c20,2025-09,0.007933835480770663
tail02_reclaim00_participation_q50_final_c20,2025-10,-0.08185994828082063
tail02_reclaim00_participation_q50_final_c20,2025-11,0.05892381069443987
tail02_reclaim00_participation_q50_final_c20,2025-12,-0.009349069820379724
tail02_reclaim00_participation_q50_final_c20,2026-01,-0.15725196017159424
tail02_reclaim00_participation_q50_final_c20,2026-02,-0.14287183465046988
tail02_reclaim00_participation_q50_final_c20,2026-03,0.0945860183569696
tail02_reclaim00_participation_q50_final_c20,2026-04,0.04230463651829467
tail02_reclaim00_participation_q67_1200_c5,2024-11,-0.015286541157170982
tail02_reclaim00_participation_q67_1200_c5,2024-12,-0.1251863535103689
tail02_reclaim00_participation_q67_1200_c5,2025-01,-0.19929093752361882
tail02_reclaim00_participation_q67_1200_c5,2025-02,-0.06141059396210935
tail02_reclaim00_participation_q67_1200_c5,2025-03,-0.05052977108245904
tail02_reclaim00_participation_q67_1200_c5,2025-04,0.04349785549702645
tail02_reclaim00_participation_q67_1200_c5,2025-05,0.09294063980762901
tail02_reclaim00_participation_q67_1200_c5,2025-06,0.0065915829243294866
tail02_reclaim00_participation_q67_1200_c5,2025-07,-0.060486709958228635
tail02_reclaim00_participation_q67_1200_c5,2025-08,-0.11608065366938902
tail02_reclaim00_participation_q67_1200_c5,2025-09,-0.008370313380362093
tail02_reclaim00_participation_q67_1200_c5,2025-10,-0.004717850855691097
tail02_reclaim00_participation_q67_1200_c5,2025-11,0.03418598238219306
tail02_reclaim00_participation_q67_1200_c5,2025-12,-0.005398540596050213
tail02_reclaim00_participation_q67_1200_c5,2026-01,-0.11243101954392043
tail02_reclaim00_participation_q67_1200_c5,2026-02,-0.14916540288201774
tail02_reclaim00_participation_q67_1200_c5,2026-03,0.008179440161698581
tail02_reclaim00_participation_q67_1200_c5,2026-04,0.019076018144886575
tail02_reclaim00_participation_q67_1200_c10,2024-11,-0.02728654115717099
tail02_reclaim00_participation_q67_1200_c10,2024-12,-0.1331863535103689
tail02_reclaim00_participation_q67_1200_c10,2025-01,-0.20729093752361882
tail02_reclaim00_participation_q67_1200_c10,2025-02,-0.06841059396210936
tail02_reclaim00_participation_q67_1200_c10,2025-03,-0.05552977108245904
tail02_reclaim00_participation_q67_1200_c10,2025-04,0.039497855497026446
tail02_reclaim00_participation_q67_1200_c10,2025-05,0.085940639807629
tail02_reclaim00_participation_q67_1200_c10,2025-06,0.0015915829243294856
tail02_reclaim00_participation_q67_1200_c10,2025-07,-0.06548670995822864
tail02_reclaim00_participation_q67_1200_c10,2025-08,-0.12808065366938903
tail02_reclaim00_participation_q67_1200_c10,2025-09,-0.014370313380362095
tail02_reclaim00_participation_q67_1200_c10,2025-10,-0.0137178508556911
tail02_reclaim00_participation_q67_1200_c10,2025-11,0.027185982382193052
tail02_reclaim00_participation_q67_1200_c10,2025-12,-0.013398540596050213
tail02_reclaim00_participation_q67_1200_c10,2026-01,-0.12143101954392044
tail02_reclaim00_participation_q67_1200_c10,2026-02,-0.15716540288201775
tail02_reclaim00_participation_q67_1200_c10,2026-03,-0.0028205598383014147
tail02_reclaim00_participation_q67_1200_c10,2026-04,0.007076018144886577
tail02_reclaim00_participation_q67_1200_c20,2024-11,-0.051286541157170976
tail02_reclaim00_participation_q67_1200_c20,2024-12,-0.14918635351036888
tail02_reclaim00_participation_q67_1200_c20,2025-01,-0.2232909375236188
tail02_reclaim00_participation_q67_1200_c20,2025-02,-0.08241059396210934
tail02_reclaim00_participation_q67_1200_c20,2025-03,-0.06552977108245904
tail02_reclaim00_participation_q67_1200_c20,2025-04,0.03149785549702645
tail02_reclaim00_participation_q67_1200_c20,2025-05,0.07194063980762899
tail02_reclaim00_participation_q67_1200_c20,2025-06,-0.008408417075670513
tail02_reclaim00_participation_q67_1200_c20,2025-07,-0.07548670995822863
tail02_reclaim00_participation_q67_1200_c20,2025-08,-0.15208065366938903
tail02_reclaim00_participation_q67_1200_c20,2025-09,-0.02637031338036209
tail02_reclaim00_participation_q67_1200_c20,2025-10,-0.03171785085569109
tail02_reclaim00_participation_q67_1200_c20,2025-11,0.01318598238219305
tail02_reclaim00_participation_q67_1200_c20,2025-12,-0.02939854059605021
tail02_reclaim00_participation_q67_1200_c20,2026-01,-0.13943101954392045
tail02_reclaim00_participation_q67_1200_c20,2026-02,-0.17316540288201776
tail02_reclaim00_participation_q67_1200_c20,2026-03,-0.02482055983830141
tail02_reclaim00_participation_q67_1200_c20,2026-04,-0.01692398185511343
tail02_reclaim00_participation_q67_final_c5,2024-11,0.026050982227085018
tail02_reclaim00_participation_q67_final_c5,2024-12,-0.13031557777460379
tail02_reclaim00_participation_q67_final_c5,2025-01,-0.16473306523848208
tail02_reclaim00_participation_q67_final_c5,2025-02,-0.07072713764726946
tail02_reclaim00_participation_q67_final_c5,2025-03,-0.036744173263447144
tail02_reclaim00_participation_q67_final_c5,2025-04,0.10447739607683793
tail02_reclaim00_participation_q67_final_c5,2025-05,0.12338807199627544
tail02_reclaim00_participation_q67_final_c5,2025-06,0.035388224996486195
tail02_reclaim00_participation_q67_final_c5,2025-07,-0.04774627663228831
tail02_reclaim00_participation_q67_final_c5,2025-08,-0.18863278682709583
tail02_reclaim00_participation_q67_final_c5,2025-09,0.02593383548077066
tail02_reclaim00_participation_q67_final_c5,2025-10,-0.050167009550016295
tail02_reclaim00_participation_q67_final_c5,2025-11,0.07992381069443988
tail02_reclaim00_participation_q67_final_c5,2025-12,-0.010374814393827592
tail02_reclaim00_participation_q67_final_c5,2026-01,-0.11963327522789635
tail02_reclaim00_participation_q67_final_c5,2026-02,-0.13851869536733302
tail02_reclaim00_participation_q67_final_c5,2026-03,0.03444465851327083
tail02_reclaim00_participation_q67_final_c5,2026-04,0.07230795037368498
tail02_reclaim00_participation_q67_final_c10,2024-11,0.014050982227085014
tail02_reclaim00_participation_q67_final_c10,2024-12,-0.1383155777746038
tail02_reclaim00_participation_q67_final_c10,2025-01,-0.1727330652384821
tail02_reclaim00_participation_q67_final_c10,2025-02,-0.07772713764726946
tail02_reclaim00_participation_q67_final_c10,2025-03,-0.04174417326344715
tail02_reclaim00_participation_q67_final_c10,2025-04,0.10047739607683792
tail02_reclaim00_participation_q67_final_c10,2025-05,0.11538807199627543
tail02_reclaim00_participation_q67_final_c10,2025-06,0.03038822499648619
tail02_reclaim00_participation_q67_final_c10,2025-07,-0.05274627663228831
tail02_reclaim00_participation_q67_final_c10,2025-08,-0.20063278682709584
tail02_reclaim00_participation_q67_final_c10,2025-09,0.019933835480770663
tail02_reclaim00_participation_q67_final_c10,2025-10,-0.0591670095500163
tail02_reclaim00_participation_q67_final_c10,2025-11,0.07292381069443987
tail02_reclaim00_participation_q67_final_c10,2025-12,-0.018374814393827585
tail02_reclaim00_participation_q67_final_c10,2026-01,-0.12863327522789636
tail02_reclaim00_participation_q67_final_c10,2026-02,-0.14651869536733303
tail02_reclaim00_participation_q67_final_c10,2026-03,0.02344465851327083
tail02_reclaim00_participation_q67_final_c10,2026-04,0.06030795037368498
tail02_reclaim00_participation_q67_final_c20,2024-11,-0.009949017772915
tail02_reclaim00_participation_q67_final_c20,2024-12,-0.1543155777746038
tail02_reclaim00_participation_q67_final_c20,2025-01,-0.18873306523848207
tail02_reclaim00_participation_q67_final_c20,2025-02,-0.09172713764726946
tail02_reclaim00_participation_q67_final_c20,2025-03,-0.051744173263447144
tail02_reclaim00_participation_q67_final_c20,2025-04,0.09247739607683791
tail02_reclaim00_participation_q67_final_c20,2025-05,0.09938807199627545
tail02_reclaim00_participation_q67_final_c20,2025-06,0.020388224996486196
tail02_reclaim00_participation_q67_final_c20,2025-07,-0.06274627663228831
tail02_reclaim00_participation_q67_final_c20,2025-08,-0.22463278682709584
tail02_reclaim00_participation_q67_final_c20,2025-09,0.007933835480770663
tail02_reclaim00_participation_q67_final_c20,2025-10,-0.07716700955001629
tail02_reclaim00_participation_q67_final_c20,2025-11,0.05892381069443987
tail02_reclaim00_participation_q67_final_c20,2025-12,-0.03437481439382759
tail02_reclaim00_participation_q67_final_c20,2026-01,-0.14663327522789635
tail02_reclaim00_participation_q67_final_c20,2026-02,-0.16251869536733304
tail02_reclaim00_participation_q67_final_c20,2026-03,0.001444658513270837
tail02_reclaim00_participation_q67_final_c20,2026-04,0.036307950373684984
tail02_reclaim00_participation_q80_1200_c5,2024-11,0.014214620164956008
tail02_reclaim00_participation_q80_1200_c5,2024-12,-0.10759986704651348
tail02_reclaim00_participation_q80_1200_c5,2025-01,-0.19929093752361882
tail02_reclaim00_participation_q80_1200_c5,2025-02,-0.027146668923067274
tail02_reclaim00_participation_q80_1200_c5,2025-03,-0.05052977108245904
tail02_reclaim00_participation_q80_1200_c5,2025-04,0.04349785549702645
tail02_reclaim00_participation_q80_1200_c5,2025-05,0.09543599352999177
tail02_reclaim00_participation_q80_1200_c5,2025-06,0.0065915829243294866
tail02_reclaim00_participation_q80_1200_c5,2025-07,-0.057260178858544175
tail02_reclaim00_participation_q80_1200_c5,2025-08,-0.11608065366938902
tail02_reclaim00_participation_q80_1200_c5,2025-09,-0.023303475334089607
tail02_reclaim00_participation_q80_1200_c5,2025-10,-0.0021918690068435387
tail02_reclaim00_participation_q80_1200_c5,2025-11,0.03418598238219306
tail02_reclaim00_participation_q80_1200_c5,2025-12,-0.02592985739834019
tail02_reclaim00_participation_q80_1200_c5,2026-01,-0.15630451846029075
tail02_reclaim00_participation_q80_1200_c5,2026-02,-0.10834370204959964
tail02_reclaim00_participation_q80_1200_c5,2026-03,0.021125231701108582
tail02_reclaim00_participation_q80_1200_c5,2026-04,-0.022822611087203293
tail02_reclaim00_participation_q80_1200_c10,2024-11,0.0042146201649560025
tail02_reclaim00_participation_q80_1200_c10,2024-12,-0.11359986704651348
tail02_reclaim00_participation_q80_1200_c10,2025-01,-0.20729093752361882
tail02_reclaim00_participation_q80_1200_c10,2025-02,-0.03314666892306728
tail02_reclaim00_participation_q80_1200_c10,2025-03,-0.05552977108245904
tail02_reclaim00_participation_q80_1200_c10,2025-04,0.039497855497026446
tail02_reclaim00_participation_q80_1200_c10,2025-05,0.08943599352999176
tail02_reclaim00_participation_q80_1200_c10,2025-06,0.0015915829243294856
tail02_reclaim00_participation_q80_1200_c10,2025-07,-0.06126017885854418
tail02_reclaim00_participation_q80_1200_c10,2025-08,-0.12808065366938903
tail02_reclaim00_participation_q80_1200_c10,2025-09,-0.02830347533408961
tail02_reclaim00_participation_q80_1200_c10,2025-10,-0.01019186900684354
tail02_reclaim00_participation_q80_1200_c10,2025-11,0.027185982382193052
tail02_reclaim00_participation_q80_1200_c10,2025-12,-0.032929857398340194
tail02_reclaim00_participation_q80_1200_c10,2026-01,-0.16430451846029076
tail02_reclaim00_participation_q80_1200_c10,2026-02,-0.11634370204959965
tail02_reclaim00_participation_q80_1200_c10,2026-03,0.012125231701108581
tail02_reclaim00_participation_q80_1200_c10,2026-04,-0.030822611087203293
tail02_reclaim00_participation_q80_1200_c20,2024-11,-0.015785379835043988
tail02_reclaim00_participation_q80_1200_c20,2024-12,-0.12559986704651346
tail02_reclaim00_participation_q80_1200_c20,2025-01,-0.2232909375236188
tail02_reclaim00_participation_q80_1200_c20,2025-02,-0.04514666892306727
tail02_reclaim00_participation_q80_1200_c20,2025-03,-0.06552977108245904
tail02_reclaim00_participation_q80_1200_c20,2025-04,0.03149785549702645
tail02_reclaim00_participation_q80_1200_c20,2025-05,0.07743599352999175
tail02_reclaim00_participation_q80_1200_c20,2025-06,-0.008408417075670513
tail02_reclaim00_participation_q80_1200_c20,2025-07,-0.06926017885854417
tail02_reclaim00_participation_q80_1200_c20,2025-08,-0.15208065366938903
tail02_reclaim00_participation_q80_1200_c20,2025-09,-0.03830347533408961
tail02_reclaim00_participation_q80_1200_c20,2025-10,-0.026191869006843536
tail02_reclaim00_participation_q80_1200_c20,2025-11,0.01318598238219305
tail02_reclaim00_participation_q80_1200_c20,2025-12,-0.046929857398340186
tail02_reclaim00_participation_q80_1200_c20,2026-01,-0.18030451846029077
tail02_reclaim00_participation_q80_1200_c20,2026-02,-0.13234370204959967
tail02_reclaim00_participation_q80_1200_c20,2026-03,-0.005874768298891411
tail02_reclaim00_participation_q80_1200_c20,2026-04,-0.04682261108720329
tail02_reclaim00_participation_q80_final_c5,2024-11,0.09391706519551901
tail02_reclaim00_participation_q80_final_c5,2024-12,-0.12764452336855825
tail02_reclaim00_participation_q80_final_c5,2025-01,-0.16473306523848208
tail02_reclaim00_participation_q80_final_c5,2025-02,-0.005177423956483351
tail02_reclaim00_participation_q80_final_c5,2025-03,-0.036744173263447144
tail02_reclaim00_participation_q80_final_c5,2025-04,0.10447739607683793
tail02_reclaim00_participation_q80_final_c5,2025-05,0.11580758992271833
tail02_reclaim00_participation_q80_final_c5,2025-06,0.035388224996486195
tail02_reclaim00_participation_q80_final_c5,2025-07,-0.049982070062565886
tail02_reclaim00_participation_q80_final_c5,2025-08,-0.18863278682709583
tail02_reclaim00_participation_q80_final_c5,2025-09,0.021792447305963414
tail02_reclaim00_participation_q80_final_c5,2025-10,-0.040252062959380996
tail02_reclaim00_participation_q80_final_c5,2025-11,0.07992381069443988
tail02_reclaim00_participation_q80_final_c5,2025-12,-0.030188391566949635
tail02_reclaim00_participation_q80_final_c5,2026-01,-0.15749307591309225
tail02_reclaim00_participation_q80_final_c5,2026-02,-0.07137550727388364
tail02_reclaim00_participation_q80_final_c5,2026-03,0.04866771967546546
tail02_reclaim00_participation_q80_final_c5,2026-04,-0.024250931892107697
tail02_reclaim00_participation_q80_final_c10,2024-11,0.083917065195519
tail02_reclaim00_participation_q80_final_c10,2024-12,-0.13364452336855825
tail02_reclaim00_participation_q80_final_c10,2025-01,-0.1727330652384821
tail02_reclaim00_participation_q80_final_c10,2025-02,-0.011177423956483357
tail02_reclaim00_participation_q80_final_c10,2025-03,-0.04174417326344715
tail02_reclaim00_participation_q80_final_c10,2025-04,0.10047739607683792
tail02_reclaim00_participation_q80_final_c10,2025-05,0.10880758992271833
tail02_reclaim00_participation_q80_final_c10,2025-06,0.03038822499648619
tail02_reclaim00_participation_q80_final_c10,2025-07,-0.05398207006256589
tail02_reclaim00_participation_q80_final_c10,2025-08,-0.20063278682709584
tail02_reclaim00_participation_q80_final_c10,2025-09,0.016792447305963413
tail02_reclaim00_participation_q80_final_c10,2025-10,-0.048252062959381004
tail02_reclaim00_participation_q80_final_c10,2025-11,0.07292381069443987
tail02_reclaim00_participation_q80_final_c10,2025-12,-0.037188391566949634
tail02_reclaim00_participation_q80_final_c10,2026-01,-0.16549307591309226
tail02_reclaim00_participation_q80_final_c10,2026-02,-0.07937550727388365
tail02_reclaim00_participation_q80_final_c10,2026-03,0.03966771967546546
tail02_reclaim00_participation_q80_final_c10,2026-04,-0.0322509318921077
tail02_reclaim00_participation_q80_final_c20,2024-11,0.063917065195519
tail02_reclaim00_participation_q80_final_c20,2024-12,-0.14564452336855827
tail02_reclaim00_participation_q80_final_c20,2025-01,-0.18873306523848207
tail02_reclaim00_participation_q80_final_c20,2025-02,-0.023177423956483353
tail02_reclaim00_participation_q80_final_c20,2025-03,-0.051744173263447144
tail02_reclaim00_participation_q80_final_c20,2025-04,0.09247739607683791
tail02_reclaim00_participation_q80_final_c20,2025-05,0.09480758992271833
tail02_reclaim00_participation_q80_final_c20,2025-06,0.020388224996486196
tail02_reclaim00_participation_q80_final_c20,2025-07,-0.06198207006256588
tail02_reclaim00_participation_q80_final_c20,2025-08,-0.22463278682709584
tail02_reclaim00_participation_q80_final_c20,2025-09,0.006792447305963414
tail02_reclaim00_participation_q80_final_c20,2025-10,-0.064252062959381
tail02_reclaim00_participation_q80_final_c20,2025-11,0.05892381069443987
tail02_reclaim00_participation_q80_final_c20,2025-12,-0.05118839156694964
tail02_reclaim00_participation_q80_final_c20,2026-01,-0.18149307591309227
tail02_reclaim00_participation_q80_final_c20,2026-02,-0.09537550727388364
tail02_reclaim00_participation_q80_final_c20,2026-03,0.02166771967546546
tail02_reclaim00_participation_q80_final_c20,2026-04,-0.04825093189210769
tail02_reclaim00_anomaly_ge1_1200_c5,2024-11,-0.019576315950220018
tail02_reclaim00_anomaly_ge1_1200_c5,2024-12,0.0034226171795835878
tail02_reclaim00_anomaly_ge1_1200_c5,2025-01,-0.20483374064363324
tail02_reclaim00_anomaly_ge1_1200_c5,2025-02,-0.0455295304411536
tail02_reclaim00_anomaly_ge1_1200_c5,2025-03,-0.09804802077572095
tail02_reclaim00_anomaly_ge1_1200_c5,2025-04,0.11985549699958842
tail02_reclaim00_anomaly_ge1_1200_c5,2025-05,0.09294063980762901
tail02_reclaim00_anomaly_ge1_1200_c5,2025-06,0.006449029727331302
tail02_reclaim00_anomaly_ge1_1200_c5,2025-07,-0.036195718049288395
tail02_reclaim00_anomaly_ge1_1200_c5,2025-08,-0.11608065366938902
tail02_reclaim00_anomaly_ge1_1200_c5,2025-09,-0.013479656940658443
tail02_reclaim00_anomaly_ge1_1200_c5,2025-10,-0.030958268647743536
tail02_reclaim00_anomaly_ge1_1200_c5,2025-11,0.018425214781669697
tail02_reclaim00_anomaly_ge1_1200_c5,2025-12,0.001758468194943687
tail02_reclaim00_anomaly_ge1_1200_c5,2026-01,-0.1141290669513158
tail02_reclaim00_anomaly_ge1_1200_c5,2026-02,-0.12632558773536606
tail02_reclaim00_anomaly_ge1_1200_c5,2026-03,0.02282754725686831
tail02_reclaim00_anomaly_ge1_1200_c5,2026-04,0.002400621403208016
tail02_reclaim00_anomaly_ge1_1200_c10,2024-11,-0.03357631595022002
tail02_reclaim00_anomaly_ge1_1200_c10,2024-12,-0.0035773828204164106
tail02_reclaim00_anomaly_ge1_1200_c10,2025-01,-0.21483374064363325
tail02_reclaim00_anomaly_ge1_1200_c10,2025-02,-0.054529530441153606
tail02_reclaim00_anomaly_ge1_1200_c10,2025-03,-0.10804802077572094
tail02_reclaim00_anomaly_ge1_1200_c10,2025-04,0.11385549699958841
tail02_reclaim00_anomaly_ge1_1200_c10,2025-05,0.085940639807629
tail02_reclaim00_anomaly_ge1_1200_c10,2025-06,-0.0005509702726687014
tail02_reclaim00_anomaly_ge1_1200_c10,2025-07,-0.043195718049288394
tail02_reclaim00_anomaly_ge1_1200_c10,2025-08,-0.12808065366938903
tail02_reclaim00_anomaly_ge1_1200_c10,2025-09,-0.021479656940658447
tail02_reclaim00_anomaly_ge1_1200_c10,2025-10,-0.04295826864774354
tail02_reclaim00_anomaly_ge1_1200_c10,2025-11,0.008425214781669691
tail02_reclaim00_anomaly_ge1_1200_c10,2025-12,-0.006241531805056311
tail02_reclaim00_anomaly_ge1_1200_c10,2026-01,-0.12512906695131581
tail02_reclaim00_anomaly_ge1_1200_c10,2026-02,-0.13532558773536607
tail02_reclaim00_anomaly_ge1_1200_c10,2026-03,0.011827547256868312
tail02_reclaim00_anomaly_ge1_1200_c10,2026-04,-0.0075993785967919895
tail02_reclaim00_anomaly_ge1_1200_c20,2024-11,-0.06157631595022001
tail02_reclaim00_anomaly_ge1_1200_c20,2024-12,-0.017577382820416407
tail02_reclaim00_anomaly_ge1_1200_c20,2025-01,-0.23483374064363324
tail02_reclaim00_anomaly_ge1_1200_c20,2025-02,-0.0725295304411536
tail02_reclaim00_anomaly_ge1_1200_c20,2025-03,-0.12804802077572094
tail02_reclaim00_anomaly_ge1_1200_c20,2025-04,0.10185549699958842
tail02_reclaim00_anomaly_ge1_1200_c20,2025-05,0.07194063980762899
tail02_reclaim00_anomaly_ge1_1200_c20,2025-06,-0.014550970272668697
tail02_reclaim00_anomaly_ge1_1200_c20,2025-07,-0.0571957180492884
tail02_reclaim00_anomaly_ge1_1200_c20,2025-08,-0.15208065366938903
tail02_reclaim00_anomaly_ge1_1200_c20,2025-09,-0.03747965694065844
tail02_reclaim00_anomaly_ge1_1200_c20,2025-10,-0.06695826864774353
tail02_reclaim00_anomaly_ge1_1200_c20,2025-11,-0.01157478521833031
tail02_reclaim00_anomaly_ge1_1200_c20,2025-12,-0.022241531805056308
tail02_reclaim00_anomaly_ge1_1200_c20,2026-01,-0.1471290669513158
tail02_reclaim00_anomaly_ge1_1200_c20,2026-02,-0.1533255877353661
tail02_reclaim00_anomaly_ge1_1200_c20,2026-03,-0.010172452743131683
tail02_reclaim00_anomaly_ge1_1200_c20,2026-04,-0.02759937859679199
tail02_reclaim00_anomaly_ge1_final_c5,2024-11,0.05130955047307606
tail02_reclaim00_anomaly_ge1_final_c5,2024-12,-0.01121571152513734
tail02_reclaim00_anomaly_ge1_final_c5,2025-01,-0.17091058799686532
tail02_reclaim00_anomaly_ge1_final_c5,2025-02,-0.15492993076914496
tail02_reclaim00_anomaly_ge1_final_c5,2025-03,-0.13616299291719813
tail02_reclaim00_anomaly_ge1_final_c5,2025-04,0.2084728853498672
tail02_reclaim00_anomaly_ge1_final_c5,2025-05,0.12338807199627544
tail02_reclaim00_anomaly_ge1_final_c5,2025-06,-0.09537251835563199
tail02_reclaim00_anomaly_ge1_final_c5,2025-07,-0.024747525252068858
tail02_reclaim00_anomaly_ge1_final_c5,2025-08,-0.18863278682709583
tail02_reclaim00_anomaly_ge1_final_c5,2025-09,0.043040439257183705
tail02_reclaim00_anomaly_ge1_final_c5,2025-10,-0.07759846352652433
tail02_reclaim00_anomaly_ge1_final_c5,2025-11,-0.0058481519643620574
tail02_reclaim00_anomaly_ge1_final_c5,2025-12,-0.027336934165859028
tail02_reclaim00_anomaly_ge1_final_c5,2026-01,-0.12435900458823673
tail02_reclaim00_anomaly_ge1_final_c5,2026-02,-0.14401612955246362
tail02_reclaim00_anomaly_ge1_final_c5,2026-03,0.05444089651985967
tail02_reclaim00_anomaly_ge1_final_c5,2026-04,0.062222321792731405
tail02_reclaim00_anomaly_ge1_final_c10,2024-11,0.037309550473076054
tail02_reclaim00_anomaly_ge1_final_c10,2024-12,-0.01821571152513734
tail02_reclaim00_anomaly_ge1_final_c10,2025-01,-0.18091058799686532
tail02_reclaim00_anomaly_ge1_final_c10,2025-02,-0.16392993076914497
tail02_reclaim00_anomaly_ge1_final_c10,2025-03,-0.14616299291719814
tail02_reclaim00_anomaly_ge1_final_c10,2025-04,0.20247288534986718
tail02_reclaim00_anomaly_ge1_final_c10,2025-05,0.11538807199627543
tail02_reclaim00_anomaly_ge1_final_c10,2025-06,-0.10237251835563199
tail02_reclaim00_anomaly_ge1_final_c10,2025-07,-0.03174752525206886
tail02_reclaim00_anomaly_ge1_final_c10,2025-08,-0.20063278682709584
tail02_reclaim00_anomaly_ge1_final_c10,2025-09,0.035040439257183705
tail02_reclaim00_anomaly_ge1_final_c10,2025-10,-0.08959846352652433
tail02_reclaim00_anomaly_ge1_final_c10,2025-11,-0.015848151964362064
tail02_reclaim00_anomaly_ge1_final_c10,2025-12,-0.03533693416585902
tail02_reclaim00_anomaly_ge1_final_c10,2026-01,-0.13535900458823674
tail02_reclaim00_anomaly_ge1_final_c10,2026-02,-0.15301612955246363
tail02_reclaim00_anomaly_ge1_final_c10,2026-03,0.042440896519859675
tail02_reclaim00_anomaly_ge1_final_c10,2026-04,0.0522223217927314
tail02_reclaim00_anomaly_ge1_final_c20,2024-11,0.00930955047307605
tail02_reclaim00_anomaly_ge1_final_c20,2024-12,-0.03221571152513734
tail02_reclaim00_anomaly_ge1_final_c20,2025-01,-0.20091058799686531
tail02_reclaim00_anomaly_ge1_final_c20,2025-02,-0.181929930769145
tail02_reclaim00_anomaly_ge1_final_c20,2025-03,-0.16616299291719816
tail02_reclaim00_anomaly_ge1_final_c20,2025-04,0.19047288534986717
tail02_reclaim00_anomaly_ge1_final_c20,2025-05,0.09938807199627545
tail02_reclaim00_anomaly_ge1_final_c20,2025-06,-0.11637251835563199
tail02_reclaim00_anomaly_ge1_final_c20,2025-07,-0.04574752525206886
tail02_reclaim00_anomaly_ge1_final_c20,2025-08,-0.22463278682709584
tail02_reclaim00_anomaly_ge1_final_c20,2025-09,0.019040439257183708
tail02_reclaim00_anomaly_ge1_final_c20,2025-10,-0.11359846352652433
tail02_reclaim00_anomaly_ge1_final_c20,2025-11,-0.03584815196436208
tail02_reclaim00_anomaly_ge1_final_c20,2025-12,-0.05133693416585902
tail02_reclaim00_anomaly_ge1_final_c20,2026-01,-0.15735900458823673
tail02_reclaim00_anomaly_ge1_final_c20,2026-02,-0.17101612955246365
tail02_reclaim00_anomaly_ge1_final_c20,2026-03,0.018440896519859678
tail02_reclaim00_anomaly_ge1_final_c20,2026-04,0.032222321792731407
tail02_reclaim00_anomaly_ge1_5_1200_c5,2024-11,0.01405176629020611
tail02_reclaim00_anomaly_ge1_5_1200_c5,2024-12,0.0034226171795835878
tail02_reclaim00_anomaly_ge1_5_1200_c5,2025-01,-0.19929093752361882
tail02_reclaim00_anomaly_ge1_5_1200_c5,2025-02,-0.0455295304411536
tail02_reclaim00_anomaly_ge1_5_1200_c5,2025-03,-0.08188532191153708
tail02_reclaim00_anomaly_ge1_5_1200_c5,2025-04,0.10613309852641484
tail02_reclaim00_anomaly_ge1_5_1200_c5,2025-05,0.05950629696548304
tail02_reclaim00_anomaly_ge1_5_1200_c5,2025-06,0.0005594247380975581
tail02_reclaim00_anomaly_ge1_5_1200_c5,2025-07,-0.06598853373107877
tail02_reclaim00_anomaly_ge1_5_1200_c5,2025-08,-0.12905713120461715
tail02_reclaim00_anomaly_ge1_5_1200_c5,2025-09,-0.0008938916041486529
tail02_reclaim00_anomaly_ge1_5_1200_c5,2025-10,-0.02924868918599266
tail02_reclaim00_anomaly_ge1_5_1200_c5,2025-11,0.007183420427745668
tail02_reclaim00_anomaly_ge1_5_1200_c5,2025-12,-0.03340920626395505
tail02_reclaim00_anomaly_ge1_5_1200_c5,2026-01,-0.1212957769027111
tail02_reclaim00_anomaly_ge1_5_1200_c5,2026-02,-0.11159074050480577
tail02_reclaim00_anomaly_ge1_5_1200_c5,2026-03,0.025943603002720365
tail02_reclaim00_anomaly_ge1_5_1200_c5,2026-04,0.031890187966295336
tail02_reclaim00_anomaly_ge1_5_1200_c10,2024-11,0.003051766290206103
tail02_reclaim00_anomaly_ge1_5_1200_c10,2024-12,-0.0035773828204164106
tail02_reclaim00_anomaly_ge1_5_1200_c10,2025-01,-0.20729093752361882
tail02_reclaim00_anomaly_ge1_5_1200_c10,2025-02,-0.054529530441153606
tail02_reclaim00_anomaly_ge1_5_1200_c10,2025-03,-0.08688532191153708
tail02_reclaim00_anomaly_ge1_5_1200_c10,2025-04,0.10213309852641483
tail02_reclaim00_anomaly_ge1_5_1200_c10,2025-05,0.05550629696548304
tail02_reclaim00_anomaly_ge1_5_1200_c10,2025-06,-0.005440575261902444
tail02_reclaim00_anomaly_ge1_5_1200_c10,2025-07,-0.07098853373107877
tail02_reclaim00_anomaly_ge1_5_1200_c10,2025-08,-0.13905713120461716
tail02_reclaim00_anomaly_ge1_5_1200_c10,2025-09,-0.007893891604148655
tail02_reclaim00_anomaly_ge1_5_1200_c10,2025-10,-0.03724868918599266
tail02_reclaim00_anomaly_ge1_5_1200_c10,2025-11,-0.0008165795722543355
tail02_reclaim00_anomaly_ge1_5_1200_c10,2025-12,-0.03940920626395505
tail02_reclaim00_anomaly_ge1_5_1200_c10,2026-01,-0.1292957769027111
tail02_reclaim00_anomaly_ge1_5_1200_c10,2026-02,-0.11859074050480578
tail02_reclaim00_anomaly_ge1_5_1200_c10,2026-03,0.01594360300272036
tail02_reclaim00_anomaly_ge1_5_1200_c10,2026-04,0.024890187966295333
tail02_reclaim00_anomaly_ge1_5_1200_c20,2024-11,-0.01894823370979389
tail02_reclaim00_anomaly_ge1_5_1200_c20,2024-12,-0.017577382820416407
tail02_reclaim00_anomaly_ge1_5_1200_c20,2025-01,-0.2232909375236188
tail02_reclaim00_anomaly_ge1_5_1200_c20,2025-02,-0.0725295304411536
tail02_reclaim00_anomaly_ge1_5_1200_c20,2025-03,-0.09688532191153708
tail02_reclaim00_anomaly_ge1_5_1200_c20,2025-04,0.09413309852641483
tail02_reclaim00_anomaly_ge1_5_1200_c20,2025-05,0.04750629696548303
tail02_reclaim00_anomaly_ge1_5_1200_c20,2025-06,-0.017440575261902444
tail02_reclaim00_anomaly_ge1_5_1200_c20,2025-07,-0.08098853373107877
tail02_reclaim00_anomaly_ge1_5_1200_c20,2025-08,-0.15905713120461715
tail02_reclaim00_anomaly_ge1_5_1200_c20,2025-09,-0.021893891604148653
tail02_reclaim00_anomaly_ge1_5_1200_c20,2025-10,-0.053248689185992654
tail02_reclaim00_anomaly_ge1_5_1200_c20,2025-11,-0.01681657957225434
tail02_reclaim00_anomaly_ge1_5_1200_c20,2025-12,-0.051409206263955044
tail02_reclaim00_anomaly_ge1_5_1200_c20,2026-01,-0.14529577690271112
tail02_reclaim00_anomaly_ge1_5_1200_c20,2026-02,-0.1325907405048058
tail02_reclaim00_anomaly_ge1_5_1200_c20,2026-03,-0.004056396997279631
tail02_reclaim00_anomaly_ge1_5_1200_c20,2026-04,0.010890187966295331
tail02_reclaim00_anomaly_ge1_5_final_c5,2024-11,0.09234514640798697
tail02_reclaim00_anomaly_ge1_5_final_c5,2024-12,-0.01121571152513734
tail02_reclaim00_anomaly_ge1_5_final_c5,2025-01,-0.16473306523848208
tail02_reclaim00_anomaly_ge1_5_final_c5,2025-02,-0.15492993076914496
tail02_reclaim00_anomaly_ge1_5_final_c5,2025-03,-0.14329590576349316
tail02_reclaim00_anomaly_ge1_5_final_c5,2025-04,0.19845816944180283
tail02_reclaim00_anomaly_ge1_5_final_c5,2025-05,0.07811958951124576
tail02_reclaim00_anomaly_ge1_5_final_c5,2025-06,-0.10123235748904069
tail02_reclaim00_anomaly_ge1_5_final_c5,2025-07,-0.0596677021808108
tail02_reclaim00_anomaly_ge1_5_final_c5,2025-08,-0.18876322721908656
tail02_reclaim00_anomaly_ge1_5_final_c5,2025-09,0.052974328476957266
tail02_reclaim00_anomaly_ge1_5_final_c5,2025-10,-0.05098653526911456
tail02_reclaim00_anomaly_ge1_5_final_c5,2025-11,0.008130961853485275
tail02_reclaim00_anomaly_ge1_5_final_c5,2025-12,-0.05075080650973118
tail02_reclaim00_anomaly_ge1_5_final_c5,2026-01,-0.11759906679511978
tail02_reclaim00_anomaly_ge1_5_final_c5,2026-02,-0.12566047567202193
tail02_reclaim00_anomaly_ge1_5_final_c5,2026-03,0.06518212917995853
tail02_reclaim00_anomaly_ge1_5_final_c5,2026-04,0.0560605432820403
tail02_reclaim00_anomaly_ge1_5_final_c10,2024-11,0.08134514640798696
tail02_reclaim00_anomaly_ge1_5_final_c10,2024-12,-0.01821571152513734
tail02_reclaim00_anomaly_ge1_5_final_c10,2025-01,-0.1727330652384821
tail02_reclaim00_anomaly_ge1_5_final_c10,2025-02,-0.16392993076914497
tail02_reclaim00_anomaly_ge1_5_final_c10,2025-03,-0.14829590576349316
tail02_reclaim00_anomaly_ge1_5_final_c10,2025-04,0.19445816944180283
tail02_reclaim00_anomaly_ge1_5_final_c10,2025-05,0.07311958951124575
tail02_reclaim00_anomaly_ge1_5_final_c10,2025-06,-0.1072323574890407
tail02_reclaim00_anomaly_ge1_5_final_c10,2025-07,-0.06466770218081079
tail02_reclaim00_anomaly_ge1_5_final_c10,2025-08,-0.19876322721908657
tail02_reclaim00_anomaly_ge1_5_final_c10,2025-09,0.04597432847695726
tail02_reclaim00_anomaly_ge1_5_final_c10,2025-10,-0.05898653526911457
tail02_reclaim00_anomaly_ge1_5_final_c10,2025-11,0.00013096185348527092
tail02_reclaim00_anomaly_ge1_5_final_c10,2025-12,-0.05675080650973118
tail02_reclaim00_anomaly_ge1_5_final_c10,2026-01,-0.12559906679511978
tail02_reclaim00_anomaly_ge1_5_final_c10,2026-02,-0.13266047567202194
tail02_reclaim00_anomaly_ge1_5_final_c10,2026-03,0.05418212917995853
tail02_reclaim00_anomaly_ge1_5_final_c10,2026-04,0.04906054328204029
tail02_reclaim00_anomaly_ge1_5_final_c20,2024-11,0.05934514640798695
tail02_reclaim00_anomaly_ge1_5_final_c20,2024-12,-0.03221571152513734
tail02_reclaim00_anomaly_ge1_5_final_c20,2025-01,-0.18873306523848207
tail02_reclaim00_anomaly_ge1_5_final_c20,2025-02,-0.181929930769145
tail02_reclaim00_anomaly_ge1_5_final_c20,2025-03,-0.15829590576349317
tail02_reclaim00_anomaly_ge1_5_final_c20,2025-04,0.18645816944180282
tail02_reclaim00_anomaly_ge1_5_final_c20,2025-05,0.06311958951124576
tail02_reclaim00_anomaly_ge1_5_final_c20,2025-06,-0.1192323574890407
tail02_reclaim00_anomaly_ge1_5_final_c20,2025-07,-0.0746677021808108
tail02_reclaim00_anomaly_ge1_5_final_c20,2025-08,-0.2187632272190866
tail02_reclaim00_anomaly_ge1_5_final_c20,2025-09,0.03197432847695727
tail02_reclaim00_anomaly_ge1_5_final_c20,2025-10,-0.07498653526911457
tail02_reclaim00_anomaly_ge1_5_final_c20,2025-11,-0.01586903814651474
tail02_reclaim00_anomaly_ge1_5_final_c20,2025-12,-0.06875080650973119
tail02_reclaim00_anomaly_ge1_5_final_c20,2026-01,-0.1415990667951198
tail02_reclaim00_anomaly_ge1_5_final_c20,2026-02,-0.14666047567202195
tail02_reclaim00_anomaly_ge1_5_final_c20,2026-03,0.03218212917995854
tail02_reclaim00_anomaly_ge1_5_final_c20,2026-04,0.0350605432820403
tail02_reclaim00_anomaly_ge2_1200_c5,2024-11,0.014214620164956008
tail02_reclaim00_anomaly_ge2_1200_c5,2024-12,0.016685593391131293
tail02_reclaim00_anomaly_ge2_1200_c5,2025-01,-0.14508298015935917
tail02_reclaim00_anomaly_ge2_1200_c5,2025-02,-0.06027557287968521
tail02_reclaim00_anomaly_ge2_1200_c5,2025-03,-0.05825317261852925
tail02_reclaim00_anomaly_ge2_1200_c5,2025-04,0.10613309852641484
tail02_reclaim00_anomaly_ge2_1200_c5,2025-05,0.05950629696548304
tail02_reclaim00_anomaly_ge2_1200_c5,2025-06,-0.042652453031361226
tail02_reclaim00_anomaly_ge2_1200_c5,2025-07,-0.06096785974973784
tail02_reclaim00_anomaly_ge2_1200_c5,2025-08,-0.14005747653829592
tail02_reclaim00_anomaly_ge2_1200_c5,2025-09,-0.0032053882566573924
tail02_reclaim00_anomaly_ge2_1200_c5,2025-10,0.005794073447184189
tail02_reclaim00_anomaly_ge2_1200_c5,2025-11,0.06129490995097464
tail02_reclaim00_anomaly_ge2_1200_c5,2025-12,0.0034766716501114523
tail02_reclaim00_anomaly_ge2_1200_c5,2026-01,-0.16135262419673585
tail02_reclaim00_anomaly_ge2_1200_c5,2026-02,-0.12824242765640403
tail02_reclaim00_anomaly_ge2_1200_c5,2026-03,0.004385584841793858
tail02_reclaim00_anomaly_ge2_1200_c5,2026-04,-0.008258853692983015
tail02_reclaim00_anomaly_ge2_1200_c10,2024-11,0.0042146201649560025
tail02_reclaim00_anomaly_ge2_1200_c10,2024-12,0.011685593391131295
tail02_reclaim00_anomaly_ge2_1200_c10,2025-01,-0.15008298015935917
tail02_reclaim00_anomaly_ge2_1200_c10,2025-02,-0.06827557287968522
tail02_reclaim00_anomaly_ge2_1200_c10,2025-03,-0.06025317261852925
tail02_reclaim00_anomaly_ge2_1200_c10,2025-04,0.10213309852641483
tail02_reclaim00_anomaly_ge2_1200_c10,2025-05,0.05550629696548304
tail02_reclaim00_anomaly_ge2_1200_c10,2025-06,-0.04565245303136123
tail02_reclaim00_anomaly_ge2_1200_c10,2025-07,-0.06596785974973784
tail02_reclaim00_anomaly_ge2_1200_c10,2025-08,-0.14905747653829593
tail02_reclaim00_anomaly_ge2_1200_c10,2025-09,-0.009205388256657393
tail02_reclaim00_anomaly_ge2_1200_c10,2025-10,0.0017940734471841892
tail02_reclaim00_anomaly_ge2_1200_c10,2025-11,0.055294909950974636
tail02_reclaim00_anomaly_ge2_1200_c10,2025-12,0.001476671650111453
tail02_reclaim00_anomaly_ge2_1200_c10,2026-01,-0.16735262419673586
tail02_reclaim00_anomaly_ge2_1200_c10,2026-02,-0.13524242765640404
tail02_reclaim00_anomaly_ge2_1200_c10,2026-03,-0.0016144151582061436
tail02_reclaim00_anomaly_ge2_1200_c10,2026-04,-0.014258853692983017
tail02_reclaim00_anomaly_ge2_1200_c20,2024-11,-0.015785379835043988
tail02_reclaim00_anomaly_ge2_1200_c20,2024-12,0.0016855933911312966
tail02_reclaim00_anomaly_ge2_1200_c20,2025-01,-0.16008298015935918
tail02_reclaim00_anomaly_ge2_1200_c20,2025-02,-0.0842755728796852
tail02_reclaim00_anomaly_ge2_1200_c20,2025-03,-0.06425317261852925
tail02_reclaim00_anomaly_ge2_1200_c20,2025-04,0.09413309852641483
tail02_reclaim00_anomaly_ge2_1200_c20,2025-05,0.04750629696548303
tail02_reclaim00_anomaly_ge2_1200_c20,2025-06,-0.05165245303136123
tail02_reclaim00_anomaly_ge2_1200_c20,2025-07,-0.07596785974973784
tail02_reclaim00_anomaly_ge2_1200_c20,2025-08,-0.16705747653829595
tail02_reclaim00_anomaly_ge2_1200_c20,2025-09,-0.021205388256657392
tail02_reclaim00_anomaly_ge2_1200_c20,2025-10,-0.0062059265528158075
tail02_reclaim00_anomaly_ge2_1200_c20,2025-11,0.04329490995097464
tail02_reclaim00_anomaly_ge2_1200_c20,2025-12,-0.002523328349888547
tail02_reclaim00_anomaly_ge2_1200_c20,2026-01,-0.17935262419673587
tail02_reclaim00_anomaly_ge2_1200_c20,2026-02,-0.14924242765640405
tail02_reclaim00_anomaly_ge2_1200_c20,2026-03,-0.01361441515820614
tail02_reclaim00_anomaly_ge2_1200_c20,2026-04,-0.026258853692983013
tail02_reclaim00_anomaly_ge2_final_c5,2024-11,0.09391706519551901
tail02_reclaim00_anomaly_ge2_final_c5,2024-12,0.017113280295395605
tail02_reclaim00_anomaly_ge2_final_c5,2025-01,-0.12339141316679203
tail02_reclaim00_anomaly_ge2_final_c5,2025-02,-0.14009249953528413
tail02_reclaim00_anomaly_ge2_final_c5,2025-03,-0.06450789437331983
tail02_reclaim00_anomaly_ge2_final_c5,2025-04,0.19845816944180283
tail02_reclaim00_anomaly_ge2_final_c5,2025-05,0.07811958951124576
tail02_reclaim00_anomaly_ge2_final_c5,2025-06,-0.0390496153140264
tail02_reclaim00_anomaly_ge2_final_c5,2025-07,-0.05400914109527305
tail02_reclaim00_anomaly_ge2_final_c5,2025-08,-0.18862656141575407
tail02_reclaim00_anomaly_ge2_final_c5,2025-09,0.030097957685317644
tail02_reclaim00_anomaly_ge2_final_c5,2025-10,-0.006761561100760205
tail02_reclaim00_anomaly_ge2_final_c5,2025-11,0.1133694672276877
tail02_reclaim00_anomaly_ge2_final_c5,2025-12,0.008531132404204556
tail02_reclaim00_anomaly_ge2_final_c5,2026-01,-0.17457462727191742
tail02_reclaim00_anomaly_ge2_final_c5,2026-02,-0.12348179245303742
tail02_reclaim00_anomaly_ge2_final_c5,2026-03,0.03835984795705988
tail02_reclaim00_anomaly_ge2_final_c5,2026-04,0.027721236629129453
tail02_reclaim00_anomaly_ge2_final_c10,2024-11,0.083917065195519
tail02_reclaim00_anomaly_ge2_final_c10,2024-12,0.012113280295395608
tail02_reclaim00_anomaly_ge2_final_c10,2025-01,-0.12839141316679203
tail02_reclaim00_anomaly_ge2_final_c10,2025-02,-0.14809249953528414
tail02_reclaim00_anomaly_ge2_final_c10,2025-03,-0.06650789437331983
tail02_reclaim00_anomaly_ge2_final_c10,2025-04,0.19445816944180283
tail02_reclaim00_anomaly_ge2_final_c10,2025-05,0.07311958951124575
tail02_reclaim00_anomaly_ge2_final_c10,2025-06,-0.0420496153140264
tail02_reclaim00_anomaly_ge2_final_c10,2025-07,-0.05900914109527305
tail02_reclaim00_anomaly_ge2_final_c10,2025-08,-0.19762656141575408
tail02_reclaim00_anomaly_ge2_final_c10,2025-09,0.024097957685317643
tail02_reclaim00_anomaly_ge2_final_c10,2025-10,-0.010761561100760207
tail02_reclaim00_anomaly_ge2_final_c10,2025-11,0.1073694672276877
tail02_reclaim00_anomaly_ge2_final_c10,2025-12,0.006531132404204557
tail02_reclaim00_anomaly_ge2_final_c10,2026-01,-0.18057462727191742
tail02_reclaim00_anomaly_ge2_final_c10,2026-02,-0.13048179245303743
tail02_reclaim00_anomaly_ge2_final_c10,2026-03,0.03135984795705988
tail02_reclaim00_anomaly_ge2_final_c10,2026-04,0.02172123662912945
tail02_reclaim00_anomaly_ge2_final_c20,2024-11,0.063917065195519
tail02_reclaim00_anomaly_ge2_final_c20,2024-12,0.002113280295395606
tail02_reclaim00_anomaly_ge2_final_c20,2025-01,-0.13839141316679202
tail02_reclaim00_anomaly_ge2_final_c20,2025-02,-0.16409249953528415
tail02_reclaim00_anomaly_ge2_final_c20,2025-03,-0.07050789437331983
tail02_reclaim00_anomaly_ge2_final_c20,2025-04,0.18645816944180282
tail02_reclaim00_anomaly_ge2_final_c20,2025-05,0.06311958951124576
tail02_reclaim00_anomaly_ge2_final_c20,2025-06,-0.04804961531402639
tail02_reclaim00_anomaly_ge2_final_c20,2025-07,-0.06900914109527305
tail02_reclaim00_anomaly_ge2_final_c20,2025-08,-0.2156265614157541
tail02_reclaim00_anomaly_ge2_final_c20,2025-09,0.012097957685317646
tail02_reclaim00_anomaly_ge2_final_c20,2025-10,-0.018761561100760205
tail02_reclaim00_anomaly_ge2_final_c20,2025-11,0.09536946722768769
tail02_reclaim00_anomaly_ge2_final_c20,2025-12,0.002531132404204557
tail02_reclaim00_anomaly_ge2_final_c20,2026-01,-0.19257462727191743
tail02_reclaim00_anomaly_ge2_final_c20,2026-02,-0.14448179245303744
tail02_reclaim00_anomaly_ge2_final_c20,2026-03,0.01735984795705988
tail02_reclaim00_anomaly_ge2_final_c20,2026-04,0.009721236629129455
tail02_reclaim10_all_1200_c5,2024-11,-0.005264160174061502
tail02_reclaim10_all_1200_c5,2024-12,-0.10771883662486215
tail02_reclaim10_all_1200_c5,2025-01,-0.10402171600534527
tail02_reclaim10_all_1200_c5,2025-02,-0.024665560753960092
tail02_reclaim10_all_1200_c5,2025-03,-0.032090682949409643
tail02_reclaim10_all_1200_c5,2025-04,0.20956188902972717
tail02_reclaim10_all_1200_c5,2025-05,-0.003835636671759679
tail02_reclaim10_all_1200_c5,2025-06,0.033433145078115345
tail02_reclaim10_all_1200_c5,2025-07,0.0008662635711380092
tail02_reclaim10_all_1200_c5,2025-08,-0.0819622473400724
tail02_reclaim10_all_1200_c5,2025-09,0.0028015406187073015
tail02_reclaim10_all_1200_c5,2025-10,-0.016002914336379348
tail02_reclaim10_all_1200_c5,2025-11,0.02650516231106581
tail02_reclaim10_all_1200_c5,2025-12,0.027226231656483583
tail02_reclaim10_all_1200_c5,2026-01,-0.06781463872237176
tail02_reclaim10_all_1200_c5,2026-02,-0.08218494488987338
tail02_reclaim10_all_1200_c5,2026-03,-0.015759744025048983
tail02_reclaim10_all_1200_c5,2026-04,-0.01856001606265062
tail02_reclaim10_all_1200_c10,2024-11,-0.015264160174061507
tail02_reclaim10_all_1200_c10,2024-12,-0.11671883662486215
tail02_reclaim10_all_1200_c10,2025-01,-0.11002171600534527
tail02_reclaim10_all_1200_c10,2025-02,-0.030665560753960094
tail02_reclaim10_all_1200_c10,2025-03,-0.04209068294940964
tail02_reclaim10_all_1200_c10,2025-04,0.20256188902972716
tail02_reclaim10_all_1200_c10,2025-05,-0.006835636671759682
tail02_reclaim10_all_1200_c10,2025-06,0.028433145078115347
tail02_reclaim10_all_1200_c10,2025-07,-0.00613373642886199
tail02_reclaim10_all_1200_c10,2025-08,-0.09196224734007241
tail02_reclaim10_all_1200_c10,2025-09,-0.002198459381292697
tail02_reclaim10_all_1200_c10,2025-10,-0.02300291433637935
tail02_reclaim10_all_1200_c10,2025-11,0.018505162311065807
tail02_reclaim10_all_1200_c10,2025-12,0.017226231656483584
tail02_reclaim10_all_1200_c10,2026-01,-0.07581463872237176
tail02_reclaim10_all_1200_c10,2026-02,-0.08918494488987339
tail02_reclaim10_all_1200_c10,2026-03,-0.023759744025048986
tail02_reclaim10_all_1200_c10,2026-04,-0.029560016062650622
tail02_reclaim10_all_1200_c20,2024-11,-0.0352641601740615
tail02_reclaim10_all_1200_c20,2024-12,-0.13471883662486214
tail02_reclaim10_all_1200_c20,2025-01,-0.12202171600534528
tail02_reclaim10_all_1200_c20,2025-02,-0.042665560753960094
tail02_reclaim10_all_1200_c20,2025-03,-0.062090682949409635
tail02_reclaim10_all_1200_c20,2025-04,0.18856188902972715
tail02_reclaim10_all_1200_c20,2025-05,-0.012835636671759684
tail02_reclaim10_all_1200_c20,2025-06,0.01843314507811535
tail02_reclaim10_all_1200_c20,2025-07,-0.02013373642886199
tail02_reclaim10_all_1200_c20,2025-08,-0.1119622473400724
tail02_reclaim10_all_1200_c20,2025-09,-0.012198459381292697
tail02_reclaim10_all_1200_c20,2025-10,-0.037002914336379346
tail02_reclaim10_all_1200_c20,2025-11,0.0025051623110658103
tail02_reclaim10_all_1200_c20,2025-12,-0.0027737683435164126
tail02_reclaim10_all_1200_c20,2026-01,-0.09181463872237176
tail02_reclaim10_all_1200_c20,2026-02,-0.10318494488987338
tail02_reclaim10_all_1200_c20,2026-03,-0.039759744025048976
tail02_reclaim10_all_1200_c20,2026-04,-0.05156001606265062
tail02_reclaim10_all_final_c5,2024-11,0.039082053302066266
tail02_reclaim10_all_final_c5,2024-12,-0.10857468696675654
tail02_reclaim10_all_final_c5,2025-01,-0.08973252536290621
tail02_reclaim10_all_final_c5,2025-02,0.04317320908712985
tail02_reclaim10_all_final_c5,2025-03,-0.06327552096248601
tail02_reclaim10_all_final_c5,2025-04,0.27244100542930394
tail02_reclaim10_all_final_c5,2025-05,0.035620214093806224
tail02_reclaim10_all_final_c5,2025-06,-0.10654840120866282
tail02_reclaim10_all_final_c5,2025-07,0.021173917507267718
tail02_reclaim10_all_final_c5,2025-08,-0.09694961332443908
tail02_reclaim10_all_final_c5,2025-09,0.03228246498166243
tail02_reclaim10_all_final_c5,2025-10,-0.03833753307299126
tail02_reclaim10_all_final_c5,2025-11,0.015980370222867246
tail02_reclaim10_all_final_c5,2025-12,0.022125014928014552
tail02_reclaim10_all_final_c5,2026-01,-0.057373540482644814
tail02_reclaim10_all_final_c5,2026-02,-0.05554280544820678
tail02_reclaim10_all_final_c5,2026-03,0.05835975200768434
tail02_reclaim10_all_final_c5,2026-04,0.051940931093451714
tail02_reclaim10_all_final_c10,2024-11,0.02908205330206626
tail02_reclaim10_all_final_c10,2024-12,-0.11757468696675655
tail02_reclaim10_all_final_c10,2025-01,-0.09573252536290622
tail02_reclaim10_all_final_c10,2025-02,0.037173209087129844
tail02_reclaim10_all_final_c10,2025-03,-0.07327552096248602
tail02_reclaim10_all_final_c10,2025-04,0.26544100542930393
tail02_reclaim10_all_final_c10,2025-05,0.03162021409380623
tail02_reclaim10_all_final_c10,2025-06,-0.11154840120866283
tail02_reclaim10_all_final_c10,2025-07,0.01417391750726772
tail02_reclaim10_all_final_c10,2025-08,-0.10694961332443909
tail02_reclaim10_all_final_c10,2025-09,0.02628246498166243
tail02_reclaim10_all_final_c10,2025-10,-0.045337533072991265
tail02_reclaim10_all_final_c10,2025-11,0.00798037022286724
tail02_reclaim10_all_final_c10,2025-12,0.012125014928014552
tail02_reclaim10_all_final_c10,2026-01,-0.0653735404826448
tail02_reclaim10_all_final_c10,2026-02,-0.06254280544820678
tail02_reclaim10_all_final_c10,2026-03,0.04935975200768434
tail02_reclaim10_all_final_c10,2026-04,0.040940931093451705
tail02_reclaim10_all_final_c20,2024-11,0.009082053302066254
tail02_reclaim10_all_final_c20,2024-12,-0.13557468696675656
tail02_reclaim10_all_final_c20,2025-01,-0.10773252536290621
tail02_reclaim10_all_final_c20,2025-02,0.025173209087129847
tail02_reclaim10_all_final_c20,2025-03,-0.09327552096248601
tail02_reclaim10_all_final_c20,2025-04,0.2514410054293039
tail02_reclaim10_all_final_c20,2025-05,0.023620214093806224
tail02_reclaim10_all_final_c20,2025-06,-0.12154840120866284
tail02_reclaim10_all_final_c20,2025-07,0.00017391750726772
tail02_reclaim10_all_final_c20,2025-08,-0.12694961332443908
tail02_reclaim10_all_final_c20,2025-09,0.014282464981662434
tail02_reclaim10_all_final_c20,2025-10,-0.059337533072991264
tail02_reclaim10_all_final_c20,2025-11,-0.008019629777132772
tail02_reclaim10_all_final_c20,2025-12,-0.00787498507198545
tail02_reclaim10_all_final_c20,2026-01,-0.08137354048264481
tail02_reclaim10_all_final_c20,2026-02,-0.07654280544820677
tail02_reclaim10_all_final_c20,2026-03,0.031359752007684344
tail02_reclaim10_all_final_c20,2026-04,0.018940931093451716
tail02_reclaim10_participation_q50_1200_c5,2024-11,-0.0011372392557623644
tail02_reclaim10_participation_q50_1200_c5,2024-12,-0.11322801629272117
tail02_reclaim10_participation_q50_1200_c5,2025-01,-0.11778134490610426
tail02_reclaim10_participation_q50_1200_c5,2025-02,-0.05840333187679325
tail02_reclaim10_participation_q50_1200_c5,2025-03,-0.018540621026092996
tail02_reclaim10_participation_q50_1200_c5,2025-04,0.09253533968518923
tail02_reclaim10_participation_q50_1200_c5,2025-05,-0.003835636671759679
tail02_reclaim10_participation_q50_1200_c5,2025-06,0.037421882370704984
tail02_reclaim10_participation_q50_1200_c5,2025-07,-0.005846007145488937
tail02_reclaim10_participation_q50_1200_c5,2025-08,-0.04967143928265172
tail02_reclaim10_participation_q50_1200_c5,2025-09,0.007910884179003652
tail02_reclaim10_participation_q50_1200_c5,2025-10,-0.016002914336379348
tail02_reclaim10_participation_q50_1200_c5,2025-11,0.01489214426448593
tail02_reclaim10_participation_q50_1200_c5,2025-12,0.02774301826416642
tail02_reclaim10_participation_q50_1200_c5,2026-01,-0.06516375583869993
tail02_reclaim10_participation_q50_1200_c5,2026-02,-0.06214630527174869
tail02_reclaim10_participation_q50_1200_c5,2026-03,0.0012258505719632273
tail02_reclaim10_participation_q50_1200_c5,2026-04,-0.04232064401492708
tail02_reclaim10_participation_q50_1200_c10,2024-11,-0.010137239255762369
tail02_reclaim10_participation_q50_1200_c10,2024-12,-0.11922801629272117
tail02_reclaim10_participation_q50_1200_c10,2025-01,-0.12278134490610426
tail02_reclaim10_participation_q50_1200_c10,2025-02,-0.062403331876793255
tail02_reclaim10_participation_q50_1200_c10,2025-03,-0.023540621026092994
tail02_reclaim10_participation_q50_1200_c10,2025-04,0.08753533968518923
tail02_reclaim10_participation_q50_1200_c10,2025-05,-0.006835636671759682
tail02_reclaim10_participation_q50_1200_c10,2025-06,0.03442188237070498
tail02_reclaim10_participation_q50_1200_c10,2025-07,-0.010846007145488936
tail02_reclaim10_participation_q50_1200_c10,2025-08,-0.05867143928265172
tail02_reclaim10_participation_q50_1200_c10,2025-09,0.004910884179003655
tail02_reclaim10_participation_q50_1200_c10,2025-10,-0.02300291433637935
tail02_reclaim10_participation_q50_1200_c10,2025-11,0.010892144264485927
tail02_reclaim10_participation_q50_1200_c10,2025-12,0.01974301826416642
tail02_reclaim10_participation_q50_1200_c10,2026-01,-0.07316375583869994
tail02_reclaim10_participation_q50_1200_c10,2026-02,-0.0681463052717487
tail02_reclaim10_participation_q50_1200_c10,2026-03,-0.006774149428036773
tail02_reclaim10_participation_q50_1200_c10,2026-04,-0.05232064401492707
tail02_reclaim10_participation_q50_1200_c20,2024-11,-0.02813723925576236
tail02_reclaim10_participation_q50_1200_c20,2024-12,-0.13122801629272116
tail02_reclaim10_participation_q50_1200_c20,2025-01,-0.13278134490610427
tail02_reclaim10_participation_q50_1200_c20,2025-02,-0.07040333187679325
tail02_reclaim10_participation_q50_1200_c20,2025-03,-0.033540621026092995
tail02_reclaim10_participation_q50_1200_c20,2025-04,0.07753533968518923
tail02_reclaim10_participation_q50_1200_c20,2025-05,-0.012835636671759684
tail02_reclaim10_participation_q50_1200_c20,2025-06,0.028421882370704987
tail02_reclaim10_participation_q50_1200_c20,2025-07,-0.020846007145488937
tail02_reclaim10_participation_q50_1200_c20,2025-08,-0.07667143928265172
tail02_reclaim10_participation_q50_1200_c20,2025-09,-0.0010891158209963454
tail02_reclaim10_participation_q50_1200_c20,2025-10,-0.037002914336379346
tail02_reclaim10_participation_q50_1200_c20,2025-11,0.002892144264485922
tail02_reclaim10_participation_q50_1200_c20,2025-12,0.0037430182641664256
tail02_reclaim10_participation_q50_1200_c20,2026-01,-0.08916375583869994
tail02_reclaim10_participation_q50_1200_c20,2026-02,-0.0801463052717487
tail02_reclaim10_participation_q50_1200_c20,2026-03,-0.02277414942803677
tail02_reclaim10_participation_q50_1200_c20,2026-04,-0.07232064401492708
tail02_reclaim10_participation_q50_final_c5,2024-11,0.01225156626854318
tail02_reclaim10_participation_q50_final_c5,2024-12,-0.10699622163141609
tail02_reclaim10_participation_q50_final_c5,2025-01,-0.09285585026216603
tail02_reclaim10_participation_q50_final_c5,2025-02,-0.0036994865722185244
tail02_reclaim10_participation_q50_final_c5,2025-03,-0.010246040742939886
tail02_reclaim10_participation_q50_final_c5,2025-04,0.11215054712595574
tail02_reclaim10_participation_q50_final_c5,2025-05,0.035620214093806224
tail02_reclaim10_participation_q50_final_c5,2025-06,0.021684840051158227
tail02_reclaim10_participation_q50_final_c5,2025-07,0.015226161551943233
tail02_reclaim10_participation_q50_final_c5,2025-08,-0.0457065014929966
tail02_reclaim10_participation_q50_final_c5,2025-09,0.018489080674505498
tail02_reclaim10_participation_q50_final_c5,2025-10,-0.03833753307299126
tail02_reclaim10_participation_q50_final_c5,2025-11,0.012605847273076676
tail02_reclaim10_participation_q50_final_c5,2025-12,0.020556179376789996
tail02_reclaim10_participation_q50_final_c5,2026-01,-0.055865458043397154
tail02_reclaim10_participation_q50_final_c5,2026-02,-0.01619154784142096
tail02_reclaim10_participation_q50_final_c5,2026-03,0.08773510611426172
tail02_reclaim10_participation_q50_final_c5,2026-04,0.0023664489739625436
tail02_reclaim10_participation_q50_final_c10,2024-11,0.003251566268543171
tail02_reclaim10_participation_q50_final_c10,2024-12,-0.1129962216314161
tail02_reclaim10_participation_q50_final_c10,2025-01,-0.09785585026216603
tail02_reclaim10_participation_q50_final_c10,2025-02,-0.0076994865722185245
tail02_reclaim10_participation_q50_final_c10,2025-03,-0.015246040742939889
tail02_reclaim10_participation_q50_final_c10,2025-04,0.10715054712595573
tail02_reclaim10_participation_q50_final_c10,2025-05,0.03162021409380623
tail02_reclaim10_participation_q50_final_c10,2025-06,0.018684840051158225
tail02_reclaim10_participation_q50_final_c10,2025-07,0.010226161551943233
tail02_reclaim10_participation_q50_final_c10,2025-08,-0.0547065014929966
tail02_reclaim10_participation_q50_final_c10,2025-09,0.015489080674505499
tail02_reclaim10_participation_q50_final_c10,2025-10,-0.045337533072991265
tail02_reclaim10_participation_q50_final_c10,2025-11,0.008605847273076674
tail02_reclaim10_participation_q50_final_c10,2025-12,0.012556179376789996
tail02_reclaim10_participation_q50_final_c10,2026-01,-0.06386545804339715
tail02_reclaim10_participation_q50_final_c10,2026-02,-0.022191547841420963
tail02_reclaim10_participation_q50_final_c10,2026-03,0.07973510611426171
tail02_reclaim10_participation_q50_final_c10,2026-04,-0.007633551026037463
tail02_reclaim10_participation_q50_final_c20,2024-11,-0.014748433731456831
tail02_reclaim10_participation_q50_final_c20,2024-12,-0.1249962216314161
tail02_reclaim10_participation_q50_final_c20,2025-01,-0.10785585026216604
tail02_reclaim10_participation_q50_final_c20,2025-02,-0.01569948657221852
tail02_reclaim10_participation_q50_final_c20,2025-03,-0.025246040742939888
tail02_reclaim10_participation_q50_final_c20,2025-04,0.09715054712595574
tail02_reclaim10_participation_q50_final_c20,2025-05,0.023620214093806224
tail02_reclaim10_participation_q50_final_c20,2025-06,0.012684840051158223
tail02_reclaim10_participation_q50_final_c20,2025-07,0.0002261615519432332
tail02_reclaim10_participation_q50_final_c20,2025-08,-0.0727065014929966
tail02_reclaim10_participation_q50_final_c20,2025-09,0.0094890806745055
tail02_reclaim10_participation_q50_final_c20,2025-10,-0.059337533072991264
tail02_reclaim10_participation_q50_final_c20,2025-11,0.0006058472730766686
tail02_reclaim10_participation_q50_final_c20,2025-12,-0.0034438206232100116
tail02_reclaim10_participation_q50_final_c20,2026-01,-0.07986545804339715
tail02_reclaim10_participation_q50_final_c20,2026-02,-0.034191547841420956
tail02_reclaim10_participation_q50_final_c20,2026-03,0.06373510611426171
tail02_reclaim10_participation_q50_final_c20,2026-04,-0.027633551026037453
tail02_reclaim10_participation_q67_1200_c5,2024-11,-0.0009743853810124659
tail02_reclaim10_participation_q67_1200_c5,2024-12,-0.11322801629272117
tail02_reclaim10_participation_q67_1200_c5,2025-01,-0.11778134490610426
tail02_reclaim10_participation_q67_1200_c5,2025-02,-0.05658862051738922
tail02_reclaim10_participation_q67_1200_c5,2025-03,0.007723401536070207
tail02_reclaim10_participation_q67_1200_c5,2025-04,0.008779945806513981
tail02_reclaim10_participation_q67_1200_c5,2025-05,-0.003835636671759679
tail02_reclaim10_participation_q67_1200_c5,2025-06,0.04924403595569071
tail02_reclaim10_participation_q67_1200_c5,2025-07,-0.0021383262542952726
tail02_reclaim10_participation_q67_1200_c5,2025-08,-0.04967143928265172
tail02_reclaim10_participation_q67_1200_c5,2025-09,0.007910884179003652
tail02_reclaim10_participation_q67_1200_c5,2025-10,0.0033934913233653052
tail02_reclaim10_participation_q67_1200_c5,2025-11,0.01489214426448593
tail02_reclaim10_participation_q67_1200_c5,2025-12,0.0023674503691638055
tail02_reclaim10_participation_q67_1200_c5,2026-01,-0.058947509510329676
tail02_reclaim10_participation_q67_1200_c5,2026-02,-0.07476189343629058
tail02_reclaim10_participation_q67_1200_c5,2026-03,-0.059478128088820026
tail02_reclaim10_participation_q67_1200_c5,2026-04,-0.04232064401492708
tail02_reclaim10_participation_q67_1200_c10,2024-11,-0.00897438538101247
tail02_reclaim10_participation_q67_1200_c10,2024-12,-0.11922801629272117
tail02_reclaim10_participation_q67_1200_c10,2025-01,-0.12278134490610426
tail02_reclaim10_participation_q67_1200_c10,2025-02,-0.059588620517389224
tail02_reclaim10_participation_q67_1200_c10,2025-03,0.004723401536070209
tail02_reclaim10_participation_q67_1200_c10,2025-04,0.0057799458065139805
tail02_reclaim10_participation_q67_1200_c10,2025-05,-0.006835636671759682
tail02_reclaim10_participation_q67_1200_c10,2025-06,0.04724403595569071
tail02_reclaim10_participation_q67_1200_c10,2025-07,-0.006138326254295272
tail02_reclaim10_participation_q67_1200_c10,2025-08,-0.05867143928265172
tail02_reclaim10_participation_q67_1200_c10,2025-09,0.004910884179003655
tail02_reclaim10_participation_q67_1200_c10,2025-10,-0.0026065086766346966
tail02_reclaim10_participation_q67_1200_c10,2025-11,0.010892144264485927
tail02_reclaim10_participation_q67_1200_c10,2025-12,-0.0046325496308361955
tail02_reclaim10_participation_q67_1200_c10,2026-01,-0.06594750951032968
tail02_reclaim10_participation_q67_1200_c10,2026-02,-0.07976189343629059
tail02_reclaim10_participation_q67_1200_c10,2026-03,-0.06547812808882003
tail02_reclaim10_participation_q67_1200_c10,2026-04,-0.05232064401492707
tail02_reclaim10_participation_q67_1200_c20,2024-11,-0.02497438538101246
tail02_reclaim10_participation_q67_1200_c20,2024-12,-0.13122801629272116
tail02_reclaim10_participation_q67_1200_c20,2025-01,-0.13278134490610427
tail02_reclaim10_participation_q67_1200_c20,2025-02,-0.06558862051738922
tail02_reclaim10_participation_q67_1200_c20,2025-03,-0.0012765984639297907
tail02_reclaim10_participation_q67_1200_c20,2025-04,-0.00022005419348601965
tail02_reclaim10_participation_q67_1200_c20,2025-05,-0.012835636671759684
tail02_reclaim10_participation_q67_1200_c20,2025-06,0.043244035955690714
tail02_reclaim10_participation_q67_1200_c20,2025-07,-0.014138326254295272
tail02_reclaim10_participation_q67_1200_c20,2025-08,-0.07667143928265172
tail02_reclaim10_participation_q67_1200_c20,2025-09,-0.0010891158209963454
tail02_reclaim10_participation_q67_1200_c20,2025-10,-0.014606508676634697
tail02_reclaim10_participation_q67_1200_c20,2025-11,0.002892144264485922
tail02_reclaim10_participation_q67_1200_c20,2025-12,-0.01863254963083619
tail02_reclaim10_participation_q67_1200_c20,2026-01,-0.07994750951032968
tail02_reclaim10_participation_q67_1200_c20,2026-02,-0.08976189343629058
tail02_reclaim10_participation_q67_1200_c20,2026-03,-0.07747812808882001
tail02_reclaim10_participation_q67_1200_c20,2026-04,-0.07232064401492708
tail02_reclaim10_participation_q67_final_c5,2024-11,0.013823485056075224
tail02_reclaim10_participation_q67_final_c5,2024-12,-0.10699622163141609
tail02_reclaim10_participation_q67_final_c5,2025-01,-0.09285585026216603
tail02_reclaim10_participation_q67_final_c5,2025-02,-0.011389741072528992
tail02_reclaim10_participation_q67_final_c5,2025-03,0.027763721109872685
tail02_reclaim10_participation_q67_final_c5,2025-04,0.034143048030161105
tail02_reclaim10_participation_q67_final_c5,2025-05,0.035620214093806224
tail02_reclaim10_participation_q67_final_c5,2025-06,0.07443784031051259
tail02_reclaim10_participation_q67_final_c5,2025-07,0.019253232584650393
tail02_reclaim10_participation_q67_final_c5,2025-08,-0.0457065014929966
tail02_reclaim10_participation_q67_final_c5,2025-09,0.018489080674505498
tail02_reclaim10_participation_q67_final_c5,2025-10,-0.03664459434218692
tail02_reclaim10_participation_q67_final_c5,2025-11,0.012605847273076676
tail02_reclaim10_participation_q67_final_c5,2025-12,-0.007469565196657868
tail02_reclaim10_participation_q67_final_c5,2026-01,-0.05643539625873184
tail02_reclaim10_participation_q67_final_c5,2026-02,-0.03883840855828413
tail02_reclaim10_participation_q67_final_c5,2026-03,-0.011406253729437044
tail02_reclaim10_participation_q67_final_c5,2026-04,0.0023664489739625436
tail02_reclaim10_participation_q67_final_c10,2024-11,0.005823485056075217
tail02_reclaim10_participation_q67_final_c10,2024-12,-0.1129962216314161
tail02_reclaim10_participation_q67_final_c10,2025-01,-0.09785585026216603
tail02_reclaim10_participation_q67_final_c10,2025-02,-0.014389741072528994
tail02_reclaim10_participation_q67_final_c10,2025-03,0.024763721109872683
tail02_reclaim10_participation_q67_final_c10,2025-04,0.031143048030161102
tail02_reclaim10_participation_q67_final_c10,2025-05,0.03162021409380623
tail02_reclaim10_participation_q67_final_c10,2025-06,0.07243784031051259
tail02_reclaim10_participation_q67_final_c10,2025-07,0.015253232584650396
tail02_reclaim10_participation_q67_final_c10,2025-08,-0.0547065014929966
tail02_reclaim10_participation_q67_final_c10,2025-09,0.015489080674505499
tail02_reclaim10_participation_q67_final_c10,2025-10,-0.042644594342186926
tail02_reclaim10_participation_q67_final_c10,2025-11,0.008605847273076674
tail02_reclaim10_participation_q67_final_c10,2025-12,-0.014469565196657867
tail02_reclaim10_participation_q67_final_c10,2026-01,-0.06343539625873183
tail02_reclaim10_participation_q67_final_c10,2026-02,-0.043838408558284137
tail02_reclaim10_participation_q67_final_c10,2026-03,-0.017406253729437042
tail02_reclaim10_participation_q67_final_c10,2026-04,-0.007633551026037463
tail02_reclaim10_participation_q67_final_c20,2024-11,-0.01017651494392479
tail02_reclaim10_participation_q67_final_c20,2024-12,-0.1249962216314161
tail02_reclaim10_participation_q67_final_c20,2025-01,-0.10785585026216604
tail02_reclaim10_participation_q67_final_c20,2025-02,-0.02038974107252899
tail02_reclaim10_participation_q67_final_c20,2025-03,0.018763721109872688
tail02_reclaim10_participation_q67_final_c20,2025-04,0.025143048030161107
tail02_reclaim10_participation_q67_final_c20,2025-05,0.023620214093806224
tail02_reclaim10_participation_q67_final_c20,2025-06,0.06843784031051259
tail02_reclaim10_participation_q67_final_c20,2025-07,0.007253232584650396
tail02_reclaim10_participation_q67_final_c20,2025-08,-0.0727065014929966
tail02_reclaim10_participation_q67_final_c20,2025-09,0.0094890806745055
tail02_reclaim10_participation_q67_final_c20,2025-10,-0.05464459434218692
tail02_reclaim10_participation_q67_final_c20,2025-11,0.0006058472730766686
tail02_reclaim10_participation_q67_final_c20,2025-12,-0.028469565196657873
tail02_reclaim10_participation_q67_final_c20,2026-01,-0.07743539625873183
tail02_reclaim10_participation_q67_final_c20,2026-02,-0.05383840855828413
tail02_reclaim10_participation_q67_final_c20,2026-03,-0.02940625372943704
tail02_reclaim10_participation_q67_final_c20,2026-04,-0.027633551026037453
tail02_reclaim10_participation_q80_1200_c5,2024-11,0.02662384140386853
tail02_reclaim10_participation_q80_1200_c5,2024-12,-0.09564152982886576
tail02_reclaim10_participation_q80_1200_c5,2025-01,-0.11778134490610426
tail02_reclaim10_participation_q80_1200_c5,2025-02,-0.05658862051738922
tail02_reclaim10_participation_q80_1200_c5,2025-03,0.007723401536070207
tail02_reclaim10_participation_q80_1200_c5,2025-04,0.008779945806513981
tail02_reclaim10_participation_q80_1200_c5,2025-05,-0.003835636671759679
tail02_reclaim10_participation_q80_1200_c5,2025-06,0.04924403595569071
tail02_reclaim10_participation_q80_1200_c5,2025-07,0.0010882048453891872
tail02_reclaim10_participation_q80_1200_c5,2025-08,-0.04967143928265172
tail02_reclaim10_participation_q80_1200_c5,2025-09,-0.007022277774723861
tail02_reclaim10_participation_q80_1200_c5,2025-10,0.0033934913233653052
tail02_reclaim10_participation_q80_1200_c5,2025-11,0.01489214426448593
tail02_reclaim10_participation_q80_1200_c5,2025-12,-0.018163866433126175
tail02_reclaim10_participation_q80_1200_c5,2026-01,-0.1028210084267
tail02_reclaim10_participation_q80_1200_c5,2026-02,-0.07476189343629058
tail02_reclaim10_participation_q80_1200_c5,2026-03,-0.046532336549410025
tail02_reclaim10_participation_q80_1200_c5,2026-04,-0.038935566018374335
tail02_reclaim10_participation_q80_1200_c10,2024-11,0.01962384140386853
tail02_reclaim10_participation_q80_1200_c10,2024-12,-0.09964152982886576
tail02_reclaim10_participation_q80_1200_c10,2025-01,-0.12278134490610426
tail02_reclaim10_participation_q80_1200_c10,2025-02,-0.059588620517389224
tail02_reclaim10_participation_q80_1200_c10,2025-03,0.004723401536070209
tail02_reclaim10_participation_q80_1200_c10,2025-04,0.0057799458065139805
tail02_reclaim10_participation_q80_1200_c10,2025-05,-0.006835636671759682
tail02_reclaim10_participation_q80_1200_c10,2025-06,0.04724403595569071
tail02_reclaim10_participation_q80_1200_c10,2025-07,-0.0019117951546108129
tail02_reclaim10_participation_q80_1200_c10,2025-08,-0.05867143928265172
tail02_reclaim10_participation_q80_1200_c10,2025-09,-0.00902227777472386
tail02_reclaim10_participation_q80_1200_c10,2025-10,-0.0026065086766346966
tail02_reclaim10_participation_q80_1200_c10,2025-11,0.010892144264485927
tail02_reclaim10_participation_q80_1200_c10,2025-12,-0.024163866433126173
tail02_reclaim10_participation_q80_1200_c10,2026-01,-0.1088210084267
tail02_reclaim10_participation_q80_1200_c10,2026-02,-0.07976189343629059
tail02_reclaim10_participation_q80_1200_c10,2026-03,-0.05053233654941003
tail02_reclaim10_participation_q80_1200_c10,2026-04,-0.045935566018374334
tail02_reclaim10_participation_q80_1200_c20,2024-11,0.005623841403868537
tail02_reclaim10_participation_q80_1200_c20,2024-12,-0.10764152982886575
tail02_reclaim10_participation_q80_1200_c20,2025-01,-0.13278134490610427
tail02_reclaim10_participation_q80_1200_c20,2025-02,-0.06558862051738922
tail02_reclaim10_participation_q80_1200_c20,2025-03,-0.0012765984639297907
tail02_reclaim10_participation_q80_1200_c20,2025-04,-0.00022005419348601965
tail02_reclaim10_participation_q80_1200_c20,2025-05,-0.012835636671759684
tail02_reclaim10_participation_q80_1200_c20,2025-06,0.043244035955690714
tail02_reclaim10_participation_q80_1200_c20,2025-07,-0.007911795154610813
tail02_reclaim10_participation_q80_1200_c20,2025-08,-0.07667143928265172
tail02_reclaim10_participation_q80_1200_c20,2025-09,-0.01302227777472386
tail02_reclaim10_participation_q80_1200_c20,2025-10,-0.014606508676634697
tail02_reclaim10_participation_q80_1200_c20,2025-11,0.002892144264485922
tail02_reclaim10_participation_q80_1200_c20,2025-12,-0.03616386643312617
tail02_reclaim10_participation_q80_1200_c20,2026-01,-0.1208210084267
tail02_reclaim10_participation_q80_1200_c20,2026-02,-0.08976189343629058
tail02_reclaim10_participation_q80_1200_c20,2026-03,-0.05853233654941002
tail02_reclaim10_participation_q80_1200_c20,2026-04,-0.05993556601837434
tail02_reclaim10_participation_q80_final_c5,2024-11,0.06195367637665372
tail02_reclaim10_participation_q80_final_c5,2024-12,-0.10432516722537055
tail02_reclaim10_participation_q80_final_c5,2025-01,-0.09285585026216603
tail02_reclaim10_participation_q80_final_c5,2025-02,-0.011389741072528992
tail02_reclaim10_participation_q80_final_c5,2025-03,0.027763721109872685
tail02_reclaim10_participation_q80_final_c5,2025-04,0.034143048030161105
tail02_reclaim10_participation_q80_final_c5,2025-05,0.035620214093806224
tail02_reclaim10_participation_q80_final_c5,2025-06,0.07443784031051259
tail02_reclaim10_participation_q80_final_c5,2025-07,0.017017439154372815
tail02_reclaim10_participation_q80_final_c5,2025-08,-0.0457065014929966
tail02_reclaim10_participation_q80_final_c5,2025-09,0.01434769249969825
tail02_reclaim10_participation_q80_final_c5,2025-10,-0.03664459434218692
tail02_reclaim10_participation_q80_final_c5,2025-11,0.012605847273076676
tail02_reclaim10_participation_q80_final_c5,2025-12,-0.02728314236977991
tail02_reclaim10_participation_q80_final_c5,2026-01,-0.09429519694392774
tail02_reclaim10_participation_q80_final_c5,2026-02,-0.03883840855828413
tail02_reclaim10_participation_q80_final_c5,2026-03,0.002816807432757585
tail02_reclaim10_participation_q80_final_c5,2026-04,-0.04077933562584324
tail02_reclaim10_participation_q80_final_c10,2024-11,0.054953676376653715
tail02_reclaim10_participation_q80_final_c10,2024-12,-0.10832516722537056
tail02_reclaim10_participation_q80_final_c10,2025-01,-0.09785585026216603
tail02_reclaim10_participation_q80_final_c10,2025-02,-0.014389741072528994
tail02_reclaim10_participation_q80_final_c10,2025-03,0.024763721109872683
tail02_reclaim10_participation_q80_final_c10,2025-04,0.031143048030161102
tail02_reclaim10_participation_q80_final_c10,2025-05,0.03162021409380623
tail02_reclaim10_participation_q80_final_c10,2025-06,0.07243784031051259
tail02_reclaim10_participation_q80_final_c10,2025-07,0.014017439154372818
tail02_reclaim10_participation_q80_final_c10,2025-08,-0.0547065014929966
tail02_reclaim10_participation_q80_final_c10,2025-09,0.01234769249969825
tail02_reclaim10_participation_q80_final_c10,2025-10,-0.042644594342186926
tail02_reclaim10_participation_q80_final_c10,2025-11,0.008605847273076674
tail02_reclaim10_participation_q80_final_c10,2025-12,-0.03328314236977991
tail02_reclaim10_participation_q80_final_c10,2026-01,-0.10029519694392774
tail02_reclaim10_participation_q80_final_c10,2026-02,-0.043838408558284137
tail02_reclaim10_participation_q80_final_c10,2026-03,-0.001183192567242414
tail02_reclaim10_participation_q80_final_c10,2026-04,-0.04777933562584324
tail02_reclaim10_participation_q80_final_c20,2024-11,0.04095367637665371
tail02_reclaim10_participation_q80_final_c20,2024-12,-0.11632516722537056
tail02_reclaim10_participation_q80_final_c20,2025-01,-0.10785585026216604
tail02_reclaim10_participation_q80_final_c20,2025-02,-0.02038974107252899
tail02_reclaim10_participation_q80_final_c20,2025-03,0.018763721109872688
tail02_reclaim10_participation_q80_final_c20,2025-04,0.025143048030161107
tail02_reclaim10_participation_q80_final_c20,2025-05,0.023620214093806224
tail02_reclaim10_participation_q80_final_c20,2025-06,0.06843784031051259
tail02_reclaim10_participation_q80_final_c20,2025-07,0.008017439154372818
tail02_reclaim10_participation_q80_final_c20,2025-08,-0.0727065014929966
tail02_reclaim10_participation_q80_final_c20,2025-09,0.008347692499698252
tail02_reclaim10_participation_q80_final_c20,2025-10,-0.05464459434218692
tail02_reclaim10_participation_q80_final_c20,2025-11,0.0006058472730766686
tail02_reclaim10_participation_q80_final_c20,2025-12,-0.045283142369779913
tail02_reclaim10_participation_q80_final_c20,2026-01,-0.11229519694392774
tail02_reclaim10_participation_q80_final_c20,2026-02,-0.05383840855828413
tail02_reclaim10_participation_q80_final_c20,2026-03,-0.009183192567242413
tail02_reclaim10_participation_q80_final_c20,2026-04,-0.06177933562584323
tail02_reclaim10_anomaly_ge1_1200_c5,2024-11,-0.005264160174061502
tail02_reclaim10_anomaly_ge1_1200_c5,2024-12,0.015931785359950545
tail02_reclaim10_anomaly_ge1_1200_c5,2025-01,-0.10402171600534527
tail02_reclaim10_anomaly_ge1_1200_c5,2025-02,-0.055453599434965084
tail02_reclaim10_anomaly_ge1_1200_c5,2025-03,-0.0397948481571917
tail02_reclaim10_anomaly_ge1_1200_c5,2025-04,0.133214215023865
tail02_reclaim10_anomaly_ge1_1200_c5,2025-05,-0.003835636671759679
tail02_reclaim10_anomaly_ge1_1200_c5,2025-06,0.029314450221428756
tail02_reclaim10_anomaly_ge1_1200_c5,2025-07,-0.005846007145488937
tail02_reclaim10_anomaly_ge1_1200_c5,2025-08,-0.04967143928265172
tail02_reclaim10_anomaly_ge1_1200_c5,2025-09,0.0028015406187073015
tail02_reclaim10_anomaly_ge1_1200_c5,2025-10,-0.016002914336379348
tail02_reclaim10_anomaly_ge1_1200_c5,2025-11,0.037317829572439565
tail02_reclaim10_anomaly_ge1_1200_c5,2025-12,0.009524459160157707
tail02_reclaim10_anomaly_ge1_1200_c5,2026-01,-0.06781463872237176
tail02_reclaim10_anomaly_ge1_1200_c5,2026-02,-0.07476189343629058
tail02_reclaim10_anomaly_ge1_1200_c5,2026-03,-0.0448300209936503
tail02_reclaim10_anomaly_ge1_1200_c5,2026-04,-0.021812069516665977
tail02_reclaim10_anomaly_ge1_1200_c10,2024-11,-0.015264160174061507
tail02_reclaim10_anomaly_ge1_1200_c10,2024-12,0.011931785359950545
tail02_reclaim10_anomaly_ge1_1200_c10,2025-01,-0.11002171600534527
tail02_reclaim10_anomaly_ge1_1200_c10,2025-02,-0.05945359943496509
tail02_reclaim10_anomaly_ge1_1200_c10,2025-03,-0.04779484815719169
tail02_reclaim10_anomaly_ge1_1200_c10,2025-04,0.12821421502386499
tail02_reclaim10_anomaly_ge1_1200_c10,2025-05,-0.006835636671759682
tail02_reclaim10_anomaly_ge1_1200_c10,2025-06,0.027314450221428754
tail02_reclaim10_anomaly_ge1_1200_c10,2025-07,-0.010846007145488936
tail02_reclaim10_anomaly_ge1_1200_c10,2025-08,-0.05867143928265172
tail02_reclaim10_anomaly_ge1_1200_c10,2025-09,-0.002198459381292697
tail02_reclaim10_anomaly_ge1_1200_c10,2025-10,-0.02300291433637935
tail02_reclaim10_anomaly_ge1_1200_c10,2025-11,0.030317829572439562
tail02_reclaim10_anomaly_ge1_1200_c10,2025-12,0.002524459160157708
tail02_reclaim10_anomaly_ge1_1200_c10,2026-01,-0.07581463872237176
tail02_reclaim10_anomaly_ge1_1200_c10,2026-02,-0.07976189343629059
tail02_reclaim10_anomaly_ge1_1200_c10,2026-03,-0.0508300209936503
tail02_reclaim10_anomaly_ge1_1200_c10,2026-04,-0.030812069516665982
tail02_reclaim10_anomaly_ge1_1200_c20,2024-11,-0.0352641601740615
tail02_reclaim10_anomaly_ge1_1200_c20,2024-12,0.003931785359950549
tail02_reclaim10_anomaly_ge1_1200_c20,2025-01,-0.12202171600534528
tail02_reclaim10_anomaly_ge1_1200_c20,2025-02,-0.06745359943496508
tail02_reclaim10_anomaly_ge1_1200_c20,2025-03,-0.06379484815719169
tail02_reclaim10_anomaly_ge1_1200_c20,2025-04,0.11821421502386499
tail02_reclaim10_anomaly_ge1_1200_c20,2025-05,-0.012835636671759684
tail02_reclaim10_anomaly_ge1_1200_c20,2025-06,0.023314450221428758
tail02_reclaim10_anomaly_ge1_1200_c20,2025-07,-0.020846007145488937
tail02_reclaim10_anomaly_ge1_1200_c20,2025-08,-0.07667143928265172
tail02_reclaim10_anomaly_ge1_1200_c20,2025-09,-0.012198459381292697
tail02_reclaim10_anomaly_ge1_1200_c20,2025-10,-0.037002914336379346
tail02_reclaim10_anomaly_ge1_1200_c20,2025-11,0.016317829572439567
tail02_reclaim10_anomaly_ge1_1200_c20,2025-12,-0.011475540839842289
tail02_reclaim10_anomaly_ge1_1200_c20,2026-01,-0.09181463872237176
tail02_reclaim10_anomaly_ge1_1200_c20,2026-02,-0.08976189343629058
tail02_reclaim10_anomaly_ge1_1200_c20,2026-03,-0.06283002099365029
tail02_reclaim10_anomaly_ge1_1200_c20,2026-04,-0.04881206951666599
tail02_reclaim10_anomaly_ge1_final_c5,2024-11,0.039082053302066266
tail02_reclaim10_anomaly_ge1_final_c5,2024-12,0.013103644618050359
tail02_reclaim10_anomaly_ge1_final_c5,2025-01,-0.08973252536290621
tail02_reclaim10_anomaly_ge1_final_c5,2025-02,-0.08075510296054367
tail02_reclaim10_anomaly_ge1_final_c5,2025-03,-0.0716550985438783
tail02_reclaim10_anomaly_ge1_final_c5,2025-04,0.19664673338135075
tail02_reclaim10_anomaly_ge1_final_c5,2025-05,0.035620214093806224
tail02_reclaim10_anomaly_ge1_final_c5,2025-06,-0.08081804012356508
tail02_reclaim10_anomaly_ge1_final_c5,2025-07,0.015226161551943233
tail02_reclaim10_anomaly_ge1_final_c5,2025-08,-0.0457065014929966
tail02_reclaim10_anomaly_ge1_final_c5,2025-09,0.03559568445091854
tail02_reclaim10_anomaly_ge1_final_c5,2025-10,-0.03833753307299126
tail02_reclaim10_anomaly_ge1_final_c5,2025-11,0.019140096031590725
tail02_reclaim10_anomaly_ge1_final_c5,2025-12,-0.024431684968689305
tail02_reclaim10_anomaly_ge1_final_c5,2026-01,-0.057373540482644814
tail02_reclaim10_anomaly_ge1_final_c5,2026-02,-0.03883840855828413
tail02_reclaim10_anomaly_ge1_final_c5,2026-03,0.008589984277151796
tail02_reclaim10_anomaly_ge1_final_c5,2026-04,0.033538122035598084
tail02_reclaim10_anomaly_ge1_final_c10,2024-11,0.02908205330206626
tail02_reclaim10_anomaly_ge1_final_c10,2024-12,0.009103644618050358
tail02_reclaim10_anomaly_ge1_final_c10,2025-01,-0.09573252536290622
tail02_reclaim10_anomaly_ge1_final_c10,2025-02,-0.08475510296054367
tail02_reclaim10_anomaly_ge1_final_c10,2025-03,-0.07965509854387831
tail02_reclaim10_anomaly_ge1_final_c10,2025-04,0.19164673338135074
tail02_reclaim10_anomaly_ge1_final_c10,2025-05,0.03162021409380623
tail02_reclaim10_anomaly_ge1_final_c10,2025-06,-0.08281804012356508
tail02_reclaim10_anomaly_ge1_final_c10,2025-07,0.010226161551943233
tail02_reclaim10_anomaly_ge1_final_c10,2025-08,-0.0547065014929966
tail02_reclaim10_anomaly_ge1_final_c10,2025-09,0.030595684450918544
tail02_reclaim10_anomaly_ge1_final_c10,2025-10,-0.045337533072991265
tail02_reclaim10_anomaly_ge1_final_c10,2025-11,0.012140096031590721
tail02_reclaim10_anomaly_ge1_final_c10,2025-12,-0.031431684968689304
tail02_reclaim10_anomaly_ge1_final_c10,2026-01,-0.0653735404826448
tail02_reclaim10_anomaly_ge1_final_c10,2026-02,-0.043838408558284137
tail02_reclaim10_anomaly_ge1_final_c10,2026-03,0.001589984277151799
tail02_reclaim10_anomaly_ge1_final_c10,2026-04,0.02453812203559808
tail02_reclaim10_anomaly_ge1_final_c20,2024-11,0.009082053302066254
tail02_reclaim10_anomaly_ge1_final_c20,2024-12,0.0011036446180503583
tail02_reclaim10_anomaly_ge1_final_c20,2025-01,-0.10773252536290621
tail02_reclaim10_anomaly_ge1_final_c20,2025-02,-0.09275510296054366
tail02_reclaim10_anomaly_ge1_final_c20,2025-03,-0.09565509854387833
tail02_reclaim10_anomaly_ge1_final_c20,2025-04,0.18164673338135073
tail02_reclaim10_anomaly_ge1_final_c20,2025-05,0.023620214093806224
tail02_reclaim10_anomaly_ge1_final_c20,2025-06,-0.08681804012356509
tail02_reclaim10_anomaly_ge1_final_c20,2025-07,0.0002261615519432332
tail02_reclaim10_anomaly_ge1_final_c20,2025-08,-0.0727065014929966
tail02_reclaim10_anomaly_ge1_final_c20,2025-09,0.020595684450918545
tail02_reclaim10_anomaly_ge1_final_c20,2025-10,-0.059337533072991264
tail02_reclaim10_anomaly_ge1_final_c20,2025-11,-0.0018599039684092898
tail02_reclaim10_anomaly_ge1_final_c20,2025-12,-0.04543168496868931
tail02_reclaim10_anomaly_ge1_final_c20,2026-01,-0.08137354048264481
tail02_reclaim10_anomaly_ge1_final_c20,2026-02,-0.05383840855828413
tail02_reclaim10_anomaly_ge1_final_c20,2026-03,-0.012410015722848198
tail02_reclaim10_anomaly_ge1_final_c20,2026-04,0.00653812203559808
tail02_reclaim10_anomaly_ge1_5_1200_c5,2024-11,0.026460987529118633
tail02_reclaim10_anomaly_ge1_5_1200_c5,2024-12,0.015931785359950545
tail02_reclaim10_anomaly_ge1_5_1200_c5,2025-01,-0.11778134490610426
tail02_reclaim10_anomaly_ge1_5_1200_c5,2025-02,-0.055453599434965084
tail02_reclaim10_anomaly_ge1_5_1200_c5,2025-03,-0.02363214929300783
tail02_reclaim10_anomaly_ge1_5_1200_c5,2025-04,0.11949181655069141
tail02_reclaim10_anomaly_ge1_5_1200_c5,2025-05,-0.03976533323626841
tail02_reclaim10_anomaly_ge1_5_1200_c5,2025-06,0.029314450221428756
tail02_reclaim10_anomaly_ge1_5_1200_c5,2025-07,-0.007640150027145407
tail02_reclaim10_anomaly_ge1_5_1200_c5,2025-08,-0.06264791681787985
tail02_reclaim10_anomaly_ge1_5_1200_c5,2025-09,0.015387305955217093
tail02_reclaim10_anomaly_ge1_5_1200_c5,2025-10,-0.016002914336379348
tail02_reclaim10_anomaly_ge1_5_1200_c5,2025-11,0.031904913204413354
tail02_reclaim10_anomaly_ge1_5_1200_c5,2025-12,-0.02564321529874103
tail02_reclaim10_anomaly_ge1_5_1200_c5,2026-01,-0.06781226686912034
tail02_reclaim10_anomaly_ge1_5_1200_c5,2026-02,-0.05383891821067688
tail02_reclaim10_anomaly_ge1_5_1200_c5,2026-03,-0.041713965247798246
tail02_reclaim10_anomaly_ge1_5_1200_c5,2026-04,-0.029506474193518317
tail02_reclaim10_anomaly_ge1_5_1200_c10,2024-11,0.01846098752911863
tail02_reclaim10_anomaly_ge1_5_1200_c10,2024-12,0.011931785359950545
tail02_reclaim10_anomaly_ge1_5_1200_c10,2025-01,-0.12278134490610426
tail02_reclaim10_anomaly_ge1_5_1200_c10,2025-02,-0.05945359943496509
tail02_reclaim10_anomaly_ge1_5_1200_c10,2025-03,-0.02663214929300783
tail02_reclaim10_anomaly_ge1_5_1200_c10,2025-04,0.11649181655069141
tail02_reclaim10_anomaly_ge1_5_1200_c10,2025-05,-0.04076533323626841
tail02_reclaim10_anomaly_ge1_5_1200_c10,2025-06,0.027314450221428754
tail02_reclaim10_anomaly_ge1_5_1200_c10,2025-07,-0.011640150027145406
tail02_reclaim10_anomaly_ge1_5_1200_c10,2025-08,-0.06964791681787985
tail02_reclaim10_anomaly_ge1_5_1200_c10,2025-09,0.011387305955217093
tail02_reclaim10_anomaly_ge1_5_1200_c10,2025-10,-0.02300291433637935
tail02_reclaim10_anomaly_ge1_5_1200_c10,2025-11,0.025904913204413352
tail02_reclaim10_anomaly_ge1_5_1200_c10,2025-12,-0.030643215298741026
tail02_reclaim10_anomaly_ge1_5_1200_c10,2026-01,-0.07381226686912035
tail02_reclaim10_anomaly_ge1_5_1200_c10,2026-02,-0.05783891821067688
tail02_reclaim10_anomaly_ge1_5_1200_c10,2026-03,-0.04671396524779825
tail02_reclaim10_anomaly_ge1_5_1200_c10,2026-04,-0.03450647419351832
tail02_reclaim10_anomaly_ge1_5_1200_c20,2024-11,0.0024609875291186356
tail02_reclaim10_anomaly_ge1_5_1200_c20,2024-12,0.003931785359950549
tail02_reclaim10_anomaly_ge1_5_1200_c20,2025-01,-0.13278134490610427
tail02_reclaim10_anomaly_ge1_5_1200_c20,2025-02,-0.06745359943496508
tail02_reclaim10_anomaly_ge1_5_1200_c20,2025-03,-0.032632149293007826
tail02_reclaim10_anomaly_ge1_5_1200_c20,2025-04,0.1104918165506914
tail02_reclaim10_anomaly_ge1_5_1200_c20,2025-05,-0.04276533323626841
tail02_reclaim10_anomaly_ge1_5_1200_c20,2025-06,0.023314450221428758
tail02_reclaim10_anomaly_ge1_5_1200_c20,2025-07,-0.019640150027145406
tail02_reclaim10_anomaly_ge1_5_1200_c20,2025-08,-0.08364791681787985
tail02_reclaim10_anomaly_ge1_5_1200_c20,2025-09,0.003387305955217093
tail02_reclaim10_anomaly_ge1_5_1200_c20,2025-10,-0.037002914336379346
tail02_reclaim10_anomaly_ge1_5_1200_c20,2025-11,0.013904913204413352
tail02_reclaim10_anomaly_ge1_5_1200_c20,2025-12,-0.04064321529874103
tail02_reclaim10_anomaly_ge1_5_1200_c20,2026-01,-0.08581226686912034
tail02_reclaim10_anomaly_ge1_5_1200_c20,2026-02,-0.06583891821067689
tail02_reclaim10_anomaly_ge1_5_1200_c20,2026-03,-0.056713965247798245
tail02_reclaim10_anomaly_ge1_5_1200_c20,2026-04,-0.04450647419351832
tail02_reclaim10_anomaly_ge1_5_final_c5,2024-11,0.060381757589121676
tail02_reclaim10_anomaly_ge1_5_final_c5,2024-12,0.013103644618050359
tail02_reclaim10_anomaly_ge1_5_final_c5,2025-01,-0.09285585026216603
tail02_reclaim10_anomaly_ge1_5_final_c5,2025-02,-0.08075510296054367
tail02_reclaim10_anomaly_ge1_5_final_c5,2025-03,-0.07878801139017333
tail02_reclaim10_anomaly_ge1_5_final_c5,2025-04,0.1866320174732864
tail02_reclaim10_anomaly_ge1_5_final_c5,2025-05,-0.002067786317666352
tail02_reclaim10_anomaly_ge1_5_final_c5,2025-06,-0.08081804012356508
tail02_reclaim10_anomaly_ge1_5_final_c5,2025-07,0.007331807036127905
tail02_reclaim10_anomaly_ge1_5_final_c5,2025-08,-0.045836941884987326
tail02_reclaim10_anomaly_ge1_5_final_c5,2025-09,0.0455295736706921
tail02_reclaim10_anomaly_ge1_5_final_c5,2025-10,-0.03833753307299126
tail02_reclaim10_anomaly_ge1_5_final_c5,2025-11,0.014896593824792914
tail02_reclaim10_anomaly_ge1_5_final_c5,2025-12,-0.04784555731256146
tail02_reclaim10_anomaly_ge1_5_final_c5,2026-01,-0.054401187825955266
tail02_reclaim10_anomaly_ge1_5_final_c5,2026-02,-0.02380150564398853
tail02_reclaim10_anomaly_ge1_5_final_c5,2026-03,0.01933121693725065
tail02_reclaim10_anomaly_ge1_5_final_c5,2026-04,-0.01388095811768214
tail02_reclaim10_anomaly_ge1_5_final_c10,2024-11,0.05238175758912167
tail02_reclaim10_anomaly_ge1_5_final_c10,2024-12,0.009103644618050358
tail02_reclaim10_anomaly_ge1_5_final_c10,2025-01,-0.09785585026216603
tail02_reclaim10_anomaly_ge1_5_final_c10,2025-02,-0.08475510296054367
tail02_reclaim10_anomaly_ge1_5_final_c10,2025-03,-0.08178801139017333
tail02_reclaim10_anomaly_ge1_5_final_c10,2025-04,0.1836320174732864
tail02_reclaim10_anomaly_ge1_5_final_c10,2025-05,-0.004067786317666352
tail02_reclaim10_anomaly_ge1_5_final_c10,2025-06,-0.08281804012356508
tail02_reclaim10_anomaly_ge1_5_final_c10,2025-07,0.0033318070361279054
tail02_reclaim10_anomaly_ge1_5_final_c10,2025-08,-0.05283694188498733
tail02_reclaim10_anomaly_ge1_5_final_c10,2025-09,0.0415295736706921
tail02_reclaim10_anomaly_ge1_5_final_c10,2025-10,-0.045337533072991265
tail02_reclaim10_anomaly_ge1_5_final_c10,2025-11,0.00889659382479291
tail02_reclaim10_anomaly_ge1_5_final_c10,2025-12,-0.05284555731256146
tail02_reclaim10_anomaly_ge1_5_final_c10,2026-01,-0.060401187825955265
tail02_reclaim10_anomaly_ge1_5_final_c10,2026-02,-0.02780150564398853
tail02_reclaim10_anomaly_ge1_5_final_c10,2026-03,0.01333121693725065
tail02_reclaim10_anomaly_ge1_5_final_c10,2026-04,-0.018880958117682145
tail02_reclaim10_anomaly_ge1_5_final_c20,2024-11,0.03638175758912167
tail02_reclaim10_anomaly_ge1_5_final_c20,2024-12,0.0011036446180503583
tail02_reclaim10_anomaly_ge1_5_final_c20,2025-01,-0.10785585026216604
tail02_reclaim10_anomaly_ge1_5_final_c20,2025-02,-0.09275510296054366
tail02_reclaim10_anomaly_ge1_5_final_c20,2025-03,-0.08778801139017334
tail02_reclaim10_anomaly_ge1_5_final_c20,2025-04,0.17763201747328639
tail02_reclaim10_anomaly_ge1_5_final_c20,2025-05,-0.008067786317666352
tail02_reclaim10_anomaly_ge1_5_final_c20,2025-06,-0.08681804012356509
tail02_reclaim10_anomaly_ge1_5_final_c20,2025-07,-0.004668192963872095
tail02_reclaim10_anomaly_ge1_5_final_c20,2025-08,-0.06683694188498733
tail02_reclaim10_anomaly_ge1_5_final_c20,2025-09,0.033529573670692106
tail02_reclaim10_anomaly_ge1_5_final_c20,2025-10,-0.059337533072991264
tail02_reclaim10_anomaly_ge1_5_final_c20,2025-11,-0.0031034061752070984
tail02_reclaim10_anomaly_ge1_5_final_c20,2025-12,-0.06284555731256146
tail02_reclaim10_anomaly_ge1_5_final_c20,2026-01,-0.07240118782595527
tail02_reclaim10_anomaly_ge1_5_final_c20,2026-02,-0.035801505643988527
tail02_reclaim10_anomaly_ge1_5_final_c20,2026-03,0.0013312169372506552
tail02_reclaim10_anomaly_ge1_5_final_c20,2026-04,-0.028880958117682137
tail02_reclaim10_anomaly_ge2_1200_c5,2024-11,0.02662384140386853
tail02_reclaim10_anomaly_ge2_1200_c5,2024-12,0.03604024486352453
tail02_reclaim10_anomaly_ge2_1200_c5,2025-01,-0.12599553127606244
tail02_reclaim10_anomaly_ge2_1200_c5,2025-02,-0.055453599434965084
tail02_reclaim10_anomaly_ge2_1200_c5,2025-03,0.0
tail02_reclaim10_anomaly_ge2_1200_c5,2025-04,0.11949181655069141
tail02_reclaim10_anomaly_ge2_1200_c5,2025-05,-0.03976533323626841
tail02_reclaim10_anomaly_ge2_1200_c5,2025-06,0.0
tail02_reclaim10_anomaly_ge2_1200_c5,2025-07,-0.0026194760458044773
tail02_reclaim10_anomaly_ge2_1200_c5,2025-08,-0.07364826215155862
tail02_reclaim10_anomaly_ge2_1200_c5,2025-09,0.013075809302708354
tail02_reclaim10_anomaly_ge2_1200_c5,2025-10,0.0190398482967975
tail02_reclaim10_anomaly_ge2_1200_c5,2025-11,0.04200107183326751
tail02_reclaim10_anomaly_ge2_1200_c5,2025-12,0.011242662615325472
tail02_reclaim10_anomaly_ge2_1200_c5,2026-01,-0.1078691141631451
tail02_reclaim10_anomaly_ge2_1200_c5,2026-02,-0.05383891821067688
tail02_reclaim10_anomaly_ge2_1200_c5,2026-03,-0.03799402752309311
tail02_reclaim10_anomaly_ge2_1200_c5,2026-04,-0.06965551585279667
tail02_reclaim10_anomaly_ge2_1200_c10,2024-11,0.01962384140386853
tail02_reclaim10_anomaly_ge2_1200_c10,2024-12,0.033040244863524526
tail02_reclaim10_anomaly_ge2_1200_c10,2025-01,-0.12999553127606245
tail02_reclaim10_anomaly_ge2_1200_c10,2025-02,-0.05945359943496509
tail02_reclaim10_anomaly_ge2_1200_c10,2025-03,0.0
tail02_reclaim10_anomaly_ge2_1200_c10,2025-04,0.11649181655069141
tail02_reclaim10_anomaly_ge2_1200_c10,2025-05,-0.04076533323626841
tail02_reclaim10_anomaly_ge2_1200_c10,2025-06,0.0
tail02_reclaim10_anomaly_ge2_1200_c10,2025-07,-0.006619476045804477
tail02_reclaim10_anomaly_ge2_1200_c10,2025-08,-0.07964826215155862
tail02_reclaim10_anomaly_ge2_1200_c10,2025-09,0.010075809302708355
tail02_reclaim10_anomaly_ge2_1200_c10,2025-10,0.0160398482967975
tail02_reclaim10_anomaly_ge2_1200_c10,2025-11,0.03900107183326751
tail02_reclaim10_anomaly_ge2_1200_c10,2025-12,0.010242662615325472
tail02_reclaim10_anomaly_ge2_1200_c10,2026-01,-0.1118691141631451
tail02_reclaim10_anomaly_ge2_1200_c10,2026-02,-0.05783891821067688
tail02_reclaim10_anomaly_ge2_1200_c10,2026-03,-0.03999402752309311
tail02_reclaim10_anomaly_ge2_1200_c10,2026-04,-0.07365551585279667
tail02_reclaim10_anomaly_ge2_1200_c20,2024-11,0.005623841403868537
tail02_reclaim10_anomaly_ge2_1200_c20,2024-12,0.02704024486352453
tail02_reclaim10_anomaly_ge2_1200_c20,2025-01,-0.13799553127606246
tail02_reclaim10_anomaly_ge2_1200_c20,2025-02,-0.06745359943496508
tail02_reclaim10_anomaly_ge2_1200_c20,2025-03,0.0
tail02_reclaim10_anomaly_ge2_1200_c20,2025-04,0.1104918165506914
tail02_reclaim10_anomaly_ge2_1200_c20,2025-05,-0.04276533323626841
tail02_reclaim10_anomaly_ge2_1200_c20,2025-06,0.0
tail02_reclaim10_anomaly_ge2_1200_c20,2025-07,-0.014619476045804478
tail02_reclaim10_anomaly_ge2_1200_c20,2025-08,-0.09164826215155862
tail02_reclaim10_anomaly_ge2_1200_c20,2025-09,0.004075809302708355
tail02_reclaim10_anomaly_ge2_1200_c20,2025-10,0.010039848296797504
tail02_reclaim10_anomaly_ge2_1200_c20,2025-11,0.033001071833267503
tail02_reclaim10_anomaly_ge2_1200_c20,2025-12,0.008242662615325472
tail02_reclaim10_anomaly_ge2_1200_c20,2026-01,-0.11986911416314511
tail02_reclaim10_anomaly_ge2_1200_c20,2026-02,-0.06583891821067689
tail02_reclaim10_anomaly_ge2_1200_c20,2026-03,-0.04399402752309311
tail02_reclaim10_anomaly_ge2_1200_c20,2026-04,-0.08165551585279666
tail02_reclaim10_anomaly_ge2_final_c5,2024-11,0.06195367637665372
tail02_reclaim10_anomaly_ge2_final_c5,2024-12,0.04838067506776034
tail02_reclaim10_anomaly_ge2_final_c5,2025-01,-0.10089618405910605
tail02_reclaim10_anomaly_ge2_final_c5,2025-02,-0.08075510296054367
tail02_reclaim10_anomaly_ge2_final_c5,2025-03,0.0
tail02_reclaim10_anomaly_ge2_final_c5,2025-04,0.1866320174732864
tail02_reclaim10_anomaly_ge2_final_c5,2025-05,-0.002067786317666352
tail02_reclaim10_anomaly_ge2_final_c5,2025-06,0.0
tail02_reclaim10_anomaly_ge2_final_c5,2025-07,0.012990368121665652
tail02_reclaim10_anomaly_ge2_final_c5,2025-08,-0.045700276081654834
tail02_reclaim10_anomaly_ge2_final_c5,2025-09,0.02265320287905248
tail02_reclaim10_anomaly_ge2_final_c5,2025-10,0.0058874410953630996
tail02_reclaim10_anomaly_ge2_final_c5,2025-11,0.0460515038063245
tail02_reclaim10_anomaly_ge2_final_c5,2025-12,0.01143638160137428
tail02_reclaim10_anomaly_ge2_final_c5,2026-01,-0.1113767483027529
tail02_reclaim10_anomaly_ge2_final_c5,2026-02,-0.02380150564398853
tail02_reclaim10_anomaly_ge2_final_c5,2026-03,-0.015379609772343705
tail02_reclaim10_anomaly_ge2_final_c5,2026-04,-0.042220264770592986
tail02_reclaim10_anomaly_ge2_final_c10,2024-11,0.054953676376653715
tail02_reclaim10_anomaly_ge2_final_c10,2024-12,0.045380675067760334
tail02_reclaim10_anomaly_ge2_final_c10,2025-01,-0.10489618405910606
tail02_reclaim10_anomaly_ge2_final_c10,2025-02,-0.08475510296054367
tail02_reclaim10_anomaly_ge2_final_c10,2025-03,0.0
tail02_reclaim10_anomaly_ge2_final_c10,2025-04,0.1836320174732864
tail02_reclaim10_anomaly_ge2_final_c10,2025-05,-0.004067786317666352
tail02_reclaim10_anomaly_ge2_final_c10,2025-06,0.0
tail02_reclaim10_anomaly_ge2_final_c10,2025-07,0.008990368121665655
tail02_reclaim10_anomaly_ge2_final_c10,2025-08,-0.05170027608165484
tail02_reclaim10_anomaly_ge2_final_c10,2025-09,0.01965320287905248
tail02_reclaim10_anomaly_ge2_final_c10,2025-10,0.002887441095363097
tail02_reclaim10_anomaly_ge2_final_c10,2025-11,0.0430515038063245
tail02_reclaim10_anomaly_ge2_final_c10,2025-12,0.01043638160137428
tail02_reclaim10_anomaly_ge2_final_c10,2026-01,-0.11537674830275291
tail02_reclaim10_anomaly_ge2_final_c10,2026-02,-0.02780150564398853
tail02_reclaim10_anomaly_ge2_final_c10,2026-03,-0.018379609772343704
tail02_reclaim10_anomaly_ge2_final_c10,2026-04,-0.04622026477059299
tail02_reclaim10_anomaly_ge2_final_c20,2024-11,0.04095367637665371
tail02_reclaim10_anomaly_ge2_final_c20,2024-12,0.03938067506776034
tail02_reclaim10_anomaly_ge2_final_c20,2025-01,-0.11289618405910606
tail02_reclaim10_anomaly_ge2_final_c20,2025-02,-0.09275510296054366
tail02_reclaim10_anomaly_ge2_final_c20,2025-03,0.0
tail02_reclaim10_anomaly_ge2_final_c20,2025-04,0.17763201747328639
tail02_reclaim10_anomaly_ge2_final_c20,2025-05,-0.008067786317666352
tail02_reclaim10_anomaly_ge2_final_c20,2025-06,0.0
tail02_reclaim10_anomaly_ge2_final_c20,2025-07,0.0009903681216656551
tail02_reclaim10_anomaly_ge2_final_c20,2025-08,-0.06370027608165484
tail02_reclaim10_anomaly_ge2_final_c20,2025-09,0.013653202879052483
tail02_reclaim10_anomaly_ge2_final_c20,2025-10,-0.0031125589046369015
tail02_reclaim10_anomaly_ge2_final_c20,2025-11,0.03705150380632449
tail02_reclaim10_anomaly_ge2_final_c20,2025-12,0.00843638160137428
tail02_reclaim10_anomaly_ge2_final_c20,2026-01,-0.1233767483027529
tail02_reclaim10_anomaly_ge2_final_c20,2026-02,-0.035801505643988527
tail02_reclaim10_anomaly_ge2_final_c20,2026-03,-0.024379609772343703
tail02_reclaim10_anomaly_ge2_final_c20,2026-04,-0.05422026477059298
tail02_reclaim25_all_1200_c5,2024-11,-0.05303178030430722
tail02_reclaim25_all_1200_c5,2024-12,0.006789012148741058
tail02_reclaim25_all_1200_c5,2025-01,-0.03874787506310895
tail02_reclaim25_all_1200_c5,2025-02,0.0
tail02_reclaim25_all_1200_c5,2025-03,-0.00614794858492873
tail02_reclaim25_all_1200_c5,2025-04,0.021721591969011134
tail02_reclaim25_all_1200_c5,2025-05,-0.007058625434992915
tail02_reclaim25_all_1200_c5,2025-06,0.037421882370704984
tail02_reclaim25_all_1200_c5,2025-07,-0.002264625898603376
tail02_reclaim25_all_1200_c5,2025-08,0.04781808475374061
tail02_reclaim25_all_1200_c5,2025-09,-0.007022277774723861
tail02_reclaim25_all_1200_c5,2025-10,-0.019778794368302766
tail02_reclaim25_all_1200_c5,2025-11,-0.05504084336705117
tail02_reclaim25_all_1200_c5,2025-12,0.027604482203304526
tail02_reclaim25_all_1200_c5,2026-01,-0.0408191811742169
tail02_reclaim25_all_1200_c5,2026-02,-0.015482342018941275
tail02_reclaim25_all_1200_c5,2026-03,0.03460478263946021
tail02_reclaim25_all_1200_c5,2026-04,0.07511142690416539
tail02_reclaim25_all_1200_c10,2024-11,-0.05503178030430722
tail02_reclaim25_all_1200_c10,2024-12,0.0017890121487410572
tail02_reclaim25_all_1200_c10,2025-01,-0.04074787506310895
tail02_reclaim25_all_1200_c10,2025-02,0.0
tail02_reclaim25_all_1200_c10,2025-03,-0.010147948584928727
tail02_reclaim25_all_1200_c10,2025-04,0.018721591969011138
tail02_reclaim25_all_1200_c10,2025-05,-0.008058625434992915
tail02_reclaim25_all_1200_c10,2025-06,0.03442188237070498
tail02_reclaim25_all_1200_c10,2025-07,-0.006264625898603375
tail02_reclaim25_all_1200_c10,2025-08,0.04581808475374061
tail02_reclaim25_all_1200_c10,2025-09,-0.00902227777472386
tail02_reclaim25_all_1200_c10,2025-10,-0.02377879436830277
tail02_reclaim25_all_1200_c10,2025-11,-0.06104084336705118
tail02_reclaim25_all_1200_c10,2025-12,0.020604482203304526
tail02_reclaim25_all_1200_c10,2026-01,-0.0458191811742169
tail02_reclaim25_all_1200_c10,2026-02,-0.017482342018941277
tail02_reclaim25_all_1200_c10,2026-03,0.02960478263946021
tail02_reclaim25_all_1200_c10,2026-04,0.07011142690416539
tail02_reclaim25_all_1200_c20,2024-11,-0.05903178030430722
tail02_reclaim25_all_1200_c20,2024-12,-0.008210987851258941
tail02_reclaim25_all_1200_c20,2025-01,-0.044747875063108955
tail02_reclaim25_all_1200_c20,2025-02,0.0
tail02_reclaim25_all_1200_c20,2025-03,-0.018147948584928728
tail02_reclaim25_all_1200_c20,2025-04,0.012721591969011136
tail02_reclaim25_all_1200_c20,2025-05,-0.010058625434992915
tail02_reclaim25_all_1200_c20,2025-06,0.028421882370704987
tail02_reclaim25_all_1200_c20,2025-07,-0.014264625898603375
tail02_reclaim25_all_1200_c20,2025-08,0.0418180847537406
tail02_reclaim25_all_1200_c20,2025-09,-0.01302227777472386
tail02_reclaim25_all_1200_c20,2025-10,-0.03177879436830276
tail02_reclaim25_all_1200_c20,2025-11,-0.07304084336705118
tail02_reclaim25_all_1200_c20,2025-12,0.006604482203304531
tail02_reclaim25_all_1200_c20,2026-01,-0.0558191811742169
tail02_reclaim25_all_1200_c20,2026-02,-0.021482342018941274
tail02_reclaim25_all_1200_c20,2026-03,0.019604782639460208
tail02_reclaim25_all_1200_c20,2026-04,0.060111426904165384
tail02_reclaim25_all_final_c5,2024-11,-0.12381589343010335
tail02_reclaim25_all_final_c5,2024-12,0.011595954168733713
tail02_reclaim25_all_final_c5,2025-01,-0.005975215916757759
tail02_reclaim25_all_final_c5,2025-02,0.0
tail02_reclaim25_all_final_c5,2025-03,-0.04237480127972226
tail02_reclaim25_all_final_c5,2025-04,0.04684638080917558
tail02_reclaim25_all_final_c5,2025-05,-0.0007608549308565351
tail02_reclaim25_all_final_c5,2025-06,0.021684840051158227
tail02_reclaim25_all_final_c5,2025-07,0.006667107420849974
tail02_reclaim25_all_final_c5,2025-08,0.07747878356771909
tail02_reclaim25_all_final_c5,2025-09,0.011034473030442138
tail02_reclaim25_all_final_c5,2025-10,-0.032898647716939955
tail02_reclaim25_all_final_c5,2025-11,-0.07314240088063151
tail02_reclaim25_all_final_c5,2025-12,0.03132777177807666
tail02_reclaim25_all_final_c5,2026-01,-0.010089749084258802
tail02_reclaim25_all_final_c5,2026-02,-0.03435382901573203
tail02_reclaim25_all_final_c5,2026-03,0.10418392386860592
tail02_reclaim25_all_final_c5,2026-04,0.10071942153174696
tail02_reclaim25_all_final_c10,2024-11,-0.12581589343010335
tail02_reclaim25_all_final_c10,2024-12,0.006595954168733709
tail02_reclaim25_all_final_c10,2025-01,-0.007975215916757759
tail02_reclaim25_all_final_c10,2025-02,0.0
tail02_reclaim25_all_final_c10,2025-03,-0.046374801279722266
tail02_reclaim25_all_final_c10,2025-04,0.04384638080917558
tail02_reclaim25_all_final_c10,2025-05,-0.0017608549308565351
tail02_reclaim25_all_final_c10,2025-06,0.018684840051158225
tail02_reclaim25_all_final_c10,2025-07,0.002667107420849975
tail02_reclaim25_all_final_c10,2025-08,0.07547878356771909
tail02_reclaim25_all_final_c10,2025-09,0.008034473030442139
tail02_reclaim25_all_final_c10,2025-10,-0.03689864771693996
tail02_reclaim25_all_final_c10,2025-11,-0.07914240088063151
tail02_reclaim25_all_final_c10,2025-12,0.024327771778076664
tail02_reclaim25_all_final_c10,2026-01,-0.0150897490842588
tail02_reclaim25_all_final_c10,2026-02,-0.03635382901573203
tail02_reclaim25_all_final_c10,2026-03,0.09818392386860592
tail02_reclaim25_all_final_c10,2026-04,0.09571942153174695
tail02_reclaim25_all_final_c20,2024-11,-0.12981589343010336
tail02_reclaim25_all_final_c20,2024-12,-0.0034040458312662863
tail02_reclaim25_all_final_c20,2025-01,-0.011975215916757757
tail02_reclaim25_all_final_c20,2025-02,0.0
tail02_reclaim25_all_final_c20,2025-03,-0.05437480127972227
tail02_reclaim25_all_final_c20,2025-04,0.03784638080917559
tail02_reclaim25_all_final_c20,2025-05,-0.003760854930856535
tail02_reclaim25_all_final_c20,2025-06,0.012684840051158223
tail02_reclaim25_all_final_c20,2025-07,-0.005332892579150025
tail02_reclaim25_all_final_c20,2025-08,0.07147878356771908
tail02_reclaim25_all_final_c20,2025-09,0.0020344730304421403
tail02_reclaim25_all_final_c20,2025-10,-0.04489864771693996
tail02_reclaim25_all_final_c20,2025-11,-0.09114240088063152
tail02_reclaim25_all_final_c20,2025-12,0.010327771778076662
tail02_reclaim25_all_final_c20,2026-01,-0.0250897490842588
tail02_reclaim25_all_final_c20,2026-02,-0.04035382901573203
tail02_reclaim25_all_final_c20,2026-03,0.08618392386860593
tail02_reclaim25_all_final_c20,2026-04,0.08571942153174696
tail02_reclaim25_participation_q50_1200_c5,2024-11,-0.05303178030430722
tail02_reclaim25_participation_q50_1200_c5,2024-12,0.0012798324808820372
tail02_reclaim25_participation_q50_1200_c5,2025-01,-0.03874787506310895
tail02_reclaim25_participation_q50_1200_c5,2025-02,0.0
tail02_reclaim25_participation_q50_1200_c5,2025-03,0.011632566386772236
tail02_reclaim25_participation_q50_1200_c5,2025-04,0.013799658883509425
tail02_reclaim25_participation_q50_1200_c5,2025-05,-0.007058625434992915
tail02_reclaim25_participation_q50_1200_c5,2025-06,0.037421882370704984
tail02_reclaim25_participation_q50_1200_c5,2025-07,-0.007212416809418141
tail02_reclaim25_participation_q50_1200_c5,2025-08,0.04781808475374061
tail02_reclaim25_participation_q50_1200_c5,2025-09,-0.007022277774723861
tail02_reclaim25_participation_q50_1200_c5,2025-10,-0.019778794368302766
tail02_reclaim25_participation_q50_1200_c5,2025-11,-0.061240945045604844
tail02_reclaim25_participation_q50_1200_c5,2025-12,0.028165837056112808
tail02_reclaim25_participation_q50_1200_c5,2026-01,-0.03816829829054508
tail02_reclaim25_participation_q50_1200_c5,2026-02,-0.020922975225613705
tail02_reclaim25_participation_q50_1200_c5,2026-03,0.03693981798260082
tail02_reclaim25_participation_q50_1200_c5,2026-04,0.03738742789076399
tail02_reclaim25_participation_q50_1200_c10,2024-11,-0.05503178030430722
tail02_reclaim25_participation_q50_1200_c10,2024-12,-0.0007201675191179611
tail02_reclaim25_participation_q50_1200_c10,2025-01,-0.04074787506310895
tail02_reclaim25_participation_q50_1200_c10,2025-02,0.0
tail02_reclaim25_participation_q50_1200_c10,2025-03,0.009632566386772238
tail02_reclaim25_participation_q50_1200_c10,2025-04,0.011799658883509426
tail02_reclaim25_participation_q50_1200_c10,2025-05,-0.008058625434992915
tail02_reclaim25_participation_q50_1200_c10,2025-06,0.03442188237070498
tail02_reclaim25_participation_q50_1200_c10,2025-07,-0.01021241680941814
tail02_reclaim25_participation_q50_1200_c10,2025-08,0.04581808475374061
tail02_reclaim25_participation_q50_1200_c10,2025-09,-0.00902227777472386
tail02_reclaim25_participation_q50_1200_c10,2025-10,-0.02377879436830277
tail02_reclaim25_participation_q50_1200_c10,2025-11,-0.06424094504560485
tail02_reclaim25_participation_q50_1200_c10,2025-12,0.02216583705611281
tail02_reclaim25_participation_q50_1200_c10,2026-01,-0.043168298290545075
tail02_reclaim25_participation_q50_1200_c10,2026-02,-0.021922975225613706
tail02_reclaim25_participation_q50_1200_c10,2026-03,0.032939817982600816
tail02_reclaim25_participation_q50_1200_c10,2026-04,0.03338742789076399
tail02_reclaim25_participation_q50_1200_c20,2024-11,-0.05903178030430722
tail02_reclaim25_participation_q50_1200_c20,2024-12,-0.004720167519117961
tail02_reclaim25_participation_q50_1200_c20,2025-01,-0.044747875063108955
tail02_reclaim25_participation_q50_1200_c20,2025-02,0.0
tail02_reclaim25_participation_q50_1200_c20,2025-03,0.005632566386772238
tail02_reclaim25_participation_q50_1200_c20,2025-04,0.007799658883509426
tail02_reclaim25_participation_q50_1200_c20,2025-05,-0.010058625434992915
tail02_reclaim25_participation_q50_1200_c20,2025-06,0.028421882370704987
tail02_reclaim25_participation_q50_1200_c20,2025-07,-0.01621241680941814
tail02_reclaim25_participation_q50_1200_c20,2025-08,0.0418180847537406
tail02_reclaim25_participation_q50_1200_c20,2025-09,-0.01302227777472386
tail02_reclaim25_participation_q50_1200_c20,2025-10,-0.03177879436830276
tail02_reclaim25_participation_q50_1200_c20,2025-11,-0.07024094504560485
tail02_reclaim25_participation_q50_1200_c20,2025-12,0.010165837056112813
tail02_reclaim25_participation_q50_1200_c20,2026-01,-0.05316829829054508
tail02_reclaim25_participation_q50_1200_c20,2026-02,-0.023922975225613704
tail02_reclaim25_participation_q50_1200_c20,2026-03,0.02493981798260082
tail02_reclaim25_participation_q50_1200_c20,2026-04,0.02538742789076399
tail02_reclaim25_participation_q50_final_c5,2024-11,-0.12381589343010335
tail02_reclaim25_participation_q50_final_c5,2024-12,0.013174419504074164
tail02_reclaim25_participation_q50_final_c5,2025-01,-0.005975215916757759
tail02_reclaim25_participation_q50_final_c5,2025-02,0.0
tail02_reclaim25_participation_q50_final_c5,2025-03,0.023709137608517117
tail02_reclaim25_participation_q50_final_c5,2025-04,0.02940771909913842
tail02_reclaim25_participation_q50_final_c5,2025-05,-0.0007608549308565351
tail02_reclaim25_participation_q50_final_c5,2025-06,0.021684840051158227
tail02_reclaim25_participation_q50_final_c5,2025-07,0.006124853454602453
tail02_reclaim25_participation_q50_final_c5,2025-08,0.07747878356771909
tail02_reclaim25_participation_q50_final_c5,2025-09,0.01434769249969825
tail02_reclaim25_participation_q50_final_c5,2025-10,-0.032898647716939955
tail02_reclaim25_participation_q50_final_c5,2025-11,-0.07227342162362427
tail02_reclaim25_participation_q50_final_c5,2025-12,0.0327631144998326
tail02_reclaim25_participation_q50_final_c5,2026-01,-0.008581666645011142
tail02_reclaim25_participation_q50_final_c5,2026-02,-0.015036902914295602
tail02_reclaim25_participation_q50_final_c5,2026-03,0.11114611993171652
tail02_reclaim25_participation_q50_final_c5,2026-04,0.059624543623336246
tail02_reclaim25_participation_q50_final_c10,2024-11,-0.12581589343010335
tail02_reclaim25_participation_q50_final_c10,2024-12,0.011174419504074166
tail02_reclaim25_participation_q50_final_c10,2025-01,-0.007975215916757759
tail02_reclaim25_participation_q50_final_c10,2025-02,0.0
tail02_reclaim25_participation_q50_final_c10,2025-03,0.021709137608517115
tail02_reclaim25_participation_q50_final_c10,2025-04,0.02740771909913842
tail02_reclaim25_participation_q50_final_c10,2025-05,-0.0017608549308565351
tail02_reclaim25_participation_q50_final_c10,2025-06,0.018684840051158225
tail02_reclaim25_participation_q50_final_c10,2025-07,0.003124853454602455
tail02_reclaim25_participation_q50_final_c10,2025-08,0.07547878356771909
tail02_reclaim25_participation_q50_final_c10,2025-09,0.01234769249969825
tail02_reclaim25_participation_q50_final_c10,2025-10,-0.03689864771693996
tail02_reclaim25_participation_q50_final_c10,2025-11,-0.07527342162362427
tail02_reclaim25_participation_q50_final_c10,2025-12,0.026763114499832603
tail02_reclaim25_participation_q50_final_c10,2026-01,-0.013581666645011141
tail02_reclaim25_participation_q50_final_c10,2026-02,-0.016036902914295603
tail02_reclaim25_participation_q50_final_c10,2026-03,0.10714611993171652
tail02_reclaim25_participation_q50_final_c10,2026-04,0.05562454362333624
tail02_reclaim25_participation_q50_final_c20,2024-11,-0.12981589343010336
tail02_reclaim25_participation_q50_final_c20,2024-12,0.007174419504074166
tail02_reclaim25_participation_q50_final_c20,2025-01,-0.011975215916757757
tail02_reclaim25_participation_q50_final_c20,2025-02,0.0
tail02_reclaim25_participation_q50_final_c20,2025-03,0.01770913760851712
tail02_reclaim25_participation_q50_final_c20,2025-04,0.02340771909913842
tail02_reclaim25_participation_q50_final_c20,2025-05,-0.003760854930856535
tail02_reclaim25_participation_q50_final_c20,2025-06,0.012684840051158223
tail02_reclaim25_participation_q50_final_c20,2025-07,-0.002875146545397545
tail02_reclaim25_participation_q50_final_c20,2025-08,0.07147878356771908
tail02_reclaim25_participation_q50_final_c20,2025-09,0.008347692499698252
tail02_reclaim25_participation_q50_final_c20,2025-10,-0.04489864771693996
tail02_reclaim25_participation_q50_final_c20,2025-11,-0.08127342162362428
tail02_reclaim25_participation_q50_final_c20,2025-12,0.0147631144998326
tail02_reclaim25_participation_q50_final_c20,2026-01,-0.02358166664501114
tail02_reclaim25_participation_q50_final_c20,2026-02,-0.0180369029142956
tail02_reclaim25_participation_q50_final_c20,2026-03,0.09914611993171651
tail02_reclaim25_participation_q50_final_c20,2026-04,0.04762454362333625
tail02_reclaim25_participation_q67_1200_c5,2024-11,-0.05303178030430722
tail02_reclaim25_participation_q67_1200_c5,2024-12,0.0012798324808820372
tail02_reclaim25_participation_q67_1200_c5,2025-01,-0.03874787506310895
tail02_reclaim25_participation_q67_1200_c5,2025-02,0.0
tail02_reclaim25_participation_q67_1200_c5,2025-03,0.011148085954923448
tail02_reclaim25_participation_q67_1200_c5,2025-04,0.003195969505348174
tail02_reclaim25_participation_q67_1200_c5,2025-05,-0.007058625434992915
tail02_reclaim25_participation_q67_1200_c5,2025-06,0.04924403595569071
tail02_reclaim25_participation_q67_1200_c5,2025-07,-0.007212416809418141
tail02_reclaim25_participation_q67_1200_c5,2025-08,0.04781808475374061
tail02_reclaim25_participation_q67_1200_c5,2025-09,-0.007022277774723861
tail02_reclaim25_participation_q67_1200_c5,2025-10,-0.00038238870855811236
tail02_reclaim25_participation_q67_1200_c5,2025-11,-0.061240945045604844
tail02_reclaim25_participation_q67_1200_c5,2025-12,0.0027902691611101926
tail02_reclaim25_participation_q67_1200_c5,2026-01,-0.03195205196217482
tail02_reclaim25_participation_q67_1200_c5,2026-02,-0.020922975225613705
tail02_reclaim25_participation_q67_1200_c5,2026-03,-0.0037593134057350985
tail02_reclaim25_participation_q67_1200_c5,2026-04,0.03738742789076399
tail02_reclaim25_participation_q67_1200_c10,2024-11,-0.05503178030430722
tail02_reclaim25_participation_q67_1200_c10,2024-12,-0.0007201675191179611
tail02_reclaim25_participation_q67_1200_c10,2025-01,-0.04074787506310895
tail02_reclaim25_participation_q67_1200_c10,2025-02,0.0
tail02_reclaim25_participation_q67_1200_c10,2025-03,0.010148085954923449
tail02_reclaim25_participation_q67_1200_c10,2025-04,0.0021959695053481738
tail02_reclaim25_participation_q67_1200_c10,2025-05,-0.008058625434992915
tail02_reclaim25_participation_q67_1200_c10,2025-06,0.04724403595569071
tail02_reclaim25_participation_q67_1200_c10,2025-07,-0.01021241680941814
tail02_reclaim25_participation_q67_1200_c10,2025-08,0.04581808475374061
tail02_reclaim25_participation_q67_1200_c10,2025-09,-0.00902227777472386
tail02_reclaim25_participation_q67_1200_c10,2025-10,-0.0033823887085581133
tail02_reclaim25_participation_q67_1200_c10,2025-11,-0.06424094504560485
tail02_reclaim25_participation_q67_1200_c10,2025-12,-0.002209730838889805
tail02_reclaim25_participation_q67_1200_c10,2026-01,-0.035952051962174825
tail02_reclaim25_participation_q67_1200_c10,2026-02,-0.021922975225613706
tail02_reclaim25_participation_q67_1200_c10,2026-03,-0.006759313405735096
tail02_reclaim25_participation_q67_1200_c10,2026-04,0.03338742789076399
tail02_reclaim25_participation_q67_1200_c20,2024-11,-0.05903178030430722
tail02_reclaim25_participation_q67_1200_c20,2024-12,-0.004720167519117961
tail02_reclaim25_participation_q67_1200_c20,2025-01,-0.044747875063108955
tail02_reclaim25_participation_q67_1200_c20,2025-02,0.0
tail02_reclaim25_participation_q67_1200_c20,2025-03,0.008148085954923449
tail02_reclaim25_participation_q67_1200_c20,2025-04,0.00019596950534817373
tail02_reclaim25_participation_q67_1200_c20,2025-05,-0.010058625434992915
tail02_reclaim25_participation_q67_1200_c20,2025-06,0.043244035955690714
tail02_reclaim25_participation_q67_1200_c20,2025-07,-0.01621241680941814
tail02_reclaim25_participation_q67_1200_c20,2025-08,0.0418180847537406
tail02_reclaim25_participation_q67_1200_c20,2025-09,-0.01302227777472386
tail02_reclaim25_participation_q67_1200_c20,2025-10,-0.00938238870855811
tail02_reclaim25_participation_q67_1200_c20,2025-11,-0.07024094504560485
tail02_reclaim25_participation_q67_1200_c20,2025-12,-0.012209730838889803
tail02_reclaim25_participation_q67_1200_c20,2026-01,-0.04395205196217482
tail02_reclaim25_participation_q67_1200_c20,2026-02,-0.023922975225613704
tail02_reclaim25_participation_q67_1200_c20,2026-03,-0.012759313405735096
tail02_reclaim25_participation_q67_1200_c20,2026-04,0.02538742789076399
tail02_reclaim25_participation_q67_final_c5,2024-11,-0.12381589343010335
tail02_reclaim25_participation_q67_final_c5,2024-12,0.013174419504074164
tail02_reclaim25_participation_q67_final_c5,2025-01,-0.005975215916757759
tail02_reclaim25_participation_q67_final_c5,2025-02,0.0
tail02_reclaim25_participation_q67_final_c5,2025-03,0.025788759740770772
tail02_reclaim25_participation_q67_final_c5,2025-04,0.01359724602564849
tail02_reclaim25_participation_q67_final_c5,2025-05,-0.0007608549308565351
tail02_reclaim25_participation_q67_final_c5,2025-06,0.07443784031051259
tail02_reclaim25_participation_q67_final_c5,2025-07,0.006124853454602453
tail02_reclaim25_participation_q67_final_c5,2025-08,0.07747878356771909
tail02_reclaim25_participation_q67_final_c5,2025-09,0.01434769249969825
tail02_reclaim25_participation_q67_final_c5,2025-10,-0.031205708986135616
tail02_reclaim25_participation_q67_final_c5,2025-11,-0.07227342162362427
tail02_reclaim25_participation_q67_final_c5,2025-12,0.004737369926384738
tail02_reclaim25_participation_q67_final_c5,2026-01,-0.00915160486034583
tail02_reclaim25_participation_q67_final_c5,2026-02,-0.015036902914295602
tail02_reclaim25_participation_q67_final_c5,2026-03,0.03720311355420225
tail02_reclaim25_participation_q67_final_c5,2026-04,0.059624543623336246
tail02_reclaim25_participation_q67_final_c10,2024-11,-0.12581589343010335
tail02_reclaim25_participation_q67_final_c10,2024-12,0.011174419504074166
tail02_reclaim25_participation_q67_final_c10,2025-01,-0.007975215916757759
tail02_reclaim25_participation_q67_final_c10,2025-02,0.0
tail02_reclaim25_participation_q67_final_c10,2025-03,0.02478875974077077
tail02_reclaim25_participation_q67_final_c10,2025-04,0.012597246025648491
tail02_reclaim25_participation_q67_final_c10,2025-05,-0.0017608549308565351
tail02_reclaim25_participation_q67_final_c10,2025-06,0.07243784031051259
tail02_reclaim25_participation_q67_final_c10,2025-07,0.003124853454602455
tail02_reclaim25_participation_q67_final_c10,2025-08,0.07547878356771909
tail02_reclaim25_participation_q67_final_c10,2025-09,0.01234769249969825
tail02_reclaim25_participation_q67_final_c10,2025-10,-0.03420570898613562
tail02_reclaim25_participation_q67_final_c10,2025-11,-0.07527342162362427
tail02_reclaim25_participation_q67_final_c10,2025-12,-0.00026263007361525953
tail02_reclaim25_participation_q67_final_c10,2026-01,-0.013151604860345828
tail02_reclaim25_participation_q67_final_c10,2026-02,-0.016036902914295603
tail02_reclaim25_participation_q67_final_c10,2026-03,0.034203113554202254
tail02_reclaim25_participation_q67_final_c10,2026-04,0.05562454362333624
tail02_reclaim25_participation_q67_final_c20,2024-11,-0.12981589343010336
tail02_reclaim25_participation_q67_final_c20,2024-12,0.007174419504074166
tail02_reclaim25_participation_q67_final_c20,2025-01,-0.011975215916757757
tail02_reclaim25_participation_q67_final_c20,2025-02,0.0
tail02_reclaim25_participation_q67_final_c20,2025-03,0.022788759740770773
tail02_reclaim25_participation_q67_final_c20,2025-04,0.010597246025648491
tail02_reclaim25_participation_q67_final_c20,2025-05,-0.003760854930856535
tail02_reclaim25_participation_q67_final_c20,2025-06,0.06843784031051259
tail02_reclaim25_participation_q67_final_c20,2025-07,-0.002875146545397545
tail02_reclaim25_participation_q67_final_c20,2025-08,0.07147878356771908
tail02_reclaim25_participation_q67_final_c20,2025-09,0.008347692499698252
tail02_reclaim25_participation_q67_final_c20,2025-10,-0.04020570898613562
tail02_reclaim25_participation_q67_final_c20,2025-11,-0.08127342162362428
tail02_reclaim25_participation_q67_final_c20,2025-12,-0.010262630073615261
tail02_reclaim25_participation_q67_final_c20,2026-01,-0.021151604860345827
tail02_reclaim25_participation_q67_final_c20,2026-02,-0.0180369029142956
tail02_reclaim25_participation_q67_final_c20,2026-03,0.028203113554202252
tail02_reclaim25_participation_q67_final_c20,2026-04,0.04762454362333625
tail02_reclaim25_participation_q80_1200_c5,2024-11,-0.025433553519426222
tail02_reclaim25_participation_q80_1200_c5,2024-12,0.01448413179704866
tail02_reclaim25_participation_q80_1200_c5,2025-01,-0.03874787506310895
tail02_reclaim25_participation_q80_1200_c5,2025-02,0.0
tail02_reclaim25_participation_q80_1200_c5,2025-03,0.011148085954923448
tail02_reclaim25_participation_q80_1200_c5,2025-04,0.003195969505348174
tail02_reclaim25_participation_q80_1200_c5,2025-05,-0.007058625434992915
tail02_reclaim25_participation_q80_1200_c5,2025-06,0.04924403595569071
tail02_reclaim25_participation_q80_1200_c5,2025-07,-0.003985885709733681
tail02_reclaim25_participation_q80_1200_c5,2025-08,0.04781808475374061
tail02_reclaim25_participation_q80_1200_c5,2025-09,-0.007022277774723861
tail02_reclaim25_participation_q80_1200_c5,2025-10,-0.00038238870855811236
tail02_reclaim25_participation_q80_1200_c5,2025-11,-0.061240945045604844
tail02_reclaim25_participation_q80_1200_c5,2025-12,-0.017741047641179786
tail02_reclaim25_participation_q80_1200_c5,2026-01,-0.040816809320965486
tail02_reclaim25_participation_q80_1200_c5,2026-02,-0.020922975225613705
tail02_reclaim25_participation_q80_1200_c5,2026-03,-0.0024423762860597
tail02_reclaim25_participation_q80_1200_c5,2026-04,0.04014904165927835
tail02_reclaim25_participation_q80_1200_c10,2024-11,-0.026433553519426223
tail02_reclaim25_participation_q80_1200_c10,2024-12,0.013484131797048661
tail02_reclaim25_participation_q80_1200_c10,2025-01,-0.04074787506310895
tail02_reclaim25_participation_q80_1200_c10,2025-02,0.0
tail02_reclaim25_participation_q80_1200_c10,2025-03,0.010148085954923449
tail02_reclaim25_participation_q80_1200_c10,2025-04,0.0021959695053481738
tail02_reclaim25_participation_q80_1200_c10,2025-05,-0.008058625434992915
tail02_reclaim25_participation_q80_1200_c10,2025-06,0.04724403595569071
tail02_reclaim25_participation_q80_1200_c10,2025-07,-0.005985885709733681
tail02_reclaim25_participation_q80_1200_c10,2025-08,0.04581808475374061
tail02_reclaim25_participation_q80_1200_c10,2025-09,-0.00902227777472386
tail02_reclaim25_participation_q80_1200_c10,2025-10,-0.0033823887085581133
tail02_reclaim25_participation_q80_1200_c10,2025-11,-0.06424094504560485
tail02_reclaim25_participation_q80_1200_c10,2025-12,-0.021741047641179786
tail02_reclaim25_participation_q80_1200_c10,2026-01,-0.04381680932096549
tail02_reclaim25_participation_q80_1200_c10,2026-02,-0.021922975225613706
tail02_reclaim25_participation_q80_1200_c10,2026-03,-0.004442376286059698
tail02_reclaim25_participation_q80_1200_c10,2026-04,0.03914904165927835
tail02_reclaim25_participation_q80_1200_c20,2024-11,-0.02843355351942622
tail02_reclaim25_participation_q80_1200_c20,2024-12,0.011484131797048661
tail02_reclaim25_participation_q80_1200_c20,2025-01,-0.044747875063108955
tail02_reclaim25_participation_q80_1200_c20,2025-02,0.0
tail02_reclaim25_participation_q80_1200_c20,2025-03,0.008148085954923449
tail02_reclaim25_participation_q80_1200_c20,2025-04,0.00019596950534817373
tail02_reclaim25_participation_q80_1200_c20,2025-05,-0.010058625434992915
tail02_reclaim25_participation_q80_1200_c20,2025-06,0.043244035955690714
tail02_reclaim25_participation_q80_1200_c20,2025-07,-0.009985885709733681
tail02_reclaim25_participation_q80_1200_c20,2025-08,0.0418180847537406
tail02_reclaim25_participation_q80_1200_c20,2025-09,-0.01302227777472386
tail02_reclaim25_participation_q80_1200_c20,2025-10,-0.00938238870855811
tail02_reclaim25_participation_q80_1200_c20,2025-11,-0.07024094504560485
tail02_reclaim25_participation_q80_1200_c20,2025-12,-0.029741047641179783
tail02_reclaim25_participation_q80_1200_c20,2026-01,-0.04981680932096549
tail02_reclaim25_participation_q80_1200_c20,2026-02,-0.023922975225613704
tail02_reclaim25_participation_q80_1200_c20,2026-03,-0.008442376286059698
tail02_reclaim25_participation_q80_1200_c20,2026-04,0.03714904165927835
tail02_reclaim25_participation_q80_final_c5,2024-11,-0.07568570210952485
tail02_reclaim25_participation_q80_final_c5,2024-12,0.015090559935314496
tail02_reclaim25_participation_q80_final_c5,2025-01,-0.005975215916757759
tail02_reclaim25_participation_q80_final_c5,2025-02,0.0
tail02_reclaim25_participation_q80_final_c5,2025-03,0.025788759740770772
tail02_reclaim25_participation_q80_final_c5,2025-04,0.01359724602564849
tail02_reclaim25_participation_q80_final_c5,2025-05,-0.0007608549308565351
tail02_reclaim25_participation_q80_final_c5,2025-06,0.07443784031051259
tail02_reclaim25_participation_q80_final_c5,2025-07,0.003889060024324876
tail02_reclaim25_participation_q80_final_c5,2025-08,0.07747878356771909
tail02_reclaim25_participation_q80_final_c5,2025-09,0.01434769249969825
tail02_reclaim25_participation_q80_final_c5,2025-10,-0.031205708986135616
tail02_reclaim25_participation_q80_final_c5,2025-11,-0.07227342162362427
tail02_reclaim25_participation_q80_final_c5,2025-12,-0.015076207246737305
tail02_reclaim25_participation_q80_final_c5,2026-01,-0.007117396427569256
tail02_reclaim25_participation_q80_final_c5,2026-02,-0.015036902914295602
tail02_reclaim25_participation_q80_final_c5,2026-03,0.027252936069415146
tail02_reclaim25_participation_q80_final_c5,2026-04,0.028339306652910845
tail02_reclaim25_participation_q80_final_c10,2024-11,-0.07668570210952486
tail02_reclaim25_participation_q80_final_c10,2024-12,0.014090559935314497
tail02_reclaim25_participation_q80_final_c10,2025-01,-0.007975215916757759
tail02_reclaim25_participation_q80_final_c10,2025-02,0.0
tail02_reclaim25_participation_q80_final_c10,2025-03,0.02478875974077077
tail02_reclaim25_participation_q80_final_c10,2025-04,0.012597246025648491
tail02_reclaim25_participation_q80_final_c10,2025-05,-0.0017608549308565351
tail02_reclaim25_participation_q80_final_c10,2025-06,0.07243784031051259
tail02_reclaim25_participation_q80_final_c10,2025-07,0.0018890600243248769
tail02_reclaim25_participation_q80_final_c10,2025-08,0.07547878356771909
tail02_reclaim25_participation_q80_final_c10,2025-09,0.01234769249969825
tail02_reclaim25_participation_q80_final_c10,2025-10,-0.03420570898613562
tail02_reclaim25_participation_q80_final_c10,2025-11,-0.07527342162362427
tail02_reclaim25_participation_q80_final_c10,2025-12,-0.01907620724673731
tail02_reclaim25_participation_q80_final_c10,2026-01,-0.010117396427569255
tail02_reclaim25_participation_q80_final_c10,2026-02,-0.016036902914295603
tail02_reclaim25_participation_q80_final_c10,2026-03,0.025252936069415147
tail02_reclaim25_participation_q80_final_c10,2026-04,0.027339306652910844
tail02_reclaim25_participation_q80_final_c20,2024-11,-0.07868570210952486
tail02_reclaim25_participation_q80_final_c20,2024-12,0.012090559935314497
tail02_reclaim25_participation_q80_final_c20,2025-01,-0.011975215916757757
tail02_reclaim25_participation_q80_final_c20,2025-02,0.0
tail02_reclaim25_participation_q80_final_c20,2025-03,0.022788759740770773
tail02_reclaim25_participation_q80_final_c20,2025-04,0.010597246025648491
tail02_reclaim25_participation_q80_final_c20,2025-05,-0.003760854930856535
tail02_reclaim25_participation_q80_final_c20,2025-06,0.06843784031051259
tail02_reclaim25_participation_q80_final_c20,2025-07,-0.002110939975675123
tail02_reclaim25_participation_q80_final_c20,2025-08,0.07147878356771908
tail02_reclaim25_participation_q80_final_c20,2025-09,0.008347692499698252
tail02_reclaim25_participation_q80_final_c20,2025-10,-0.04020570898613562
tail02_reclaim25_participation_q80_final_c20,2025-11,-0.08127342162362428
tail02_reclaim25_participation_q80_final_c20,2025-12,-0.02707620724673731
tail02_reclaim25_participation_q80_final_c20,2026-01,-0.016117396427569253
tail02_reclaim25_participation_q80_final_c20,2026-02,-0.0180369029142956
tail02_reclaim25_participation_q80_final_c20,2026-03,0.021252936069415147
tail02_reclaim25_participation_q80_final_c20,2026-04,0.025339306652910846
tail02_reclaim25_anomaly_ge1_1200_c5,2024-11,-0.05303178030430722
tail02_reclaim25_anomaly_ge1_1200_c5,2024-12,0.04788966175096565
tail02_reclaim25_anomaly_ge1_1200_c5,2025-01,-0.03874787506310895
tail02_reclaim25_anomaly_ge1_1200_c5,2025-02,0.0
tail02_reclaim25_anomaly_ge1_1200_c5,2025-03,-0.01729603453985218
tail02_reclaim25_anomaly_ge1_1200_c5,2025-04,0.01852562246366296
tail02_reclaim25_anomaly_ge1_1200_c5,2025-05,-0.007058625434992915
tail02_reclaim25_anomaly_ge1_1200_c5,2025-06,0.03402147193839766
tail02_reclaim25_anomaly_ge1_1200_c5,2025-07,-0.007212416809418141
tail02_reclaim25_anomaly_ge1_1200_c5,2025-08,0.04781808475374061
tail02_reclaim25_anomaly_ge1_1200_c5,2025-09,-0.007022277774723861
tail02_reclaim25_anomaly_ge1_1200_c5,2025-10,-0.019778794368302766
tail02_reclaim25_anomaly_ge1_1200_c5,2025-11,-0.04422817610567742
tail02_reclaim25_anomaly_ge1_1200_c5,2025-12,0.009947277952104094
tail02_reclaim25_anomaly_ge1_1200_c5,2026-01,-0.0408191811742169
tail02_reclaim25_anomaly_ge1_1200_c5,2026-02,-0.020922975225613705
tail02_reclaim25_anomaly_ge1_1200_c5,2026-03,-0.006094348748875709
tail02_reclaim25_anomaly_ge1_1200_c5,2026-04,0.05993158257806952
tail02_reclaim25_anomaly_ge1_1200_c10,2024-11,-0.05503178030430722
tail02_reclaim25_anomaly_ge1_1200_c10,2024-12,0.04588966175096565
tail02_reclaim25_anomaly_ge1_1200_c10,2025-01,-0.04074787506310895
tail02_reclaim25_anomaly_ge1_1200_c10,2025-02,0.0
tail02_reclaim25_anomaly_ge1_1200_c10,2025-03,-0.020296034539852174
tail02_reclaim25_anomaly_ge1_1200_c10,2025-04,0.016525622463662962
tail02_reclaim25_anomaly_ge1_1200_c10,2025-05,-0.008058625434992915
tail02_reclaim25_anomaly_ge1_1200_c10,2025-06,0.03302147193839766
tail02_reclaim25_anomaly_ge1_1200_c10,2025-07,-0.01021241680941814
tail02_reclaim25_anomaly_ge1_1200_c10,2025-08,0.04581808475374061
tail02_reclaim25_anomaly_ge1_1200_c10,2025-09,-0.00902227777472386
tail02_reclaim25_anomaly_ge1_1200_c10,2025-10,-0.02377879436830277
tail02_reclaim25_anomaly_ge1_1200_c10,2025-11,-0.049228176105677424
tail02_reclaim25_anomaly_ge1_1200_c10,2025-12,0.004947277952104095
tail02_reclaim25_anomaly_ge1_1200_c10,2026-01,-0.0458191811742169
tail02_reclaim25_anomaly_ge1_1200_c10,2026-02,-0.021922975225613706
tail02_reclaim25_anomaly_ge1_1200_c10,2026-03,-0.010094348748875707
tail02_reclaim25_anomaly_ge1_1200_c10,2026-04,0.055931582578069516
tail02_reclaim25_anomaly_ge1_1200_c20,2024-11,-0.05903178030430722
tail02_reclaim25_anomaly_ge1_1200_c20,2024-12,0.04188966175096565
tail02_reclaim25_anomaly_ge1_1200_c20,2025-01,-0.044747875063108955
tail02_reclaim25_anomaly_ge1_1200_c20,2025-02,0.0
tail02_reclaim25_anomaly_ge1_1200_c20,2025-03,-0.026296034539852176
tail02_reclaim25_anomaly_ge1_1200_c20,2025-04,0.012525622463662962
tail02_reclaim25_anomaly_ge1_1200_c20,2025-05,-0.010058625434992915
tail02_reclaim25_anomaly_ge1_1200_c20,2025-06,0.031021471938397664
tail02_reclaim25_anomaly_ge1_1200_c20,2025-07,-0.01621241680941814
tail02_reclaim25_anomaly_ge1_1200_c20,2025-08,0.0418180847537406
tail02_reclaim25_anomaly_ge1_1200_c20,2025-09,-0.01302227777472386
tail02_reclaim25_anomaly_ge1_1200_c20,2025-10,-0.03177879436830276
tail02_reclaim25_anomaly_ge1_1200_c20,2025-11,-0.05922817610567742
tail02_reclaim25_anomaly_ge1_1200_c20,2025-12,-0.005052722047895902
tail02_reclaim25_anomaly_ge1_1200_c20,2026-01,-0.0558191811742169
tail02_reclaim25_anomaly_ge1_1200_c20,2026-02,-0.023922975225613704
tail02_reclaim25_anomaly_ge1_1200_c20,2026-03,-0.018094348748875708
tail02_reclaim25_anomaly_ge1_1200_c20,2026-04,0.04793158257806951
tail02_reclaim25_anomaly_ge1_final_c5,2024-11,-0.12381589343010335
tail02_reclaim25_anomaly_ge1_final_c5,2024-12,0.04481252614115161
tail02_reclaim25_anomaly_ge1_final_c5,2025-01,-0.005975215916757759
tail02_reclaim25_anomaly_ge1_final_c5,2025-02,0.0
tail02_reclaim25_anomaly_ge1_final_c5,2025-03,-0.06816356102049304
tail02_reclaim25_anomaly_ge1_final_c5,2025-04,0.03324913478352709
tail02_reclaim25_anomaly_ge1_final_c5,2025-05,-0.0007608549308565351
tail02_reclaim25_anomaly_ge1_final_c5,2025-06,0.04090730045905511
tail02_reclaim25_anomaly_ge1_final_c5,2025-07,0.006124853454602453
tail02_reclaim25_anomaly_ge1_final_c5,2025-08,0.07747878356771909
tail02_reclaim25_anomaly_ge1_final_c5,2025-09,0.01434769249969825
tail02_reclaim25_anomaly_ge1_final_c5,2025-10,-0.032898647716939955
tail02_reclaim25_anomaly_ge1_final_c5,2025-11,-0.06998267507190803
tail02_reclaim25_anomaly_ge1_final_c5,2025-12,-0.012224749845646699
tail02_reclaim25_anomaly_ge1_final_c5,2026-01,-0.010089749084258802
tail02_reclaim25_anomaly_ge1_final_c5,2026-02,-0.015036902914295602
tail02_reclaim25_anomaly_ge1_final_c5,2026-03,0.030240917491091646
tail02_reclaim25_anomaly_ge1_final_c5,2026-04,0.08041667675501607
tail02_reclaim25_anomaly_ge1_final_c10,2024-11,-0.12581589343010335
tail02_reclaim25_anomaly_ge1_final_c10,2024-12,0.04281252614115161
tail02_reclaim25_anomaly_ge1_final_c10,2025-01,-0.007975215916757759
tail02_reclaim25_anomaly_ge1_final_c10,2025-02,0.0
tail02_reclaim25_anomaly_ge1_final_c10,2025-03,-0.07116356102049304
tail02_reclaim25_anomaly_ge1_final_c10,2025-04,0.03124913478352709
tail02_reclaim25_anomaly_ge1_final_c10,2025-05,-0.0017608549308565351
tail02_reclaim25_anomaly_ge1_final_c10,2025-06,0.039907300459055106
tail02_reclaim25_anomaly_ge1_final_c10,2025-07,0.003124853454602455
tail02_reclaim25_anomaly_ge1_final_c10,2025-08,0.07547878356771909
tail02_reclaim25_anomaly_ge1_final_c10,2025-09,0.01234769249969825
tail02_reclaim25_anomaly_ge1_final_c10,2025-10,-0.03689864771693996
tail02_reclaim25_anomaly_ge1_final_c10,2025-11,-0.07498267507190803
tail02_reclaim25_anomaly_ge1_final_c10,2025-12,-0.017224749845646696
tail02_reclaim25_anomaly_ge1_final_c10,2026-01,-0.0150897490842588
tail02_reclaim25_anomaly_ge1_final_c10,2026-02,-0.016036902914295603
tail02_reclaim25_anomaly_ge1_final_c10,2026-03,0.025240917491091648
tail02_reclaim25_anomaly_ge1_final_c10,2026-04,0.07641667675501607
tail02_reclaim25_anomaly_ge1_final_c20,2024-11,-0.12981589343010336
tail02_reclaim25_anomaly_ge1_final_c20,2024-12,0.03881252614115161
tail02_reclaim25_anomaly_ge1_final_c20,2025-01,-0.011975215916757757
tail02_reclaim25_anomaly_ge1_final_c20,2025-02,0.0
tail02_reclaim25_anomaly_ge1_final_c20,2025-03,-0.07716356102049304
tail02_reclaim25_anomaly_ge1_final_c20,2025-04,0.02724913478352709
tail02_reclaim25_anomaly_ge1_final_c20,2025-05,-0.003760854930856535
tail02_reclaim25_anomaly_ge1_final_c20,2025-06,0.037907300459055104
tail02_reclaim25_anomaly_ge1_final_c20,2025-07,-0.002875146545397545
tail02_reclaim25_anomaly_ge1_final_c20,2025-08,0.07147878356771908
tail02_reclaim25_anomaly_ge1_final_c20,2025-09,0.008347692499698252
tail02_reclaim25_anomaly_ge1_final_c20,2025-10,-0.04489864771693996
tail02_reclaim25_anomaly_ge1_final_c20,2025-11,-0.08498267507190804
tail02_reclaim25_anomaly_ge1_final_c20,2025-12,-0.027224749845646698
tail02_reclaim25_anomaly_ge1_final_c20,2026-01,-0.0250897490842588
tail02_reclaim25_anomaly_ge1_final_c20,2026-02,-0.0180369029142956
tail02_reclaim25_anomaly_ge1_final_c20,2026-03,0.01524091749109165
tail02_reclaim25_anomaly_ge1_final_c20,2026-04,0.06841667675501607
tail02_reclaim25_anomaly_ge1_5_1200_c5,2024-11,-0.025433553519426222
tail02_reclaim25_anomaly_ge1_5_1200_c5,2024-12,0.04788966175096565
tail02_reclaim25_anomaly_ge1_5_1200_c5,2025-01,-0.03874787506310895
tail02_reclaim25_anomaly_ge1_5_1200_c5,2025-02,0.0
tail02_reclaim25_anomaly_ge1_5_1200_c5,2025-03,-0.0030949870073353463
tail02_reclaim25_anomaly_ge1_5_1200_c5,2025-04,0.007921933085501709
tail02_reclaim25_anomaly_ge1_5_1200_c5,2025-05,0.0
tail02_reclaim25_anomaly_ge1_5_1200_c5,2025-06,0.03402147193839766
tail02_reclaim25_anomaly_ge1_5_1200_c5,2025-07,-0.009006559691074612
tail02_reclaim25_anomaly_ge1_5_1200_c5,2025-08,0.04781808475374061
tail02_reclaim25_anomaly_ge1_5_1200_c5,2025-09,0.00556348756178593
tail02_reclaim25_anomaly_ge1_5_1200_c5,2025-10,-0.019778794368302766
tail02_reclaim25_anomaly_ge1_5_1200_c5,2025-11,-0.04422817610567742
tail02_reclaim25_anomaly_ge1_5_1200_c5,2025-12,-0.02380428912424426
tail02_reclaim25_anomaly_ge1_5_1200_c5,2026-01,-0.040816809320965486
tail02_reclaim25_anomaly_ge1_5_1200_c5,2026-02,0.0
tail02_reclaim25_anomaly_ge1_5_1200_c5,2026-03,-0.0029782930030236568
tail02_reclaim25_anomaly_ge1_5_1200_c5,2026-04,0.01705556927611873
tail02_reclaim25_anomaly_ge1_5_1200_c10,2024-11,-0.026433553519426223
tail02_reclaim25_anomaly_ge1_5_1200_c10,2024-12,0.04588966175096565
tail02_reclaim25_anomaly_ge1_5_1200_c10,2025-01,-0.04074787506310895
tail02_reclaim25_anomaly_ge1_5_1200_c10,2025-02,0.0
tail02_reclaim25_anomaly_ge1_5_1200_c10,2025-03,-0.005094987007335346
tail02_reclaim25_anomaly_ge1_5_1200_c10,2025-04,0.00692193308550171
tail02_reclaim25_anomaly_ge1_5_1200_c10,2025-05,0.0
tail02_reclaim25_anomaly_ge1_5_1200_c10,2025-06,0.03302147193839766
tail02_reclaim25_anomaly_ge1_5_1200_c10,2025-07,-0.01100655969107461
tail02_reclaim25_anomaly_ge1_5_1200_c10,2025-08,0.04581808475374061
tail02_reclaim25_anomaly_ge1_5_1200_c10,2025-09,0.00456348756178593
tail02_reclaim25_anomaly_ge1_5_1200_c10,2025-10,-0.02377879436830277
tail02_reclaim25_anomaly_ge1_5_1200_c10,2025-11,-0.049228176105677424
tail02_reclaim25_anomaly_ge1_5_1200_c10,2025-12,-0.027804289124244257
tail02_reclaim25_anomaly_ge1_5_1200_c10,2026-01,-0.04381680932096549
tail02_reclaim25_anomaly_ge1_5_1200_c10,2026-02,0.0
tail02_reclaim25_anomaly_ge1_5_1200_c10,2026-03,-0.005978293003023655
tail02_reclaim25_anomaly_ge1_5_1200_c10,2026-04,0.01505556927611873
tail02_reclaim25_anomaly_ge1_5_1200_c20,2024-11,-0.02843355351942622
tail02_reclaim25_anomaly_ge1_5_1200_c20,2024-12,0.04188966175096565
tail02_reclaim25_anomaly_ge1_5_1200_c20,2025-01,-0.044747875063108955
tail02_reclaim25_anomaly_ge1_5_1200_c20,2025-02,0.0
tail02_reclaim25_anomaly_ge1_5_1200_c20,2025-03,-0.009094987007335346
tail02_reclaim25_anomaly_ge1_5_1200_c20,2025-04,0.00492193308550171
tail02_reclaim25_anomaly_ge1_5_1200_c20,2025-05,0.0
tail02_reclaim25_anomaly_ge1_5_1200_c20,2025-06,0.031021471938397664
tail02_reclaim25_anomaly_ge1_5_1200_c20,2025-07,-0.01500655969107461
tail02_reclaim25_anomaly_ge1_5_1200_c20,2025-08,0.0418180847537406
tail02_reclaim25_anomaly_ge1_5_1200_c20,2025-09,0.00256348756178593
tail02_reclaim25_anomaly_ge1_5_1200_c20,2025-10,-0.03177879436830276
tail02_reclaim25_anomaly_ge1_5_1200_c20,2025-11,-0.05922817610567742
tail02_reclaim25_anomaly_ge1_5_1200_c20,2025-12,-0.03580428912424426
tail02_reclaim25_anomaly_ge1_5_1200_c20,2026-01,-0.04981680932096549
tail02_reclaim25_anomaly_ge1_5_1200_c20,2026-02,0.0
tail02_reclaim25_anomaly_ge1_5_1200_c20,2026-03,-0.011978293003023655
tail02_reclaim25_anomaly_ge1_5_1200_c20,2026-04,0.01105556927611873
tail02_reclaim25_anomaly_ge1_5_final_c5,2024-11,-0.07568570210952485
tail02_reclaim25_anomaly_ge1_5_final_c5,2024-12,0.04481252614115161
tail02_reclaim25_anomaly_ge1_5_final_c5,2025-01,-0.005975215916757759
tail02_reclaim25_anomaly_ge1_5_final_c5,2025-02,0.0
tail02_reclaim25_anomaly_ge1_5_final_c5,2025-03,-0.06853856891585619
tail02_reclaim25_anomaly_ge1_5_final_c5,2025-04,0.017438661710037162
tail02_reclaim25_anomaly_ge1_5_final_c5,2025-05,0.0
tail02_reclaim25_anomaly_ge1_5_final_c5,2025-06,0.04090730045905511
tail02_reclaim25_anomaly_ge1_5_final_c5,2025-07,-0.0017695010612128735
tail02_reclaim25_anomaly_ge1_5_final_c5,2025-08,0.07747878356771909
tail02_reclaim25_anomaly_ge1_5_final_c5,2025-09,0.024281581719471812
tail02_reclaim25_anomaly_ge1_5_final_c5,2025-10,-0.032898647716939955
tail02_reclaim25_anomaly_ge1_5_final_c5,2025-11,-0.06998267507190803
tail02_reclaim25_anomaly_ge1_5_final_c5,2025-12,-0.046929449930011025
tail02_reclaim25_anomaly_ge1_5_final_c5,2026-01,-0.007117396427569256
tail02_reclaim25_anomaly_ge1_5_final_c5,2026-02,0.0
tail02_reclaim25_anomaly_ge1_5_final_c5,2026-03,0.0409821501511905
tail02_reclaim25_anomaly_ge1_5_final_c5,2026-04,0.008619080053194006
tail02_reclaim25_anomaly_ge1_5_final_c10,2024-11,-0.07668570210952486
tail02_reclaim25_anomaly_ge1_5_final_c10,2024-12,0.04281252614115161
tail02_reclaim25_anomaly_ge1_5_final_c10,2025-01,-0.007975215916757759
tail02_reclaim25_anomaly_ge1_5_final_c10,2025-02,0.0
tail02_reclaim25_anomaly_ge1_5_final_c10,2025-03,-0.07053856891585619
tail02_reclaim25_anomaly_ge1_5_final_c10,2025-04,0.01643866171003716
tail02_reclaim25_anomaly_ge1_5_final_c10,2025-05,0.0
tail02_reclaim25_anomaly_ge1_5_final_c10,2025-06,0.039907300459055106
tail02_reclaim25_anomaly_ge1_5_final_c10,2025-07,-0.003769501061212873
tail02_reclaim25_anomaly_ge1_5_final_c10,2025-08,0.07547878356771909
tail02_reclaim25_anomaly_ge1_5_final_c10,2025-09,0.02328158171947181
tail02_reclaim25_anomaly_ge1_5_final_c10,2025-10,-0.03689864771693996
tail02_reclaim25_anomaly_ge1_5_final_c10,2025-11,-0.07498267507190803
tail02_reclaim25_anomaly_ge1_5_final_c10,2025-12,-0.05092944993001102
tail02_reclaim25_anomaly_ge1_5_final_c10,2026-01,-0.010117396427569255
tail02_reclaim25_anomaly_ge1_5_final_c10,2026-02,0.0
tail02_reclaim25_anomaly_ge1_5_final_c10,2026-03,0.0369821501511905
tail02_reclaim25_anomaly_ge1_5_final_c10,2026-04,0.006619080053194004
tail02_reclaim25_anomaly_ge1_5_final_c20,2024-11,-0.07868570210952486
tail02_reclaim25_anomaly_ge1_5_final_c20,2024-12,0.03881252614115161
tail02_reclaim25_anomaly_ge1_5_final_c20,2025-01,-0.011975215916757757
tail02_reclaim25_anomaly_ge1_5_final_c20,2025-02,0.0
tail02_reclaim25_anomaly_ge1_5_final_c20,2025-03,-0.0745385689158562
tail02_reclaim25_anomaly_ge1_5_final_c20,2025-04,0.014438661710037163
tail02_reclaim25_anomaly_ge1_5_final_c20,2025-05,0.0
tail02_reclaim25_anomaly_ge1_5_final_c20,2025-06,0.037907300459055104
tail02_reclaim25_anomaly_ge1_5_final_c20,2025-07,-0.007769501061212873
tail02_reclaim25_anomaly_ge1_5_final_c20,2025-08,0.07147878356771908
tail02_reclaim25_anomaly_ge1_5_final_c20,2025-09,0.021281581719471813
tail02_reclaim25_anomaly_ge1_5_final_c20,2025-10,-0.04489864771693996
tail02_reclaim25_anomaly_ge1_5_final_c20,2025-11,-0.08498267507190804
tail02_reclaim25_anomaly_ge1_5_final_c20,2025-12,-0.05892944993001102
tail02_reclaim25_anomaly_ge1_5_final_c20,2026-01,-0.016117396427569253
tail02_reclaim25_anomaly_ge1_5_final_c20,2026-02,0.0
tail02_reclaim25_anomaly_ge1_5_final_c20,2026-03,0.028982150151190503
tail02_reclaim25_anomaly_ge1_5_final_c20,2026-04,0.0026190800531940076
tail02_reclaim25_anomaly_ge2_1200_c5,2024-11,-0.025433553519426222
tail02_reclaim25_anomaly_ge2_1200_c5,2024-12,0.04788966175096565
tail02_reclaim25_anomaly_ge2_1200_c5,2025-01,-0.03874787506310895
tail02_reclaim25_anomaly_ge2_1200_c5,2025-02,0.0
tail02_reclaim25_anomaly_ge2_1200_c5,2025-03,0.0
tail02_reclaim25_anomaly_ge2_1200_c5,2025-04,0.007921933085501709
tail02_reclaim25_anomaly_ge2_1200_c5,2025-05,0.0
tail02_reclaim25_anomaly_ge2_1200_c5,2025-06,0.0
tail02_reclaim25_anomaly_ge2_1200_c5,2025-07,-0.003985885709733681
tail02_reclaim25_anomaly_ge2_1200_c5,2025-08,0.04781808475374061
tail02_reclaim25_anomaly_ge2_1200_c5,2025-09,0.00556348756178593
tail02_reclaim25_anomaly_ge2_1200_c5,2025-10,-0.016720425243157644
tail02_reclaim25_anomaly_ge2_1200_c5,2025-11,-0.03413201747682326
tail02_reclaim25_anomaly_ge2_1200_c5,2025-12,0.011242662615325472
tail02_reclaim25_anomaly_ge2_1200_c5,2026-01,-0.03945649557083836
tail02_reclaim25_anomaly_ge2_1200_c5,2026-02,0.0
tail02_reclaim25_anomaly_ge2_1200_c5,2026-03,-0.01095762711864412
tail02_reclaim25_anomaly_ge2_1200_c5,2026-04,-0.02309347238315962
tail02_reclaim25_anomaly_ge2_1200_c10,2024-11,-0.026433553519426223
tail02_reclaim25_anomaly_ge2_1200_c10,2024-12,0.04588966175096565
tail02_reclaim25_anomaly_ge2_1200_c10,2025-01,-0.04074787506310895
tail02_reclaim25_anomaly_ge2_1200_c10,2025-02,0.0
tail02_reclaim25_anomaly_ge2_1200_c10,2025-03,0.0
tail02_reclaim25_anomaly_ge2_1200_c10,2025-04,0.00692193308550171
tail02_reclaim25_anomaly_ge2_1200_c10,2025-05,0.0
tail02_reclaim25_anomaly_ge2_1200_c10,2025-06,0.0
tail02_reclaim25_anomaly_ge2_1200_c10,2025-07,-0.005985885709733681
tail02_reclaim25_anomaly_ge2_1200_c10,2025-08,0.04581808475374061
tail02_reclaim25_anomaly_ge2_1200_c10,2025-09,0.00456348756178593
tail02_reclaim25_anomaly_ge2_1200_c10,2025-10,-0.017720425243157645
tail02_reclaim25_anomaly_ge2_1200_c10,2025-11,-0.036132017476823264
tail02_reclaim25_anomaly_ge2_1200_c10,2025-12,0.010242662615325472
tail02_reclaim25_anomaly_ge2_1200_c10,2026-01,-0.04145649557083836
tail02_reclaim25_anomaly_ge2_1200_c10,2026-02,0.0
tail02_reclaim25_anomaly_ge2_1200_c10,2026-03,-0.011957627118644119
tail02_reclaim25_anomaly_ge2_1200_c10,2026-04,-0.02409347238315962
tail02_reclaim25_anomaly_ge2_1200_c20,2024-11,-0.02843355351942622
tail02_reclaim25_anomaly_ge2_1200_c20,2024-12,0.04188966175096565
tail02_reclaim25_anomaly_ge2_1200_c20,2025-01,-0.044747875063108955
tail02_reclaim25_anomaly_ge2_1200_c20,2025-02,0.0
tail02_reclaim25_anomaly_ge2_1200_c20,2025-03,0.0
tail02_reclaim25_anomaly_ge2_1200_c20,2025-04,0.00492193308550171
tail02_reclaim25_anomaly_ge2_1200_c20,2025-05,0.0
tail02_reclaim25_anomaly_ge2_1200_c20,2025-06,0.0
tail02_reclaim25_anomaly_ge2_1200_c20,2025-07,-0.009985885709733681
tail02_reclaim25_anomaly_ge2_1200_c20,2025-08,0.0418180847537406
tail02_reclaim25_anomaly_ge2_1200_c20,2025-09,0.00256348756178593
tail02_reclaim25_anomaly_ge2_1200_c20,2025-10,-0.019720425243157643
tail02_reclaim25_anomaly_ge2_1200_c20,2025-11,-0.04013201747682327
tail02_reclaim25_anomaly_ge2_1200_c20,2025-12,0.008242662615325472
tail02_reclaim25_anomaly_ge2_1200_c20,2026-01,-0.04545649557083836
tail02_reclaim25_anomaly_ge2_1200_c20,2026-02,0.0
tail02_reclaim25_anomaly_ge2_1200_c20,2026-03,-0.013957627118644119
tail02_reclaim25_anomaly_ge2_1200_c20,2026-04,-0.026093472383159618
tail02_reclaim25_anomaly_ge2_final_c5,2024-11,-0.07568570210952485
tail02_reclaim25_anomaly_ge2_final_c5,2024-12,0.04481252614115161
tail02_reclaim25_anomaly_ge2_final_c5,2025-01,-0.005975215916757759
tail02_reclaim25_anomaly_ge2_final_c5,2025-02,0.0
tail02_reclaim25_anomaly_ge2_final_c5,2025-03,0.0
tail02_reclaim25_anomaly_ge2_final_c5,2025-04,0.017438661710037162
tail02_reclaim25_anomaly_ge2_final_c5,2025-05,0.0
tail02_reclaim25_anomaly_ge2_final_c5,2025-06,0.0
tail02_reclaim25_anomaly_ge2_final_c5,2025-07,0.003889060024324876
tail02_reclaim25_anomaly_ge2_final_c5,2025-08,0.07747878356771909
tail02_reclaim25_anomaly_ge2_final_c5,2025-09,0.024281581719471812
tail02_reclaim25_anomaly_ge2_final_c5,2025-10,-0.038321872879439
tail02_reclaim25_anomaly_ge2_final_c5,2025-11,-0.03882776509037644
tail02_reclaim25_anomaly_ge2_final_c5,2025-12,0.01143638160137428
tail02_reclaim25_anomaly_ge2_final_c5,2026-01,-0.018321869861359086
tail02_reclaim25_anomaly_ge2_final_c5,2026-02,0.0
tail02_reclaim25_anomaly_ge2_final_c5,2026-03,0.011404010045654334
tail02_reclaim25_anomaly_ge2_final_c5,2026-04,-0.01972022659971684
tail02_reclaim25_anomaly_ge2_final_c10,2024-11,-0.07668570210952486
tail02_reclaim25_anomaly_ge2_final_c10,2024-12,0.04281252614115161
tail02_reclaim25_anomaly_ge2_final_c10,2025-01,-0.007975215916757759
tail02_reclaim25_anomaly_ge2_final_c10,2025-02,0.0
tail02_reclaim25_anomaly_ge2_final_c10,2025-03,0.0
tail02_reclaim25_anomaly_ge2_final_c10,2025-04,0.01643866171003716
tail02_reclaim25_anomaly_ge2_final_c10,2025-05,0.0
tail02_reclaim25_anomaly_ge2_final_c10,2025-06,0.0
tail02_reclaim25_anomaly_ge2_final_c10,2025-07,0.0018890600243248769
tail02_reclaim25_anomaly_ge2_final_c10,2025-08,0.07547878356771909
tail02_reclaim25_anomaly_ge2_final_c10,2025-09,0.02328158171947181
tail02_reclaim25_anomaly_ge2_final_c10,2025-10,-0.039321872879439
tail02_reclaim25_anomaly_ge2_final_c10,2025-11,-0.040827765090376444
tail02_reclaim25_anomaly_ge2_final_c10,2025-12,0.01043638160137428
tail02_reclaim25_anomaly_ge2_final_c10,2026-01,-0.020321869861359088
tail02_reclaim25_anomaly_ge2_final_c10,2026-02,0.0
tail02_reclaim25_anomaly_ge2_final_c10,2026-03,0.009404010045654335
tail02_reclaim25_anomaly_ge2_final_c10,2026-04,-0.02072022659971684
tail02_reclaim25_anomaly_ge2_final_c20,2024-11,-0.07868570210952486
tail02_reclaim25_anomaly_ge2_final_c20,2024-12,0.03881252614115161
tail02_reclaim25_anomaly_ge2_final_c20,2025-01,-0.011975215916757757
tail02_reclaim25_anomaly_ge2_final_c20,2025-02,0.0
tail02_reclaim25_anomaly_ge2_final_c20,2025-03,0.0
tail02_reclaim25_anomaly_ge2_final_c20,2025-04,0.014438661710037163
tail02_reclaim25_anomaly_ge2_final_c20,2025-05,0.0
tail02_reclaim25_anomaly_ge2_final_c20,2025-06,0.0
tail02_reclaim25_anomaly_ge2_final_c20,2025-07,-0.002110939975675123
tail02_reclaim25_anomaly_ge2_final_c20,2025-08,0.07147878356771908
tail02_reclaim25_anomaly_ge2_final_c20,2025-09,0.021281581719471813
tail02_reclaim25_anomaly_ge2_final_c20,2025-10,-0.041321872879439
tail02_reclaim25_anomaly_ge2_final_c20,2025-11,-0.04482776509037645
tail02_reclaim25_anomaly_ge2_final_c20,2025-12,0.00843638160137428
tail02_reclaim25_anomaly_ge2_final_c20,2026-01,-0.024321869861359084
tail02_reclaim25_anomaly_ge2_final_c20,2026-02,0.0
tail02_reclaim25_anomaly_ge2_final_c20,2026-03,0.005404010045654335
tail02_reclaim25_anomaly_ge2_final_c20,2026-04,-0.02272022659971684
tail02_reclaim50_all_1200_c5,2024-11,-0.027598226784880997
tail02_reclaim50_all_1200_c5,2024-12,-0.013204299316166623
tail02_reclaim50_all_1200_c5,2025-01,0.002367992766726946
tail02_reclaim50_all_1200_c5,2025-02,0.0
tail02_reclaim50_all_1200_c5,2025-03,-0.01420104753251683
tail02_reclaim50_all_1200_c5,2025-04,0.010603689378161252
tail02_reclaim50_all_1200_c5,2025-05,0.0
tail02_reclaim50_all_1200_c5,2025-06,0.037421882370704984
tail02_reclaim50_all_1200_c5,2025-07,-0.012699722755385001
tail02_reclaim50_all_1200_c5,2025-08,0.03805771609014619
tail02_reclaim50_all_1200_c5,2025-09,0.0
tail02_reclaim50_all_1200_c5,2025-10,0.028706370556922933
tail02_reclaim50_all_1200_c5,2025-11,-0.01839605686299417
tail02_reclaim50_all_1200_c5,2025-12,0.02294071770691819
tail02_reclaim50_all_1200_c5,2026-01,-0.00886712921204208
tail02_reclaim50_all_1200_c5,2026-02,0.00544063320667243
tail02_reclaim50_all_1200_c5,2026-03,-0.012274564238319519
tail02_reclaim50_all_1200_c5,2026-04,0.0377239990134014
tail02_reclaim50_all_1200_c10,2024-11,-0.028598226784880998
tail02_reclaim50_all_1200_c10,2024-12,-0.014204299316166622
tail02_reclaim50_all_1200_c10,2025-01,0.001367992766726946
tail02_reclaim50_all_1200_c10,2025-02,0.0
tail02_reclaim50_all_1200_c10,2025-03,-0.01520104753251683
tail02_reclaim50_all_1200_c10,2025-04,0.009603689378161253
tail02_reclaim50_all_1200_c10,2025-05,0.0
tail02_reclaim50_all_1200_c10,2025-06,0.03442188237070498
tail02_reclaim50_all_1200_c10,2025-07,-0.013699722755385
tail02_reclaim50_all_1200_c10,2025-08,0.03705771609014619
tail02_reclaim50_all_1200_c10,2025-09,0.0
tail02_reclaim50_all_1200_c10,2025-10,0.027706370556922932
tail02_reclaim50_all_1200_c10,2025-11,-0.02039605686299417
tail02_reclaim50_all_1200_c10,2025-12,0.01994071770691819
tail02_reclaim50_all_1200_c10,2026-01,-0.009867129212042079
tail02_reclaim50_all_1200_c10,2026-02,0.00444063320667243
tail02_reclaim50_all_1200_c10,2026-03,-0.014274564238319517
tail02_reclaim50_all_1200_c10,2026-04,0.0367239990134014
tail02_reclaim50_all_1200_c20,2024-11,-0.030598226784880996
tail02_reclaim50_all_1200_c20,2024-12,-0.016204299316166623
tail02_reclaim50_all_1200_c20,2025-01,-0.000632007233273054
tail02_reclaim50_all_1200_c20,2025-02,0.0
tail02_reclaim50_all_1200_c20,2025-03,-0.01720104753251683
tail02_reclaim50_all_1200_c20,2025-04,0.007603689378161253
tail02_reclaim50_all_1200_c20,2025-05,0.0
tail02_reclaim50_all_1200_c20,2025-06,0.028421882370704987
tail02_reclaim50_all_1200_c20,2025-07,-0.015699722755385
tail02_reclaim50_all_1200_c20,2025-08,0.035057716090146185
tail02_reclaim50_all_1200_c20,2025-09,0.0
tail02_reclaim50_all_1200_c20,2025-10,0.025706370556922934
tail02_reclaim50_all_1200_c20,2025-11,-0.02439605686299417
tail02_reclaim50_all_1200_c20,2025-12,0.013940717706918192
tail02_reclaim50_all_1200_c20,2026-01,-0.011867129212042079
tail02_reclaim50_all_1200_c20,2026-02,0.0024406332066724302
tail02_reclaim50_all_1200_c20,2026-03,-0.018274564238319517
tail02_reclaim50_all_1200_c20,2026-04,0.034723999013401396
tail02_reclaim50_all_final_c5,2024-11,-0.0481301913205785
tail02_reclaim50_all_final_c5,2024-12,-0.001916140431240331
tail02_reclaim50_all_final_c5,2025-01,0.010821880650994653
tail02_reclaim50_all_final_c5,2025-02,0.0
tail02_reclaim50_all_final_c5,2025-03,0.00037500789536315613
tail02_reclaim50_all_final_c5,2025-04,0.015810473073489928
tail02_reclaim50_all_final_c5,2025-05,0.0
tail02_reclaim50_all_final_c5,2025-06,0.021684840051158227
tail02_reclaim50_all_final_c5,2025-07,-0.002279590531030106
tail02_reclaim50_all_final_c5,2025-08,0.0587091983142628
tail02_reclaim50_all_final_c5,2025-09,0.0
tail02_reclaim50_all_final_c5,2025-10,0.028992559097933523
tail02_reclaim50_all_final_c5,2025-11,-0.047317502086013485
tail02_reclaim50_all_final_c5,2025-12,0.026806549171129568
tail02_reclaim50_all_final_c5,2026-01,-0.0009381442239129725
tail02_reclaim50_all_final_c5,2026-02,-0.019316926101436427
tail02_reclaim50_all_final_c5,2026-03,0.023930237305325397
tail02_reclaim50_all_final_c5,2026-04,0.04109487790841071
tail02_reclaim50_all_final_c10,2024-11,-0.0491301913205785
tail02_reclaim50_all_final_c10,2024-12,-0.002916140431240331
tail02_reclaim50_all_final_c10,2025-01,0.009821880650994654
tail02_reclaim50_all_final_c10,2025-02,0.0
tail02_reclaim50_all_final_c10,2025-03,-0.0006249921046368439
tail02_reclaim50_all_final_c10,2025-04,0.014810473073489929
tail02_reclaim50_all_final_c10,2025-05,0.0
tail02_reclaim50_all_final_c10,2025-06,0.018684840051158225
tail02_reclaim50_all_final_c10,2025-07,-0.003279590531030106
tail02_reclaim50_all_final_c10,2025-08,0.0577091983142628
tail02_reclaim50_all_final_c10,2025-09,0.0
tail02_reclaim50_all_final_c10,2025-10,0.027992559097933523
tail02_reclaim50_all_final_c10,2025-11,-0.04931750208601349
tail02_reclaim50_all_final_c10,2025-12,0.02380654917112957
tail02_reclaim50_all_final_c10,2026-01,-0.0019381442239129725
tail02_reclaim50_all_final_c10,2026-02,-0.020316926101436428
tail02_reclaim50_all_final_c10,2026-03,0.0219302373053254
tail02_reclaim50_all_final_c10,2026-04,0.04009487790841071
tail02_reclaim50_all_final_c20,2024-11,-0.0511301913205785
tail02_reclaim50_all_final_c20,2024-12,-0.004916140431240331
tail02_reclaim50_all_final_c20,2025-01,0.007821880650994654
tail02_reclaim50_all_final_c20,2025-02,0.0
tail02_reclaim50_all_final_c20,2025-03,-0.002624992104636844
tail02_reclaim50_all_final_c20,2025-04,0.012810473073489929
tail02_reclaim50_all_final_c20,2025-05,0.0
tail02_reclaim50_all_final_c20,2025-06,0.012684840051158223
tail02_reclaim50_all_final_c20,2025-07,-0.005279590531030106
tail02_reclaim50_all_final_c20,2025-08,0.0557091983142628
tail02_reclaim50_all_final_c20,2025-09,0.0
tail02_reclaim50_all_final_c20,2025-10,0.025992559097933524
tail02_reclaim50_all_final_c20,2025-11,-0.05331750208601349
tail02_reclaim50_all_final_c20,2025-12,0.01780654917112957
tail02_reclaim50_all_final_c20,2026-01,-0.0039381442239129726
tail02_reclaim50_all_final_c20,2026-02,-0.022316926101436426
tail02_reclaim50_all_final_c20,2026-03,0.0179302373053254
tail02_reclaim50_all_final_c20,2026-04,0.03809487790841071
tail02_reclaim50_participation_q50_1200_c5,2024-11,-0.027598226784880997
tail02_reclaim50_participation_q50_1200_c5,2024-12,-0.013204299316166623
tail02_reclaim50_participation_q50_1200_c5,2025-01,0.002367992766726946
tail02_reclaim50_participation_q50_1200_c5,2025-02,0.0
tail02_reclaim50_participation_q50_1200_c5,2025-03,0.0
tail02_reclaim50_participation_q50_1200_c5,2025-04,0.010603689378161252
tail02_reclaim50_participation_q50_1200_c5,2025-05,0.0
tail02_reclaim50_participation_q50_1200_c5,2025-06,0.037421882370704984
tail02_reclaim50_participation_q50_1200_c5,2025-07,-0.012699722755385001
tail02_reclaim50_participation_q50_1200_c5,2025-08,0.03805771609014619
tail02_reclaim50_participation_q50_1200_c5,2025-09,0.0
tail02_reclaim50_participation_q50_1200_c5,2025-10,0.028706370556922933
tail02_reclaim50_participation_q50_1200_c5,2025-11,0.0
tail02_reclaim50_participation_q50_1200_c5,2025-12,0.02294071770691819
tail02_reclaim50_participation_q50_1200_c5,2026-01,-0.006216246328370255
tail02_reclaim50_participation_q50_1200_c5,2026-02,0.0
tail02_reclaim50_participation_q50_1200_c5,2026-03,-0.012274564238319519
tail02_reclaim50_participation_q50_1200_c5,2026-04,0.0
tail02_reclaim50_participation_q50_1200_c10,2024-11,-0.028598226784880998
tail02_reclaim50_participation_q50_1200_c10,2024-12,-0.014204299316166622
tail02_reclaim50_participation_q50_1200_c10,2025-01,0.001367992766726946
tail02_reclaim50_participation_q50_1200_c10,2025-02,0.0
tail02_reclaim50_participation_q50_1200_c10,2025-03,0.0
tail02_reclaim50_participation_q50_1200_c10,2025-04,0.009603689378161253
tail02_reclaim50_participation_q50_1200_c10,2025-05,0.0
tail02_reclaim50_participation_q50_1200_c10,2025-06,0.03442188237070498
tail02_reclaim50_participation_q50_1200_c10,2025-07,-0.013699722755385
tail02_reclaim50_participation_q50_1200_c10,2025-08,0.03705771609014619
tail02_reclaim50_participation_q50_1200_c10,2025-09,0.0
tail02_reclaim50_participation_q50_1200_c10,2025-10,0.027706370556922932
tail02_reclaim50_participation_q50_1200_c10,2025-11,0.0
tail02_reclaim50_participation_q50_1200_c10,2025-12,0.01994071770691819
tail02_reclaim50_participation_q50_1200_c10,2026-01,-0.007216246328370255
tail02_reclaim50_participation_q50_1200_c10,2026-02,0.0
tail02_reclaim50_participation_q50_1200_c10,2026-03,-0.014274564238319517
tail02_reclaim50_participation_q50_1200_c10,2026-04,0.0
tail02_reclaim50_participation_q50_1200_c20,2024-11,-0.030598226784880996
tail02_reclaim50_participation_q50_1200_c20,2024-12,-0.016204299316166623
tail02_reclaim50_participation_q50_1200_c20,2025-01,-0.000632007233273054
tail02_reclaim50_participation_q50_1200_c20,2025-02,0.0
tail02_reclaim50_participation_q50_1200_c20,2025-03,0.0
tail02_reclaim50_participation_q50_1200_c20,2025-04,0.007603689378161253
tail02_reclaim50_participation_q50_1200_c20,2025-05,0.0
tail02_reclaim50_participation_q50_1200_c20,2025-06,0.028421882370704987
tail02_reclaim50_participation_q50_1200_c20,2025-07,-0.015699722755385
tail02_reclaim50_participation_q50_1200_c20,2025-08,0.035057716090146185
tail02_reclaim50_participation_q50_1200_c20,2025-09,0.0
tail02_reclaim50_participation_q50_1200_c20,2025-10,0.025706370556922934
tail02_reclaim50_participation_q50_1200_c20,2025-11,0.0
tail02_reclaim50_participation_q50_1200_c20,2025-12,0.013940717706918192
tail02_reclaim50_participation_q50_1200_c20,2026-01,-0.009216246328370255
tail02_reclaim50_participation_q50_1200_c20,2026-02,0.0
tail02_reclaim50_participation_q50_1200_c20,2026-03,-0.018274564238319517
tail02_reclaim50_participation_q50_1200_c20,2026-04,0.0
tail02_reclaim50_participation_q50_final_c5,2024-11,-0.0481301913205785
tail02_reclaim50_participation_q50_final_c5,2024-12,-0.001916140431240331
tail02_reclaim50_participation_q50_final_c5,2025-01,0.010821880650994653
tail02_reclaim50_participation_q50_final_c5,2025-02,0.0
tail02_reclaim50_participation_q50_final_c5,2025-03,0.0
tail02_reclaim50_participation_q50_final_c5,2025-04,0.015810473073489928
tail02_reclaim50_participation_q50_final_c5,2025-05,0.0
tail02_reclaim50_participation_q50_final_c5,2025-06,0.021684840051158227
tail02_reclaim50_participation_q50_final_c5,2025-07,-0.002279590531030106
tail02_reclaim50_participation_q50_final_c5,2025-08,0.0587091983142628
tail02_reclaim50_participation_q50_final_c5,2025-09,0.0
tail02_reclaim50_participation_q50_final_c5,2025-10,0.028992559097933523
tail02_reclaim50_participation_q50_final_c5,2025-11,0.0
tail02_reclaim50_participation_q50_final_c5,2025-12,0.026806549171129568
tail02_reclaim50_participation_q50_final_c5,2026-01,0.0005699382153346874
tail02_reclaim50_participation_q50_final_c5,2026-02,0.0
tail02_reclaim50_participation_q50_final_c5,2026-03,0.023930237305325397
tail02_reclaim50_participation_q50_final_c5,2026-04,0.0
tail02_reclaim50_participation_q50_final_c10,2024-11,-0.0491301913205785
tail02_reclaim50_participation_q50_final_c10,2024-12,-0.002916140431240331
tail02_reclaim50_participation_q50_final_c10,2025-01,0.009821880650994654
tail02_reclaim50_participation_q50_final_c10,2025-02,0.0
tail02_reclaim50_participation_q50_final_c10,2025-03,0.0
tail02_reclaim50_participation_q50_final_c10,2025-04,0.014810473073489929
tail02_reclaim50_participation_q50_final_c10,2025-05,0.0
tail02_reclaim50_participation_q50_final_c10,2025-06,0.018684840051158225
tail02_reclaim50_participation_q50_final_c10,2025-07,-0.003279590531030106
tail02_reclaim50_participation_q50_final_c10,2025-08,0.0577091983142628
tail02_reclaim50_participation_q50_final_c10,2025-09,0.0
tail02_reclaim50_participation_q50_final_c10,2025-10,0.027992559097933523
tail02_reclaim50_participation_q50_final_c10,2025-11,0.0
tail02_reclaim50_participation_q50_final_c10,2025-12,0.02380654917112957
tail02_reclaim50_participation_q50_final_c10,2026-01,-0.00043006178466531257
tail02_reclaim50_participation_q50_final_c10,2026-02,0.0
tail02_reclaim50_participation_q50_final_c10,2026-03,0.0219302373053254
tail02_reclaim50_participation_q50_final_c10,2026-04,0.0
tail02_reclaim50_participation_q50_final_c20,2024-11,-0.0511301913205785
tail02_reclaim50_participation_q50_final_c20,2024-12,-0.004916140431240331
tail02_reclaim50_participation_q50_final_c20,2025-01,0.007821880650994654
tail02_reclaim50_participation_q50_final_c20,2025-02,0.0
tail02_reclaim50_participation_q50_final_c20,2025-03,0.0
tail02_reclaim50_participation_q50_final_c20,2025-04,0.012810473073489929
tail02_reclaim50_participation_q50_final_c20,2025-05,0.0
tail02_reclaim50_participation_q50_final_c20,2025-06,0.012684840051158223
tail02_reclaim50_participation_q50_final_c20,2025-07,-0.005279590531030106
tail02_reclaim50_participation_q50_final_c20,2025-08,0.0557091983142628
tail02_reclaim50_participation_q50_final_c20,2025-09,0.0
tail02_reclaim50_participation_q50_final_c20,2025-10,0.025992559097933524
tail02_reclaim50_participation_q50_final_c20,2025-11,0.0
tail02_reclaim50_participation_q50_final_c20,2025-12,0.01780654917112957
tail02_reclaim50_participation_q50_final_c20,2026-01,-0.0024300617846653126
tail02_reclaim50_participation_q50_final_c20,2026-02,0.0
tail02_reclaim50_participation_q50_final_c20,2026-03,0.0179302373053254
tail02_reclaim50_participation_q50_final_c20,2026-04,0.0
tail02_reclaim50_participation_q67_1200_c5,2024-11,-0.027598226784880997
tail02_reclaim50_participation_q67_1200_c5,2024-12,-0.013204299316166623
tail02_reclaim50_participation_q67_1200_c5,2025-01,0.002367992766726946
tail02_reclaim50_participation_q67_1200_c5,2025-02,0.0
tail02_reclaim50_participation_q67_1200_c5,2025-03,0.0
tail02_reclaim50_participation_q67_1200_c5,2025-04,0.0
tail02_reclaim50_participation_q67_1200_c5,2025-05,0.0
tail02_reclaim50_participation_q67_1200_c5,2025-06,0.04924403595569071
tail02_reclaim50_participation_q67_1200_c5,2025-07,-0.012699722755385001
tail02_reclaim50_participation_q67_1200_c5,2025-08,0.03805771609014619
tail02_reclaim50_participation_q67_1200_c5,2025-09,0.0
tail02_reclaim50_participation_q67_1200_c5,2025-10,0.028706370556922933
tail02_reclaim50_participation_q67_1200_c5,2025-11,0.0
tail02_reclaim50_participation_q67_1200_c5,2025-12,-0.0024348501880844253
tail02_reclaim50_participation_q67_1200_c5,2026-01,0.0
tail02_reclaim50_participation_q67_1200_c5,2026-02,0.0
tail02_reclaim50_participation_q67_1200_c5,2026-03,-0.012274564238319519
tail02_reclaim50_participation_q67_1200_c5,2026-04,0.0
tail02_reclaim50_participation_q67_1200_c10,2024-11,-0.028598226784880998
tail02_reclaim50_participation_q67_1200_c10,2024-12,-0.014204299316166622
tail02_reclaim50_participation_q67_1200_c10,2025-01,0.001367992766726946
tail02_reclaim50_participation_q67_1200_c10,2025-02,0.0
tail02_reclaim50_participation_q67_1200_c10,2025-03,0.0
tail02_reclaim50_participation_q67_1200_c10,2025-04,0.0
tail02_reclaim50_participation_q67_1200_c10,2025-05,0.0
tail02_reclaim50_participation_q67_1200_c10,2025-06,0.04724403595569071
tail02_reclaim50_participation_q67_1200_c10,2025-07,-0.013699722755385
tail02_reclaim50_participation_q67_1200_c10,2025-08,0.03705771609014619
tail02_reclaim50_participation_q67_1200_c10,2025-09,0.0
tail02_reclaim50_participation_q67_1200_c10,2025-10,0.027706370556922932
tail02_reclaim50_participation_q67_1200_c10,2025-11,0.0
tail02_reclaim50_participation_q67_1200_c10,2025-12,-0.004434850188084424
tail02_reclaim50_participation_q67_1200_c10,2026-01,0.0
tail02_reclaim50_participation_q67_1200_c10,2026-02,0.0
tail02_reclaim50_participation_q67_1200_c10,2026-03,-0.014274564238319517
tail02_reclaim50_participation_q67_1200_c10,2026-04,0.0
tail02_reclaim50_participation_q67_1200_c20,2024-11,-0.030598226784880996
tail02_reclaim50_participation_q67_1200_c20,2024-12,-0.016204299316166623
tail02_reclaim50_participation_q67_1200_c20,2025-01,-0.000632007233273054
tail02_reclaim50_participation_q67_1200_c20,2025-02,0.0
tail02_reclaim50_participation_q67_1200_c20,2025-03,0.0
tail02_reclaim50_participation_q67_1200_c20,2025-04,0.0
tail02_reclaim50_participation_q67_1200_c20,2025-05,0.0
tail02_reclaim50_participation_q67_1200_c20,2025-06,0.043244035955690714
tail02_reclaim50_participation_q67_1200_c20,2025-07,-0.015699722755385
tail02_reclaim50_participation_q67_1200_c20,2025-08,0.035057716090146185
tail02_reclaim50_participation_q67_1200_c20,2025-09,0.0
tail02_reclaim50_participation_q67_1200_c20,2025-10,0.025706370556922934
tail02_reclaim50_participation_q67_1200_c20,2025-11,0.0
tail02_reclaim50_participation_q67_1200_c20,2025-12,-0.008434850188084424
tail02_reclaim50_participation_q67_1200_c20,2026-01,0.0
tail02_reclaim50_participation_q67_1200_c20,2026-02,0.0
tail02_reclaim50_participation_q67_1200_c20,2026-03,-0.018274564238319517
tail02_reclaim50_participation_q67_1200_c20,2026-04,0.0
tail02_reclaim50_participation_q67_final_c5,2024-11,-0.0481301913205785
tail02_reclaim50_participation_q67_final_c5,2024-12,-0.001916140431240331
tail02_reclaim50_participation_q67_final_c5,2025-01,0.010821880650994653
tail02_reclaim50_participation_q67_final_c5,2025-02,0.0
tail02_reclaim50_participation_q67_final_c5,2025-03,0.0
tail02_reclaim50_participation_q67_final_c5,2025-04,0.0
tail02_reclaim50_participation_q67_final_c5,2025-05,0.0
tail02_reclaim50_participation_q67_final_c5,2025-06,0.07443784031051259
tail02_reclaim50_participation_q67_final_c5,2025-07,-0.002279590531030106
tail02_reclaim50_participation_q67_final_c5,2025-08,0.0587091983142628
tail02_reclaim50_participation_q67_final_c5,2025-09,0.0
tail02_reclaim50_participation_q67_final_c5,2025-10,0.028992559097933523
tail02_reclaim50_participation_q67_final_c5,2025-11,0.0
tail02_reclaim50_participation_q67_final_c5,2025-12,-0.001219195402318296
tail02_reclaim50_participation_q67_final_c5,2026-01,0.0
tail02_reclaim50_participation_q67_final_c5,2026-02,0.0
tail02_reclaim50_participation_q67_final_c5,2026-03,0.023930237305325397
tail02_reclaim50_participation_q67_final_c5,2026-04,0.0
tail02_reclaim50_participation_q67_final_c10,2024-11,-0.0491301913205785
tail02_reclaim50_participation_q67_final_c10,2024-12,-0.002916140431240331
tail02_reclaim50_participation_q67_final_c10,2025-01,0.009821880650994654
tail02_reclaim50_participation_q67_final_c10,2025-02,0.0
tail02_reclaim50_participation_q67_final_c10,2025-03,0.0
tail02_reclaim50_participation_q67_final_c10,2025-04,0.0
tail02_reclaim50_participation_q67_final_c10,2025-05,0.0
tail02_reclaim50_participation_q67_final_c10,2025-06,0.07243784031051259
tail02_reclaim50_participation_q67_final_c10,2025-07,-0.003279590531030106
tail02_reclaim50_participation_q67_final_c10,2025-08,0.0577091983142628
tail02_reclaim50_participation_q67_final_c10,2025-09,0.0
tail02_reclaim50_participation_q67_final_c10,2025-10,0.027992559097933523
tail02_reclaim50_participation_q67_final_c10,2025-11,0.0
tail02_reclaim50_participation_q67_final_c10,2025-12,-0.0032191954023182943
tail02_reclaim50_participation_q67_final_c10,2026-01,0.0
tail02_reclaim50_participation_q67_final_c10,2026-02,0.0
tail02_reclaim50_participation_q67_final_c10,2026-03,0.0219302373053254
tail02_reclaim50_participation_q67_final_c10,2026-04,0.0
tail02_reclaim50_participation_q67_final_c20,2024-11,-0.0511301913205785
tail02_reclaim50_participation_q67_final_c20,2024-12,-0.004916140431240331
tail02_reclaim50_participation_q67_final_c20,2025-01,0.007821880650994654
tail02_reclaim50_participation_q67_final_c20,2025-02,0.0
tail02_reclaim50_participation_q67_final_c20,2025-03,0.0
tail02_reclaim50_participation_q67_final_c20,2025-04,0.0
tail02_reclaim50_participation_q67_final_c20,2025-05,0.0
tail02_reclaim50_participation_q67_final_c20,2025-06,0.06843784031051259
tail02_reclaim50_participation_q67_final_c20,2025-07,-0.005279590531030106
tail02_reclaim50_participation_q67_final_c20,2025-08,0.0557091983142628
tail02_reclaim50_participation_q67_final_c20,2025-09,0.0
tail02_reclaim50_participation_q67_final_c20,2025-10,0.025992559097933524
tail02_reclaim50_participation_q67_final_c20,2025-11,0.0
tail02_reclaim50_participation_q67_final_c20,2025-12,-0.007219195402318294
tail02_reclaim50_participation_q67_final_c20,2026-01,0.0
tail02_reclaim50_participation_q67_final_c20,2026-02,0.0
tail02_reclaim50_participation_q67_final_c20,2026-03,0.0179302373053254
tail02_reclaim50_participation_q67_final_c20,2026-04,0.0
tail02_reclaim50_participation_q80_1200_c5,2024-11,0.0
tail02_reclaim50_participation_q80_1200_c5,2024-12,0.0
tail02_reclaim50_participation_q80_1200_c5,2025-01,0.002367992766726946
tail02_reclaim50_participation_q80_1200_c5,2025-02,0.0
tail02_reclaim50_participation_q80_1200_c5,2025-03,0.0
tail02_reclaim50_participation_q80_1200_c5,2025-04,0.0
tail02_reclaim50_participation_q80_1200_c5,2025-05,0.0
tail02_reclaim50_participation_q80_1200_c5,2025-06,0.04924403595569071
tail02_reclaim50_participation_q80_1200_c5,2025-07,0.0
tail02_reclaim50_participation_q80_1200_c5,2025-08,0.03805771609014619
tail02_reclaim50_participation_q80_1200_c5,2025-09,0.0
tail02_reclaim50_participation_q80_1200_c5,2025-10,0.028706370556922933
tail02_reclaim50_participation_q80_1200_c5,2025-11,0.0
tail02_reclaim50_participation_q80_1200_c5,2025-12,-0.014590167809028665
tail02_reclaim50_participation_q80_1200_c5,2026-01,0.0
tail02_reclaim50_participation_q80_1200_c5,2026-02,0.0
tail02_reclaim50_participation_q80_1200_c5,2026-03,-0.01095762711864412
tail02_reclaim50_participation_q80_1200_c5,2026-04,0.0
tail02_reclaim50_participation_q80_1200_c10,2024-11,0.0
tail02_reclaim50_participation_q80_1200_c10,2024-12,0.0
tail02_reclaim50_participation_q80_1200_c10,2025-01,0.001367992766726946
tail02_reclaim50_participation_q80_1200_c10,2025-02,0.0
tail02_reclaim50_participation_q80_1200_c10,2025-03,0.0
tail02_reclaim50_participation_q80_1200_c10,2025-04,0.0
tail02_reclaim50_participation_q80_1200_c10,2025-05,0.0
tail02_reclaim50_participation_q80_1200_c10,2025-06,0.04724403595569071
tail02_reclaim50_participation_q80_1200_c10,2025-07,0.0
tail02_reclaim50_participation_q80_1200_c10,2025-08,0.03705771609014619
tail02_reclaim50_participation_q80_1200_c10,2025-09,0.0
tail02_reclaim50_participation_q80_1200_c10,2025-10,0.027706370556922932
tail02_reclaim50_participation_q80_1200_c10,2025-11,0.0
tail02_reclaim50_participation_q80_1200_c10,2025-12,-0.015590167809028664
tail02_reclaim50_participation_q80_1200_c10,2026-01,0.0
tail02_reclaim50_participation_q80_1200_c10,2026-02,0.0
tail02_reclaim50_participation_q80_1200_c10,2026-03,-0.011957627118644119
tail02_reclaim50_participation_q80_1200_c10,2026-04,0.0
tail02_reclaim50_participation_q80_1200_c20,2024-11,0.0
tail02_reclaim50_participation_q80_1200_c20,2024-12,0.0
tail02_reclaim50_participation_q80_1200_c20,2025-01,-0.000632007233273054
tail02_reclaim50_participation_q80_1200_c20,2025-02,0.0
tail02_reclaim50_participation_q80_1200_c20,2025-03,0.0
tail02_reclaim50_participation_q80_1200_c20,2025-04,0.0
tail02_reclaim50_participation_q80_1200_c20,2025-05,0.0
tail02_reclaim50_participation_q80_1200_c20,2025-06,0.043244035955690714
tail02_reclaim50_participation_q80_1200_c20,2025-07,0.0
tail02_reclaim50_participation_q80_1200_c20,2025-08,0.035057716090146185
tail02_reclaim50_participation_q80_1200_c20,2025-09,0.0
tail02_reclaim50_participation_q80_1200_c20,2025-10,0.025706370556922934
tail02_reclaim50_participation_q80_1200_c20,2025-11,0.0
tail02_reclaim50_participation_q80_1200_c20,2025-12,-0.017590167809028664
tail02_reclaim50_participation_q80_1200_c20,2026-01,0.0
tail02_reclaim50_participation_q80_1200_c20,2026-02,0.0
tail02_reclaim50_participation_q80_1200_c20,2026-03,-0.013957627118644119
tail02_reclaim50_participation_q80_1200_c20,2026-04,0.0
tail02_reclaim50_participation_q80_final_c5,2024-11,0.0
tail02_reclaim50_participation_q80_final_c5,2024-12,0.0
tail02_reclaim50_participation_q80_final_c5,2025-01,0.010821880650994653
tail02_reclaim50_participation_q80_final_c5,2025-02,0.0
tail02_reclaim50_participation_q80_final_c5,2025-03,0.0
tail02_reclaim50_participation_q80_final_c5,2025-04,0.0
tail02_reclaim50_participation_q80_final_c5,2025-05,0.0
tail02_reclaim50_participation_q80_final_c5,2025-06,0.07443784031051259
tail02_reclaim50_participation_q80_final_c5,2025-07,0.0
tail02_reclaim50_participation_q80_final_c5,2025-08,0.0587091983142628
tail02_reclaim50_participation_q80_final_c5,2025-09,0.0
tail02_reclaim50_participation_q80_final_c5,2025-10,0.028992559097933523
tail02_reclaim50_participation_q80_final_c5,2025-11,0.0
tail02_reclaim50_participation_q80_final_c5,2025-12,-0.014353817064523877
tail02_reclaim50_participation_q80_final_c5,2026-01,0.0
tail02_reclaim50_participation_q80_final_c5,2026-02,0.0
tail02_reclaim50_participation_q80_final_c5,2026-03,0.013980059820538293
tail02_reclaim50_participation_q80_final_c5,2026-04,0.0
tail02_reclaim50_participation_q80_final_c10,2024-11,0.0
tail02_reclaim50_participation_q80_final_c10,2024-12,0.0
tail02_reclaim50_participation_q80_final_c10,2025-01,0.009821880650994654
tail02_reclaim50_participation_q80_final_c10,2025-02,0.0
tail02_reclaim50_participation_q80_final_c10,2025-03,0.0
tail02_reclaim50_participation_q80_final_c10,2025-04,0.0
tail02_reclaim50_participation_q80_final_c10,2025-05,0.0
tail02_reclaim50_participation_q80_final_c10,2025-06,0.07243784031051259
tail02_reclaim50_participation_q80_final_c10,2025-07,0.0
tail02_reclaim50_participation_q80_final_c10,2025-08,0.0577091983142628
tail02_reclaim50_participation_q80_final_c10,2025-09,0.0
tail02_reclaim50_participation_q80_final_c10,2025-10,0.027992559097933523
tail02_reclaim50_participation_q80_final_c10,2025-11,0.0
tail02_reclaim50_participation_q80_final_c10,2025-12,-0.015353817064523876
tail02_reclaim50_participation_q80_final_c10,2026-01,0.0
tail02_reclaim50_participation_q80_final_c10,2026-02,0.0
tail02_reclaim50_participation_q80_final_c10,2026-03,0.012980059820538294
tail02_reclaim50_participation_q80_final_c10,2026-04,0.0
tail02_reclaim50_participation_q80_final_c20,2024-11,0.0
tail02_reclaim50_participation_q80_final_c20,2024-12,0.0
tail02_reclaim50_participation_q80_final_c20,2025-01,0.007821880650994654
tail02_reclaim50_participation_q80_final_c20,2025-02,0.0
tail02_reclaim50_participation_q80_final_c20,2025-03,0.0
tail02_reclaim50_participation_q80_final_c20,2025-04,0.0
tail02_reclaim50_participation_q80_final_c20,2025-05,0.0
tail02_reclaim50_participation_q80_final_c20,2025-06,0.06843784031051259
tail02_reclaim50_participation_q80_final_c20,2025-07,0.0
tail02_reclaim50_participation_q80_final_c20,2025-08,0.0557091983142628
tail02_reclaim50_participation_q80_final_c20,2025-09,0.0
tail02_reclaim50_participation_q80_final_c20,2025-10,0.025992559097933524
tail02_reclaim50_participation_q80_final_c20,2025-11,0.0
tail02_reclaim50_participation_q80_final_c20,2025-12,-0.017353817064523876
tail02_reclaim50_participation_q80_final_c20,2026-01,0.0
tail02_reclaim50_participation_q80_final_c20,2026-02,0.0
tail02_reclaim50_participation_q80_final_c20,2026-03,0.010980059820538294
tail02_reclaim50_participation_q80_final_c20,2026-04,0.0
tail02_reclaim50_anomaly_ge1_1200_c5,2024-11,-0.027598226784880997
tail02_reclaim50_anomaly_ge1_1200_c5,2024-12,0.0
tail02_reclaim50_anomaly_ge1_1200_c5,2025-01,0.002367992766726946
tail02_reclaim50_anomaly_ge1_1200_c5,2025-02,0.0
tail02_reclaim50_anomaly_ge1_1200_c5,2025-03,-0.01420104753251683
tail02_reclaim50_anomaly_ge1_1200_c5,2025-04,0.010603689378161252
tail02_reclaim50_anomaly_ge1_1200_c5,2025-05,0.0
tail02_reclaim50_anomaly_ge1_1200_c5,2025-06,0.03402147193839766
tail02_reclaim50_anomaly_ge1_1200_c5,2025-07,-0.012699722755385001
tail02_reclaim50_anomaly_ge1_1200_c5,2025-08,0.03805771609014619
tail02_reclaim50_anomaly_ge1_1200_c5,2025-09,0.0
tail02_reclaim50_anomaly_ge1_1200_c5,2025-10,0.028706370556922933
tail02_reclaim50_anomaly_ge1_1200_c5,2025-11,-0.007583389601620415
tail02_reclaim50_anomaly_ge1_1200_c5,2025-12,0.02294071770691819
tail02_reclaim50_anomaly_ge1_1200_c5,2026-01,-0.00886712921204208
tail02_reclaim50_anomaly_ge1_1200_c5,2026-02,0.0
tail02_reclaim50_anomaly_ge1_1200_c5,2026-03,-0.012274564238319519
tail02_reclaim50_anomaly_ge1_1200_c5,2026-04,0.0377239990134014
tail02_reclaim50_anomaly_ge1_1200_c10,2024-11,-0.028598226784880998
tail02_reclaim50_anomaly_ge1_1200_c10,2024-12,0.0
tail02_reclaim50_anomaly_ge1_1200_c10,2025-01,0.001367992766726946
tail02_reclaim50_anomaly_ge1_1200_c10,2025-02,0.0
tail02_reclaim50_anomaly_ge1_1200_c10,2025-03,-0.01520104753251683
tail02_reclaim50_anomaly_ge1_1200_c10,2025-04,0.009603689378161253
tail02_reclaim50_anomaly_ge1_1200_c10,2025-05,0.0
tail02_reclaim50_anomaly_ge1_1200_c10,2025-06,0.03302147193839766
tail02_reclaim50_anomaly_ge1_1200_c10,2025-07,-0.013699722755385
tail02_reclaim50_anomaly_ge1_1200_c10,2025-08,0.03705771609014619
tail02_reclaim50_anomaly_ge1_1200_c10,2025-09,0.0
tail02_reclaim50_anomaly_ge1_1200_c10,2025-10,0.027706370556922932
tail02_reclaim50_anomaly_ge1_1200_c10,2025-11,-0.008583389601620415
tail02_reclaim50_anomaly_ge1_1200_c10,2025-12,0.01994071770691819
tail02_reclaim50_anomaly_ge1_1200_c10,2026-01,-0.009867129212042079
tail02_reclaim50_anomaly_ge1_1200_c10,2026-02,0.0
tail02_reclaim50_anomaly_ge1_1200_c10,2026-03,-0.014274564238319517
tail02_reclaim50_anomaly_ge1_1200_c10,2026-04,0.0367239990134014
tail02_reclaim50_anomaly_ge1_1200_c20,2024-11,-0.030598226784880996
tail02_reclaim50_anomaly_ge1_1200_c20,2024-12,0.0
tail02_reclaim50_anomaly_ge1_1200_c20,2025-01,-0.000632007233273054
tail02_reclaim50_anomaly_ge1_1200_c20,2025-02,0.0
tail02_reclaim50_anomaly_ge1_1200_c20,2025-03,-0.01720104753251683
tail02_reclaim50_anomaly_ge1_1200_c20,2025-04,0.007603689378161253
tail02_reclaim50_anomaly_ge1_1200_c20,2025-05,0.0
tail02_reclaim50_anomaly_ge1_1200_c20,2025-06,0.031021471938397664
tail02_reclaim50_anomaly_ge1_1200_c20,2025-07,-0.015699722755385
tail02_reclaim50_anomaly_ge1_1200_c20,2025-08,0.035057716090146185
tail02_reclaim50_anomaly_ge1_1200_c20,2025-09,0.0
tail02_reclaim50_anomaly_ge1_1200_c20,2025-10,0.025706370556922934
tail02_reclaim50_anomaly_ge1_1200_c20,2025-11,-0.010583389601620415
tail02_reclaim50_anomaly_ge1_1200_c20,2025-12,0.013940717706918192
tail02_reclaim50_anomaly_ge1_1200_c20,2026-01,-0.011867129212042079
tail02_reclaim50_anomaly_ge1_1200_c20,2026-02,0.0
tail02_reclaim50_anomaly_ge1_1200_c20,2026-03,-0.018274564238319517
tail02_reclaim50_anomaly_ge1_1200_c20,2026-04,0.034723999013401396
tail02_reclaim50_anomaly_ge1_final_c5,2024-11,-0.0481301913205785
tail02_reclaim50_anomaly_ge1_final_c5,2024-12,0.0
tail02_reclaim50_anomaly_ge1_final_c5,2025-01,0.010821880650994653
tail02_reclaim50_anomaly_ge1_final_c5,2025-02,0.0
tail02_reclaim50_anomaly_ge1_final_c5,2025-03,0.00037500789536315613
tail02_reclaim50_anomaly_ge1_final_c5,2025-04,0.015810473073489928
tail02_reclaim50_anomaly_ge1_final_c5,2025-05,0.0
tail02_reclaim50_anomaly_ge1_final_c5,2025-06,0.04090730045905511
tail02_reclaim50_anomaly_ge1_final_c5,2025-07,-0.002279590531030106
tail02_reclaim50_anomaly_ge1_final_c5,2025-08,0.0587091983142628
tail02_reclaim50_anomaly_ge1_final_c5,2025-09,0.0
tail02_reclaim50_anomaly_ge1_final_c5,2025-10,0.028992559097933523
tail02_reclaim50_anomaly_ge1_final_c5,2025-11,-0.044157776277290006
tail02_reclaim50_anomaly_ge1_final_c5,2025-12,0.026806549171129568
tail02_reclaim50_anomaly_ge1_final_c5,2026-01,-0.0009381442239129725
tail02_reclaim50_anomaly_ge1_final_c5,2026-02,0.0
tail02_reclaim50_anomaly_ge1_final_c5,2026-03,0.023930237305325397
tail02_reclaim50_anomaly_ge1_final_c5,2026-04,0.04109487790841071
tail02_reclaim50_anomaly_ge1_final_c10,2024-11,-0.0491301913205785
tail02_reclaim50_anomaly_ge1_final_c10,2024-12,0.0
tail02_reclaim50_anomaly_ge1_final_c10,2025-01,0.009821880650994654
tail02_reclaim50_anomaly_ge1_final_c10,2025-02,0.0
tail02_reclaim50_anomaly_ge1_final_c10,2025-03,-0.0006249921046368439
tail02_reclaim50_anomaly_ge1_final_c10,2025-04,0.014810473073489929
tail02_reclaim50_anomaly_ge1_final_c10,2025-05,0.0
tail02_reclaim50_anomaly_ge1_final_c10,2025-06,0.039907300459055106
tail02_reclaim50_anomaly_ge1_final_c10,2025-07,-0.003279590531030106
tail02_reclaim50_anomaly_ge1_final_c10,2025-08,0.0577091983142628
tail02_reclaim50_anomaly_ge1_final_c10,2025-09,0.0
tail02_reclaim50_anomaly_ge1_final_c10,2025-10,0.027992559097933523
tail02_reclaim50_anomaly_ge1_final_c10,2025-11,-0.04515777627729001
tail02_reclaim50_anomaly_ge1_final_c10,2025-12,0.02380654917112957
tail02_reclaim50_anomaly_ge1_final_c10,2026-01,-0.0019381442239129725
tail02_reclaim50_anomaly_ge1_final_c10,2026-02,0.0
tail02_reclaim50_anomaly_ge1_final_c10,2026-03,0.0219302373053254
tail02_reclaim50_anomaly_ge1_final_c10,2026-04,0.04009487790841071
tail02_reclaim50_anomaly_ge1_final_c20,2024-11,-0.0511301913205785
tail02_reclaim50_anomaly_ge1_final_c20,2024-12,0.0
tail02_reclaim50_anomaly_ge1_final_c20,2025-01,0.007821880650994654
tail02_reclaim50_anomaly_ge1_final_c20,2025-02,0.0
tail02_reclaim50_anomaly_ge1_final_c20,2025-03,-0.002624992104636844
tail02_reclaim50_anomaly_ge1_final_c20,2025-04,0.012810473073489929
tail02_reclaim50_anomaly_ge1_final_c20,2025-05,0.0
tail02_reclaim50_anomaly_ge1_final_c20,2025-06,0.037907300459055104
tail02_reclaim50_anomaly_ge1_final_c20,2025-07,-0.005279590531030106
tail02_reclaim50_anomaly_ge1_final_c20,2025-08,0.0557091983142628
tail02_reclaim50_anomaly_ge1_final_c20,2025-09,0.0
tail02_reclaim50_anomaly_ge1_final_c20,2025-10,0.025992559097933524
tail02_reclaim50_anomaly_ge1_final_c20,2025-11,-0.04715777627729001
tail02_reclaim50_anomaly_ge1_final_c20,2025-12,0.01780654917112957
tail02_reclaim50_anomaly_ge1_final_c20,2026-01,-0.0039381442239129726
tail02_reclaim50_anomaly_ge1_final_c20,2026-02,0.0
tail02_reclaim50_anomaly_ge1_final_c20,2026-03,0.0179302373053254
tail02_reclaim50_anomaly_ge1_final_c20,2026-04,0.03809487790841071
tail02_reclaim50_anomaly_ge1_5_1200_c5,2024-11,0.0
tail02_reclaim50_anomaly_ge1_5_1200_c5,2024-12,0.0
tail02_reclaim50_anomaly_ge1_5_1200_c5,2025-01,0.002367992766726946
tail02_reclaim50_anomaly_ge1_5_1200_c5,2025-02,0.0
tail02_reclaim50_anomaly_ge1_5_1200_c5,2025-03,0.0
tail02_reclaim50_anomaly_ge1_5_1200_c5,2025-04,0.0
tail02_reclaim50_anomaly_ge1_5_1200_c5,2025-05,0.0
tail02_reclaim50_anomaly_ge1_5_1200_c5,2025-06,0.03402147193839766
tail02_reclaim50_anomaly_ge1_5_1200_c5,2025-07,-0.012699722755385001
tail02_reclaim50_anomaly_ge1_5_1200_c5,2025-08,0.03805771609014619
tail02_reclaim50_anomaly_ge1_5_1200_c5,2025-09,0.0
tail02_reclaim50_anomaly_ge1_5_1200_c5,2025-10,0.028706370556922933
tail02_reclaim50_anomaly_ge1_5_1200_c5,2025-11,-0.007583389601620415
tail02_reclaim50_anomaly_ge1_5_1200_c5,2025-12,-0.0024348501880844253
tail02_reclaim50_anomaly_ge1_5_1200_c5,2026-01,0.0
tail02_reclaim50_anomaly_ge1_5_1200_c5,2026-02,0.0
tail02_reclaim50_anomaly_ge1_5_1200_c5,2026-03,-0.012274564238319519
tail02_reclaim50_anomaly_ge1_5_1200_c5,2026-04,0.0
tail02_reclaim50_anomaly_ge1_5_1200_c10,2024-11,0.0
tail02_reclaim50_anomaly_ge1_5_1200_c10,2024-12,0.0
tail02_reclaim50_anomaly_ge1_5_1200_c10,2025-01,0.001367992766726946
tail02_reclaim50_anomaly_ge1_5_1200_c10,2025-02,0.0
tail02_reclaim50_anomaly_ge1_5_1200_c10,2025-03,0.0
tail02_reclaim50_anomaly_ge1_5_1200_c10,2025-04,0.0
tail02_reclaim50_anomaly_ge1_5_1200_c10,2025-05,0.0
tail02_reclaim50_anomaly_ge1_5_1200_c10,2025-06,0.03302147193839766
tail02_reclaim50_anomaly_ge1_5_1200_c10,2025-07,-0.013699722755385
tail02_reclaim50_anomaly_ge1_5_1200_c10,2025-08,0.03705771609014619
tail02_reclaim50_anomaly_ge1_5_1200_c10,2025-09,0.0
tail02_reclaim50_anomaly_ge1_5_1200_c10,2025-10,0.027706370556922932
tail02_reclaim50_anomaly_ge1_5_1200_c10,2025-11,-0.008583389601620415
tail02_reclaim50_anomaly_ge1_5_1200_c10,2025-12,-0.004434850188084424
tail02_reclaim50_anomaly_ge1_5_1200_c10,2026-01,0.0
tail02_reclaim50_anomaly_ge1_5_1200_c10,2026-02,0.0
tail02_reclaim50_anomaly_ge1_5_1200_c10,2026-03,-0.014274564238319517
tail02_reclaim50_anomaly_ge1_5_1200_c10,2026-04,0.0
tail02_reclaim50_anomaly_ge1_5_1200_c20,2024-11,0.0
tail02_reclaim50_anomaly_ge1_5_1200_c20,2024-12,0.0
tail02_reclaim50_anomaly_ge1_5_1200_c20,2025-01,-0.000632007233273054
tail02_reclaim50_anomaly_ge1_5_1200_c20,2025-02,0.0
tail02_reclaim50_anomaly_ge1_5_1200_c20,2025-03,0.0
tail02_reclaim50_anomaly_ge1_5_1200_c20,2025-04,0.0
tail02_reclaim50_anomaly_ge1_5_1200_c20,2025-05,0.0
tail02_reclaim50_anomaly_ge1_5_1200_c20,2025-06,0.031021471938397664
tail02_reclaim50_anomaly_ge1_5_1200_c20,2025-07,-0.015699722755385
tail02_reclaim50_anomaly_ge1_5_1200_c20,2025-08,0.035057716090146185
tail02_reclaim50_anomaly_ge1_5_1200_c20,2025-09,0.0
tail02_reclaim50_anomaly_ge1_5_1200_c20,2025-10,0.025706370556922934
tail02_reclaim50_anomaly_ge1_5_1200_c20,2025-11,-0.010583389601620415
tail02_reclaim50_anomaly_ge1_5_1200_c20,2025-12,-0.008434850188084424
tail02_reclaim50_anomaly_ge1_5_1200_c20,2026-01,0.0
tail02_reclaim50_anomaly_ge1_5_1200_c20,2026-02,0.0
tail02_reclaim50_anomaly_ge1_5_1200_c20,2026-03,-0.018274564238319517
tail02_reclaim50_anomaly_ge1_5_1200_c20,2026-04,0.0
tail02_reclaim50_anomaly_ge1_5_final_c5,2024-11,0.0
tail02_reclaim50_anomaly_ge1_5_final_c5,2024-12,0.0
tail02_reclaim50_anomaly_ge1_5_final_c5,2025-01,0.010821880650994653
tail02_reclaim50_anomaly_ge1_5_final_c5,2025-02,0.0
tail02_reclaim50_anomaly_ge1_5_final_c5,2025-03,0.0
tail02_reclaim50_anomaly_ge1_5_final_c5,2025-04,0.0
tail02_reclaim50_anomaly_ge1_5_final_c5,2025-05,0.0
tail02_reclaim50_anomaly_ge1_5_final_c5,2025-06,0.04090730045905511
tail02_reclaim50_anomaly_ge1_5_final_c5,2025-07,-0.002279590531030106
tail02_reclaim50_anomaly_ge1_5_final_c5,2025-08,0.0587091983142628
tail02_reclaim50_anomaly_ge1_5_final_c5,2025-09,0.0
tail02_reclaim50_anomaly_ge1_5_final_c5,2025-10,0.028992559097933523
tail02_reclaim50_anomaly_ge1_5_final_c5,2025-11,-0.044157776277290006
tail02_reclaim50_anomaly_ge1_5_final_c5,2025-12,-0.001219195402318296
tail02_reclaim50_anomaly_ge1_5_final_c5,2026-01,0.0
tail02_reclaim50_anomaly_ge1_5_final_c5,2026-02,0.0
tail02_reclaim50_anomaly_ge1_5_final_c5,2026-03,0.023930237305325397
tail02_reclaim50_anomaly_ge1_5_final_c5,2026-04,0.0
tail02_reclaim50_anomaly_ge1_5_final_c10,2024-11,0.0
tail02_reclaim50_anomaly_ge1_5_final_c10,2024-12,0.0
tail02_reclaim50_anomaly_ge1_5_final_c10,2025-01,0.009821880650994654
tail02_reclaim50_anomaly_ge1_5_final_c10,2025-02,0.0
tail02_reclaim50_anomaly_ge1_5_final_c10,2025-03,0.0
tail02_reclaim50_anomaly_ge1_5_final_c10,2025-04,0.0
tail02_reclaim50_anomaly_ge1_5_final_c10,2025-05,0.0
tail02_reclaim50_anomaly_ge1_5_final_c10,2025-06,0.039907300459055106
tail02_reclaim50_anomaly_ge1_5_final_c10,2025-07,-0.003279590531030106
tail02_reclaim50_anomaly_ge1_5_final_c10,2025-08,0.0577091983142628
tail02_reclaim50_anomaly_ge1_5_final_c10,2025-09,0.0
tail02_reclaim50_anomaly_ge1_5_final_c10,2025-10,0.027992559097933523
tail02_reclaim50_anomaly_ge1_5_final_c10,2025-11,-0.04515777627729001
tail02_reclaim50_anomaly_ge1_5_final_c10,2025-12,-0.0032191954023182943
tail02_reclaim50_anomaly_ge1_5_final_c10,2026-01,0.0
tail02_reclaim50_anomaly_ge1_5_final_c10,2026-02,0.0
tail02_reclaim50_anomaly_ge1_5_final_c10,2026-03,0.0219302373053254
tail02_reclaim50_anomaly_ge1_5_final_c10,2026-04,0.0
tail02_reclaim50_anomaly_ge1_5_final_c20,2024-11,0.0
tail02_reclaim50_anomaly_ge1_5_final_c20,2024-12,0.0
tail02_reclaim50_anomaly_ge1_5_final_c20,2025-01,0.007821880650994654
tail02_reclaim50_anomaly_ge1_5_final_c20,2025-02,0.0
tail02_reclaim50_anomaly_ge1_5_final_c20,2025-03,0.0
tail02_reclaim50_anomaly_ge1_5_final_c20,2025-04,0.0
tail02_reclaim50_anomaly_ge1_5_final_c20,2025-05,0.0
tail02_reclaim50_anomaly_ge1_5_final_c20,2025-06,0.037907300459055104
tail02_reclaim50_anomaly_ge1_5_final_c20,2025-07,-0.005279590531030106
tail02_reclaim50_anomaly_ge1_5_final_c20,2025-08,0.0557091983142628
tail02_reclaim50_anomaly_ge1_5_final_c20,2025-09,0.0
tail02_reclaim50_anomaly_ge1_5_final_c20,2025-10,0.025992559097933524
tail02_reclaim50_anomaly_ge1_5_final_c20,2025-11,-0.04715777627729001
tail02_reclaim50_anomaly_ge1_5_final_c20,2025-12,-0.007219195402318294
tail02_reclaim50_anomaly_ge1_5_final_c20,2026-01,0.0
tail02_reclaim50_anomaly_ge1_5_final_c20,2026-02,0.0
tail02_reclaim50_anomaly_ge1_5_final_c20,2026-03,0.0179302373053254
tail02_reclaim50_anomaly_ge1_5_final_c20,2026-04,0.0
tail02_reclaim50_anomaly_ge2_1200_c5,2024-11,0.0
tail02_reclaim50_anomaly_ge2_1200_c5,2024-12,0.0
tail02_reclaim50_anomaly_ge2_1200_c5,2025-01,0.002367992766726946
tail02_reclaim50_anomaly_ge2_1200_c5,2025-02,0.0
tail02_reclaim50_anomaly_ge2_1200_c5,2025-03,0.0
tail02_reclaim50_anomaly_ge2_1200_c5,2025-04,0.0
tail02_reclaim50_anomaly_ge2_1200_c5,2025-05,0.0
tail02_reclaim50_anomaly_ge2_1200_c5,2025-06,0.0
tail02_reclaim50_anomaly_ge2_1200_c5,2025-07,0.0
tail02_reclaim50_anomaly_ge2_1200_c5,2025-08,0.03805771609014619
tail02_reclaim50_anomaly_ge2_1200_c5,2025-09,0.0
tail02_reclaim50_anomaly_ge2_1200_c5,2025-10,0.0
tail02_reclaim50_anomaly_ge2_1200_c5,2025-11,0.0
tail02_reclaim50_anomaly_ge2_1200_c5,2025-12,0.01215531762094424
tail02_reclaim50_anomaly_ge2_1200_c5,2026-01,0.0
tail02_reclaim50_anomaly_ge2_1200_c5,2026-02,0.0
tail02_reclaim50_anomaly_ge2_1200_c5,2026-03,-0.01095762711864412
tail02_reclaim50_anomaly_ge2_1200_c5,2026-04,0.0
tail02_reclaim50_anomaly_ge2_1200_c10,2024-11,0.0
tail02_reclaim50_anomaly_ge2_1200_c10,2024-12,0.0
tail02_reclaim50_anomaly_ge2_1200_c10,2025-01,0.001367992766726946
tail02_reclaim50_anomaly_ge2_1200_c10,2025-02,0.0
tail02_reclaim50_anomaly_ge2_1200_c10,2025-03,0.0
tail02_reclaim50_anomaly_ge2_1200_c10,2025-04,0.0
tail02_reclaim50_anomaly_ge2_1200_c10,2025-05,0.0
tail02_reclaim50_anomaly_ge2_1200_c10,2025-06,0.0
tail02_reclaim50_anomaly_ge2_1200_c10,2025-07,0.0
tail02_reclaim50_anomaly_ge2_1200_c10,2025-08,0.03705771609014619
tail02_reclaim50_anomaly_ge2_1200_c10,2025-09,0.0
tail02_reclaim50_anomaly_ge2_1200_c10,2025-10,0.0
tail02_reclaim50_anomaly_ge2_1200_c10,2025-11,0.0
tail02_reclaim50_anomaly_ge2_1200_c10,2025-12,0.01115531762094424
tail02_reclaim50_anomaly_ge2_1200_c10,2026-01,0.0
tail02_reclaim50_anomaly_ge2_1200_c10,2026-02,0.0
tail02_reclaim50_anomaly_ge2_1200_c10,2026-03,-0.011957627118644119
tail02_reclaim50_anomaly_ge2_1200_c10,2026-04,0.0
tail02_reclaim50_anomaly_ge2_1200_c20,2024-11,0.0
tail02_reclaim50_anomaly_ge2_1200_c20,2024-12,0.0
tail02_reclaim50_anomaly_ge2_1200_c20,2025-01,-0.000632007233273054
tail02_reclaim50_anomaly_ge2_1200_c20,2025-02,0.0
tail02_reclaim50_anomaly_ge2_1200_c20,2025-03,0.0
tail02_reclaim50_anomaly_ge2_1200_c20,2025-04,0.0
tail02_reclaim50_anomaly_ge2_1200_c20,2025-05,0.0
tail02_reclaim50_anomaly_ge2_1200_c20,2025-06,0.0
tail02_reclaim50_anomaly_ge2_1200_c20,2025-07,0.0
tail02_reclaim50_anomaly_ge2_1200_c20,2025-08,0.035057716090146185
tail02_reclaim50_anomaly_ge2_1200_c20,2025-09,0.0
tail02_reclaim50_anomaly_ge2_1200_c20,2025-10,0.0
tail02_reclaim50_anomaly_ge2_1200_c20,2025-11,0.0
tail02_reclaim50_anomaly_ge2_1200_c20,2025-12,0.00915531762094424
tail02_reclaim50_anomaly_ge2_1200_c20,2026-01,0.0
tail02_reclaim50_anomaly_ge2_1200_c20,2026-02,0.0
tail02_reclaim50_anomaly_ge2_1200_c20,2026-03,-0.013957627118644119
tail02_reclaim50_anomaly_ge2_1200_c20,2026-04,0.0
tail02_reclaim50_anomaly_ge2_final_c5,2024-11,0.0
tail02_reclaim50_anomaly_ge2_final_c5,2024-12,0.0
tail02_reclaim50_anomaly_ge2_final_c5,2025-01,0.010821880650994653
tail02_reclaim50_anomaly_ge2_final_c5,2025-02,0.0
tail02_reclaim50_anomaly_ge2_final_c5,2025-03,0.0
tail02_reclaim50_anomaly_ge2_final_c5,2025-04,0.0
tail02_reclaim50_anomaly_ge2_final_c5,2025-05,0.0
tail02_reclaim50_anomaly_ge2_final_c5,2025-06,0.0
tail02_reclaim50_anomaly_ge2_final_c5,2025-07,0.0
tail02_reclaim50_anomaly_ge2_final_c5,2025-08,0.0587091983142628
tail02_reclaim50_anomaly_ge2_final_c5,2025-09,0.0
tail02_reclaim50_anomaly_ge2_final_c5,2025-10,0.0
tail02_reclaim50_anomaly_ge2_final_c5,2025-11,0.0
tail02_reclaim50_anomaly_ge2_final_c5,2025-12,0.013134621662205581
tail02_reclaim50_anomaly_ge2_final_c5,2026-01,0.0
tail02_reclaim50_anomaly_ge2_final_c5,2026-02,0.0
tail02_reclaim50_anomaly_ge2_final_c5,2026-03,0.013980059820538293
tail02_reclaim50_anomaly_ge2_final_c5,2026-04,0.0
tail02_reclaim50_anomaly_ge2_final_c10,2024-11,0.0
tail02_reclaim50_anomaly_ge2_final_c10,2024-12,0.0
tail02_reclaim50_anomaly_ge2_final_c10,2025-01,0.009821880650994654
tail02_reclaim50_anomaly_ge2_final_c10,2025-02,0.0
tail02_reclaim50_anomaly_ge2_final_c10,2025-03,0.0
tail02_reclaim50_anomaly_ge2_final_c10,2025-04,0.0
tail02_reclaim50_anomaly_ge2_final_c10,2025-05,0.0
tail02_reclaim50_anomaly_ge2_final_c10,2025-06,0.0
tail02_reclaim50_anomaly_ge2_final_c10,2025-07,0.0
tail02_reclaim50_anomaly_ge2_final_c10,2025-08,0.0577091983142628
tail02_reclaim50_anomaly_ge2_final_c10,2025-09,0.0
tail02_reclaim50_anomaly_ge2_final_c10,2025-10,0.0
tail02_reclaim50_anomaly_ge2_final_c10,2025-11,0.0
tail02_reclaim50_anomaly_ge2_final_c10,2025-12,0.012134621662205582
tail02_reclaim50_anomaly_ge2_final_c10,2026-01,0.0
tail02_reclaim50_anomaly_ge2_final_c10,2026-02,0.0
tail02_reclaim50_anomaly_ge2_final_c10,2026-03,0.012980059820538294
tail02_reclaim50_anomaly_ge2_final_c10,2026-04,0.0
tail02_reclaim50_anomaly_ge2_final_c20,2024-11,0.0
tail02_reclaim50_anomaly_ge2_final_c20,2024-12,0.0
tail02_reclaim50_anomaly_ge2_final_c20,2025-01,0.007821880650994654
tail02_reclaim50_anomaly_ge2_final_c20,2025-02,0.0
tail02_reclaim50_anomaly_ge2_final_c20,2025-03,0.0
tail02_reclaim50_anomaly_ge2_final_c20,2025-04,0.0
tail02_reclaim50_anomaly_ge2_final_c20,2025-05,0.0
tail02_reclaim50_anomaly_ge2_final_c20,2025-06,0.0
tail02_reclaim50_anomaly_ge2_final_c20,2025-07,0.0
tail02_reclaim50_anomaly_ge2_final_c20,2025-08,0.0557091983142628
tail02_reclaim50_anomaly_ge2_final_c20,2025-09,0.0
tail02_reclaim50_anomaly_ge2_final_c20,2025-10,0.0
tail02_reclaim50_anomaly_ge2_final_c20,2025-11,0.0
tail02_reclaim50_anomaly_ge2_final_c20,2025-12,0.010134621662205582
tail02_reclaim50_anomaly_ge2_final_c20,2026-01,0.0
tail02_reclaim50_anomaly_ge2_final_c20,2026-02,0.0
tail02_reclaim50_anomaly_ge2_final_c20,2026-03,0.010980059820538294
tail02_reclaim50_anomaly_ge2_final_c20,2026-04,0.0
tail05_reclaim00_all_1200_c5,2024-11,0.005636049917572412
tail05_reclaim00_all_1200_c5,2024-12,-0.10919558229413526
tail05_reclaim00_all_1200_c5,2025-01,-0.24969972864980738
tail05_reclaim00_all_1200_c5,2025-02,-0.12531532269410214
tail05_reclaim00_all_1200_c5,2025-03,-0.1951108799732676
tail05_reclaim00_all_1200_c5,2025-04,0.011486933214790596
tail05_reclaim00_all_1200_c5,2025-05,0.22911280607312662
tail05_reclaim00_all_1200_c5,2025-06,0.04319214324621856
tail05_reclaim00_all_1200_c5,2025-07,-0.0033505205951772227
tail05_reclaim00_all_1200_c5,2025-08,-0.027706138080392628
tail05_reclaim00_all_1200_c5,2025-09,0.04747926889285664
tail05_reclaim00_all_1200_c5,2025-10,0.1178603138508966
tail05_reclaim00_all_1200_c5,2025-11,0.08285949508946003
tail05_reclaim00_all_1200_c5,2025-12,-0.04044279657987274
tail05_reclaim00_all_1200_c5,2026-01,-0.061718631529905185
tail05_reclaim00_all_1200_c5,2026-02,0.0130425654667682
tail05_reclaim00_all_1200_c5,2026-03,0.03219061687493879
tail05_reclaim00_all_1200_c5,2026-04,0.0031936005772637
tail05_reclaim00_all_1200_c10,2024-11,-0.012363950082427596
tail05_reclaim00_all_1200_c10,2024-12,-0.12719558229413527
tail05_reclaim00_all_1200_c10,2025-01,-0.2656997286498074
tail05_reclaim00_all_1200_c10,2025-02,-0.14031532269410216
tail05_reclaim00_all_1200_c10,2025-03,-0.2131108799732676
tail05_reclaim00_all_1200_c10,2025-04,-0.0045130667852094075
tail05_reclaim00_all_1200_c10,2025-05,0.21611280607312663
tail05_reclaim00_all_1200_c10,2025-06,0.02819214324621857
tail05_reclaim00_all_1200_c10,2025-07,-0.019350520595177223
tail05_reclaim00_all_1200_c10,2025-08,-0.04370613808039263
tail05_reclaim00_all_1200_c10,2025-09,0.03247926889285664
tail05_reclaim00_all_1200_c10,2025-10,0.0968603138508966
tail05_reclaim00_all_1200_c10,2025-11,0.06685949508946001
tail05_reclaim00_all_1200_c10,2025-12,-0.05944279657987275
tail05_reclaim00_all_1200_c10,2026-01,-0.07971863152990519
tail05_reclaim00_all_1200_c10,2026-02,-0.001957434533231814
tail05_reclaim00_all_1200_c10,2026-03,0.01319061687493879
tail05_reclaim00_all_1200_c10,2026-04,-0.016806399422736314
tail05_reclaim00_all_1200_c20,2024-11,-0.04836395008242759
tail05_reclaim00_all_1200_c20,2024-12,-0.16319558229413528
tail05_reclaim00_all_1200_c20,2025-01,-0.29769972864980737
tail05_reclaim00_all_1200_c20,2025-02,-0.17031532269410216
tail05_reclaim00_all_1200_c20,2025-03,-0.2491108799732676
tail05_reclaim00_all_1200_c20,2025-04,-0.03651306678520941
tail05_reclaim00_all_1200_c20,2025-05,0.19011280607312664
tail05_reclaim00_all_1200_c20,2025-06,-0.0018078567537814297
tail05_reclaim00_all_1200_c20,2025-07,-0.051350520595177224
tail05_reclaim00_all_1200_c20,2025-08,-0.07570613808039263
tail05_reclaim00_all_1200_c20,2025-09,0.0024792688928566425
tail05_reclaim00_all_1200_c20,2025-10,0.05486031385089661
tail05_reclaim00_all_1200_c20,2025-11,0.03485949508946003
tail05_reclaim00_all_1200_c20,2025-12,-0.09744279657987275
tail05_reclaim00_all_1200_c20,2026-01,-0.11571863152990519
tail05_reclaim00_all_1200_c20,2026-02,-0.03195743453323181
tail05_reclaim00_all_1200_c20,2026-03,-0.024809383125061202
tail05_reclaim00_all_1200_c20,2026-04,-0.0568063994227363
tail05_reclaim00_all_final_c5,2024-11,0.03335307117559554
tail05_reclaim00_all_final_c5,2024-12,-0.20925574146911424
tail05_reclaim00_all_final_c5,2025-01,-0.23355910932233317
tail05_reclaim00_all_final_c5,2025-02,-0.018331732590511515
tail05_reclaim00_all_final_c5,2025-03,-0.1814159618835281
tail05_reclaim00_all_final_c5,2025-04,0.15714198497467338
tail05_reclaim00_all_final_c5,2025-05,0.3130556560793653
tail05_reclaim00_all_final_c5,2025-06,-0.04797058007340033
tail05_reclaim00_all_final_c5,2025-07,-0.022420681731625425
tail05_reclaim00_all_final_c5,2025-08,-0.10712693908366933
tail05_reclaim00_all_final_c5,2025-09,0.10063026685426674
tail05_reclaim00_all_final_c5,2025-10,0.06012059774023214
tail05_reclaim00_all_final_c5,2025-11,0.07168368694602573
tail05_reclaim00_all_final_c5,2025-12,-0.03588624543386872
tail05_reclaim00_all_final_c5,2026-01,-0.05757464562548179
tail05_reclaim00_all_final_c5,2026-02,-0.00559796534394312
tail05_reclaim00_all_final_c5,2026-03,-0.0003865621171087654
tail05_reclaim00_all_final_c5,2026-04,0.10601791246204031
tail05_reclaim00_all_final_c10,2024-11,0.01435307117559553
tail05_reclaim00_all_final_c10,2024-12,-0.22725574146911426
tail05_reclaim00_all_final_c10,2025-01,-0.2495591093223332
tail05_reclaim00_all_final_c10,2025-02,-0.03533173259051153
tail05_reclaim00_all_final_c10,2025-03,-0.20241596188352812
tail05_reclaim00_all_final_c10,2025-04,0.14114198497467337
tail05_reclaim00_all_final_c10,2025-05,0.2950556560793653
tail05_reclaim00_all_final_c10,2025-06,-0.06597058007340034
tail05_reclaim00_all_final_c10,2025-07,-0.038420681731625425
tail05_reclaim00_all_final_c10,2025-08,-0.12512693908366934
tail05_reclaim00_all_final_c10,2025-09,0.08363026685426674
tail05_reclaim00_all_final_c10,2025-10,0.03912059774023214
tail05_reclaim00_all_final_c10,2025-11,0.05368368694602571
tail05_reclaim00_all_final_c10,2025-12,-0.05588624543386872
tail05_reclaim00_all_final_c10,2026-01,-0.0755746456254818
tail05_reclaim00_all_final_c10,2026-02,-0.02059796534394312
tail05_reclaim00_all_final_c10,2026-03,-0.020386562117108778
tail05_reclaim00_all_final_c10,2026-04,0.08601791246204031
tail05_reclaim00_all_final_c20,2024-11,-0.02364692882440448
tail05_reclaim00_all_final_c20,2024-12,-0.26325574146911424
tail05_reclaim00_all_final_c20,2025-01,-0.2815591093223332
tail05_reclaim00_all_final_c20,2025-02,-0.06933173259051152
tail05_reclaim00_all_final_c20,2025-03,-0.24441596188352813
tail05_reclaim00_all_final_c20,2025-04,0.10914198497467337
tail05_reclaim00_all_final_c20,2025-05,0.2590556560793653
tail05_reclaim00_all_final_c20,2025-06,-0.10197058007340033
tail05_reclaim00_all_final_c20,2025-07,-0.07042068173162541
tail05_reclaim00_all_final_c20,2025-08,-0.16112693908366935
tail05_reclaim00_all_final_c20,2025-09,0.04963026685426675
tail05_reclaim00_all_final_c20,2025-10,-0.002879402259767856
tail05_reclaim00_all_final_c20,2025-11,0.017683686946025696
tail05_reclaim00_all_final_c20,2025-12,-0.09588624543386873
tail05_reclaim00_all_final_c20,2026-01,-0.11157464562548179
tail05_reclaim00_all_final_c20,2026-02,-0.05059796534394314
tail05_reclaim00_all_final_c20,2026-03,-0.06038656211710877
tail05_reclaim00_all_final_c20,2026-04,0.04601791246204032
tail05_reclaim00_participation_q50_1200_c5,2024-11,0.0077527510377785195
tail05_reclaim00_participation_q50_1200_c5,2024-12,-0.09916200575588063
tail05_reclaim00_participation_q50_1200_c5,2025-01,-0.2200974368098807
tail05_reclaim00_participation_q50_1200_c5,2025-02,-0.13534759154113296
tail05_reclaim00_participation_q50_1200_c5,2025-03,-0.08093441655761176
tail05_reclaim00_participation_q50_1200_c5,2025-04,0.009291273344191116
tail05_reclaim00_participation_q50_1200_c5,2025-05,0.1823602469003331
tail05_reclaim00_participation_q50_1200_c5,2025-06,0.05769662149897877
tail05_reclaim00_participation_q50_1200_c5,2025-07,-0.006847085642161813
tail05_reclaim00_participation_q50_1200_c5,2025-08,-0.10075891504316022
tail05_reclaim00_participation_q50_1200_c5,2025-09,0.07928311338523668
tail05_reclaim00_participation_q50_1200_c5,2025-10,0.09391629909548732
tail05_reclaim00_participation_q50_1200_c5,2025-11,0.054761535281696166
tail05_reclaim00_participation_q50_1200_c5,2025-12,0.017188358853407727
tail05_reclaim00_participation_q50_1200_c5,2026-01,-0.04962373343520029
tail05_reclaim00_participation_q50_1200_c5,2026-02,-0.0040876977801738296
tail05_reclaim00_participation_q50_1200_c5,2026-03,0.04138045734581014
tail05_reclaim00_participation_q50_1200_c5,2026-04,-0.03426249358859272
tail05_reclaim00_participation_q50_1200_c10,2024-11,-0.009247248962221484
tail05_reclaim00_participation_q50_1200_c10,2024-12,-0.11416200575588063
tail05_reclaim00_participation_q50_1200_c10,2025-01,-0.2330974368098807
tail05_reclaim00_participation_q50_1200_c10,2025-02,-0.14734759154113297
tail05_reclaim00_participation_q50_1200_c10,2025-03,-0.09493441655761176
tail05_reclaim00_participation_q50_1200_c10,2025-04,-0.004708726655808883
tail05_reclaim00_participation_q50_1200_c10,2025-05,0.17036024690033308
tail05_reclaim00_participation_q50_1200_c10,2025-06,0.045696621498978775
tail05_reclaim00_participation_q50_1200_c10,2025-07,-0.02084708564216181
tail05_reclaim00_participation_q50_1200_c10,2025-08,-0.11475891504316021
tail05_reclaim00_participation_q50_1200_c10,2025-09,0.06628311338523668
tail05_reclaim00_participation_q50_1200_c10,2025-10,0.07591629909548732
tail05_reclaim00_participation_q50_1200_c10,2025-11,0.04176153528169617
tail05_reclaim00_participation_q50_1200_c10,2025-12,0.002188358853407726
tail05_reclaim00_participation_q50_1200_c10,2026-01,-0.0666237334352003
tail05_reclaim00_participation_q50_1200_c10,2026-02,-0.018087697780173842
tail05_reclaim00_participation_q50_1200_c10,2026-03,0.024380457345810135
tail05_reclaim00_participation_q50_1200_c10,2026-04,-0.05426249358859273
tail05_reclaim00_participation_q50_1200_c20,2024-11,-0.043247248962221485
tail05_reclaim00_participation_q50_1200_c20,2024-12,-0.14416200575588062
tail05_reclaim00_participation_q50_1200_c20,2025-01,-0.2590974368098807
tail05_reclaim00_participation_q50_1200_c20,2025-02,-0.17134759154113297
tail05_reclaim00_participation_q50_1200_c20,2025-03,-0.12293441655761175
tail05_reclaim00_participation_q50_1200_c20,2025-04,-0.032708726655808894
tail05_reclaim00_participation_q50_1200_c20,2025-05,0.14636024690033306
tail05_reclaim00_participation_q50_1200_c20,2025-06,0.021696621498978774
tail05_reclaim00_participation_q50_1200_c20,2025-07,-0.048847085642161815
tail05_reclaim00_participation_q50_1200_c20,2025-08,-0.14275891504316024
tail05_reclaim00_participation_q50_1200_c20,2025-09,0.040283113385236685
tail05_reclaim00_participation_q50_1200_c20,2025-10,0.03991629909548732
tail05_reclaim00_participation_q50_1200_c20,2025-11,0.015761535281696167
tail05_reclaim00_participation_q50_1200_c20,2025-12,-0.02781164114659227
tail05_reclaim00_participation_q50_1200_c20,2026-01,-0.10062373343520029
tail05_reclaim00_participation_q50_1200_c20,2026-02,-0.04608769778017384
tail05_reclaim00_participation_q50_1200_c20,2026-03,-0.009619542654189848
tail05_reclaim00_participation_q50_1200_c20,2026-04,-0.09426249358859272
tail05_reclaim00_participation_q50_final_c5,2024-11,-0.005161249835849652
tail05_reclaim00_participation_q50_final_c5,2024-12,-0.1391148029916838
tail05_reclaim00_participation_q50_final_c5,2025-01,-0.1885926557266242
tail05_reclaim00_participation_q50_final_c5,2025-02,-0.029674277423324957
tail05_reclaim00_participation_q50_final_c5,2025-03,-0.12910380830831367
tail05_reclaim00_participation_q50_final_c5,2025-04,0.14783718727727152
tail05_reclaim00_participation_q50_final_c5,2025-05,0.24288650732840134
tail05_reclaim00_participation_q50_final_c5,2025-06,0.05830840628747218
tail05_reclaim00_participation_q50_final_c5,2025-07,-0.02381413972727975
tail05_reclaim00_participation_q50_final_c5,2025-08,-0.21719540934865225
tail05_reclaim00_participation_q50_final_c5,2025-09,0.12113894562873734
tail05_reclaim00_participation_q50_final_c5,2025-10,0.035835607833078445
tail05_reclaim00_participation_q50_final_c5,2025-11,0.13301360853179717
tail05_reclaim00_participation_q50_final_c5,2025-12,0.03643047185814898
tail05_reclaim00_participation_q50_final_c5,2026-01,-0.02918230181952009
tail05_reclaim00_participation_q50_final_c5,2026-02,0.025103615392615186
tail05_reclaim00_participation_q50_final_c5,2026-03,0.04146497751062805
tail05_reclaim00_participation_q50_final_c5,2026-04,0.06137779231738865
tail05_reclaim00_participation_q50_final_c10,2024-11,-0.02316124983584967
tail05_reclaim00_participation_q50_final_c10,2024-12,-0.15411480299168379
tail05_reclaim00_participation_q50_final_c10,2025-01,-0.20159265572662421
tail05_reclaim00_participation_q50_final_c10,2025-02,-0.04367427742332497
tail05_reclaim00_participation_q50_final_c10,2025-03,-0.14410380830831365
tail05_reclaim00_participation_q50_final_c10,2025-04,0.13383718727727154
tail05_reclaim00_participation_q50_final_c10,2025-05,0.22588650732840132
tail05_reclaim00_participation_q50_final_c10,2025-06,0.044308406287472166
tail05_reclaim00_participation_q50_final_c10,2025-07,-0.03781413972727975
tail05_reclaim00_participation_q50_final_c10,2025-08,-0.23319540934865227
tail05_reclaim00_participation_q50_final_c10,2025-09,0.10713894562873734
tail05_reclaim00_participation_q50_final_c10,2025-10,0.017835607833078443
tail05_reclaim00_participation_q50_final_c10,2025-11,0.11801360853179717
tail05_reclaim00_participation_q50_final_c10,2025-12,0.020430471858148988
tail05_reclaim00_participation_q50_final_c10,2026-01,-0.04618230181952009
tail05_reclaim00_participation_q50_final_c10,2026-02,0.011103615392615174
tail05_reclaim00_participation_q50_final_c10,2026-03,0.024464977510628053
tail05_reclaim00_participation_q50_final_c10,2026-04,0.04137779231738864
tail05_reclaim00_participation_q50_final_c20,2024-11,-0.05916124983584967
tail05_reclaim00_participation_q50_final_c20,2024-12,-0.18411480299168378
tail05_reclaim00_participation_q50_final_c20,2025-01,-0.2275926557266242
tail05_reclaim00_participation_q50_final_c20,2025-02,-0.07167427742332497
tail05_reclaim00_participation_q50_final_c20,2025-03,-0.17410380830831365
tail05_reclaim00_participation_q50_final_c20,2025-04,0.10583718727727154
tail05_reclaim00_participation_q50_final_c20,2025-05,0.19188650732840135
tail05_reclaim00_participation_q50_final_c20,2025-06,0.016308406287472172
tail05_reclaim00_participation_q50_final_c20,2025-07,-0.06581413972727974
tail05_reclaim00_participation_q50_final_c20,2025-08,-0.26519540934865227
tail05_reclaim00_participation_q50_final_c20,2025-09,0.07913894562873734
tail05_reclaim00_participation_q50_final_c20,2025-10,-0.018164392166921554
tail05_reclaim00_participation_q50_final_c20,2025-11,0.08801360853179717
tail05_reclaim00_participation_q50_final_c20,2025-12,-0.011569528141851016
tail05_reclaim00_participation_q50_final_c20,2026-01,-0.08018230181952007
tail05_reclaim00_participation_q50_final_c20,2026-02,-0.01689638460738483
tail05_reclaim00_participation_q50_final_c20,2026-03,-0.009535022489371952
tail05_reclaim00_participation_q50_final_c20,2026-04,0.0013777923173886528
tail05_reclaim00_participation_q67_1200_c5,2024-11,0.0014994990697437373
tail05_reclaim00_participation_q67_1200_c5,2024-12,-0.09961944895006693
tail05_reclaim00_participation_q67_1200_c5,2025-01,-0.19087789891900042
tail05_reclaim00_participation_q67_1200_c5,2025-02,-0.14869637496727434
tail05_reclaim00_participation_q67_1200_c5,2025-03,-0.08739164559579267
tail05_reclaim00_participation_q67_1200_c5,2025-04,-0.016627407825611083
tail05_reclaim00_participation_q67_1200_c5,2025-05,0.159665726653604
tail05_reclaim00_participation_q67_1200_c5,2025-06,0.05787515626541264
tail05_reclaim00_participation_q67_1200_c5,2025-07,0.014940164564198482
tail05_reclaim00_participation_q67_1200_c5,2025-08,-0.10131732936027282
tail05_reclaim00_participation_q67_1200_c5,2025-09,0.12030596591325808
tail05_reclaim00_participation_q67_1200_c5,2025-10,0.11610192648358472
tail05_reclaim00_participation_q67_1200_c5,2025-11,0.03676495988690594
tail05_reclaim00_participation_q67_1200_c5,2025-12,0.004142248029660795
tail05_reclaim00_participation_q67_1200_c5,2026-01,-0.07565738251699501
tail05_reclaim00_participation_q67_1200_c5,2026-02,-0.047033272568756404
tail05_reclaim00_participation_q67_1200_c5,2026-03,-0.007298807849916468
tail05_reclaim00_participation_q67_1200_c5,2026-04,-0.0646355302038862
tail05_reclaim00_participation_q67_1200_c10,2024-11,-0.013500500930256265
tail05_reclaim00_participation_q67_1200_c10,2024-12,-0.11361944895006694
tail05_reclaim00_participation_q67_1200_c10,2025-01,-0.2028778989190004
tail05_reclaim00_participation_q67_1200_c10,2025-02,-0.15969637496727435
tail05_reclaim00_participation_q67_1200_c10,2025-03,-0.09939164559579267
tail05_reclaim00_participation_q67_1200_c10,2025-04,-0.026627407825611085
tail05_reclaim00_participation_q67_1200_c10,2025-05,0.148665726653604
tail05_reclaim00_participation_q67_1200_c10,2025-06,0.04687515626541264
tail05_reclaim00_participation_q67_1200_c10,2025-07,0.002940164564198478
tail05_reclaim00_participation_q67_1200_c10,2025-08,-0.11531732936027282
tail05_reclaim00_participation_q67_1200_c10,2025-09,0.10830596591325808
tail05_reclaim00_participation_q67_1200_c10,2025-10,0.09910192648358473
tail05_reclaim00_participation_q67_1200_c10,2025-11,0.02376495988690594
tail05_reclaim00_participation_q67_1200_c10,2025-12,-0.008857751970339207
tail05_reclaim00_participation_q67_1200_c10,2026-01,-0.09265738251699501
tail05_reclaim00_participation_q67_1200_c10,2026-02,-0.060033272568756416
tail05_reclaim00_participation_q67_1200_c10,2026-03,-0.02329880784991647
tail05_reclaim00_participation_q67_1200_c10,2026-04,-0.0826355302038862
tail05_reclaim00_participation_q67_1200_c20,2024-11,-0.04350050093025627
tail05_reclaim00_participation_q67_1200_c20,2024-12,-0.14161944895006692
tail05_reclaim00_participation_q67_1200_c20,2025-01,-0.2268778989190004
tail05_reclaim00_participation_q67_1200_c20,2025-02,-0.18169637496727434
tail05_reclaim00_participation_q67_1200_c20,2025-03,-0.12339164559579267
tail05_reclaim00_participation_q67_1200_c20,2025-04,-0.04662740782561108
tail05_reclaim00_participation_q67_1200_c20,2025-05,0.12666572665360398
tail05_reclaim00_participation_q67_1200_c20,2025-06,0.024875156265412642
tail05_reclaim00_participation_q67_1200_c20,2025-07,-0.021059835435801512
tail05_reclaim00_participation_q67_1200_c20,2025-08,-0.14331732936027283
tail05_reclaim00_participation_q67_1200_c20,2025-09,0.08430596591325809
tail05_reclaim00_participation_q67_1200_c20,2025-10,0.06510192648358473
tail05_reclaim00_participation_q67_1200_c20,2025-11,-0.002235040113094052
tail05_reclaim00_participation_q67_1200_c20,2025-12,-0.034857751970339204
tail05_reclaim00_participation_q67_1200_c20,2026-01,-0.12665738251699502
tail05_reclaim00_participation_q67_1200_c20,2026-02,-0.08603327256875642
tail05_reclaim00_participation_q67_1200_c20,2026-03,-0.055298807849916455
tail05_reclaim00_participation_q67_1200_c20,2026-04,-0.11863553020388619
tail05_reclaim00_participation_q67_final_c5,2024-11,-0.012631550533276921
tail05_reclaim00_participation_q67_final_c5,2024-12,-0.13676483332449993
tail05_reclaim00_participation_q67_final_c5,2025-01,-0.1473490273838047
tail05_reclaim00_participation_q67_final_c5,2025-02,-0.021639583669842533
tail05_reclaim00_participation_q67_final_c5,2025-03,-0.10279694623301998
tail05_reclaim00_participation_q67_final_c5,2025-04,0.10541953244748321
tail05_reclaim00_participation_q67_final_c5,2025-05,0.2035496320057871
tail05_reclaim00_participation_q67_final_c5,2025-06,0.0667694145484031
tail05_reclaim00_participation_q67_final_c5,2025-07,-0.0033423912570303034
tail05_reclaim00_participation_q67_final_c5,2025-08,-0.18805633290536025
tail05_reclaim00_participation_q67_final_c5,2025-09,0.13843491692043847
tail05_reclaim00_participation_q67_final_c5,2025-10,0.04727383027273102
tail05_reclaim00_participation_q67_final_c5,2025-11,0.1085126958319028
tail05_reclaim00_participation_q67_final_c5,2025-12,0.017304668900311848
tail05_reclaim00_participation_q67_final_c5,2026-01,-0.04684021823574928
tail05_reclaim00_participation_q67_final_c5,2026-02,-0.03800469026366553
tail05_reclaim00_participation_q67_final_c5,2026-03,0.011238092802127857
tail05_reclaim00_participation_q67_final_c5,2026-04,0.021798638487499723
tail05_reclaim00_participation_q67_final_c10,2024-11,-0.028631550533276935
tail05_reclaim00_participation_q67_final_c10,2024-12,-0.15076483332449991
tail05_reclaim00_participation_q67_final_c10,2025-01,-0.15934902738380471
tail05_reclaim00_participation_q67_final_c10,2025-02,-0.034639583669842544
tail05_reclaim00_participation_q67_final_c10,2025-03,-0.11479694623301998
tail05_reclaim00_participation_q67_final_c10,2025-04,0.09541953244748322
tail05_reclaim00_participation_q67_final_c10,2025-05,0.1875496320057871
tail05_reclaim00_participation_q67_final_c10,2025-06,0.05476941454840309
tail05_reclaim00_participation_q67_final_c10,2025-07,-0.0153423912570303
tail05_reclaim00_participation_q67_final_c10,2025-08,-0.20405633290536027
tail05_reclaim00_participation_q67_final_c10,2025-09,0.12543491692043846
tail05_reclaim00_participation_q67_final_c10,2025-10,0.030273830272731013
tail05_reclaim00_participation_q67_final_c10,2025-11,0.09551269583190279
tail05_reclaim00_participation_q67_final_c10,2025-12,0.004304668900311852
tail05_reclaim00_participation_q67_final_c10,2026-01,-0.06384021823574929
tail05_reclaim00_participation_q67_final_c10,2026-02,-0.05100469026366554
tail05_reclaim00_participation_q67_final_c10,2026-03,-0.0047619071978721415
tail05_reclaim00_participation_q67_final_c10,2026-04,0.003798638487499709
tail05_reclaim00_participation_q67_final_c20,2024-11,-0.06063155053327694
tail05_reclaim00_participation_q67_final_c20,2024-12,-0.17876483332449994
tail05_reclaim00_participation_q67_final_c20,2025-01,-0.1833490273838047
tail05_reclaim00_participation_q67_final_c20,2025-02,-0.06063958366984253
tail05_reclaim00_participation_q67_final_c20,2025-03,-0.13879694623301997
tail05_reclaim00_participation_q67_final_c20,2025-04,0.07541953244748321
tail05_reclaim00_participation_q67_final_c20,2025-05,0.1555496320057871
tail05_reclaim00_participation_q67_final_c20,2025-06,0.030769414548403096
tail05_reclaim00_participation_q67_final_c20,2025-07,-0.0393423912570303
tail05_reclaim00_participation_q67_final_c20,2025-08,-0.23605633290536024
tail05_reclaim00_participation_q67_final_c20,2025-09,0.09943491692043847
tail05_reclaim00_participation_q67_final_c20,2025-10,-0.0037261697272689825
tail05_reclaim00_participation_q67_final_c20,2025-11,0.06951269583190278
tail05_reclaim00_participation_q67_final_c20,2025-12,-0.021695331099688155
tail05_reclaim00_participation_q67_final_c20,2026-01,-0.09784021823574926
tail05_reclaim00_participation_q67_final_c20,2026-02,-0.07700469026366555
tail05_reclaim00_participation_q67_final_c20,2026-03,-0.03676190719787214
tail05_reclaim00_participation_q67_final_c20,2026-04,-0.032201361512500276
tail05_reclaim00_participation_q80_1200_c5,2024-11,0.041014772025227644
tail05_reclaim00_participation_q80_1200_c5,2024-12,-0.11872441689080832
tail05_reclaim00_participation_q80_1200_c5,2025-01,-0.19927010400846626
tail05_reclaim00_participation_q80_1200_c5,2025-02,-0.08375214588385493
tail05_reclaim00_participation_q80_1200_c5,2025-03,-0.10794258106475402
tail05_reclaim00_participation_q80_1200_c5,2025-04,-0.002366354496425119
tail05_reclaim00_participation_q80_1200_c5,2025-05,0.1700089480003233
tail05_reclaim00_participation_q80_1200_c5,2025-06,0.06919818457734134
tail05_reclaim00_participation_q80_1200_c5,2025-07,0.00011948551470630786
tail05_reclaim00_participation_q80_1200_c5,2025-08,-0.08863261778375653
tail05_reclaim00_participation_q80_1200_c5,2025-09,0.10231229132961109
tail05_reclaim00_participation_q80_1200_c5,2025-10,0.10543135786599395
tail05_reclaim00_participation_q80_1200_c5,2025-11,0.05829474084164471
tail05_reclaim00_participation_q80_1200_c5,2025-12,-0.010548049353135129
tail05_reclaim00_participation_q80_1200_c5,2026-01,-0.08703150820350408
tail05_reclaim00_participation_q80_1200_c5,2026-02,-0.006223750442112097
tail05_reclaim00_participation_q80_1200_c5,2026-03,0.037730678382506544
tail05_reclaim00_participation_q80_1200_c5,2026-04,-0.0757185007650113
tail05_reclaim00_participation_q80_1200_c10,2024-11,0.028014772025227633
tail05_reclaim00_participation_q80_1200_c10,2024-12,-0.12972441689080833
tail05_reclaim00_participation_q80_1200_c10,2025-01,-0.20927010400846627
tail05_reclaim00_participation_q80_1200_c10,2025-02,-0.09375214588385494
tail05_reclaim00_participation_q80_1200_c10,2025-03,-0.11794258106475403
tail05_reclaim00_participation_q80_1200_c10,2025-04,-0.01136635449642512
tail05_reclaim00_participation_q80_1200_c10,2025-05,0.16000894800032328
tail05_reclaim00_participation_q80_1200_c10,2025-06,0.05919818457734134
tail05_reclaim00_participation_q80_1200_c10,2025-07,-0.010880514485293695
tail05_reclaim00_participation_q80_1200_c10,2025-08,-0.10263261778375653
tail05_reclaim00_participation_q80_1200_c10,2025-09,0.09231229132961108
tail05_reclaim00_participation_q80_1200_c10,2025-10,0.09143135786599393
tail05_reclaim00_participation_q80_1200_c10,2025-11,0.0472947408416447
tail05_reclaim00_participation_q80_1200_c10,2025-12,-0.023548049353135134
tail05_reclaim00_participation_q80_1200_c10,2026-01,-0.10303150820350408
tail05_reclaim00_participation_q80_1200_c10,2026-02,-0.018223750442112108
tail05_reclaim00_participation_q80_1200_c10,2026-03,0.02373067838250654
tail05_reclaim00_participation_q80_1200_c10,2026-04,-0.08871850076501131
tail05_reclaim00_participation_q80_1200_c20,2024-11,0.0020147720252276305
tail05_reclaim00_participation_q80_1200_c20,2024-12,-0.15172441689080832
tail05_reclaim00_participation_q80_1200_c20,2025-01,-0.22927010400846626
tail05_reclaim00_participation_q80_1200_c20,2025-02,-0.11375214588385493
tail05_reclaim00_participation_q80_1200_c20,2025-03,-0.13794258106475402
tail05_reclaim00_participation_q80_1200_c20,2025-04,-0.029366354496425117
tail05_reclaim00_participation_q80_1200_c20,2025-05,0.14000894800032326
tail05_reclaim00_participation_q80_1200_c20,2025-06,0.03919818457734134
tail05_reclaim00_participation_q80_1200_c20,2025-07,-0.032880514485293694
tail05_reclaim00_participation_q80_1200_c20,2025-08,-0.13063261778375654
tail05_reclaim00_participation_q80_1200_c20,2025-09,0.07231229132961109
tail05_reclaim00_participation_q80_1200_c20,2025-10,0.06343135786599395
tail05_reclaim00_participation_q80_1200_c20,2025-11,0.025294740841644712
tail05_reclaim00_participation_q80_1200_c20,2025-12,-0.04954804935313513
tail05_reclaim00_participation_q80_1200_c20,2026-01,-0.13503150820350407
tail05_reclaim00_participation_q80_1200_c20,2026-02,-0.042223750442112115
tail05_reclaim00_participation_q80_1200_c20,2026-03,-0.004269321617493441
tail05_reclaim00_participation_q80_1200_c20,2026-04,-0.1147185007650113
tail05_reclaim00_participation_q80_final_c5,2024-11,0.08820591278127875
tail05_reclaim00_participation_q80_final_c5,2024-12,-0.1757290726337361
tail05_reclaim00_participation_q80_final_c5,2025-01,-0.1317935173079871
tail05_reclaim00_participation_q80_final_c5,2025-02,0.04883149858688768
tail05_reclaim00_participation_q80_final_c5,2025-03,-0.11997231094852073
tail05_reclaim00_participation_q80_final_c5,2025-04,0.11495546842091138
tail05_reclaim00_participation_q80_final_c5,2025-05,0.1980639312094733
tail05_reclaim00_participation_q80_final_c5,2025-06,0.09255599347768045
tail05_reclaim00_participation_q80_final_c5,2025-07,0.003270926290753042
tail05_reclaim00_participation_q80_final_c5,2025-08,-0.18403547404876625
tail05_reclaim00_participation_q80_final_c5,2025-09,0.12473813718970822
tail05_reclaim00_participation_q80_final_c5,2025-10,0.026103936247884263
tail05_reclaim00_participation_q80_final_c5,2025-11,0.09866781156582843
tail05_reclaim00_participation_q80_final_c5,2025-12,0.009502476099005008
tail05_reclaim00_participation_q80_final_c5,2026-01,-0.09133105949716798
tail05_reclaim00_participation_q80_final_c5,2026-02,0.03653686747559598
tail05_reclaim00_participation_q80_final_c5,2026-03,0.052556215446641665
tail05_reclaim00_participation_q80_final_c5,2026-04,-0.035157765281006975
tail05_reclaim00_participation_q80_final_c10,2024-11,0.07520591278127875
tail05_reclaim00_participation_q80_final_c10,2024-12,-0.18672907263373612
tail05_reclaim00_participation_q80_final_c10,2025-01,-0.1417935173079871
tail05_reclaim00_participation_q80_final_c10,2025-02,0.037831498586887675
tail05_reclaim00_participation_q80_final_c10,2025-03,-0.12997231094852074
tail05_reclaim00_participation_q80_final_c10,2025-04,0.10595546842091139
tail05_reclaim00_participation_q80_final_c10,2025-05,0.18406393120947329
tail05_reclaim00_participation_q80_final_c10,2025-06,0.08155599347768046
tail05_reclaim00_participation_q80_final_c10,2025-07,-0.007729073709246959
tail05_reclaim00_participation_q80_final_c10,2025-08,-0.19903547404876626
tail05_reclaim00_participation_q80_final_c10,2025-09,0.11473813718970821
tail05_reclaim00_participation_q80_final_c10,2025-10,0.01210393624788425
tail05_reclaim00_participation_q80_final_c10,2025-11,0.08766781156582842
tail05_reclaim00_participation_q80_final_c10,2025-12,-0.0034975239009949876
tail05_reclaim00_participation_q80_final_c10,2026-01,-0.10733105949716798
tail05_reclaim00_participation_q80_final_c10,2026-02,0.02453686747559597
tail05_reclaim00_participation_q80_final_c10,2026-03,0.03855621544664166
tail05_reclaim00_participation_q80_final_c10,2026-04,-0.04815776528100697
tail05_reclaim00_participation_q80_final_c20,2024-11,0.04920591278127873
tail05_reclaim00_participation_q80_final_c20,2024-12,-0.2087290726337361
tail05_reclaim00_participation_q80_final_c20,2025-01,-0.16179351730798708
tail05_reclaim00_participation_q80_final_c20,2025-02,0.015831498586887677
tail05_reclaim00_participation_q80_final_c20,2025-03,-0.14997231094852073
tail05_reclaim00_participation_q80_final_c20,2025-04,0.08795546842091138
tail05_reclaim00_participation_q80_final_c20,2025-05,0.15606393120947332
tail05_reclaim00_participation_q80_final_c20,2025-06,0.059555993477680466
tail05_reclaim00_participation_q80_final_c20,2025-07,-0.029729073709246958
tail05_reclaim00_participation_q80_final_c20,2025-08,-0.22903547404876626
tail05_reclaim00_participation_q80_final_c20,2025-09,0.09473813718970822
tail05_reclaim00_participation_q80_final_c20,2025-10,-0.01589606375211574
tail05_reclaim00_participation_q80_final_c20,2025-11,0.0656678115658284
tail05_reclaim00_participation_q80_final_c20,2025-12,-0.029497523900994995
tail05_reclaim00_participation_q80_final_c20,2026-01,-0.13933105949716798
tail05_reclaim00_participation_q80_final_c20,2026-02,0.0005368674755959826
tail05_reclaim00_participation_q80_final_c20,2026-03,0.010556215446641669
tail05_reclaim00_participation_q80_final_c20,2026-04,-0.07415776528100697
tail05_reclaim00_anomaly_ge1_1200_c5,2024-11,0.009485766115340293
tail05_reclaim00_anomaly_ge1_1200_c5,2024-12,0.030734628140246117
tail05_reclaim00_anomaly_ge1_1200_c5,2025-01,-0.1903420695224751
tail05_reclaim00_anomaly_ge1_1200_c5,2025-02,-0.08493605852581737
tail05_reclaim00_anomaly_ge1_1200_c5,2025-03,-0.16896469173168754
tail05_reclaim00_anomaly_ge1_1200_c5,2025-04,-0.019264101007491152
tail05_reclaim00_anomaly_ge1_1200_c5,2025-05,0.23874505069008295
tail05_reclaim00_anomaly_ge1_1200_c5,2025-06,0.07760113835473742
tail05_reclaim00_anomaly_ge1_1200_c5,2025-07,-0.009415738475447424
tail05_reclaim00_anomaly_ge1_1200_c5,2025-08,-0.029392381521817036
tail05_reclaim00_anomaly_ge1_1200_c5,2025-09,0.11239674658257513
tail05_reclaim00_anomaly_ge1_1200_c5,2025-10,0.15093916733642793
tail05_reclaim00_anomaly_ge1_1200_c5,2025-11,0.08963014204749241
tail05_reclaim00_anomaly_ge1_1200_c5,2025-12,-0.0049319344798357985
tail05_reclaim00_anomaly_ge1_1200_c5,2026-01,-0.09043569006513083
tail05_reclaim00_anomaly_ge1_1200_c5,2026-02,0.006147538851161483
tail05_reclaim00_anomaly_ge1_1200_c5,2026-03,0.03305319969691097
tail05_reclaim00_anomaly_ge1_1200_c5,2026-04,-0.06235518089125377
tail05_reclaim00_anomaly_ge1_1200_c10,2024-11,-0.008514233884659715
tail05_reclaim00_anomaly_ge1_1200_c10,2024-12,0.01673462814024612
tail05_reclaim00_anomaly_ge1_1200_c10,2025-01,-0.20434206952247508
tail05_reclaim00_anomaly_ge1_1200_c10,2025-02,-0.09893605852581738
tail05_reclaim00_anomaly_ge1_1200_c10,2025-03,-0.18496469173168756
tail05_reclaim00_anomaly_ge1_1200_c10,2025-04,-0.031264101007491156
tail05_reclaim00_anomaly_ge1_1200_c10,2025-05,0.22574505069008297
tail05_reclaim00_anomaly_ge1_1200_c10,2025-06,0.06560113835473742
tail05_reclaim00_anomaly_ge1_1200_c10,2025-07,-0.024415738475447424
tail05_reclaim00_anomaly_ge1_1200_c10,2025-08,-0.04539238152181704
tail05_reclaim00_anomaly_ge1_1200_c10,2025-09,0.09739674658257513
tail05_reclaim00_anomaly_ge1_1200_c10,2025-10,0.1319391673364279
tail05_reclaim00_anomaly_ge1_1200_c10,2025-11,0.07563014204749241
tail05_reclaim00_anomaly_ge1_1200_c10,2025-12,-0.015931934479835798
tail05_reclaim00_anomaly_ge1_1200_c10,2026-01,-0.10843569006513085
tail05_reclaim00_anomaly_ge1_1200_c10,2026-02,-0.00785246114883853
tail05_reclaim00_anomaly_ge1_1200_c10,2026-03,0.016053199696910967
tail05_reclaim00_anomaly_ge1_1200_c10,2026-04,-0.08135518089125378
tail05_reclaim00_anomaly_ge1_1200_c20,2024-11,-0.04451423388465971
tail05_reclaim00_anomaly_ge1_1200_c20,2024-12,-0.011265371859753872
tail05_reclaim00_anomaly_ge1_1200_c20,2025-01,-0.23234206952247508
tail05_reclaim00_anomaly_ge1_1200_c20,2025-02,-0.12693605852581738
tail05_reclaim00_anomaly_ge1_1200_c20,2025-03,-0.21696469173168756
tail05_reclaim00_anomaly_ge1_1200_c20,2025-04,-0.055264101007491157
tail05_reclaim00_anomaly_ge1_1200_c20,2025-05,0.19974505069008297
tail05_reclaim00_anomaly_ge1_1200_c20,2025-06,0.04160113835473743
tail05_reclaim00_anomaly_ge1_1200_c20,2025-07,-0.05441573847544742
tail05_reclaim00_anomaly_ge1_1200_c20,2025-08,-0.07739238152181704
tail05_reclaim00_anomaly_ge1_1200_c20,2025-09,0.06739674658257515
tail05_reclaim00_anomaly_ge1_1200_c20,2025-10,0.09393916733642793
tail05_reclaim00_anomaly_ge1_1200_c20,2025-11,0.04763014204749241
tail05_reclaim00_anomaly_ge1_1200_c20,2025-12,-0.0379319344798358
tail05_reclaim00_anomaly_ge1_1200_c20,2026-01,-0.14443569006513085
tail05_reclaim00_anomaly_ge1_1200_c20,2026-02,-0.03585246114883854
tail05_reclaim00_anomaly_ge1_1200_c20,2026-03,-0.01794680030308902
tail05_reclaim00_anomaly_ge1_1200_c20,2026-04,-0.11935518089125377
tail05_reclaim00_anomaly_ge1_final_c5,2024-11,0.04389912451805806
tail05_reclaim00_anomaly_ge1_final_c5,2024-12,-0.06863209718460549
tail05_reclaim00_anomaly_ge1_final_c5,2025-01,-0.17102385623503805
tail05_reclaim00_anomaly_ge1_final_c5,2025-02,-0.03524956800717181
tail05_reclaim00_anomaly_ge1_final_c5,2025-03,-0.16732229570975612
tail05_reclaim00_anomaly_ge1_final_c5,2025-04,0.09794436383457344
tail05_reclaim00_anomaly_ge1_final_c5,2025-05,0.3163507431114949
tail05_reclaim00_anomaly_ge1_final_c5,2025-06,0.043955824712265966
tail05_reclaim00_anomaly_ge1_final_c5,2025-07,-0.01467331534042849
tail05_reclaim00_anomaly_ge1_final_c5,2025-08,-0.13265797591942305
tail05_reclaim00_anomaly_ge1_final_c5,2025-09,0.17545697821905665
tail05_reclaim00_anomaly_ge1_final_c5,2025-10,0.08954688788629782
tail05_reclaim00_anomaly_ge1_final_c5,2025-11,0.06137395145591432
tail05_reclaim00_anomaly_ge1_final_c5,2025-12,-0.007844608747121989
tail05_reclaim00_anomaly_ge1_final_c5,2026-01,-0.08625244256068174
tail05_reclaim00_anomaly_ge1_final_c5,2026-02,-0.02982683583506862
tail05_reclaim00_anomaly_ge1_final_c5,2026-03,0.03474507357195802
tail05_reclaim00_anomaly_ge1_final_c5,2026-04,0.03135702834630125
tail05_reclaim00_anomaly_ge1_final_c10,2024-11,0.02489912451805805
tail05_reclaim00_anomaly_ge1_final_c10,2024-12,-0.08263209718460549
tail05_reclaim00_anomaly_ge1_final_c10,2025-01,-0.18502385623503803
tail05_reclaim00_anomaly_ge1_final_c10,2025-02,-0.05024956800717182
tail05_reclaim00_anomaly_ge1_final_c10,2025-03,-0.18532229570975614
tail05_reclaim00_anomaly_ge1_final_c10,2025-04,0.08594436383457343
tail05_reclaim00_anomaly_ge1_final_c10,2025-05,0.2993507431114949
tail05_reclaim00_anomaly_ge1_final_c10,2025-06,0.029955824712265957
tail05_reclaim00_anomaly_ge1_final_c10,2025-07,-0.02967331534042849
tail05_reclaim00_anomaly_ge1_final_c10,2025-08,-0.14965797591942306
tail05_reclaim00_anomaly_ge1_final_c10,2025-09,0.15945697821905663
tail05_reclaim00_anomaly_ge1_final_c10,2025-10,0.07054688788629782
tail05_reclaim00_anomaly_ge1_final_c10,2025-11,0.04537395145591433
tail05_reclaim00_anomaly_ge1_final_c10,2025-12,-0.018844608747121985
tail05_reclaim00_anomaly_ge1_final_c10,2026-01,-0.10425244256068172
tail05_reclaim00_anomaly_ge1_final_c10,2026-02,-0.043826835835068634
tail05_reclaim00_anomaly_ge1_final_c10,2026-03,0.016745073571958015
tail05_reclaim00_anomaly_ge1_final_c10,2026-04,0.012357028346301245
tail05_reclaim00_anomaly_ge1_final_c20,2024-11,-0.013100875481941958
tail05_reclaim00_anomaly_ge1_final_c20,2024-12,-0.11063209718460548
tail05_reclaim00_anomaly_ge1_final_c20,2025-01,-0.21302385623503806
tail05_reclaim00_anomaly_ge1_final_c20,2025-02,-0.08024956800717181
tail05_reclaim00_anomaly_ge1_final_c20,2025-03,-0.22132229570975614
tail05_reclaim00_anomaly_ge1_final_c20,2025-04,0.061944363834573433
tail05_reclaim00_anomaly_ge1_final_c20,2025-05,0.2653507431114949
tail05_reclaim00_anomaly_ge1_final_c20,2025-06,0.001955824712265964
tail05_reclaim00_anomaly_ge1_final_c20,2025-07,-0.05967331534042849
tail05_reclaim00_anomaly_ge1_final_c20,2025-08,-0.18365797591942307
tail05_reclaim00_anomaly_ge1_final_c20,2025-09,0.12745697821905663
tail05_reclaim00_anomaly_ge1_final_c20,2025-10,0.032546887886297816
tail05_reclaim00_anomaly_ge1_final_c20,2025-11,0.013373951455914301
tail05_reclaim00_anomaly_ge1_final_c20,2025-12,-0.04084460874712199
tail05_reclaim00_anomaly_ge1_final_c20,2026-01,-0.14025244256068173
tail05_reclaim00_anomaly_ge1_final_c20,2026-02,-0.07182683583506863
tail05_reclaim00_anomaly_ge1_final_c20,2026-03,-0.01925492642804198
tail05_reclaim00_anomaly_ge1_final_c20,2026-04,-0.02564297165369875
tail05_reclaim00_anomaly_ge1_5_1200_c5,2024-11,0.04762195284621513
tail05_reclaim00_anomaly_ge1_5_1200_c5,2024-12,0.00782886202253506
tail05_reclaim00_anomaly_ge1_5_1200_c5,2025-01,-0.22336858758885197
tail05_reclaim00_anomaly_ge1_5_1200_c5,2025-02,-0.08226820354895387
tail05_reclaim00_anomaly_ge1_5_1200_c5,2025-03,-0.15410831361931604
tail05_reclaim00_anomaly_ge1_5_1200_c5,2025-04,0.0011585486278353346
tail05_reclaim00_anomaly_ge1_5_1200_c5,2025-05,0.14297843497488005
tail05_reclaim00_anomaly_ge1_5_1200_c5,2025-06,0.06627940477136879
tail05_reclaim00_anomaly_ge1_5_1200_c5,2025-07,-0.04807523232939672
tail05_reclaim00_anomaly_ge1_5_1200_c5,2025-08,-0.0394933628192462
tail05_reclaim00_anomaly_ge1_5_1200_c5,2025-09,0.13299574064768055
tail05_reclaim00_anomaly_ge1_5_1200_c5,2025-10,0.11650995634374262
tail05_reclaim00_anomaly_ge1_5_1200_c5,2025-11,0.0430952933609091
tail05_reclaim00_anomaly_ge1_5_1200_c5,2025-12,-0.04253356610005841
tail05_reclaim00_anomaly_ge1_5_1200_c5,2026-01,-0.11897361819233272
tail05_reclaim00_anomaly_ge1_5_1200_c5,2026-02,-0.0074179885817241
tail05_reclaim00_anomaly_ge1_5_1200_c5,2026-03,0.057843476259164486
tail05_reclaim00_anomaly_ge1_5_1200_c5,2026-04,0.06251596218688035
tail05_reclaim00_anomaly_ge1_5_1200_c10,2024-11,0.033621952846215115
tail05_reclaim00_anomaly_ge1_5_1200_c10,2024-12,-0.002171137977464939
tail05_reclaim00_anomaly_ge1_5_1200_c10,2025-01,-0.23536858758885199
tail05_reclaim00_anomaly_ge1_5_1200_c10,2025-02,-0.09526820354895388
tail05_reclaim00_anomaly_ge1_5_1200_c10,2025-03,-0.16410831361931605
tail05_reclaim00_anomaly_ge1_5_1200_c10,2025-04,-0.00784145137216467
tail05_reclaim00_anomaly_ge1_5_1200_c10,2025-05,0.13297843497488004
tail05_reclaim00_anomaly_ge1_5_1200_c10,2025-06,0.05627940477136879
tail05_reclaim00_anomaly_ge1_5_1200_c10,2025-07,-0.05807523232939672
tail05_reclaim00_anomaly_ge1_5_1200_c10,2025-08,-0.0524933628192462
tail05_reclaim00_anomaly_ge1_5_1200_c10,2025-09,0.11999574064768055
tail05_reclaim00_anomaly_ge1_5_1200_c10,2025-10,0.1005099563437426
tail05_reclaim00_anomaly_ge1_5_1200_c10,2025-11,0.03009529336090909
tail05_reclaim00_anomaly_ge1_5_1200_c10,2025-12,-0.05053356610005841
tail05_reclaim00_anomaly_ge1_5_1200_c10,2026-01,-0.13497361819233272
tail05_reclaim00_anomaly_ge1_5_1200_c10,2026-02,-0.01941798858172411
tail05_reclaim00_anomaly_ge1_5_1200_c10,2026-03,0.04284347625916449
tail05_reclaim00_anomaly_ge1_5_1200_c10,2026-04,0.05151596218688035
tail05_reclaim00_anomaly_ge1_5_1200_c20,2024-11,0.005621952846215125
tail05_reclaim00_anomaly_ge1_5_1200_c20,2024-12,-0.022171137977464936
tail05_reclaim00_anomaly_ge1_5_1200_c20,2025-01,-0.259368587588852
tail05_reclaim00_anomaly_ge1_5_1200_c20,2025-02,-0.12126820354895387
tail05_reclaim00_anomaly_ge1_5_1200_c20,2025-03,-0.18410831361931604
tail05_reclaim00_anomaly_ge1_5_1200_c20,2025-04,-0.025841451372164665
tail05_reclaim00_anomaly_ge1_5_1200_c20,2025-05,0.11297843497488005
tail05_reclaim00_anomaly_ge1_5_1200_c20,2025-06,0.03627940477136879
tail05_reclaim00_anomaly_ge1_5_1200_c20,2025-07,-0.07807523232939671
tail05_reclaim00_anomaly_ge1_5_1200_c20,2025-08,-0.07849336281924621
tail05_reclaim00_anomaly_ge1_5_1200_c20,2025-09,0.09399574064768056
tail05_reclaim00_anomaly_ge1_5_1200_c20,2025-10,0.06850995634374261
tail05_reclaim00_anomaly_ge1_5_1200_c20,2025-11,0.004095293360909091
tail05_reclaim00_anomaly_ge1_5_1200_c20,2025-12,-0.06653356610005841
tail05_reclaim00_anomaly_ge1_5_1200_c20,2026-01,-0.16697361819233272
tail05_reclaim00_anomaly_ge1_5_1200_c20,2026-02,-0.04341798858172412
tail05_reclaim00_anomaly_ge1_5_1200_c20,2026-03,0.012843476259164502
tail05_reclaim00_anomaly_ge1_5_1200_c20,2026-04,0.029515962186880355
tail05_reclaim00_anomaly_ge1_5_final_c5,2024-11,0.05730820926561716
tail05_reclaim00_anomaly_ge1_5_final_c5,2024-12,-0.07667547363484677
tail05_reclaim00_anomaly_ge1_5_final_c5,2025-01,-0.16903142251883824
tail05_reclaim00_anomaly_ge1_5_final_c5,2025-02,-0.024023129919100883
tail05_reclaim00_anomaly_ge1_5_final_c5,2025-03,-0.11934985427124539
tail05_reclaim00_anomaly_ge1_5_final_c5,2025-04,0.12444934275039582
tail05_reclaim00_anomaly_ge1_5_final_c5,2025-05,0.17976687027084043
tail05_reclaim00_anomaly_ge1_5_final_c5,2025-06,0.011199378240626057
tail05_reclaim00_anomaly_ge1_5_final_c5,2025-07,-0.053009349534875225
tail05_reclaim00_anomaly_ge1_5_final_c5,2025-08,-0.17850942983394275
tail05_reclaim00_anomaly_ge1_5_final_c5,2025-09,0.17964423470949348
tail05_reclaim00_anomaly_ge1_5_final_c5,2025-10,0.07427165500403599
tail05_reclaim00_anomaly_ge1_5_final_c5,2025-11,0.055277041551118
tail05_reclaim00_anomaly_ge1_5_final_c5,2025-12,-0.05076151490586284
tail05_reclaim00_anomaly_ge1_5_final_c5,2026-01,-0.09714433688521043
tail05_reclaim00_anomaly_ge1_5_final_c5,2026-02,-0.030142716579237783
tail05_reclaim00_anomaly_ge1_5_final_c5,2026-03,0.07830920893554245
tail05_reclaim00_anomaly_ge1_5_final_c5,2026-04,0.09298873644185285
tail05_reclaim00_anomaly_ge1_5_final_c10,2024-11,0.04230820926561715
tail05_reclaim00_anomaly_ge1_5_final_c10,2024-12,-0.08667547363484676
tail05_reclaim00_anomaly_ge1_5_final_c10,2025-01,-0.18103142251883822
tail05_reclaim00_anomaly_ge1_5_final_c10,2025-02,-0.038023129919100895
tail05_reclaim00_anomaly_ge1_5_final_c10,2025-03,-0.1303498542712454
tail05_reclaim00_anomaly_ge1_5_final_c10,2025-04,0.11544934275039581
tail05_reclaim00_anomaly_ge1_5_final_c10,2025-05,0.16676687027084042
tail05_reclaim00_anomaly_ge1_5_final_c10,2025-06,0.00019937824062604692
tail05_reclaim00_anomaly_ge1_5_final_c10,2025-07,-0.06300934953487522
tail05_reclaim00_anomaly_ge1_5_final_c10,2025-08,-0.19250942983394276
tail05_reclaim00_anomaly_ge1_5_final_c10,2025-09,0.16564423470949347
tail05_reclaim00_anomaly_ge1_5_final_c10,2025-10,0.05827165500403597
tail05_reclaim00_anomaly_ge1_5_final_c10,2025-11,0.042277041551117986
tail05_reclaim00_anomaly_ge1_5_final_c10,2025-12,-0.05876151490586283
tail05_reclaim00_anomaly_ge1_5_final_c10,2026-01,-0.11314433688521044
tail05_reclaim00_anomaly_ge1_5_final_c10,2026-02,-0.04214271657923779
tail05_reclaim00_anomaly_ge1_5_final_c10,2026-03,0.06230920893554246
tail05_reclaim00_anomaly_ge1_5_final_c10,2026-04,0.08198873644185284
tail05_reclaim00_anomaly_ge1_5_final_c20,2024-11,0.012308209265617149
tail05_reclaim00_anomaly_ge1_5_final_c20,2024-12,-0.10667547363484677
tail05_reclaim00_anomaly_ge1_5_final_c20,2025-01,-0.20503142251883824
tail05_reclaim00_anomaly_ge1_5_final_c20,2025-02,-0.06602312991910089
tail05_reclaim00_anomaly_ge1_5_final_c20,2025-03,-0.1523498542712454
tail05_reclaim00_anomaly_ge1_5_final_c20,2025-04,0.09744934275039582
tail05_reclaim00_anomaly_ge1_5_final_c20,2025-05,0.14076687027084045
tail05_reclaim00_anomaly_ge1_5_final_c20,2025-06,-0.021800621759373952
tail05_reclaim00_anomaly_ge1_5_final_c20,2025-07,-0.08300934953487522
tail05_reclaim00_anomaly_ge1_5_final_c20,2025-08,-0.22050942983394275
tail05_reclaim00_anomaly_ge1_5_final_c20,2025-09,0.13764423470949347
tail05_reclaim00_anomaly_ge1_5_final_c20,2025-10,0.026271655004035985
tail05_reclaim00_anomaly_ge1_5_final_c20,2025-11,0.016277041551117966
tail05_reclaim00_anomaly_ge1_5_final_c20,2025-12,-0.07476151490586283
tail05_reclaim00_anomaly_ge1_5_final_c20,2026-01,-0.14514433688521045
tail05_reclaim00_anomaly_ge1_5_final_c20,2026-02,-0.0661427165792378
tail05_reclaim00_anomaly_ge1_5_final_c20,2026-03,0.030309208935542464
tail05_reclaim00_anomaly_ge1_5_final_c20,2026-04,0.05998873644185286
tail05_reclaim00_anomaly_ge2_1200_c5,2024-11,0.02492891138805398
tail05_reclaim00_anomaly_ge2_1200_c5,2024-12,0.0328375508964156
tail05_reclaim00_anomaly_ge2_1200_c5,2025-01,-0.15310275140783283
tail05_reclaim00_anomaly_ge2_1200_c5,2025-02,-0.05250699259542091
tail05_reclaim00_anomaly_ge2_1200_c5,2025-03,-0.05541556405460257
tail05_reclaim00_anomaly_ge2_1200_c5,2025-04,0.03715982104632955
tail05_reclaim00_anomaly_ge2_1200_c5,2025-05,0.10547236304200164
tail05_reclaim00_anomaly_ge2_1200_c5,2025-06,0.01256476542585
tail05_reclaim00_anomaly_ge2_1200_c5,2025-07,-0.03508770061961575
tail05_reclaim00_anomaly_ge2_1200_c5,2025-08,-0.06539696719319854
tail05_reclaim00_anomaly_ge2_1200_c5,2025-09,0.06783050253830758
tail05_reclaim00_anomaly_ge2_1200_c5,2025-10,0.09719307380070086
tail05_reclaim00_anomaly_ge2_1200_c5,2025-11,0.07753223131810297
tail05_reclaim00_anomaly_ge2_1200_c5,2025-12,-0.042865629654715263
tail05_reclaim00_anomaly_ge2_1200_c5,2026-01,-0.14162916268532122
tail05_reclaim00_anomaly_ge2_1200_c5,2026-02,0.005151245214294775
tail05_reclaim00_anomaly_ge2_1200_c5,2026-03,0.0007380662955273282
tail05_reclaim00_anomaly_ge2_1200_c5,2026-04,0.057844392868804245
tail05_reclaim00_anomaly_ge2_1200_c10,2024-11,0.011928911388053971
tail05_reclaim00_anomaly_ge2_1200_c10,2024-12,0.025837550896415602
tail05_reclaim00_anomaly_ge2_1200_c10,2025-01,-0.16010275140783284
tail05_reclaim00_anomaly_ge2_1200_c10,2025-02,-0.06350699259542092
tail05_reclaim00_anomaly_ge2_1200_c10,2025-03,-0.058415564054602576
tail05_reclaim00_anomaly_ge2_1200_c10,2025-04,0.03215982104632954
tail05_reclaim00_anomaly_ge2_1200_c10,2025-05,0.09747236304200163
tail05_reclaim00_anomaly_ge2_1200_c10,2025-06,0.007564765425849997
tail05_reclaim00_anomaly_ge2_1200_c10,2025-07,-0.042087700619615746
tail05_reclaim00_anomaly_ge2_1200_c10,2025-08,-0.07539696719319855
tail05_reclaim00_anomaly_ge2_1200_c10,2025-09,0.05683050253830757
tail05_reclaim00_anomaly_ge2_1200_c10,2025-10,0.08919307380070085
tail05_reclaim00_anomaly_ge2_1200_c10,2025-11,0.06753223131810296
tail05_reclaim00_anomaly_ge2_1200_c10,2025-12,-0.04886562965471527
tail05_reclaim00_anomaly_ge2_1200_c10,2026-01,-0.15462916268532123
tail05_reclaim00_anomaly_ge2_1200_c10,2026-02,-0.003848754785705233
tail05_reclaim00_anomaly_ge2_1200_c10,2026-03,-0.008261933704472675
tail05_reclaim00_anomaly_ge2_1200_c10,2026-04,0.050844392868804246
tail05_reclaim00_anomaly_ge2_1200_c20,2024-11,-0.01407108861194602
tail05_reclaim00_anomaly_ge2_1200_c20,2024-12,0.011837550896415607
tail05_reclaim00_anomaly_ge2_1200_c20,2025-01,-0.17410275140783285
tail05_reclaim00_anomaly_ge2_1200_c20,2025-02,-0.08550699259542091
tail05_reclaim00_anomaly_ge2_1200_c20,2025-03,-0.06441556405460258
tail05_reclaim00_anomaly_ge2_1200_c20,2025-04,0.022159821046329548
tail05_reclaim00_anomaly_ge2_1200_c20,2025-05,0.08147236304200163
tail05_reclaim00_anomaly_ge2_1200_c20,2025-06,-0.0024352345741499998
tail05_reclaim00_anomaly_ge2_1200_c20,2025-07,-0.056087700619615745
tail05_reclaim00_anomaly_ge2_1200_c20,2025-08,-0.09539696719319855
tail05_reclaim00_anomaly_ge2_1200_c20,2025-09,0.03483050253830758
tail05_reclaim00_anomaly_ge2_1200_c20,2025-10,0.07319307380070086
tail05_reclaim00_anomaly_ge2_1200_c20,2025-11,0.047532231318102955
tail05_reclaim00_anomaly_ge2_1200_c20,2025-12,-0.06086562965471526
tail05_reclaim00_anomaly_ge2_1200_c20,2026-01,-0.18062916268532125
tail05_reclaim00_anomaly_ge2_1200_c20,2026-02,-0.021848754785705235
tail05_reclaim00_anomaly_ge2_1200_c20,2026-03,-0.02626193370447267
tail05_reclaim00_anomaly_ge2_1200_c20,2026-04,0.03684439286880425
tail05_reclaim00_anomaly_ge2_final_c5,2024-11,0.051258003445566025
tail05_reclaim00_anomaly_ge2_final_c5,2024-12,-0.02978445031951371
tail05_reclaim00_anomaly_ge2_final_c5,2025-01,-0.11474080958654535
tail05_reclaim00_anomaly_ge2_final_c5,2025-02,-0.02304000868245548
tail05_reclaim00_anomaly_ge2_final_c5,2025-03,-0.07540833640353728
tail05_reclaim00_anomaly_ge2_final_c5,2025-04,0.1341852014034995
tail05_reclaim00_anomaly_ge2_final_c5,2025-05,0.10969876824164365
tail05_reclaim00_anomaly_ge2_final_c5,2025-06,0.04576160946395108
tail05_reclaim00_anomaly_ge2_final_c5,2025-07,-0.03399101006185917
tail05_reclaim00_anomaly_ge2_final_c5,2025-08,-0.1152834171046242
tail05_reclaim00_anomaly_ge2_final_c5,2025-09,0.12652094225017135
tail05_reclaim00_anomaly_ge2_final_c5,2025-10,0.046364663437818865
tail05_reclaim00_anomaly_ge2_final_c5,2025-11,0.12346626387968246
tail05_reclaim00_anomaly_ge2_final_c5,2025-12,-0.03647263227766406
tail05_reclaim00_anomaly_ge2_final_c5,2026-01,-0.1383068462487194
tail05_reclaim00_anomaly_ge2_final_c5,2026-02,0.009049187118369328
tail05_reclaim00_anomaly_ge2_final_c5,2026-03,0.05302661370509833
tail05_reclaim00_anomaly_ge2_final_c5,2026-04,0.09815178725562967
tail05_reclaim00_anomaly_ge2_final_c10,2024-11,0.03825800344556602
tail05_reclaim00_anomaly_ge2_final_c10,2024-12,-0.03678445031951371
tail05_reclaim00_anomaly_ge2_final_c10,2025-01,-0.12174080958654535
tail05_reclaim00_anomaly_ge2_final_c10,2025-02,-0.03504000868245549
tail05_reclaim00_anomaly_ge2_final_c10,2025-03,-0.07940833640353728
tail05_reclaim00_anomaly_ge2_final_c10,2025-04,0.12918520140349948
tail05_reclaim00_anomaly_ge2_final_c10,2025-05,0.09969876824164366
tail05_reclaim00_anomaly_ge2_final_c10,2025-06,0.040761609463951076
tail05_reclaim00_anomaly_ge2_final_c10,2025-07,-0.04099101006185917
tail05_reclaim00_anomaly_ge2_final_c10,2025-08,-0.1252834171046242
tail05_reclaim00_anomaly_ge2_final_c10,2025-09,0.11552094225017134
tail05_reclaim00_anomaly_ge2_final_c10,2025-10,0.03836466343781886
tail05_reclaim00_anomaly_ge2_final_c10,2025-11,0.11346626387968245
tail05_reclaim00_anomaly_ge2_final_c10,2025-12,-0.04247263227766406
tail05_reclaim00_anomaly_ge2_final_c10,2026-01,-0.1513068462487194
tail05_reclaim00_anomaly_ge2_final_c10,2026-02,4.918711836932044e-05
tail05_reclaim00_anomaly_ge2_final_c10,2026-03,0.043026613705098325
tail05_reclaim00_anomaly_ge2_final_c10,2026-04,0.09115178725562967
tail05_reclaim00_anomaly_ge2_final_c20,2024-11,0.012258003445566015
tail05_reclaim00_anomaly_ge2_final_c20,2024-12,-0.05078445031951371
tail05_reclaim00_anomaly_ge2_final_c20,2025-01,-0.13574080958654536
tail05_reclaim00_anomaly_ge2_final_c20,2025-02,-0.059040008682455486
tail05_reclaim00_anomaly_ge2_final_c20,2025-03,-0.08740833640353729
tail05_reclaim00_anomaly_ge2_final_c20,2025-04,0.11918520140349947
tail05_reclaim00_anomaly_ge2_final_c20,2025-05,0.07969876824164365
tail05_reclaim00_anomaly_ge2_final_c20,2025-06,0.03076160946395108
tail05_reclaim00_anomaly_ge2_final_c20,2025-07,-0.05499101006185917
tail05_reclaim00_anomaly_ge2_final_c20,2025-08,-0.14528341710462422
tail05_reclaim00_anomaly_ge2_final_c20,2025-09,0.09352094225017135
tail05_reclaim00_anomaly_ge2_final_c20,2025-10,0.022364663437818857
tail05_reclaim00_anomaly_ge2_final_c20,2025-11,0.09346626387968245
tail05_reclaim00_anomaly_ge2_final_c20,2025-12,-0.05447263227766406
tail05_reclaim00_anomaly_ge2_final_c20,2026-01,-0.1773068462487194
tail05_reclaim00_anomaly_ge2_final_c20,2026-02,-0.017950812881630678
tail05_reclaim00_anomaly_ge2_final_c20,2026-03,0.023026613705098332
tail05_reclaim00_anomaly_ge2_final_c20,2026-04,0.07715178725562968
tail05_reclaim10_all_1200_c5,2024-11,0.06616543203729681
tail05_reclaim10_all_1200_c5,2024-12,-0.1021796624907328
tail05_reclaim10_all_1200_c5,2025-01,-0.18175150175200921
tail05_reclaim10_all_1200_c5,2025-02,-0.09993930858083244
tail05_reclaim10_all_1200_c5,2025-03,-0.10597413057910648
tail05_reclaim10_all_1200_c5,2025-04,0.07869546392644125
tail05_reclaim10_all_1200_c5,2025-05,0.1571077180214846
tail05_reclaim10_all_1200_c5,2025-06,0.03805043362557063
tail05_reclaim10_all_1200_c5,2025-07,0.016543363180260028
tail05_reclaim10_all_1200_c5,2025-08,-0.00486377851076188
tail05_reclaim10_all_1200_c5,2025-09,0.06365970287926687
tail05_reclaim10_all_1200_c5,2025-10,0.07704506229636365
tail05_reclaim10_all_1200_c5,2025-11,0.06528915164175092
tail05_reclaim10_all_1200_c5,2025-12,-0.012699722274281823
tail05_reclaim10_all_1200_c5,2026-01,-0.07507154613491189
tail05_reclaim10_all_1200_c5,2026-02,-0.005949781835057094
tail05_reclaim10_all_1200_c5,2026-03,-0.00025103637987624466
tail05_reclaim10_all_1200_c5,2026-04,0.008982559436311932
tail05_reclaim10_all_1200_c10,2024-11,0.0521654320372968
tail05_reclaim10_all_1200_c10,2024-12,-0.1181796624907328
tail05_reclaim10_all_1200_c10,2025-01,-0.19575150175200923
tail05_reclaim10_all_1200_c10,2025-02,-0.11493930858083244
tail05_reclaim10_all_1200_c10,2025-03,-0.12297413057910649
tail05_reclaim10_all_1200_c10,2025-04,0.06469546392644125
tail05_reclaim10_all_1200_c10,2025-05,0.1481077180214846
tail05_reclaim10_all_1200_c10,2025-06,0.02605043362557063
tail05_reclaim10_all_1200_c10,2025-07,0.0035433631802600264
tail05_reclaim10_all_1200_c10,2025-08,-0.018863778510761882
tail05_reclaim10_all_1200_c10,2025-09,0.05265970287926687
tail05_reclaim10_all_1200_c10,2025-10,0.05804506229636364
tail05_reclaim10_all_1200_c10,2025-11,0.05128915164175092
tail05_reclaim10_all_1200_c10,2025-12,-0.029699722274281824
tail05_reclaim10_all_1200_c10,2026-01,-0.09207154613491189
tail05_reclaim10_all_1200_c10,2026-02,-0.016949781835057104
tail05_reclaim10_all_1200_c10,2026-03,-0.016251036379876245
tail05_reclaim10_all_1200_c10,2026-04,-0.010017440563688078
tail05_reclaim10_all_1200_c20,2024-11,0.024165432037296805
tail05_reclaim10_all_1200_c20,2024-12,-0.1501796624907328
tail05_reclaim10_all_1200_c20,2025-01,-0.22375150175200922
tail05_reclaim10_all_1200_c20,2025-02,-0.14493930858083243
tail05_reclaim10_all_1200_c20,2025-03,-0.15697413057910647
tail05_reclaim10_all_1200_c20,2025-04,0.03669546392644124
tail05_reclaim10_all_1200_c20,2025-05,0.13010771802148458
tail05_reclaim10_all_1200_c20,2025-06,0.0020504336255706378
tail05_reclaim10_all_1200_c20,2025-07,-0.022456636819739965
tail05_reclaim10_all_1200_c20,2025-08,-0.04686377851076188
tail05_reclaim10_all_1200_c20,2025-09,0.030659702879266875
tail05_reclaim10_all_1200_c20,2025-10,0.020045062296363658
tail05_reclaim10_all_1200_c20,2025-11,0.023289151641750924
tail05_reclaim10_all_1200_c20,2025-12,-0.06369972227428182
tail05_reclaim10_all_1200_c20,2026-01,-0.1260715461349119
tail05_reclaim10_all_1200_c20,2026-02,-0.0389497818350571
tail05_reclaim10_all_1200_c20,2026-03,-0.04825103637987624
tail05_reclaim10_all_1200_c20,2026-04,-0.04801744056368808
tail05_reclaim10_all_final_c5,2024-11,0.13041041151588223
tail05_reclaim10_all_final_c5,2024-12,-0.16768225014122834
tail05_reclaim10_all_final_c5,2025-01,-0.1528890923809443
tail05_reclaim10_all_final_c5,2025-02,0.07100725954314574
tail05_reclaim10_all_final_c5,2025-03,-0.08640274684637211
tail05_reclaim10_all_final_c5,2025-04,0.2814990261347611
tail05_reclaim10_all_final_c5,2025-05,0.23008298835370414
tail05_reclaim10_all_final_c5,2025-06,-0.050189439547085365
tail05_reclaim10_all_final_c5,2025-07,0.005687516266540963
tail05_reclaim10_all_final_c5,2025-08,-0.02473017391579968
tail05_reclaim10_all_final_c5,2025-09,0.14742242269697706
tail05_reclaim10_all_final_c5,2025-10,-0.023175351802477536
tail05_reclaim10_all_final_c5,2025-11,0.07681666695041968
tail05_reclaim10_all_final_c5,2025-12,0.0176762921287794
tail05_reclaim10_all_final_c5,2026-01,-0.0553924630500709
tail05_reclaim10_all_final_c5,2026-02,0.004091401594362658
tail05_reclaim10_all_final_c5,2026-03,0.021042318921060038
tail05_reclaim10_all_final_c5,2026-04,0.13186420734640333
tail05_reclaim10_all_final_c10,2024-11,0.11541041151588222
tail05_reclaim10_all_final_c10,2024-12,-0.18368225014122835
tail05_reclaim10_all_final_c10,2025-01,-0.1668890923809443
tail05_reclaim10_all_final_c10,2025-02,0.05400725954314574
tail05_reclaim10_all_final_c10,2025-03,-0.10540274684637212
tail05_reclaim10_all_final_c10,2025-04,0.26749902613476106
tail05_reclaim10_all_final_c10,2025-05,0.21608298835370413
tail05_reclaim10_all_final_c10,2025-06,-0.06418943954708538
tail05_reclaim10_all_final_c10,2025-07,-0.007312483733459038
tail05_reclaim10_all_final_c10,2025-08,-0.040730173915799694
tail05_reclaim10_all_final_c10,2025-09,0.13442242269697705
tail05_reclaim10_all_final_c10,2025-10,-0.04217535180247754
tail05_reclaim10_all_final_c10,2025-11,0.06081666695041968
tail05_reclaim10_all_final_c10,2025-12,-0.0003237078712205986
tail05_reclaim10_all_final_c10,2026-01,-0.07239246305007091
tail05_reclaim10_all_final_c10,2026-02,-0.006908598405637352
tail05_reclaim10_all_final_c10,2026-03,0.00404231892106003
tail05_reclaim10_all_final_c10,2026-04,0.11286420734640332
tail05_reclaim10_all_final_c20,2024-11,0.08541041151588219
tail05_reclaim10_all_final_c20,2024-12,-0.21568225014122838
tail05_reclaim10_all_final_c20,2025-01,-0.19488909238094432
tail05_reclaim10_all_final_c20,2025-02,0.02000725954314574
tail05_reclaim10_all_final_c20,2025-03,-0.14340274684637214
tail05_reclaim10_all_final_c20,2025-04,0.2394990261347611
tail05_reclaim10_all_final_c20,2025-05,0.18808298835370413
tail05_reclaim10_all_final_c20,2025-06,-0.09218943954708536
tail05_reclaim10_all_final_c20,2025-07,-0.03331248373345904
tail05_reclaim10_all_final_c20,2025-08,-0.07273017391579968
tail05_reclaim10_all_final_c20,2025-09,0.10842242269697706
tail05_reclaim10_all_final_c20,2025-10,-0.08017535180247753
tail05_reclaim10_all_final_c20,2025-11,0.02881666695041966
tail05_reclaim10_all_final_c20,2025-12,-0.0363237078712206
tail05_reclaim10_all_final_c20,2026-01,-0.10639246305007088
tail05_reclaim10_all_final_c20,2026-02,-0.028908598405637337
tail05_reclaim10_all_final_c20,2026-03,-0.02995768107893996
tail05_reclaim10_all_final_c20,2026-04,0.07486420734640332
tail05_reclaim10_participation_q50_1200_c5,2024-11,0.06884305163734351
tail05_reclaim10_participation_q50_1200_c5,2024-12,-0.0986895935702709
tail05_reclaim10_participation_q50_1200_c5,2025-01,-0.1445847776403455
tail05_reclaim10_participation_q50_1200_c5,2025-02,-0.13239658222602108
tail05_reclaim10_participation_q50_1200_c5,2025-03,-0.03797465844510735
tail05_reclaim10_participation_q50_1200_c5,2025-04,0.06595515975875375
tail05_reclaim10_participation_q50_1200_c5,2025-05,0.04672253412020738
tail05_reclaim10_participation_q50_1200_c5,2025-06,0.08170613326786963
tail05_reclaim10_participation_q50_1200_c5,2025-07,0.007379973006282237
tail05_reclaim10_participation_q50_1200_c5,2025-08,-0.05319726272408981
tail05_reclaim10_participation_q50_1200_c5,2025-09,0.059768051019021606
tail05_reclaim10_participation_q50_1200_c5,2025-10,0.04440348644441562
tail05_reclaim10_participation_q50_1200_c5,2025-11,0.052839359079219037
tail05_reclaim10_participation_q50_1200_c5,2025-12,0.04303476014426652
tail05_reclaim10_participation_q50_1200_c5,2026-01,-0.04702555810138534
tail05_reclaim10_participation_q50_1200_c5,2026-02,-0.018576339795250585
tail05_reclaim10_participation_q50_1200_c5,2026-03,0.01202979428853081
tail05_reclaim10_participation_q50_1200_c5,2026-04,-0.011583862955605026
tail05_reclaim10_participation_q50_1200_c10,2024-11,0.0558430516373435
tail05_reclaim10_participation_q50_1200_c10,2024-12,-0.1126895935702709
tail05_reclaim10_participation_q50_1200_c10,2025-01,-0.1555847776403455
tail05_reclaim10_participation_q50_1200_c10,2025-02,-0.1443965822260211
tail05_reclaim10_participation_q50_1200_c10,2025-03,-0.05097465844510735
tail05_reclaim10_participation_q50_1200_c10,2025-04,0.05395515975875375
tail05_reclaim10_participation_q50_1200_c10,2025-05,0.04172253412020738
tail05_reclaim10_participation_q50_1200_c10,2025-06,0.07170613326786963
tail05_reclaim10_participation_q50_1200_c10,2025-07,-0.003620026993717766
tail05_reclaim10_participation_q50_1200_c10,2025-08,-0.06519726272408981
tail05_reclaim10_participation_q50_1200_c10,2025-09,0.051768051019021606
tail05_reclaim10_participation_q50_1200_c10,2025-10,0.02840348644441562
tail05_reclaim10_participation_q50_1200_c10,2025-11,0.04083935907921903
tail05_reclaim10_participation_q50_1200_c10,2025-12,0.030034760144266516
tail05_reclaim10_participation_q50_1200_c10,2026-01,-0.06302555810138534
tail05_reclaim10_participation_q50_1200_c10,2026-02,-0.028576339795250594
tail05_reclaim10_participation_q50_1200_c10,2026-03,-0.0019702057114691918
tail05_reclaim10_participation_q50_1200_c10,2026-04,-0.028583862955605024
tail05_reclaim10_participation_q50_1200_c20,2024-11,0.029843051637343507
tail05_reclaim10_participation_q50_1200_c20,2024-12,-0.1406895935702709
tail05_reclaim10_participation_q50_1200_c20,2025-01,-0.1775847776403455
tail05_reclaim10_participation_q50_1200_c20,2025-02,-0.16839658222602108
tail05_reclaim10_participation_q50_1200_c20,2025-03,-0.07697465844510734
tail05_reclaim10_participation_q50_1200_c20,2025-04,0.029955159758753753
tail05_reclaim10_participation_q50_1200_c20,2025-05,0.03172253412020738
tail05_reclaim10_participation_q50_1200_c20,2025-06,0.05170613326786964
tail05_reclaim10_participation_q50_1200_c20,2025-07,-0.025620026993717758
tail05_reclaim10_participation_q50_1200_c20,2025-08,-0.08919726272408982
tail05_reclaim10_participation_q50_1200_c20,2025-09,0.03576805101902161
tail05_reclaim10_participation_q50_1200_c20,2025-10,-0.003596513555584366
tail05_reclaim10_participation_q50_1200_c20,2025-11,0.016839359079219032
tail05_reclaim10_participation_q50_1200_c20,2025-12,0.004034760144266521
tail05_reclaim10_participation_q50_1200_c20,2026-01,-0.09502555810138534
tail05_reclaim10_participation_q50_1200_c20,2026-02,-0.048576339795250584
tail05_reclaim10_participation_q50_1200_c20,2026-03,-0.029970205711469182
tail05_reclaim10_participation_q50_1200_c20,2026-04,-0.06258386295560503
tail05_reclaim10_participation_q50_final_c5,2024-11,0.08844777137887898
tail05_reclaim10_participation_q50_final_c5,2024-12,-0.1354434703679466
tail05_reclaim10_participation_q50_final_c5,2025-01,-0.1182302609461765
tail05_reclaim10_participation_q50_final_c5,2025-02,0.02577082142679321
tail05_reclaim10_participation_q50_final_c5,2025-03,-0.05717752141774148
tail05_reclaim10_participation_q50_final_c5,2025-04,0.20925922169261107
tail05_reclaim10_participation_q50_final_c5,2025-05,0.09382022500329906
tail05_reclaim10_participation_q50_final_c5,2025-06,0.06668637442267006
tail05_reclaim10_participation_q50_final_c5,2025-07,0.002714645560805362
tail05_reclaim10_participation_q50_final_c5,2025-08,-0.11219601972004381
tail05_reclaim10_participation_q50_final_c5,2025-09,0.10786444277049294
tail05_reclaim10_participation_q50_final_c5,2025-10,-0.04997929143164485
tail05_reclaim10_participation_q50_final_c5,2025-11,0.12865754858057044
tail05_reclaim10_participation_q50_final_c5,2025-12,0.07159187127566334
tail05_reclaim10_participation_q50_final_c5,2026-01,-0.015404995153352148
tail05_reclaim10_participation_q50_final_c5,2026-02,0.029977677553902054
tail05_reclaim10_participation_q50_final_c5,2026-03,0.08043135059610093
tail05_reclaim10_participation_q50_final_c5,2026-04,0.10723791823755191
tail05_reclaim10_participation_q50_final_c10,2024-11,0.07444777137887898
tail05_reclaim10_participation_q50_final_c10,2024-12,-0.14944347036794658
tail05_reclaim10_participation_q50_final_c10,2025-01,-0.1292302609461765
tail05_reclaim10_participation_q50_final_c10,2025-02,0.011770821426793207
tail05_reclaim10_participation_q50_final_c10,2025-03,-0.07117752141774149
tail05_reclaim10_participation_q50_final_c10,2025-04,0.1972592216926111
tail05_reclaim10_participation_q50_final_c10,2025-05,0.08382022500329907
tail05_reclaim10_participation_q50_final_c10,2025-06,0.05568637442267006
tail05_reclaim10_participation_q50_final_c10,2025-07,-0.00828535443919464
tail05_reclaim10_participation_q50_final_c10,2025-08,-0.1261960197200438
tail05_reclaim10_participation_q50_final_c10,2025-09,0.09886444277049293
tail05_reclaim10_participation_q50_final_c10,2025-10,-0.06597929143164485
tail05_reclaim10_participation_q50_final_c10,2025-11,0.11465754858057042
tail05_reclaim10_participation_q50_final_c10,2025-12,0.05759187127566334
tail05_reclaim10_participation_q50_final_c10,2026-01,-0.03140499515335215
tail05_reclaim10_participation_q50_final_c10,2026-02,0.01997767755390204
tail05_reclaim10_participation_q50_final_c10,2026-03,0.06643135059610092
tail05_reclaim10_participation_q50_final_c10,2026-04,0.0902379182375519
tail05_reclaim10_participation_q50_final_c20,2024-11,0.046447771378878955
tail05_reclaim10_participation_q50_final_c20,2024-12,-0.17744347036794658
tail05_reclaim10_participation_q50_final_c20,2025-01,-0.1512302609461765
tail05_reclaim10_participation_q50_final_c20,2025-02,-0.01622917857320678
tail05_reclaim10_participation_q50_final_c20,2025-03,-0.09917752141774147
tail05_reclaim10_participation_q50_final_c20,2025-04,0.1732592216926111
tail05_reclaim10_participation_q50_final_c20,2025-05,0.06382022500329906
tail05_reclaim10_participation_q50_final_c20,2025-06,0.03368637442267006
tail05_reclaim10_participation_q50_final_c20,2025-07,-0.03028535443919464
tail05_reclaim10_participation_q50_final_c20,2025-08,-0.1541960197200438
tail05_reclaim10_participation_q50_final_c20,2025-09,0.08086444277049294
tail05_reclaim10_participation_q50_final_c20,2025-10,-0.09797929143164485
tail05_reclaim10_participation_q50_final_c20,2025-11,0.08665754858057043
tail05_reclaim10_participation_q50_final_c20,2025-12,0.02959187127566334
tail05_reclaim10_participation_q50_final_c20,2026-01,-0.06340499515335214
tail05_reclaim10_participation_q50_final_c20,2026-02,-2.232244609793807e-05
tail05_reclaim10_participation_q50_final_c20,2026-03,0.03843135059610093
tail05_reclaim10_participation_q50_final_c20,2026-04,0.05623791823755191
tail05_reclaim10_participation_q67_1200_c5,2024-11,0.06258979966930873
tail05_reclaim10_participation_q67_1200_c5,2024-12,-0.09596605260160597
tail05_reclaim10_participation_q67_1200_c5,2025-01,-0.125195160108091
tail05_reclaim10_participation_q67_1200_c5,2025-02,-0.14425639210969232
tail05_reclaim10_participation_q67_1200_c5,2025-03,-0.014267548397628189
tail05_reclaim10_participation_q67_1200_c5,2025-04,0.007606148254518568
tail05_reclaim10_participation_q67_1200_c5,2025-05,0.04672253412020738
tail05_reclaim10_participation_q67_1200_c5,2025-06,0.10718845718969267
tail05_reclaim10_participation_q67_1200_c5,2025-07,0.06069596055090787
tail05_reclaim10_participation_q67_1200_c5,2025-08,-0.05072062898232044
tail05_reclaim10_participation_q67_1200_c5,2025-09,0.09047730313877578
tail05_reclaim10_participation_q67_1200_c5,2025-10,0.004636676875912182
tail05_reclaim10_participation_q67_1200_c5,2025-11,0.05076135449229889
tail05_reclaim10_participation_q67_1200_c5,2025-12,0.018898113830785237
tail05_reclaim10_participation_q67_1200_c5,2026-01,-0.07051064289078363
tail05_reclaim10_participation_q67_1200_c5,2026-02,-0.013683813827339408
tail05_reclaim10_participation_q67_1200_c5,2026-03,-0.06321709078928472
tail05_reclaim10_participation_q67_1200_c5,2026-04,-0.05644690205193567
tail05_reclaim10_participation_q67_1200_c10,2024-11,0.051589799669308725
tail05_reclaim10_participation_q67_1200_c10,2024-12,-0.10696605260160597
tail05_reclaim10_participation_q67_1200_c10,2025-01,-0.13419516010809102
tail05_reclaim10_participation_q67_1200_c10,2025-02,-0.15525639210969233
tail05_reclaim10_participation_q67_1200_c10,2025-03,-0.023267548397628186
tail05_reclaim10_participation_q67_1200_c10,2025-04,-0.0013938517454814368
tail05_reclaim10_participation_q67_1200_c10,2025-05,0.04172253412020738
tail05_reclaim10_participation_q67_1200_c10,2025-06,0.09918845718969267
tail05_reclaim10_participation_q67_1200_c10,2025-07,0.05269596055090787
tail05_reclaim10_participation_q67_1200_c10,2025-08,-0.06272062898232043
tail05_reclaim10_participation_q67_1200_c10,2025-09,0.08247730313877577
tail05_reclaim10_participation_q67_1200_c10,2025-10,-0.008363323124087819
tail05_reclaim10_participation_q67_1200_c10,2025-11,0.03976135449229888
tail05_reclaim10_participation_q67_1200_c10,2025-12,0.007898113830785237
tail05_reclaim10_participation_q67_1200_c10,2026-01,-0.08651064289078363
tail05_reclaim10_participation_q67_1200_c10,2026-02,-0.022683813827339416
tail05_reclaim10_participation_q67_1200_c10,2026-03,-0.07621709078928472
tail05_reclaim10_participation_q67_1200_c10,2026-04,-0.07144690205193568
tail05_reclaim10_participation_q67_1200_c20,2024-11,0.029589799669308726
tail05_reclaim10_participation_q67_1200_c20,2024-12,-0.12896605260160596
tail05_reclaim10_participation_q67_1200_c20,2025-01,-0.152195160108091
tail05_reclaim10_participation_q67_1200_c20,2025-02,-0.17725639210969232
tail05_reclaim10_participation_q67_1200_c20,2025-03,-0.04126754839762818
tail05_reclaim10_participation_q67_1200_c20,2025-04,-0.019393851745481444
tail05_reclaim10_participation_q67_1200_c20,2025-05,0.03172253412020738
tail05_reclaim10_participation_q67_1200_c20,2025-06,0.08318845718969267
tail05_reclaim10_participation_q67_1200_c20,2025-07,0.036695960550907875
tail05_reclaim10_participation_q67_1200_c20,2025-08,-0.08672062898232044
tail05_reclaim10_participation_q67_1200_c20,2025-09,0.06647730313877578
tail05_reclaim10_participation_q67_1200_c20,2025-10,-0.03436332312408781
tail05_reclaim10_participation_q67_1200_c20,2025-11,0.01776135449229889
tail05_reclaim10_participation_q67_1200_c20,2025-12,-0.014101886169214761
tail05_reclaim10_participation_q67_1200_c20,2026-01,-0.11851064289078363
tail05_reclaim10_participation_q67_1200_c20,2026-02,-0.04068381382733941
tail05_reclaim10_participation_q67_1200_c20,2026-03,-0.10221709078928472
tail05_reclaim10_participation_q67_1200_c20,2026-04,-0.10144690205193567
tail05_reclaim10_participation_q67_final_c5,2024-11,0.08097747068145171
tail05_reclaim10_participation_q67_final_c5,2024-12,-0.1216597266190252
tail05_reclaim10_participation_q67_final_c5,2025-01,-0.0784202271703911
tail05_reclaim10_participation_q67_final_c5,2025-02,0.018501781719195753
tail05_reclaim10_participation_q67_final_c5,2025-03,-0.02649559929291005
tail05_reclaim10_participation_q67_final_c5,2025-04,0.1547612197964953
tail05_reclaim10_participation_q67_final_c5,2025-05,0.08775235117978797
tail05_reclaim10_participation_q67_final_c5,2025-06,0.13419363764494957
tail05_reclaim10_participation_q67_final_c5,2025-07,0.07173705872476543
tail05_reclaim10_participation_q67_final_c5,2025-08,-0.08028096744492982
tail05_reclaim10_participation_q67_final_c5,2025-09,0.11918465493996903
tail05_reclaim10_participation_q67_final_c5,2025-10,-0.0553645127155602
tail05_reclaim10_participation_q67_final_c5,2025-11,0.10641639441632814
tail05_reclaim10_participation_q67_final_c5,2025-12,0.03240817701204084
tail05_reclaim10_participation_q67_final_c5,2026-01,-0.031727839915803
tail05_reclaim10_participation_q67_final_c5,2026-02,0.02576417402923468
tail05_reclaim10_participation_q67_final_c5,2026-03,0.020908161110704704
tail05_reclaim10_participation_q67_final_c5,2026-04,0.032427615595588
tail05_reclaim10_participation_q67_final_c10,2024-11,0.0689774706814517
tail05_reclaim10_participation_q67_final_c10,2024-12,-0.1326597266190252
tail05_reclaim10_participation_q67_final_c10,2025-01,-0.0874202271703911
tail05_reclaim10_participation_q67_final_c10,2025-02,0.005501781719195744
tail05_reclaim10_participation_q67_final_c10,2025-03,-0.035495599292910046
tail05_reclaim10_participation_q67_final_c10,2025-04,0.1457612197964953
tail05_reclaim10_participation_q67_final_c10,2025-05,0.07775235117978797
tail05_reclaim10_participation_q67_final_c10,2025-06,0.12519363764494956
tail05_reclaim10_participation_q67_final_c10,2025-07,0.06373705872476543
tail05_reclaim10_participation_q67_final_c10,2025-08,-0.09428096744492982
tail05_reclaim10_participation_q67_final_c10,2025-09,0.11018465493996903
tail05_reclaim10_participation_q67_final_c10,2025-10,-0.06836451271556021
tail05_reclaim10_participation_q67_final_c10,2025-11,0.09541639441632813
tail05_reclaim10_participation_q67_final_c10,2025-12,0.02140817701204084
tail05_reclaim10_participation_q67_final_c10,2026-01,-0.04772783991580301
tail05_reclaim10_participation_q67_final_c10,2026-02,0.01676417402923467
tail05_reclaim10_participation_q67_final_c10,2026-03,0.007908161110704708
tail05_reclaim10_participation_q67_final_c10,2026-04,0.017427615595587996
tail05_reclaim10_participation_q67_final_c20,2024-11,0.04497747068145169
tail05_reclaim10_participation_q67_final_c20,2024-12,-0.15465972661902522
tail05_reclaim10_participation_q67_final_c20,2025-01,-0.1054202271703911
tail05_reclaim10_participation_q67_final_c20,2025-02,-0.020498218280804236
tail05_reclaim10_participation_q67_final_c20,2025-03,-0.05349559929291005
tail05_reclaim10_participation_q67_final_c20,2025-04,0.1277612197964953
tail05_reclaim10_participation_q67_final_c20,2025-05,0.05775235117978797
tail05_reclaim10_participation_q67_final_c20,2025-06,0.10719363764494957
tail05_reclaim10_participation_q67_final_c20,2025-07,0.04773705872476544
tail05_reclaim10_participation_q67_final_c20,2025-08,-0.1222809674449298
tail05_reclaim10_participation_q67_final_c20,2025-09,0.09218465493996904
tail05_reclaim10_participation_q67_final_c20,2025-10,-0.0943645127155602
tail05_reclaim10_participation_q67_final_c20,2025-11,0.0734163944163281
tail05_reclaim10_participation_q67_final_c20,2025-12,-0.0005918229879591612
tail05_reclaim10_participation_q67_final_c20,2026-01,-0.079727839915803
tail05_reclaim10_participation_q67_final_c20,2026-02,-0.0012358259707653148
tail05_reclaim10_participation_q67_final_c20,2026-03,-0.01809183888929529
tail05_reclaim10_participation_q67_final_c20,2026-04,-0.012572384404411996
tail05_reclaim10_participation_q80_1200_c5,2024-11,0.07839356738246617
tail05_reclaim10_participation_q80_1200_c5,2024-12,-0.1067660796731606
tail05_reclaim10_participation_q80_1200_c5,2025-01,-0.12974751834167225
tail05_reclaim10_participation_q80_1200_c5,2025-02,-0.09694756375572566
tail05_reclaim10_participation_q80_1200_c5,2025-03,-0.034818483866589534
tail05_reclaim10_participation_q80_1200_c5,2025-04,0.014077116194837704
tail05_reclaim10_participation_q80_1200_c5,2025-05,0.04672253412020738
tail05_reclaim10_participation_q80_1200_c5,2025-06,0.11654409665370491
tail05_reclaim10_participation_q80_1200_c5,2025-07,0.06422504536530715
tail05_reclaim10_participation_q80_1200_c5,2025-08,-0.03803591740580414
tail05_reclaim10_participation_q80_1200_c5,2025-09,0.07248362855512878
tail05_reclaim10_participation_q80_1200_c5,2025-10,0.005412015212367061
tail05_reclaim10_participation_q80_1200_c5,2025-11,0.0718033279341229
tail05_reclaim10_participation_q80_1200_c5,2025-12,0.009938305053366018
tail05_reclaim10_participation_q80_1200_c5,2026-01,-0.08899487016389374
tail05_reclaim10_participation_q80_1200_c5,2026-02,-0.015897800932202055
tail05_reclaim10_participation_q80_1200_c5,2026-03,-0.021528775830454205
tail05_reclaim10_participation_q80_1200_c5,2026-04,-0.04257981349095336
tail05_reclaim10_participation_q80_1200_c10,2024-11,0.06839356738246617
tail05_reclaim10_participation_q80_1200_c10,2024-12,-0.1157660796731606
tail05_reclaim10_participation_q80_1200_c10,2025-01,-0.13774751834167226
tail05_reclaim10_participation_q80_1200_c10,2025-02,-0.10494756375572567
tail05_reclaim10_participation_q80_1200_c10,2025-03,-0.04181848386658953
tail05_reclaim10_participation_q80_1200_c10,2025-04,0.0060771161948377
tail05_reclaim10_participation_q80_1200_c10,2025-05,0.04172253412020738
tail05_reclaim10_participation_q80_1200_c10,2025-06,0.1095440966537049
tail05_reclaim10_participation_q80_1200_c10,2025-07,0.056225045365307154
tail05_reclaim10_participation_q80_1200_c10,2025-08,-0.05003591740580414
tail05_reclaim10_participation_q80_1200_c10,2025-09,0.06648362855512878
tail05_reclaim10_participation_q80_1200_c10,2025-10,-0.005587984787632947
tail05_reclaim10_participation_q80_1200_c10,2025-11,0.061803327934122895
tail05_reclaim10_participation_q80_1200_c10,2025-12,-0.0010616949466339797
tail05_reclaim10_participation_q80_1200_c10,2026-01,-0.10399487016389374
tail05_reclaim10_participation_q80_1200_c10,2026-02,-0.024897800932202063
tail05_reclaim10_participation_q80_1200_c10,2026-03,-0.03252877583045421
tail05_reclaim10_participation_q80_1200_c10,2026-04,-0.052579813490953364
tail05_reclaim10_participation_q80_1200_c20,2024-11,0.04839356738246617
tail05_reclaim10_participation_q80_1200_c20,2024-12,-0.1337660796731606
tail05_reclaim10_participation_q80_1200_c20,2025-01,-0.15374751834167225
tail05_reclaim10_participation_q80_1200_c20,2025-02,-0.12094756375572566
tail05_reclaim10_participation_q80_1200_c20,2025-03,-0.05581848386658953
tail05_reclaim10_participation_q80_1200_c20,2025-04,-0.009922883805162295
tail05_reclaim10_participation_q80_1200_c20,2025-05,0.03172253412020738
tail05_reclaim10_participation_q80_1200_c20,2025-06,0.09554409665370492
tail05_reclaim10_participation_q80_1200_c20,2025-07,0.04022504536530716
tail05_reclaim10_participation_q80_1200_c20,2025-08,-0.07403591740580415
tail05_reclaim10_participation_q80_1200_c20,2025-09,0.05448362855512878
tail05_reclaim10_participation_q80_1200_c20,2025-10,-0.027587984787632934
tail05_reclaim10_participation_q80_1200_c20,2025-11,0.041803327934122905
tail05_reclaim10_participation_q80_1200_c20,2025-12,-0.023061694946633977
tail05_reclaim10_participation_q80_1200_c20,2026-01,-0.13399487016389372
tail05_reclaim10_participation_q80_1200_c20,2026-02,-0.04289780093220206
tail05_reclaim10_participation_q80_1200_c20,2026-03,-0.05452877583045419
tail05_reclaim10_participation_q80_1200_c20,2026-04,-0.07257981349095337
tail05_reclaim10_participation_q80_final_c5,2024-11,0.15568473252383014
tail05_reclaim10_participation_q80_final_c5,2024-12,-0.1524097164905484
tail05_reclaim10_participation_q80_final_c5,2025-01,-0.07441167311769065
tail05_reclaim10_participation_q80_final_c5,2025-02,0.05297896825942938
tail05_reclaim10_participation_q80_final_c5,2025-03,-0.043670964008410806
tail05_reclaim10_participation_q80_final_c5,2025-04,0.14308198082687654
tail05_reclaim10_participation_q80_final_c5,2025-05,0.07785459276919737
tail05_reclaim10_participation_q80_final_c5,2025-06,0.1441171248237485
tail05_reclaim10_participation_q80_final_c5,2025-07,0.06701754941747662
tail05_reclaim10_participation_q80_final_c5,2025-08,-0.07626010858833582
tail05_reclaim10_participation_q80_final_c5,2025-09,0.10548787520923877
tail05_reclaim10_participation_q80_final_c5,2025-10,-0.05444927677521055
tail05_reclaim10_participation_q80_final_c5,2025-11,0.10909201699765983
tail05_reclaim10_participation_q80_final_c5,2025-12,0.02935396206427593
tail05_reclaim10_participation_q80_final_c5,2026-01,-0.08601435290524886
tail05_reclaim10_participation_q80_final_c5,2026-02,0.021137394472338367
tail05_reclaim10_participation_q80_final_c5,2026-03,0.06308368149172427
tail05_reclaim10_participation_q80_final_c5,2026-04,0.006632957769173692
tail05_reclaim10_participation_q80_final_c10,2024-11,0.14568473252383013
tail05_reclaim10_participation_q80_final_c10,2024-12,-0.16140971649054842
tail05_reclaim10_participation_q80_final_c10,2025-01,-0.08241167311769064
tail05_reclaim10_participation_q80_final_c10,2025-02,0.043978968259429374
tail05_reclaim10_participation_q80_final_c10,2025-03,-0.05067096400841081
tail05_reclaim10_participation_q80_final_c10,2025-04,0.13508198082687656
tail05_reclaim10_participation_q80_final_c10,2025-05,0.06885459276919736
tail05_reclaim10_participation_q80_final_c10,2025-06,0.1361171248237485
tail05_reclaim10_participation_q80_final_c10,2025-07,0.05901754941747662
tail05_reclaim10_participation_q80_final_c10,2025-08,-0.08926010858833582
tail05_reclaim10_participation_q80_final_c10,2025-09,0.09948787520923878
tail05_reclaim10_participation_q80_final_c10,2025-10,-0.06544927677521056
tail05_reclaim10_participation_q80_final_c10,2025-11,0.09909201699765982
tail05_reclaim10_participation_q80_final_c10,2025-12,0.018353962064275933
tail05_reclaim10_participation_q80_final_c10,2026-01,-0.10101435290524888
tail05_reclaim10_participation_q80_final_c10,2026-02,0.012137394472338359
tail05_reclaim10_participation_q80_final_c10,2026-03,0.05208368149172428
tail05_reclaim10_participation_q80_final_c10,2026-04,-0.003367042230826312
tail05_reclaim10_participation_q80_final_c20,2024-11,0.1256847325238301
tail05_reclaim10_participation_q80_final_c20,2024-12,-0.1794097164905484
tail05_reclaim10_participation_q80_final_c20,2025-01,-0.09841167311769064
tail05_reclaim10_participation_q80_final_c20,2025-02,0.025978968259429386
tail05_reclaim10_participation_q80_final_c20,2025-03,-0.06467096400841081
tail05_reclaim10_participation_q80_final_c20,2025-04,0.11908198082687654
tail05_reclaim10_participation_q80_final_c20,2025-05,0.050854592769197376
tail05_reclaim10_participation_q80_final_c20,2025-06,0.1201171248237485
tail05_reclaim10_participation_q80_final_c20,2025-07,0.043017549417476625
tail05_reclaim10_participation_q80_final_c20,2025-08,-0.11526010858833582
tail05_reclaim10_participation_q80_final_c20,2025-09,0.08748787520923879
tail05_reclaim10_participation_q80_final_c20,2025-10,-0.08744927677521055
tail05_reclaim10_participation_q80_final_c20,2025-11,0.07909201699765982
tail05_reclaim10_participation_q80_final_c20,2025-12,-0.003646037935724069
tail05_reclaim10_participation_q80_final_c20,2026-01,-0.13101435290524888
tail05_reclaim10_participation_q80_final_c20,2026-02,-0.005862605527661626
tail05_reclaim10_participation_q80_final_c20,2026-03,0.03008368149172428
tail05_reclaim10_participation_q80_final_c20,2026-04,-0.023367042230826307
tail05_reclaim10_anomaly_ge1_1200_c5,2024-11,0.06787819825850445
tail05_reclaim10_anomaly_ge1_1200_c5,2024-12,0.018378887372070253
tail05_reclaim10_anomaly_ge1_1200_c5,2025-01,-0.1641041134449337
tail05_reclaim10_anomaly_ge1_1200_c5,2025-02,-0.10644460044475995
tail05_reclaim10_anomaly_ge1_1200_c5,2025-03,-0.10666321135954578
tail05_reclaim10_anomaly_ge1_1200_c5,2025-04,0.03848964645023939
tail05_reclaim10_anomaly_ge1_1200_c5,2025-05,0.14607604312891442
tail05_reclaim10_anomaly_ge1_1200_c5,2025-06,0.0874178519674092
tail05_reclaim10_anomaly_ge1_1200_c5,2025-07,0.009470702493146743
tail05_reclaim10_anomaly_ge1_1200_c5,2025-08,0.021204318856135346
tail05_reclaim10_anomaly_ge1_1200_c5,2025-09,0.09412913405356932
tail05_reclaim10_anomaly_ge1_1200_c5,2025-10,0.12123955631073771
tail05_reclaim10_anomaly_ge1_1200_c5,2025-11,0.06984620431578896
tail05_reclaim10_anomaly_ge1_1200_c5,2025-12,0.010739041200695966
tail05_reclaim10_anomaly_ge1_1200_c5,2026-01,-0.09185670876028224
tail05_reclaim10_anomaly_ge1_1200_c5,2026-02,-0.007115416543407693
tail05_reclaim10_anomaly_ge1_1200_c5,2026-03,-0.009265890192266812
tail05_reclaim10_anomaly_ge1_1200_c5,2026-04,-0.04763372913825352
tail05_reclaim10_anomaly_ge1_1200_c10,2024-11,0.05387819825850444
tail05_reclaim10_anomaly_ge1_1200_c10,2024-12,0.007378887372070261
tail05_reclaim10_anomaly_ge1_1200_c10,2025-01,-0.1771041134449337
tail05_reclaim10_anomaly_ge1_1200_c10,2025-02,-0.11944460044475996
tail05_reclaim10_anomaly_ge1_1200_c10,2025-03,-0.12066321135954577
tail05_reclaim10_anomaly_ge1_1200_c10,2025-04,0.027489646450239387
tail05_reclaim10_anomaly_ge1_1200_c10,2025-05,0.13807604312891442
tail05_reclaim10_anomaly_ge1_1200_c10,2025-06,0.07941785196740919
tail05_reclaim10_anomaly_ge1_1200_c10,2025-07,-0.0015292975068532597
tail05_reclaim10_anomaly_ge1_1200_c10,2025-08,0.007204318856135344
tail05_reclaim10_anomaly_ge1_1200_c10,2025-09,0.08312913405356932
tail05_reclaim10_anomaly_ge1_1200_c10,2025-10,0.1042395563107377
tail05_reclaim10_anomaly_ge1_1200_c10,2025-11,0.056846204315788955
tail05_reclaim10_anomaly_ge1_1200_c10,2025-12,0.0007390412006959661
tail05_reclaim10_anomaly_ge1_1200_c10,2026-01,-0.10885670876028224
tail05_reclaim10_anomaly_ge1_1200_c10,2026-02,-0.017115416543407702
tail05_reclaim10_anomaly_ge1_1200_c10,2026-03,-0.02326589019226681
tail05_reclaim10_anomaly_ge1_1200_c10,2026-04,-0.06263372913825353
tail05_reclaim10_anomaly_ge1_1200_c20,2024-11,0.025878198258504445
tail05_reclaim10_anomaly_ge1_1200_c20,2024-12,-0.014621112627929735
tail05_reclaim10_anomaly_ge1_1200_c20,2025-01,-0.2031041134449337
tail05_reclaim10_anomaly_ge1_1200_c20,2025-02,-0.14544460044475993
tail05_reclaim10_anomaly_ge1_1200_c20,2025-03,-0.14866321135954577
tail05_reclaim10_anomaly_ge1_1200_c20,2025-04,0.005489646450239381
tail05_reclaim10_anomaly_ge1_1200_c20,2025-05,0.12207604312891442
tail05_reclaim10_anomaly_ge1_1200_c20,2025-06,0.0634178519674092
tail05_reclaim10_anomaly_ge1_1200_c20,2025-07,-0.02352929750685325
tail05_reclaim10_anomaly_ge1_1200_c20,2025-08,-0.020795681143864656
tail05_reclaim10_anomaly_ge1_1200_c20,2025-09,0.061129134053569324
tail05_reclaim10_anomaly_ge1_1200_c20,2025-10,0.07023955631073771
tail05_reclaim10_anomaly_ge1_1200_c20,2025-11,0.03084620431578896
tail05_reclaim10_anomaly_ge1_1200_c20,2025-12,-0.01926095879930403
tail05_reclaim10_anomaly_ge1_1200_c20,2026-01,-0.14285670876028222
tail05_reclaim10_anomaly_ge1_1200_c20,2026-02,-0.0371154165434077
tail05_reclaim10_anomaly_ge1_1200_c20,2026-03,-0.05126589019226681
tail05_reclaim10_anomaly_ge1_1200_c20,2026-04,-0.09263372913825353
tail05_reclaim10_anomaly_ge1_final_c5,2024-11,0.12655635375814278
tail05_reclaim10_anomaly_ge1_final_c5,2024-12,-0.03546203724459832
tail05_reclaim10_anomaly_ge1_final_c5,2025-01,-0.15281016192605074
tail05_reclaim10_anomaly_ge1_final_c5,2025-02,-0.02018946392259574
tail05_reclaim10_anomaly_ge1_final_c5,2025-03,-0.12092481324592094
tail05_reclaim10_anomaly_ge1_final_c5,2025-04,0.20038647117412356
tail05_reclaim10_anomaly_ge1_final_c5,2025-05,0.22653621803476828
tail05_reclaim10_anomaly_ge1_final_c5,2025-06,0.012806757519251921
tail05_reclaim10_anomaly_ge1_final_c5,2025-07,0.002116284334791496
tail05_reclaim10_anomaly_ge1_final_c5,2025-08,-0.024882610458992635
tail05_reclaim10_anomaly_ge1_final_c5,2025-09,0.1641311759220744
tail05_reclaim10_anomaly_ge1_final_c5,2025-10,0.014352264788601098
tail05_reclaim10_anomaly_ge1_final_c5,2025-11,0.06646222923173657
tail05_reclaim10_anomaly_ge1_final_c5,2025-12,0.004548361423821739
tail05_reclaim10_anomaly_ge1_final_c5,2026-01,-0.0733845564602682
tail05_reclaim10_anomaly_ge1_final_c5,2026-02,0.003071435070212458
tail05_reclaim10_anomaly_ge1_final_c5,2026-03,0.04248686601619245
tail05_reclaim10_anomaly_ge1_final_c5,2026-04,0.037026519579023476
tail05_reclaim10_anomaly_ge1_final_c10,2024-11,0.11155635375814277
tail05_reclaim10_anomaly_ge1_final_c10,2024-12,-0.046462037244598325
tail05_reclaim10_anomaly_ge1_final_c10,2025-01,-0.16581016192605075
tail05_reclaim10_anomaly_ge1_final_c10,2025-02,-0.034189463922595746
tail05_reclaim10_anomaly_ge1_final_c10,2025-03,-0.13592481324592093
tail05_reclaim10_anomaly_ge1_final_c10,2025-04,0.18938647117412355
tail05_reclaim10_anomaly_ge1_final_c10,2025-05,0.21453621803476827
tail05_reclaim10_anomaly_ge1_final_c10,2025-06,0.002806757519251915
tail05_reclaim10_anomaly_ge1_final_c10,2025-07,-0.0088837156652085
tail05_reclaim10_anomaly_ge1_final_c10,2025-08,-0.039882610458992634
tail05_reclaim10_anomaly_ge1_final_c10,2025-09,0.1521311759220744
tail05_reclaim10_anomaly_ge1_final_c10,2025-10,-0.002647735211398909
tail05_reclaim10_anomaly_ge1_final_c10,2025-11,0.051462229231736566
tail05_reclaim10_anomaly_ge1_final_c10,2025-12,-0.005451638576178259
tail05_reclaim10_anomaly_ge1_final_c10,2026-01,-0.0903845564602682
tail05_reclaim10_anomaly_ge1_final_c10,2026-02,-0.006928564929787551
tail05_reclaim10_anomaly_ge1_final_c10,2026-03,0.027486866016192445
tail05_reclaim10_anomaly_ge1_final_c10,2026-04,0.022026519579023462
tail05_reclaim10_anomaly_ge1_final_c20,2024-11,0.08155635375814274
tail05_reclaim10_anomaly_ge1_final_c20,2024-12,-0.06846203724459832
tail05_reclaim10_anomaly_ge1_final_c20,2025-01,-0.19181016192605074
tail05_reclaim10_anomaly_ge1_final_c20,2025-02,-0.062189463922595736
tail05_reclaim10_anomaly_ge1_final_c20,2025-03,-0.16592481324592095
tail05_reclaim10_anomaly_ge1_final_c20,2025-04,0.16738647117412353
tail05_reclaim10_anomaly_ge1_final_c20,2025-05,0.19053621803476828
tail05_reclaim10_anomaly_ge1_final_c20,2025-06,-0.01719324248074808
tail05_reclaim10_anomaly_ge1_final_c20,2025-07,-0.030883715665208505
tail05_reclaim10_anomaly_ge1_final_c20,2025-08,-0.06988261045899263
tail05_reclaim10_anomaly_ge1_final_c20,2025-09,0.1281311759220744
tail05_reclaim10_anomaly_ge1_final_c20,2025-10,-0.0366477352113989
tail05_reclaim10_anomaly_ge1_final_c20,2025-11,0.02146222923173655
tail05_reclaim10_anomaly_ge1_final_c20,2025-12,-0.025451638576178257
tail05_reclaim10_anomaly_ge1_final_c20,2026-01,-0.12438455646026819
tail05_reclaim10_anomaly_ge1_final_c20,2026-02,-0.026928564929787537
tail05_reclaim10_anomaly_ge1_final_c20,2026-03,-0.0025131339838075466
tail05_reclaim10_anomaly_ge1_final_c20,2026-04,-0.007973480420976516
tail05_reclaim10_anomaly_ge1_5_1200_c5,2024-11,0.09697466837599461
tail05_reclaim10_anomaly_ge1_5_1200_c5,2024-12,0.010701742246699824
tail05_reclaim10_anomaly_ge1_5_1200_c5,2025-01,-0.15931254388269686
tail05_reclaim10_anomaly_ge1_5_1200_c5,2025-02,-0.10377674546789645
tail05_reclaim10_anomaly_ge1_5_1200_c5,2025-03,-0.08098421642115156
tail05_reclaim10_anomaly_ge1_5_1200_c5,2025-04,0.023608955343181803
tail05_reclaim10_anomaly_ge1_5_1200_c5,2025-05,0.021416673123501876
tail05_reclaim10_anomaly_ge1_5_1200_c5,2025-06,0.06750561446119008
tail05_reclaim10_anomaly_ge1_5_1200_c5,2025-07,0.0110419923933458
tail05_reclaim10_anomaly_ge1_5_1200_c5,2025-08,0.011103337558706183
tail05_reclaim10_anomaly_ge1_5_1200_c5,2025-09,0.09450165501678964
tail05_reclaim10_anomaly_ge1_5_1200_c5,2025-10,0.09170229424333698
tail05_reclaim10_anomaly_ge1_5_1200_c5,2025-11,0.043731267665066416
tail05_reclaim10_anomaly_ge1_5_1200_c5,2025-12,-0.02604768751712818
tail05_reclaim10_anomaly_ge1_5_1200_c5,2026-01,-0.09434282694717579
tail05_reclaim10_anomaly_ge1_5_1200_c5,2026-02,-0.030952416613421907
tail05_reclaim10_anomaly_ge1_5_1200_c5,2026-03,0.002737064100771125
tail05_reclaim10_anomaly_ge1_5_1200_c5,2026-04,0.013416770104370673
tail05_reclaim10_anomaly_ge1_5_1200_c10,2024-11,0.08597466837599461
tail05_reclaim10_anomaly_ge1_5_1200_c10,2024-12,0.003701742246699823
tail05_reclaim10_anomaly_ge1_5_1200_c10,2025-01,-0.16931254388269687
tail05_reclaim10_anomaly_ge1_5_1200_c10,2025-02,-0.11577674546789646
tail05_reclaim10_anomaly_ge1_5_1200_c10,2025-03,-0.08798421642115156
tail05_reclaim10_anomaly_ge1_5_1200_c10,2025-04,0.0156089553431818
tail05_reclaim10_anomaly_ge1_5_1200_c10,2025-05,0.015416673123501874
tail05_reclaim10_anomaly_ge1_5_1200_c10,2025-06,0.06250561446119007
tail05_reclaim10_anomaly_ge1_5_1200_c10,2025-07,0.0030419923933458007
tail05_reclaim10_anomaly_ge1_5_1200_c10,2025-08,0.00010333755870618397
tail05_reclaim10_anomaly_ge1_5_1200_c10,2025-09,0.08450165501678965
tail05_reclaim10_anomaly_ge1_5_1200_c10,2025-10,0.07870229424333697
tail05_reclaim10_anomaly_ge1_5_1200_c10,2025-11,0.031731267665066405
tail05_reclaim10_anomaly_ge1_5_1200_c10,2025-12,-0.03304768751712818
tail05_reclaim10_anomaly_ge1_5_1200_c10,2026-01,-0.10834282694717579
tail05_reclaim10_anomaly_ge1_5_1200_c10,2026-02,-0.03795241661342191
tail05_reclaim10_anomaly_ge1_5_1200_c10,2026-03,-0.009262935899228879
tail05_reclaim10_anomaly_ge1_5_1200_c10,2026-04,0.004416770104370672
tail05_reclaim10_anomaly_ge1_5_1200_c20,2024-11,0.06397466837599461
tail05_reclaim10_anomaly_ge1_5_1200_c20,2024-12,-0.010298257753300174
tail05_reclaim10_anomaly_ge1_5_1200_c20,2025-01,-0.18931254388269686
tail05_reclaim10_anomaly_ge1_5_1200_c20,2025-02,-0.13977674546789645
tail05_reclaim10_anomaly_ge1_5_1200_c20,2025-03,-0.10198421642115156
tail05_reclaim10_anomaly_ge1_5_1200_c20,2025-04,-0.0003910446568182076
tail05_reclaim10_anomaly_ge1_5_1200_c20,2025-05,0.003416673123501874
tail05_reclaim10_anomaly_ge1_5_1200_c20,2025-06,0.05250561446119008
tail05_reclaim10_anomaly_ge1_5_1200_c20,2025-07,-0.012958007606654196
tail05_reclaim10_anomaly_ge1_5_1200_c20,2025-08,-0.021896662441293818
tail05_reclaim10_anomaly_ge1_5_1200_c20,2025-09,0.06450165501678964
tail05_reclaim10_anomaly_ge1_5_1200_c20,2025-10,0.052702294243336986
tail05_reclaim10_anomaly_ge1_5_1200_c20,2025-11,0.007731267665066412
tail05_reclaim10_anomaly_ge1_5_1200_c20,2025-12,-0.04704768751712818
tail05_reclaim10_anomaly_ge1_5_1200_c20,2026-01,-0.13634282694717578
tail05_reclaim10_anomaly_ge1_5_1200_c20,2026-02,-0.05195241661342191
tail05_reclaim10_anomaly_ge1_5_1200_c20,2026-03,-0.033262935899228865
tail05_reclaim10_anomaly_ge1_5_1200_c20,2026-04,-0.013583229895629323
tail05_reclaim10_anomaly_ge1_5_final_c5,2024-11,0.1496504855810682
tail05_reclaim10_anomaly_ge1_5_final_c5,2024-12,-0.046965524112606995
tail05_reclaim10_anomaly_ge1_5_final_c5,2025-01,-0.11328317878491946
tail05_reclaim10_anomaly_ge1_5_final_c5,2025-02,0.0050645271381656864
tail05_reclaim10_anomaly_ge1_5_final_c5,2025-03,-0.043953963099342463
tail05_reclaim10_anomaly_ge1_5_final_c5,2025-04,0.1760038035543412
tail05_reclaim10_anomaly_ge1_5_final_c5,2025-05,0.07346687422341885
tail05_reclaim10_anomaly_ge1_5_final_c5,2025-06,-0.017174267338689986
tail05_reclaim10_anomaly_ge1_5_final_c5,2025-07,0.01654893134265112
tail05_reclaim10_anomaly_ge1_5_final_c5,2025-08,-0.07073406437351232
tail05_reclaim10_anomaly_ge1_5_final_c5,2025-09,0.15736243727409405
tail05_reclaim10_anomaly_ge1_5_final_c5,2025-10,0.016357323765950893
tail05_reclaim10_anomaly_ge1_5_final_c5,2025-11,0.047488539890365396
tail05_reclaim10_anomaly_ge1_5_final_c5,2025-12,-0.037345112236558786
tail05_reclaim10_anomaly_ge1_5_final_c5,2026-01,-0.04782866042726434
tail05_reclaim10_anomaly_ge1_5_final_c5,2026-02,-0.009818883630496433
tail05_reclaim10_anomaly_ge1_5_final_c5,2026-03,0.08088823860969163
tail05_reclaim10_anomaly_ge1_5_final_c5,2026-04,0.05291241034134131
tail05_reclaim10_anomaly_ge1_5_final_c10,2024-11,0.13765048558106818
tail05_reclaim10_anomaly_ge1_5_final_c10,2024-12,-0.053965524112606994
tail05_reclaim10_anomaly_ge1_5_final_c10,2025-01,-0.12328317878491946
tail05_reclaim10_anomaly_ge1_5_final_c10,2025-02,-0.007935472861834318
tail05_reclaim10_anomaly_ge1_5_final_c10,2025-03,-0.05095396309934247
tail05_reclaim10_anomaly_ge1_5_final_c10,2025-04,0.1680038035543412
tail05_reclaim10_anomaly_ge1_5_final_c10,2025-05,0.06446687422341885
tail05_reclaim10_anomaly_ge1_5_final_c10,2025-06,-0.02317426733868999
tail05_reclaim10_anomaly_ge1_5_final_c10,2025-07,0.00854893134265112
tail05_reclaim10_anomaly_ge1_5_final_c10,2025-08,-0.08273406437351233
tail05_reclaim10_anomaly_ge1_5_final_c10,2025-09,0.14636243727409404
tail05_reclaim10_anomaly_ge1_5_final_c10,2025-10,0.003357323765950883
tail05_reclaim10_anomaly_ge1_5_final_c10,2025-11,0.03548853989036538
tail05_reclaim10_anomaly_ge1_5_final_c10,2025-12,-0.04434511223655878
tail05_reclaim10_anomaly_ge1_5_final_c10,2026-01,-0.061828660427264336
tail05_reclaim10_anomaly_ge1_5_final_c10,2026-02,-0.01681888363049644
tail05_reclaim10_anomaly_ge1_5_final_c10,2026-03,0.06788823860969162
tail05_reclaim10_anomaly_ge1_5_final_c10,2026-04,0.04391241034134131
tail05_reclaim10_anomaly_ge1_5_final_c20,2024-11,0.11365048558106818
tail05_reclaim10_anomaly_ge1_5_final_c20,2024-12,-0.06796552411260699
tail05_reclaim10_anomaly_ge1_5_final_c20,2025-01,-0.14328317878491947
tail05_reclaim10_anomaly_ge1_5_final_c20,2025-02,-0.033935472861834313
tail05_reclaim10_anomaly_ge1_5_final_c20,2025-03,-0.06495396309934247
tail05_reclaim10_anomaly_ge1_5_final_c20,2025-04,0.15200380355434118
tail05_reclaim10_anomaly_ge1_5_final_c20,2025-05,0.04646687422341886
tail05_reclaim10_anomaly_ge1_5_final_c20,2025-06,-0.03517426733869
tail05_reclaim10_anomaly_ge1_5_final_c20,2025-07,-0.007451068657348878
tail05_reclaim10_anomaly_ge1_5_final_c20,2025-08,-0.10673406437351231
tail05_reclaim10_anomaly_ge1_5_final_c20,2025-09,0.12436243727409403
tail05_reclaim10_anomaly_ge1_5_final_c20,2025-10,-0.022642676234049103
tail05_reclaim10_anomaly_ge1_5_final_c20,2025-11,0.011488539890365357
tail05_reclaim10_anomaly_ge1_5_final_c20,2025-12,-0.058345112236558784
tail05_reclaim10_anomaly_ge1_5_final_c20,2026-01,-0.08982866042726434
tail05_reclaim10_anomaly_ge1_5_final_c20,2026-02,-0.030818883630496428
tail05_reclaim10_anomaly_ge1_5_final_c20,2026-03,0.04188823860969164
tail05_reclaim10_anomaly_ge1_5_final_c20,2026-04,0.025912410341341317
tail05_reclaim10_anomaly_ge2_1200_c5,2024-11,0.06232938420546891
tail05_reclaim10_anomaly_ge2_1200_c5,2024-12,0.05219220236880884
tail05_reclaim10_anomaly_ge2_1200_c5,2025-01,-0.14600230947525666
tail05_reclaim10_anomaly_ge2_1200_c5,2025-02,-0.08646731503243282
tail05_reclaim10_anomaly_ge2_1200_c5,2025-03,0.0028376085639266755
tail05_reclaim10_anomaly_ge2_1200_c5,2025-04,0.052717062967795825
tail05_reclaim10_anomaly_ge2_1200_c5,2025-05,-0.02150430276042231
tail05_reclaim10_anomaly_ge2_1200_c5,2025-06,0.030021594684385478
tail05_reclaim10_anomaly_ge2_1200_c5,2025-07,0.006003811205669177
tail05_reclaim10_anomaly_ge2_1200_c5,2025-08,-0.014800266815246155
tail05_reclaim10_anomaly_ge2_1200_c5,2025-09,0.08411170009767333
tail05_reclaim10_anomaly_ge2_1200_c5,2025-10,0.05226719195064289
tail05_reclaim10_anomaly_ge2_1200_c5,2025-11,0.08671595861773929
tail05_reclaim10_anomaly_ge2_1200_c5,2025-12,-0.0017028402554641535
tail05_reclaim10_anomaly_ge2_1200_c5,2026-01,-0.11310011174539465
tail05_reclaim10_anomaly_ge2_1200_c5,2026-02,-0.008051255356672615
tail05_reclaim10_anomaly_ge2_1200_c5,2026-03,-0.03559333697421396
tail05_reclaim10_anomaly_ge2_1200_c5,2026-04,-0.003552269291009408
tail05_reclaim10_anomaly_ge2_1200_c10,2024-11,0.0523293842054689
tail05_reclaim10_anomaly_ge2_1200_c10,2024-12,0.04719220236880884
tail05_reclaim10_anomaly_ge2_1200_c10,2025-01,-0.15300230947525667
tail05_reclaim10_anomaly_ge2_1200_c10,2025-02,-0.09346731503243283
tail05_reclaim10_anomaly_ge2_1200_c10,2025-03,0.0018376085639266754
tail05_reclaim10_anomaly_ge2_1200_c10,2025-04,0.04871706296779582
tail05_reclaim10_anomaly_ge2_1200_c10,2025-05,-0.02450430276042231
tail05_reclaim10_anomaly_ge2_1200_c10,2025-06,0.029021594684385477
tail05_reclaim10_anomaly_ge2_1200_c10,2025-07,3.8112056691755325e-06
tail05_reclaim10_anomaly_ge2_1200_c10,2025-08,-0.022800266815246162
tail05_reclaim10_anomaly_ge2_1200_c10,2025-09,0.07611170009767332
tail05_reclaim10_anomaly_ge2_1200_c10,2025-10,0.04626719195064288
tail05_reclaim10_anomaly_ge2_1200_c10,2025-11,0.07871595861773928
tail05_reclaim10_anomaly_ge2_1200_c10,2025-12,-0.005702840255464152
tail05_reclaim10_anomaly_ge2_1200_c10,2026-01,-0.12210011174539466
tail05_reclaim10_anomaly_ge2_1200_c10,2026-02,-0.01305125535667262
tail05_reclaim10_anomaly_ge2_1200_c10,2026-03,-0.04259333697421396
tail05_reclaim10_anomaly_ge2_1200_c10,2026-04,-0.008552269291009409
tail05_reclaim10_anomaly_ge2_1200_c20,2024-11,0.03232938420546891
tail05_reclaim10_anomaly_ge2_1200_c20,2024-12,0.03719220236880884
tail05_reclaim10_anomaly_ge2_1200_c20,2025-01,-0.16700230947525668
tail05_reclaim10_anomaly_ge2_1200_c20,2025-02,-0.10746731503243283
tail05_reclaim10_anomaly_ge2_1200_c20,2025-03,-0.0001623914360733246
tail05_reclaim10_anomaly_ge2_1200_c20,2025-04,0.04071706296779582
tail05_reclaim10_anomaly_ge2_1200_c20,2025-05,-0.030504302760422312
tail05_reclaim10_anomaly_ge2_1200_c20,2025-06,0.02702159468438548
tail05_reclaim10_anomaly_ge2_1200_c20,2025-07,-0.011996188794330821
tail05_reclaim10_anomaly_ge2_1200_c20,2025-08,-0.03880026681524616
tail05_reclaim10_anomaly_ge2_1200_c20,2025-09,0.06011170009767333
tail05_reclaim10_anomaly_ge2_1200_c20,2025-10,0.034267191950642886
tail05_reclaim10_anomaly_ge2_1200_c20,2025-11,0.06271595861773929
tail05_reclaim10_anomaly_ge2_1200_c20,2025-12,-0.013702840255464152
tail05_reclaim10_anomaly_ge2_1200_c20,2026-01,-0.14010011174539466
tail05_reclaim10_anomaly_ge2_1200_c20,2026-02,-0.023051255356672618
tail05_reclaim10_anomaly_ge2_1200_c20,2026-03,-0.05659333697421396
tail05_reclaim10_anomaly_ge2_1200_c20,2026-04,-0.018552269291009404
tail05_reclaim10_anomaly_ge2_final_c5,2024-11,0.12563615974566372
tail05_reclaim10_anomaly_ge2_final_c5,2024-12,0.0014829444528510214
tail05_reclaim10_anomaly_ge2_final_c5,2025-01,-0.10674095126487898
tail05_reclaim10_anomaly_ge2_final_c5,2025-02,-0.002378627564236846
tail05_reclaim10_anomaly_ge2_final_c5,2025-03,-0.011805897798424447
tail05_reclaim10_anomaly_ge2_final_c5,2025-04,0.16549532035328418
tail05_reclaim10_anomaly_ge2_final_c5,2025-05,0.0009909720045200854
tail05_reclaim10_anomaly_ge2_final_c5,2025-06,0.037953488372093
tail05_reclaim10_anomaly_ge2_final_c5,2025-07,0.009262928338707455
tail05_reclaim10_anomaly_ge2_final_c5,2025-08,-0.0075080516441937695
tail05_reclaim10_anomaly_ge2_final_c5,2025-09,0.11907618744390619
tail05_reclaim10_anomaly_ge2_final_c5,2025-10,-0.022146329830864397
tail05_reclaim10_anomaly_ge2_final_c5,2025-11,0.12289736217330482
tail05_reclaim10_anomaly_ge2_final_c5,2025-12,0.011649423729185648
tail05_reclaim10_anomaly_ge2_final_c5,2026-01,-0.08672081005934106
tail05_reclaim10_anomaly_ge2_final_c5,2026-02,0.0012987560643130114
tail05_reclaim10_anomaly_ge2_final_c5,2026-03,0.02574734257128375
tail05_reclaim10_anomaly_ge2_final_c5,2026-04,0.028210285855907236
tail05_reclaim10_anomaly_ge2_final_c10,2024-11,0.11563615974566371
tail05_reclaim10_anomaly_ge2_final_c10,2024-12,-0.0035170555471489787
tail05_reclaim10_anomaly_ge2_final_c10,2025-01,-0.11374095126487897
tail05_reclaim10_anomaly_ge2_final_c10,2025-02,-0.010378627564236853
tail05_reclaim10_anomaly_ge2_final_c10,2025-03,-0.012805897798424446
tail05_reclaim10_anomaly_ge2_final_c10,2025-04,0.16149532035328418
tail05_reclaim10_anomaly_ge2_final_c10,2025-05,-0.004009027995479912
tail05_reclaim10_anomaly_ge2_final_c10,2025-06,0.036953488372093
tail05_reclaim10_anomaly_ge2_final_c10,2025-07,0.003262928338707456
tail05_reclaim10_anomaly_ge2_final_c10,2025-08,-0.015508051644193777
tail05_reclaim10_anomaly_ge2_final_c10,2025-09,0.11107618744390618
tail05_reclaim10_anomaly_ge2_final_c10,2025-10,-0.028146329830864403
tail05_reclaim10_anomaly_ge2_final_c10,2025-11,0.11489736217330482
tail05_reclaim10_anomaly_ge2_final_c10,2025-12,0.007649423729185652
tail05_reclaim10_anomaly_ge2_final_c10,2026-01,-0.09572081005934105
tail05_reclaim10_anomaly_ge2_final_c10,2026-02,-0.0037012439356869896
tail05_reclaim10_anomaly_ge2_final_c10,2026-03,0.017747342571283742
tail05_reclaim10_anomaly_ge2_final_c10,2026-04,0.023210285855907235
tail05_reclaim10_anomaly_ge2_final_c20,2024-11,0.09563615974566371
tail05_reclaim10_anomaly_ge2_final_c20,2024-12,-0.013517055547148979
tail05_reclaim10_anomaly_ge2_final_c20,2025-01,-0.12774095126487897
tail05_reclaim10_anomaly_ge2_final_c20,2025-02,-0.026378627564236846
tail05_reclaim10_anomaly_ge2_final_c20,2025-03,-0.014805897798424447
tail05_reclaim10_anomaly_ge2_final_c20,2025-04,0.15349532035328417
tail05_reclaim10_anomaly_ge2_final_c20,2025-05,-0.01400902799547991
tail05_reclaim10_anomaly_ge2_final_c20,2025-06,0.034953488372093
tail05_reclaim10_anomaly_ge2_final_c20,2025-07,-0.00873707166129254
tail05_reclaim10_anomaly_ge2_final_c20,2025-08,-0.03150805164419377
tail05_reclaim10_anomaly_ge2_final_c20,2025-09,0.0950761874439062
tail05_reclaim10_anomaly_ge2_final_c20,2025-10,-0.0401463298308644
tail05_reclaim10_anomaly_ge2_final_c20,2025-11,0.0988973621733048
tail05_reclaim10_anomaly_ge2_final_c20,2025-12,-0.0003505762708143484
tail05_reclaim10_anomaly_ge2_final_c20,2026-01,-0.11372081005934104
tail05_reclaim10_anomaly_ge2_final_c20,2026-02,-0.013701243935686985
tail05_reclaim10_anomaly_ge2_final_c20,2026-03,0.0017473425712837484
tail05_reclaim10_anomaly_ge2_final_c20,2026-04,0.01321028585590724
tail05_reclaim25_all_1200_c5,2024-11,-0.020202951644444966
tail05_reclaim25_all_1200_c5,2024-12,-0.03317686221130206
tail05_reclaim25_all_1200_c5,2025-01,-0.07768860081884921
tail05_reclaim25_all_1200_c5,2025-02,0.012431715115114539
tail05_reclaim25_all_1200_c5,2025-03,-0.04620146584477204
tail05_reclaim25_all_1200_c5,2025-04,0.07976643819916246
tail05_reclaim25_all_1200_c5,2025-05,0.15170808378800604
tail05_reclaim25_all_1200_c5,2025-06,0.03430639450633516
tail05_reclaim25_all_1200_c5,2025-07,-0.007377868803004241
tail05_reclaim25_all_1200_c5,2025-08,0.07404042943080547
tail05_reclaim25_all_1200_c5,2025-09,0.05902399376981188
tail05_reclaim25_all_1200_c5,2025-10,0.03075650545374803
tail05_reclaim25_all_1200_c5,2025-11,-0.03423705461507104
tail05_reclaim25_all_1200_c5,2025-12,-0.02528864175768142
tail05_reclaim25_all_1200_c5,2026-01,-0.04285107002733361
tail05_reclaim25_all_1200_c5,2026-02,0.00805271590091311
tail05_reclaim25_all_1200_c5,2026-03,0.09765026303571439
tail05_reclaim25_all_1200_c5,2026-04,0.06780683789369693
tail05_reclaim25_all_1200_c10,2024-11,-0.02720295164444497
tail05_reclaim25_all_1200_c10,2024-12,-0.042176862211302055
tail05_reclaim25_all_1200_c10,2025-01,-0.0866886008188492
tail05_reclaim25_all_1200_c10,2025-02,0.003431715115114538
tail05_reclaim25_all_1200_c10,2025-03,-0.05820146584477204
tail05_reclaim25_all_1200_c10,2025-04,0.06976643819916246
tail05_reclaim25_all_1200_c10,2025-05,0.14670808378800604
tail05_reclaim25_all_1200_c10,2025-06,0.025306394506335164
tail05_reclaim25_all_1200_c10,2025-07,-0.018377868803004245
tail05_reclaim25_all_1200_c10,2025-08,0.06504042943080546
tail05_reclaim25_all_1200_c10,2025-09,0.050023993769811884
tail05_reclaim25_all_1200_c10,2025-10,0.014756505453748028
tail05_reclaim25_all_1200_c10,2025-11,-0.04423705461507105
tail05_reclaim25_all_1200_c10,2025-12,-0.039288641757681424
tail05_reclaim25_all_1200_c10,2026-01,-0.05885107002733361
tail05_reclaim25_all_1200_c10,2026-02,5.271590091310285e-05
tail05_reclaim25_all_1200_c10,2026-03,0.08565026303571438
tail05_reclaim25_all_1200_c10,2026-04,0.05480683789369692
tail05_reclaim25_all_1200_c20,2024-11,-0.041202951644444964
tail05_reclaim25_all_1200_c20,2024-12,-0.06017686221130206
tail05_reclaim25_all_1200_c20,2025-01,-0.1046886008188492
tail05_reclaim25_all_1200_c20,2025-02,-0.014568284884885457
tail05_reclaim25_all_1200_c20,2025-03,-0.08220146584477205
tail05_reclaim25_all_1200_c20,2025-04,0.04976643819916246
tail05_reclaim25_all_1200_c20,2025-05,0.13670808378800603
tail05_reclaim25_all_1200_c20,2025-06,0.0073063945063351655
tail05_reclaim25_all_1200_c20,2025-07,-0.040377868803004244
tail05_reclaim25_all_1200_c20,2025-08,0.04704042943080547
tail05_reclaim25_all_1200_c20,2025-09,0.03202399376981188
tail05_reclaim25_all_1200_c20,2025-10,-0.01724349454625196
tail05_reclaim25_all_1200_c20,2025-11,-0.06423705461507104
tail05_reclaim25_all_1200_c20,2025-12,-0.06728864175768141
tail05_reclaim25_all_1200_c20,2026-01,-0.09085107002733361
tail05_reclaim25_all_1200_c20,2026-02,-0.01594728409908689
tail05_reclaim25_all_1200_c20,2026-03,0.06165026303571439
tail05_reclaim25_all_1200_c20,2026-04,0.02880683789369692
tail05_reclaim25_all_final_c5,2024-11,-0.04387895036690587
tail05_reclaim25_all_final_c5,2024-12,-0.04840374955301037
tail05_reclaim25_all_final_c5,2025-01,-0.0213761338101969
tail05_reclaim25_all_final_c5,2025-02,0.06675468426021802
tail05_reclaim25_all_final_c5,2025-03,-0.021870583233971674
tail05_reclaim25_all_final_c5,2025-04,0.235238219303788
tail05_reclaim25_all_final_c5,2025-05,0.1706817777420117
tail05_reclaim25_all_final_c5,2025-06,-0.011278463125396708
tail05_reclaim25_all_final_c5,2025-07,-0.01271595020293853
tail05_reclaim25_all_final_c5,2025-08,0.03344562678588651
tail05_reclaim25_all_final_c5,2025-09,0.11757726243228572
tail05_reclaim25_all_final_c5,2025-10,-0.04515009262643099
tail05_reclaim25_all_final_c5,2025-11,0.019788518448417503
tail05_reclaim25_all_final_c5,2025-12,0.0007897502318703082
tail05_reclaim25_all_final_c5,2026-01,-0.013595270029986048
tail05_reclaim25_all_final_c5,2026-02,0.008071634820729479
tail05_reclaim25_all_final_c5,2026-03,0.12559782183002632
tail05_reclaim25_all_final_c5,2026-04,0.14255211755909683
tail05_reclaim25_all_final_c10,2024-11,-0.051878950366905874
tail05_reclaim25_all_final_c10,2024-12,-0.05740374955301038
tail05_reclaim25_all_final_c10,2025-01,-0.030376133810196895
tail05_reclaim25_all_final_c10,2025-02,0.05775468426021803
tail05_reclaim25_all_final_c10,2025-03,-0.03587058323397168
tail05_reclaim25_all_final_c10,2025-04,0.22523821930378798
tail05_reclaim25_all_final_c10,2025-05,0.16168177774201173
tail05_reclaim25_all_final_c10,2025-06,-0.021278463125396715
tail05_reclaim25_all_final_c10,2025-07,-0.023715950202938527
tail05_reclaim25_all_final_c10,2025-08,0.022445626785886498
tail05_reclaim25_all_final_c10,2025-09,0.10757726243228571
tail05_reclaim25_all_final_c10,2025-10,-0.061150092626431
tail05_reclaim25_all_final_c10,2025-11,0.0077885184484175075
tail05_reclaim25_all_final_c10,2025-12,-0.01421024976812969
tail05_reclaim25_all_final_c10,2026-01,-0.02959527002998605
tail05_reclaim25_all_final_c10,2026-02,7.163482072947494e-05
tail05_reclaim25_all_final_c10,2026-03,0.11259782183002631
tail05_reclaim25_all_final_c10,2026-04,0.12955211755909682
tail05_reclaim25_all_final_c20,2024-11,-0.06787895036690587
tail05_reclaim25_all_final_c20,2024-12,-0.07540374955301038
tail05_reclaim25_all_final_c20,2025-01,-0.0483761338101969
tail05_reclaim25_all_final_c20,2025-02,0.039754684260218026
tail05_reclaim25_all_final_c20,2025-03,-0.06387058323397167
tail05_reclaim25_all_final_c20,2025-04,0.205238219303788
tail05_reclaim25_all_final_c20,2025-05,0.1436817777420117
tail05_reclaim25_all_final_c20,2025-06,-0.041278463125396715
tail05_reclaim25_all_final_c20,2025-07,-0.04571595020293853
tail05_reclaim25_all_final_c20,2025-08,0.0004456267858865097
tail05_reclaim25_all_final_c20,2025-09,0.08757726243228572
tail05_reclaim25_all_final_c20,2025-10,-0.09315009262643098
tail05_reclaim25_all_final_c20,2025-11,-0.016211481551582512
tail05_reclaim25_all_final_c20,2025-12,-0.04421024976812969
tail05_reclaim25_all_final_c20,2026-01,-0.06159527002998605
tail05_reclaim25_all_final_c20,2026-02,-0.015928365179270515
tail05_reclaim25_all_final_c20,2026-03,0.0865978218300263
tail05_reclaim25_all_final_c20,2026-04,0.10355211755909682
tail05_reclaim25_participation_q50_1200_c5,2024-11,-0.021652252962697405
tail05_reclaim25_participation_q50_1200_c5,2024-12,0.002111841087144576
tail05_reclaim25_participation_q50_1200_c5,2025-01,-0.075076630268331
tail05_reclaim25_participation_q50_1200_c5,2025-02,-0.022490692175963223
tail05_reclaim25_participation_q50_1200_c5,2025-03,0.03738270998721471
tail05_reclaim25_participation_q50_1200_c5,2025-04,0.06519369174390399
tail05_reclaim25_participation_q50_1200_c5,2025-05,0.07133376190735496
tail05_reclaim25_participation_q50_1200_c5,2025-06,0.05255428096860326
tail05_reclaim25_participation_q50_1200_c5,2025-07,-0.014821027294004419
tail05_reclaim25_participation_q50_1200_c5,2025-08,0.08192584098935868
tail05_reclaim25_participation_q50_1200_c5,2025-09,0.053194165447103814
tail05_reclaim25_participation_q50_1200_c5,2025-10,0.01668357401764864
tail05_reclaim25_participation_q50_1200_c5,2025-11,-0.048068687824606396
tail05_reclaim25_participation_q50_1200_c5,2025-12,0.030738809220191014
tail05_reclaim25_participation_q50_1200_c5,2026-01,-0.027199392433061517
tail05_reclaim25_participation_q50_1200_c5,2026-02,-0.04102204388252434
tail05_reclaim25_participation_q50_1200_c5,2026-03,0.08172418412350146
tail05_reclaim25_participation_q50_1200_c5,2026-04,0.011053284451262378
tail05_reclaim25_participation_q50_1200_c10,2024-11,-0.028652252962697407
tail05_reclaim25_participation_q50_1200_c10,2024-12,-0.005888158912855421
tail05_reclaim25_participation_q50_1200_c10,2025-01,-0.08207663026833101
tail05_reclaim25_participation_q50_1200_c10,2025-02,-0.028490692175963225
tail05_reclaim25_participation_q50_1200_c10,2025-03,0.029382709987214716
tail05_reclaim25_participation_q50_1200_c10,2025-04,0.05719369174390399
tail05_reclaim25_participation_q50_1200_c10,2025-05,0.06733376190735496
tail05_reclaim25_participation_q50_1200_c10,2025-06,0.04655428096860327
tail05_reclaim25_participation_q50_1200_c10,2025-07,-0.02382102729400442
tail05_reclaim25_participation_q50_1200_c10,2025-08,0.07592584098935867
tail05_reclaim25_participation_q50_1200_c10,2025-09,0.04619416544710381
tail05_reclaim25_participation_q50_1200_c10,2025-10,0.004683574017648642
tail05_reclaim25_participation_q50_1200_c10,2025-11,-0.0560686878246064
tail05_reclaim25_participation_q50_1200_c10,2025-12,0.020738809220191015
tail05_reclaim25_participation_q50_1200_c10,2026-01,-0.04119939243306152
tail05_reclaim25_participation_q50_1200_c10,2026-02,-0.047022043882524345
tail05_reclaim25_participation_q50_1200_c10,2026-03,0.07072418412350145
tail05_reclaim25_participation_q50_1200_c10,2026-04,5.3284451262378824e-05
tail05_reclaim25_participation_q50_1200_c20,2024-11,-0.0426522529626974
tail05_reclaim25_participation_q50_1200_c20,2024-12,-0.02188815891285542
tail05_reclaim25_participation_q50_1200_c20,2025-01,-0.09607663026833099
tail05_reclaim25_participation_q50_1200_c20,2025-02,-0.040490692175963225
tail05_reclaim25_participation_q50_1200_c20,2025-03,0.01338270998721472
tail05_reclaim25_participation_q50_1200_c20,2025-04,0.041193691743904
tail05_reclaim25_participation_q50_1200_c20,2025-05,0.05933376190735497
tail05_reclaim25_participation_q50_1200_c20,2025-06,0.03455428096860327
tail05_reclaim25_participation_q50_1200_c20,2025-07,-0.041821027294004415
tail05_reclaim25_participation_q50_1200_c20,2025-08,0.06392584098935868
tail05_reclaim25_participation_q50_1200_c20,2025-09,0.03219416544710382
tail05_reclaim25_participation_q50_1200_c20,2025-10,-0.01931642598235135
tail05_reclaim25_participation_q50_1200_c20,2025-11,-0.0720686878246064
tail05_reclaim25_participation_q50_1200_c20,2025-12,0.0007388092201910182
tail05_reclaim25_participation_q50_1200_c20,2026-01,-0.06919939243306152
tail05_reclaim25_participation_q50_1200_c20,2026-02,-0.05902204388252434
tail05_reclaim25_participation_q50_1200_c20,2026-03,0.04872418412350146
tail05_reclaim25_participation_q50_1200_c20,2026-04,-0.021946715548737623
tail05_reclaim25_participation_q50_final_c5,2024-11,-0.05901110347038602
tail05_reclaim25_participation_q50_final_c5,2024-12,-0.03007577993962096
tail05_reclaim25_participation_q50_final_c5,2025-01,-0.019497029113615505
tail05_reclaim25_participation_q50_final_c5,2025-02,0.027794165613999056
tail05_reclaim25_participation_q50_final_c5,2025-03,0.05059342241225151
tail05_reclaim25_participation_q50_final_c5,2025-04,0.17172645185159532
tail05_reclaim25_participation_q50_final_c5,2025-05,0.08038550542218403
tail05_reclaim25_participation_q50_final_c5,2025-06,0.052170670988651024
tail05_reclaim25_participation_q50_final_c5,2025-07,-0.013786936310190567
tail05_reclaim25_participation_q50_final_c5,2025-08,0.05033047882925743
tail05_reclaim25_participation_q50_final_c5,2025-09,0.1155830508294618
tail05_reclaim25_participation_q50_final_c5,2025-10,-0.06416317665814264
tail05_reclaim25_participation_q50_final_c5,2025-11,0.024728761914227293
tail05_reclaim25_participation_q50_final_c5,2025-12,0.0682731218604744
tail05_reclaim25_participation_q50_final_c5,2026-01,-0.007130384590380054
tail05_reclaim25_participation_q50_final_c5,2026-02,-0.0015492921262637571
tail05_reclaim25_participation_q50_final_c5,2026-03,0.12967090415388782
tail05_reclaim25_participation_q50_final_c5,2026-04,0.09393443645555744
tail05_reclaim25_participation_q50_final_c10,2024-11,-0.06701110347038602
tail05_reclaim25_participation_q50_final_c10,2024-12,-0.03807577993962096
tail05_reclaim25_participation_q50_final_c10,2025-01,-0.026497029113615504
tail05_reclaim25_participation_q50_final_c10,2025-02,0.021794165613999054
tail05_reclaim25_participation_q50_final_c10,2025-03,0.041593422412251516
tail05_reclaim25_participation_q50_final_c10,2025-04,0.16372645185159534
tail05_reclaim25_participation_q50_final_c10,2025-05,0.07238550542218404
tail05_reclaim25_participation_q50_final_c10,2025-06,0.04517067098865102
tail05_reclaim25_participation_q50_final_c10,2025-07,-0.02278693631019057
tail05_reclaim25_participation_q50_final_c10,2025-08,0.042330478829257424
tail05_reclaim25_participation_q50_final_c10,2025-09,0.10858305082946179
tail05_reclaim25_participation_q50_final_c10,2025-10,-0.07616317665814265
tail05_reclaim25_participation_q50_final_c10,2025-11,0.014728761914227293
tail05_reclaim25_participation_q50_final_c10,2025-12,0.05727312186047441
tail05_reclaim25_participation_q50_final_c10,2026-01,-0.021130384590380056
tail05_reclaim25_participation_q50_final_c10,2026-02,-0.0075492921262637624
tail05_reclaim25_participation_q50_final_c10,2026-03,0.11867090415388783
tail05_reclaim25_participation_q50_final_c10,2026-04,0.08293443645555743
tail05_reclaim25_participation_q50_final_c20,2024-11,-0.08301110347038602
tail05_reclaim25_participation_q50_final_c20,2024-12,-0.054075779939620955
tail05_reclaim25_participation_q50_final_c20,2025-01,-0.040497029113615496
tail05_reclaim25_participation_q50_final_c20,2025-02,0.00979416561399906
tail05_reclaim25_participation_q50_final_c20,2025-03,0.023593422412251517
tail05_reclaim25_participation_q50_final_c20,2025-04,0.14772645185159533
tail05_reclaim25_participation_q50_final_c20,2025-05,0.05638550542218404
tail05_reclaim25_participation_q50_final_c20,2025-06,0.031170670988651027
tail05_reclaim25_participation_q50_final_c20,2025-07,-0.04078693631019058
tail05_reclaim25_participation_q50_final_c20,2025-08,0.026330478829257434
tail05_reclaim25_participation_q50_final_c20,2025-09,0.0945830508294618
tail05_reclaim25_participation_q50_final_c20,2025-10,-0.10016317665814263
tail05_reclaim25_participation_q50_final_c20,2025-11,-0.005271238085772716
tail05_reclaim25_participation_q50_final_c20,2025-12,0.035273121860474405
tail05_reclaim25_participation_q50_final_c20,2026-01,-0.04913038459038005
tail05_reclaim25_participation_q50_final_c20,2026-02,-0.019549292126263752
tail05_reclaim25_participation_q50_final_c20,2026-03,0.09667090415388782
tail05_reclaim25_participation_q50_final_c20,2026-04,0.060934436455557434
tail05_reclaim25_participation_q67_1200_c5,2024-11,-0.028068358805482085
tail05_reclaim25_participation_q67_1200_c5,2024-12,0.00808988353514756
tail05_reclaim25_participation_q67_1200_c5,2025-01,-0.06580737160011674
tail05_reclaim25_participation_q67_1200_c5,2025-02,-0.022490692175963223
tail05_reclaim25_participation_q67_1200_c5,2025-03,0.018804205048540967
tail05_reclaim25_participation_q67_1200_c5,2025-04,0.038374847984564475
tail05_reclaim25_participation_q67_1200_c5,2025-05,0.07133376190735496
tail05_reclaim25_participation_q67_1200_c5,2025-06,0.06437643455358899
tail05_reclaim25_participation_q67_1200_c5,2025-07,0.04151527862063675
tail05_reclaim25_participation_q67_1200_c5,2025-08,0.07737197382148775
tail05_reclaim25_participation_q67_1200_c5,2025-09,0.07323866544714003
tail05_reclaim25_participation_q67_1200_c5,2025-10,-0.003833885550609817
tail05_reclaim25_participation_q67_1200_c5,2025-11,-0.0540703983412953
tail05_reclaim25_participation_q67_1200_c5,2025-12,0.0028507843879747074
tail05_reclaim25_participation_q67_1200_c5,2026-01,-0.05862334991041044
tail05_reclaim25_participation_q67_1200_c5,2026-02,-0.04102204388252434
tail05_reclaim25_participation_q67_1200_c5,2026-03,0.027515531293367146
tail05_reclaim25_participation_q67_1200_c5,2026-04,0.031768575332205305
tail05_reclaim25_participation_q67_1200_c10,2024-11,-0.03406835880548209
tail05_reclaim25_participation_q67_1200_c10,2024-12,0.0010898835351475632
tail05_reclaim25_participation_q67_1200_c10,2025-01,-0.07180737160011674
tail05_reclaim25_participation_q67_1200_c10,2025-02,-0.028490692175963225
tail05_reclaim25_participation_q67_1200_c10,2025-03,0.014804205048540969
tail05_reclaim25_participation_q67_1200_c10,2025-04,0.03237484798456448
tail05_reclaim25_participation_q67_1200_c10,2025-05,0.06733376190735496
tail05_reclaim25_participation_q67_1200_c10,2025-06,0.059376434553588986
tail05_reclaim25_participation_q67_1200_c10,2025-07,0.035515278620636755
tail05_reclaim25_participation_q67_1200_c10,2025-08,0.07237197382148775
tail05_reclaim25_participation_q67_1200_c10,2025-09,0.06723866544714002
tail05_reclaim25_participation_q67_1200_c10,2025-10,-0.012833885550609814
tail05_reclaim25_participation_q67_1200_c10,2025-11,-0.06207039834129531
tail05_reclaim25_participation_q67_1200_c10,2025-12,-0.005149215612025295
tail05_reclaim25_participation_q67_1200_c10,2026-01,-0.07162334991041043
tail05_reclaim25_participation_q67_1200_c10,2026-02,-0.047022043882524345
tail05_reclaim25_participation_q67_1200_c10,2026-03,0.018515531293367145
tail05_reclaim25_participation_q67_1200_c10,2026-04,0.023768575332205305
tail05_reclaim25_participation_q67_1200_c20,2024-11,-0.04606835880548209
tail05_reclaim25_participation_q67_1200_c20,2024-12,-0.012910116464852437
tail05_reclaim25_participation_q67_1200_c20,2025-01,-0.08380737160011674
tail05_reclaim25_participation_q67_1200_c20,2025-02,-0.040490692175963225
tail05_reclaim25_participation_q67_1200_c20,2025-03,0.0068042050485409705
tail05_reclaim25_participation_q67_1200_c20,2025-04,0.020374847984564473
tail05_reclaim25_participation_q67_1200_c20,2025-05,0.05933376190735497
tail05_reclaim25_participation_q67_1200_c20,2025-06,0.04937643455358899
tail05_reclaim25_participation_q67_1200_c20,2025-07,0.023515278620636754
tail05_reclaim25_participation_q67_1200_c20,2025-08,0.06237197382148775
tail05_reclaim25_participation_q67_1200_c20,2025-09,0.05523866544714003
tail05_reclaim25_participation_q67_1200_c20,2025-10,-0.03083388555060981
tail05_reclaim25_participation_q67_1200_c20,2025-11,-0.07807039834129531
tail05_reclaim25_participation_q67_1200_c20,2025-12,-0.02114921561202529
tail05_reclaim25_participation_q67_1200_c20,2026-01,-0.09762334991041044
tail05_reclaim25_participation_q67_1200_c20,2026-02,-0.05902204388252434
tail05_reclaim25_participation_q67_1200_c20,2026-03,0.0005155312933671531
tail05_reclaim25_participation_q67_1200_c20,2026-04,0.007768575332205305
tail05_reclaim25_participation_q67_final_c5,2024-11,-0.06805332295534533
tail05_reclaim25_participation_q67_final_c5,2024-12,-0.015960376614261695
tail05_reclaim25_participation_q67_final_c5,2025-01,-0.006020603754555374
tail05_reclaim25_participation_q67_final_c5,2025-02,0.027794165613999056
tail05_reclaim25_participation_q67_final_c5,2025-03,0.023616865901978035
tail05_reclaim25_participation_q67_final_c5,2025-04,0.14531810800854406
tail05_reclaim25_participation_q67_final_c5,2025-05,0.08038550542218403
tail05_reclaim25_participation_q67_final_c5,2025-06,0.10064678251907133
tail05_reclaim25_participation_q67_final_c5,2025-07,0.06011494268331097
tail05_reclaim25_participation_q67_final_c5,2025-08,0.0760253220877676
tail05_reclaim25_participation_q67_final_c5,2025-09,0.11733974740923653
tail05_reclaim25_participation_q67_final_c5,2025-10,-0.05141994941379979
tail05_reclaim25_participation_q67_final_c5,2025-11,0.007776286233069335
tail05_reclaim25_participation_q67_final_c5,2025-12,0.027409857351675948
tail05_reclaim25_participation_q67_final_c5,2026-01,-0.03225490449471448
tail05_reclaim25_participation_q67_final_c5,2026-02,-0.0015492921262637571
tail05_reclaim25_participation_q67_final_c5,2026-03,0.07628005752887734
tail05_reclaim25_participation_q67_final_c5,2026-04,0.08819391327961257
tail05_reclaim25_participation_q67_final_c10,2024-11,-0.07505332295534534
tail05_reclaim25_participation_q67_final_c10,2024-12,-0.022960376614261695
tail05_reclaim25_participation_q67_final_c10,2025-01,-0.012020603754555374
tail05_reclaim25_participation_q67_final_c10,2025-02,0.021794165613999054
tail05_reclaim25_participation_q67_final_c10,2025-03,0.01961686590197803
tail05_reclaim25_participation_q67_final_c10,2025-04,0.13931810800854405
tail05_reclaim25_participation_q67_final_c10,2025-05,0.07238550542218404
tail05_reclaim25_participation_q67_final_c10,2025-06,0.09464678251907134
tail05_reclaim25_participation_q67_final_c10,2025-07,0.05411494268331097
tail05_reclaim25_participation_q67_final_c10,2025-08,0.0690253220877676
tail05_reclaim25_participation_q67_final_c10,2025-09,0.11133974740923652
tail05_reclaim25_participation_q67_final_c10,2025-10,-0.0604199494137998
tail05_reclaim25_participation_q67_final_c10,2025-11,-0.00022371376693067213
tail05_reclaim25_participation_q67_final_c10,2025-12,0.019409857351675948
tail05_reclaim25_participation_q67_final_c10,2026-01,-0.04525490449471448
tail05_reclaim25_participation_q67_final_c10,2026-02,-0.0075492921262637624
tail05_reclaim25_participation_q67_final_c10,2026-03,0.06728005752887735
tail05_reclaim25_participation_q67_final_c10,2026-04,0.08019391327961256
tail05_reclaim25_participation_q67_final_c20,2024-11,-0.08905332295534535
tail05_reclaim25_participation_q67_final_c20,2024-12,-0.03696037661426169
tail05_reclaim25_participation_q67_final_c20,2025-01,-0.02402060375455537
tail05_reclaim25_participation_q67_final_c20,2025-02,0.00979416561399906
tail05_reclaim25_participation_q67_final_c20,2025-03,0.011616865901978038
tail05_reclaim25_participation_q67_final_c20,2025-04,0.12731810800854404
tail05_reclaim25_participation_q67_final_c20,2025-05,0.05638550542218404
tail05_reclaim25_participation_q67_final_c20,2025-06,0.08264678251907134
tail05_reclaim25_participation_q67_final_c20,2025-07,0.042114942683310966
tail05_reclaim25_participation_q67_final_c20,2025-08,0.055025322087767614
tail05_reclaim25_participation_q67_final_c20,2025-09,0.09933974740923653
tail05_reclaim25_participation_q67_final_c20,2025-10,-0.07841994941379979
tail05_reclaim25_participation_q67_final_c20,2025-11,-0.016223713766930686
tail05_reclaim25_participation_q67_final_c20,2025-12,0.003409857351675944
tail05_reclaim25_participation_q67_final_c20,2026-01,-0.07125490449471447
tail05_reclaim25_participation_q67_final_c20,2026-02,-0.019549292126263752
tail05_reclaim25_participation_q67_final_c20,2026-03,0.04928005752887735
tail05_reclaim25_participation_q67_final_c20,2026-04,0.06419391327961257
tail05_reclaim25_participation_q80_1200_c5,2024-11,-0.005604728017412408
tail05_reclaim25_participation_q80_1200_c5,2024-12,0.013975873081253866
tail05_reclaim25_participation_q80_1200_c5,2025-01,-0.04700378323738941
tail05_reclaim25_participation_q80_1200_c5,2025-02,-0.030864732345159407
tail05_reclaim25_participation_q80_1200_c5,2025-03,0.0036160181985774864
tail05_reclaim25_participation_q80_1200_c5,2025-04,0.053468144567849984
tail05_reclaim25_participation_q80_1200_c5,2025-05,0.03125739339364886
tail05_reclaim25_participation_q80_1200_c5,2025-06,0.06437643455358899
tail05_reclaim25_participation_q80_1200_c5,2025-07,0.037637308975361994
tail05_reclaim25_participation_q80_1200_c5,2025-08,0.08533349305307902
tail05_reclaim25_participation_q80_1200_c5,2025-09,0.07558288663317364
tail05_reclaim25_participation_q80_1200_c5,2025-10,-0.013942682019453367
tail05_reclaim25_participation_q80_1200_c5,2025-11,-0.014300799240818854
tail05_reclaim25_participation_q80_1200_c5,2025-12,-0.02065064742493899
tail05_reclaim25_participation_q80_1200_c5,2026-01,-0.05534989192013573
tail05_reclaim25_participation_q80_1200_c5,2026-02,-0.03646100602985547
tail05_reclaim25_participation_q80_1200_c5,2026-03,0.03934269564031745
tail05_reclaim25_participation_q80_1200_c5,2026-04,0.04942494451258835
tail05_reclaim25_participation_q80_1200_c10,2024-11,-0.009604728017412412
tail05_reclaim25_participation_q80_1200_c10,2024-12,0.008975873081253869
tail05_reclaim25_participation_q80_1200_c10,2025-01,-0.052003783237389405
tail05_reclaim25_participation_q80_1200_c10,2025-02,-0.03486473234515941
tail05_reclaim25_participation_q80_1200_c10,2025-03,0.000616018198577489
tail05_reclaim25_participation_q80_1200_c10,2025-04,0.04846814456784999
tail05_reclaim25_participation_q80_1200_c10,2025-05,0.02825739339364886
tail05_reclaim25_participation_q80_1200_c10,2025-06,0.059376434553588986
tail05_reclaim25_participation_q80_1200_c10,2025-07,0.031637308975361995
tail05_reclaim25_participation_q80_1200_c10,2025-08,0.08133349305307902
tail05_reclaim25_participation_q80_1200_c10,2025-09,0.07058288663317364
tail05_reclaim25_participation_q80_1200_c10,2025-10,-0.019942682019453373
tail05_reclaim25_participation_q80_1200_c10,2025-11,-0.02130079924081886
tail05_reclaim25_participation_q80_1200_c10,2025-12,-0.027650647424938994
tail05_reclaim25_participation_q80_1200_c10,2026-01,-0.06734989192013573
tail05_reclaim25_participation_q80_1200_c10,2026-02,-0.042461006029855475
tail05_reclaim25_participation_q80_1200_c10,2026-03,0.03134269564031744
tail05_reclaim25_participation_q80_1200_c10,2026-04,0.04642494451258835
tail05_reclaim25_participation_q80_1200_c20,2024-11,-0.017604728017412412
tail05_reclaim25_participation_q80_1200_c20,2024-12,-0.0010241269187461315
tail05_reclaim25_participation_q80_1200_c20,2025-01,-0.06200378323738941
tail05_reclaim25_participation_q80_1200_c20,2025-02,-0.04286473234515941
tail05_reclaim25_participation_q80_1200_c20,2025-03,-0.005383981801422511
tail05_reclaim25_participation_q80_1200_c20,2025-04,0.038468144567849985
tail05_reclaim25_participation_q80_1200_c20,2025-05,0.02225739339364886
tail05_reclaim25_participation_q80_1200_c20,2025-06,0.04937643455358899
tail05_reclaim25_participation_q80_1200_c20,2025-07,0.019637308975361995
tail05_reclaim25_participation_q80_1200_c20,2025-08,0.07333349305307901
tail05_reclaim25_participation_q80_1200_c20,2025-09,0.06058288663317364
tail05_reclaim25_participation_q80_1200_c20,2025-10,-0.03194268201945336
tail05_reclaim25_participation_q80_1200_c20,2025-11,-0.03530079924081886
tail05_reclaim25_participation_q80_1200_c20,2025-12,-0.041650647424938986
tail05_reclaim25_participation_q80_1200_c20,2026-01,-0.09134989192013573
tail05_reclaim25_participation_q80_1200_c20,2026-02,-0.05446100602985547
tail05_reclaim25_participation_q80_1200_c20,2026-03,0.015342695640317455
tail05_reclaim25_participation_q80_1200_c20,2026-04,0.04042494451258835
tail05_reclaim25_participation_q80_final_c5,2024-11,-0.025844671693693422
tail05_reclaim25_participation_q80_final_c5,2024-12,-0.017946662093132948
tail05_reclaim25_participation_q80_final_c5,2025-01,0.015503929110979975
tail05_reclaim25_participation_q80_final_c5,2025-02,0.008954426072377064
tail05_reclaim25_participation_q80_final_c5,2025-03,0.0058278363886835605
tail05_reclaim25_participation_q80_final_c5,2025-04,0.14361385921765524
tail05_reclaim25_participation_q80_final_c5,2025-05,0.050413750329828755
tail05_reclaim25_participation_q80_final_c5,2025-06,0.10064678251907133
tail05_reclaim25_participation_q80_final_c5,2025-07,0.05112957868954138
tail05_reclaim25_participation_q80_final_c5,2025-08,0.06564819188838267
tail05_reclaim25_participation_q80_final_c5,2025-09,0.11453401601483953
tail05_reclaim25_participation_q80_final_c5,2025-10,-0.07680596338379264
tail05_reclaim25_participation_q80_final_c5,2025-11,0.034025199175288255
tail05_reclaim25_participation_q80_final_c5,2025-12,0.0021466813625396495
tail05_reclaim25_participation_q80_final_c5,2026-01,-0.06753686997172542
tail05_reclaim25_participation_q80_final_c5,2026-02,-0.0011434632624063301
tail05_reclaim25_participation_q80_final_c5,2026-03,0.08191765455762345
tail05_reclaim25_participation_q80_final_c5,2026-04,0.07122834443843884
tail05_reclaim25_participation_q80_final_c10,2024-11,-0.029844671693693425
tail05_reclaim25_participation_q80_final_c10,2024-12,-0.022946662093132945
tail05_reclaim25_participation_q80_final_c10,2025-01,0.010503929110979977
tail05_reclaim25_participation_q80_final_c10,2025-02,0.004954426072377064
tail05_reclaim25_participation_q80_final_c10,2025-03,0.0028278363886835613
tail05_reclaim25_participation_q80_final_c10,2025-04,0.13861385921765523
tail05_reclaim25_participation_q80_final_c10,2025-05,0.044413750329828756
tail05_reclaim25_participation_q80_final_c10,2025-06,0.09464678251907134
tail05_reclaim25_participation_q80_final_c10,2025-07,0.04512957868954138
tail05_reclaim25_participation_q80_final_c10,2025-08,0.06064819188838266
tail05_reclaim25_participation_q80_final_c10,2025-09,0.10953401601483953
tail05_reclaim25_participation_q80_final_c10,2025-10,-0.08280596338379265
tail05_reclaim25_participation_q80_final_c10,2025-11,0.027025199175288256
tail05_reclaim25_participation_q80_final_c10,2025-12,-0.004853318637460349
tail05_reclaim25_participation_q80_final_c10,2026-01,-0.07953686997172542
tail05_reclaim25_participation_q80_final_c10,2026-02,-0.0071434632624063354
tail05_reclaim25_participation_q80_final_c10,2026-03,0.07391765455762345
tail05_reclaim25_participation_q80_final_c10,2026-04,0.06822834443843884
tail05_reclaim25_participation_q80_final_c20,2024-11,-0.03784467169369343
tail05_reclaim25_participation_q80_final_c20,2024-12,-0.03294666209313295
tail05_reclaim25_participation_q80_final_c20,2025-01,0.0005039291109799789
tail05_reclaim25_participation_q80_final_c20,2025-02,-0.0030455739276229327
tail05_reclaim25_participation_q80_final_c20,2025-03,-0.003172163611316437
tail05_reclaim25_participation_q80_final_c20,2025-04,0.12861385921765522
tail05_reclaim25_participation_q80_final_c20,2025-05,0.03241375032982876
tail05_reclaim25_participation_q80_final_c20,2025-06,0.08264678251907134
tail05_reclaim25_participation_q80_final_c20,2025-07,0.033129578689541375
tail05_reclaim25_participation_q80_final_c20,2025-08,0.05064819188838267
tail05_reclaim25_participation_q80_final_c20,2025-09,0.09953401601483954
tail05_reclaim25_participation_q80_final_c20,2025-10,-0.09480596338379264
tail05_reclaim25_participation_q80_final_c20,2025-11,0.01302519917528825
tail05_reclaim25_participation_q80_final_c20,2025-12,-0.018853318637460353
tail05_reclaim25_participation_q80_final_c20,2026-01,-0.10353686997172541
tail05_reclaim25_participation_q80_final_c20,2026-02,-0.019143463262406325
tail05_reclaim25_participation_q80_final_c20,2026-03,0.05791765455762345
tail05_reclaim25_participation_q80_final_c20,2026-04,0.06222834443843884
tail05_reclaim25_anomaly_ge1_1200_c5,2024-11,-0.018490185423237326
tail05_reclaim25_anomaly_ge1_1200_c5,2024-12,0.026110307126437343
tail05_reclaim25_anomaly_ge1_1200_c5,2025-01,-0.0731431285850362
tail05_reclaim25_anomaly_ge1_1200_c5,2025-02,0.015122144125160886
tail05_reclaim25_anomaly_ge1_1200_c5,2025-03,-0.026307675857670684
tail05_reclaim25_anomaly_ge1_1200_c5,2025-04,0.06357287953055069
tail05_reclaim25_anomaly_ge1_1200_c5,2025-05,0.15170808378800604
tail05_reclaim25_anomaly_ge1_1200_c5,2025-06,0.050814031879294064
tail05_reclaim25_anomaly_ge1_1200_c5,2025-07,-0.015756177361475443
tail05_reclaim25_anomaly_ge1_1200_c5,2025-08,0.1025656424538442
tail05_reclaim25_anomaly_ge1_1200_c5,2025-09,0.08546483605555649
tail05_reclaim25_anomaly_ge1_1200_c5,2025-10,0.10124139598822812
tail05_reclaim25_anomaly_ge1_1200_c5,2025-11,-0.022216519489415054
tail05_reclaim25_anomaly_ge1_1200_c5,2025-12,-0.0036143711856013437
tail05_reclaim25_anomaly_ge1_1200_c5,2026-01,-0.06250385454994757
tail05_reclaim25_anomaly_ge1_1200_c5,2026-02,0.0029958072463909247
tail05_reclaim25_anomaly_ge1_1200_c5,2026-03,0.04008320927278086
tail05_reclaim25_anomaly_ge1_1200_c5,2026-04,0.061078722390821925
tail05_reclaim25_anomaly_ge1_1200_c10,2024-11,-0.02549018542323733
tail05_reclaim25_anomaly_ge1_1200_c10,2024-12,0.020110307126437344
tail05_reclaim25_anomaly_ge1_1200_c10,2025-01,-0.08014312858503621
tail05_reclaim25_anomaly_ge1_1200_c10,2025-02,0.0071221441251608855
tail05_reclaim25_anomaly_ge1_1200_c10,2025-03,-0.033307675857670686
tail05_reclaim25_anomaly_ge1_1200_c10,2025-04,0.056572879530550686
tail05_reclaim25_anomaly_ge1_1200_c10,2025-05,0.14670808378800604
tail05_reclaim25_anomaly_ge1_1200_c10,2025-06,0.04481403187929406
tail05_reclaim25_anomaly_ge1_1200_c10,2025-07,-0.024756177361475444
tail05_reclaim25_anomaly_ge1_1200_c10,2025-08,0.09356564245384419
tail05_reclaim25_anomaly_ge1_1200_c10,2025-09,0.0764648360555565
tail05_reclaim25_anomaly_ge1_1200_c10,2025-10,0.08824139598822811
tail05_reclaim25_anomaly_ge1_1200_c10,2025-11,-0.031216519489415062
tail05_reclaim25_anomaly_ge1_1200_c10,2025-12,-0.010614371185601343
tail05_reclaim25_anomaly_ge1_1200_c10,2026-01,-0.07850385454994757
tail05_reclaim25_anomaly_ge1_1200_c10,2026-02,-0.0040041927536090816
tail05_reclaim25_anomaly_ge1_1200_c10,2026-03,0.031083209272780864
tail05_reclaim25_anomaly_ge1_1200_c10,2026-04,0.053078722390821925
tail05_reclaim25_anomaly_ge1_1200_c20,2024-11,-0.039490185423237324
tail05_reclaim25_anomaly_ge1_1200_c20,2024-12,0.008110307126437346
tail05_reclaim25_anomaly_ge1_1200_c20,2025-01,-0.0941431285850362
tail05_reclaim25_anomaly_ge1_1200_c20,2025-02,-0.008877855874839122
tail05_reclaim25_anomaly_ge1_1200_c20,2025-03,-0.04730767585767069
tail05_reclaim25_anomaly_ge1_1200_c20,2025-04,0.04257287953055068
tail05_reclaim25_anomaly_ge1_1200_c20,2025-05,0.13670808378800603
tail05_reclaim25_anomaly_ge1_1200_c20,2025-06,0.03281403187929407
tail05_reclaim25_anomaly_ge1_1200_c20,2025-07,-0.04275617736147544
tail05_reclaim25_anomaly_ge1_1200_c20,2025-08,0.0755656424538442
tail05_reclaim25_anomaly_ge1_1200_c20,2025-09,0.058464836055556496
tail05_reclaim25_anomaly_ge1_1200_c20,2025-10,0.06224139598822813
tail05_reclaim25_anomaly_ge1_1200_c20,2025-11,-0.049216519489415064
tail05_reclaim25_anomaly_ge1_1200_c20,2025-12,-0.02461437118560134
tail05_reclaim25_anomaly_ge1_1200_c20,2026-01,-0.11050385454994757
tail05_reclaim25_anomaly_ge1_1200_c20,2026-02,-0.018004192753609073
tail05_reclaim25_anomaly_ge1_1200_c20,2026-03,0.01308320927278087
tail05_reclaim25_anomaly_ge1_1200_c20,2026-04,0.037078722390821925
tail05_reclaim25_anomaly_ge1_final_c5,2024-11,-0.047733008124645315
tail05_reclaim25_anomaly_ge1_final_c5,2024-12,-0.01276640891671708
tail05_reclaim25_anomaly_ge1_final_c5,2025-01,-0.022746525567124865
tail05_reclaim25_anomaly_ge1_final_c5,2025-02,0.07980606473722396
tail05_reclaim25_anomaly_ge1_final_c5,2025-03,-0.027148820846559507
tail05_reclaim25_anomaly_ge1_final_c5,2025-04,0.1682446764265339
tail05_reclaim25_anomaly_ge1_final_c5,2025-05,0.1808702204868598
tail05_reclaim25_anomaly_ge1_final_c5,2025-06,0.050333350859174786
tail05_reclaim25_anomaly_ge1_final_c5,2025-07,-0.016863273172976645
tail05_reclaim25_anomaly_ge1_final_c5,2025-08,0.05007415084458394
tail05_reclaim25_anomaly_ge1_final_c5,2025-09,0.1429692720783418
tail05_reclaim25_anomaly_ge1_final_c5,2025-10,0.018727152262835667
tail05_reclaim25_anomaly_ge1_final_c5,2025-11,0.019902073698257583
tail05_reclaim25_anomaly_ge1_final_c5,2025-12,-0.002471166255761409
tail05_reclaim25_anomaly_ge1_final_c5,2026-01,-0.03436256948494893
tail05_reclaim25_anomaly_ge1_final_c5,2026-02,0.011161090716575228
tail05_reclaim25_anomaly_ge1_final_c5,2026-03,0.07626646542945481
tail05_reclaim25_anomaly_ge1_final_c5,2026-04,0.09615811151097323
tail05_reclaim25_anomaly_ge1_final_c10,2024-11,-0.05573300812464532
tail05_reclaim25_anomaly_ge1_final_c10,2024-12,-0.018766408916717083
tail05_reclaim25_anomaly_ge1_final_c10,2025-01,-0.02974652556712486
tail05_reclaim25_anomaly_ge1_final_c10,2025-02,0.07180606473722395
tail05_reclaim25_anomaly_ge1_final_c10,2025-03,-0.03514882084655951
tail05_reclaim25_anomaly_ge1_final_c10,2025-04,0.1612446764265339
tail05_reclaim25_anomaly_ge1_final_c10,2025-05,0.17287022048685982
tail05_reclaim25_anomaly_ge1_final_c10,2025-06,0.043333350859174787
tail05_reclaim25_anomaly_ge1_final_c10,2025-07,-0.025863273172976646
tail05_reclaim25_anomaly_ge1_final_c10,2025-08,0.04007415084458393
tail05_reclaim25_anomaly_ge1_final_c10,2025-09,0.1339692720783418
tail05_reclaim25_anomaly_ge1_final_c10,2025-10,0.005727152262835657
tail05_reclaim25_anomaly_ge1_final_c10,2025-11,0.008902073698257589
tail05_reclaim25_anomaly_ge1_final_c10,2025-12,-0.009471166255761408
tail05_reclaim25_anomaly_ge1_final_c10,2026-01,-0.050362569484948924
tail05_reclaim25_anomaly_ge1_final_c10,2026-02,0.0041610907165752255
tail05_reclaim25_anomaly_ge1_final_c10,2026-03,0.06626646542945482
tail05_reclaim25_anomaly_ge1_final_c10,2026-04,0.08815811151097323
tail05_reclaim25_anomaly_ge1_final_c20,2024-11,-0.07173300812464532
tail05_reclaim25_anomaly_ge1_final_c20,2024-12,-0.03076640891671708
tail05_reclaim25_anomaly_ge1_final_c20,2025-01,-0.043746525567124855
tail05_reclaim25_anomaly_ge1_final_c20,2025-02,0.055806064737223965
tail05_reclaim25_anomaly_ge1_final_c20,2025-03,-0.051148820846559515
tail05_reclaim25_anomaly_ge1_final_c20,2025-04,0.14724467642653388
tail05_reclaim25_anomaly_ge1_final_c20,2025-05,0.1568702204868598
tail05_reclaim25_anomaly_ge1_final_c20,2025-06,0.029333350859174788
tail05_reclaim25_anomaly_ge1_final_c20,2025-07,-0.043863273172976655
tail05_reclaim25_anomaly_ge1_final_c20,2025-08,0.020074150844583943
tail05_reclaim25_anomaly_ge1_final_c20,2025-09,0.11596927207834182
tail05_reclaim25_anomaly_ge1_final_c20,2025-10,-0.020272847737164326
tail05_reclaim25_anomaly_ge1_final_c20,2025-11,-0.013097926301742429
tail05_reclaim25_anomaly_ge1_final_c20,2025-12,-0.023471166255761407
tail05_reclaim25_anomaly_ge1_final_c20,2026-01,-0.08236256948494892
tail05_reclaim25_anomaly_ge1_final_c20,2026-02,-0.009838909283424766
tail05_reclaim25_anomaly_ge1_final_c20,2026-03,0.04626646542945481
tail05_reclaim25_anomaly_ge1_final_c20,2026-04,0.07215811151097323
tail05_reclaim25_anomaly_ge1_5_1200_c5,2024-11,0.05375737070705633
tail05_reclaim25_anomaly_ge1_5_1200_c5,2024-12,0.016455882502280007
tail05_reclaim25_anomaly_ge1_5_1200_c5,2025-01,-0.075076630268331
tail05_reclaim25_anomaly_ge1_5_1200_c5,2025-02,-0.021914293121802597
tail05_reclaim25_anomaly_ge1_5_1200_c5,2025-03,-0.06517574038932339
tail05_reclaim25_anomaly_ge1_5_1200_c5,2025-04,0.05120089835418473
tail05_reclaim25_anomaly_ge1_5_1200_c5,2025-05,0.029017478919471706
tail05_reclaim25_anomaly_ge1_5_1200_c5,2025-06,0.04219104149377351
tail05_reclaim25_anomaly_ge1_5_1200_c5,2025-07,-0.003615753461500947
tail05_reclaim25_anomaly_ge1_5_1200_c5,2025-08,0.12061673395534722
tail05_reclaim25_anomaly_ge1_5_1200_c5,2025-09,0.08488969241065525
tail05_reclaim25_anomaly_ge1_5_1200_c5,2025-10,0.09377448152236689
tail05_reclaim25_anomaly_ge1_5_1200_c5,2025-11,-0.03142654115588213
tail05_reclaim25_anomaly_ge1_5_1200_c5,2025-12,-0.04284851020978711
tail05_reclaim25_anomaly_ge1_5_1200_c5,2026-01,-0.05699998185992777
tail05_reclaim25_anomaly_ge1_5_1200_c5,2026-02,-0.03881764659933262
tail05_reclaim25_anomaly_ge1_5_1200_c5,2026-03,0.05591842582866924
tail05_reclaim25_anomaly_ge1_5_1200_c5,2026-04,0.04083871946440093
tail05_reclaim25_anomaly_ge1_5_1200_c10,2024-11,0.048757370707056324
tail05_reclaim25_anomaly_ge1_5_1200_c10,2024-12,0.01245588250228001
tail05_reclaim25_anomaly_ge1_5_1200_c10,2025-01,-0.08207663026833101
tail05_reclaim25_anomaly_ge1_5_1200_c10,2025-02,-0.028914293121802596
tail05_reclaim25_anomaly_ge1_5_1200_c10,2025-03,-0.0711757403893234
tail05_reclaim25_anomaly_ge1_5_1200_c10,2025-04,0.04620089835418473
tail05_reclaim25_anomaly_ge1_5_1200_c10,2025-05,0.027017478919471705
tail05_reclaim25_anomaly_ge1_5_1200_c10,2025-06,0.039191041493773504
tail05_reclaim25_anomaly_ge1_5_1200_c10,2025-07,-0.010615753461500945
tail05_reclaim25_anomaly_ge1_5_1200_c10,2025-08,0.11361673395534722
tail05_reclaim25_anomaly_ge1_5_1200_c10,2025-09,0.07788969241065524
tail05_reclaim25_anomaly_ge1_5_1200_c10,2025-10,0.08477448152236688
tail05_reclaim25_anomaly_ge1_5_1200_c10,2025-11,-0.039426541155882136
tail05_reclaim25_anomaly_ge1_5_1200_c10,2025-12,-0.04784851020978711
tail05_reclaim25_anomaly_ge1_5_1200_c10,2026-01,-0.06799998185992777
tail05_reclaim25_anomaly_ge1_5_1200_c10,2026-02,-0.042817646599332626
tail05_reclaim25_anomaly_ge1_5_1200_c10,2026-03,0.04791842582866924
tail05_reclaim25_anomaly_ge1_5_1200_c10,2026-04,0.036838719464400926
tail05_reclaim25_anomaly_ge1_5_1200_c20,2024-11,0.03875737070705632
tail05_reclaim25_anomaly_ge1_5_1200_c20,2024-12,0.004455882502280012
tail05_reclaim25_anomaly_ge1_5_1200_c20,2025-01,-0.09607663026833099
tail05_reclaim25_anomaly_ge1_5_1200_c20,2025-02,-0.0429142931218026
tail05_reclaim25_anomaly_ge1_5_1200_c20,2025-03,-0.08317574038932339
tail05_reclaim25_anomaly_ge1_5_1200_c20,2025-04,0.03620089835418473
tail05_reclaim25_anomaly_ge1_5_1200_c20,2025-05,0.023017478919471708
tail05_reclaim25_anomaly_ge1_5_1200_c20,2025-06,0.03319104149377351
tail05_reclaim25_anomaly_ge1_5_1200_c20,2025-07,-0.02461575346150095
tail05_reclaim25_anomaly_ge1_5_1200_c20,2025-08,0.09961673395534722
tail05_reclaim25_anomaly_ge1_5_1200_c20,2025-09,0.06388969241065526
tail05_reclaim25_anomaly_ge1_5_1200_c20,2025-10,0.0667744815223669
tail05_reclaim25_anomaly_ge1_5_1200_c20,2025-11,-0.055426541155882136
tail05_reclaim25_anomaly_ge1_5_1200_c20,2025-12,-0.05784851020978711
tail05_reclaim25_anomaly_ge1_5_1200_c20,2026-01,-0.08999998185992777
tail05_reclaim25_anomaly_ge1_5_1200_c20,2026-02,-0.05081764659933262
tail05_reclaim25_anomaly_ge1_5_1200_c20,2026-03,0.031918425828669245
tail05_reclaim25_anomaly_ge1_5_1200_c20,2026-04,0.02883871946440093
tail05_reclaim25_anomaly_ge1_5_final_c5,2024-11,0.03470470145792942
tail05_reclaim25_anomaly_ge1_5_final_c5,2024-12,-0.00963317498880521
tail05_reclaim25_anomaly_ge1_5_final_c5,2025-01,-0.019497029113615505
tail05_reclaim25_anomaly_ge1_5_final_c5,2025-02,0.026231165951798863
tail05_reclaim25_anomaly_ge1_5_final_c5,2025-03,-0.034414338729639005
tail05_reclaim25_anomaly_ge1_5_final_c5,2025-04,0.0924943033086622
tail05_reclaim25_anomaly_ge1_5_final_c5,2025-05,0.05822758828508978
tail05_reclaim25_anomaly_ge1_5_final_c5,2025-06,0.0665975848718372
tail05_reclaim25_anomaly_ge1_5_final_c5,2025-07,0.007913864456022046
tail05_reclaim25_anomaly_ge1_5_final_c5,2025-08,0.07564729026253247
tail05_reclaim25_anomaly_ge1_5_final_c5,2025-09,0.13730379135355142
tail05_reclaim25_anomaly_ge1_5_final_c5,2025-10,0.0342394540503812
tail05_reclaim25_anomaly_ge1_5_final_c5,2025-11,0.011617208877993931
tail05_reclaim25_anomaly_ge1_5_final_c5,2025-12,-0.05602124019916574
tail05_reclaim25_anomaly_ge1_5_final_c5,2026-01,0.002118450300830672
tail05_reclaim25_anomaly_ge1_5_final_c5,2026-02,-0.016723422674684962
tail05_reclaim25_anomaly_ge1_5_final_c5,2026-03,0.11729700763071899
tail05_reclaim25_anomaly_ge1_5_final_c5,2026-04,0.049639302676246166
tail05_reclaim25_anomaly_ge1_5_final_c10,2024-11,0.02870470145792942
tail05_reclaim25_anomaly_ge1_5_final_c10,2024-12,-0.013633174988805213
tail05_reclaim25_anomaly_ge1_5_final_c10,2025-01,-0.026497029113615504
tail05_reclaim25_anomaly_ge1_5_final_c10,2025-02,0.019231165951798863
tail05_reclaim25_anomaly_ge1_5_final_c10,2025-03,-0.04041433872963901
tail05_reclaim25_anomaly_ge1_5_final_c10,2025-04,0.0874943033086622
tail05_reclaim25_anomaly_ge1_5_final_c10,2025-05,0.05422758828508978
tail05_reclaim25_anomaly_ge1_5_final_c10,2025-06,0.0625975848718372
tail05_reclaim25_anomaly_ge1_5_final_c10,2025-07,0.0009138644560220486
tail05_reclaim25_anomaly_ge1_5_final_c10,2025-08,0.06764729026253247
tail05_reclaim25_anomaly_ge1_5_final_c10,2025-09,0.1303037913535514
tail05_reclaim25_anomaly_ge1_5_final_c10,2025-10,0.025239454050381194
tail05_reclaim25_anomaly_ge1_5_final_c10,2025-11,0.0036172088779939243
tail05_reclaim25_anomaly_ge1_5_final_c10,2025-12,-0.06102124019916574
tail05_reclaim25_anomaly_ge1_5_final_c10,2026-01,-0.008881549699169322
tail05_reclaim25_anomaly_ge1_5_final_c10,2026-02,-0.020723422674684966
tail05_reclaim25_anomaly_ge1_5_final_c10,2026-03,0.10829700763071898
tail05_reclaim25_anomaly_ge1_5_final_c10,2026-04,0.04563930267624616
tail05_reclaim25_anomaly_ge1_5_final_c20,2024-11,0.016704701457929415
tail05_reclaim25_anomaly_ge1_5_final_c20,2024-12,-0.02163317498880521
tail05_reclaim25_anomaly_ge1_5_final_c20,2025-01,-0.040497029113615496
tail05_reclaim25_anomaly_ge1_5_final_c20,2025-02,0.005231165951798868
tail05_reclaim25_anomaly_ge1_5_final_c20,2025-03,-0.05241433872963901
tail05_reclaim25_anomaly_ge1_5_final_c20,2025-04,0.07749430330866221
tail05_reclaim25_anomaly_ge1_5_final_c20,2025-05,0.046227588285089785
tail05_reclaim25_anomaly_ge1_5_final_c20,2025-06,0.054597584871837204
tail05_reclaim25_anomaly_ge1_5_final_c20,2025-07,-0.013086135543977955
tail05_reclaim25_anomaly_ge1_5_final_c20,2025-08,0.051647290262532466
tail05_reclaim25_anomaly_ge1_5_final_c20,2025-09,0.11630379135355141
tail05_reclaim25_anomaly_ge1_5_final_c20,2025-10,0.0072394540503812055
tail05_reclaim25_anomaly_ge1_5_final_c20,2025-11,-0.012382791122006076
tail05_reclaim25_anomaly_ge1_5_final_c20,2025-12,-0.07102124019916574
tail05_reclaim25_anomaly_ge1_5_final_c20,2026-01,-0.03088154969916932
tail05_reclaim25_anomaly_ge1_5_final_c20,2026-02,-0.02872342267468496
tail05_reclaim25_anomaly_ge1_5_final_c20,2026-03,0.09029700763071899
tail05_reclaim25_anomaly_ge1_5_final_c20,2026-04,0.03763930267624617
tail05_reclaim25_anomaly_ge2_1200_c5,2024-11,-0.06942559762196232
tail05_reclaim25_anomaly_ge2_1200_c5,2024-12,0.03783788312081504
tail05_reclaim25_anomaly_ge2_1200_c5,2025-01,-0.05504438800101563
tail05_reclaim25_anomaly_ge2_1200_c5,2025-02,-0.025883957249295042
tail05_reclaim25_anomaly_ge2_1200_c5,2025-03,0.0028376085639266755
tail05_reclaim25_anomaly_ge2_1200_c5,2025-04,0.049408015879788936
tail05_reclaim25_anomaly_ge2_1200_c5,2025-05,0.0052075215224286495
tail05_reclaim25_anomaly_ge2_1200_c5,2025-06,0.0
tail05_reclaim25_anomaly_ge2_1200_c5,2025-07,-0.028858469818538124
tail05_reclaim25_anomaly_ge2_1200_c5,2025-08,0.10391309324520082
tail05_reclaim25_anomaly_ge2_1200_c5,2025-09,0.0720811923279695
tail05_reclaim25_anomaly_ge2_1200_c5,2025-10,0.03218646472859088
tail05_reclaim25_anomaly_ge2_1200_c5,2025-11,0.0013927595951786498
tail05_reclaim25_anomaly_ge2_1200_c5,2025-12,-0.02441860931763226
tail05_reclaim25_anomaly_ge2_1200_c5,2026-01,-0.05936501069921929
tail05_reclaim25_anomaly_ge2_1200_c5,2026-02,-0.0029827544443411505
tail05_reclaim25_anomaly_ge2_1200_c5,2026-03,0.005888752913358554
tail05_reclaim25_anomaly_ge2_1200_c5,2026-04,0.0006896778051225794
tail05_reclaim25_anomaly_ge2_1200_c10,2024-11,-0.07242559762196232
tail05_reclaim25_anomaly_ge2_1200_c10,2024-12,0.03483788312081504
tail05_reclaim25_anomaly_ge2_1200_c10,2025-01,-0.06004438800101563
tail05_reclaim25_anomaly_ge2_1200_c10,2025-02,-0.029883957249295042
tail05_reclaim25_anomaly_ge2_1200_c10,2025-03,0.0018376085639266754
tail05_reclaim25_anomaly_ge2_1200_c10,2025-04,0.047408015879788934
tail05_reclaim25_anomaly_ge2_1200_c10,2025-05,0.0042075215224286495
tail05_reclaim25_anomaly_ge2_1200_c10,2025-06,0.0
tail05_reclaim25_anomaly_ge2_1200_c10,2025-07,-0.03185846981853813
tail05_reclaim25_anomaly_ge2_1200_c10,2025-08,0.09991309324520081
tail05_reclaim25_anomaly_ge2_1200_c10,2025-09,0.0660811923279695
tail05_reclaim25_anomaly_ge2_1200_c10,2025-10,0.029186464728590877
tail05_reclaim25_anomaly_ge2_1200_c10,2025-11,-0.0036072404048213547
tail05_reclaim25_anomaly_ge2_1200_c10,2025-12,-0.02741860931763226
tail05_reclaim25_anomaly_ge2_1200_c10,2026-01,-0.0663650106992193
tail05_reclaim25_anomaly_ge2_1200_c10,2026-02,-0.005982754444341152
tail05_reclaim25_anomaly_ge2_1200_c10,2026-03,0.0018887529133585542
tail05_reclaim25_anomaly_ge2_1200_c10,2026-04,-0.0023103221948774233
tail05_reclaim25_anomaly_ge2_1200_c20,2024-11,-0.07842559762196233
tail05_reclaim25_anomaly_ge2_1200_c20,2024-12,0.028837883120815044
tail05_reclaim25_anomaly_ge2_1200_c20,2025-01,-0.07004438800101563
tail05_reclaim25_anomaly_ge2_1200_c20,2025-02,-0.037883957249295046
tail05_reclaim25_anomaly_ge2_1200_c20,2025-03,-0.0001623914360733246
tail05_reclaim25_anomaly_ge2_1200_c20,2025-04,0.04340801587978893
tail05_reclaim25_anomaly_ge2_1200_c20,2025-05,0.0022075215224286494
tail05_reclaim25_anomaly_ge2_1200_c20,2025-06,0.0
tail05_reclaim25_anomaly_ge2_1200_c20,2025-07,-0.03785846981853812
tail05_reclaim25_anomaly_ge2_1200_c20,2025-08,0.0919130932452008
tail05_reclaim25_anomaly_ge2_1200_c20,2025-09,0.054081192327969506
tail05_reclaim25_anomaly_ge2_1200_c20,2025-10,0.02318646472859088
tail05_reclaim25_anomaly_ge2_1200_c20,2025-11,-0.013607240404821364
tail05_reclaim25_anomaly_ge2_1200_c20,2025-12,-0.033418609317632256
tail05_reclaim25_anomaly_ge2_1200_c20,2026-01,-0.08036501069921928
tail05_reclaim25_anomaly_ge2_1200_c20,2026-02,-0.011982754444341149
tail05_reclaim25_anomaly_ge2_1200_c20,2026-03,-0.006111247086641444
tail05_reclaim25_anomaly_ge2_1200_c20,2026-04,-0.008310322194877418
tail05_reclaim25_anomaly_ge2_final_c5,2024-11,-0.07969411938860171
tail05_reclaim25_anomaly_ge2_final_c5,2024-12,0.003538263126942831
tail05_reclaim25_anomaly_ge2_final_c5,2025-01,-0.008785015239268333
tail05_reclaim25_anomaly_ge2_final_c5,2025-02,-4.858919321326562e-05
tail05_reclaim25_anomaly_ge2_final_c5,2025-03,-0.011805897798424447
tail05_reclaim25_anomaly_ge2_final_c5,2025-04,0.07771849337493192
tail05_reclaim25_anomaly_ge2_final_c5,2025-05,0.02387062100395254
tail05_reclaim25_anomaly_ge2_final_c5,2025-06,0.0
tail05_reclaim25_anomaly_ge2_final_c5,2025-07,-0.01937292995420048
tail05_reclaim25_anomaly_ge2_final_c5,2025-08,0.12204409494628954
tail05_reclaim25_anomaly_ge2_final_c5,2025-09,0.12743063110880204
tail05_reclaim25_anomaly_ge2_final_c5,2025-10,-0.05070323158446921
tail05_reclaim25_anomaly_ge2_final_c5,2025-11,0.062343491810372964
tail05_reclaim25_anomaly_ge2_final_c5,2025-12,-0.008611925744681975
tail05_reclaim25_anomaly_ge2_final_c5,2026-01,-0.011807910974140412
tail05_reclaim25_anomaly_ge2_final_c5,2026-02,0.009472225349747232
tail05_reclaim25_anomaly_ge2_final_c5,2026-03,0.06728879819636929
tail05_reclaim25_anomaly_ge2_final_c5,2026-04,0.02129999602333532
tail05_reclaim25_anomaly_ge2_final_c10,2024-11,-0.08269411938860172
tail05_reclaim25_anomaly_ge2_final_c10,2024-12,0.0005382631269428284
tail05_reclaim25_anomaly_ge2_final_c10,2025-01,-0.013785015239268332
tail05_reclaim25_anomaly_ge2_final_c10,2025-02,-0.004048589193213267
tail05_reclaim25_anomaly_ge2_final_c10,2025-03,-0.012805897798424446
tail05_reclaim25_anomaly_ge2_final_c10,2025-04,0.07571849337493192
tail05_reclaim25_anomaly_ge2_final_c10,2025-05,0.021870621003952543
tail05_reclaim25_anomaly_ge2_final_c10,2025-06,0.0
tail05_reclaim25_anomaly_ge2_final_c10,2025-07,-0.02237292995420048
tail05_reclaim25_anomaly_ge2_final_c10,2025-08,0.11804409494628954
tail05_reclaim25_anomaly_ge2_final_c10,2025-09,0.12143063110880203
tail05_reclaim25_anomaly_ge2_final_c10,2025-10,-0.05370323158446921
tail05_reclaim25_anomaly_ge2_final_c10,2025-11,0.05734349181037297
tail05_reclaim25_anomaly_ge2_final_c10,2025-12,-0.011611925744681973
tail05_reclaim25_anomaly_ge2_final_c10,2026-01,-0.018807910974140408
tail05_reclaim25_anomaly_ge2_final_c10,2026-02,0.006472225349747231
tail05_reclaim25_anomaly_ge2_final_c10,2026-03,0.06228879819636929
tail05_reclaim25_anomaly_ge2_final_c10,2026-04,0.01829999602333532
tail05_reclaim25_anomaly_ge2_final_c20,2024-11,-0.08869411938860172
tail05_reclaim25_anomaly_ge2_final_c20,2024-12,-0.00546173687305717
tail05_reclaim25_anomaly_ge2_final_c20,2025-01,-0.02378501523926833
tail05_reclaim25_anomaly_ge2_final_c20,2025-02,-0.012048589193213263
tail05_reclaim25_anomaly_ge2_final_c20,2025-03,-0.014805897798424447
tail05_reclaim25_anomaly_ge2_final_c20,2025-04,0.07171849337493191
tail05_reclaim25_anomaly_ge2_final_c20,2025-05,0.017870621003952543
tail05_reclaim25_anomaly_ge2_final_c20,2025-06,0.0
tail05_reclaim25_anomaly_ge2_final_c20,2025-07,-0.028372929954200477
tail05_reclaim25_anomaly_ge2_final_c20,2025-08,0.11004409494628954
tail05_reclaim25_anomaly_ge2_final_c20,2025-09,0.10943063110880204
tail05_reclaim25_anomaly_ge2_final_c20,2025-10,-0.05970323158446922
tail05_reclaim25_anomaly_ge2_final_c20,2025-11,0.047343491810372965
tail05_reclaim25_anomaly_ge2_final_c20,2025-12,-0.017611925744681973
tail05_reclaim25_anomaly_ge2_final_c20,2026-01,-0.0328079109741404
tail05_reclaim25_anomaly_ge2_final_c20,2026-02,0.0004722253497472344
tail05_reclaim25_anomaly_ge2_final_c20,2026-03,0.05228879819636929
tail05_reclaim25_anomaly_ge2_final_c20,2026-04,0.012299996023335324
tail05_reclaim50_all_1200_c5,2024-11,0.04584172510147311
tail05_reclaim50_all_1200_c5,2024-12,-0.03044323658462178
tail05_reclaim50_all_1200_c5,2025-01,-0.03427818566581853
tail05_reclaim50_all_1200_c5,2025-02,0.03385056710160761
tail05_reclaim50_all_1200_c5,2025-03,-0.04415659839422599
tail05_reclaim50_all_1200_c5,2025-04,0.005163799087530174
tail05_reclaim50_all_1200_c5,2025-05,0.011551288758801181
tail05_reclaim50_all_1200_c5,2025-06,0.026420708275539384
tail05_reclaim50_all_1200_c5,2025-07,-0.004829320225367528
tail05_reclaim50_all_1200_c5,2025-08,0.09475831248290939
tail05_reclaim50_all_1200_c5,2025-09,-0.008081504173028331
tail05_reclaim50_all_1200_c5,2025-10,0.007748214238240181
tail05_reclaim50_all_1200_c5,2025-11,-0.05888574999256002
tail05_reclaim50_all_1200_c5,2025-12,0.004120424067590022
tail05_reclaim50_all_1200_c5,2026-01,-0.006716897837646812
tail05_reclaim50_all_1200_c5,2026-02,0.004354426137022638
tail05_reclaim50_all_1200_c5,2026-03,-0.0011013036321744774
tail05_reclaim50_all_1200_c5,2026-04,0.006951789099436945
tail05_reclaim50_all_1200_c10,2024-11,0.0408417251014731
tail05_reclaim50_all_1200_c10,2024-12,-0.03444323658462178
tail05_reclaim50_all_1200_c10,2025-01,-0.03727818566581853
tail05_reclaim50_all_1200_c10,2025-02,0.03185056710160761
tail05_reclaim50_all_1200_c10,2025-03,-0.048156598394225994
tail05_reclaim50_all_1200_c10,2025-04,0.0011637990875301776
tail05_reclaim50_all_1200_c10,2025-05,0.01055128875880118
tail05_reclaim50_all_1200_c10,2025-06,0.01942070827553939
tail05_reclaim50_all_1200_c10,2025-07,-0.009829320225367526
tail05_reclaim50_all_1200_c10,2025-08,0.08875831248290939
tail05_reclaim50_all_1200_c10,2025-09,-0.010081504173028331
tail05_reclaim50_all_1200_c10,2025-10,0.0007482142382401833
tail05_reclaim50_all_1200_c10,2025-11,-0.06288574999256002
tail05_reclaim50_all_1200_c10,2025-12,-0.003879575932409977
tail05_reclaim50_all_1200_c10,2026-01,-0.015716897837646814
tail05_reclaim50_all_1200_c10,2026-02,-0.0006455738629773666
tail05_reclaim50_all_1200_c10,2026-03,-0.009101303632174476
tail05_reclaim50_all_1200_c10,2026-04,-4.821090056306154e-05
tail05_reclaim50_all_1200_c20,2024-11,0.030841725101473105
tail05_reclaim50_all_1200_c20,2024-12,-0.04244323658462178
tail05_reclaim50_all_1200_c20,2025-01,-0.04327818566581852
tail05_reclaim50_all_1200_c20,2025-02,0.02785056710160761
tail05_reclaim50_all_1200_c20,2025-03,-0.056156598394226
tail05_reclaim50_all_1200_c20,2025-04,-0.0068362009124698225
tail05_reclaim50_all_1200_c20,2025-05,0.008551288758801182
tail05_reclaim50_all_1200_c20,2025-06,0.00542070827553939
tail05_reclaim50_all_1200_c20,2025-07,-0.019829320225367524
tail05_reclaim50_all_1200_c20,2025-08,0.07675831248290939
tail05_reclaim50_all_1200_c20,2025-09,-0.01408150417302833
tail05_reclaim50_all_1200_c20,2025-10,-0.013251785761759814
tail05_reclaim50_all_1200_c20,2025-11,-0.07088574999256002
tail05_reclaim50_all_1200_c20,2025-12,-0.019879575932409976
tail05_reclaim50_all_1200_c20,2026-01,-0.03371689783764681
tail05_reclaim50_all_1200_c20,2026-02,-0.010645573862977362
tail05_reclaim50_all_1200_c20,2026-03,-0.02510130363217447
tail05_reclaim50_all_1200_c20,2026-04,-0.014048210900563053
tail05_reclaim50_all_final_c5,2024-11,0.04134954482327258
tail05_reclaim50_all_final_c5,2024-12,-0.02585028073532891
tail05_reclaim50_all_final_c5,2025-01,-0.0004911215633958133
tail05_reclaim50_all_final_c5,2025-02,0.0430220193382147
tail05_reclaim50_all_final_c5,2025-03,-0.03437680349445915
tail05_reclaim50_all_final_c5,2025-04,0.030805685291416696
tail05_reclaim50_all_final_c5,2025-05,0.016180351866885045
tail05_reclaim50_all_final_c5,2025-06,-0.06772494393324224
tail05_reclaim50_all_final_c5,2025-07,-0.006111399157661345
tail05_reclaim50_all_final_c5,2025-08,0.11592023653465283
tail05_reclaim50_all_final_c5,2025-09,-0.006579308473781075
tail05_reclaim50_all_final_c5,2025-10,-0.00407609539012993
tail05_reclaim50_all_final_c5,2025-11,-0.05698871080968826
tail05_reclaim50_all_final_c5,2025-12,0.023364202453663017
tail05_reclaim50_all_final_c5,2026-01,-0.02441088338458325
tail05_reclaim50_all_final_c5,2026-02,-0.031222943834832595
tail05_reclaim50_all_final_c5,2026-03,0.0015837227472570454
tail05_reclaim50_all_final_c5,2026-04,0.039029875007197234
tail05_reclaim50_all_final_c10,2024-11,0.03634954482327257
tail05_reclaim50_all_final_c10,2024-12,-0.02985028073532891
tail05_reclaim50_all_final_c10,2025-01,-0.0034911215633958124
tail05_reclaim50_all_final_c10,2025-02,0.0410220193382147
tail05_reclaim50_all_final_c10,2025-03,-0.04037680349445915
tail05_reclaim50_all_final_c10,2025-04,0.0268056852914167
tail05_reclaim50_all_final_c10,2025-05,0.014180351866885047
tail05_reclaim50_all_final_c10,2025-06,-0.07572494393324225
tail05_reclaim50_all_final_c10,2025-07,-0.011111399157661345
tail05_reclaim50_all_final_c10,2025-08,0.10892023653465283
tail05_reclaim50_all_final_c10,2025-09,-0.008579308473781076
tail05_reclaim50_all_final_c10,2025-10,-0.011076095390129933
tail05_reclaim50_all_final_c10,2025-11,-0.060988710809688255
tail05_reclaim50_all_final_c10,2025-12,0.015364202453663017
tail05_reclaim50_all_final_c10,2026-01,-0.033410883384583256
tail05_reclaim50_all_final_c10,2026-02,-0.0362229438348326
tail05_reclaim50_all_final_c10,2026-03,-0.006416277252742951
tail05_reclaim50_all_final_c10,2026-04,0.03202987500719723
tail05_reclaim50_all_final_c20,2024-11,0.026349544823272567
tail05_reclaim50_all_final_c20,2024-12,-0.03785028073532891
tail05_reclaim50_all_final_c20,2025-01,-0.00949112156339581
tail05_reclaim50_all_final_c20,2025-02,0.0370220193382147
tail05_reclaim50_all_final_c20,2025-03,-0.052376803494459154
tail05_reclaim50_all_final_c20,2025-04,0.0188056852914167
tail05_reclaim50_all_final_c20,2025-05,0.010180351866885047
tail05_reclaim50_all_final_c20,2025-06,-0.09172494393324225
tail05_reclaim50_all_final_c20,2025-07,-0.021111399157661345
tail05_reclaim50_all_final_c20,2025-08,0.09492023653465284
tail05_reclaim50_all_final_c20,2025-09,-0.012579308473781074
tail05_reclaim50_all_final_c20,2025-10,-0.025076095390129928
tail05_reclaim50_all_final_c20,2025-11,-0.06898871080968826
tail05_reclaim50_all_final_c20,2025-12,-0.0006357975463369778
tail05_reclaim50_all_final_c20,2026-01,-0.051410883384583245
tail05_reclaim50_all_final_c20,2026-02,-0.046222943834832594
tail05_reclaim50_all_final_c20,2026-03,-0.022416277252742953
tail05_reclaim50_all_final_c20,2026-04,0.018029875007197223
tail05_reclaim50_participation_q50_1200_c5,2024-11,0.04584172510147311
tail05_reclaim50_participation_q50_1200_c5,2024-12,-0.03044323658462178
tail05_reclaim50_participation_q50_1200_c5,2025-01,-0.03427818566581853
tail05_reclaim50_participation_q50_1200_c5,2025-02,0.03385056710160761
tail05_reclaim50_participation_q50_1200_c5,2025-03,-0.00016649301937909835
tail05_reclaim50_participation_q50_1200_c5,2025-04,0.004124583401255655
tail05_reclaim50_participation_q50_1200_c5,2025-05,0.011551288758801181
tail05_reclaim50_participation_q50_1200_c5,2025-06,0.04559145192608083
tail05_reclaim50_participation_q50_1200_c5,2025-07,-0.016861777380820286
tail05_reclaim50_participation_q50_1200_c5,2025-08,0.09568316808914701
tail05_reclaim50_participation_q50_1200_c5,2025-09,-0.0011028324130506473
tail05_reclaim50_participation_q50_1200_c5,2025-10,0.00646249582585512
tail05_reclaim50_participation_q50_1200_c5,2025-11,-0.04048969312956585
tail05_reclaim50_participation_q50_1200_c5,2025-12,0.013915250303560334
tail05_reclaim50_participation_q50_1200_c5,2026-01,-0.0030631647840183565
tail05_reclaim50_participation_q50_1200_c5,2026-02,-0.059376683969560196
tail05_reclaim50_participation_q50_1200_c5,2026-03,-0.005078301608488767
tail05_reclaim50_participation_q50_1200_c5,2026-04,-0.031882327500252106
tail05_reclaim50_participation_q50_1200_c10,2024-11,0.0408417251014731
tail05_reclaim50_participation_q50_1200_c10,2024-12,-0.03444323658462178
tail05_reclaim50_participation_q50_1200_c10,2025-01,-0.03727818566581853
tail05_reclaim50_participation_q50_1200_c10,2025-02,0.03185056710160761
tail05_reclaim50_participation_q50_1200_c10,2025-03,-0.0011664930193790984
tail05_reclaim50_participation_q50_1200_c10,2025-04,0.0011245834012556556
tail05_reclaim50_participation_q50_1200_c10,2025-05,0.01055128875880118
tail05_reclaim50_participation_q50_1200_c10,2025-06,0.04059145192608083
tail05_reclaim50_participation_q50_1200_c10,2025-07,-0.020861777380820283
tail05_reclaim50_participation_q50_1200_c10,2025-08,0.091683168089147
tail05_reclaim50_participation_q50_1200_c10,2025-09,-0.002102832413050648
tail05_reclaim50_participation_q50_1200_c10,2025-10,0.001462495825855118
tail05_reclaim50_participation_q50_1200_c10,2025-11,-0.04248969312956585
tail05_reclaim50_participation_q50_1200_c10,2025-12,0.007915250303560335
tail05_reclaim50_participation_q50_1200_c10,2026-01,-0.011063164784018358
tail05_reclaim50_participation_q50_1200_c10,2026-02,-0.0613766839695602
tail05_reclaim50_participation_q50_1200_c10,2026-03,-0.011078301608488765
tail05_reclaim50_participation_q50_1200_c10,2026-04,-0.03788232750025211
tail05_reclaim50_participation_q50_1200_c20,2024-11,0.030841725101473105
tail05_reclaim50_participation_q50_1200_c20,2024-12,-0.04244323658462178
tail05_reclaim50_participation_q50_1200_c20,2025-01,-0.04327818566581852
tail05_reclaim50_participation_q50_1200_c20,2025-02,0.02785056710160761
tail05_reclaim50_participation_q50_1200_c20,2025-03,-0.0031664930193790984
tail05_reclaim50_participation_q50_1200_c20,2025-04,-0.004875416598744343
tail05_reclaim50_participation_q50_1200_c20,2025-05,0.008551288758801182
tail05_reclaim50_participation_q50_1200_c20,2025-06,0.030591451926080832
tail05_reclaim50_participation_q50_1200_c20,2025-07,-0.028861777380820283
tail05_reclaim50_participation_q50_1200_c20,2025-08,0.08368316808914701
tail05_reclaim50_participation_q50_1200_c20,2025-09,-0.0041028324130506465
tail05_reclaim50_participation_q50_1200_c20,2025-10,-0.008537504174144877
tail05_reclaim50_participation_q50_1200_c20,2025-11,-0.04648969312956586
tail05_reclaim50_participation_q50_1200_c20,2025-12,-0.0040847496964396615
tail05_reclaim50_participation_q50_1200_c20,2026-01,-0.027063164784018354
tail05_reclaim50_participation_q50_1200_c20,2026-02,-0.0653766839695602
tail05_reclaim50_participation_q50_1200_c20,2026-03,-0.023078301608488762
tail05_reclaim50_participation_q50_1200_c20,2026-04,-0.04988232750025211
tail05_reclaim50_participation_q50_final_c5,2024-11,0.04134954482327258
tail05_reclaim50_participation_q50_final_c5,2024-12,-0.02585028073532891
tail05_reclaim50_participation_q50_final_c5,2025-01,-0.0004911215633958133
tail05_reclaim50_participation_q50_final_c5,2025-02,0.0430220193382147
tail05_reclaim50_participation_q50_final_c5,2025-03,-0.023893820130438836
tail05_reclaim50_participation_q50_final_c5,2025-04,0.03266843038945588
tail05_reclaim50_participation_q50_final_c5,2025-05,0.016180351866885045
tail05_reclaim50_participation_q50_final_c5,2025-06,0.04737512446394032
tail05_reclaim50_participation_q50_final_c5,2025-07,-0.011200559900483742
tail05_reclaim50_participation_q50_final_c5,2025-08,0.12724540061450118
tail05_reclaim50_participation_q50_final_c5,2025-09,-0.007350029893541499
tail05_reclaim50_participation_q50_final_c5,2025-10,0.0035761574424182374
tail05_reclaim50_participation_q50_final_c5,2025-11,-0.009671208723674773
tail05_reclaim50_participation_q50_final_c5,2025-12,0.044321024105238915
tail05_reclaim50_participation_q50_final_c5,2026-01,-0.0208153332085797
tail05_reclaim50_participation_q50_final_c5,2026-02,-0.04263814066725258
tail05_reclaim50_participation_q50_final_c5,2026-03,0.02995291023068336
tail05_reclaim50_participation_q50_final_c5,2026-04,-0.00892464383647551
tail05_reclaim50_participation_q50_final_c10,2024-11,0.03634954482327257
tail05_reclaim50_participation_q50_final_c10,2024-12,-0.02985028073532891
tail05_reclaim50_participation_q50_final_c10,2025-01,-0.0034911215633958124
tail05_reclaim50_participation_q50_final_c10,2025-02,0.0410220193382147
tail05_reclaim50_participation_q50_final_c10,2025-03,-0.025893820130438838
tail05_reclaim50_participation_q50_final_c10,2025-04,0.029668430389455883
tail05_reclaim50_participation_q50_final_c10,2025-05,0.014180351866885047
tail05_reclaim50_participation_q50_final_c10,2025-06,0.041375124463940316
tail05_reclaim50_participation_q50_final_c10,2025-07,-0.015200559900483742
tail05_reclaim50_participation_q50_final_c10,2025-08,0.12224540061450118
tail05_reclaim50_participation_q50_final_c10,2025-09,-0.0083500298935415
tail05_reclaim50_participation_q50_final_c10,2025-10,-0.001423842557581767
tail05_reclaim50_participation_q50_final_c10,2025-11,-0.011671208723674772
tail05_reclaim50_participation_q50_final_c10,2025-12,0.03832102410523892
tail05_reclaim50_participation_q50_final_c10,2026-01,-0.028815333208579704
tail05_reclaim50_participation_q50_final_c10,2026-02,-0.04463814066725258
tail05_reclaim50_participation_q50_final_c10,2026-03,0.023952910230683366
tail05_reclaim50_participation_q50_final_c10,2026-04,-0.014924643836475515
tail05_reclaim50_participation_q50_final_c20,2024-11,0.026349544823272567
tail05_reclaim50_participation_q50_final_c20,2024-12,-0.03785028073532891
tail05_reclaim50_participation_q50_final_c20,2025-01,-0.00949112156339581
tail05_reclaim50_participation_q50_final_c20,2025-02,0.0370220193382147
tail05_reclaim50_participation_q50_final_c20,2025-03,-0.029893820130438835
tail05_reclaim50_participation_q50_final_c20,2025-04,0.023668430389455885
tail05_reclaim50_participation_q50_final_c20,2025-05,0.010180351866885047
tail05_reclaim50_participation_q50_final_c20,2025-06,0.02937512446394032
tail05_reclaim50_participation_q50_final_c20,2025-07,-0.023200559900483742
tail05_reclaim50_participation_q50_final_c20,2025-08,0.11224540061450118
tail05_reclaim50_participation_q50_final_c20,2025-09,-0.010350029893541498
tail05_reclaim50_participation_q50_final_c20,2025-10,-0.011423842557581766
tail05_reclaim50_participation_q50_final_c20,2025-11,-0.015671208723674772
tail05_reclaim50_participation_q50_final_c20,2025-12,0.02632102410523892
tail05_reclaim50_participation_q50_final_c20,2026-01,-0.0448153332085797
tail05_reclaim50_participation_q50_final_c20,2026-02,-0.048638140667252576
tail05_reclaim50_participation_q50_final_c20,2026-03,0.011952910230683362
tail05_reclaim50_participation_q50_final_c20,2026-04,-0.026924643836475522
tail05_reclaim50_participation_q67_1200_c5,2024-11,0.04163715664694079
tail05_reclaim50_participation_q67_1200_c5,2024-12,-0.023639874426160223
tail05_reclaim50_participation_q67_1200_c5,2025-01,-0.03427818566581853
tail05_reclaim50_participation_q67_1200_c5,2025-02,0.03385056710160761
tail05_reclaim50_participation_q67_1200_c5,2025-03,-0.00016649301937909835
tail05_reclaim50_participation_q67_1200_c5,2025-04,-0.01509329658328551
tail05_reclaim50_participation_q67_1200_c5,2025-05,0.011551288758801181
tail05_reclaim50_participation_q67_1200_c5,2025-06,0.05741360551106656
tail05_reclaim50_participation_q67_1200_c5,2025-07,0.00489798780594597
tail05_reclaim50_participation_q67_1200_c5,2025-08,0.08597207951451658
tail05_reclaim50_participation_q67_1200_c5,2025-09,0.025338009872693967
tail05_reclaim50_participation_q67_1200_c5,2025-10,0.00646249582585512
tail05_reclaim50_participation_q67_1200_c5,2025-11,-0.04048969312956585
tail05_reclaim50_participation_q67_1200_c5,2025-12,-0.018853157611461557
tail05_reclaim50_participation_q67_1200_c5,2026-01,-0.04611101879239499
tail05_reclaim50_participation_q67_1200_c5,2026-02,-0.059376683969560196
tail05_reclaim50_participation_q67_1200_c5,2026-03,0.016726375145293848
tail05_reclaim50_participation_q67_1200_c5,2026-04,0.01873849299422181
tail05_reclaim50_participation_q67_1200_c10,2024-11,0.037637156646940784
tail05_reclaim50_participation_q67_1200_c10,2024-12,-0.02563987442616022
tail05_reclaim50_participation_q67_1200_c10,2025-01,-0.03727818566581853
tail05_reclaim50_participation_q67_1200_c10,2025-02,0.03185056710160761
tail05_reclaim50_participation_q67_1200_c10,2025-03,-0.0011664930193790984
tail05_reclaim50_participation_q67_1200_c10,2025-04,-0.01609329658328551
tail05_reclaim50_participation_q67_1200_c10,2025-05,0.01055128875880118
tail05_reclaim50_participation_q67_1200_c10,2025-06,0.05341360551106655
tail05_reclaim50_participation_q67_1200_c10,2025-07,0.0018979878059459717
tail05_reclaim50_participation_q67_1200_c10,2025-08,0.08297207951451657
tail05_reclaim50_participation_q67_1200_c10,2025-09,0.024338009872693966
tail05_reclaim50_participation_q67_1200_c10,2025-10,0.001462495825855118
tail05_reclaim50_participation_q67_1200_c10,2025-11,-0.04248969312956585
tail05_reclaim50_participation_q67_1200_c10,2025-12,-0.023853157611461555
tail05_reclaim50_participation_q67_1200_c10,2026-01,-0.053111018792394986
tail05_reclaim50_participation_q67_1200_c10,2026-02,-0.0613766839695602
tail05_reclaim50_participation_q67_1200_c10,2026-03,0.01172637514529385
tail05_reclaim50_participation_q67_1200_c10,2026-04,0.01573849299422181
tail05_reclaim50_participation_q67_1200_c20,2024-11,0.029637156646940783
tail05_reclaim50_participation_q67_1200_c20,2024-12,-0.029639874426160222
tail05_reclaim50_participation_q67_1200_c20,2025-01,-0.04327818566581852
tail05_reclaim50_participation_q67_1200_c20,2025-02,0.02785056710160761
tail05_reclaim50_participation_q67_1200_c20,2025-03,-0.0031664930193790984
tail05_reclaim50_participation_q67_1200_c20,2025-04,-0.01809329658328551
tail05_reclaim50_participation_q67_1200_c20,2025-05,0.008551288758801182
tail05_reclaim50_participation_q67_1200_c20,2025-06,0.04541360551106656
tail05_reclaim50_participation_q67_1200_c20,2025-07,-0.004102012194054028
tail05_reclaim50_participation_q67_1200_c20,2025-08,0.07697207951451657
tail05_reclaim50_participation_q67_1200_c20,2025-09,0.022338009872693968
tail05_reclaim50_participation_q67_1200_c20,2025-10,-0.008537504174144877
tail05_reclaim50_participation_q67_1200_c20,2025-11,-0.04648969312956586
tail05_reclaim50_participation_q67_1200_c20,2025-12,-0.03385315761146156
tail05_reclaim50_participation_q67_1200_c20,2026-01,-0.06711101879239498
tail05_reclaim50_participation_q67_1200_c20,2026-02,-0.0653766839695602
tail05_reclaim50_participation_q67_1200_c20,2026-03,0.001726375145293852
tail05_reclaim50_participation_q67_1200_c20,2026-04,0.009738492994221814
tail05_reclaim50_participation_q67_final_c5,2024-11,0.03447040646849453
tail05_reclaim50_participation_q67_final_c5,2024-12,-0.004864600519235316
tail05_reclaim50_participation_q67_final_c5,2025-01,-0.0004911215633958133
tail05_reclaim50_participation_q67_final_c5,2025-02,0.0430220193382147
tail05_reclaim50_participation_q67_final_c5,2025-03,-0.014752865180245989
tail05_reclaim50_participation_q67_final_c5,2025-04,0.001704248790888819
tail05_reclaim50_participation_q67_final_c5,2025-05,0.016180351866885045
tail05_reclaim50_participation_q67_final_c5,2025-06,0.10012812472329469
tail05_reclaim50_participation_q67_final_c5,2025-07,0.02524390446939584
tail05_reclaim50_participation_q67_final_c5,2025-08,0.12132377957377483
tail05_reclaim50_participation_q67_final_c5,2025-09,0.009392309690828715
tail05_reclaim50_participation_q67_final_c5,2025-10,0.0035761574424182374
tail05_reclaim50_participation_q67_final_c5,2025-11,-0.009671208723674773
tail05_reclaim50_participation_q67_final_c5,2025-12,0.010905845709847317
tail05_reclaim50_participation_q67_final_c5,2026-01,-0.10193661395809206
tail05_reclaim50_participation_q67_final_c5,2026-02,-0.04263814066725258
tail05_reclaim50_participation_q67_final_c5,2026-03,0.04109733939161864
tail05_reclaim50_participation_q67_final_c5,2026-04,0.025872076455112913
tail05_reclaim50_participation_q67_final_c10,2024-11,0.030470406468494526
tail05_reclaim50_participation_q67_final_c10,2024-12,-0.006864600519235316
tail05_reclaim50_participation_q67_final_c10,2025-01,-0.0034911215633958124
tail05_reclaim50_participation_q67_final_c10,2025-02,0.0410220193382147
tail05_reclaim50_participation_q67_final_c10,2025-03,-0.01575286518024599
tail05_reclaim50_participation_q67_final_c10,2025-04,0.000704248790888819
tail05_reclaim50_participation_q67_final_c10,2025-05,0.014180351866885047
tail05_reclaim50_participation_q67_final_c10,2025-06,0.09512812472329468
tail05_reclaim50_participation_q67_final_c10,2025-07,0.022243904469395843
tail05_reclaim50_participation_q67_final_c10,2025-08,0.11732377957377482
tail05_reclaim50_participation_q67_final_c10,2025-09,0.008392309690828716
tail05_reclaim50_participation_q67_final_c10,2025-10,-0.001423842557581767
tail05_reclaim50_participation_q67_final_c10,2025-11,-0.011671208723674772
tail05_reclaim50_participation_q67_final_c10,2025-12,0.005905845709847321
tail05_reclaim50_participation_q67_final_c10,2026-01,-0.10893661395809207
tail05_reclaim50_participation_q67_final_c10,2026-02,-0.04463814066725258
tail05_reclaim50_participation_q67_final_c10,2026-03,0.03609733939161864
tail05_reclaim50_participation_q67_final_c10,2026-04,0.02287207645511291
tail05_reclaim50_participation_q67_final_c20,2024-11,0.02247040646849452
tail05_reclaim50_participation_q67_final_c20,2024-12,-0.010864600519235317
tail05_reclaim50_participation_q67_final_c20,2025-01,-0.00949112156339581
tail05_reclaim50_participation_q67_final_c20,2025-02,0.0370220193382147
tail05_reclaim50_participation_q67_final_c20,2025-03,-0.017752865180245988
tail05_reclaim50_participation_q67_final_c20,2025-04,-0.001295751209111181
tail05_reclaim50_participation_q67_final_c20,2025-05,0.010180351866885047
tail05_reclaim50_participation_q67_final_c20,2025-06,0.08512812472329469
tail05_reclaim50_participation_q67_final_c20,2025-07,0.01624390446939584
tail05_reclaim50_participation_q67_final_c20,2025-08,0.10932377957377483
tail05_reclaim50_participation_q67_final_c20,2025-09,0.006392309690828716
tail05_reclaim50_participation_q67_final_c20,2025-10,-0.011423842557581766
tail05_reclaim50_participation_q67_final_c20,2025-11,-0.015671208723674772
tail05_reclaim50_participation_q67_final_c20,2025-12,-0.004094154290152679
tail05_reclaim50_participation_q67_final_c20,2026-01,-0.12293661395809205
tail05_reclaim50_participation_q67_final_c20,2026-02,-0.048638140667252576
tail05_reclaim50_participation_q67_final_c20,2026-03,0.026097339391618637
tail05_reclaim50_participation_q67_final_c20,2026-04,0.016872076455112912
tail05_reclaim50_participation_q80_1200_c5,2024-11,0.0914303404937622
tail05_reclaim50_participation_q80_1200_c5,2024-12,-0.0104355751099936
tail05_reclaim50_participation_q80_1200_c5,2025-01,-0.010583403678684822
tail05_reclaim50_participation_q80_1200_c5,2025-02,0.011768095353591357
tail05_reclaim50_participation_q80_1200_c5,2025-03,0.0
tail05_reclaim50_participation_q80_1200_c5,2025-04,0.0
tail05_reclaim50_participation_q80_1200_c5,2025-05,0.011551288758801181
tail05_reclaim50_participation_q80_1200_c5,2025-06,0.05741360551106656
tail05_reclaim50_participation_q80_1200_c5,2025-07,0.01759771056133097
tail05_reclaim50_participation_q80_1200_c5,2025-08,0.0941527245816064
tail05_reclaim50_participation_q80_1200_c5,2025-09,0.025338009872693967
tail05_reclaim50_participation_q80_1200_c5,2025-10,-0.012329634646769727
tail05_reclaim50_participation_q80_1200_c5,2025-11,-0.003978608177633291
tail05_reclaim50_participation_q80_1200_c5,2025-12,-0.033978590243029516
tail05_reclaim50_participation_q80_1200_c5,2026-01,-0.052659043705155284
tail05_reclaim50_participation_q80_1200_c5,2026-02,-0.059376683969560196
tail05_reclaim50_participation_q80_1200_c5,2026-03,0.02855353949224415
tail05_reclaim50_participation_q80_1200_c5,2026-04,0.0336332484060905
tail05_reclaim50_participation_q80_1200_c10,2024-11,0.0894303404937622
tail05_reclaim50_participation_q80_1200_c10,2024-12,-0.0114355751099936
tail05_reclaim50_participation_q80_1200_c10,2025-01,-0.01258340367868482
tail05_reclaim50_participation_q80_1200_c10,2025-02,0.010768095353591358
tail05_reclaim50_participation_q80_1200_c10,2025-03,0.0
tail05_reclaim50_participation_q80_1200_c10,2025-04,0.0
tail05_reclaim50_participation_q80_1200_c10,2025-05,0.01055128875880118
tail05_reclaim50_participation_q80_1200_c10,2025-06,0.05341360551106655
tail05_reclaim50_participation_q80_1200_c10,2025-07,0.015597710561330972
tail05_reclaim50_participation_q80_1200_c10,2025-08,0.09115272458160639
tail05_reclaim50_participation_q80_1200_c10,2025-09,0.024338009872693966
tail05_reclaim50_participation_q80_1200_c10,2025-10,-0.01532963464676973
tail05_reclaim50_participation_q80_1200_c10,2025-11,-0.004978608177633291
tail05_reclaim50_participation_q80_1200_c10,2025-12,-0.03797859024302951
tail05_reclaim50_participation_q80_1200_c10,2026-01,-0.05765904370515528
tail05_reclaim50_participation_q80_1200_c10,2026-02,-0.0613766839695602
tail05_reclaim50_participation_q80_1200_c10,2026-03,0.02455353949224415
tail05_reclaim50_participation_q80_1200_c10,2026-04,0.0326332484060905
tail05_reclaim50_participation_q80_1200_c20,2024-11,0.08543034049376219
tail05_reclaim50_participation_q80_1200_c20,2024-12,-0.0134355751099936
tail05_reclaim50_participation_q80_1200_c20,2025-01,-0.01658340367868482
tail05_reclaim50_participation_q80_1200_c20,2025-02,0.008768095353591358
tail05_reclaim50_participation_q80_1200_c20,2025-03,0.0
tail05_reclaim50_participation_q80_1200_c20,2025-04,0.0
tail05_reclaim50_participation_q80_1200_c20,2025-05,0.008551288758801182
tail05_reclaim50_participation_q80_1200_c20,2025-06,0.04541360551106656
tail05_reclaim50_participation_q80_1200_c20,2025-07,0.011597710561330972
tail05_reclaim50_participation_q80_1200_c20,2025-08,0.08515272458160639
tail05_reclaim50_participation_q80_1200_c20,2025-09,0.022338009872693968
tail05_reclaim50_participation_q80_1200_c20,2025-10,-0.021329634646769725
tail05_reclaim50_participation_q80_1200_c20,2025-11,-0.006978608177633291
tail05_reclaim50_participation_q80_1200_c20,2025-12,-0.04597859024302951
tail05_reclaim50_participation_q80_1200_c20,2026-01,-0.06765904370515528
tail05_reclaim50_participation_q80_1200_c20,2026-02,-0.0653766839695602
tail05_reclaim50_participation_q80_1200_c20,2026-03,0.016553539492244154
tail05_reclaim50_participation_q80_1200_c20,2026-04,0.0306332484060905
tail05_reclaim50_participation_q80_final_c5,2024-11,0.09337585815815752
tail05_reclaim50_participation_q80_final_c5,2024-12,-0.0029484600879949854
tail05_reclaim50_participation_q80_final_c5,2025-01,0.016949192946968727
tail05_reclaim50_participation_q80_final_c5,2025-02,0.015770035688298933
tail05_reclaim50_participation_q80_final_c5,2025-03,0.0
tail05_reclaim50_participation_q80_final_c5,2025-04,0.0
tail05_reclaim50_participation_q80_final_c5,2025-05,0.016180351866885045
tail05_reclaim50_participation_q80_final_c5,2025-06,0.10012812472329469
tail05_reclaim50_participation_q80_final_c5,2025-07,0.027523495000425946
tail05_reclaim50_participation_q80_final_c5,2025-08,0.10327450969283325
tail05_reclaim50_participation_q80_final_c5,2025-09,0.009392309690828715
tail05_reclaim50_participation_q80_final_c5,2025-10,-0.034033155936239456
tail05_reclaim50_participation_q80_final_c5,2025-11,0.003100421647131647
tail05_reclaim50_participation_q80_final_c5,2025-12,-0.00767837476837252
tail05_reclaim50_participation_q80_final_c5,2026-01,-0.102091067526343
tail05_reclaim50_participation_q80_final_c5,2026-02,-0.04263814066725258
tail05_reclaim50_participation_q80_final_c5,2026-03,0.04673493642036475
tail05_reclaim50_participation_q80_final_c5,2026-04,0.040191744584364586
tail05_reclaim50_participation_q80_final_c10,2024-11,0.09137585815815752
tail05_reclaim50_participation_q80_final_c10,2024-12,-0.003948460087994985
tail05_reclaim50_participation_q80_final_c10,2025-01,0.01494919294696873
tail05_reclaim50_participation_q80_final_c10,2025-02,0.014770035688298934
tail05_reclaim50_participation_q80_final_c10,2025-03,0.0
tail05_reclaim50_participation_q80_final_c10,2025-04,0.0
tail05_reclaim50_participation_q80_final_c10,2025-05,0.014180351866885047
tail05_reclaim50_participation_q80_final_c10,2025-06,0.09512812472329468
tail05_reclaim50_participation_q80_final_c10,2025-07,0.025523495000425948
tail05_reclaim50_participation_q80_final_c10,2025-08,0.10027450969283325
tail05_reclaim50_participation_q80_final_c10,2025-09,0.008392309690828716
tail05_reclaim50_participation_q80_final_c10,2025-10,-0.03703315593623946
tail05_reclaim50_participation_q80_final_c10,2025-11,0.0021004216471316468
tail05_reclaim50_participation_q80_final_c10,2025-12,-0.011678374768372517
tail05_reclaim50_participation_q80_final_c10,2026-01,-0.10709106752634301
tail05_reclaim50_participation_q80_final_c10,2026-02,-0.04463814066725258
tail05_reclaim50_participation_q80_final_c10,2026-03,0.04273493642036475
tail05_reclaim50_participation_q80_final_c10,2026-04,0.039191744584364585
tail05_reclaim50_participation_q80_final_c20,2024-11,0.08737585815815752
tail05_reclaim50_participation_q80_final_c20,2024-12,-0.0059484600879949855
tail05_reclaim50_participation_q80_final_c20,2025-01,0.010949192946968729
tail05_reclaim50_participation_q80_final_c20,2025-02,0.012770035688298934
tail05_reclaim50_participation_q80_final_c20,2025-03,0.0
tail05_reclaim50_participation_q80_final_c20,2025-04,0.0
tail05_reclaim50_participation_q80_final_c20,2025-05,0.010180351866885047
tail05_reclaim50_participation_q80_final_c20,2025-06,0.08512812472329469
tail05_reclaim50_participation_q80_final_c20,2025-07,0.021523495000425948
tail05_reclaim50_participation_q80_final_c20,2025-08,0.09427450969283324
tail05_reclaim50_participation_q80_final_c20,2025-09,0.006392309690828716
tail05_reclaim50_participation_q80_final_c20,2025-10,-0.043033155936239464
tail05_reclaim50_participation_q80_final_c20,2025-11,0.00010042164713164672
tail05_reclaim50_participation_q80_final_c20,2025-12,-0.019678374768372517
tail05_reclaim50_participation_q80_final_c20,2026-01,-0.117091067526343
tail05_reclaim50_participation_q80_final_c20,2026-02,-0.048638140667252576
tail05_reclaim50_participation_q80_final_c20,2026-03,0.03473493642036475
tail05_reclaim50_participation_q80_final_c20,2026-04,0.03719174458436458
tail05_reclaim50_anomaly_ge1_1200_c5,2024-11,0.04584172510147311
tail05_reclaim50_anomaly_ge1_1200_c5,2024-12,-0.015472920555363312
tail05_reclaim50_anomaly_ge1_1200_c5,2025-01,-0.03427818566581853
tail05_reclaim50_anomaly_ge1_1200_c5,2025-02,0.03385056710160761
tail05_reclaim50_anomaly_ge1_1200_c5,2025-03,-0.024646637175094577
tail05_reclaim50_anomaly_ge1_1200_c5,2025-04,0.019217879984541164
tail05_reclaim50_anomaly_ge1_1200_c5,2025-05,0.011551288758801181
tail05_reclaim50_anomaly_ge1_1200_c5,2025-06,0.03634169147510685
tail05_reclaim50_anomaly_ge1_1200_c5,2025-07,-0.01779692744829131
tail05_reclaim50_anomaly_ge1_1200_c5,2025-08,0.14186312569806991
tail05_reclaim50_anomaly_ge1_1200_c5,2025-09,0.018359338112716284
tail05_reclaim50_anomaly_ge1_1200_c5,2025-10,0.014521924277357545
tail05_reclaim50_anomaly_ge1_1200_c5,2025-11,-0.04807308273118627
tail05_reclaim50_anomaly_ge1_1200_c5,2025-12,-0.0065620605374923455
tail05_reclaim50_anomaly_ge1_1200_c5,2026-01,-0.055725233629001204
tail05_reclaim50_anomaly_ge1_1200_c5,2026-02,-0.0199198706933138
tail05_reclaim50_anomaly_ge1_1200_c5,2026-03,0.021515237142264276
tail05_reclaim50_anomaly_ge1_1200_c5,2026-04,0.041721315030697204
tail05_reclaim50_anomaly_ge1_1200_c10,2024-11,0.0408417251014731
tail05_reclaim50_anomaly_ge1_1200_c10,2024-12,-0.01747292055536331
tail05_reclaim50_anomaly_ge1_1200_c10,2025-01,-0.03727818566581853
tail05_reclaim50_anomaly_ge1_1200_c10,2025-02,0.03185056710160761
tail05_reclaim50_anomaly_ge1_1200_c10,2025-03,-0.025646637175094578
tail05_reclaim50_anomaly_ge1_1200_c10,2025-04,0.017217879984541166
tail05_reclaim50_anomaly_ge1_1200_c10,2025-05,0.01055128875880118
tail05_reclaim50_anomaly_ge1_1200_c10,2025-06,0.03234169147510685
tail05_reclaim50_anomaly_ge1_1200_c10,2025-07,-0.021796927448291308
tail05_reclaim50_anomaly_ge1_1200_c10,2025-08,0.1358631256980699
tail05_reclaim50_anomaly_ge1_1200_c10,2025-09,0.016359338112716282
tail05_reclaim50_anomaly_ge1_1200_c10,2025-10,0.008521924277357547
tail05_reclaim50_anomaly_ge1_1200_c10,2025-11,-0.05107308273118627
tail05_reclaim50_anomaly_ge1_1200_c10,2025-12,-0.011562060537492345
tail05_reclaim50_anomaly_ge1_1200_c10,2026-01,-0.0627252336290012
tail05_reclaim50_anomaly_ge1_1200_c10,2026-02,-0.022919870693313804
tail05_reclaim50_anomaly_ge1_1200_c10,2026-03,0.016515237142264275
tail05_reclaim50_anomaly_ge1_1200_c10,2026-04,0.0377213150306972
tail05_reclaim50_anomaly_ge1_1200_c20,2024-11,0.030841725101473105
tail05_reclaim50_anomaly_ge1_1200_c20,2024-12,-0.02147292055536331
tail05_reclaim50_anomaly_ge1_1200_c20,2025-01,-0.04327818566581852
tail05_reclaim50_anomaly_ge1_1200_c20,2025-02,0.02785056710160761
tail05_reclaim50_anomaly_ge1_1200_c20,2025-03,-0.02764663717509458
tail05_reclaim50_anomaly_ge1_1200_c20,2025-04,0.013217879984541166
tail05_reclaim50_anomaly_ge1_1200_c20,2025-05,0.008551288758801182
tail05_reclaim50_anomaly_ge1_1200_c20,2025-06,0.024341691475106855
tail05_reclaim50_anomaly_ge1_1200_c20,2025-07,-0.029796927448291308
tail05_reclaim50_anomaly_ge1_1200_c20,2025-08,0.12386312569806991
tail05_reclaim50_anomaly_ge1_1200_c20,2025-09,0.012359338112716285
tail05_reclaim50_anomaly_ge1_1200_c20,2025-10,-0.00347807572264245
tail05_reclaim50_anomaly_ge1_1200_c20,2025-11,-0.05707308273118627
tail05_reclaim50_anomaly_ge1_1200_c20,2025-12,-0.021562060537492343
tail05_reclaim50_anomaly_ge1_1200_c20,2026-01,-0.0767252336290012
tail05_reclaim50_anomaly_ge1_1200_c20,2026-02,-0.02891987069331381
tail05_reclaim50_anomaly_ge1_1200_c20,2026-03,0.00651523714226428
tail05_reclaim50_anomaly_ge1_1200_c20,2026-04,0.029721315030697203
tail05_reclaim50_anomaly_ge1_final_c5,2024-11,0.04134954482327258
tail05_reclaim50_anomaly_ge1_final_c5,2024-12,-0.023630519134172134
tail05_reclaim50_anomaly_ge1_final_c5,2025-01,-0.0004911215633958133
tail05_reclaim50_anomaly_ge1_final_c5,2025-02,0.0430220193382147
tail05_reclaim50_anomaly_ge1_final_c5,2025-03,0.015033426195896205
tail05_reclaim50_anomaly_ge1_final_c5,2025-04,0.030964181598567064
tail05_reclaim50_anomaly_ge1_final_c5,2025-05,0.016180351866885045
tail05_reclaim50_anomaly_ge1_final_c5,2025-06,0.05586825353445635
tail05_reclaim50_anomaly_ge1_final_c5,2025-07,-0.01427689676326982
tail05_reclaim50_anomaly_ge1_final_c5,2025-08,0.14513207662424554
tail05_reclaim50_anomaly_ge1_final_c5,2025-09,0.010163031110589138
tail05_reclaim50_anomaly_ge1_final_c5,2025-10,0.004779802200891692
tail05_reclaim50_anomaly_ge1_final_c5,2025-11,-0.05382898500096478
tail05_reclaim50_anomaly_ge1_final_c5,2025-12,0.011733794791888314
tail05_reclaim50_anomaly_ge1_final_c5,2026-01,-0.06444648614406448
tail05_reclaim50_anomaly_ge1_final_c5,2026-02,-0.03033358668827102
tail05_reclaim50_anomaly_ge1_final_c5,2026-03,0.03185025752959719
tail05_reclaim50_anomaly_ge1_final_c5,2026-04,0.05053789617421922
tail05_reclaim50_anomaly_ge1_final_c10,2024-11,0.03634954482327257
tail05_reclaim50_anomaly_ge1_final_c10,2024-12,-0.025630519134172136
tail05_reclaim50_anomaly_ge1_final_c10,2025-01,-0.0034911215633958124
tail05_reclaim50_anomaly_ge1_final_c10,2025-02,0.0410220193382147
tail05_reclaim50_anomaly_ge1_final_c10,2025-03,0.013033426195896205
tail05_reclaim50_anomaly_ge1_final_c10,2025-04,0.028964181598567063
tail05_reclaim50_anomaly_ge1_final_c10,2025-05,0.014180351866885047
tail05_reclaim50_anomaly_ge1_final_c10,2025-06,0.05086825353445634
tail05_reclaim50_anomaly_ge1_final_c10,2025-07,-0.018276896763269816
tail05_reclaim50_anomaly_ge1_final_c10,2025-08,0.13913207662424554
tail05_reclaim50_anomaly_ge1_final_c10,2025-09,0.00816303111058914
tail05_reclaim50_anomaly_ge1_final_c10,2025-10,-0.0012201977991083135
tail05_reclaim50_anomaly_ge1_final_c10,2025-11,-0.05682898500096478
tail05_reclaim50_anomaly_ge1_final_c10,2025-12,0.006733794791888315
tail05_reclaim50_anomaly_ge1_final_c10,2026-01,-0.07144648614406449
tail05_reclaim50_anomaly_ge1_final_c10,2026-02,-0.03333358668827102
tail05_reclaim50_anomaly_ge1_final_c10,2026-03,0.026850257529597195
tail05_reclaim50_anomaly_ge1_final_c10,2026-04,0.04653789617421922
tail05_reclaim50_anomaly_ge1_final_c20,2024-11,0.026349544823272567
tail05_reclaim50_anomaly_ge1_final_c20,2024-12,-0.029630519134172133
tail05_reclaim50_anomaly_ge1_final_c20,2025-01,-0.00949112156339581
tail05_reclaim50_anomaly_ge1_final_c20,2025-02,0.0370220193382147
tail05_reclaim50_anomaly_ge1_final_c20,2025-03,0.009033426195896203
tail05_reclaim50_anomaly_ge1_final_c20,2025-04,0.024964181598567066
tail05_reclaim50_anomaly_ge1_final_c20,2025-05,0.010180351866885047
tail05_reclaim50_anomaly_ge1_final_c20,2025-06,0.04086825353445635
tail05_reclaim50_anomaly_ge1_final_c20,2025-07,-0.02627689676326982
tail05_reclaim50_anomaly_ge1_final_c20,2025-08,0.12713207662424553
tail05_reclaim50_anomaly_ge1_final_c20,2025-09,0.00416303111058914
tail05_reclaim50_anomaly_ge1_final_c20,2025-10,-0.013220197799108307
tail05_reclaim50_anomaly_ge1_final_c20,2025-11,-0.06282898500096479
tail05_reclaim50_anomaly_ge1_final_c20,2025-12,-0.00326620520811168
tail05_reclaim50_anomaly_ge1_final_c20,2026-01,-0.08544648614406448
tail05_reclaim50_anomaly_ge1_final_c20,2026-02,-0.03933358668827101
tail05_reclaim50_anomaly_ge1_final_c20,2026-03,0.016850257529597193
tail05_reclaim50_anomaly_ge1_final_c20,2026-04,0.03853789617421921
tail05_reclaim50_anomaly_ge1_5_1200_c5,2024-11,0.06923538343182178
tail05_reclaim50_anomaly_ge1_5_1200_c5,2024-12,-0.015472920555363312
tail05_reclaim50_anomaly_ge1_5_1200_c5,2025-01,-0.03427818566581853
tail05_reclaim50_anomaly_ge1_5_1200_c5,2025-02,0.03385056710160761
tail05_reclaim50_anomaly_ge1_5_1200_c5,2025-03,-0.03509222681767232
tail05_reclaim50_anomaly_ge1_5_1200_c5,2025-04,0.012080840229153345
tail05_reclaim50_anomaly_ge1_5_1200_c5,2025-05,0.023809957397043058
tail05_reclaim50_anomaly_ge1_5_1200_c5,2025-06,0.04219104149377351
tail05_reclaim50_anomaly_ge1_5_1200_c5,2025-07,-0.005745225572625356
tail05_reclaim50_anomaly_ge1_5_1200_c5,2025-08,0.1363965214361902
tail05_reclaim50_anomaly_ge1_5_1200_c5,2025-09,0.018359338112716284
tail05_reclaim50_anomaly_ge1_5_1200_c5,2025-10,0.029003532822355904
tail05_reclaim50_anomaly_ge1_5_1200_c5,2025-11,-0.04807308273118627
tail05_reclaim50_anomaly_ge1_5_1200_c5,2025-12,-0.042300583463137954
tail05_reclaim50_anomaly_ge1_5_1200_c5,2026-01,-0.032970191736977905
tail05_reclaim50_anomaly_ge1_5_1200_c5,2026-02,-0.059376683969560196
tail05_reclaim50_anomaly_ge1_5_1200_c5,2026-03,0.027236602372568752
tail05_reclaim50_anomaly_ge1_5_1200_c5,2026-04,0.0
tail05_reclaim50_anomaly_ge1_5_1200_c10,2024-11,0.06623538343182178
tail05_reclaim50_anomaly_ge1_5_1200_c10,2024-12,-0.01747292055536331
tail05_reclaim50_anomaly_ge1_5_1200_c10,2025-01,-0.03727818566581853
tail05_reclaim50_anomaly_ge1_5_1200_c10,2025-02,0.03185056710160761
tail05_reclaim50_anomaly_ge1_5_1200_c10,2025-03,-0.036092226817672324
tail05_reclaim50_anomaly_ge1_5_1200_c10,2025-04,0.011080840229153345
tail05_reclaim50_anomaly_ge1_5_1200_c10,2025-05,0.022809957397043057
tail05_reclaim50_anomaly_ge1_5_1200_c10,2025-06,0.039191041493773504
tail05_reclaim50_anomaly_ge1_5_1200_c10,2025-07,-0.007745225572625355
tail05_reclaim50_anomaly_ge1_5_1200_c10,2025-08,0.13139652143619018
tail05_reclaim50_anomaly_ge1_5_1200_c10,2025-09,0.016359338112716282
tail05_reclaim50_anomaly_ge1_5_1200_c10,2025-10,0.026003532822355905
tail05_reclaim50_anomaly_ge1_5_1200_c10,2025-11,-0.05107308273118627
tail05_reclaim50_anomaly_ge1_5_1200_c10,2025-12,-0.04630058346313795
tail05_reclaim50_anomaly_ge1_5_1200_c10,2026-01,-0.03797019173697791
tail05_reclaim50_anomaly_ge1_5_1200_c10,2026-02,-0.0613766839695602
tail05_reclaim50_anomaly_ge1_5_1200_c10,2026-03,0.022236602372568755
tail05_reclaim50_anomaly_ge1_5_1200_c10,2026-04,0.0
tail05_reclaim50_anomaly_ge1_5_1200_c20,2024-11,0.060235383431821776
tail05_reclaim50_anomaly_ge1_5_1200_c20,2024-12,-0.02147292055536331
tail05_reclaim50_anomaly_ge1_5_1200_c20,2025-01,-0.04327818566581852
tail05_reclaim50_anomaly_ge1_5_1200_c20,2025-02,0.02785056710160761
tail05_reclaim50_anomaly_ge1_5_1200_c20,2025-03,-0.038092226817672326
tail05_reclaim50_anomaly_ge1_5_1200_c20,2025-04,0.009080840229153345
tail05_reclaim50_anomaly_ge1_5_1200_c20,2025-05,0.02080995739704306
tail05_reclaim50_anomaly_ge1_5_1200_c20,2025-06,0.03319104149377351
tail05_reclaim50_anomaly_ge1_5_1200_c20,2025-07,-0.011745225572625355
tail05_reclaim50_anomaly_ge1_5_1200_c20,2025-08,0.12139652143619019
tail05_reclaim50_anomaly_ge1_5_1200_c20,2025-09,0.012359338112716285
tail05_reclaim50_anomaly_ge1_5_1200_c20,2025-10,0.020003532822355907
tail05_reclaim50_anomaly_ge1_5_1200_c20,2025-11,-0.05707308273118627
tail05_reclaim50_anomaly_ge1_5_1200_c20,2025-12,-0.05430058346313796
tail05_reclaim50_anomaly_ge1_5_1200_c20,2026-01,-0.047970191736977905
tail05_reclaim50_anomaly_ge1_5_1200_c20,2026-02,-0.0653766839695602
tail05_reclaim50_anomaly_ge1_5_1200_c20,2026-03,0.012236602372568756
tail05_reclaim50_anomaly_ge1_5_1200_c20,2026-04,0.0
tail05_reclaim50_anomaly_ge1_5_final_c5,2024-11,0.08260059778907303
tail05_reclaim50_anomaly_ge1_5_final_c5,2024-12,-0.023630519134172134
tail05_reclaim50_anomaly_ge1_5_final_c5,2025-01,-0.0004911215633958133
tail05_reclaim50_anomaly_ge1_5_final_c5,2025-02,0.0430220193382147
tail05_reclaim50_anomaly_ge1_5_final_c5,2025-03,0.04797375439681495
tail05_reclaim50_anomaly_ge1_5_final_c5,2025-04,0.021915340547422058
tail05_reclaim50_anomaly_ge1_5_final_c5,2025-05,0.03435696728113724
tail05_reclaim50_anomaly_ge1_5_final_c5,2025-06,0.0665975848718372
tail05_reclaim50_anomaly_ge1_5_final_c5,2025-07,0.011319084772341892
tail05_reclaim50_anomaly_ge1_5_final_c5,2025-08,0.14643492338378528
tail05_reclaim50_anomaly_ge1_5_final_c5,2025-09,0.010163031110589138
tail05_reclaim50_anomaly_ge1_5_final_c5,2025-10,0.040328139435100274
tail05_reclaim50_anomaly_ge1_5_final_c5,2025-11,-0.05382898500096478
tail05_reclaim50_anomaly_ge1_5_final_c5,2025-12,-0.027130982419517537
tail05_reclaim50_anomaly_ge1_5_final_c5,2026-01,-0.027605272521381674
tail05_reclaim50_anomaly_ge1_5_final_c5,2026-02,-0.04263814066725258
tail05_reclaim50_anomaly_ge1_5_final_c5,2026-03,0.05668511390515185
tail05_reclaim50_anomaly_ge1_5_final_c5,2026-04,0.0
tail05_reclaim50_anomaly_ge1_5_final_c10,2024-11,0.07960059778907302
tail05_reclaim50_anomaly_ge1_5_final_c10,2024-12,-0.025630519134172136
tail05_reclaim50_anomaly_ge1_5_final_c10,2025-01,-0.0034911215633958124
tail05_reclaim50_anomaly_ge1_5_final_c10,2025-02,0.0410220193382147
tail05_reclaim50_anomaly_ge1_5_final_c10,2025-03,0.04697375439681495
tail05_reclaim50_anomaly_ge1_5_final_c10,2025-04,0.020915340547422057
tail05_reclaim50_anomaly_ge1_5_final_c10,2025-05,0.03235696728113724
tail05_reclaim50_anomaly_ge1_5_final_c10,2025-06,0.0625975848718372
tail05_reclaim50_anomaly_ge1_5_final_c10,2025-07,0.009319084772341894
tail05_reclaim50_anomaly_ge1_5_final_c10,2025-08,0.14143492338378527
tail05_reclaim50_anomaly_ge1_5_final_c10,2025-09,0.00816303111058914
tail05_reclaim50_anomaly_ge1_5_final_c10,2025-10,0.03732813943510027
tail05_reclaim50_anomaly_ge1_5_final_c10,2025-11,-0.05682898500096478
tail05_reclaim50_anomaly_ge1_5_final_c10,2025-12,-0.031130982419517537
tail05_reclaim50_anomaly_ge1_5_final_c10,2026-01,-0.03260527252138167
tail05_reclaim50_anomaly_ge1_5_final_c10,2026-02,-0.04463814066725258
tail05_reclaim50_anomaly_ge1_5_final_c10,2026-03,0.051685113905151854
tail05_reclaim50_anomaly_ge1_5_final_c10,2026-04,0.0
tail05_reclaim50_anomaly_ge1_5_final_c20,2024-11,0.07360059778907302
tail05_reclaim50_anomaly_ge1_5_final_c20,2024-12,-0.029630519134172133
tail05_reclaim50_anomaly_ge1_5_final_c20,2025-01,-0.00949112156339581
tail05_reclaim50_anomaly_ge1_5_final_c20,2025-02,0.0370220193382147
tail05_reclaim50_anomaly_ge1_5_final_c20,2025-03,0.04497375439681495
tail05_reclaim50_anomaly_ge1_5_final_c20,2025-04,0.01891534054742206
tail05_reclaim50_anomaly_ge1_5_final_c20,2025-05,0.028356967281137242
tail05_reclaim50_anomaly_ge1_5_final_c20,2025-06,0.054597584871837204
tail05_reclaim50_anomaly_ge1_5_final_c20,2025-07,0.0053190847723418935
tail05_reclaim50_anomaly_ge1_5_final_c20,2025-08,0.13143492338378526
tail05_reclaim50_anomaly_ge1_5_final_c20,2025-09,0.00416303111058914
tail05_reclaim50_anomaly_ge1_5_final_c20,2025-10,0.03132813943510028
tail05_reclaim50_anomaly_ge1_5_final_c20,2025-11,-0.06282898500096479
tail05_reclaim50_anomaly_ge1_5_final_c20,2025-12,-0.039130982419517533
tail05_reclaim50_anomaly_ge1_5_final_c20,2026-01,-0.042605272521381674
tail05_reclaim50_anomaly_ge1_5_final_c20,2026-02,-0.048638140667252576
tail05_reclaim50_anomaly_ge1_5_final_c20,2026-03,0.04168511390515185
tail05_reclaim50_anomaly_ge1_5_final_c20,2026-04,0.0
tail05_reclaim50_anomaly_ge2_1200_c5,2024-11,-0.022194957061940412
tail05_reclaim50_anomaly_ge2_1200_c5,2024-12,0.0
tail05_reclaim50_anomaly_ge2_1200_c5,2025-01,-0.010583403678684822
tail05_reclaim50_anomaly_ge2_1200_c5,2025-02,0.011768095353591357
tail05_reclaim50_anomaly_ge2_1200_c5,2025-03,0.0
tail05_reclaim50_anomaly_ge2_1200_c5,2025-04,0.0
tail05_reclaim50_anomaly_ge2_1200_c5,2025-05,0.0
tail05_reclaim50_anomaly_ge2_1200_c5,2025-06,0.0
tail05_reclaim50_anomaly_ge2_1200_c5,2025-07,0.0
tail05_reclaim50_anomaly_ge2_1200_c5,2025-08,0.0941527245816064
tail05_reclaim50_anomaly_ge2_1200_c5,2025-09,0.018359338112716284
tail05_reclaim50_anomaly_ge2_1200_c5,2025-10,-0.013032770097286317
tail05_reclaim50_anomaly_ge2_1200_c5,2025-11,-0.04048969312956585
tail05_reclaim50_anomaly_ge2_1200_c5,2025-12,-0.02771041565410929
tail05_reclaim50_anomaly_ge2_1200_c5,2026-01,-0.03081387183761919
tail05_reclaim50_anomaly_ge2_1200_c5,2026-02,-0.023541791814568724
tail05_reclaim50_anomaly_ge2_1200_c5,2026-03,0.004701567616278934
tail05_reclaim50_anomaly_ge2_1200_c5,2026-04,0.0
tail05_reclaim50_anomaly_ge2_1200_c10,2024-11,-0.023194957061940413
tail05_reclaim50_anomaly_ge2_1200_c10,2024-12,0.0
tail05_reclaim50_anomaly_ge2_1200_c10,2025-01,-0.01258340367868482
tail05_reclaim50_anomaly_ge2_1200_c10,2025-02,0.010768095353591358
tail05_reclaim50_anomaly_ge2_1200_c10,2025-03,0.0
tail05_reclaim50_anomaly_ge2_1200_c10,2025-04,0.0
tail05_reclaim50_anomaly_ge2_1200_c10,2025-05,0.0
tail05_reclaim50_anomaly_ge2_1200_c10,2025-06,0.0
tail05_reclaim50_anomaly_ge2_1200_c10,2025-07,0.0
tail05_reclaim50_anomaly_ge2_1200_c10,2025-08,0.09115272458160639
tail05_reclaim50_anomaly_ge2_1200_c10,2025-09,0.016359338112716282
tail05_reclaim50_anomaly_ge2_1200_c10,2025-10,-0.014032770097286316
tail05_reclaim50_anomaly_ge2_1200_c10,2025-11,-0.04248969312956585
tail05_reclaim50_anomaly_ge2_1200_c10,2025-12,-0.030710415654109292
tail05_reclaim50_anomaly_ge2_1200_c10,2026-01,-0.03281387183761919
tail05_reclaim50_anomaly_ge2_1200_c10,2026-02,-0.024541791814568725
tail05_reclaim50_anomaly_ge2_1200_c10,2026-03,0.0017015676162789352
tail05_reclaim50_anomaly_ge2_1200_c10,2026-04,0.0
tail05_reclaim50_anomaly_ge2_1200_c20,2024-11,-0.02519495706194041
tail05_reclaim50_anomaly_ge2_1200_c20,2024-12,0.0
tail05_reclaim50_anomaly_ge2_1200_c20,2025-01,-0.01658340367868482
tail05_reclaim50_anomaly_ge2_1200_c20,2025-02,0.008768095353591358
tail05_reclaim50_anomaly_ge2_1200_c20,2025-03,0.0
tail05_reclaim50_anomaly_ge2_1200_c20,2025-04,0.0
tail05_reclaim50_anomaly_ge2_1200_c20,2025-05,0.0
tail05_reclaim50_anomaly_ge2_1200_c20,2025-06,0.0
tail05_reclaim50_anomaly_ge2_1200_c20,2025-07,0.0
tail05_reclaim50_anomaly_ge2_1200_c20,2025-08,0.08515272458160639
tail05_reclaim50_anomaly_ge2_1200_c20,2025-09,0.012359338112716285
tail05_reclaim50_anomaly_ge2_1200_c20,2025-10,-0.016032770097286316
tail05_reclaim50_anomaly_ge2_1200_c20,2025-11,-0.04648969312956586
tail05_reclaim50_anomaly_ge2_1200_c20,2025-12,-0.03671041565410929
tail05_reclaim50_anomaly_ge2_1200_c20,2026-01,-0.03681387183761919
tail05_reclaim50_anomaly_ge2_1200_c20,2026-02,-0.026541791814568724
tail05_reclaim50_anomaly_ge2_1200_c20,2026-03,-0.004298432383721063
tail05_reclaim50_anomaly_ge2_1200_c20,2026-04,0.0
tail05_reclaim50_anomaly_ge2_final_c5,2024-11,-0.010775260369084494
tail05_reclaim50_anomaly_ge2_final_c5,2024-12,0.0
tail05_reclaim50_anomaly_ge2_final_c5,2025-01,0.016949192946968727
tail05_reclaim50_anomaly_ge2_final_c5,2025-02,0.015770035688298933
tail05_reclaim50_anomaly_ge2_final_c5,2025-03,0.0
tail05_reclaim50_anomaly_ge2_final_c5,2025-04,0.0
tail05_reclaim50_anomaly_ge2_final_c5,2025-05,0.0
tail05_reclaim50_anomaly_ge2_final_c5,2025-06,0.0
tail05_reclaim50_anomaly_ge2_final_c5,2025-07,0.0
tail05_reclaim50_anomaly_ge2_final_c5,2025-08,0.10327450969283325
tail05_reclaim50_anomaly_ge2_final_c5,2025-09,0.010163031110589138
tail05_reclaim50_anomaly_ge2_final_c5,2025-10,-0.016668202764976936
tail05_reclaim50_anomaly_ge2_final_c5,2025-11,-0.009671208723674773
tail05_reclaim50_anomaly_ge2_final_c5,2025-12,-0.012777165354993661
tail05_reclaim50_anomaly_ge2_final_c5,2026-01,-0.02198879208755289
tail05_reclaim50_anomaly_ge2_final_c5,2026-02,-0.016442492642820383
tail05_reclaim50_anomaly_ge2_final_c5,2026-03,0.03593282380206886
tail05_reclaim50_anomaly_ge2_final_c5,2026-04,0.0
tail05_reclaim50_anomaly_ge2_final_c10,2024-11,-0.011775260369084493
tail05_reclaim50_anomaly_ge2_final_c10,2024-12,0.0
tail05_reclaim50_anomaly_ge2_final_c10,2025-01,0.01494919294696873
tail05_reclaim50_anomaly_ge2_final_c10,2025-02,0.014770035688298934
tail05_reclaim50_anomaly_ge2_final_c10,2025-03,0.0
tail05_reclaim50_anomaly_ge2_final_c10,2025-04,0.0
tail05_reclaim50_anomaly_ge2_final_c10,2025-05,0.0
tail05_reclaim50_anomaly_ge2_final_c10,2025-06,0.0
tail05_reclaim50_anomaly_ge2_final_c10,2025-07,0.0
tail05_reclaim50_anomaly_ge2_final_c10,2025-08,0.10027450969283325
tail05_reclaim50_anomaly_ge2_final_c10,2025-09,0.00816303111058914
tail05_reclaim50_anomaly_ge2_final_c10,2025-10,-0.017668202764976937
tail05_reclaim50_anomaly_ge2_final_c10,2025-11,-0.011671208723674772
tail05_reclaim50_anomaly_ge2_final_c10,2025-12,-0.015777165354993662
tail05_reclaim50_anomaly_ge2_final_c10,2026-01,-0.023988792087552887
tail05_reclaim50_anomaly_ge2_final_c10,2026-02,-0.017442492642820384
tail05_reclaim50_anomaly_ge2_final_c10,2026-03,0.032932823802068856
tail05_reclaim50_anomaly_ge2_final_c10,2026-04,0.0
tail05_reclaim50_anomaly_ge2_final_c20,2024-11,-0.013775260369084493
tail05_reclaim50_anomaly_ge2_final_c20,2024-12,0.0
tail05_reclaim50_anomaly_ge2_final_c20,2025-01,0.010949192946968729
tail05_reclaim50_anomaly_ge2_final_c20,2025-02,0.012770035688298934
tail05_reclaim50_anomaly_ge2_final_c20,2025-03,0.0
tail05_reclaim50_anomaly_ge2_final_c20,2025-04,0.0
tail05_reclaim50_anomaly_ge2_final_c20,2025-05,0.0
tail05_reclaim50_anomaly_ge2_final_c20,2025-06,0.0
tail05_reclaim50_anomaly_ge2_final_c20,2025-07,0.0
tail05_reclaim50_anomaly_ge2_final_c20,2025-08,0.09427450969283324
tail05_reclaim50_anomaly_ge2_final_c20,2025-09,0.00416303111058914
tail05_reclaim50_anomaly_ge2_final_c20,2025-10,-0.019668202764976935
tail05_reclaim50_anomaly_ge2_final_c20,2025-11,-0.015671208723674772
tail05_reclaim50_anomaly_ge2_final_c20,2025-12,-0.02177716535499366
tail05_reclaim50_anomaly_ge2_final_c20,2026-01,-0.027988792087552887
tail05_reclaim50_anomaly_ge2_final_c20,2026-02,-0.019442492642820382
tail05_reclaim50_anomaly_ge2_final_c20,2026-03,0.026932823802068857
tail05_reclaim50_anomaly_ge2_final_c20,2026-04,0.0
tail10_reclaim00_all_1200_c5,2024-11,0.01041478188886472
tail10_reclaim00_all_1200_c5,2024-12,-0.004940983846691296
tail10_reclaim00_all_1200_c5,2025-01,-0.1467965534930975
tail10_reclaim00_all_1200_c5,2025-02,-0.0703734006517062
tail10_reclaim00_all_1200_c5,2025-03,-0.16570529593729783
tail10_reclaim00_all_1200_c5,2025-04,0.04919677297204084
tail10_reclaim00_all_1200_c5,2025-05,0.16058220922092595
tail10_reclaim00_all_1200_c5,2025-06,0.0448519258465446
tail10_reclaim00_all_1200_c5,2025-07,-0.0005604278863149542
tail10_reclaim00_all_1200_c5,2025-08,0.01004906078636335
tail10_reclaim00_all_1200_c5,2025-09,0.061451592784107514
tail10_reclaim00_all_1200_c5,2025-10,0.059247257213667
tail10_reclaim00_all_1200_c5,2025-11,0.005149852404839942
tail10_reclaim00_all_1200_c5,2025-12,-0.010775243327666141
tail10_reclaim00_all_1200_c5,2026-01,-0.08953747925379643
tail10_reclaim00_all_1200_c5,2026-02,0.0017700938695975974
tail10_reclaim00_all_1200_c5,2026-03,0.029400545364253242
tail10_reclaim00_all_1200_c5,2026-04,0.002351749864963933
tail10_reclaim00_all_1200_c10,2024-11,-0.007585218111135291
tail10_reclaim00_all_1200_c10,2024-12,-0.018940983846691295
tail10_reclaim00_all_1200_c10,2025-01,-0.1617965534930975
tail10_reclaim00_all_1200_c10,2025-02,-0.0853734006517062
tail10_reclaim00_all_1200_c10,2025-03,-0.18270529593729784
tail10_reclaim00_all_1200_c10,2025-04,0.031196772972040834
tail10_reclaim00_all_1200_c10,2025-05,0.14858220922092594
tail10_reclaim00_all_1200_c10,2025-06,0.0318519258465446
tail10_reclaim00_all_1200_c10,2025-07,-0.019560427886314957
tail10_reclaim00_all_1200_c10,2025-08,-0.007950939213636654
tail10_reclaim00_all_1200_c10,2025-09,0.04345159278410751
tail10_reclaim00_all_1200_c10,2025-10,0.039247257213666994
tail10_reclaim00_all_1200_c10,2025-11,-0.010850147595160068
tail10_reclaim00_all_1200_c10,2025-12,-0.029775243327666144
tail10_reclaim00_all_1200_c10,2026-01,-0.10953747925379642
tail10_reclaim00_all_1200_c10,2026-02,-0.015229906130402414
tail10_reclaim00_all_1200_c10,2026-03,0.009400545364253235
tail10_reclaim00_all_1200_c10,2026-04,-0.01864825013503608
tail10_reclaim00_all_1200_c20,2024-11,-0.04358521811113528
tail10_reclaim00_all_1200_c20,2024-12,-0.0469409838466913
tail10_reclaim00_all_1200_c20,2025-01,-0.1917965534930975
tail10_reclaim00_all_1200_c20,2025-02,-0.1153734006517062
tail10_reclaim00_all_1200_c20,2025-03,-0.21670529593729784
tail10_reclaim00_all_1200_c20,2025-04,-0.004803227027959163
tail10_reclaim00_all_1200_c20,2025-05,0.12458220922092594
tail10_reclaim00_all_1200_c20,2025-06,0.005851925846544606
tail10_reclaim00_all_1200_c20,2025-07,-0.05756042788631495
tail10_reclaim00_all_1200_c20,2025-08,-0.04395093921363665
tail10_reclaim00_all_1200_c20,2025-09,0.007451592784107522
tail10_reclaim00_all_1200_c20,2025-10,-0.0007527427863329994
tail10_reclaim00_all_1200_c20,2025-11,-0.04285014759516007
tail10_reclaim00_all_1200_c20,2025-12,-0.06777524332766613
tail10_reclaim00_all_1200_c20,2026-01,-0.14953747925379643
tail10_reclaim00_all_1200_c20,2026-02,-0.04922990613040242
tail10_reclaim00_all_1200_c20,2026-03,-0.030599454635746762
tail10_reclaim00_all_1200_c20,2026-04,-0.06064825013503607
tail10_reclaim00_all_final_c5,2024-11,0.0511095953251029
tail10_reclaim00_all_final_c5,2024-12,-0.10925699732697271
tail10_reclaim00_all_final_c5,2025-01,-0.12266122714816251
tail10_reclaim00_all_final_c5,2025-02,-0.020687720319990922
tail10_reclaim00_all_final_c5,2025-03,-0.162653969819825
tail10_reclaim00_all_final_c5,2025-04,0.2405832112607304
tail10_reclaim00_all_final_c5,2025-05,0.21510213468280662
tail10_reclaim00_all_final_c5,2025-06,-0.05600349334080205
tail10_reclaim00_all_final_c5,2025-07,-0.03849017432912025
tail10_reclaim00_all_final_c5,2025-08,0.006500047493143188
tail10_reclaim00_all_final_c5,2025-09,0.10994389751367095
tail10_reclaim00_all_final_c5,2025-10,0.027530706770857543
tail10_reclaim00_all_final_c5,2025-11,0.004186278972617999
tail10_reclaim00_all_final_c5,2025-12,-0.006600954169723597
tail10_reclaim00_all_final_c5,2026-01,-0.0877959793808828
tail10_reclaim00_all_final_c5,2026-02,-0.005525387287801314
tail10_reclaim00_all_final_c5,2026-03,-0.009517323343054076
tail10_reclaim00_all_final_c5,2026-04,0.08269832560560614
tail10_reclaim00_all_final_c10,2024-11,0.03210959532510288
tail10_reclaim00_all_final_c10,2024-12,-0.1282569973269727
tail10_reclaim00_all_final_c10,2025-01,-0.1386612271481625
tail10_reclaim00_all_final_c10,2025-02,-0.03868772031999093
tail10_reclaim00_all_final_c10,2025-03,-0.183653969819825
tail10_reclaim00_all_final_c10,2025-04,0.22158321126073038
tail10_reclaim00_all_final_c10,2025-05,0.1961021346828066
tail10_reclaim00_all_final_c10,2025-06,-0.07400349334080206
tail10_reclaim00_all_final_c10,2025-07,-0.058490174329120244
tail10_reclaim00_all_final_c10,2025-08,-0.013499952506856823
tail10_reclaim00_all_final_c10,2025-09,0.08994389751367095
tail10_reclaim00_all_final_c10,2025-10,0.005530706770857534
tail10_reclaim00_all_final_c10,2025-11,-0.013813721027382002
tail10_reclaim00_all_final_c10,2025-12,-0.027600954169723597
tail10_reclaim00_all_final_c10,2026-01,-0.1077959793808828
tail10_reclaim00_all_final_c10,2026-02,-0.022525387287801325
tail10_reclaim00_all_final_c10,2026-03,-0.030517323343054077
tail10_reclaim00_all_final_c10,2026-04,0.061698325605606126
tail10_reclaim00_all_final_c20,2024-11,-0.0058904046748971
tail10_reclaim00_all_final_c20,2024-12,-0.16625699732697274
tail10_reclaim00_all_final_c20,2025-01,-0.1706612271481625
tail10_reclaim00_all_final_c20,2025-02,-0.07468772031999092
tail10_reclaim00_all_final_c20,2025-03,-0.22565396981982502
tail10_reclaim00_all_final_c20,2025-04,0.1835832112607304
tail10_reclaim00_all_final_c20,2025-05,0.15810213468280662
tail10_reclaim00_all_final_c20,2025-06,-0.11000349334080205
tail10_reclaim00_all_final_c20,2025-07,-0.09849017432912024
tail10_reclaim00_all_final_c20,2025-08,-0.053499952506856824
tail10_reclaim00_all_final_c20,2025-09,0.049943897513670954
tail10_reclaim00_all_final_c20,2025-10,-0.038469293229142464
tail10_reclaim00_all_final_c20,2025-11,-0.04981372102738201
tail10_reclaim00_all_final_c20,2025-12,-0.06960095416972359
tail10_reclaim00_all_final_c20,2026-01,-0.1477959793808828
tail10_reclaim00_all_final_c20,2026-02,-0.056525387287801335
tail10_reclaim00_all_final_c20,2026-03,-0.0725173233430541
tail10_reclaim00_all_final_c20,2026-04,0.019698325605606127
tail10_reclaim00_participation_q50_1200_c5,2024-11,0.011101780351005737
tail10_reclaim00_participation_q50_1200_c5,2024-12,0.019997961806656923
tail10_reclaim00_participation_q50_1200_c5,2025-01,-0.13168983153758573
tail10_reclaim00_participation_q50_1200_c5,2025-02,-0.06752913661928245
tail10_reclaim00_participation_q50_1200_c5,2025-03,-0.07522030028479096
tail10_reclaim00_participation_q50_1200_c5,2025-04,0.03862521220319034
tail10_reclaim00_participation_q50_1200_c5,2025-05,0.1364053257454448
tail10_reclaim00_participation_q50_1200_c5,2025-06,0.041083396460662204
tail10_reclaim00_participation_q50_1200_c5,2025-07,0.001009691384266917
tail10_reclaim00_participation_q50_1200_c5,2025-08,-0.08337233567866205
tail10_reclaim00_participation_q50_1200_c5,2025-09,0.08997686151465956
tail10_reclaim00_participation_q50_1200_c5,2025-10,0.11052924695603805
tail10_reclaim00_participation_q50_1200_c5,2025-11,-0.01130510579272042
tail10_reclaim00_participation_q50_1200_c5,2025-12,0.02605769618064386
tail10_reclaim00_participation_q50_1200_c5,2026-01,-0.07635479677282096
tail10_reclaim00_participation_q50_1200_c5,2026-02,0.013695450062481894
tail10_reclaim00_participation_q50_1200_c5,2026-03,0.07765356383795236
tail10_reclaim00_participation_q50_1200_c5,2026-04,0.005037877211468467
tail10_reclaim00_participation_q50_1200_c10,2024-11,-0.00689821964899426
tail10_reclaim00_participation_q50_1200_c10,2024-12,0.0059979618066569275
tail10_reclaim00_participation_q50_1200_c10,2025-01,-0.14668983153758575
tail10_reclaim00_participation_q50_1200_c10,2025-02,-0.08052913661928245
tail10_reclaim00_participation_q50_1200_c10,2025-03,-0.09322030028479096
tail10_reclaim00_participation_q50_1200_c10,2025-04,0.02162521220319033
tail10_reclaim00_participation_q50_1200_c10,2025-05,0.1254053257454448
tail10_reclaim00_participation_q50_1200_c10,2025-06,0.031083396460662195
tail10_reclaim00_participation_q50_1200_c10,2025-07,-0.016990308615733092
tail10_reclaim00_participation_q50_1200_c10,2025-08,-0.09837233567866205
tail10_reclaim00_participation_q50_1200_c10,2025-09,0.07197686151465955
tail10_reclaim00_participation_q50_1200_c10,2025-10,0.09052924695603805
tail10_reclaim00_participation_q50_1200_c10,2025-11,-0.026305105792720433
tail10_reclaim00_participation_q50_1200_c10,2025-12,0.006057696180643852
tail10_reclaim00_participation_q50_1200_c10,2026-01,-0.09535479677282097
tail10_reclaim00_participation_q50_1200_c10,2026-02,-0.003304549937518121
tail10_reclaim00_participation_q50_1200_c10,2026-03,0.059653563837952346
tail10_reclaim00_participation_q50_1200_c10,2026-04,-0.01596212278853154
tail10_reclaim00_participation_q50_1200_c20,2024-11,-0.04289821964899426
tail10_reclaim00_participation_q50_1200_c20,2024-12,-0.022002038193343065
tail10_reclaim00_participation_q50_1200_c20,2025-01,-0.17668983153758575
tail10_reclaim00_participation_q50_1200_c20,2025-02,-0.10652913661928244
tail10_reclaim00_participation_q50_1200_c20,2025-03,-0.12922030028479095
tail10_reclaim00_participation_q50_1200_c20,2025-04,-0.012374787796809672
tail10_reclaim00_participation_q50_1200_c20,2025-05,0.10340532574544481
tail10_reclaim00_participation_q50_1200_c20,2025-06,0.011083396460662203
tail10_reclaim00_participation_q50_1200_c20,2025-07,-0.05299030861573308
tail10_reclaim00_participation_q50_1200_c20,2025-08,-0.12837233567866205
tail10_reclaim00_participation_q50_1200_c20,2025-09,0.035976861514659564
tail10_reclaim00_participation_q50_1200_c20,2025-10,0.05052924695603806
tail10_reclaim00_participation_q50_1200_c20,2025-11,-0.056305105792720425
tail10_reclaim00_participation_q50_1200_c20,2025-12,-0.03394230381935614
tail10_reclaim00_participation_q50_1200_c20,2026-01,-0.13335479677282097
tail10_reclaim00_participation_q50_1200_c20,2026-02,-0.03730454993751811
tail10_reclaim00_participation_q50_1200_c20,2026-03,0.02365356383795236
tail10_reclaim00_participation_q50_1200_c20,2026-04,-0.05796212278853154
tail10_reclaim00_participation_q50_final_c5,2024-11,0.04178151535958658
tail10_reclaim00_participation_q50_final_c5,2024-12,-0.0733348068576055
tail10_reclaim00_participation_q50_final_c5,2025-01,-0.0921133038114366
tail10_reclaim00_participation_q50_final_c5,2025-02,-0.028884493458192318
tail10_reclaim00_participation_q50_final_c5,2025-03,-0.10171538281259931
tail10_reclaim00_participation_q50_final_c5,2025-04,0.19697280287293484
tail10_reclaim00_participation_q50_final_c5,2025-05,0.20478121509919112
tail10_reclaim00_participation_q50_final_c5,2025-06,0.011708806329325729
tail10_reclaim00_participation_q50_final_c5,2025-07,-0.03800413899718136
tail10_reclaim00_participation_q50_final_c5,2025-08,-0.13880326105022253
tail10_reclaim00_participation_q50_final_c5,2025-09,0.13261848586172867
tail10_reclaim00_participation_q50_final_c5,2025-10,0.06998518876766241
tail10_reclaim00_participation_q50_final_c5,2025-11,0.04691555929781292
tail10_reclaim00_participation_q50_final_c5,2025-12,0.024081455161858216
tail10_reclaim00_participation_q50_final_c5,2026-01,-0.09028680102399801
tail10_reclaim00_participation_q50_final_c5,2026-02,0.029957972877403767
tail10_reclaim00_participation_q50_final_c5,2026-03,0.053788214421140304
tail10_reclaim00_participation_q50_final_c5,2026-04,0.06709500306605068
tail10_reclaim00_participation_q50_final_c10,2024-11,0.022781515359586564
tail10_reclaim00_participation_q50_final_c10,2024-12,-0.0913348068576055
tail10_reclaim00_participation_q50_final_c10,2025-01,-0.1081133038114366
tail10_reclaim00_participation_q50_final_c10,2025-02,-0.04488449345819232
tail10_reclaim00_participation_q50_final_c10,2025-03,-0.12071538281259933
tail10_reclaim00_participation_q50_final_c10,2025-04,0.17997280287293485
tail10_reclaim00_participation_q50_final_c10,2025-05,0.1867812150991911
tail10_reclaim00_participation_q50_final_c10,2025-06,-0.002291193670674277
tail10_reclaim00_participation_q50_final_c10,2025-07,-0.057004138997181354
tail10_reclaim00_participation_q50_final_c10,2025-08,-0.15580326105022255
tail10_reclaim00_participation_q50_final_c10,2025-09,0.11361848586172867
tail10_reclaim00_participation_q50_final_c10,2025-10,0.04898518876766239
tail10_reclaim00_participation_q50_final_c10,2025-11,0.02991555929781291
tail10_reclaim00_participation_q50_final_c10,2025-12,0.0030814551618582216
tail10_reclaim00_participation_q50_final_c10,2026-01,-0.10928680102399801
tail10_reclaim00_participation_q50_final_c10,2026-02,0.012957972877403762
tail10_reclaim00_participation_q50_final_c10,2026-03,0.0357882144211403
tail10_reclaim00_participation_q50_final_c10,2026-04,0.046095003066050674
tail10_reclaim00_participation_q50_final_c20,2024-11,-0.015218484640413426
tail10_reclaim00_participation_q50_final_c20,2024-12,-0.1273348068576055
tail10_reclaim00_participation_q50_final_c20,2025-01,-0.1401133038114366
tail10_reclaim00_participation_q50_final_c20,2025-02,-0.07688449345819232
tail10_reclaim00_participation_q50_final_c20,2025-03,-0.1587153828125993
tail10_reclaim00_participation_q50_final_c20,2025-04,0.14597280287293485
tail10_reclaim00_participation_q50_final_c20,2025-05,0.15078121509919112
tail10_reclaim00_participation_q50_final_c20,2025-06,-0.030291193670674278
tail10_reclaim00_participation_q50_final_c20,2025-07,-0.09500413899718135
tail10_reclaim00_participation_q50_final_c20,2025-08,-0.18980326105022255
tail10_reclaim00_participation_q50_final_c20,2025-09,0.07561848586172869
tail10_reclaim00_participation_q50_final_c20,2025-10,0.006985188767662385
tail10_reclaim00_participation_q50_final_c20,2025-11,-0.004084440702187088
tail10_reclaim00_participation_q50_final_c20,2025-12,-0.03891854483814178
tail10_reclaim00_participation_q50_final_c20,2026-01,-0.14728680102399802
tail10_reclaim00_participation_q50_final_c20,2026-02,-0.021042027122596237
tail10_reclaim00_participation_q50_final_c20,2026-03,-0.00021178557885970228
tail10_reclaim00_participation_q50_final_c20,2026-04,0.004095003066050668
tail10_reclaim00_participation_q67_1200_c5,2024-11,-0.01582325558224363
tail10_reclaim00_participation_q67_1200_c5,2024-12,-0.011203764181888825
tail10_reclaim00_participation_q67_1200_c5,2025-01,-0.11900982757442786
tail10_reclaim00_participation_q67_1200_c5,2025-02,-0.0826692256770379
tail10_reclaim00_participation_q67_1200_c5,2025-03,-0.11022899621734286
tail10_reclaim00_participation_q67_1200_c5,2025-04,0.041704318419657826
tail10_reclaim00_participation_q67_1200_c5,2025-05,0.1510611495263805
tail10_reclaim00_participation_q67_1200_c5,2025-06,0.047486177694944544
tail10_reclaim00_participation_q67_1200_c5,2025-07,0.0007086993290373877
tail10_reclaim00_participation_q67_1200_c5,2025-08,-0.08707467354033532
tail10_reclaim00_participation_q67_1200_c5,2025-09,0.118687893122382
tail10_reclaim00_participation_q67_1200_c5,2025-10,0.08411415879996963
tail10_reclaim00_participation_q67_1200_c5,2025-11,0.00157364220456556
tail10_reclaim00_participation_q67_1200_c5,2025-12,0.023344948927861438
tail10_reclaim00_participation_q67_1200_c5,2026-01,-0.09050003610223575
tail10_reclaim00_participation_q67_1200_c5,2026-02,-0.008428824171902508
tail10_reclaim00_participation_q67_1200_c5,2026-03,0.07691411598196679
tail10_reclaim00_participation_q67_1200_c5,2026-04,-0.01800911796324555
tail10_reclaim00_participation_q67_1200_c10,2024-11,-0.03382325558224364
tail10_reclaim00_participation_q67_1200_c10,2024-12,-0.025203764181888827
tail10_reclaim00_participation_q67_1200_c10,2025-01,-0.13500982757442787
tail10_reclaim00_participation_q67_1200_c10,2025-02,-0.0956692256770379
tail10_reclaim00_participation_q67_1200_c10,2025-03,-0.12722899621734285
tail10_reclaim00_participation_q67_1200_c10,2025-04,0.02670431841965782
tail10_reclaim00_participation_q67_1200_c10,2025-05,0.13906114952638052
tail10_reclaim00_participation_q67_1200_c10,2025-06,0.03748617769494454
tail10_reclaim00_participation_q67_1200_c10,2025-07,-0.016291300670962613
tail10_reclaim00_participation_q67_1200_c10,2025-08,-0.10207467354033532
tail10_reclaim00_participation_q67_1200_c10,2025-09,0.101687893122382
tail10_reclaim00_participation_q67_1200_c10,2025-10,0.06611415879996962
tail10_reclaim00_participation_q67_1200_c10,2025-11,-0.015426357795434439
tail10_reclaim00_participation_q67_1200_c10,2025-12,0.004344948927861433
tail10_reclaim00_participation_q67_1200_c10,2026-01,-0.10950003610223576
tail10_reclaim00_participation_q67_1200_c10,2026-02,-0.024428824171902522
tail10_reclaim00_participation_q67_1200_c10,2026-03,0.05891411598196679
tail10_reclaim00_participation_q67_1200_c10,2026-04,-0.03800911796324556
tail10_reclaim00_participation_q67_1200_c20,2024-11,-0.06982325558224362
tail10_reclaim00_participation_q67_1200_c20,2024-12,-0.053203764181888824
tail10_reclaim00_participation_q67_1200_c20,2025-01,-0.16700982757442787
tail10_reclaim00_participation_q67_1200_c20,2025-02,-0.12166922567703789
tail10_reclaim00_participation_q67_1200_c20,2025-03,-0.16122899621734285
tail10_reclaim00_participation_q67_1200_c20,2025-04,-0.0032956815803421857
tail10_reclaim00_participation_q67_1200_c20,2025-05,0.11506114952638052
tail10_reclaim00_participation_q67_1200_c20,2025-06,0.017486177694944545
tail10_reclaim00_participation_q67_1200_c20,2025-07,-0.05029130067096261
tail10_reclaim00_participation_q67_1200_c20,2025-08,-0.13207467354033534
tail10_reclaim00_participation_q67_1200_c20,2025-09,0.067687893122382
tail10_reclaim00_participation_q67_1200_c20,2025-10,0.03011415879996962
tail10_reclaim00_participation_q67_1200_c20,2025-11,-0.049426357795434445
tail10_reclaim00_participation_q67_1200_c20,2025-12,-0.033655051072138564
tail10_reclaim00_participation_q67_1200_c20,2026-01,-0.14750003610223575
tail10_reclaim00_participation_q67_1200_c20,2026-02,-0.056428824171902515
tail10_reclaim00_participation_q67_1200_c20,2026-03,0.022914115981966795
tail10_reclaim00_participation_q67_1200_c20,2026-04,-0.07800911796324556
tail10_reclaim00_participation_q67_final_c5,2024-11,0.007746066883459213
tail10_reclaim00_participation_q67_final_c5,2024-12,-0.10951820384489473
tail10_reclaim00_participation_q67_final_c5,2025-01,-0.08052343182282183
tail10_reclaim00_participation_q67_final_c5,2025-02,-0.03003694612818864
tail10_reclaim00_participation_q67_final_c5,2025-03,-0.10708576750282006
tail10_reclaim00_participation_q67_final_c5,2025-04,0.20209003955846566
tail10_reclaim00_participation_q67_final_c5,2025-05,0.20446685044163598
tail10_reclaim00_participation_q67_final_c5,2025-06,0.059956843837031495
tail10_reclaim00_participation_q67_final_c5,2025-07,-0.027782539991896484
tail10_reclaim00_participation_q67_final_c5,2025-08,-0.11327379560927514
tail10_reclaim00_participation_q67_final_c5,2025-09,0.152971228670821
tail10_reclaim00_participation_q67_final_c5,2025-10,0.016773906835619898
tail10_reclaim00_participation_q67_final_c5,2025-11,0.08071982124551869
tail10_reclaim00_participation_q67_final_c5,2025-12,0.00866777771168793
tail10_reclaim00_participation_q67_final_c5,2026-01,-0.10401603351806732
tail10_reclaim00_participation_q67_final_c5,2026-02,-0.0003350524037939624
tail10_reclaim00_participation_q67_final_c5,2026-03,0.07900876534121269
tail10_reclaim00_participation_q67_final_c5,2026-04,0.06464261595798616
tail10_reclaim00_participation_q67_final_c10,2024-11,-0.011253933116540802
tail10_reclaim00_participation_q67_final_c10,2024-12,-0.12651820384489473
tail10_reclaim00_participation_q67_final_c10,2025-01,-0.09652343182282182
tail10_reclaim00_participation_q67_final_c10,2025-02,-0.04603694612818865
tail10_reclaim00_participation_q67_final_c10,2025-03,-0.12408576750282005
tail10_reclaim00_participation_q67_final_c10,2025-04,0.18709003955846565
tail10_reclaim00_participation_q67_final_c10,2025-05,0.186466850441636
tail10_reclaim00_participation_q67_final_c10,2025-06,0.04795684383703149
tail10_reclaim00_participation_q67_final_c10,2025-07,-0.04578253999189648
tail10_reclaim00_participation_q67_final_c10,2025-08,-0.13027379560927516
tail10_reclaim00_participation_q67_final_c10,2025-09,0.13497122867082098
tail10_reclaim00_participation_q67_final_c10,2025-10,-0.002226093164380112
tail10_reclaim00_participation_q67_final_c10,2025-11,0.06371982124551867
tail10_reclaim00_participation_q67_final_c10,2025-12,-0.010332222288312067
tail10_reclaim00_participation_q67_final_c10,2026-01,-0.12301603351806731
tail10_reclaim00_participation_q67_final_c10,2026-02,-0.01633505240379398
tail10_reclaim00_participation_q67_final_c10,2026-03,0.06100876534121269
tail10_reclaim00_participation_q67_final_c10,2026-04,0.04464261595798615
tail10_reclaim00_participation_q67_final_c20,2024-11,-0.04925393311654081
tail10_reclaim00_participation_q67_final_c20,2024-12,-0.16051820384489474
tail10_reclaim00_participation_q67_final_c20,2025-01,-0.12852343182282183
tail10_reclaim00_participation_q67_final_c20,2025-02,-0.07803694612818865
tail10_reclaim00_participation_q67_final_c20,2025-03,-0.15808576750282005
tail10_reclaim00_participation_q67_final_c20,2025-04,0.15709003955846565
tail10_reclaim00_participation_q67_final_c20,2025-05,0.150466850441636
tail10_reclaim00_participation_q67_final_c20,2025-06,0.023956843837031498
tail10_reclaim00_participation_q67_final_c20,2025-07,-0.08178253999189648
tail10_reclaim00_participation_q67_final_c20,2025-08,-0.16427379560927516
tail10_reclaim00_participation_q67_final_c20,2025-09,0.098971228670821
tail10_reclaim00_participation_q67_final_c20,2025-10,-0.04022609316438011
tail10_reclaim00_participation_q67_final_c20,2025-11,0.029719821245518675
tail10_reclaim00_participation_q67_final_c20,2025-12,-0.04833222228831207
tail10_reclaim00_participation_q67_final_c20,2026-01,-0.16101603351806731
tail10_reclaim00_participation_q67_final_c20,2026-02,-0.048335052403793974
tail10_reclaim00_participation_q67_final_c20,2026-03,0.025008765341212675
tail10_reclaim00_participation_q67_final_c20,2026-04,0.004642615957986162
tail10_reclaim00_participation_q80_1200_c5,2024-11,0.03016019469145228
tail10_reclaim00_participation_q80_1200_c5,2024-12,-0.025066479651182975
tail10_reclaim00_participation_q80_1200_c5,2025-01,-0.13566150868829377
tail10_reclaim00_participation_q80_1200_c5,2025-02,-0.021098677496823703
tail10_reclaim00_participation_q80_1200_c5,2025-03,-0.11477823794944136
tail10_reclaim00_participation_q80_1200_c5,2025-04,0.027575964765171504
tail10_reclaim00_participation_q80_1200_c5,2025-05,0.15415361038582315
tail10_reclaim00_participation_q80_1200_c5,2025-06,0.06661466264512884
tail10_reclaim00_participation_q80_1200_c5,2025-07,0.029240037757164036
tail10_reclaim00_participation_q80_1200_c5,2025-08,-0.0896234926636652
tail10_reclaim00_participation_q80_1200_c5,2025-09,0.11378035772112764
tail10_reclaim00_participation_q80_1200_c5,2025-10,0.0902179136215634
tail10_reclaim00_participation_q80_1200_c5,2025-11,0.032033998697798285
tail10_reclaim00_participation_q80_1200_c5,2025-12,0.02476374159169495
tail10_reclaim00_participation_q80_1200_c5,2026-01,-0.15688251056654845
tail10_reclaim00_participation_q80_1200_c5,2026-02,0.05550903641402401
tail10_reclaim00_participation_q80_1200_c5,2026-03,0.081541267989511
tail10_reclaim00_participation_q80_1200_c5,2026-04,-0.04416308974589143
tail10_reclaim00_participation_q80_1200_c10,2024-11,0.013160194691452272
tail10_reclaim00_participation_q80_1200_c10,2024-12,-0.03706647965118297
tail10_reclaim00_participation_q80_1200_c10,2025-01,-0.14966150868829378
tail10_reclaim00_participation_q80_1200_c10,2025-02,-0.0340986774968237
tail10_reclaim00_participation_q80_1200_c10,2025-03,-0.12977823794944138
tail10_reclaim00_participation_q80_1200_c10,2025-04,0.0135759647651715
tail10_reclaim00_participation_q80_1200_c10,2025-05,0.14215361038582316
tail10_reclaim00_participation_q80_1200_c10,2025-06,0.05661466264512885
tail10_reclaim00_participation_q80_1200_c10,2025-07,0.013240037757164029
tail10_reclaim00_participation_q80_1200_c10,2025-08,-0.1056234926636652
tail10_reclaim00_participation_q80_1200_c10,2025-09,0.09978035772112764
tail10_reclaim00_participation_q80_1200_c10,2025-10,0.07321791362156338
tail10_reclaim00_participation_q80_1200_c10,2025-11,0.019033998697798274
tail10_reclaim00_participation_q80_1200_c10,2025-12,0.007763741591694946
tail10_reclaim00_participation_q80_1200_c10,2026-01,-0.17488251056654847
tail10_reclaim00_participation_q80_1200_c10,2026-02,0.04050903641402399
tail10_reclaim00_participation_q80_1200_c10,2026-03,0.06654126798951099
tail10_reclaim00_participation_q80_1200_c10,2026-04,-0.059163089745891434
tail10_reclaim00_participation_q80_1200_c20,2024-11,-0.020839805308547718
tail10_reclaim00_participation_q80_1200_c20,2024-12,-0.06106647965118297
tail10_reclaim00_participation_q80_1200_c20,2025-01,-0.17766150868829378
tail10_reclaim00_participation_q80_1200_c20,2025-02,-0.060098677496823696
tail10_reclaim00_participation_q80_1200_c20,2025-03,-0.15977823794944135
tail10_reclaim00_participation_q80_1200_c20,2025-04,-0.014424035234828506
tail10_reclaim00_participation_q80_1200_c20,2025-05,0.11815361038582317
tail10_reclaim00_participation_q80_1200_c20,2025-06,0.03661466264512885
tail10_reclaim00_participation_q80_1200_c20,2025-07,-0.018759962242835968
tail10_reclaim00_participation_q80_1200_c20,2025-08,-0.13762349266366522
tail10_reclaim00_participation_q80_1200_c20,2025-09,0.07178035772112765
tail10_reclaim00_participation_q80_1200_c20,2025-10,0.03921791362156339
tail10_reclaim00_participation_q80_1200_c20,2025-11,-0.006966001302201723
tail10_reclaim00_participation_q80_1200_c20,2025-12,-0.026236258408305048
tail10_reclaim00_participation_q80_1200_c20,2026-01,-0.21088251056654844
tail10_reclaim00_participation_q80_1200_c20,2026-02,0.010509036414024
tail10_reclaim00_participation_q80_1200_c20,2026-03,0.03654126798951102
tail10_reclaim00_participation_q80_1200_c20,2026-04,-0.08916308974589142
tail10_reclaim00_participation_q80_final_c5,2024-11,0.08244741632897834
tail10_reclaim00_participation_q80_final_c5,2024-12,-0.13863215354020697
tail10_reclaim00_participation_q80_final_c5,2025-01,-0.0739319061315373
tail10_reclaim00_participation_q80_final_c5,2025-02,-0.010715695013273099
tail10_reclaim00_participation_q80_final_c5,2025-03,-0.13230269554734475
tail10_reclaim00_participation_q80_final_c5,2025-04,0.16900696744311666
tail10_reclaim00_participation_q80_final_c5,2025-05,0.20283888786710738
tail10_reclaim00_participation_q80_final_c5,2025-06,0.08989801157958022
tail10_reclaim00_participation_q80_final_c5,2025-07,-0.017040446328197158
tail10_reclaim00_participation_q80_final_c5,2025-08,-0.14683369692879158
tail10_reclaim00_participation_q80_final_c5,2025-09,0.1432610232867551
tail10_reclaim00_participation_q80_final_c5,2025-10,0.01021356329632286
tail10_reclaim00_participation_q80_final_c5,2025-11,0.06094287750505361
tail10_reclaim00_participation_q80_final_c5,2025-12,0.024253102030313577
tail10_reclaim00_participation_q80_final_c5,2026-01,-0.21330164023054568
tail10_reclaim00_participation_q80_final_c5,2026-02,0.09329946535628635
tail10_reclaim00_participation_q80_final_c5,2026-03,0.10238306104857062
tail10_reclaim00_participation_q80_final_c5,2026-04,0.023367560382778693
tail10_reclaim00_participation_q80_final_c10,2024-11,0.06544741632897833
tail10_reclaim00_participation_q80_final_c10,2024-12,-0.15363215354020696
tail10_reclaim00_participation_q80_final_c10,2025-01,-0.0879319061315373
tail10_reclaim00_participation_q80_final_c10,2025-02,-0.0257156950132731
tail10_reclaim00_participation_q80_final_c10,2025-03,-0.14730269554734476
tail10_reclaim00_participation_q80_final_c10,2025-04,0.15500696744311665
tail10_reclaim00_participation_q80_final_c10,2025-05,0.18583888786710737
tail10_reclaim00_participation_q80_final_c10,2025-06,0.07889801157958022
tail10_reclaim00_participation_q80_final_c10,2025-07,-0.033040446328197165
tail10_reclaim00_participation_q80_final_c10,2025-08,-0.1638336969287916
tail10_reclaim00_participation_q80_final_c10,2025-09,0.1292610232867551
tail10_reclaim00_participation_q80_final_c10,2025-10,-0.007786436703677152
tail10_reclaim00_participation_q80_final_c10,2025-11,0.04794287750505359
tail10_reclaim00_participation_q80_final_c10,2025-12,0.007253102030313577
tail10_reclaim00_participation_q80_final_c10,2026-01,-0.23130164023054567
tail10_reclaim00_participation_q80_final_c10,2026-02,0.07829946535628633
tail10_reclaim00_participation_q80_final_c10,2026-03,0.08738306104857062
tail10_reclaim00_participation_q80_final_c10,2026-04,0.008367560382778689
tail10_reclaim00_participation_q80_final_c20,2024-11,0.03144741632897833
tail10_reclaim00_participation_q80_final_c20,2024-12,-0.18363215354020695
tail10_reclaim00_participation_q80_final_c20,2025-01,-0.11593190613153731
tail10_reclaim00_participation_q80_final_c20,2025-02,-0.0557156950132731
tail10_reclaim00_participation_q80_final_c20,2025-03,-0.17730269554734474
tail10_reclaim00_participation_q80_final_c20,2025-04,0.12700696744311663
tail10_reclaim00_participation_q80_final_c20,2025-05,0.1518388878671074
tail10_reclaim00_participation_q80_final_c20,2025-06,0.056898011579580215
tail10_reclaim00_participation_q80_final_c20,2025-07,-0.06504044632819717
tail10_reclaim00_participation_q80_final_c20,2025-08,-0.1978336969287916
tail10_reclaim00_participation_q80_final_c20,2025-09,0.10126102328675511
tail10_reclaim00_participation_q80_final_c20,2025-10,-0.043786436703677156
tail10_reclaim00_participation_q80_final_c20,2025-11,0.02194287750505359
tail10_reclaim00_participation_q80_final_c20,2025-12,-0.02674689796968642
tail10_reclaim00_participation_q80_final_c20,2026-01,-0.2673016402305457
tail10_reclaim00_participation_q80_final_c20,2026-02,0.048299465356286334
tail10_reclaim00_participation_q80_final_c20,2026-03,0.05738306104857062
tail10_reclaim00_participation_q80_final_c20,2026-04,-0.02163243961722131
tail10_reclaim00_anomaly_ge1_1200_c5,2024-11,0.0030221862522226495
tail10_reclaim00_anomaly_ge1_1200_c5,2024-12,0.03645644389128441
tail10_reclaim00_anomaly_ge1_1200_c5,2025-01,-0.122560391556152
tail10_reclaim00_anomaly_ge1_1200_c5,2025-02,-0.03990848354257592
tail10_reclaim00_anomaly_ge1_1200_c5,2025-03,-0.16205049749452594
tail10_reclaim00_anomaly_ge1_1200_c5,2025-04,0.033182031536438374
tail10_reclaim00_anomaly_ge1_1200_c5,2025-05,0.14956484455138744
tail10_reclaim00_anomaly_ge1_1200_c5,2025-06,0.06079881407053259
tail10_reclaim00_anomaly_ge1_1200_c5,2025-07,-0.02704013961693473
tail10_reclaim00_anomaly_ge1_1200_c5,2025-08,-0.01738408374713389
tail10_reclaim00_anomaly_ge1_1200_c5,2025-09,0.11326357113976772
tail10_reclaim00_anomaly_ge1_1200_c5,2025-10,0.15480847079751017
tail10_reclaim00_anomaly_ge1_1200_c5,2025-11,0.05555404280364559
tail10_reclaim00_anomaly_ge1_1200_c5,2025-12,0.025702312107172595
tail10_reclaim00_anomaly_ge1_1200_c5,2026-01,-0.11640649697603872
tail10_reclaim00_anomaly_ge1_1200_c5,2026-02,0.005655351244366828
tail10_reclaim00_anomaly_ge1_1200_c5,2026-03,0.033274745459085556
tail10_reclaim00_anomaly_ge1_1200_c5,2026-04,0.0004954549664551999
tail10_reclaim00_anomaly_ge1_1200_c10,2024-11,-0.014977813747777362
tail10_reclaim00_anomaly_ge1_1200_c10,2024-12,0.023456443891284408
tail10_reclaim00_anomaly_ge1_1200_c10,2025-01,-0.138560391556152
tail10_reclaim00_anomaly_ge1_1200_c10,2025-02,-0.05490848354257592
tail10_reclaim00_anomaly_ge1_1200_c10,2025-03,-0.17805049749452595
tail10_reclaim00_anomaly_ge1_1200_c10,2025-04,0.017182031536438366
tail10_reclaim00_anomaly_ge1_1200_c10,2025-05,0.13756484455138743
tail10_reclaim00_anomaly_ge1_1200_c10,2025-06,0.049798814070532584
tail10_reclaim00_anomaly_ge1_1200_c10,2025-07,-0.04404013961693474
tail10_reclaim00_anomaly_ge1_1200_c10,2025-08,-0.03438408374713389
tail10_reclaim00_anomaly_ge1_1200_c10,2025-09,0.09426357113976772
tail10_reclaim00_anomaly_ge1_1200_c10,2025-10,0.13480847079751015
tail10_reclaim00_anomaly_ge1_1200_c10,2025-11,0.03955404280364558
tail10_reclaim00_anomaly_ge1_1200_c10,2025-12,0.008702312107172596
tail10_reclaim00_anomaly_ge1_1200_c10,2026-01,-0.13640649697603874
tail10_reclaim00_anomaly_ge1_1200_c10,2026-02,-0.011344648755633187
tail10_reclaim00_anomaly_ge1_1200_c10,2026-03,0.015274745459085547
tail10_reclaim00_anomaly_ge1_1200_c10,2026-04,-0.020504545033544815
tail10_reclaim00_anomaly_ge1_1200_c20,2024-11,-0.05097781374777735
tail10_reclaim00_anomaly_ge1_1200_c20,2024-12,-0.0025435561087155875
tail10_reclaim00_anomaly_ge1_1200_c20,2025-01,-0.170560391556152
tail10_reclaim00_anomaly_ge1_1200_c20,2025-02,-0.08490848354257592
tail10_reclaim00_anomaly_ge1_1200_c20,2025-03,-0.21005049749452592
tail10_reclaim00_anomaly_ge1_1200_c20,2025-04,-0.014817968463561634
tail10_reclaim00_anomaly_ge1_1200_c20,2025-05,0.11356484455138743
tail10_reclaim00_anomaly_ge1_1200_c20,2025-06,0.027798814070532592
tail10_reclaim00_anomaly_ge1_1200_c20,2025-07,-0.07804013961693473
tail10_reclaim00_anomaly_ge1_1200_c20,2025-08,-0.06838408374713391
tail10_reclaim00_anomaly_ge1_1200_c20,2025-09,0.05626357113976772
tail10_reclaim00_anomaly_ge1_1200_c20,2025-10,0.09480847079751016
tail10_reclaim00_anomaly_ge1_1200_c20,2025-11,0.007554042803645588
tail10_reclaim00_anomaly_ge1_1200_c20,2025-12,-0.0252976878928274
tail10_reclaim00_anomaly_ge1_1200_c20,2026-01,-0.17640649697603872
tail10_reclaim00_anomaly_ge1_1200_c20,2026-02,-0.04534464875563319
tail10_reclaim00_anomaly_ge1_1200_c20,2026-03,-0.02072525454091444
tail10_reclaim00_anomaly_ge1_1200_c20,2026-04,-0.0625045450335448
tail10_reclaim00_anomaly_ge1_final_c5,2024-11,0.0407256955839953
tail10_reclaim00_anomaly_ge1_final_c5,2024-12,-0.06249015599791201
tail10_reclaim00_anomaly_ge1_final_c5,2025-01,-0.07504420436168413
tail10_reclaim00_anomaly_ge1_final_c5,2025-02,0.007308878264539514
tail10_reclaim00_anomaly_ge1_final_c5,2025-03,-0.1456627705755847
tail10_reclaim00_anomaly_ge1_final_c5,2025-04,0.21941675034550212
tail10_reclaim00_anomaly_ge1_final_c5,2025-05,0.25787734306931737
tail10_reclaim00_anomaly_ge1_final_c5,2025-06,0.009192385005915023
tail10_reclaim00_anomaly_ge1_final_c5,2025-07,-0.048968455404770635
tail10_reclaim00_anomaly_ge1_final_c5,2025-08,-0.07354957145348746
tail10_reclaim00_anomaly_ge1_final_c5,2025-09,0.15168325781727784
tail10_reclaim00_anomaly_ge1_final_c5,2025-10,0.09982699454592425
tail10_reclaim00_anomaly_ge1_final_c5,2025-11,0.033060460311487426
tail10_reclaim00_anomaly_ge1_final_c5,2025-12,0.007737393630885572
tail10_reclaim00_anomaly_ge1_final_c5,2026-01,-0.13772797288738067
tail10_reclaim00_anomaly_ge1_final_c5,2026-02,-0.008473706478766677
tail10_reclaim00_anomaly_ge1_final_c5,2026-03,0.022334412769151796
tail10_reclaim00_anomaly_ge1_final_c5,2026-04,0.07120150087604146
tail10_reclaim00_anomaly_ge1_final_c10,2024-11,0.021725695583995286
tail10_reclaim00_anomaly_ge1_final_c10,2024-12,-0.07849015599791201
tail10_reclaim00_anomaly_ge1_final_c10,2025-01,-0.09104420436168413
tail10_reclaim00_anomaly_ge1_final_c10,2025-02,-0.009691121735460499
tail10_reclaim00_anomaly_ge1_final_c10,2025-03,-0.1646627705755847
tail10_reclaim00_anomaly_ge1_final_c10,2025-04,0.20341675034550213
tail10_reclaim00_anomaly_ge1_final_c10,2025-05,0.23987734306931735
tail10_reclaim00_anomaly_ge1_final_c10,2025-06,-0.004807614994084974
tail10_reclaim00_anomaly_ge1_final_c10,2025-07,-0.06696845540477063
tail10_reclaim00_anomaly_ge1_final_c10,2025-08,-0.09154957145348747
tail10_reclaim00_anomaly_ge1_final_c10,2025-09,0.13168325781727785
tail10_reclaim00_anomaly_ge1_final_c10,2025-10,0.07882699454592423
tail10_reclaim00_anomaly_ge1_final_c10,2025-11,0.01506046031148742
tail10_reclaim00_anomaly_ge1_final_c10,2025-12,-0.009262606369114421
tail10_reclaim00_anomaly_ge1_final_c10,2026-01,-0.15772797288738066
tail10_reclaim00_anomaly_ge1_final_c10,2026-02,-0.02547370647876669
tail10_reclaim00_anomaly_ge1_final_c10,2026-03,0.0033344127691517945
tail10_reclaim00_anomaly_ge1_final_c10,2026-04,0.05020150087604146
tail10_reclaim00_anomaly_ge1_final_c20,2024-11,-0.0162743044160047
tail10_reclaim00_anomaly_ge1_final_c20,2024-12,-0.11049015599791201
tail10_reclaim00_anomaly_ge1_final_c20,2025-01,-0.12304420436168413
tail10_reclaim00_anomaly_ge1_final_c20,2025-02,-0.043691121735460504
tail10_reclaim00_anomaly_ge1_final_c20,2025-03,-0.2026627705755847
tail10_reclaim00_anomaly_ge1_final_c20,2025-04,0.17141675034550213
tail10_reclaim00_anomaly_ge1_final_c20,2025-05,0.20387734306931737
tail10_reclaim00_anomaly_ge1_final_c20,2025-06,-0.03280761499408499
tail10_reclaim00_anomaly_ge1_final_c20,2025-07,-0.10296845540477063
tail10_reclaim00_anomaly_ge1_final_c20,2025-08,-0.12754957145348747
tail10_reclaim00_anomaly_ge1_final_c20,2025-09,0.09168325781727786
tail10_reclaim00_anomaly_ge1_final_c20,2025-10,0.03682699454592425
tail10_reclaim00_anomaly_ge1_final_c20,2025-11,-0.020939539688512594
tail10_reclaim00_anomaly_ge1_final_c20,2025-12,-0.043262606369114415
tail10_reclaim00_anomaly_ge1_final_c20,2026-01,-0.19772797288738067
tail10_reclaim00_anomaly_ge1_final_c20,2026-02,-0.059473706478766694
tail10_reclaim00_anomaly_ge1_final_c20,2026-03,-0.034665587230848206
tail10_reclaim00_anomaly_ge1_final_c20,2026-04,0.008201500876041462
tail10_reclaim00_anomaly_ge1_5_1200_c5,2024-11,0.00021213450578407792
tail10_reclaim00_anomaly_ge1_5_1200_c5,2024-12,0.015616925497746403
tail10_reclaim00_anomaly_ge1_5_1200_c5,2025-01,-0.18735270110049027
tail10_reclaim00_anomaly_ge1_5_1200_c5,2025-02,-0.0365362122283707
tail10_reclaim00_anomaly_ge1_5_1200_c5,2025-03,-0.10456239224319994
tail10_reclaim00_anomaly_ge1_5_1200_c5,2025-04,0.04048273984570127
tail10_reclaim00_anomaly_ge1_5_1200_c5,2025-05,0.16207680124432644
tail10_reclaim00_anomaly_ge1_5_1200_c5,2025-06,0.09810976282854816
tail10_reclaim00_anomaly_ge1_5_1200_c5,2025-07,-0.040651890093417666
tail10_reclaim00_anomaly_ge1_5_1200_c5,2025-08,-0.07098776623905391
tail10_reclaim00_anomaly_ge1_5_1200_c5,2025-09,0.12068355548069953
tail10_reclaim00_anomaly_ge1_5_1200_c5,2025-10,0.1044513403230391
tail10_reclaim00_anomaly_ge1_5_1200_c5,2025-11,0.020978623592439134
tail10_reclaim00_anomaly_ge1_5_1200_c5,2025-12,-0.009071657600253503
tail10_reclaim00_anomaly_ge1_5_1200_c5,2026-01,-0.10967390648804676
tail10_reclaim00_anomaly_ge1_5_1200_c5,2026-02,0.03813738653510079
tail10_reclaim00_anomaly_ge1_5_1200_c5,2026-03,0.05939217933430625
tail10_reclaim00_anomaly_ge1_5_1200_c5,2026-04,0.0639336709497043
tail10_reclaim00_anomaly_ge1_5_1200_c10,2024-11,-0.01578786549421593
tail10_reclaim00_anomaly_ge1_5_1200_c10,2024-12,0.006616925497746406
tail10_reclaim00_anomaly_ge1_5_1200_c10,2025-01,-0.20135270110049028
tail10_reclaim00_anomaly_ge1_5_1200_c10,2025-02,-0.05053621222837071
tail10_reclaim00_anomaly_ge1_5_1200_c10,2025-03,-0.11456239224319995
tail10_reclaim00_anomaly_ge1_5_1200_c10,2025-04,0.029482739845701267
tail10_reclaim00_anomaly_ge1_5_1200_c10,2025-05,0.14907680124432643
tail10_reclaim00_anomaly_ge1_5_1200_c10,2025-06,0.08610976282854817
tail10_reclaim00_anomaly_ge1_5_1200_c10,2025-07,-0.05365189009341768
tail10_reclaim00_anomaly_ge1_5_1200_c10,2025-08,-0.08698776623905391
tail10_reclaim00_anomaly_ge1_5_1200_c10,2025-09,0.10368355548069952
tail10_reclaim00_anomaly_ge1_5_1200_c10,2025-10,0.08745134032303908
tail10_reclaim00_anomaly_ge1_5_1200_c10,2025-11,0.007978623592439128
tail10_reclaim00_anomaly_ge1_5_1200_c10,2025-12,-0.020071657600253506
tail10_reclaim00_anomaly_ge1_5_1200_c10,2026-01,-0.12767390648804677
tail10_reclaim00_anomaly_ge1_5_1200_c10,2026-02,0.022137386535100785
tail10_reclaim00_anomaly_ge1_5_1200_c10,2026-03,0.04439217933430624
tail10_reclaim00_anomaly_ge1_5_1200_c10,2026-04,0.05193367094970429
tail10_reclaim00_anomaly_ge1_5_1200_c20,2024-11,-0.047787865494215924
tail10_reclaim00_anomaly_ge1_5_1200_c20,2024-12,-0.011383074502253593
tail10_reclaim00_anomaly_ge1_5_1200_c20,2025-01,-0.22935270110049027
tail10_reclaim00_anomaly_ge1_5_1200_c20,2025-02,-0.0785362122283707
tail10_reclaim00_anomaly_ge1_5_1200_c20,2025-03,-0.13456239224319994
tail10_reclaim00_anomaly_ge1_5_1200_c20,2025-04,0.007482739845701265
tail10_reclaim00_anomaly_ge1_5_1200_c20,2025-05,0.12307680124432642
tail10_reclaim00_anomaly_ge1_5_1200_c20,2025-06,0.06210976282854817
tail10_reclaim00_anomaly_ge1_5_1200_c20,2025-07,-0.07965189009341767
tail10_reclaim00_anomaly_ge1_5_1200_c20,2025-08,-0.11898776623905392
tail10_reclaim00_anomaly_ge1_5_1200_c20,2025-09,0.06968355548069953
tail10_reclaim00_anomaly_ge1_5_1200_c20,2025-10,0.053451340323039095
tail10_reclaim00_anomaly_ge1_5_1200_c20,2025-11,-0.018021376407560876
tail10_reclaim00_anomaly_ge1_5_1200_c20,2025-12,-0.042071657600253505
tail10_reclaim00_anomaly_ge1_5_1200_c20,2026-01,-0.16367390648804675
tail10_reclaim00_anomaly_ge1_5_1200_c20,2026-02,-0.009862613464899223
tail10_reclaim00_anomaly_ge1_5_1200_c20,2026-03,0.014392179334306258
tail10_reclaim00_anomaly_ge1_5_1200_c20,2026-04,0.0279336709497043
tail10_reclaim00_anomaly_ge1_5_final_c5,2024-11,-0.000674675369839956
tail10_reclaim00_anomaly_ge1_5_final_c5,2024-12,-0.1024932387909576
tail10_reclaim00_anomaly_ge1_5_final_c5,2025-01,-0.10265846157104366
tail10_reclaim00_anomaly_ge1_5_final_c5,2025-02,-0.002859636671004126
tail10_reclaim00_anomaly_ge1_5_final_c5,2025-03,-0.06075974685136484
tail10_reclaim00_anomaly_ge1_5_final_c5,2025-04,0.1559344827286463
tail10_reclaim00_anomaly_ge1_5_final_c5,2025-05,0.2132158126219589
tail10_reclaim00_anomaly_ge1_5_final_c5,2025-06,0.05043778289263434
tail10_reclaim00_anomaly_ge1_5_final_c5,2025-07,-0.062315105648255445
tail10_reclaim00_anomaly_ge1_5_final_c5,2025-08,-0.16412461056724847
tail10_reclaim00_anomaly_ge1_5_final_c5,2025-09,0.1655984296183989
tail10_reclaim00_anomaly_ge1_5_final_c5,2025-10,0.059773393069134935
tail10_reclaim00_anomaly_ge1_5_final_c5,2025-11,0.029478995278167053
tail10_reclaim00_anomaly_ge1_5_final_c5,2025-12,-0.017915148757460878
tail10_reclaim00_anomaly_ge1_5_final_c5,2026-01,-0.11131757219189259
tail10_reclaim00_anomaly_ge1_5_final_c5,2026-02,0.037250161893661635
tail10_reclaim00_anomaly_ge1_5_final_c5,2026-03,0.06768148835986018
tail10_reclaim00_anomaly_ge1_5_final_c5,2026-04,0.1158040177077499
tail10_reclaim00_anomaly_ge1_5_final_c10,2024-11,-0.017674675369839965
tail10_reclaim00_anomaly_ge1_5_final_c10,2024-12,-0.1144932387909576
tail10_reclaim00_anomaly_ge1_5_final_c10,2025-01,-0.11665846157104366
tail10_reclaim00_anomaly_ge1_5_final_c10,2025-02,-0.018859636671004133
tail10_reclaim00_anomaly_ge1_5_final_c10,2025-03,-0.07275974685136485
tail10_reclaim00_anomaly_ge1_5_final_c10,2025-04,0.14493448272864629
tail10_reclaim00_anomaly_ge1_5_final_c10,2025-05,0.1962158126219589
tail10_reclaim00_anomaly_ge1_5_final_c10,2025-06,0.03743778289263433
tail10_reclaim00_anomaly_ge1_5_final_c10,2025-07,-0.07531510564825544
tail10_reclaim00_anomaly_ge1_5_final_c10,2025-08,-0.1811246105672485
tail10_reclaim00_anomaly_ge1_5_final_c10,2025-09,0.1475984296183989
tail10_reclaim00_anomaly_ge1_5_final_c10,2025-10,0.041773393069134926
tail10_reclaim00_anomaly_ge1_5_final_c10,2025-11,0.016478995278167034
tail10_reclaim00_anomaly_ge1_5_final_c10,2025-12,-0.028915148757460873
tail10_reclaim00_anomaly_ge1_5_final_c10,2026-01,-0.12931757219189258
tail10_reclaim00_anomaly_ge1_5_final_c10,2026-02,0.02125016189366162
tail10_reclaim00_anomaly_ge1_5_final_c10,2026-03,0.05168148835986018
tail10_reclaim00_anomaly_ge1_5_final_c10,2026-04,0.10380401770774988
tail10_reclaim00_anomaly_ge1_5_final_c20,2024-11,-0.05167467536983997
tail10_reclaim00_anomaly_ge1_5_final_c20,2024-12,-0.13849323879095762
tail10_reclaim00_anomaly_ge1_5_final_c20,2025-01,-0.14465846157104367
tail10_reclaim00_anomaly_ge1_5_final_c20,2025-02,-0.05085963667100413
tail10_reclaim00_anomaly_ge1_5_final_c20,2025-03,-0.09675974685136486
tail10_reclaim00_anomaly_ge1_5_final_c20,2025-04,0.1229344827286463
tail10_reclaim00_anomaly_ge1_5_final_c20,2025-05,0.16221581262195892
tail10_reclaim00_anomaly_ge1_5_final_c20,2025-06,0.011437782892634345
tail10_reclaim00_anomaly_ge1_5_final_c20,2025-07,-0.10131510564825544
tail10_reclaim00_anomaly_ge1_5_final_c20,2025-08,-0.21512461056724846
tail10_reclaim00_anomaly_ge1_5_final_c20,2025-09,0.1115984296183989
tail10_reclaim00_anomaly_ge1_5_final_c20,2025-10,0.005773393069134925
tail10_reclaim00_anomaly_ge1_5_final_c20,2025-11,-0.009521004721832971
tail10_reclaim00_anomaly_ge1_5_final_c20,2025-12,-0.05091514875746087
tail10_reclaim00_anomaly_ge1_5_final_c20,2026-01,-0.16531757219189258
tail10_reclaim00_anomaly_ge1_5_final_c20,2026-02,-0.010749838106338377
tail10_reclaim00_anomaly_ge1_5_final_c20,2026-03,0.019681488359860184
tail10_reclaim00_anomaly_ge1_5_final_c20,2026-04,0.07980401770774989
tail10_reclaim00_anomaly_ge2_1200_c5,2024-11,-0.022551943894005017
tail10_reclaim00_anomaly_ge2_1200_c5,2024-12,0.01061367179645938
tail10_reclaim00_anomaly_ge2_1200_c5,2025-01,-0.13692708756751346
tail10_reclaim00_anomaly_ge2_1200_c5,2025-02,-0.04770953780266095
tail10_reclaim00_anomaly_ge2_1200_c5,2025-03,-0.04185019708958315
tail10_reclaim00_anomaly_ge2_1200_c5,2025-04,0.11134900999588694
tail10_reclaim00_anomaly_ge2_1200_c5,2025-05,0.09782924051662506
tail10_reclaim00_anomaly_ge2_1200_c5,2025-06,0.01256476542585
tail10_reclaim00_anomaly_ge2_1200_c5,2025-07,-0.00122319578218133
tail10_reclaim00_anomaly_ge2_1200_c5,2025-08,-0.05899831334020944
tail10_reclaim00_anomaly_ge2_1200_c5,2025-09,0.040069363228577765
tail10_reclaim00_anomaly_ge2_1200_c5,2025-10,0.08946239561604483
tail10_reclaim00_anomaly_ge2_1200_c5,2025-11,0.07046907616010122
tail10_reclaim00_anomaly_ge2_1200_c5,2025-12,-0.04270945644487517
tail10_reclaim00_anomaly_ge2_1200_c5,2026-01,-0.15400735575549035
tail10_reclaim00_anomaly_ge2_1200_c5,2026-02,-0.02768430724326884
tail10_reclaim00_anomaly_ge2_1200_c5,2026-03,0.014400876756785697
tail10_reclaim00_anomaly_ge2_1200_c5,2026-04,0.1003458814918425
tail10_reclaim00_anomaly_ge2_1200_c10,2024-11,-0.03855194389400503
tail10_reclaim00_anomaly_ge2_1200_c10,2024-12,0.0026136717964593834
tail10_reclaim00_anomaly_ge2_1200_c10,2025-01,-0.14592708756751346
tail10_reclaim00_anomaly_ge2_1200_c10,2025-02,-0.05970953780266095
tail10_reclaim00_anomaly_ge2_1200_c10,2025-03,-0.045850197089583156
tail10_reclaim00_anomaly_ge2_1200_c10,2025-04,0.10434900999588693
tail10_reclaim00_anomaly_ge2_1200_c10,2025-05,0.08682924051662505
tail10_reclaim00_anomaly_ge2_1200_c10,2025-06,0.007564765425849997
tail10_reclaim00_anomaly_ge2_1200_c10,2025-07,-0.010223195782181331
tail10_reclaim00_anomaly_ge2_1200_c10,2025-08,-0.07099831334020945
tail10_reclaim00_anomaly_ge2_1200_c10,2025-09,0.025069363228577758
tail10_reclaim00_anomaly_ge2_1200_c10,2025-10,0.07946239561604482
tail10_reclaim00_anomaly_ge2_1200_c10,2025-11,0.06046907616010121
tail10_reclaim00_anomaly_ge2_1200_c10,2025-12,-0.05070945644487517
tail10_reclaim00_anomaly_ge2_1200_c10,2026-01,-0.16800735575549036
tail10_reclaim00_anomaly_ge2_1200_c10,2026-02,-0.04068430724326885
tail10_reclaim00_anomaly_ge2_1200_c10,2026-03,0.004400876756785693
tail10_reclaim00_anomaly_ge2_1200_c10,2026-04,0.09134588149184249
tail10_reclaim00_anomaly_ge2_1200_c20,2024-11,-0.07055194389400501
tail10_reclaim00_anomaly_ge2_1200_c20,2024-12,-0.013386328203540614
tail10_reclaim00_anomaly_ge2_1200_c20,2025-01,-0.16392708756751345
tail10_reclaim00_anomaly_ge2_1200_c20,2025-02,-0.08370953780266095
tail10_reclaim00_anomaly_ge2_1200_c20,2025-03,-0.05385019708958315
tail10_reclaim00_anomaly_ge2_1200_c20,2025-04,0.09034900999588694
tail10_reclaim00_anomaly_ge2_1200_c20,2025-05,0.06482924051662506
tail10_reclaim00_anomaly_ge2_1200_c20,2025-06,-0.0024352345741499998
tail10_reclaim00_anomaly_ge2_1200_c20,2025-07,-0.028223195782181326
tail10_reclaim00_anomaly_ge2_1200_c20,2025-08,-0.09499831334020944
tail10_reclaim00_anomaly_ge2_1200_c20,2025-09,-0.004930636771422223
tail10_reclaim00_anomaly_ge2_1200_c20,2025-10,0.059462395616044814
tail10_reclaim00_anomaly_ge2_1200_c20,2025-11,0.0404690761601012
tail10_reclaim00_anomaly_ge2_1200_c20,2025-12,-0.06670945644487518
tail10_reclaim00_anomaly_ge2_1200_c20,2026-01,-0.1960073557554904
tail10_reclaim00_anomaly_ge2_1200_c20,2026-02,-0.06668430724326885
tail10_reclaim00_anomaly_ge2_1200_c20,2026-03,-0.015599123243214299
tail10_reclaim00_anomaly_ge2_1200_c20,2026-04,0.07334588149184249
tail10_reclaim00_anomaly_ge2_final_c5,2024-11,0.017857087860347565
tail10_reclaim00_anomaly_ge2_final_c5,2024-12,-0.06631229369851818
tail10_reclaim00_anomaly_ge2_final_c5,2025-01,-0.08492090411906675
tail10_reclaim00_anomaly_ge2_final_c5,2025-02,-0.04703399441214634
tail10_reclaim00_anomaly_ge2_final_c5,2025-03,-0.035552880953066135
tail10_reclaim00_anomaly_ge2_final_c5,2025-04,0.23412243623795537
tail10_reclaim00_anomaly_ge2_final_c5,2025-05,0.0966340580425164
tail10_reclaim00_anomaly_ge2_final_c5,2025-06,0.04576160946395108
tail10_reclaim00_anomaly_ge2_final_c5,2025-07,-0.024463700685965983
tail10_reclaim00_anomaly_ge2_final_c5,2025-08,-0.1119322421861273
tail10_reclaim00_anomaly_ge2_final_c5,2025-09,0.07631685481347295
tail10_reclaim00_anomaly_ge2_final_c5,2025-10,0.05175347173055167
tail10_reclaim00_anomaly_ge2_final_c5,2025-11,0.1131485772263559
tail10_reclaim00_anomaly_ge2_final_c5,2025-12,-0.03968240585181775
tail10_reclaim00_anomaly_ge2_final_c5,2026-01,-0.15083159697406967
tail10_reclaim00_anomaly_ge2_final_c5,2026-02,0.022788516896538547
tail10_reclaim00_anomaly_ge2_final_c5,2026-03,0.07049759959226853
tail10_reclaim00_anomaly_ge2_final_c5,2026-04,0.1581612003321839
tail10_reclaim00_anomaly_ge2_final_c10,2024-11,0.001857087860347554
tail10_reclaim00_anomaly_ge2_final_c10,2024-12,-0.07731229369851818
tail10_reclaim00_anomaly_ge2_final_c10,2025-01,-0.09392090411906676
tail10_reclaim00_anomaly_ge2_final_c10,2025-02,-0.06103399441214635
tail10_reclaim00_anomaly_ge2_final_c10,2025-03,-0.04055288095306614
tail10_reclaim00_anomaly_ge2_final_c10,2025-04,0.22712243623795536
tail10_reclaim00_anomaly_ge2_final_c10,2025-05,0.08363405804251639
tail10_reclaim00_anomaly_ge2_final_c10,2025-06,0.040761609463951076
tail10_reclaim00_anomaly_ge2_final_c10,2025-07,-0.033463700685965984
tail10_reclaim00_anomaly_ge2_final_c10,2025-08,-0.1239322421861273
tail10_reclaim00_anomaly_ge2_final_c10,2025-09,0.06131685481347294
tail10_reclaim00_anomaly_ge2_final_c10,2025-10,0.04175347173055166
tail10_reclaim00_anomaly_ge2_final_c10,2025-11,0.1031485772263559
tail10_reclaim00_anomaly_ge2_final_c10,2025-12,-0.04768240585181775
tail10_reclaim00_anomaly_ge2_final_c10,2026-01,-0.16483159697406968
tail10_reclaim00_anomaly_ge2_final_c10,2026-02,0.009788516896538535
tail10_reclaim00_anomaly_ge2_final_c10,2026-03,0.05949759959226854
tail10_reclaim00_anomaly_ge2_final_c10,2026-04,0.14916120033218389
tail10_reclaim00_anomaly_ge2_final_c20,2024-11,-0.030142912139652447
tail10_reclaim00_anomaly_ge2_final_c20,2024-12,-0.09931229369851817
tail10_reclaim00_anomaly_ge2_final_c20,2025-01,-0.11192090411906674
tail10_reclaim00_anomaly_ge2_final_c20,2025-02,-0.08903399441214636
tail10_reclaim00_anomaly_ge2_final_c20,2025-03,-0.05055288095306614
tail10_reclaim00_anomaly_ge2_final_c20,2025-04,0.21312243623795535
tail10_reclaim00_anomaly_ge2_final_c20,2025-05,0.05763405804251641
tail10_reclaim00_anomaly_ge2_final_c20,2025-06,0.03076160946395108
tail10_reclaim00_anomaly_ge2_final_c20,2025-07,-0.05146370068596598
tail10_reclaim00_anomaly_ge2_final_c20,2025-08,-0.1479322421861273
tail10_reclaim00_anomaly_ge2_final_c20,2025-09,0.031316854813472954
tail10_reclaim00_anomaly_ge2_final_c20,2025-10,0.02175347173055166
tail10_reclaim00_anomaly_ge2_final_c20,2025-11,0.08314857722635588
tail10_reclaim00_anomaly_ge2_final_c20,2025-12,-0.06368240585181775
tail10_reclaim00_anomaly_ge2_final_c20,2026-01,-0.19283159697406965
tail10_reclaim00_anomaly_ge2_final_c20,2026-02,-0.016211483103461457
tail10_reclaim00_anomaly_ge2_final_c20,2026-03,0.03749759959226853
tail10_reclaim00_anomaly_ge2_final_c20,2026-04,0.13116120033218387
tail10_reclaim10_all_1200_c5,2024-11,0.026946671094466215
tail10_reclaim10_all_1200_c5,2024-12,-0.0020909020556117153
tail10_reclaim10_all_1200_c5,2025-01,-0.14106942952434293
tail10_reclaim10_all_1200_c5,2025-02,-0.06325130111048369
tail10_reclaim10_all_1200_c5,2025-03,-0.10210964950295467
tail10_reclaim10_all_1200_c5,2025-04,0.018524833612259706
tail10_reclaim10_all_1200_c5,2025-05,0.06141481120358118
tail10_reclaim10_all_1200_c5,2025-06,0.034812024302212134
tail10_reclaim10_all_1200_c5,2025-07,0.05249005203260991
tail10_reclaim10_all_1200_c5,2025-08,0.0021596103187040694
tail10_reclaim10_all_1200_c5,2025-09,0.05782252843611989
tail10_reclaim10_all_1200_c5,2025-10,0.07927391453306269
tail10_reclaim10_all_1200_c5,2025-11,-0.005381573612917171
tail10_reclaim10_all_1200_c5,2025-12,0.007061937077895764
tail10_reclaim10_all_1200_c5,2026-01,-0.07837925343271325
tail10_reclaim10_all_1200_c5,2026-02,-0.03213603014399938
tail10_reclaim10_all_1200_c5,2026-03,-0.01402863650146468
tail10_reclaim10_all_1200_c5,2026-04,0.008987287354625142
tail10_reclaim10_all_1200_c10,2024-11,0.00894667109446621
tail10_reclaim10_all_1200_c10,2024-12,-0.017090902055611715
tail10_reclaim10_all_1200_c10,2025-01,-0.15606942952434294
tail10_reclaim10_all_1200_c10,2025-02,-0.0772513011104837
tail10_reclaim10_all_1200_c10,2025-03,-0.12010964950295468
tail10_reclaim10_all_1200_c10,2025-04,0.0015248336122596975
tail10_reclaim10_all_1200_c10,2025-05,0.05141481120358117
tail10_reclaim10_all_1200_c10,2025-06,0.021812024302212137
tail10_reclaim10_all_1200_c10,2025-07,0.032490052032609906
tail10_reclaim10_all_1200_c10,2025-08,-0.01484038968129593
tail10_reclaim10_all_1200_c10,2025-09,0.04082252843611989
tail10_reclaim10_all_1200_c10,2025-10,0.06027391453306268
tail10_reclaim10_all_1200_c10,2025-11,-0.021381573612917173
tail10_reclaim10_all_1200_c10,2025-12,-0.010938062922104233
tail10_reclaim10_all_1200_c10,2026-01,-0.09737925343271325
tail10_reclaim10_all_1200_c10,2026-02,-0.04713603014399939
tail10_reclaim10_all_1200_c10,2026-03,-0.03202863650146469
tail10_reclaim10_all_1200_c10,2026-04,-0.012012712645374866
tail10_reclaim10_all_1200_c20,2024-11,-0.027053328905533795
tail10_reclaim10_all_1200_c20,2024-12,-0.047090902055611714
tail10_reclaim10_all_1200_c20,2025-01,-0.1860694295243429
tail10_reclaim10_all_1200_c20,2025-02,-0.1052513011104837
tail10_reclaim10_all_1200_c20,2025-03,-0.15610964950295467
tail10_reclaim10_all_1200_c20,2025-04,-0.0324751663877403
tail10_reclaim10_all_1200_c20,2025-05,0.03141481120358118
tail10_reclaim10_all_1200_c20,2025-06,-0.004187975697787859
tail10_reclaim10_all_1200_c20,2025-07,-0.007509947967390084
tail10_reclaim10_all_1200_c20,2025-08,-0.04884038968129592
tail10_reclaim10_all_1200_c20,2025-09,0.0068225284361198915
tail10_reclaim10_all_1200_c20,2025-10,0.022273914533062694
tail10_reclaim10_all_1200_c20,2025-11,-0.05338157361291718
tail10_reclaim10_all_1200_c20,2025-12,-0.046938062922104236
tail10_reclaim10_all_1200_c20,2026-01,-0.13537925343271326
tail10_reclaim10_all_1200_c20,2026-02,-0.07713603014399939
tail10_reclaim10_all_1200_c20,2026-03,-0.06802863650146468
tail10_reclaim10_all_1200_c20,2026-04,-0.05401271264537485
tail10_reclaim10_all_final_c5,2024-11,0.09677255751512175
tail10_reclaim10_all_final_c5,2024-12,-0.11578912282156452
tail10_reclaim10_all_final_c5,2025-01,-0.11629894367525351
tail10_reclaim10_all_final_c5,2025-02,-0.02180513463211669
tail10_reclaim10_all_final_c5,2025-03,-0.09452704781385643
tail10_reclaim10_all_final_c5,2025-04,0.2112850410294414
tail10_reclaim10_all_final_c5,2025-05,0.13655749103082376
tail10_reclaim10_all_final_c5,2025-06,-0.06553633229909865
tail10_reclaim10_all_final_c5,2025-07,-0.0033469810001685724
tail10_reclaim10_all_final_c5,2025-08,0.023568822443658256
tail10_reclaim10_all_final_c5,2025-09,0.10654798870210662
tail10_reclaim10_all_final_c5,2025-10,0.02400261239145743
tail10_reclaim10_all_final_c5,2025-11,0.010307043865700279
tail10_reclaim10_all_final_c5,2025-12,0.025632825394865662
tail10_reclaim10_all_final_c5,2026-01,-0.0681299077087432
tail10_reclaim10_all_final_c5,2026-02,-0.03194240740773939
tail10_reclaim10_all_final_c5,2026-03,-0.03248661687307992
tail10_reclaim10_all_final_c5,2026-04,0.11061457747975306
tail10_reclaim10_all_final_c10,2024-11,0.07777255751512173
tail10_reclaim10_all_final_c10,2024-12,-0.13478912282156452
tail10_reclaim10_all_final_c10,2025-01,-0.1322989436752535
tail10_reclaim10_all_final_c10,2025-02,-0.038805134632116704
tail10_reclaim10_all_final_c10,2025-03,-0.11552704781385643
tail10_reclaim10_all_final_c10,2025-04,0.19328504102944138
tail10_reclaim10_all_final_c10,2025-05,0.11955749103082375
tail10_reclaim10_all_final_c10,2025-06,-0.08153633229909867
tail10_reclaim10_all_final_c10,2025-07,-0.02334698100016857
tail10_reclaim10_all_final_c10,2025-08,0.004568822443658246
tail10_reclaim10_all_final_c10,2025-09,0.08754798870210662
tail10_reclaim10_all_final_c10,2025-10,0.003002612391457422
tail10_reclaim10_all_final_c10,2025-11,-0.007692956134299728
tail10_reclaim10_all_final_c10,2025-12,0.00563282539486566
tail10_reclaim10_all_final_c10,2026-01,-0.08712990770874321
tail10_reclaim10_all_final_c10,2026-02,-0.0469424074077394
tail10_reclaim10_all_final_c10,2026-03,-0.051486616873079934
tail10_reclaim10_all_final_c10,2026-04,0.08961457747975304
tail10_reclaim10_all_final_c20,2024-11,0.03977255751512174
tail10_reclaim10_all_final_c20,2024-12,-0.17278912282156453
tail10_reclaim10_all_final_c20,2025-01,-0.16429894367525352
tail10_reclaim10_all_final_c20,2025-02,-0.0728051346321167
tail10_reclaim10_all_final_c20,2025-03,-0.15752704781385643
tail10_reclaim10_all_final_c20,2025-04,0.15728504102944138
tail10_reclaim10_all_final_c20,2025-05,0.08555749103082377
tail10_reclaim10_all_final_c20,2025-06,-0.11353633229909865
tail10_reclaim10_all_final_c20,2025-07,-0.06334698100016857
tail10_reclaim10_all_final_c20,2025-08,-0.03343117755634175
tail10_reclaim10_all_final_c20,2025-09,0.049547988702106624
tail10_reclaim10_all_final_c20,2025-10,-0.03899738760854258
tail10_reclaim10_all_final_c20,2025-11,-0.043692956134299736
tail10_reclaim10_all_final_c20,2025-12,-0.03436717460513433
tail10_reclaim10_all_final_c20,2026-01,-0.12512990770874322
tail10_reclaim10_all_final_c20,2026-02,-0.0769424074077394
tail10_reclaim10_all_final_c20,2026-03,-0.08948661687307993
tail10_reclaim10_all_final_c20,2026-04,0.047614577479753055
tail10_reclaim10_participation_q50_1200_c5,2024-11,0.061241134333822424
tail10_reclaim10_participation_q50_1200_c5,2024-12,0.03303629023769526
tail10_reclaim10_participation_q50_1200_c5,2025-01,-0.10255914638227434
tail10_reclaim10_participation_q50_1200_c5,2025-02,-0.06543029798532563
tail10_reclaim10_participation_q50_1200_c5,2025-03,-0.0009716301971933522
tail10_reclaim10_participation_q50_1200_c5,2025-04,0.009275241705010068
tail10_reclaim10_participation_q50_1200_c5,2025-05,0.01057399807880599
tail10_reclaim10_participation_q50_1200_c5,2025-06,0.04439883764326436
tail10_reclaim10_participation_q50_1200_c5,2025-07,0.04469936014146538
tail10_reclaim10_participation_q50_1200_c5,2025-08,-0.03798824868804786
tail10_reclaim10_participation_q50_1200_c5,2025-09,0.05058317451593787
tail10_reclaim10_participation_q50_1200_c5,2025-10,0.13455533976721556
tail10_reclaim10_participation_q50_1200_c5,2025-11,-0.0037678291903275518
tail10_reclaim10_participation_q50_1200_c5,2025-12,0.05735921200032625
tail10_reclaim10_participation_q50_1200_c5,2026-01,-0.06060675431363147
tail10_reclaim10_participation_q50_1200_c5,2026-02,-0.013611031927509277
tail10_reclaim10_participation_q50_1200_c5,2026-03,0.04083842661992301
tail10_reclaim10_participation_q50_1200_c5,2026-04,0.0009179427347834265
tail10_reclaim10_participation_q50_1200_c10,2024-11,0.04424113433382242
tail10_reclaim10_participation_q50_1200_c10,2024-12,0.01803629023769527
tail10_reclaim10_participation_q50_1200_c10,2025-01,-0.11755914638227434
tail10_reclaim10_participation_q50_1200_c10,2025-02,-0.07743029798532562
tail10_reclaim10_participation_q50_1200_c10,2025-03,-0.017971630197193354
tail10_reclaim10_participation_q50_1200_c10,2025-04,-0.0077247582949899335
tail10_reclaim10_participation_q50_1200_c10,2025-05,0.001573998078805993
tail10_reclaim10_participation_q50_1200_c10,2025-06,0.03339883764326435
tail10_reclaim10_participation_q50_1200_c10,2025-07,0.027699360141465373
tail10_reclaim10_participation_q50_1200_c10,2025-08,-0.05198824868804786
tail10_reclaim10_participation_q50_1200_c10,2025-09,0.03758317451593787
tail10_reclaim10_participation_q50_1200_c10,2025-10,0.11555533976721558
tail10_reclaim10_participation_q50_1200_c10,2025-11,-0.017767829190327565
tail10_reclaim10_participation_q50_1200_c10,2025-12,0.03835921200032626
tail10_reclaim10_participation_q50_1200_c10,2026-01,-0.07860675431363147
tail10_reclaim10_participation_q50_1200_c10,2026-02,-0.02661103192750929
tail10_reclaim10_participation_q50_1200_c10,2026-03,0.025838426619923006
tail10_reclaim10_participation_q50_1200_c10,2026-04,-0.019082057265216577
tail10_reclaim10_participation_q50_1200_c20,2024-11,0.010241134333822424
tail10_reclaim10_participation_q50_1200_c20,2024-12,-0.01196370976230473
tail10_reclaim10_participation_q50_1200_c20,2025-01,-0.14755914638227435
tail10_reclaim10_participation_q50_1200_c20,2025-02,-0.10143029798532562
tail10_reclaim10_participation_q50_1200_c20,2025-03,-0.05197163019719335
tail10_reclaim10_participation_q50_1200_c20,2025-04,-0.041724758294989936
tail10_reclaim10_participation_q50_1200_c20,2025-05,-0.016426001921194006
tail10_reclaim10_participation_q50_1200_c20,2025-06,0.011398837643264369
tail10_reclaim10_participation_q50_1200_c20,2025-07,-0.006300639858534612
tail10_reclaim10_participation_q50_1200_c20,2025-08,-0.07998824868804785
tail10_reclaim10_participation_q50_1200_c20,2025-09,0.011583174515937883
tail10_reclaim10_participation_q50_1200_c20,2025-10,0.07755533976721558
tail10_reclaim10_participation_q50_1200_c20,2025-11,-0.045767829190327555
tail10_reclaim10_participation_q50_1200_c20,2025-12,0.00035921200032626097
tail10_reclaim10_participation_q50_1200_c20,2026-01,-0.11460675431363146
tail10_reclaim10_participation_q50_1200_c20,2026-02,-0.05261103192750928
tail10_reclaim10_participation_q50_1200_c20,2026-03,-0.004161573380076982
tail10_reclaim10_participation_q50_1200_c20,2026-04,-0.059082057265216564
tail10_reclaim10_participation_q50_final_c5,2024-11,0.11339376601778502
tail10_reclaim10_participation_q50_final_c5,2024-12,-0.07139065047589366
tail10_reclaim10_participation_q50_final_c5,2025-01,-0.059955736347471505
tail10_reclaim10_participation_q50_final_c5,2025-02,-0.025669275279372707
tail10_reclaim10_participation_q50_final_c5,2025-03,-0.024127105503833908
tail10_reclaim10_participation_q50_final_c5,2025-04,0.20509507174831876
tail10_reclaim10_participation_q50_final_c5,2025-05,0.09252009376894413
tail10_reclaim10_participation_q50_final_c5,2025-06,0.013128426216689124
tail10_reclaim10_participation_q50_final_c5,2025-07,-0.006649012231940289
tail10_reclaim10_participation_q50_final_c5,2025-08,-0.06239088834471286
tail10_reclaim10_participation_q50_final_c5,2025-09,0.09308909607506745
tail10_reclaim10_participation_q50_final_c5,2025-10,0.07856427485236434
tail10_reclaim10_participation_q50_final_c5,2025-11,0.06286841219247316
tail10_reclaim10_participation_q50_final_c5,2025-12,0.08086858786025755
tail10_reclaim10_participation_q50_final_c5,2026-01,-0.06417463304772317
tail10_reclaim10_participation_q50_final_c5,2026-02,0.027928856121078593
tail10_reclaim10_participation_q50_final_c5,2026-03,0.05441354010522821
tail10_reclaim10_participation_q50_final_c5,2026-04,0.08032329621869513
tail10_reclaim10_participation_q50_final_c10,2024-11,0.095393766017785
tail10_reclaim10_participation_q50_final_c10,2024-12,-0.08939065047589367
tail10_reclaim10_participation_q50_final_c10,2025-01,-0.0759557363474715
tail10_reclaim10_participation_q50_final_c10,2025-02,-0.04066927527937271
tail10_reclaim10_participation_q50_final_c10,2025-03,-0.04212710550383392
tail10_reclaim10_participation_q50_final_c10,2025-04,0.18809507174831877
tail10_reclaim10_participation_q50_final_c10,2025-05,0.07652009376894411
tail10_reclaim10_participation_q50_final_c10,2025-06,0.0001284262166891207
tail10_reclaim10_participation_q50_final_c10,2025-07,-0.023649012231940287
tail10_reclaim10_participation_q50_final_c10,2025-08,-0.07839088834471288
tail10_reclaim10_participation_q50_final_c10,2025-09,0.07908909607506745
tail10_reclaim10_participation_q50_final_c10,2025-10,0.058564274852364324
tail10_reclaim10_participation_q50_final_c10,2025-11,0.04686841219247316
tail10_reclaim10_participation_q50_final_c10,2025-12,0.06086858786025755
tail10_reclaim10_participation_q50_final_c10,2026-01,-0.08217463304772317
tail10_reclaim10_participation_q50_final_c10,2026-02,0.014928856121078582
tail10_reclaim10_participation_q50_final_c10,2026-03,0.03941354010522821
tail10_reclaim10_participation_q50_final_c10,2026-04,0.060323296218695116
tail10_reclaim10_participation_q50_final_c20,2024-11,0.059393766017784996
tail10_reclaim10_participation_q50_final_c20,2024-12,-0.12539065047589365
tail10_reclaim10_participation_q50_final_c20,2025-01,-0.1079557363474715
tail10_reclaim10_participation_q50_final_c20,2025-02,-0.07066927527937271
tail10_reclaim10_participation_q50_final_c20,2025-03,-0.07812710550383391
tail10_reclaim10_participation_q50_final_c20,2025-04,0.15409507174831874
tail10_reclaim10_participation_q50_final_c20,2025-05,0.044520093768944134
tail10_reclaim10_participation_q50_final_c20,2025-06,-0.02587157378331088
tail10_reclaim10_participation_q50_final_c20,2025-07,-0.057649012231940286
tail10_reclaim10_participation_q50_final_c20,2025-08,-0.11039088834471286
tail10_reclaim10_participation_q50_final_c20,2025-09,0.05108909607506746
tail10_reclaim10_participation_q50_final_c20,2025-10,0.018564274852364324
tail10_reclaim10_participation_q50_final_c20,2025-11,0.014868412192473153
tail10_reclaim10_participation_q50_final_c20,2025-12,0.020868587860257547
tail10_reclaim10_participation_q50_final_c20,2026-01,-0.11817463304772316
tail10_reclaim10_participation_q50_final_c20,2026-02,-0.011071143878921403
tail10_reclaim10_participation_q50_final_c20,2026-03,0.00941354010522821
tail10_reclaim10_participation_q50_final_c20,2026-04,0.020323296218695115
tail10_reclaim10_participation_q67_1200_c5,2024-11,0.030209544224123808
tail10_reclaim10_participation_q67_1200_c5,2024-12,-0.00741568204611701
tail10_reclaim10_participation_q67_1200_c5,2025-01,-0.10623119753281857
tail10_reclaim10_participation_q67_1200_c5,2025-02,-0.07348525048070202
tail10_reclaim10_participation_q67_1200_c5,2025-03,-0.030989557034949357
tail10_reclaim10_participation_q67_1200_c5,2025-04,0.0011843087361683817
tail10_reclaim10_participation_q67_1200_c5,2025-05,0.053483859713261014
tail10_reclaim10_participation_q67_1200_c5,2025-06,0.07802395707668762
tail10_reclaim10_participation_q67_1200_c5,2025-07,0.10242081355054304
tail10_reclaim10_participation_q67_1200_c5,2025-08,-0.032722845574305194
tail10_reclaim10_participation_q67_1200_c5,2025-09,0.0734432098582924
tail10_reclaim10_participation_q67_1200_c5,2025-10,0.11065356605717078
tail10_reclaim10_participation_q67_1200_c5,2025-11,0.02015175899382997
tail10_reclaim10_participation_q67_1200_c5,2025-12,0.04619460714986936
tail10_reclaim10_participation_q67_1200_c5,2026-01,-0.08043725364932772
tail10_reclaim10_participation_q67_1200_c5,2026-02,-0.0007275115849743954
tail10_reclaim10_participation_q67_1200_c5,2026-03,-0.0029386947952308104
tail10_reclaim10_participation_q67_1200_c5,2026-04,-0.021800345066512627
tail10_reclaim10_participation_q67_1200_c10,2024-11,0.013209544224123808
tail10_reclaim10_participation_q67_1200_c10,2024-12,-0.019415682046117006
tail10_reclaim10_participation_q67_1200_c10,2025-01,-0.12123119753281857
tail10_reclaim10_participation_q67_1200_c10,2025-02,-0.08548525048070202
tail10_reclaim10_participation_q67_1200_c10,2025-03,-0.044989557034949355
tail10_reclaim10_participation_q67_1200_c10,2025-04,-0.012815691263831624
tail10_reclaim10_participation_q67_1200_c10,2025-05,0.04348385971326101
tail10_reclaim10_participation_q67_1200_c10,2025-06,0.06902395707668761
tail10_reclaim10_participation_q67_1200_c10,2025-07,0.08942081355054304
tail10_reclaim10_participation_q67_1200_c10,2025-08,-0.04672284557430519
tail10_reclaim10_participation_q67_1200_c10,2025-09,0.06144320985829241
tail10_reclaim10_participation_q67_1200_c10,2025-10,0.09365356605717078
tail10_reclaim10_participation_q67_1200_c10,2025-11,0.004151758993829972
tail10_reclaim10_participation_q67_1200_c10,2025-12,0.02819460714986936
tail10_reclaim10_participation_q67_1200_c10,2026-01,-0.0984372536493277
tail10_reclaim10_participation_q67_1200_c10,2026-02,-0.013727511584974407
tail10_reclaim10_participation_q67_1200_c10,2026-03,-0.015938694795230808
tail10_reclaim10_participation_q67_1200_c10,2026-04,-0.04180034506651263
tail10_reclaim10_participation_q67_1200_c20,2024-11,-0.020790455775876186
tail10_reclaim10_participation_q67_1200_c20,2024-12,-0.043415682046117
tail10_reclaim10_participation_q67_1200_c20,2025-01,-0.15123119753281855
tail10_reclaim10_participation_q67_1200_c20,2025-02,-0.10948525048070201
tail10_reclaim10_participation_q67_1200_c20,2025-03,-0.07298955703494935
tail10_reclaim10_participation_q67_1200_c20,2025-04,-0.040815691263831624
tail10_reclaim10_participation_q67_1200_c20,2025-05,0.023483859713261012
tail10_reclaim10_participation_q67_1200_c20,2025-06,0.05102395707668762
tail10_reclaim10_participation_q67_1200_c20,2025-07,0.06342081355054303
tail10_reclaim10_participation_q67_1200_c20,2025-08,-0.0747228455743052
tail10_reclaim10_participation_q67_1200_c20,2025-09,0.037443209858292414
tail10_reclaim10_participation_q67_1200_c20,2025-10,0.05965356605717079
tail10_reclaim10_participation_q67_1200_c20,2025-11,-0.027848241006170026
tail10_reclaim10_participation_q67_1200_c20,2025-12,-0.007805392850130639
tail10_reclaim10_participation_q67_1200_c20,2026-01,-0.1344372536493277
tail10_reclaim10_participation_q67_1200_c20,2026-02,-0.03972751158497441
tail10_reclaim10_participation_q67_1200_c20,2026-03,-0.041938694795230796
tail10_reclaim10_participation_q67_1200_c20,2026-04,-0.08180034506651263
tail10_reclaim10_participation_q67_final_c5,2024-11,0.07376050900508686
tail10_reclaim10_participation_q67_final_c5,2024-12,-0.09231364738417877
tail10_reclaim10_participation_q67_final_c5,2025-01,-0.07101508617881144
tail10_reclaim10_participation_q67_final_c5,2025-02,-0.0335999522355562
tail10_reclaim10_participation_q67_final_c5,2025-03,-0.024257163756785775
tail10_reclaim10_participation_q67_final_c5,2025-04,0.19092555687798166
tail10_reclaim10_participation_q67_final_c5,2025-05,0.11343446179254565
tail10_reclaim10_participation_q67_final_c5,2025-06,0.11333727441317003
tail10_reclaim10_participation_q67_final_c5,2025-07,0.06541492305790941
tail10_reclaim10_participation_q67_final_c5,2025-08,-0.029540087198922815
tail10_reclaim10_participation_q67_final_c5,2025-09,0.10485377862923871
tail10_reclaim10_participation_q67_final_c5,2025-10,0.027759748502811335
tail10_reclaim10_participation_q67_final_c5,2025-11,0.09559601660537478
tail10_reclaim10_participation_q67_final_c5,2025-12,0.04782844335589899
tail10_reclaim10_participation_q67_final_c5,2026-01,-0.08558837046369713
tail10_reclaim10_participation_q67_final_c5,2026-02,0.045715340903296764
tail10_reclaim10_participation_q67_final_c5,2026-03,0.04823125092388717
tail10_reclaim10_participation_q67_final_c5,2026-04,0.07339971748205694
tail10_reclaim10_participation_q67_final_c10,2024-11,0.055760509005086854
tail10_reclaim10_participation_q67_final_c10,2024-12,-0.10731364738417877
tail10_reclaim10_participation_q67_final_c10,2025-01,-0.08601508617881146
tail10_reclaim10_participation_q67_final_c10,2025-02,-0.0485999522355562
tail10_reclaim10_participation_q67_final_c10,2025-03,-0.03825716375678577
tail10_reclaim10_participation_q67_final_c10,2025-04,0.17692555687798164
tail10_reclaim10_participation_q67_final_c10,2025-05,0.09743446179254564
tail10_reclaim10_participation_q67_final_c10,2025-06,0.10233727441317003
tail10_reclaim10_participation_q67_final_c10,2025-07,0.052414923057909416
tail10_reclaim10_participation_q67_final_c10,2025-08,-0.04554008719892283
tail10_reclaim10_participation_q67_final_c10,2025-09,0.0918537786292387
tail10_reclaim10_participation_q67_final_c10,2025-10,0.009759748502811328
tail10_reclaim10_participation_q67_final_c10,2025-11,0.07959601660537478
tail10_reclaim10_participation_q67_final_c10,2025-12,0.02982844335589899
tail10_reclaim10_participation_q67_final_c10,2026-01,-0.10358837046369715
tail10_reclaim10_participation_q67_final_c10,2026-02,0.03271534090329675
tail10_reclaim10_participation_q67_final_c10,2026-03,0.03523125092388717
tail10_reclaim10_participation_q67_final_c10,2026-04,0.05339971748205693
tail10_reclaim10_participation_q67_final_c20,2024-11,0.019760509005086843
tail10_reclaim10_participation_q67_final_c20,2024-12,-0.13731364738417876
tail10_reclaim10_participation_q67_final_c20,2025-01,-0.11601508617881144
tail10_reclaim10_participation_q67_final_c20,2025-02,-0.0785999522355562
tail10_reclaim10_participation_q67_final_c20,2025-03,-0.06625716375678577
tail10_reclaim10_participation_q67_final_c20,2025-04,0.14892555687798165
tail10_reclaim10_participation_q67_final_c20,2025-05,0.06543446179254565
tail10_reclaim10_participation_q67_final_c20,2025-06,0.08033727441317003
tail10_reclaim10_participation_q67_final_c20,2025-07,0.026414923057909424
tail10_reclaim10_participation_q67_final_c20,2025-08,-0.07754008719892282
tail10_reclaim10_participation_q67_final_c20,2025-09,0.06585377862923872
tail10_reclaim10_participation_q67_final_c20,2025-10,-0.026240251497188668
tail10_reclaim10_participation_q67_final_c20,2025-11,0.047596016605374776
tail10_reclaim10_participation_q67_final_c20,2025-12,-0.00617155664410101
tail10_reclaim10_participation_q67_final_c20,2026-01,-0.13958837046369715
tail10_reclaim10_participation_q67_final_c20,2026-02,0.006715340903296764
tail10_reclaim10_participation_q67_final_c20,2026-03,0.009231250923887172
tail10_reclaim10_participation_q67_final_c20,2026-04,0.013399717482056948
tail10_reclaim10_participation_q80_1200_c5,2024-11,0.0673158160672851
tail10_reclaim10_participation_q80_1200_c5,2024-12,-0.02774287786585224
tail10_reclaim10_participation_q80_1200_c5,2025-01,-0.13144845882323036
tail10_reclaim10_participation_q80_1200_c5,2025-02,-0.05127394540311003
tail10_reclaim10_participation_q80_1200_c5,2025-03,-0.028918071799248376
tail10_reclaim10_participation_q80_1200_c5,2025-04,0.03126935607899348
tail10_reclaim10_participation_q80_1200_c5,2025-05,0.05020823084862751
tail10_reclaim10_participation_q80_1200_c5,2025-06,0.09805601713416177
tail10_reclaim10_participation_q80_1200_c5,2025-07,0.10888828885990418
tail10_reclaim10_participation_q80_1200_c5,2025-08,-0.035271664697635076
tail10_reclaim10_participation_q80_1200_c5,2025-09,0.069967793493179
tail10_reclaim10_participation_q80_1200_c5,2025-10,0.11351693628518031
tail10_reclaim10_participation_q80_1200_c5,2025-11,0.04658598783509468
tail10_reclaim10_participation_q80_1200_c5,2025-12,0.04263425413373662
tail10_reclaim10_participation_q80_1200_c5,2026-01,-0.15392439422074833
tail10_reclaim10_participation_q80_1200_c5,2026-02,0.02844013097770263
tail10_reclaim10_participation_q80_1200_c5,2026-03,0.012291445996697941
tail10_reclaim10_participation_q80_1200_c5,2026-04,-0.031431475367688075
tail10_reclaim10_participation_q80_1200_c10,2024-11,0.051315816067285094
tail10_reclaim10_participation_q80_1200_c10,2024-12,-0.03774287786585223
tail10_reclaim10_participation_q80_1200_c10,2025-01,-0.14244845882323037
tail10_reclaim10_participation_q80_1200_c10,2025-02,-0.061273945403110035
tail10_reclaim10_participation_q80_1200_c10,2025-03,-0.038918071799248374
tail10_reclaim10_participation_q80_1200_c10,2025-04,0.01826935607899347
tail10_reclaim10_participation_q80_1200_c10,2025-05,0.0412082308486275
tail10_reclaim10_participation_q80_1200_c10,2025-06,0.08905601713416177
tail10_reclaim10_participation_q80_1200_c10,2025-07,0.09588828885990416
tail10_reclaim10_participation_q80_1200_c10,2025-08,-0.050271664697635075
tail10_reclaim10_participation_q80_1200_c10,2025-09,0.061967793493179
tail10_reclaim10_participation_q80_1200_c10,2025-10,0.0975169362851803
tail10_reclaim10_participation_q80_1200_c10,2025-11,0.03458598783509469
tail10_reclaim10_participation_q80_1200_c10,2025-12,0.027634254133736623
tail10_reclaim10_participation_q80_1200_c10,2026-01,-0.17092439422074834
tail10_reclaim10_participation_q80_1200_c10,2026-02,0.015440130977702617
tail10_reclaim10_participation_q80_1200_c10,2026-03,0.0012914459966979347
tail10_reclaim10_participation_q80_1200_c10,2026-04,-0.04643147536768808
tail10_reclaim10_participation_q80_1200_c20,2024-11,0.019315816067285097
tail10_reclaim10_participation_q80_1200_c20,2024-12,-0.057742877865852235
tail10_reclaim10_participation_q80_1200_c20,2025-01,-0.16444845882323036
tail10_reclaim10_participation_q80_1200_c20,2025-02,-0.08127394540311003
tail10_reclaim10_participation_q80_1200_c20,2025-03,-0.05891807179924838
tail10_reclaim10_participation_q80_1200_c20,2025-04,-0.00773064392100653
tail10_reclaim10_participation_q80_1200_c20,2025-05,0.023208230848627505
tail10_reclaim10_participation_q80_1200_c20,2025-06,0.07105601713416178
tail10_reclaim10_participation_q80_1200_c20,2025-07,0.06988828885990417
tail10_reclaim10_participation_q80_1200_c20,2025-08,-0.08027166469763508
tail10_reclaim10_participation_q80_1200_c20,2025-09,0.045967793493179004
tail10_reclaim10_participation_q80_1200_c20,2025-10,0.06551693628518031
tail10_reclaim10_participation_q80_1200_c20,2025-11,0.010585987835094686
tail10_reclaim10_participation_q80_1200_c20,2025-12,-0.0023657458662633725
tail10_reclaim10_participation_q80_1200_c20,2026-01,-0.20492439422074835
tail10_reclaim10_participation_q80_1200_c20,2026-02,-0.010559869022297375
tail10_reclaim10_participation_q80_1200_c20,2026-03,-0.020708554003302054
tail10_reclaim10_participation_q80_1200_c20,2026-04,-0.07643147536768807
tail10_reclaim10_participation_q80_final_c5,2024-11,0.15012884522930306
tail10_reclaim10_participation_q80_final_c5,2024-12,-0.1318383381943177
tail10_reclaim10_participation_q80_final_c5,2025-01,-0.07222097627103893
tail10_reclaim10_participation_q80_final_c5,2025-02,-0.05165952285620047
tail10_reclaim10_participation_q80_final_c5,2025-03,-0.04047098748187977
tail10_reclaim10_participation_q80_final_c5,2025-04,0.21433559262659305
tail10_reclaim10_participation_q80_final_c5,2025-05,0.10070632632590185
tail10_reclaim10_participation_q80_final_c5,2025-06,0.12738238462638435
tail10_reclaim10_participation_q80_final_c5,2025-07,0.06642263835443385
tail10_reclaim10_participation_q80_final_c5,2025-08,-0.060401157151695674
tail10_reclaim10_participation_q80_final_c5,2025-09,0.08923562510934054
tail10_reclaim10_participation_q80_final_c5,2025-10,0.02888013438465776
tail10_reclaim10_participation_q80_final_c5,2025-11,0.07435031619886436
tail10_reclaim10_participation_q80_final_c5,2025-12,0.06385964189713167
tail10_reclaim10_participation_q80_final_c5,2026-01,-0.204437536207286
tail10_reclaim10_participation_q80_final_c5,2026-02,0.0718821023006199
tail10_reclaim10_participation_q80_final_c5,2026-03,0.07589431624963892
tail10_reclaim10_participation_q80_final_c5,2026-04,0.05217527147039978
tail10_reclaim10_participation_q80_final_c10,2024-11,0.13412884522930305
tail10_reclaim10_participation_q80_final_c10,2024-12,-0.14483833819431768
tail10_reclaim10_participation_q80_final_c10,2025-01,-0.08322097627103894
tail10_reclaim10_participation_q80_final_c10,2025-02,-0.06365952285620048
tail10_reclaim10_participation_q80_final_c10,2025-03,-0.050470987481879774
tail10_reclaim10_participation_q80_final_c10,2025-04,0.20133559262659304
tail10_reclaim10_participation_q80_final_c10,2025-05,0.08670632632590183
tail10_reclaim10_participation_q80_final_c10,2025-06,0.11738238462638435
tail10_reclaim10_participation_q80_final_c10,2025-07,0.05342263835443385
tail10_reclaim10_participation_q80_final_c10,2025-08,-0.07640115715169568
tail10_reclaim10_participation_q80_final_c10,2025-09,0.08123562510934053
tail10_reclaim10_participation_q80_final_c10,2025-10,0.011880134384657745
tail10_reclaim10_participation_q80_final_c10,2025-11,0.06235031619886434
tail10_reclaim10_participation_q80_final_c10,2025-12,0.04885964189713167
tail10_reclaim10_participation_q80_final_c10,2026-01,-0.221437536207286
tail10_reclaim10_participation_q80_final_c10,2026-02,0.05888210230061988
tail10_reclaim10_participation_q80_final_c10,2026-03,0.06489431624963891
tail10_reclaim10_participation_q80_final_c10,2026-04,0.03717527147039977
tail10_reclaim10_participation_q80_final_c20,2024-11,0.10212884522930304
tail10_reclaim10_participation_q80_final_c20,2024-12,-0.17083833819431768
tail10_reclaim10_participation_q80_final_c20,2025-01,-0.10522097627103894
tail10_reclaim10_participation_q80_final_c20,2025-02,-0.08765952285620048
tail10_reclaim10_participation_q80_final_c20,2025-03,-0.07047098748187977
tail10_reclaim10_participation_q80_final_c20,2025-04,0.17533559262659304
tail10_reclaim10_participation_q80_final_c20,2025-05,0.05870632632590184
tail10_reclaim10_participation_q80_final_c20,2025-06,0.09738238462638435
tail10_reclaim10_participation_q80_final_c20,2025-07,0.027422638354433856
tail10_reclaim10_participation_q80_final_c20,2025-08,-0.10840115715169567
tail10_reclaim10_participation_q80_final_c20,2025-09,0.06523562510934053
tail10_reclaim10_participation_q80_final_c20,2025-10,-0.02211986561534225
tail10_reclaim10_participation_q80_final_c20,2025-11,0.03835031619886434
tail10_reclaim10_participation_q80_final_c20,2025-12,0.018859641897131674
tail10_reclaim10_participation_q80_final_c20,2026-01,-0.255437536207286
tail10_reclaim10_participation_q80_final_c20,2026-02,0.032882102300619886
tail10_reclaim10_participation_q80_final_c20,2026-03,0.042894316249638915
tail10_reclaim10_participation_q80_final_c20,2026-04,0.007175271470399779
tail10_reclaim10_anomaly_ge1_1200_c5,2024-11,0.024924849569808262
tail10_reclaim10_anomaly_ge1_1200_c5,2024-12,0.02775384311911606
tail10_reclaim10_anomaly_ge1_1200_c5,2025-01,-0.1265087347568667
tail10_reclaim10_anomaly_ge1_1200_c5,2025-02,-0.04537421651386266
tail10_reclaim10_anomaly_ge1_1200_c5,2025-03,-0.11621440342717226
tail10_reclaim10_anomaly_ge1_1200_c5,2025-04,0.02505427753328602
tail10_reclaim10_anomaly_ge1_1200_c5,2025-05,0.03202588447830956
tail10_reclaim10_anomaly_ge1_1200_c5,2025-06,0.04992660275296805
tail10_reclaim10_anomaly_ge1_1200_c5,2025-07,0.032695228220637806
tail10_reclaim10_anomaly_ge1_1200_c5,2025-08,0.028205764858230207
tail10_reclaim10_anomaly_ge1_1200_c5,2025-09,0.09432822637318783
tail10_reclaim10_anomaly_ge1_1200_c5,2025-10,0.16500521451065756
tail10_reclaim10_anomaly_ge1_1200_c5,2025-11,0.038505682135828466
tail10_reclaim10_anomaly_ge1_1200_c5,2025-12,0.0165653551474523
tail10_reclaim10_anomaly_ge1_1200_c5,2026-01,-0.11356035755063539
tail10_reclaim10_anomaly_ge1_1200_c5,2026-02,-0.027069643479295323
tail10_reclaim10_anomaly_ge1_1200_c5,2026-03,0.017717005272653068
tail10_reclaim10_anomaly_ge1_1200_c5,2026-04,-0.0071985474375328325
tail10_reclaim10_anomaly_ge1_1200_c10,2024-11,0.006924849569808255
tail10_reclaim10_anomaly_ge1_1200_c10,2024-12,0.015753843119116068
tail10_reclaim10_anomaly_ge1_1200_c10,2025-01,-0.1425087347568667
tail10_reclaim10_anomaly_ge1_1200_c10,2025-02,-0.05937421651386267
tail10_reclaim10_anomaly_ge1_1200_c10,2025-03,-0.13321440342717228
tail10_reclaim10_anomaly_ge1_1200_c10,2025-04,0.011054277533286016
tail10_reclaim10_anomaly_ge1_1200_c10,2025-05,0.02202588447830956
tail10_reclaim10_anomaly_ge1_1200_c10,2025-06,0.04192660275296804
tail10_reclaim10_anomaly_ge1_1200_c10,2025-07,0.015695228220637805
tail10_reclaim10_anomaly_ge1_1200_c10,2025-08,0.0122057648582302
tail10_reclaim10_anomaly_ge1_1200_c10,2025-09,0.07832822637318781
tail10_reclaim10_anomaly_ge1_1200_c10,2025-10,0.14600521451065757
tail10_reclaim10_anomaly_ge1_1200_c10,2025-11,0.022505682135828466
tail10_reclaim10_anomaly_ge1_1200_c10,2025-12,0.001565355147452303
tail10_reclaim10_anomaly_ge1_1200_c10,2026-01,-0.1325603575506354
tail10_reclaim10_anomaly_ge1_1200_c10,2026-02,-0.04206964347929533
tail10_reclaim10_anomaly_ge1_1200_c10,2026-03,0.003717005272653069
tail10_reclaim10_anomaly_ge1_1200_c10,2026-04,-0.027198547437532847
tail10_reclaim10_anomaly_ge1_1200_c20,2024-11,-0.02907515043019174
tail10_reclaim10_anomaly_ge1_1200_c20,2024-12,-0.008246156880883933
tail10_reclaim10_anomaly_ge1_1200_c20,2025-01,-0.1745087347568667
tail10_reclaim10_anomaly_ge1_1200_c20,2025-02,-0.08737421651386265
tail10_reclaim10_anomaly_ge1_1200_c20,2025-03,-0.16721440342717225
tail10_reclaim10_anomaly_ge1_1200_c20,2025-04,-0.016945722466713983
tail10_reclaim10_anomaly_ge1_1200_c20,2025-05,0.0020258844783095677
tail10_reclaim10_anomaly_ge1_1200_c20,2025-06,0.025926602752968052
tail10_reclaim10_anomaly_ge1_1200_c20,2025-07,-0.018304771779362187
tail10_reclaim10_anomaly_ge1_1200_c20,2025-08,-0.019794235141769798
tail10_reclaim10_anomaly_ge1_1200_c20,2025-09,0.04632822637318783
tail10_reclaim10_anomaly_ge1_1200_c20,2025-10,0.10800521451065756
tail10_reclaim10_anomaly_ge1_1200_c20,2025-11,-0.009494317864171532
tail10_reclaim10_anomaly_ge1_1200_c20,2025-12,-0.028434644852547698
tail10_reclaim10_anomaly_ge1_1200_c20,2026-01,-0.1705603575506354
tail10_reclaim10_anomaly_ge1_1200_c20,2026-02,-0.07206964347929531
tail10_reclaim10_anomaly_ge1_1200_c20,2026-03,-0.024282994727346918
tail10_reclaim10_anomaly_ge1_1200_c20,2026-04,-0.06719854743753283
tail10_reclaim10_anomaly_ge1_final_c5,2024-11,0.09609927187550185
tail10_reclaim10_anomaly_ge1_final_c5,2024-12,-0.06246959588713628
tail10_reclaim10_anomaly_ge1_final_c5,2025-01,-0.08763268884637843
tail10_reclaim10_anomaly_ge1_final_c5,2025-02,0.007396426509061936
tail10_reclaim10_anomaly_ge1_final_c5,2025-03,-0.08833792045791217
tail10_reclaim10_anomaly_ge1_final_c5,2025-04,0.22393083950200365
tail10_reclaim10_anomaly_ge1_final_c5,2025-05,0.16875031132152582
tail10_reclaim10_anomaly_ge1_final_c5,2025-06,-0.03154058138990407
tail10_reclaim10_anomaly_ge1_final_c5,2025-07,-0.01949597383653754
tail10_reclaim10_anomaly_ge1_final_c5,2025-08,-0.011576355283943244
tail10_reclaim10_anomaly_ge1_final_c5,2025-09,0.12348907811072012
tail10_reclaim10_anomaly_ge1_final_c5,2025-10,0.09025450770725475
tail10_reclaim10_anomaly_ge1_final_c5,2025-11,0.030898216086471073
tail10_reclaim10_anomaly_ge1_final_c5,2025-12,-0.0026163310598422817
tail10_reclaim10_anomaly_ge1_final_c5,2026-01,-0.12483490095123291
tail10_reclaim10_anomaly_ge1_final_c5,2026-02,-0.022960141763624993
tail10_reclaim10_anomaly_ge1_final_c5,2026-03,0.048136581258520626
tail10_reclaim10_anomaly_ge1_final_c5,2026-04,0.086262937577708
tail10_reclaim10_anomaly_ge1_final_c10,2024-11,0.07709927187550183
tail10_reclaim10_anomaly_ge1_final_c10,2024-12,-0.07746959588713628
tail10_reclaim10_anomaly_ge1_final_c10,2025-01,-0.10363268884637843
tail10_reclaim10_anomaly_ge1_final_c10,2025-02,-0.00860357349093807
tail10_reclaim10_anomaly_ge1_final_c10,2025-03,-0.10733792045791217
tail10_reclaim10_anomaly_ge1_final_c10,2025-04,0.20993083950200364
tail10_reclaim10_anomaly_ge1_final_c10,2025-05,0.1527503113215258
tail10_reclaim10_anomaly_ge1_final_c10,2025-06,-0.04254058138990407
tail10_reclaim10_anomaly_ge1_final_c10,2025-07,-0.03649597383653754
tail10_reclaim10_anomaly_ge1_final_c10,2025-08,-0.028576355283943252
tail10_reclaim10_anomaly_ge1_final_c10,2025-09,0.1064890781107201
tail10_reclaim10_anomaly_ge1_final_c10,2025-10,0.07025450770725473
tail10_reclaim10_anomaly_ge1_final_c10,2025-11,0.01289821608647106
tail10_reclaim10_anomaly_ge1_final_c10,2025-12,-0.017616331059842276
tail10_reclaim10_anomaly_ge1_final_c10,2026-01,-0.1438349009512329
tail10_reclaim10_anomaly_ge1_final_c10,2026-02,-0.037960141763625006
tail10_reclaim10_anomaly_ge1_final_c10,2026-03,0.03313658125852062
tail10_reclaim10_anomaly_ge1_final_c10,2026-04,0.06626293757770801
tail10_reclaim10_anomaly_ge1_final_c20,2024-11,0.039099271875501856
tail10_reclaim10_anomaly_ge1_final_c20,2024-12,-0.10746959588713628
tail10_reclaim10_anomaly_ge1_final_c20,2025-01,-0.1356326888463784
tail10_reclaim10_anomaly_ge1_final_c20,2025-02,-0.04060357349093807
tail10_reclaim10_anomaly_ge1_final_c20,2025-03,-0.14533792045791216
tail10_reclaim10_anomaly_ge1_final_c20,2025-04,0.18193083950200362
tail10_reclaim10_anomaly_ge1_final_c20,2025-05,0.12075031132152582
tail10_reclaim10_anomaly_ge1_final_c20,2025-06,-0.06454058138990407
tail10_reclaim10_anomaly_ge1_final_c20,2025-07,-0.07049597383653754
tail10_reclaim10_anomaly_ge1_final_c20,2025-08,-0.06257635528394326
tail10_reclaim10_anomaly_ge1_final_c20,2025-09,0.07248907811072013
tail10_reclaim10_anomaly_ge1_final_c20,2025-10,0.030254507707254737
tail10_reclaim10_anomaly_ge1_final_c20,2025-11,-0.023101783913528927
tail10_reclaim10_anomaly_ge1_final_c20,2025-12,-0.04761633105984227
tail10_reclaim10_anomaly_ge1_final_c20,2026-01,-0.1818349009512329
tail10_reclaim10_anomaly_ge1_final_c20,2026-02,-0.06796014176362501
tail10_reclaim10_anomaly_ge1_final_c20,2026-03,0.0031365812585206175
tail10_reclaim10_anomaly_ge1_final_c20,2026-04,0.026262937577708013
tail10_reclaim10_anomaly_ge1_5_1200_c5,2024-11,0.02084016592776914
tail10_reclaim10_anomaly_ge1_5_1200_c5,2024-12,0.01287862998594434
tail10_reclaim10_anomaly_ge1_5_1200_c5,2025-01,-0.1509904693121285
tail10_reclaim10_anomaly_ge1_5_1200_c5,2025-02,-0.05882575583932189
tail10_reclaim10_anomaly_ge1_5_1200_c5,2025-03,-0.032148625247555906
tail10_reclaim10_anomaly_ge1_5_1200_c5,2025-04,0.010474321383381516
tail10_reclaim10_anomaly_ge1_5_1200_c5,2025-05,0.0020954644454580923
tail10_reclaim10_anomaly_ge1_5_1200_c5,2025-06,0.11398763934490197
tail10_reclaim10_anomaly_ge1_5_1200_c5,2025-07,0.018000339978805978
tail10_reclaim10_anomaly_ge1_5_1200_c5,2025-08,-0.016635938273023787
tail10_reclaim10_anomaly_ge1_5_1200_c5,2025-09,0.06631661218429441
tail10_reclaim10_anomaly_ge1_5_1200_c5,2025-10,0.12769423282330264
tail10_reclaim10_anomaly_ge1_5_1200_c5,2025-11,0.023742902759167073
tail10_reclaim10_anomaly_ge1_5_1200_c5,2025-12,0.005889429791004411
tail10_reclaim10_anomaly_ge1_5_1200_c5,2026-01,-0.0994053893870014
tail10_reclaim10_anomaly_ge1_5_1200_c5,2026-02,-0.0493443864862151
tail10_reclaim10_anomaly_ge1_5_1200_c5,2026-03,0.02538707464963913
tail10_reclaim10_anomaly_ge1_5_1200_c5,2026-04,0.018121278108664332
tail10_reclaim10_anomaly_ge1_5_1200_c10,2024-11,0.005840165927769132
tail10_reclaim10_anomaly_ge1_5_1200_c10,2024-12,0.005878629985944337
tail10_reclaim10_anomaly_ge1_5_1200_c10,2025-01,-0.16199046931212852
tail10_reclaim10_anomaly_ge1_5_1200_c10,2025-02,-0.0728257558393219
tail10_reclaim10_anomaly_ge1_5_1200_c10,2025-03,-0.042148625247555915
tail10_reclaim10_anomaly_ge1_5_1200_c10,2025-04,0.00047432138338151034
tail10_reclaim10_anomaly_ge1_5_1200_c10,2025-05,-0.005904535554541911
tail10_reclaim10_anomaly_ge1_5_1200_c10,2025-06,0.10498763934490198
tail10_reclaim10_anomaly_ge1_5_1200_c10,2025-07,0.007000339978805975
tail10_reclaim10_anomaly_ge1_5_1200_c10,2025-08,-0.031635938273023786
tail10_reclaim10_anomaly_ge1_5_1200_c10,2025-09,0.05331661218429441
tail10_reclaim10_anomaly_ge1_5_1200_c10,2025-10,0.11169423282330264
tail10_reclaim10_anomaly_ge1_5_1200_c10,2025-11,0.010742902759167063
tail10_reclaim10_anomaly_ge1_5_1200_c10,2025-12,-0.004110570208995589
tail10_reclaim10_anomaly_ge1_5_1200_c10,2026-01,-0.1164053893870014
tail10_reclaim10_anomaly_ge1_5_1200_c10,2026-02,-0.06134438648621511
tail10_reclaim10_anomaly_ge1_5_1200_c10,2026-03,0.013387074649639126
tail10_reclaim10_anomaly_ge1_5_1200_c10,2026-04,0.008121278108664327
tail10_reclaim10_anomaly_ge1_5_1200_c20,2024-11,-0.024159834072230862
tail10_reclaim10_anomaly_ge1_5_1200_c20,2024-12,-0.008121370014055659
tail10_reclaim10_anomaly_ge1_5_1200_c20,2025-01,-0.1839904693121285
tail10_reclaim10_anomaly_ge1_5_1200_c20,2025-02,-0.10082575583932188
tail10_reclaim10_anomaly_ge1_5_1200_c20,2025-03,-0.062148625247555905
tail10_reclaim10_anomaly_ge1_5_1200_c20,2025-04,-0.01952567861661848
tail10_reclaim10_anomaly_ge1_5_1200_c20,2025-05,-0.021904535554541908
tail10_reclaim10_anomaly_ge1_5_1200_c20,2025-06,0.08698763934490197
tail10_reclaim10_anomaly_ge1_5_1200_c20,2025-07,-0.014999660021194017
tail10_reclaim10_anomaly_ge1_5_1200_c20,2025-08,-0.061635938273023785
tail10_reclaim10_anomaly_ge1_5_1200_c20,2025-09,0.02731661218429442
tail10_reclaim10_anomaly_ge1_5_1200_c20,2025-10,0.07969423282330265
tail10_reclaim10_anomaly_ge1_5_1200_c20,2025-11,-0.015257097240832938
tail10_reclaim10_anomaly_ge1_5_1200_c20,2025-12,-0.024110570208995586
tail10_reclaim10_anomaly_ge1_5_1200_c20,2026-01,-0.1504053893870014
tail10_reclaim10_anomaly_ge1_5_1200_c20,2026-02,-0.08534438648621512
tail10_reclaim10_anomaly_ge1_5_1200_c20,2026-03,-0.010612925350360864
tail10_reclaim10_anomaly_ge1_5_1200_c20,2026-04,-0.011878721891335667
tail10_reclaim10_anomaly_ge1_5_final_c5,2024-11,0.07032245640399695
tail10_reclaim10_anomaly_ge1_5_final_c5,2024-12,-0.07642184005944945
tail10_reclaim10_anomaly_ge1_5_final_c5,2025-01,-0.08797691268772023
tail10_reclaim10_anomaly_ge1_5_final_c5,2025-02,0.022073385625289314
tail10_reclaim10_anomaly_ge1_5_final_c5,2025-03,0.036819825132092504
tail10_reclaim10_anomaly_ge1_5_final_c5,2025-04,0.1985073066800943
tail10_reclaim10_anomaly_ge1_5_final_c5,2025-05,0.0684964183044203
tail10_reclaim10_anomaly_ge1_5_final_c5,2025-06,0.03414121366667855
tail10_reclaim10_anomaly_ge1_5_final_c5,2025-07,0.008898197701066039
tail10_reclaim10_anomaly_ge1_5_final_c5,2025-08,-0.07769207079015256
tail10_reclaim10_anomaly_ge1_5_final_c5,2025-09,0.12048564371053821
tail10_reclaim10_anomaly_ge1_5_final_c5,2025-10,0.06393395298518939
tail10_reclaim10_anomaly_ge1_5_final_c5,2025-11,0.03204069783673998
tail10_reclaim10_anomaly_ge1_5_final_c5,2025-12,0.0007465550384782456
tail10_reclaim10_anomaly_ge1_5_final_c5,2026-01,-0.0832059671164707
tail10_reclaim10_anomaly_ge1_5_final_c5,2026-02,-0.021800238626142276
tail10_reclaim10_anomaly_ge1_5_final_c5,2026-03,0.08814257336508934
tail10_reclaim10_anomaly_ge1_5_final_c5,2026-04,0.07862434561017277
tail10_reclaim10_anomaly_ge1_5_final_c10,2024-11,0.054322456403996945
tail10_reclaim10_anomaly_ge1_5_final_c10,2024-12,-0.08642184005944946
tail10_reclaim10_anomaly_ge1_5_final_c10,2025-01,-0.09897691268772023
tail10_reclaim10_anomaly_ge1_5_final_c10,2025-02,0.006073385625289309
tail10_reclaim10_anomaly_ge1_5_final_c10,2025-03,0.025819825132092498
tail10_reclaim10_anomaly_ge1_5_final_c10,2025-04,0.1885073066800943
tail10_reclaim10_anomaly_ge1_5_final_c10,2025-05,0.05649641830442029
tail10_reclaim10_anomaly_ge1_5_final_c10,2025-06,0.02414121366667854
tail10_reclaim10_anomaly_ge1_5_final_c10,2025-07,-0.0021018022989339608
tail10_reclaim10_anomaly_ge1_5_final_c10,2025-08,-0.09369207079015257
tail10_reclaim10_anomaly_ge1_5_final_c10,2025-09,0.10648564371053822
tail10_reclaim10_anomaly_ge1_5_final_c10,2025-10,0.046933952985189376
tail10_reclaim10_anomaly_ge1_5_final_c10,2025-11,0.01904069783673997
tail10_reclaim10_anomaly_ge1_5_final_c10,2025-12,-0.009253444961521749
tail10_reclaim10_anomaly_ge1_5_final_c10,2026-01,-0.1002059671164707
tail10_reclaim10_anomaly_ge1_5_final_c10,2026-02,-0.03380023862614229
tail10_reclaim10_anomaly_ge1_5_final_c10,2026-03,0.07514257336508932
tail10_reclaim10_anomaly_ge1_5_final_c10,2026-04,0.06862434561017276
tail10_reclaim10_anomaly_ge1_5_final_c20,2024-11,0.022322456403996944
tail10_reclaim10_anomaly_ge1_5_final_c20,2024-12,-0.10642184005944946
tail10_reclaim10_anomaly_ge1_5_final_c20,2025-01,-0.12097691268772023
tail10_reclaim10_anomaly_ge1_5_final_c20,2025-02,-0.02592661437471069
tail10_reclaim10_anomaly_ge1_5_final_c20,2025-03,0.003819825132092499
tail10_reclaim10_anomaly_ge1_5_final_c20,2025-04,0.16850730668009428
tail10_reclaim10_anomaly_ge1_5_final_c20,2025-05,0.0324964183044203
tail10_reclaim10_anomaly_ge1_5_final_c20,2025-06,0.0041412136666785435
tail10_reclaim10_anomaly_ge1_5_final_c20,2025-07,-0.024101802298933956
tail10_reclaim10_anomaly_ge1_5_final_c20,2025-08,-0.12569207079015254
tail10_reclaim10_anomaly_ge1_5_final_c20,2025-09,0.07848564371053822
tail10_reclaim10_anomaly_ge1_5_final_c20,2025-10,0.012933952985189383
tail10_reclaim10_anomaly_ge1_5_final_c20,2025-11,-0.0069593021632600345
tail10_reclaim10_anomaly_ge1_5_final_c20,2025-12,-0.029253444961521748
tail10_reclaim10_anomaly_ge1_5_final_c20,2026-01,-0.1342059671164707
tail10_reclaim10_anomaly_ge1_5_final_c20,2026-02,-0.05780023862614227
tail10_reclaim10_anomaly_ge1_5_final_c20,2026-03,0.04914257336508933
tail10_reclaim10_anomaly_ge1_5_final_c20,2026-04,0.04862434561017277
tail10_reclaim10_anomaly_ge2_1200_c5,2024-11,-0.013876155184384509
tail10_reclaim10_anomaly_ge2_1200_c5,2024-12,0.013717083928514603
tail10_reclaim10_anomaly_ge2_1200_c5,2025-01,-0.15922084879862802
tail10_reclaim10_anomaly_ge2_1200_c5,2025-02,-0.06620684399442395
tail10_reclaim10_anomaly_ge2_1200_c5,2025-03,0.03532311767691265
tail10_reclaim10_anomaly_ge2_1200_c5,2025-04,0.08022302772773345
tail10_reclaim10_anomaly_ge2_1200_c5,2025-05,-0.0511683808599816
tail10_reclaim10_anomaly_ge2_1200_c5,2025-06,0.030021594684385478
tail10_reclaim10_anomaly_ge2_1200_c5,2025-07,0.03364220569772214
tail10_reclaim10_anomaly_ge2_1200_c5,2025-08,-0.0009247495866103739
tail10_reclaim10_anomaly_ge2_1200_c5,2025-09,0.0571105423771095
tail10_reclaim10_anomaly_ge2_1200_c5,2025-10,0.10496911517973659
tail10_reclaim10_anomaly_ge2_1200_c5,2025-11,0.06850700933238052
tail10_reclaim10_anomaly_ge2_1200_c5,2025-12,-0.003071458237296378
tail10_reclaim10_anomaly_ge2_1200_c5,2026-01,-0.14161758217102252
tail10_reclaim10_anomaly_ge2_1200_c5,2026-02,-0.04294069460030159
tail10_reclaim10_anomaly_ge2_1200_c5,2026-03,-0.03559333697421396
tail10_reclaim10_anomaly_ge2_1200_c5,2026-04,0.03894921933202884
tail10_reclaim10_anomaly_ge2_1200_c10,2024-11,-0.028876155184384515
tail10_reclaim10_anomaly_ge2_1200_c10,2024-12,0.006717083928514601
tail10_reclaim10_anomaly_ge2_1200_c10,2025-01,-0.16722084879862803
tail10_reclaim10_anomaly_ge2_1200_c10,2025-02,-0.07520684399442396
tail10_reclaim10_anomaly_ge2_1200_c10,2025-03,0.03232311767691265
tail10_reclaim10_anomaly_ge2_1200_c10,2025-04,0.07422302772773344
tail10_reclaim10_anomaly_ge2_1200_c10,2025-05,-0.0561683808599816
tail10_reclaim10_anomaly_ge2_1200_c10,2025-06,0.029021594684385477
tail10_reclaim10_anomaly_ge2_1200_c10,2025-07,0.02664220569772214
tail10_reclaim10_anomaly_ge2_1200_c10,2025-08,-0.010924749586610381
tail10_reclaim10_anomaly_ge2_1200_c10,2025-09,0.04511054237710949
tail10_reclaim10_anomaly_ge2_1200_c10,2025-10,0.09596911517973658
tail10_reclaim10_anomaly_ge2_1200_c10,2025-11,0.05850700933238051
tail10_reclaim10_anomaly_ge2_1200_c10,2025-12,-0.009071458237296378
tail10_reclaim10_anomaly_ge2_1200_c10,2026-01,-0.15361758217102253
tail10_reclaim10_anomaly_ge2_1200_c10,2026-02,-0.05194069460030159
tail10_reclaim10_anomaly_ge2_1200_c10,2026-03,-0.04259333697421396
tail10_reclaim10_anomaly_ge2_1200_c10,2026-04,0.031949219332028836
tail10_reclaim10_anomaly_ge2_1200_c20,2024-11,-0.05887615518438451
tail10_reclaim10_anomaly_ge2_1200_c20,2024-12,-0.007282916071485396
tail10_reclaim10_anomaly_ge2_1200_c20,2025-01,-0.18322084879862802
tail10_reclaim10_anomaly_ge2_1200_c20,2025-02,-0.09320684399442394
tail10_reclaim10_anomaly_ge2_1200_c20,2025-03,0.026323117676912654
tail10_reclaim10_anomaly_ge2_1200_c20,2025-04,0.06222302772773344
tail10_reclaim10_anomaly_ge2_1200_c20,2025-05,-0.0661683808599816
tail10_reclaim10_anomaly_ge2_1200_c20,2025-06,0.02702159468438548
tail10_reclaim10_anomaly_ge2_1200_c20,2025-07,0.012642205697722144
tail10_reclaim10_anomaly_ge2_1200_c20,2025-08,-0.03092474958661037
tail10_reclaim10_anomaly_ge2_1200_c20,2025-09,0.021110542377109506
tail10_reclaim10_anomaly_ge2_1200_c20,2025-10,0.07796911517973658
tail10_reclaim10_anomaly_ge2_1200_c20,2025-11,0.03850700933238051
tail10_reclaim10_anomaly_ge2_1200_c20,2025-12,-0.021071458237296375
tail10_reclaim10_anomaly_ge2_1200_c20,2026-01,-0.17761758217102253
tail10_reclaim10_anomaly_ge2_1200_c20,2026-02,-0.06994069460030158
tail10_reclaim10_anomaly_ge2_1200_c20,2026-03,-0.05659333697421396
tail10_reclaim10_anomaly_ge2_1200_c20,2026-04,0.01794921933202884
tail10_reclaim10_anomaly_ge2_final_c5,2024-11,0.07089009961883114
tail10_reclaim10_anomaly_ge2_final_c5,2024-12,-0.056372926956856736
tail10_reclaim10_anomaly_ge2_final_c5,2025-01,-0.12211603613410899
tail10_reclaim10_anomaly_ge2_final_c5,2025-02,0.005106673945953127
tail10_reclaim10_anomaly_ge2_final_c5,2025-03,0.05103561335127427
tail10_reclaim10_anomaly_ge2_final_c5,2025-04,0.2362373450171955
tail10_reclaim10_anomaly_ge2_final_c5,2025-05,-0.033772816149342966
tail10_reclaim10_anomaly_ge2_final_c5,2025-06,0.037953488372093
tail10_reclaim10_anomaly_ge2_final_c5,2025-07,0.02364416323213736
tail10_reclaim10_anomaly_ge2_final_c5,2025-08,0.0066713299822538374
tail10_reclaim10_anomaly_ge2_final_c5,2025-09,0.06998974283248409
tail10_reclaim10_anomaly_ge2_final_c5,2025-10,0.028945426674209927
tail10_reclaim10_anomaly_ge2_final_c5,2025-11,0.1101129586056435
tail10_reclaim10_anomaly_ge2_final_c5,2025-12,0.01368495128166703
tail10_reclaim10_anomaly_ge2_final_c5,2026-01,-0.1120933036640922
tail10_reclaim10_anomaly_ge2_final_c5,2026-02,0.007996470177613513
tail10_reclaim10_anomaly_ge2_final_c5,2026-03,0.02574734257128375
tail10_reclaim10_anomaly_ge2_final_c5,2026-04,0.08821969893246144
tail10_reclaim10_anomaly_ge2_final_c10,2024-11,0.055890099618831124
tail10_reclaim10_anomaly_ge2_final_c10,2024-12,-0.06637292695685673
tail10_reclaim10_anomaly_ge2_final_c10,2025-01,-0.130116036134109
tail10_reclaim10_anomaly_ge2_final_c10,2025-02,-0.005893326054046881
tail10_reclaim10_anomaly_ge2_final_c10,2025-03,0.048035613351274264
tail10_reclaim10_anomaly_ge2_final_c10,2025-04,0.2302373450171955
tail10_reclaim10_anomaly_ge2_final_c10,2025-05,-0.040772816149342965
tail10_reclaim10_anomaly_ge2_final_c10,2025-06,0.036953488372093
tail10_reclaim10_anomaly_ge2_final_c10,2025-07,0.01664416323213736
tail10_reclaim10_anomaly_ge2_final_c10,2025-08,-0.0033286700177461714
tail10_reclaim10_anomaly_ge2_final_c10,2025-09,0.05798974283248408
tail10_reclaim10_anomaly_ge2_final_c10,2025-10,0.01994542667420992
tail10_reclaim10_anomaly_ge2_final_c10,2025-11,0.10011295860564351
tail10_reclaim10_anomaly_ge2_final_c10,2025-12,0.007684951281667032
tail10_reclaim10_anomaly_ge2_final_c10,2026-01,-0.1240933036640922
tail10_reclaim10_anomaly_ge2_final_c10,2026-02,-0.0010035298223864918
tail10_reclaim10_anomaly_ge2_final_c10,2026-03,0.017747342571283742
tail10_reclaim10_anomaly_ge2_final_c10,2026-04,0.08121969893246143
tail10_reclaim10_anomaly_ge2_final_c20,2024-11,0.025890099618831125
tail10_reclaim10_anomaly_ge2_final_c20,2024-12,-0.08637292695685674
tail10_reclaim10_anomaly_ge2_final_c20,2025-01,-0.14611603613410898
tail10_reclaim10_anomaly_ge2_final_c20,2025-02,-0.027893326054046878
tail10_reclaim10_anomaly_ge2_final_c20,2025-03,0.04203561335127426
tail10_reclaim10_anomaly_ge2_final_c20,2025-04,0.2182373450171955
tail10_reclaim10_anomaly_ge2_final_c20,2025-05,-0.05477281614934296
tail10_reclaim10_anomaly_ge2_final_c20,2025-06,0.034953488372093
tail10_reclaim10_anomaly_ge2_final_c20,2025-07,0.0026441632321373663
tail10_reclaim10_anomaly_ge2_final_c20,2025-08,-0.023328670017746158
tail10_reclaim10_anomaly_ge2_final_c20,2025-09,0.03398974283248409
tail10_reclaim10_anomaly_ge2_final_c20,2025-10,0.0019454266742099206
tail10_reclaim10_anomaly_ge2_final_c20,2025-11,0.08011295860564349
tail10_reclaim10_anomaly_ge2_final_c20,2025-12,-0.004315048718332965
tail10_reclaim10_anomaly_ge2_final_c20,2026-01,-0.14809330366409218
tail10_reclaim10_anomaly_ge2_final_c20,2026-02,-0.01900352982238648
tail10_reclaim10_anomaly_ge2_final_c20,2026-03,0.0017473425712837484
tail10_reclaim10_anomaly_ge2_final_c20,2026-04,0.06721969893246144
tail10_reclaim25_all_1200_c5,2024-11,-0.05397816453974381
tail10_reclaim25_all_1200_c5,2024-12,-0.03849169599916919
tail10_reclaim25_all_1200_c5,2025-01,-0.07683537297475576
tail10_reclaim25_all_1200_c5,2025-02,-0.024257292520870555
tail10_reclaim25_all_1200_c5,2025-03,-0.12777562847904061
tail10_reclaim25_all_1200_c5,2025-04,0.0362960843835647
tail10_reclaim25_all_1200_c5,2025-05,0.13065974609583117
tail10_reclaim25_all_1200_c5,2025-06,0.04858375908343132
tail10_reclaim25_all_1200_c5,2025-07,0.0074895460909285665
tail10_reclaim25_all_1200_c5,2025-08,0.038823959582477585
tail10_reclaim25_all_1200_c5,2025-09,0.02420185127428515
tail10_reclaim25_all_1200_c5,2025-10,0.06050055290024024
tail10_reclaim25_all_1200_c5,2025-11,-0.02402601117040224
tail10_reclaim25_all_1200_c5,2025-12,-0.0030368786561607965
tail10_reclaim25_all_1200_c5,2026-01,-0.026377251220017085
tail10_reclaim25_all_1200_c5,2026-02,-0.023420702833963164
tail10_reclaim25_all_1200_c5,2026-03,0.03716799148777819
tail10_reclaim25_all_1200_c5,2026-04,0.04296853323727231
tail10_reclaim25_all_1200_c10,2024-11,-0.0689781645397438
tail10_reclaim25_all_1200_c10,2024-12,-0.05249169599916918
tail10_reclaim25_all_1200_c10,2025-01,-0.08983537297475577
tail10_reclaim25_all_1200_c10,2025-02,-0.03725729252087055
tail10_reclaim25_all_1200_c10,2025-03,-0.14377562847904063
tail10_reclaim25_all_1200_c10,2025-04,0.023296084383564696
tail10_reclaim25_all_1200_c10,2025-05,0.12465974609583116
tail10_reclaim25_all_1200_c10,2025-06,0.036583759083431325
tail10_reclaim25_all_1200_c10,2025-07,-0.011510453909071433
tail10_reclaim25_all_1200_c10,2025-08,0.023823959582477586
tail10_reclaim25_all_1200_c10,2025-09,0.009201851274285147
tail10_reclaim25_all_1200_c10,2025-10,0.04250055290024024
tail10_reclaim25_all_1200_c10,2025-11,-0.03702601117040225
tail10_reclaim25_all_1200_c10,2025-12,-0.0190368786561608
tail10_reclaim25_all_1200_c10,2026-01,-0.04537725122001709
tail10_reclaim25_all_1200_c10,2026-02,-0.03742070283396316
tail10_reclaim25_all_1200_c10,2026-03,0.02416799148777818
tail10_reclaim25_all_1200_c10,2026-04,0.025968533237272304
tail10_reclaim25_all_1200_c20,2024-11,-0.09897816453974381
tail10_reclaim25_all_1200_c20,2024-12,-0.0804916959991692
tail10_reclaim25_all_1200_c20,2025-01,-0.11583537297475577
tail10_reclaim25_all_1200_c20,2025-02,-0.06325729252087055
tail10_reclaim25_all_1200_c20,2025-03,-0.17577562847904063
tail10_reclaim25_all_1200_c20,2025-04,-0.0027039156164353
tail10_reclaim25_all_1200_c20,2025-05,0.11265974609583117
tail10_reclaim25_all_1200_c20,2025-06,0.012583759083431331
tail10_reclaim25_all_1200_c20,2025-07,-0.049510453909071425
tail10_reclaim25_all_1200_c20,2025-08,-0.00617604041752241
tail10_reclaim25_all_1200_c20,2025-09,-0.02079814872571484
tail10_reclaim25_all_1200_c20,2025-10,0.006500552900240254
tail10_reclaim25_all_1200_c20,2025-11,-0.06302601117040224
tail10_reclaim25_all_1200_c20,2025-12,-0.0510368786561608
tail10_reclaim25_all_1200_c20,2026-01,-0.08337725122001707
tail10_reclaim25_all_1200_c20,2026-02,-0.06542070283396316
tail10_reclaim25_all_1200_c20,2026-03,-0.0018320085122218131
tail10_reclaim25_all_1200_c20,2026-04,-0.008031466762727684
tail10_reclaim25_all_final_c5,2024-11,-0.11712223697886254
tail10_reclaim25_all_final_c5,2024-12,-0.07625309029854728
tail10_reclaim25_all_final_c5,2025-01,-0.05473428479093096
tail10_reclaim25_all_final_c5,2025-02,-0.029656777035468512
tail10_reclaim25_all_final_c5,2025-03,-0.08699778873577482
tail10_reclaim25_all_final_c5,2025-04,0.26537338022613544
tail10_reclaim25_all_final_c5,2025-05,0.13510419154472023
tail10_reclaim25_all_final_c5,2025-06,-0.009016540001082858
tail10_reclaim25_all_final_c5,2025-07,-0.01985108381826208
tail10_reclaim25_all_final_c5,2025-08,0.05194732814483373
tail10_reclaim25_all_final_c5,2025-09,0.084493535193045
tail10_reclaim25_all_final_c5,2025-10,0.02524646001796425
tail10_reclaim25_all_final_c5,2025-11,0.029924122378137755
tail10_reclaim25_all_final_c5,2025-12,0.013229401749348588
tail10_reclaim25_all_final_c5,2026-01,-0.009653674638376734
tail10_reclaim25_all_final_c5,2026-02,-0.04048085169658065
tail10_reclaim25_all_final_c5,2026-03,0.06999821755790439
tail10_reclaim25_all_final_c5,2026-04,0.11403817547687559
tail10_reclaim25_all_final_c10,2024-11,-0.13312223697886255
tail10_reclaim25_all_final_c10,2024-12,-0.09225309029854728
tail10_reclaim25_all_final_c10,2025-01,-0.06873428479093097
tail10_reclaim25_all_final_c10,2025-02,-0.044656777035468526
tail10_reclaim25_all_final_c10,2025-03,-0.10599778873577481
tail10_reclaim25_all_final_c10,2025-04,0.2513733802261354
tail10_reclaim25_all_final_c10,2025-05,0.12410419154472022
tail10_reclaim25_all_final_c10,2025-06,-0.022016540001082854
tail10_reclaim25_all_final_c10,2025-07,-0.03885108381826208
tail10_reclaim25_all_final_c10,2025-08,0.03494732814483373
tail10_reclaim25_all_final_c10,2025-09,0.06849353519304499
tail10_reclaim25_all_final_c10,2025-10,0.006246460017964242
tail10_reclaim25_all_final_c10,2025-11,0.014924122378137745
tail10_reclaim25_all_final_c10,2025-12,-0.004770598250651405
tail10_reclaim25_all_final_c10,2026-01,-0.028653674638376734
tail10_reclaim25_all_final_c10,2026-02,-0.054480851696580665
tail10_reclaim25_all_final_c10,2026-03,0.05599821755790438
tail10_reclaim25_all_final_c10,2026-04,0.09703817547687557
tail10_reclaim25_all_final_c20,2024-11,-0.16512223697886255
tail10_reclaim25_all_final_c20,2024-12,-0.12425309029854728
tail10_reclaim25_all_final_c20,2025-01,-0.09673428479093095
tail10_reclaim25_all_final_c20,2025-02,-0.07465677703546852
tail10_reclaim25_all_final_c20,2025-03,-0.14399778873577482
tail10_reclaim25_all_final_c20,2025-04,0.2233733802261354
tail10_reclaim25_all_final_c20,2025-05,0.10210419154472022
tail10_reclaim25_all_final_c20,2025-06,-0.04801654000108285
tail10_reclaim25_all_final_c20,2025-07,-0.07685108381826208
tail10_reclaim25_all_final_c20,2025-08,0.0009473281448337395
tail10_reclaim25_all_final_c20,2025-09,0.036493535193045004
tail10_reclaim25_all_final_c20,2025-10,-0.031753539982035756
tail10_reclaim25_all_final_c20,2025-11,-0.01507587762186225
tail10_reclaim25_all_final_c20,2025-12,-0.04077059825065141
tail10_reclaim25_all_final_c20,2026-01,-0.06665367463837674
tail10_reclaim25_all_final_c20,2026-02,-0.08248085169658065
tail10_reclaim25_all_final_c20,2026-03,0.02799821755790437
tail10_reclaim25_all_final_c20,2026-04,0.06303817547687557
tail10_reclaim25_participation_q50_1200_c5,2024-11,-0.05168061578415756
tail10_reclaim25_participation_q50_1200_c5,2024-12,0.005062616305358227
tail10_reclaim25_participation_q50_1200_c5,2025-01,-0.033867832772875486
tail10_reclaim25_participation_q50_1200_c5,2025-02,-0.029252725066441665
tail10_reclaim25_participation_q50_1200_c5,2025-03,0.02183137067669276
tail10_reclaim25_participation_q50_1200_c5,2025-04,0.043679249364006675
tail10_reclaim25_participation_q50_1200_c5,2025-05,0.04810254319969459
tail10_reclaim25_participation_q50_1200_c5,2025-06,0.05704942800053555
tail10_reclaim25_participation_q50_1200_c5,2025-07,0.032233593501871716
tail10_reclaim25_participation_q50_1200_c5,2025-08,0.09147190262816034
tail10_reclaim25_participation_q50_1200_c5,2025-09,0.0326833308541391
tail10_reclaim25_participation_q50_1200_c5,2025-10,0.12933227523150714
tail10_reclaim25_participation_q50_1200_c5,2025-11,-0.050293273041294995
tail10_reclaim25_participation_q50_1200_c5,2025-12,0.04269148601330838
tail10_reclaim25_participation_q50_1200_c5,2026-01,-0.021901827963802304
tail10_reclaim25_participation_q50_1200_c5,2026-02,-0.04867895390139369
tail10_reclaim25_participation_q50_1200_c5,2026-03,0.11823252666687019
tail10_reclaim25_participation_q50_1200_c5,2026-04,-0.022983681253259933
tail10_reclaim25_participation_q50_1200_c10,2024-11,-0.06568061578415756
tail10_reclaim25_participation_q50_1200_c10,2024-12,-0.006937383694641769
tail10_reclaim25_participation_q50_1200_c10,2025-01,-0.04486783277287548
tail10_reclaim25_participation_q50_1200_c10,2025-02,-0.03925272506644166
tail10_reclaim25_participation_q50_1200_c10,2025-03,0.010831370676692756
tail10_reclaim25_participation_q50_1200_c10,2025-04,0.03067924936400667
tail10_reclaim25_participation_q50_1200_c10,2025-05,0.043102543199694594
tail10_reclaim25_participation_q50_1200_c10,2025-06,0.04804942800053555
tail10_reclaim25_participation_q50_1200_c10,2025-07,0.017233593501871716
tail10_reclaim25_participation_q50_1200_c10,2025-08,0.08147190262816034
tail10_reclaim25_participation_q50_1200_c10,2025-09,0.0226833308541391
tail10_reclaim25_participation_q50_1200_c10,2025-10,0.11233227523150711
tail10_reclaim25_participation_q50_1200_c10,2025-11,-0.061293273041295004
tail10_reclaim25_participation_q50_1200_c10,2025-12,0.025691486013308385
tail10_reclaim25_participation_q50_1200_c10,2026-01,-0.0399018279638023
tail10_reclaim25_participation_q50_1200_c10,2026-02,-0.05967895390139369
tail10_reclaim25_participation_q50_1200_c10,2026-03,0.10623252666687019
tail10_reclaim25_participation_q50_1200_c10,2026-04,-0.03798368125325994
tail10_reclaim25_participation_q50_1200_c20,2024-11,-0.09368061578415755
tail10_reclaim25_participation_q50_1200_c20,2024-12,-0.030937383694641767
tail10_reclaim25_participation_q50_1200_c20,2025-01,-0.06686783277287549
tail10_reclaim25_participation_q50_1200_c20,2025-02,-0.059252725066441664
tail10_reclaim25_participation_q50_1200_c20,2025-03,-0.011168629323307238
tail10_reclaim25_participation_q50_1200_c20,2025-04,0.004679249364006679
tail10_reclaim25_participation_q50_1200_c20,2025-05,0.03310254319969459
tail10_reclaim25_participation_q50_1200_c20,2025-06,0.03004942800053556
tail10_reclaim25_participation_q50_1200_c20,2025-07,-0.012766406498128283
tail10_reclaim25_participation_q50_1200_c20,2025-08,0.06147190262816034
tail10_reclaim25_participation_q50_1200_c20,2025-09,0.0026833308541391113
tail10_reclaim25_participation_q50_1200_c20,2025-10,0.07833227523150713
tail10_reclaim25_participation_q50_1200_c20,2025-11,-0.08329327304129501
tail10_reclaim25_participation_q50_1200_c20,2025-12,-0.008308513986691614
tail10_reclaim25_participation_q50_1200_c20,2026-01,-0.07590182796380229
tail10_reclaim25_participation_q50_1200_c20,2026-02,-0.08167895390139368
tail10_reclaim25_participation_q50_1200_c20,2026-03,0.0822325266668702
tail10_reclaim25_participation_q50_1200_c20,2026-04,-0.06798368125325993
tail10_reclaim25_participation_q50_final_c5,2024-11,-0.10313769931487654
tail10_reclaim25_participation_q50_final_c5,2024-12,-0.04395680261104043
tail10_reclaim25_participation_q50_final_c5,2025-01,-0.006825148389560404
tail10_reclaim25_participation_q50_final_c5,2025-02,-0.05683086142520234
tail10_reclaim25_participation_q50_final_c5,2025-03,0.05300128780685315
tail10_reclaim25_participation_q50_final_c5,2025-04,0.24210410918630204
tail10_reclaim25_participation_q50_final_c5,2025-05,0.04222533741297785
tail10_reclaim25_participation_q50_final_c5,2025-06,0.0376490357018018
tail10_reclaim25_participation_q50_final_c5,2025-07,0.005106975480407342
tail10_reclaim25_participation_q50_final_c5,2025-08,0.08097009988316084
tail10_reclaim25_participation_q50_final_c5,2025-09,0.07228164458973863
tail10_reclaim25_participation_q50_final_c5,2025-10,0.09121816369128416
tail10_reclaim25_participation_q50_final_c5,2025-11,0.030027070035249542
tail10_reclaim25_participation_q50_final_c5,2025-12,0.07211935821374481
tail10_reclaim25_participation_q50_final_c5,2026-01,-0.03386876594908284
tail10_reclaim25_participation_q50_final_c5,2026-02,-0.02060866075068973
tail10_reclaim25_participation_q50_final_c5,2026-03,0.14709372331207995
tail10_reclaim25_participation_q50_final_c5,2026-04,0.0392333782017634
tail10_reclaim25_participation_q50_final_c10,2024-11,-0.11813769931487655
tail10_reclaim25_participation_q50_final_c10,2024-12,-0.05695680261104043
tail10_reclaim25_participation_q50_final_c10,2025-01,-0.018825148389560398
tail10_reclaim25_participation_q50_final_c10,2025-02,-0.06783086142520234
tail10_reclaim25_participation_q50_final_c10,2025-03,0.041001287806853144
tail10_reclaim25_participation_q50_final_c10,2025-04,0.22910410918630206
tail10_reclaim25_participation_q50_final_c10,2025-05,0.03222533741297785
tail10_reclaim25_participation_q50_final_c10,2025-06,0.027649035701801793
tail10_reclaim25_participation_q50_final_c10,2025-07,-0.009893024519592657
tail10_reclaim25_participation_q50_final_c10,2025-08,0.06897009988316083
tail10_reclaim25_participation_q50_final_c10,2025-09,0.06228164458973862
tail10_reclaim25_participation_q50_final_c10,2025-10,0.07421816369128416
tail10_reclaim25_participation_q50_final_c10,2025-11,0.017027070035249548
tail10_reclaim25_participation_q50_final_c10,2025-12,0.054119358213744806
tail10_reclaim25_participation_q50_final_c10,2026-01,-0.051868765949082844
tail10_reclaim25_participation_q50_final_c10,2026-02,-0.031608660750689736
tail10_reclaim25_participation_q50_final_c10,2026-03,0.13509372331207994
tail10_reclaim25_participation_q50_final_c10,2026-04,0.02423337820176339
tail10_reclaim25_participation_q50_final_c20,2024-11,-0.14813769931487655
tail10_reclaim25_participation_q50_final_c20,2024-12,-0.08295680261104042
tail10_reclaim25_participation_q50_final_c20,2025-01,-0.0428251483895604
tail10_reclaim25_participation_q50_final_c20,2025-02,-0.08983086142520234
tail10_reclaim25_participation_q50_final_c20,2025-03,0.017001287806853147
tail10_reclaim25_participation_q50_final_c20,2025-04,0.20310410918630203
tail10_reclaim25_participation_q50_final_c20,2025-05,0.012225337412977856
tail10_reclaim25_participation_q50_final_c20,2025-06,0.007649035701801799
tail10_reclaim25_participation_q50_final_c20,2025-07,-0.03989302451959266
tail10_reclaim25_participation_q50_final_c20,2025-08,0.044970099883160836
tail10_reclaim25_participation_q50_final_c20,2025-09,0.042281644589738626
tail10_reclaim25_participation_q50_final_c20,2025-10,0.040218163691284156
tail10_reclaim25_participation_q50_final_c20,2025-11,-0.008972929964750458
tail10_reclaim25_participation_q50_final_c20,2025-12,0.018119358213744812
tail10_reclaim25_participation_q50_final_c20,2026-01,-0.08786876594908284
tail10_reclaim25_participation_q50_final_c20,2026-02,-0.05360866075068972
tail10_reclaim25_participation_q50_final_c20,2026-03,0.11109372331207994
tail10_reclaim25_participation_q50_final_c20,2026-04,-0.005766621798236608
tail10_reclaim25_participation_q67_1200_c5,2024-11,-0.06828458579787111
tail10_reclaim25_participation_q67_1200_c5,2024-12,0.011810573574765379
tail10_reclaim25_participation_q67_1200_c5,2025-01,-0.04542285918836463
tail10_reclaim25_participation_q67_1200_c5,2025-02,-0.029252725066441665
tail10_reclaim25_participation_q67_1200_c5,2025-03,0.013127800240480991
tail10_reclaim25_participation_q67_1200_c5,2025-04,0.042495609386233424
tail10_reclaim25_participation_q67_1200_c5,2025-05,0.05098261126761683
tail10_reclaim25_participation_q67_1200_c5,2025-06,0.08650912325761528
tail10_reclaim25_participation_q67_1200_c5,2025-07,0.08999552263194852
tail10_reclaim25_participation_q67_1200_c5,2025-08,0.10401650848231209
tail10_reclaim25_participation_q67_1200_c5,2025-09,0.060896326383321764
tail10_reclaim25_participation_q67_1200_c5,2025-10,0.12765195071715202
tail10_reclaim25_participation_q67_1200_c5,2025-11,-0.04769990364518166
tail10_reclaim25_participation_q67_1200_c5,2025-12,0.01704417076492551
tail10_reclaim25_participation_q67_1200_c5,2026-01,-0.045830442767863376
tail10_reclaim25_participation_q67_1200_c5,2026-02,-0.031493843457684224
tail10_reclaim25_participation_q67_1200_c5,2026-03,0.08141109741040446
tail10_reclaim25_participation_q67_1200_c5,2026-04,0.011129452692105343
tail10_reclaim25_participation_q67_1200_c10,2024-11,-0.08228458579787111
tail10_reclaim25_participation_q67_1200_c10,2024-12,0.0008105735747653848
tail10_reclaim25_participation_q67_1200_c10,2025-01,-0.055422859188364634
tail10_reclaim25_participation_q67_1200_c10,2025-02,-0.03925272506644166
tail10_reclaim25_participation_q67_1200_c10,2025-03,0.005127800240480991
tail10_reclaim25_participation_q67_1200_c10,2025-04,0.032495609386233415
tail10_reclaim25_participation_q67_1200_c10,2025-05,0.04598261126761683
tail10_reclaim25_participation_q67_1200_c10,2025-06,0.07950912325761529
tail10_reclaim25_participation_q67_1200_c10,2025-07,0.0789955226319485
tail10_reclaim25_participation_q67_1200_c10,2025-08,0.09501650848231208
tail10_reclaim25_participation_q67_1200_c10,2025-09,0.05189632638332176
tail10_reclaim25_participation_q67_1200_c10,2025-10,0.11365195071715202
tail10_reclaim25_participation_q67_1200_c10,2025-11,-0.06069990364518167
tail10_reclaim25_participation_q67_1200_c10,2025-12,0.002044170764925508
tail10_reclaim25_participation_q67_1200_c10,2026-01,-0.06383044276786339
tail10_reclaim25_participation_q67_1200_c10,2026-02,-0.04249384345768423
tail10_reclaim25_participation_q67_1200_c10,2026-03,0.07141109741040445
tail10_reclaim25_participation_q67_1200_c10,2026-04,-0.0008705473078946604
tail10_reclaim25_participation_q67_1200_c20,2024-11,-0.1102845857978711
tail10_reclaim25_participation_q67_1200_c20,2024-12,-0.021189426425234616
tail10_reclaim25_participation_q67_1200_c20,2025-01,-0.07542285918836464
tail10_reclaim25_participation_q67_1200_c20,2025-02,-0.059252725066441664
tail10_reclaim25_participation_q67_1200_c20,2025-03,-0.010872199759519002
tail10_reclaim25_participation_q67_1200_c20,2025-04,0.012495609386233415
tail10_reclaim25_participation_q67_1200_c20,2025-05,0.03598261126761683
tail10_reclaim25_participation_q67_1200_c20,2025-06,0.06550912325761529
tail10_reclaim25_participation_q67_1200_c20,2025-07,0.05699552263194851
tail10_reclaim25_participation_q67_1200_c20,2025-08,0.07701650848231209
tail10_reclaim25_participation_q67_1200_c20,2025-09,0.03389632638332177
tail10_reclaim25_participation_q67_1200_c20,2025-10,0.08565195071715202
tail10_reclaim25_participation_q67_1200_c20,2025-11,-0.08669990364518167
tail10_reclaim25_participation_q67_1200_c20,2025-12,-0.02795582923507449
tail10_reclaim25_participation_q67_1200_c20,2026-01,-0.09983044276786338
tail10_reclaim25_participation_q67_1200_c20,2026-02,-0.06449384345768422
tail10_reclaim25_participation_q67_1200_c20,2026-03,0.05141109741040446
tail10_reclaim25_participation_q67_1200_c20,2026-04,-0.024870547307894654
tail10_reclaim25_participation_q67_final_c5,2024-11,-0.12418889777240412
tail10_reclaim25_participation_q67_final_c5,2024-12,-0.03456971567114647
tail10_reclaim25_participation_q67_final_c5,2025-01,-0.00843684580854814
tail10_reclaim25_participation_q67_final_c5,2025-02,-0.05683086142520234
tail10_reclaim25_participation_q67_final_c5,2025-03,0.05092341387469007
tail10_reclaim25_participation_q67_final_c5,2025-04,0.1983749464563368
tail10_reclaim25_participation_q67_final_c5,2025-05,0.05307094762618353
tail10_reclaim25_participation_q67_final_c5,2025-06,0.1357398718915078
tail10_reclaim25_participation_q67_final_c5,2025-07,0.07878781139918771
tail10_reclaim25_participation_q67_final_c5,2025-08,0.12312371968667116
tail10_reclaim25_participation_q67_final_c5,2025-09,0.09049278657122517
tail10_reclaim25_participation_q67_final_c5,2025-10,0.0676147064036105
tail10_reclaim25_participation_q67_final_c5,2025-11,0.03886299247848648
tail10_reclaim25_participation_q67_final_c5,2025-12,0.02608731106341039
tail10_reclaim25_participation_q67_final_c5,2026-01,-0.06455593391012195
tail10_reclaim25_participation_q67_final_c5,2026-02,-0.002760903774631838
tail10_reclaim25_participation_q67_final_c5,2026-03,0.11392595690352245
tail10_reclaim25_participation_q67_final_c5,2026-04,0.067771277880141
tail10_reclaim25_participation_q67_final_c10,2024-11,-0.13918889777240415
tail10_reclaim25_participation_q67_final_c10,2024-12,-0.04656971567114647
tail10_reclaim25_participation_q67_final_c10,2025-01,-0.01843684580854814
tail10_reclaim25_participation_q67_final_c10,2025-02,-0.06783086142520234
tail10_reclaim25_participation_q67_final_c10,2025-03,0.042923413874690064
tail10_reclaim25_participation_q67_final_c10,2025-04,0.1883749464563368
tail10_reclaim25_participation_q67_final_c10,2025-05,0.04407094762618353
tail10_reclaim25_participation_q67_final_c10,2025-06,0.1277398718915078
tail10_reclaim25_participation_q67_final_c10,2025-07,0.06778781139918771
tail10_reclaim25_participation_q67_final_c10,2025-08,0.11212371968667115
tail10_reclaim25_participation_q67_final_c10,2025-09,0.08149278657122516
tail10_reclaim25_participation_q67_final_c10,2025-10,0.05361470640361049
tail10_reclaim25_participation_q67_final_c10,2025-11,0.025862992478486477
tail10_reclaim25_participation_q67_final_c10,2025-12,0.011087311063410401
tail10_reclaim25_participation_q67_final_c10,2026-01,-0.08255593391012195
tail10_reclaim25_participation_q67_final_c10,2026-02,-0.013760903774631846
tail10_reclaim25_participation_q67_final_c10,2026-03,0.10392595690352245
tail10_reclaim25_participation_q67_final_c10,2026-04,0.055771277880140996
tail10_reclaim25_participation_q67_final_c20,2024-11,-0.16918889777240415
tail10_reclaim25_participation_q67_final_c20,2024-12,-0.07056971567114648
tail10_reclaim25_participation_q67_final_c20,2025-01,-0.038436845808548135
tail10_reclaim25_participation_q67_final_c20,2025-02,-0.08983086142520234
tail10_reclaim25_participation_q67_final_c20,2025-03,0.026923413874690074
tail10_reclaim25_participation_q67_final_c20,2025-04,0.16837494645633677
tail10_reclaim25_participation_q67_final_c20,2025-05,0.026070947626183533
tail10_reclaim25_participation_q67_final_c20,2025-06,0.11173987189150779
tail10_reclaim25_participation_q67_final_c20,2025-07,0.04578781139918771
tail10_reclaim25_participation_q67_final_c20,2025-08,0.09012371968667117
tail10_reclaim25_participation_q67_final_c20,2025-09,0.06349278657122517
tail10_reclaim25_participation_q67_final_c20,2025-10,0.0256147064036105
tail10_reclaim25_participation_q67_final_c20,2025-11,-0.0001370075215135283
tail10_reclaim25_participation_q67_final_c20,2025-12,-0.0189126889365896
tail10_reclaim25_participation_q67_final_c20,2026-01,-0.11855593391012194
tail10_reclaim25_participation_q67_final_c20,2026-02,-0.03576090377463183
tail10_reclaim25_participation_q67_final_c20,2026-03,0.08392595690352245
tail10_reclaim25_participation_q67_final_c20,2026-04,0.031771277880141
tail10_reclaim25_participation_q80_1200_c5,2024-11,-0.017267221550105093
tail10_reclaim25_participation_q80_1200_c5,2024-12,0.01876074690158895
tail10_reclaim25_participation_q80_1200_c5,2025-01,-0.04728417388246786
tail10_reclaim25_participation_q80_1200_c5,2025-02,-0.04713949868123729
tail10_reclaim25_participation_q80_1200_c5,2025-03,0.025050769718062638
tail10_reclaim25_participation_q80_1200_c5,2025-04,0.05758890596951893
tail10_reclaim25_participation_q80_1200_c5,2025-05,0.03125739339364886
tail10_reclaim25_participation_q80_1200_c5,2025-06,0.08650912325761528
tail10_reclaim25_participation_q80_1200_c5,2025-07,0.08309043678357797
tail10_reclaim25_participation_q80_1200_c5,2025-08,0.09674449701405718
tail10_reclaim25_participation_q80_1200_c5,2025-09,0.07181444991827213
tail10_reclaim25_participation_q80_1200_c5,2025-10,0.13027100427019428
tail10_reclaim25_participation_q80_1200_c5,2025-11,-0.007417338047861419
tail10_reclaim25_participation_q80_1200_c5,2025-12,-0.003272333956528757
tail10_reclaim25_participation_q80_1200_c5,2026-01,-0.10567571404944195
tail10_reclaim25_participation_q80_1200_c5,2026-02,-0.008906564751668842
tail10_reclaim25_participation_q80_1200_c5,2026-03,0.07973958201260338
tail10_reclaim25_participation_q80_1200_c5,2026-04,-0.0018686664528125077
tail10_reclaim25_participation_q80_1200_c10,2024-11,-0.028267221550105096
tail10_reclaim25_participation_q80_1200_c10,2024-12,0.010760746901588953
tail10_reclaim25_participation_q80_1200_c10,2025-01,-0.05328417388246786
tail10_reclaim25_participation_q80_1200_c10,2025-02,-0.056139498681237285
tail10_reclaim25_participation_q80_1200_c10,2025-03,0.02105076971806264
tail10_reclaim25_participation_q80_1200_c10,2025-04,0.048588905969518925
tail10_reclaim25_participation_q80_1200_c10,2025-05,0.02825739339364886
tail10_reclaim25_participation_q80_1200_c10,2025-06,0.07950912325761529
tail10_reclaim25_participation_q80_1200_c10,2025-07,0.07209043678357797
tail10_reclaim25_participation_q80_1200_c10,2025-08,0.08774449701405719
tail10_reclaim25_participation_q80_1200_c10,2025-09,0.06681444991827212
tail10_reclaim25_participation_q80_1200_c10,2025-10,0.11827100427019427
tail10_reclaim25_participation_q80_1200_c10,2025-11,-0.016417338047861427
tail10_reclaim25_participation_q80_1200_c10,2025-12,-0.014272333956528755
tail10_reclaim25_participation_q80_1200_c10,2026-01,-0.12067571404944195
tail10_reclaim25_participation_q80_1200_c10,2026-02,-0.018906564751668846
tail10_reclaim25_participation_q80_1200_c10,2026-03,0.07073958201260337
tail10_reclaim25_participation_q80_1200_c10,2026-04,-0.00886866645281251
tail10_reclaim25_participation_q80_1200_c20,2024-11,-0.05026722155010509
tail10_reclaim25_participation_q80_1200_c20,2024-12,-0.005239253098411048
tail10_reclaim25_participation_q80_1200_c20,2025-01,-0.06528417388246786
tail10_reclaim25_participation_q80_1200_c20,2025-02,-0.07413949868123729
tail10_reclaim25_participation_q80_1200_c20,2025-03,0.01305076971806264
tail10_reclaim25_participation_q80_1200_c20,2025-04,0.030588905969518923
tail10_reclaim25_participation_q80_1200_c20,2025-05,0.02225739339364886
tail10_reclaim25_participation_q80_1200_c20,2025-06,0.06550912325761529
tail10_reclaim25_participation_q80_1200_c20,2025-07,0.05009043678357797
tail10_reclaim25_participation_q80_1200_c20,2025-08,0.06974449701405719
tail10_reclaim25_participation_q80_1200_c20,2025-09,0.05681444991827213
tail10_reclaim25_participation_q80_1200_c20,2025-10,0.09427100427019428
tail10_reclaim25_participation_q80_1200_c20,2025-11,-0.03441733804786142
tail10_reclaim25_participation_q80_1200_c20,2025-12,-0.03627233395652875
tail10_reclaim25_participation_q80_1200_c20,2026-01,-0.15067571404944197
tail10_reclaim25_participation_q80_1200_c20,2026-02,-0.03890656475166884
tail10_reclaim25_participation_q80_1200_c20,2026-03,0.052739582012603384
tail10_reclaim25_participation_q80_1200_c20,2026-04,-0.02286866645281251
tail10_reclaim25_participation_q80_final_c5,2024-11,-0.07818316534395417
tail10_reclaim25_participation_q80_final_c5,2024-12,-0.035442580436601756
tail10_reclaim25_participation_q80_final_c5,2025-01,0.007873242912059267
tail10_reclaim25_participation_q80_final_c5,2025-02,-0.09798475305486648
tail10_reclaim25_participation_q80_final_c5,2025-03,0.04084857289207999
tail10_reclaim25_participation_q80_final_c5,2025-04,0.19667069766544798
tail10_reclaim25_participation_q80_final_c5,2025-05,0.04748412806036506
tail10_reclaim25_participation_q80_final_c5,2025-06,0.1357398718915078
tail10_reclaim25_participation_q80_final_c5,2025-07,0.06745785076214406
tail10_reclaim25_participation_q80_final_c5,2025-08,0.09394726373022788
tail10_reclaim25_participation_q80_final_c5,2025-09,0.10783729279750698
tail10_reclaim25_participation_q80_final_c5,2025-10,0.057183773892138745
tail10_reclaim25_participation_q80_final_c5,2025-11,0.03967334490505814
tail10_reclaim25_participation_q80_final_c5,2025-12,0.008416830310602863
tail10_reclaim25_participation_q80_final_c5,2026-01,-0.18209680109072052
tail10_reclaim25_participation_q80_final_c5,2026-02,0.019174246577444355
tail10_reclaim25_participation_q80_final_c5,2026-03,0.11510481899094968
tail10_reclaim25_participation_q80_final_c5,2026-04,0.04552773079624539
tail10_reclaim25_participation_q80_final_c10,2024-11,-0.08918316534395418
tail10_reclaim25_participation_q80_final_c10,2024-12,-0.04444258043660176
tail10_reclaim25_participation_q80_final_c10,2025-01,0.0018732429120592656
tail10_reclaim25_participation_q80_final_c10,2025-02,-0.10798475305486649
tail10_reclaim25_participation_q80_final_c10,2025-03,0.03684857289207999
tail10_reclaim25_participation_q80_final_c10,2025-04,0.18767069766544797
tail10_reclaim25_participation_q80_final_c10,2025-05,0.04148412806036506
tail10_reclaim25_participation_q80_final_c10,2025-06,0.1277398718915078
tail10_reclaim25_participation_q80_final_c10,2025-07,0.05645785076214406
tail10_reclaim25_participation_q80_final_c10,2025-08,0.08394726373022787
tail10_reclaim25_participation_q80_final_c10,2025-09,0.10283729279750697
tail10_reclaim25_participation_q80_final_c10,2025-10,0.045183773892138734
tail10_reclaim25_participation_q80_final_c10,2025-11,0.030673344905058138
tail10_reclaim25_participation_q80_final_c10,2025-12,-0.002583169689397131
tail10_reclaim25_participation_q80_final_c10,2026-01,-0.19709680109072053
tail10_reclaim25_participation_q80_final_c10,2026-02,0.009174246577444353
tail10_reclaim25_participation_q80_final_c10,2026-03,0.10610481899094969
tail10_reclaim25_participation_q80_final_c10,2026-04,0.03852773079624539
tail10_reclaim25_participation_q80_final_c20,2024-11,-0.11118316534395416
tail10_reclaim25_participation_q80_final_c20,2024-12,-0.06244258043660175
tail10_reclaim25_participation_q80_final_c20,2025-01,-0.010126757087940731
tail10_reclaim25_participation_q80_final_c20,2025-02,-0.12798475305486648
tail10_reclaim25_participation_q80_final_c20,2025-03,0.028848572892079993
tail10_reclaim25_participation_q80_final_c20,2025-04,0.16967069766544796
tail10_reclaim25_participation_q80_final_c20,2025-05,0.029484128060365065
tail10_reclaim25_participation_q80_final_c20,2025-06,0.11173987189150779
tail10_reclaim25_participation_q80_final_c20,2025-07,0.03445785076214406
tail10_reclaim25_participation_q80_final_c20,2025-08,0.06394726373022788
tail10_reclaim25_participation_q80_final_c20,2025-09,0.09283729279750698
tail10_reclaim25_participation_q80_final_c20,2025-10,0.021183773892138744
tail10_reclaim25_participation_q80_final_c20,2025-11,0.012673344905058136
tail10_reclaim25_participation_q80_final_c20,2025-12,-0.024583169689397135
tail10_reclaim25_participation_q80_final_c20,2026-01,-0.22709680109072053
tail10_reclaim25_participation_q80_final_c20,2026-02,-0.010825753422555633
tail10_reclaim25_participation_q80_final_c20,2026-03,0.08810481899094968
tail10_reclaim25_participation_q80_final_c20,2026-04,0.024527730796245394
tail10_reclaim25_anomaly_ge1_1200_c5,2024-11,-0.048457836898955914
tail10_reclaim25_anomaly_ge1_1200_c5,2024-12,0.017635339773843763
tail10_reclaim25_anomaly_ge1_1200_c5,2025-01,-0.06116531030920083
tail10_reclaim25_anomaly_ge1_1200_c5,2025-02,0.020223464287637993
tail10_reclaim25_anomaly_ge1_1200_c5,2025-03,-0.03499292762587411
tail10_reclaim25_anomaly_ge1_1200_c5,2025-04,0.07195939725505587
tail10_reclaim25_anomaly_ge1_1200_c5,2025-05,0.13003888716543094
tail10_reclaim25_anomaly_ge1_1200_c5,2025-06,0.06657415678047818
tail10_reclaim25_anomaly_ge1_1200_c5,2025-07,0.012726646999136358
tail10_reclaim25_anomaly_ge1_1200_c5,2025-08,0.0756341553577482
tail10_reclaim25_anomaly_ge1_1200_c5,2025-09,0.03971469529501132
tail10_reclaim25_anomaly_ge1_1200_c5,2025-10,0.16757286793991927
tail10_reclaim25_anomaly_ge1_1200_c5,2025-11,0.02930504180377439
tail10_reclaim25_anomaly_ge1_1200_c5,2025-12,-0.0022184753548575497
tail10_reclaim25_anomaly_ge1_1200_c5,2026-01,-0.08558586356002743
tail10_reclaim25_anomaly_ge1_1200_c5,2026-02,0.0198177939433022
tail10_reclaim25_anomaly_ge1_1200_c5,2026-03,0.07206177823277733
tail10_reclaim25_anomaly_ge1_1200_c5,2026-04,0.0758257993389318
tail10_reclaim25_anomaly_ge1_1200_c10,2024-11,-0.06245783689895592
tail10_reclaim25_anomaly_ge1_1200_c10,2024-12,0.006635339773843766
tail10_reclaim25_anomaly_ge1_1200_c10,2025-01,-0.07416531030920083
tail10_reclaim25_anomaly_ge1_1200_c10,2025-02,0.007223464287637997
tail10_reclaim25_anomaly_ge1_1200_c10,2025-03,-0.04399292762587411
tail10_reclaim25_anomaly_ge1_1200_c10,2025-04,0.060959397255055864
tail10_reclaim25_anomaly_ge1_1200_c10,2025-05,0.12403888716543093
tail10_reclaim25_anomaly_ge1_1200_c10,2025-06,0.05957415678047817
tail10_reclaim25_anomaly_ge1_1200_c10,2025-07,-0.0012733530008636404
tail10_reclaim25_anomaly_ge1_1200_c10,2025-08,0.0626341553577482
tail10_reclaim25_anomaly_ge1_1200_c10,2025-09,0.02571469529501131
tail10_reclaim25_anomaly_ge1_1200_c10,2025-10,0.15057286793991925
tail10_reclaim25_anomaly_ge1_1200_c10,2025-11,0.016305041803774387
tail10_reclaim25_anomaly_ge1_1200_c10,2025-12,-0.01421847535485755
tail10_reclaim25_anomaly_ge1_1200_c10,2026-01,-0.10358586356002743
tail10_reclaim25_anomaly_ge1_1200_c10,2026-02,0.007817793943302204
tail10_reclaim25_anomaly_ge1_1200_c10,2026-03,0.06206177823277733
tail10_reclaim25_anomaly_ge1_1200_c10,2026-04,0.06382579933893179
tail10_reclaim25_anomaly_ge1_1200_c20,2024-11,-0.09045783689895592
tail10_reclaim25_anomaly_ge1_1200_c20,2024-12,-0.015364660226156235
tail10_reclaim25_anomaly_ge1_1200_c20,2025-01,-0.10016531030920084
tail10_reclaim25_anomaly_ge1_1200_c20,2025-02,-0.018776535712362003
tail10_reclaim25_anomaly_ge1_1200_c20,2025-03,-0.061992927625874106
tail10_reclaim25_anomaly_ge1_1200_c20,2025-04,0.038959397255055865
tail10_reclaim25_anomaly_ge1_1200_c20,2025-05,0.11203888716543092
tail10_reclaim25_anomaly_ge1_1200_c20,2025-06,0.04557415678047819
tail10_reclaim25_anomaly_ge1_1200_c20,2025-07,-0.029273353000863638
tail10_reclaim25_anomaly_ge1_1200_c20,2025-08,0.0366341553577482
tail10_reclaim25_anomaly_ge1_1200_c20,2025-09,-0.0022853047049886735
tail10_reclaim25_anomaly_ge1_1200_c20,2025-10,0.11657286793991925
tail10_reclaim25_anomaly_ge1_1200_c20,2025-11,-0.00969495819622562
tail10_reclaim25_anomaly_ge1_1200_c20,2025-12,-0.03821847535485755
tail10_reclaim25_anomaly_ge1_1200_c20,2026-01,-0.13958586356002742
tail10_reclaim25_anomaly_ge1_1200_c20,2026-02,-0.016182206056697793
tail10_reclaim25_anomaly_ge1_1200_c20,2026-03,0.04206177823277734
tail10_reclaim25_anomaly_ge1_1200_c20,2026-04,0.039825799338931794
tail10_reclaim25_anomaly_ge1_final_c5,2024-11,-0.10320537876954726
tail10_reclaim25_anomaly_ge1_final_c5,2024-12,-0.02688372584628599
tail10_reclaim25_anomaly_ge1_final_c5,2025-01,-0.008379537672713336
tail10_reclaim25_anomaly_ge1_final_c5,2025-02,0.04342898562330916
tail10_reclaim25_anomaly_ge1_final_c5,2025-03,-0.009614840215769832
tail10_reclaim25_anomaly_ge1_final_c5,2025-04,0.261384336275099
tail10_reclaim25_anomaly_ge1_final_c5,2025-05,0.14771438283728733
tail10_reclaim25_anomaly_ge1_final_c5,2025-06,0.06657683516560008
tail10_reclaim25_anomaly_ge1_final_c5,2025-07,-0.013005986145958767
tail10_reclaim25_anomaly_ge1_final_c5,2025-08,0.06290449815748182
tail10_reclaim25_anomaly_ge1_final_c5,2025-09,0.09687144033197248
tail10_reclaim25_anomaly_ge1_final_c5,2025-10,0.11889031370996275
tail10_reclaim25_anomaly_ge1_final_c5,2025-11,0.05911859004635561
tail10_reclaim25_anomaly_ge1_final_c5,2025-12,-0.015173170863744817
tail10_reclaim25_anomaly_ge1_final_c5,2026-01,-0.09827153798783192
tail10_reclaim25_anomaly_ge1_final_c5,2026-02,0.013040691801412117
tail10_reclaim25_anomaly_ge1_final_c5,2026-03,0.09687955983032695
tail10_reclaim25_anomaly_ge1_final_c5,2026-04,0.11524178264037271
tail10_reclaim25_anomaly_ge1_final_c10,2024-11,-0.11820537876954727
tail10_reclaim25_anomaly_ge1_final_c10,2024-12,-0.038883725846285994
tail10_reclaim25_anomaly_ge1_final_c10,2025-01,-0.02137953767271333
tail10_reclaim25_anomaly_ge1_final_c10,2025-02,0.02942898562330916
tail10_reclaim25_anomaly_ge1_final_c10,2025-03,-0.02061484021576984
tail10_reclaim25_anomaly_ge1_final_c10,2025-04,0.250384336275099
tail10_reclaim25_anomaly_ge1_final_c10,2025-05,0.13771438283728732
tail10_reclaim25_anomaly_ge1_final_c10,2025-06,0.05857683516560007
tail10_reclaim25_anomaly_ge1_final_c10,2025-07,-0.02700598614595876
tail10_reclaim25_anomaly_ge1_final_c10,2025-08,0.04890449815748181
tail10_reclaim25_anomaly_ge1_final_c10,2025-09,0.08287144033197248
tail10_reclaim25_anomaly_ge1_final_c10,2025-10,0.10189031370996274
tail10_reclaim25_anomaly_ge1_final_c10,2025-11,0.04411859004635561
tail10_reclaim25_anomaly_ge1_final_c10,2025-12,-0.027173170863744815
tail10_reclaim25_anomaly_ge1_final_c10,2026-01,-0.11627153798783191
tail10_reclaim25_anomaly_ge1_final_c10,2026-02,0.0010406918014121101
tail10_reclaim25_anomaly_ge1_final_c10,2026-03,0.08587955983032695
tail10_reclaim25_anomaly_ge1_final_c10,2026-04,0.1032417826403727
tail10_reclaim25_anomaly_ge1_final_c20,2024-11,-0.14820537876954726
tail10_reclaim25_anomaly_ge1_final_c20,2024-12,-0.06288372584628599
tail10_reclaim25_anomaly_ge1_final_c20,2025-01,-0.04737953767271333
tail10_reclaim25_anomaly_ge1_final_c20,2025-02,0.0014289856233091515
tail10_reclaim25_anomaly_ge1_final_c20,2025-03,-0.04261484021576984
tail10_reclaim25_anomaly_ge1_final_c20,2025-04,0.22838433627509896
tail10_reclaim25_anomaly_ge1_final_c20,2025-05,0.11771438283728733
tail10_reclaim25_anomaly_ge1_final_c20,2025-06,0.04257683516560007
tail10_reclaim25_anomaly_ge1_final_c20,2025-07,-0.055005986145958766
tail10_reclaim25_anomaly_ge1_final_c20,2025-08,0.020904498157481816
tail10_reclaim25_anomaly_ge1_final_c20,2025-09,0.054871440331972485
tail10_reclaim25_anomaly_ge1_final_c20,2025-10,0.06789031370996274
tail10_reclaim25_anomaly_ge1_final_c20,2025-11,0.014118590046355607
tail10_reclaim25_anomaly_ge1_final_c20,2025-12,-0.051173170863744816
tail10_reclaim25_anomaly_ge1_final_c20,2026-01,-0.1522715379878319
tail10_reclaim25_anomaly_ge1_final_c20,2026-02,-0.022959308198587876
tail10_reclaim25_anomaly_ge1_final_c20,2026-03,0.06387955983032695
tail10_reclaim25_anomaly_ge1_final_c20,2026-04,0.07924178264037271
tail10_reclaim25_anomaly_ge1_5_1200_c5,2024-11,-0.01301113630024514
tail10_reclaim25_anomaly_ge1_5_1200_c5,2024-12,0.009308285995835667
tail10_reclaim25_anomaly_ge1_5_1200_c5,2025-01,-0.06808987599615875
tail10_reclaim25_anomaly_ge1_5_1200_c5,2025-02,-0.03337546078959702
tail10_reclaim25_anomaly_ge1_5_1200_c5,2025-03,-0.015586065637646694
tail10_reclaim25_anomaly_ge1_5_1200_c5,2025-04,0.07534538864229523
tail10_reclaim25_anomaly_ge1_5_1200_c5,2025-05,0.029017478919471706
tail10_reclaim25_anomaly_ge1_5_1200_c5,2025-06,0.08362799506806662
tail10_reclaim25_anomaly_ge1_5_1200_c5,2025-07,-0.008184835343872428
tail10_reclaim25_anomaly_ge1_5_1200_c5,2025-08,0.09801306839649004
tail10_reclaim25_anomaly_ge1_5_1200_c5,2025-09,0.045672573593503296
tail10_reclaim25_anomaly_ge1_5_1200_c5,2025-10,0.14988485241271843
tail10_reclaim25_anomaly_ge1_5_1200_c5,2025-11,-0.01936022022294165
tail10_reclaim25_anomaly_ge1_5_1200_c5,2025-12,-0.007700732593654416
tail10_reclaim25_anomaly_ge1_5_1200_c5,2026-01,-0.08549194249270786
tail10_reclaim25_anomaly_ge1_5_1200_c5,2026-02,-0.004040397796398398
tail10_reclaim25_anomaly_ge1_5_1200_c5,2026-03,0.08539672859146286
tail10_reclaim25_anomaly_ge1_5_1200_c5,2026-04,0.05052773985513209
tail10_reclaim25_anomaly_ge1_5_1200_c10,2024-11,-0.024011136300245144
tail10_reclaim25_anomaly_ge1_5_1200_c10,2024-12,0.0033082859958356668
tail10_reclaim25_anomaly_ge1_5_1200_c10,2025-01,-0.07608987599615874
tail10_reclaim25_anomaly_ge1_5_1200_c10,2025-02,-0.04437546078959702
tail10_reclaim25_anomaly_ge1_5_1200_c10,2025-03,-0.023586065637646696
tail10_reclaim25_anomaly_ge1_5_1200_c10,2025-04,0.06934538864229522
tail10_reclaim25_anomaly_ge1_5_1200_c10,2025-05,0.027017478919471705
tail10_reclaim25_anomaly_ge1_5_1200_c10,2025-06,0.07862799506806661
tail10_reclaim25_anomaly_ge1_5_1200_c10,2025-07,-0.018184835343872427
tail10_reclaim25_anomaly_ge1_5_1200_c10,2025-08,0.08601306839649005
tail10_reclaim25_anomaly_ge1_5_1200_c10,2025-09,0.03267257359350329
tail10_reclaim25_anomaly_ge1_5_1200_c10,2025-10,0.13688485241271844
tail10_reclaim25_anomaly_ge1_5_1200_c10,2025-11,-0.028360220222941657
tail10_reclaim25_anomaly_ge1_5_1200_c10,2025-12,-0.015700732593654416
tail10_reclaim25_anomaly_ge1_5_1200_c10,2026-01,-0.09949194249270786
tail10_reclaim25_anomaly_ge1_5_1200_c10,2026-02,-0.013040397796398404
tail10_reclaim25_anomaly_ge1_5_1200_c10,2026-03,0.07639672859146286
tail10_reclaim25_anomaly_ge1_5_1200_c10,2026-04,0.04552773985513209
tail10_reclaim25_anomaly_ge1_5_1200_c20,2024-11,-0.046011136300245135
tail10_reclaim25_anomaly_ge1_5_1200_c20,2024-12,-0.008691714004164332
tail10_reclaim25_anomaly_ge1_5_1200_c20,2025-01,-0.09208987599615875
tail10_reclaim25_anomaly_ge1_5_1200_c20,2025-02,-0.06637546078959702
tail10_reclaim25_anomaly_ge1_5_1200_c20,2025-03,-0.03958606563764669
tail10_reclaim25_anomaly_ge1_5_1200_c20,2025-04,0.05734538864229523
tail10_reclaim25_anomaly_ge1_5_1200_c20,2025-05,0.023017478919471708
tail10_reclaim25_anomaly_ge1_5_1200_c20,2025-06,0.06862799506806662
tail10_reclaim25_anomaly_ge1_5_1200_c20,2025-07,-0.03818483534387243
tail10_reclaim25_anomaly_ge1_5_1200_c20,2025-08,0.06201306839649005
tail10_reclaim25_anomaly_ge1_5_1200_c20,2025-09,0.006672573593503307
tail10_reclaim25_anomaly_ge1_5_1200_c20,2025-10,0.11088485241271843
tail10_reclaim25_anomaly_ge1_5_1200_c20,2025-11,-0.04636022022294166
tail10_reclaim25_anomaly_ge1_5_1200_c20,2025-12,-0.03170073259365441
tail10_reclaim25_anomaly_ge1_5_1200_c20,2026-01,-0.12749194249270784
tail10_reclaim25_anomaly_ge1_5_1200_c20,2026-02,-0.0310403977963984
tail10_reclaim25_anomaly_ge1_5_1200_c20,2026-03,0.05839672859146286
tail10_reclaim25_anomaly_ge1_5_1200_c20,2026-04,0.03552773985513209
tail10_reclaim25_anomaly_ge1_5_final_c5,2024-11,-0.08077226778347829
tail10_reclaim25_anomaly_ge1_5_final_c5,2024-12,-0.036282509787139344
tail10_reclaim25_anomaly_ge1_5_final_c5,2025-01,-0.007208020838086266
tail10_reclaim25_anomaly_ge1_5_final_c5,2025-02,-0.030155457278816467
tail10_reclaim25_anomaly_ge1_5_final_c5,2025-03,0.04345209439826475
tail10_reclaim25_anomaly_ge1_5_final_c5,2025-04,0.15410366032321438
tail10_reclaim25_anomaly_ge1_5_final_c5,2025-05,0.051799773173021535
tail10_reclaim25_anomaly_ge1_5_final_c5,2025-06,0.12150225647125157
tail10_reclaim25_anomaly_ge1_5_final_c5,2025-07,-0.010204043995977515
tail10_reclaim25_anomaly_ge1_5_final_c5,2025-08,0.07233377332136992
tail10_reclaim25_anomaly_ge1_5_final_c5,2025-09,0.10693102408363309
tail10_reclaim25_anomaly_ge1_5_final_c5,2025-10,0.11283471455276384
tail10_reclaim25_anomaly_ge1_5_final_c5,2025-11,0.046995532257217504
tail10_reclaim25_anomaly_ge1_5_final_c5,2025-12,-0.015558133074369457
tail10_reclaim25_anomaly_ge1_5_final_c5,2026-01,-0.0541293395818114
tail10_reclaim25_anomaly_ge1_5_final_c5,2026-02,-0.0026985895275294727
tail10_reclaim25_anomaly_ge1_5_final_c5,2026-03,0.142686267094151
tail10_reclaim25_anomaly_ge1_5_final_c5,2026-04,0.06721163353000681
tail10_reclaim25_anomaly_ge1_5_final_c10,2024-11,-0.09277226778347829
tail10_reclaim25_anomaly_ge1_5_final_c10,2024-12,-0.04328250978713935
tail10_reclaim25_anomaly_ge1_5_final_c10,2025-01,-0.015208020838086264
tail10_reclaim25_anomaly_ge1_5_final_c10,2025-02,-0.04215545727881646
tail10_reclaim25_anomaly_ge1_5_final_c10,2025-03,0.03445209439826475
tail10_reclaim25_anomaly_ge1_5_final_c10,2025-04,0.14810366032321437
tail10_reclaim25_anomaly_ge1_5_final_c10,2025-05,0.04779977317302153
tail10_reclaim25_anomaly_ge1_5_final_c10,2025-06,0.11550225647125156
tail10_reclaim25_anomaly_ge1_5_final_c10,2025-07,-0.020204043995977514
tail10_reclaim25_anomaly_ge1_5_final_c10,2025-08,0.05933377332136991
tail10_reclaim25_anomaly_ge1_5_final_c10,2025-09,0.09393102408363309
tail10_reclaim25_anomaly_ge1_5_final_c10,2025-10,0.09983471455276384
tail10_reclaim25_anomaly_ge1_5_final_c10,2025-11,0.037995532257217496
tail10_reclaim25_anomaly_ge1_5_final_c10,2025-12,-0.02355813307436945
tail10_reclaim25_anomaly_ge1_5_final_c10,2026-01,-0.06812933958181139
tail10_reclaim25_anomaly_ge1_5_final_c10,2026-02,-0.011698589527529479
tail10_reclaim25_anomaly_ge1_5_final_c10,2026-03,0.132686267094151
tail10_reclaim25_anomaly_ge1_5_final_c10,2026-04,0.062211633530006805
tail10_reclaim25_anomaly_ge1_5_final_c20,2024-11,-0.1167722677834783
tail10_reclaim25_anomaly_ge1_5_final_c20,2024-12,-0.057282509787139335
tail10_reclaim25_anomaly_ge1_5_final_c20,2025-01,-0.031208020838086263
tail10_reclaim25_anomaly_ge1_5_final_c20,2025-02,-0.06615545727881647
tail10_reclaim25_anomaly_ge1_5_final_c20,2025-03,0.01645209439826475
tail10_reclaim25_anomaly_ge1_5_final_c20,2025-04,0.13610366032321436
tail10_reclaim25_anomaly_ge1_5_final_c20,2025-05,0.03979977317302154
tail10_reclaim25_anomaly_ge1_5_final_c20,2025-06,0.10350225647125158
tail10_reclaim25_anomaly_ge1_5_final_c20,2025-07,-0.04020404399597752
tail10_reclaim25_anomaly_ge1_5_final_c20,2025-08,0.03333377332136993
tail10_reclaim25_anomaly_ge1_5_final_c20,2025-09,0.0679310240836331
tail10_reclaim25_anomaly_ge1_5_final_c20,2025-10,0.07383471455276383
tail10_reclaim25_anomaly_ge1_5_final_c20,2025-11,0.019995532257217497
tail10_reclaim25_anomaly_ge1_5_final_c20,2025-12,-0.03955813307436945
tail10_reclaim25_anomaly_ge1_5_final_c20,2026-01,-0.0961293395818114
tail10_reclaim25_anomaly_ge1_5_final_c20,2026-02,-0.02969858952752947
tail10_reclaim25_anomaly_ge1_5_final_c20,2026-03,0.112686267094151
tail10_reclaim25_anomaly_ge1_5_final_c20,2026-04,0.05221163353000681
tail10_reclaim25_anomaly_ge2_1200_c5,2024-11,-0.07070429077759743
tail10_reclaim25_anomaly_ge2_1200_c5,2024-12,0.02706696373988449
tail10_reclaim25_anomaly_ge2_1200_c5,2025-01,-0.05162313989931
tail10_reclaim25_anomaly_ge2_1200_c5,2025-02,-0.04077358167691286
tail10_reclaim25_anomaly_ge2_1200_c5,2025-03,0.02544281298458395
tail10_reclaim25_anomaly_ge2_1200_c5,2025-04,0.08779006134386758
tail10_reclaim25_anomaly_ge2_1200_c5,2025-05,0.0052075215224286495
tail10_reclaim25_anomaly_ge2_1200_c5,2025-06,0.0
tail10_reclaim25_anomaly_ge2_1200_c5,2025-07,-0.0012200753264851585
tail10_reclaim25_anomaly_ge2_1200_c5,2025-08,0.1177886104738366
tail10_reclaim25_anomaly_ge2_1200_c5,2025-09,0.03588158776040995
tail10_reclaim25_anomaly_ge2_1200_c5,2025-10,0.09773078618939268
tail10_reclaim25_anomaly_ge2_1200_c5,2025-11,-0.012839360662362312
tail10_reclaim25_anomaly_ge2_1200_c5,2025-12,-0.02256687134756546
tail10_reclaim25_anomaly_ge2_1200_c5,2026-01,-0.08406617746014139
tail10_reclaim25_anomaly_ge2_1200_c5,2026-02,0.014022381108088587
tail10_reclaim25_anomaly_ge2_1200_c5,2026-03,0.005888752913358554
tail10_reclaim25_anomaly_ge2_1200_c5,2026-04,0.010378698195853742
tail10_reclaim25_anomaly_ge2_1200_c10,2024-11,-0.07970429077759744
tail10_reclaim25_anomaly_ge2_1200_c10,2024-12,0.02206696373988449
tail10_reclaim25_anomaly_ge2_1200_c10,2025-01,-0.05662313989931
tail10_reclaim25_anomaly_ge2_1200_c10,2025-02,-0.04777358167691286
tail10_reclaim25_anomaly_ge2_1200_c10,2025-03,0.022442812984583952
tail10_reclaim25_anomaly_ge2_1200_c10,2025-04,0.08379006134386757
tail10_reclaim25_anomaly_ge2_1200_c10,2025-05,0.0042075215224286495
tail10_reclaim25_anomaly_ge2_1200_c10,2025-06,0.0
tail10_reclaim25_anomaly_ge2_1200_c10,2025-07,-0.005220075326485161
tail10_reclaim25_anomaly_ge2_1200_c10,2025-08,0.11178861047383659
tail10_reclaim25_anomaly_ge2_1200_c10,2025-09,0.025881587760409948
tail10_reclaim25_anomaly_ge2_1200_c10,2025-10,0.09073078618939268
tail10_reclaim25_anomaly_ge2_1200_c10,2025-11,-0.02083936066236232
tail10_reclaim25_anomaly_ge2_1200_c10,2025-12,-0.027566871347565462
tail10_reclaim25_anomaly_ge2_1200_c10,2026-01,-0.0930661774601414
tail10_reclaim25_anomaly_ge2_1200_c10,2026-02,0.007022381108088583
tail10_reclaim25_anomaly_ge2_1200_c10,2026-03,0.0018887529133585542
tail10_reclaim25_anomaly_ge2_1200_c10,2026-04,0.0063786981958537416
tail10_reclaim25_anomaly_ge2_1200_c20,2024-11,-0.09770429077759743
tail10_reclaim25_anomaly_ge2_1200_c20,2024-12,0.012066963739884492
tail10_reclaim25_anomaly_ge2_1200_c20,2025-01,-0.06662313989931
tail10_reclaim25_anomaly_ge2_1200_c20,2025-02,-0.06177358167691286
tail10_reclaim25_anomaly_ge2_1200_c20,2025-03,0.016442812984583954
tail10_reclaim25_anomaly_ge2_1200_c20,2025-04,0.07579006134386757
tail10_reclaim25_anomaly_ge2_1200_c20,2025-05,0.0022075215224286494
tail10_reclaim25_anomaly_ge2_1200_c20,2025-06,0.0
tail10_reclaim25_anomaly_ge2_1200_c20,2025-07,-0.013220075326485156
tail10_reclaim25_anomaly_ge2_1200_c20,2025-08,0.0997886104738366
tail10_reclaim25_anomaly_ge2_1200_c20,2025-09,0.005881587760409958
tail10_reclaim25_anomaly_ge2_1200_c20,2025-10,0.07673078618939268
tail10_reclaim25_anomaly_ge2_1200_c20,2025-11,-0.03683936066236232
tail10_reclaim25_anomaly_ge2_1200_c20,2025-12,-0.037566871347565464
tail10_reclaim25_anomaly_ge2_1200_c20,2026-01,-0.11106617746014139
tail10_reclaim25_anomaly_ge2_1200_c20,2026-02,-0.006977618891911411
tail10_reclaim25_anomaly_ge2_1200_c20,2026-03,-0.006111247086641444
tail10_reclaim25_anomaly_ge2_1200_c20,2026-04,-0.0016213018041462551
tail10_reclaim25_anomaly_ge2_final_c5,2024-11,-0.08981902282009746
tail10_reclaim25_anomaly_ge2_final_c5,2024-12,-0.027244496086163937
tail10_reclaim25_anomaly_ge2_final_c5,2025-01,-0.011609225299597403
tail10_reclaim25_anomaly_ge2_final_c5,2025-02,-0.052874351654773666
tail10_reclaim25_anomaly_ge2_final_c5,2025-03,0.04189361167559846
tail10_reclaim25_anomaly_ge2_final_c5,2025-04,0.16211255243088168
tail10_reclaim25_anomaly_ge2_final_c5,2025-05,0.02387062100395254
tail10_reclaim25_anomaly_ge2_final_c5,2025-06,0.0
tail10_reclaim25_anomaly_ge2_final_c5,2025-07,-0.004991695060770573
tail10_reclaim25_anomaly_ge2_final_c5,2025-08,0.13622347657273715
tail10_reclaim25_anomaly_ge2_final_c5,2025-09,0.06392080372157172
tail10_reclaim25_anomaly_ge2_final_c5,2025-10,0.022107370599520948
tail10_reclaim25_anomaly_ge2_final_c5,2025-11,0.055585395183756645
tail10_reclaim25_anomaly_ge2_final_c5,2025-12,-0.011409520950331651
tail10_reclaim25_anomaly_ge2_final_c5,2026-01,-0.042139419267506306
tail10_reclaim25_anomaly_ge2_final_c5,2026-02,0.0488192491979557
tail10_reclaim25_anomaly_ge2_final_c5,2026-03,0.06728879819636929
tail10_reclaim25_anomaly_ge2_final_c5,2026-04,0.038872326877095964
tail10_reclaim25_anomaly_ge2_final_c10,2024-11,-0.09881902282009745
tail10_reclaim25_anomaly_ge2_final_c10,2024-12,-0.033244496086163935
tail10_reclaim25_anomaly_ge2_final_c10,2025-01,-0.0166092252995974
tail10_reclaim25_anomaly_ge2_final_c10,2025-02,-0.060874351654773666
tail10_reclaim25_anomaly_ge2_final_c10,2025-03,0.03889361167559846
tail10_reclaim25_anomaly_ge2_final_c10,2025-04,0.15811255243088168
tail10_reclaim25_anomaly_ge2_final_c10,2025-05,0.021870621003952543
tail10_reclaim25_anomaly_ge2_final_c10,2025-06,0.0
tail10_reclaim25_anomaly_ge2_final_c10,2025-07,-0.008991695060770572
tail10_reclaim25_anomaly_ge2_final_c10,2025-08,0.13022347657273714
tail10_reclaim25_anomaly_ge2_final_c10,2025-09,0.05392080372157171
tail10_reclaim25_anomaly_ge2_final_c10,2025-10,0.015107370599520945
tail10_reclaim25_anomaly_ge2_final_c10,2025-11,0.04758539518375664
tail10_reclaim25_anomaly_ge2_final_c10,2025-12,-0.01640952095033165
tail10_reclaim25_anomaly_ge2_final_c10,2026-01,-0.0511394192675063
tail10_reclaim25_anomaly_ge2_final_c10,2026-02,0.041819249197955696
tail10_reclaim25_anomaly_ge2_final_c10,2026-03,0.06228879819636929
tail10_reclaim25_anomaly_ge2_final_c10,2026-04,0.03487232687709596
tail10_reclaim25_anomaly_ge2_final_c20,2024-11,-0.11681902282009746
tail10_reclaim25_anomaly_ge2_final_c20,2024-12,-0.04524449608616393
tail10_reclaim25_anomaly_ge2_final_c20,2025-01,-0.0266092252995974
tail10_reclaim25_anomaly_ge2_final_c20,2025-02,-0.07687435165477366
tail10_reclaim25_anomaly_ge2_final_c20,2025-03,0.03289361167559846
tail10_reclaim25_anomaly_ge2_final_c20,2025-04,0.15011255243088167
tail10_reclaim25_anomaly_ge2_final_c20,2025-05,0.017870621003952543
tail10_reclaim25_anomaly_ge2_final_c20,2025-06,0.0
tail10_reclaim25_anomaly_ge2_final_c20,2025-07,-0.01699169506077057
tail10_reclaim25_anomaly_ge2_final_c20,2025-08,0.11822347657273714
tail10_reclaim25_anomaly_ge2_final_c20,2025-09,0.03392080372157172
tail10_reclaim25_anomaly_ge2_final_c20,2025-10,0.0011073705995209432
tail10_reclaim25_anomaly_ge2_final_c20,2025-11,0.03158539518375664
tail10_reclaim25_anomaly_ge2_final_c20,2025-12,-0.02640952095033165
tail10_reclaim25_anomaly_ge2_final_c20,2026-01,-0.0691394192675063
tail10_reclaim25_anomaly_ge2_final_c20,2026-02,0.027819249197955705
tail10_reclaim25_anomaly_ge2_final_c20,2026-03,0.05228879819636929
tail10_reclaim25_anomaly_ge2_final_c20,2026-04,0.026872326877095967
tail10_reclaim50_all_1200_c5,2024-11,-0.029131115096549778
tail10_reclaim50_all_1200_c5,2024-12,-0.04462383919790324
tail10_reclaim50_all_1200_c5,2025-01,-0.04005158997734104
tail10_reclaim50_all_1200_c5,2025-02,-0.014268577769992019
tail10_reclaim50_all_1200_c5,2025-03,-0.052192187477074214
tail10_reclaim50_all_1200_c5,2025-04,-0.0571073733364457
tail10_reclaim50_all_1200_c5,2025-05,0.029012237791241513
tail10_reclaim50_all_1200_c5,2025-06,0.05384989221356479
tail10_reclaim50_all_1200_c5,2025-07,0.007287001831808322
tail10_reclaim50_all_1200_c5,2025-08,0.07538113599229906
tail10_reclaim50_all_1200_c5,2025-09,-0.018430046572717903
tail10_reclaim50_all_1200_c5,2025-10,0.10831552042584003
tail10_reclaim50_all_1200_c5,2025-11,-0.05225859613816879
tail10_reclaim50_all_1200_c5,2025-12,0.0061050876217778865
tail10_reclaim50_all_1200_c5,2026-01,-0.02360495889975335
tail10_reclaim50_all_1200_c5,2026-02,0.035384555683279584
tail10_reclaim50_all_1200_c5,2026-03,0.036074075285767115
tail10_reclaim50_all_1200_c5,2026-04,0.049403806109868775
tail10_reclaim50_all_1200_c10,2024-11,-0.04113111509654978
tail10_reclaim50_all_1200_c10,2024-12,-0.05462383919790324
tail10_reclaim50_all_1200_c10,2025-01,-0.04805158997734104
tail10_reclaim50_all_1200_c10,2025-02,-0.019268577769992017
tail10_reclaim50_all_1200_c10,2025-03,-0.05819218747707421
tail10_reclaim50_all_1200_c10,2025-04,-0.062107373336445705
tail10_reclaim50_all_1200_c10,2025-05,0.025012237791241516
tail10_reclaim50_all_1200_c10,2025-06,0.04484989221356479
tail10_reclaim50_all_1200_c10,2025-07,-0.0007129981681916753
tail10_reclaim50_all_1200_c10,2025-08,0.06838113599229906
tail10_reclaim50_all_1200_c10,2025-09,-0.0274300465727179
tail10_reclaim50_all_1200_c10,2025-10,0.09731552042584003
tail10_reclaim50_all_1200_c10,2025-11,-0.062258596138168795
tail10_reclaim50_all_1200_c10,2025-12,-0.006894912378222113
tail10_reclaim50_all_1200_c10,2026-01,-0.03860495889975335
tail10_reclaim50_all_1200_c10,2026-02,0.026384555683279576
tail10_reclaim50_all_1200_c10,2026-03,0.026074075285767113
tail10_reclaim50_all_1200_c10,2026-04,0.037403806109868765
tail10_reclaim50_all_1200_c20,2024-11,-0.06513111509654979
tail10_reclaim50_all_1200_c20,2024-12,-0.07462383919790325
tail10_reclaim50_all_1200_c20,2025-01,-0.06405158997734103
tail10_reclaim50_all_1200_c20,2025-02,-0.02926857776999202
tail10_reclaim50_all_1200_c20,2025-03,-0.07019218747707422
tail10_reclaim50_all_1200_c20,2025-04,-0.07210737333644571
tail10_reclaim50_all_1200_c20,2025-05,0.017012237791241516
tail10_reclaim50_all_1200_c20,2025-06,0.026849892213564795
tail10_reclaim50_all_1200_c20,2025-07,-0.016712998168191672
tail10_reclaim50_all_1200_c20,2025-08,0.054381135992299066
tail10_reclaim50_all_1200_c20,2025-09,-0.0454300465727179
tail10_reclaim50_all_1200_c20,2025-10,0.07531552042584003
tail10_reclaim50_all_1200_c20,2025-11,-0.0822585961381688
tail10_reclaim50_all_1200_c20,2025-12,-0.03289491237822211
tail10_reclaim50_all_1200_c20,2026-01,-0.06860495889975333
tail10_reclaim50_all_1200_c20,2026-02,0.00838455568327958
tail10_reclaim50_all_1200_c20,2026-03,0.0060740752857671235
tail10_reclaim50_all_1200_c20,2026-04,0.013403806109868775
tail10_reclaim50_all_final_c5,2024-11,-0.0219666451498999
tail10_reclaim50_all_final_c5,2024-12,-0.04989449208123558
tail10_reclaim50_all_final_c5,2025-01,-0.035666925141342176
tail10_reclaim50_all_final_c5,2025-02,-0.02946465898910089
tail10_reclaim50_all_final_c5,2025-03,-0.024447765155311614
tail10_reclaim50_all_final_c5,2025-04,-0.0035566132372306276
tail10_reclaim50_all_final_c5,2025-05,0.03078971075811791
tail10_reclaim50_all_final_c5,2025-06,-0.03752396356845533
tail10_reclaim50_all_final_c5,2025-07,0.0005640274464684212
tail10_reclaim50_all_final_c5,2025-08,0.11969920339355722
tail10_reclaim50_all_final_c5,2025-09,0.0063352802458766
tail10_reclaim50_all_final_c5,2025-10,0.09603395412291583
tail10_reclaim50_all_final_c5,2025-11,-0.033105260481112654
tail10_reclaim50_all_final_c5,2025-12,-0.0015297311341330657
tail10_reclaim50_all_final_c5,2026-01,-0.041143531149627155
tail10_reclaim50_all_final_c5,2026-02,0.002052785860213957
tail10_reclaim50_all_final_c5,2026-03,0.046575515916092644
tail10_reclaim50_all_final_c5,2026-04,0.0668634091484745
tail10_reclaim50_all_final_c10,2024-11,-0.0339666451498999
tail10_reclaim50_all_final_c10,2024-12,-0.05989449208123558
tail10_reclaim50_all_final_c10,2025-01,-0.043666925141342176
tail10_reclaim50_all_final_c10,2025-02,-0.03546465898910089
tail10_reclaim50_all_final_c10,2025-03,-0.033447765155311615
tail10_reclaim50_all_final_c10,2025-04,-0.008556613237230629
tail10_reclaim50_all_final_c10,2025-05,0.025789710758117913
tail10_reclaim50_all_final_c10,2025-06,-0.04752396356845534
tail10_reclaim50_all_final_c10,2025-07,-0.007435972553531576
tail10_reclaim50_all_final_c10,2025-08,0.11169920339355721
tail10_reclaim50_all_final_c10,2025-09,-0.002664719754123402
tail10_reclaim50_all_final_c10,2025-10,0.08403395412291584
tail10_reclaim50_all_final_c10,2025-11,-0.043105260481112656
tail10_reclaim50_all_final_c10,2025-12,-0.01552973113413306
tail10_reclaim50_all_final_c10,2026-01,-0.056143531149627154
tail10_reclaim50_all_final_c10,2026-02,-0.006947214139786046
tail10_reclaim50_all_final_c10,2026-03,0.03657551591609264
tail10_reclaim50_all_final_c10,2026-04,0.05486340914847449
tail10_reclaim50_all_final_c20,2024-11,-0.05796664514989991
tail10_reclaim50_all_final_c20,2024-12,-0.07989449208123559
tail10_reclaim50_all_final_c20,2025-01,-0.05966692514134217
tail10_reclaim50_all_final_c20,2025-02,-0.04746465898910089
tail10_reclaim50_all_final_c20,2025-03,-0.05144776515531162
tail10_reclaim50_all_final_c20,2025-04,-0.018556613237230634
tail10_reclaim50_all_final_c20,2025-05,0.015789710758117914
tail10_reclaim50_all_final_c20,2025-06,-0.06752396356845534
tail10_reclaim50_all_final_c20,2025-07,-0.023435972553531574
tail10_reclaim50_all_final_c20,2025-08,0.09569920339355723
tail10_reclaim50_all_final_c20,2025-09,-0.0206647197541234
tail10_reclaim50_all_final_c20,2025-10,0.06003395412291584
tail10_reclaim50_all_final_c20,2025-11,-0.06310526048111266
tail10_reclaim50_all_final_c20,2025-12,-0.04352973113413306
tail10_reclaim50_all_final_c20,2026-01,-0.08614353114962715
tail10_reclaim50_all_final_c20,2026-02,-0.02494721413978604
tail10_reclaim50_all_final_c20,2026-03,0.016575515916092638
tail10_reclaim50_all_final_c20,2026-04,0.030863409148474474
tail10_reclaim50_participation_q50_1200_c5,2024-11,-0.021675281742525622
tail10_reclaim50_participation_q50_1200_c5,2024-12,-0.03389211345433107
tail10_reclaim50_participation_q50_1200_c5,2025-01,-0.0069466322048463685
tail10_reclaim50_participation_q50_1200_c5,2025-02,-0.017568467516408837
tail10_reclaim50_participation_q50_1200_c5,2025-03,0.0019887528187936283
tail10_reclaim50_participation_q50_1200_c5,2025-04,-0.014615461696084464
tail10_reclaim50_participation_q50_1200_c5,2025-05,0.013138009136467456
tail10_reclaim50_participation_q50_1200_c5,2025-06,0.07302063586410623
tail10_reclaim50_participation_q50_1200_c5,2025-07,-0.014353163289709404
tail10_reclaim50_participation_q50_1200_c5,2025-08,0.09568316808914701
tail10_reclaim50_participation_q50_1200_c5,2025-09,0.00648177619150381
tail10_reclaim50_participation_q50_1200_c5,2025-10,0.17826881214311746
tail10_reclaim50_participation_q50_1200_c5,2025-11,-0.005181126055052382
tail10_reclaim50_participation_q50_1200_c5,2025-12,0.0025721259275710805
tail10_reclaim50_participation_q50_1200_c5,2026-01,-0.009168657335645314
tail10_reclaim50_participation_q50_1200_c5,2026-02,-0.06535258635262431
tail10_reclaim50_participation_q50_1200_c5,2026-03,0.0049086857537378945
tail10_reclaim50_participation_q50_1200_c5,2026-04,0.022022898239595357
tail10_reclaim50_participation_q50_1200_c10,2024-11,-0.031675281742525624
tail10_reclaim50_participation_q50_1200_c10,2024-12,-0.04089211345433107
tail10_reclaim50_participation_q50_1200_c10,2025-01,-0.012946632204846367
tail10_reclaim50_participation_q50_1200_c10,2025-02,-0.021568467516408837
tail10_reclaim50_participation_q50_1200_c10,2025-03,-1.1247181206371776e-05
tail10_reclaim50_participation_q50_1200_c10,2025-04,-0.018615461696084464
tail10_reclaim50_participation_q50_1200_c10,2025-05,0.010138009136467455
tail10_reclaim50_participation_q50_1200_c10,2025-06,0.06602063586410624
tail10_reclaim50_participation_q50_1200_c10,2025-07,-0.020353163289709403
tail10_reclaim50_participation_q50_1200_c10,2025-08,0.091683168089147
tail10_reclaim50_participation_q50_1200_c10,2025-09,0.002481776191503809
tail10_reclaim50_participation_q50_1200_c10,2025-10,0.16726881214311745
tail10_reclaim50_participation_q50_1200_c10,2025-11,-0.013181126055052384
tail10_reclaim50_participation_q50_1200_c10,2025-12,-0.007427874072428919
tail10_reclaim50_participation_q50_1200_c10,2026-01,-0.023168657335645312
tail10_reclaim50_participation_q50_1200_c10,2026-02,-0.07135258635262431
tail10_reclaim50_participation_q50_1200_c10,2026-03,-0.003091314246262109
tail10_reclaim50_participation_q50_1200_c10,2026-04,0.012022898239595351
tail10_reclaim50_participation_q50_1200_c20,2024-11,-0.05167528174252562
tail10_reclaim50_participation_q50_1200_c20,2024-12,-0.054892113454331065
tail10_reclaim50_participation_q50_1200_c20,2025-01,-0.024946632204846365
tail10_reclaim50_participation_q50_1200_c20,2025-02,-0.029568467516408837
tail10_reclaim50_participation_q50_1200_c20,2025-03,-0.004011247181206372
tail10_reclaim50_participation_q50_1200_c20,2025-04,-0.02661546169608446
tail10_reclaim50_participation_q50_1200_c20,2025-05,0.004138009136467457
tail10_reclaim50_participation_q50_1200_c20,2025-06,0.05202063586410624
tail10_reclaim50_participation_q50_1200_c20,2025-07,-0.0323531632897094
tail10_reclaim50_participation_q50_1200_c20,2025-08,0.08368316808914701
tail10_reclaim50_participation_q50_1200_c20,2025-09,-0.005518223808496189
tail10_reclaim50_participation_q50_1200_c20,2025-10,0.14526881214311746
tail10_reclaim50_participation_q50_1200_c20,2025-11,-0.029181126055052384
tail10_reclaim50_participation_q50_1200_c20,2025-12,-0.02742787407242892
tail10_reclaim50_participation_q50_1200_c20,2026-01,-0.05116865733564531
tail10_reclaim50_participation_q50_1200_c20,2026-02,-0.08335258635262431
tail10_reclaim50_participation_q50_1200_c20,2026-03,-0.019091314246262103
tail10_reclaim50_participation_q50_1200_c20,2026-04,-0.007977101760404642
tail10_reclaim50_participation_q50_final_c5,2024-11,-0.030650992197877255
tail10_reclaim50_participation_q50_final_c5,2024-12,-0.04118962067445109
tail10_reclaim50_participation_q50_final_c5,2025-01,0.005076420892784483
tail10_reclaim50_participation_q50_final_c5,2025-02,-0.01407621903177625
tail10_reclaim50_participation_q50_final_c5,2025-03,-0.027185028629473473
tail10_reclaim50_participation_q50_final_c5,2025-04,0.019773200813991698
tail10_reclaim50_participation_q50_final_c5,2025-05,0.02054556867596391
tail10_reclaim50_participation_q50_final_c5,2025-06,0.07757610482872723
tail10_reclaim50_participation_q50_final_c5,2025-07,-0.014214318770737049
tail10_reclaim50_participation_q50_final_c5,2025-08,0.12724540061450118
tail10_reclaim50_participation_q50_final_c5,2025-09,0.0035827298902008087
tail10_reclaim50_participation_q50_final_c5,2025-10,0.16423500739326385
tail10_reclaim50_participation_q50_final_c5,2025-11,0.04740294269008033
tail10_reclaim50_participation_q50_final_c5,2025-12,0.01849829988192818
tail10_reclaim50_participation_q50_final_c5,2026-01,-0.031751115225044924
tail10_reclaim50_participation_q50_final_c5,2026-02,-0.030659769368047818
tail10_reclaim50_participation_q50_final_c5,2026-03,0.03357298479699208
tail10_reclaim50_participation_q50_final_c5,2026-04,0.04788854595415876
tail10_reclaim50_participation_q50_final_c10,2024-11,-0.04065099219787726
tail10_reclaim50_participation_q50_final_c10,2024-12,-0.04818962067445109
tail10_reclaim50_participation_q50_final_c10,2025-01,-0.0009235791072155133
tail10_reclaim50_participation_q50_final_c10,2025-02,-0.01807621903177625
tail10_reclaim50_participation_q50_final_c10,2025-03,-0.030185028629473476
tail10_reclaim50_participation_q50_final_c10,2025-04,0.0157732008139917
tail10_reclaim50_participation_q50_final_c10,2025-05,0.016545568675963913
tail10_reclaim50_participation_q50_final_c10,2025-06,0.06957610482872724
tail10_reclaim50_participation_q50_final_c10,2025-07,-0.02021431877073705
tail10_reclaim50_participation_q50_final_c10,2025-08,0.12224540061450118
tail10_reclaim50_participation_q50_final_c10,2025-09,-0.0004172701097991914
tail10_reclaim50_participation_q50_final_c10,2025-10,0.15323500739326384
tail10_reclaim50_participation_q50_final_c10,2025-11,0.039402942690080336
tail10_reclaim50_participation_q50_final_c10,2025-12,0.00849829988192818
tail10_reclaim50_participation_q50_final_c10,2026-01,-0.04575111522504492
tail10_reclaim50_participation_q50_final_c10,2026-02,-0.036659769368047816
tail10_reclaim50_participation_q50_final_c10,2026-03,0.025572984796992076
tail10_reclaim50_participation_q50_final_c10,2026-04,0.037888545954158755
tail10_reclaim50_participation_q50_final_c20,2024-11,-0.06065099219787726
tail10_reclaim50_participation_q50_final_c20,2024-12,-0.06218962067445108
tail10_reclaim50_participation_q50_final_c20,2025-01,-0.012923579107215512
tail10_reclaim50_participation_q50_final_c20,2025-02,-0.02607621903177625
tail10_reclaim50_participation_q50_final_c20,2025-03,-0.03618502862947347
tail10_reclaim50_participation_q50_final_c20,2025-04,0.007773200813991701
tail10_reclaim50_participation_q50_final_c20,2025-05,0.008545568675963913
tail10_reclaim50_participation_q50_final_c20,2025-06,0.05357610482872724
tail10_reclaim50_participation_q50_final_c20,2025-07,-0.03221431877073705
tail10_reclaim50_participation_q50_final_c20,2025-08,0.11224540061450118
tail10_reclaim50_participation_q50_final_c20,2025-09,-0.008417270109799188
tail10_reclaim50_participation_q50_final_c20,2025-10,0.13123500739326385
tail10_reclaim50_participation_q50_final_c20,2025-11,0.023402942690080336
tail10_reclaim50_participation_q50_final_c20,2025-12,-0.011501700118071818
tail10_reclaim50_participation_q50_final_c20,2026-01,-0.07375111522504492
tail10_reclaim50_participation_q50_final_c20,2026-02,-0.04865976936804781
tail10_reclaim50_participation_q50_final_c20,2026-03,0.009572984796992073
tail10_reclaim50_participation_q50_final_c20,2026-04,0.01788854595415874
tail10_reclaim50_participation_q67_1200_c5,2024-11,-0.030261699993713125
tail10_reclaim50_participation_q67_1200_c5,2024-12,-0.029405907329322467
tail10_reclaim50_participation_q67_1200_c5,2025-01,-0.010367880306552
tail10_reclaim50_participation_q67_1200_c5,2025-02,-0.017568467516408837
tail10_reclaim50_participation_q67_1200_c5,2025-03,0.0019887528187936283
tail10_reclaim50_participation_q67_1200_c5,2025-04,-0.01509329658328551
tail10_reclaim50_participation_q67_1200_c5,2025-05,0.013138009136467456
tail10_reclaim50_participation_q67_1200_c5,2025-06,0.08484278944909196
tail10_reclaim50_participation_q67_1200_c5,2025-07,0.005589103777835616
tail10_reclaim50_participation_q67_1200_c5,2025-08,0.08597207951451658
tail10_reclaim50_participation_q67_1200_c5,2025-09,0.026764809037043036
tail10_reclaim50_participation_q67_1200_c5,2025-10,0.18022045251679658
tail10_reclaim50_participation_q67_1200_c5,2025-11,-0.005181126055052382
tail10_reclaim50_participation_q67_1200_c5,2025-12,0.0001362253584944518
tail10_reclaim50_participation_q67_1200_c5,2026-01,-0.05754464832438666
tail10_reclaim50_participation_q67_1200_c5,2026-02,-0.06328247467756598
tail10_reclaim50_participation_q67_1200_c5,2026-03,0.04699206000623379
tail10_reclaim50_participation_q67_1200_c5,2026-04,0.022268552555432586
tail10_reclaim50_participation_q67_1200_c10,2024-11,-0.03926169999371312
tail10_reclaim50_participation_q67_1200_c10,2024-12,-0.03240590732932246
tail10_reclaim50_participation_q67_1200_c10,2025-01,-0.016367880306552
tail10_reclaim50_participation_q67_1200_c10,2025-02,-0.021568467516408837
tail10_reclaim50_participation_q67_1200_c10,2025-03,-1.1247181206371776e-05
tail10_reclaim50_participation_q67_1200_c10,2025-04,-0.01609329658328551
tail10_reclaim50_participation_q67_1200_c10,2025-05,0.010138009136467455
tail10_reclaim50_participation_q67_1200_c10,2025-06,0.07884278944909195
tail10_reclaim50_participation_q67_1200_c10,2025-07,0.0005891037778356176
tail10_reclaim50_participation_q67_1200_c10,2025-08,0.08297207951451657
tail10_reclaim50_participation_q67_1200_c10,2025-09,0.023764809037043037
tail10_reclaim50_participation_q67_1200_c10,2025-10,0.17022045251679657
tail10_reclaim50_participation_q67_1200_c10,2025-11,-0.013181126055052384
tail10_reclaim50_participation_q67_1200_c10,2025-12,-0.009863774641505545
tail10_reclaim50_participation_q67_1200_c10,2026-01,-0.07054464832438666
tail10_reclaim50_participation_q67_1200_c10,2026-02,-0.06928247467756599
tail10_reclaim50_participation_q67_1200_c10,2026-03,0.040992060006233795
tail10_reclaim50_participation_q67_1200_c10,2026-04,0.016268552555432584
tail10_reclaim50_participation_q67_1200_c20,2024-11,-0.057261699993713125
tail10_reclaim50_participation_q67_1200_c20,2024-12,-0.03840590732932246
tail10_reclaim50_participation_q67_1200_c20,2025-01,-0.028367880306551997
tail10_reclaim50_participation_q67_1200_c20,2025-02,-0.029568467516408837
tail10_reclaim50_participation_q67_1200_c20,2025-03,-0.004011247181206372
tail10_reclaim50_participation_q67_1200_c20,2025-04,-0.01809329658328551
tail10_reclaim50_participation_q67_1200_c20,2025-05,0.004138009136467457
tail10_reclaim50_participation_q67_1200_c20,2025-06,0.06684278944909197
tail10_reclaim50_participation_q67_1200_c20,2025-07,-0.009410896222164383
tail10_reclaim50_participation_q67_1200_c20,2025-08,0.07697207951451657
tail10_reclaim50_participation_q67_1200_c20,2025-09,0.017764809037043038
tail10_reclaim50_participation_q67_1200_c20,2025-10,0.15022045251679658
tail10_reclaim50_participation_q67_1200_c20,2025-11,-0.029181126055052384
tail10_reclaim50_participation_q67_1200_c20,2025-12,-0.029863774641505546
tail10_reclaim50_participation_q67_1200_c20,2026-01,-0.09654464832438665
tail10_reclaim50_participation_q67_1200_c20,2026-02,-0.08128247467756598
tail10_reclaim50_participation_q67_1200_c20,2026-03,0.028992060006233798
tail10_reclaim50_participation_q67_1200_c20,2026-04,0.004268552555432591
tail10_reclaim50_participation_q67_final_c5,2024-11,-0.029741146988388922
tail10_reclaim50_participation_q67_final_c5,2024-12,-0.012858985308911273
tail10_reclaim50_participation_q67_final_c5,2025-01,0.007900630953113552
tail10_reclaim50_participation_q67_final_c5,2025-02,-0.01407621903177625
tail10_reclaim50_participation_q67_final_c5,2025-03,-0.01269440602422589
tail10_reclaim50_participation_q67_final_c5,2025-04,0.001704248790888819
tail10_reclaim50_participation_q67_final_c5,2025-05,0.02054556867596391
tail10_reclaim50_participation_q67_final_c5,2025-06,0.13158530989123018
tail10_reclaim50_participation_q67_final_c5,2025-07,0.020495584582931214
tail10_reclaim50_participation_q67_final_c5,2025-08,0.12132377957377483
tail10_reclaim50_participation_q67_final_c5,2025-09,0.0018099097743888848
tail10_reclaim50_participation_q67_final_c5,2025-10,0.16452377470142837
tail10_reclaim50_participation_q67_final_c5,2025-11,0.04740294269008033
tail10_reclaim50_participation_q67_final_c5,2025-12,0.02678599719545172
tail10_reclaim50_participation_q67_final_c5,2026-01,-0.12716184575286849
tail10_reclaim50_participation_q67_final_c5,2026-02,-0.02937692645355705
tail10_reclaim50_participation_q67_final_c5,2026-03,0.06923117834774517
tail10_reclaim50_participation_q67_final_c5,2026-04,0.049345139376957725
tail10_reclaim50_participation_q67_final_c10,2024-11,-0.03874114698838892
tail10_reclaim50_participation_q67_final_c10,2024-12,-0.01585898530891127
tail10_reclaim50_participation_q67_final_c10,2025-01,0.0019006309531135555
tail10_reclaim50_participation_q67_final_c10,2025-02,-0.01807621903177625
tail10_reclaim50_participation_q67_final_c10,2025-03,-0.01469440602422589
tail10_reclaim50_participation_q67_final_c10,2025-04,0.000704248790888819
tail10_reclaim50_participation_q67_final_c10,2025-05,0.016545568675963913
tail10_reclaim50_participation_q67_final_c10,2025-06,0.12458530989123019
tail10_reclaim50_participation_q67_final_c10,2025-07,0.015495584582931219
tail10_reclaim50_participation_q67_final_c10,2025-08,0.11732377957377482
tail10_reclaim50_participation_q67_final_c10,2025-09,-0.0011900902256111127
tail10_reclaim50_participation_q67_final_c10,2025-10,0.15452377470142836
tail10_reclaim50_participation_q67_final_c10,2025-11,0.039402942690080336
tail10_reclaim50_participation_q67_final_c10,2025-12,0.016785997195451725
tail10_reclaim50_participation_q67_final_c10,2026-01,-0.1401618457528685
tail10_reclaim50_participation_q67_final_c10,2026-02,-0.035376926453557056
tail10_reclaim50_participation_q67_final_c10,2026-03,0.06323117834774518
tail10_reclaim50_participation_q67_final_c10,2026-04,0.04334513937695772
tail10_reclaim50_participation_q67_final_c20,2024-11,-0.056741146988388926
tail10_reclaim50_participation_q67_final_c20,2024-12,-0.021858985308911272
tail10_reclaim50_participation_q67_final_c20,2025-01,-0.010099369046886443
tail10_reclaim50_participation_q67_final_c20,2025-02,-0.02607621903177625
tail10_reclaim50_participation_q67_final_c20,2025-03,-0.01869440602422589
tail10_reclaim50_participation_q67_final_c20,2025-04,-0.001295751209111181
tail10_reclaim50_participation_q67_final_c20,2025-05,0.008545568675963913
tail10_reclaim50_participation_q67_final_c20,2025-06,0.1105853098912302
tail10_reclaim50_participation_q67_final_c20,2025-07,0.0054955845829312185
tail10_reclaim50_participation_q67_final_c20,2025-08,0.10932377957377483
tail10_reclaim50_participation_q67_final_c20,2025-09,-0.007190090225611113
tail10_reclaim50_participation_q67_final_c20,2025-10,0.13452377470142837
tail10_reclaim50_participation_q67_final_c20,2025-11,0.023402942690080336
tail10_reclaim50_participation_q67_final_c20,2025-12,-0.0032140028045482757
tail10_reclaim50_participation_q67_final_c20,2026-01,-0.16616184575286846
tail10_reclaim50_participation_q67_final_c20,2026-02,-0.047376926453557046
tail10_reclaim50_participation_q67_final_c20,2026-03,0.05123117834774517
tail10_reclaim50_participation_q67_final_c20,2026-04,0.03134513937695772
tail10_reclaim50_participation_q80_1200_c5,2024-11,0.02963727285457557
tail10_reclaim50_participation_q80_1200_c5,2024-12,-0.0104355751099936
tail10_reclaim50_participation_q80_1200_c5,2025-01,-0.010583403678684822
tail10_reclaim50_participation_q80_1200_c5,2025-02,-0.03965093926442509
tail10_reclaim50_participation_q80_1200_c5,2025-03,0.0
tail10_reclaim50_participation_q80_1200_c5,2025-04,0.0
tail10_reclaim50_participation_q80_1200_c5,2025-05,0.011551288758801181
tail10_reclaim50_participation_q80_1200_c5,2025-06,0.08484278944909196
tail10_reclaim50_participation_q80_1200_c5,2025-07,0.018288826533220618
tail10_reclaim50_participation_q80_1200_c5,2025-08,0.0941527245816064
tail10_reclaim50_participation_q80_1200_c5,2025-09,0.025338009872693967
tail10_reclaim50_participation_q80_1200_c5,2025-10,0.16142832204417173
tail10_reclaim50_participation_q80_1200_c5,2025-11,0.026414430180106918
tail10_reclaim50_participation_q80_1200_c5,2025-12,-0.0088107953190768
tail10_reclaim50_participation_q80_1200_c5,2026-01,-0.08688086186479038
tail10_reclaim50_participation_q80_1200_c5,2026-02,-0.06745418079331367
tail10_reclaim50_participation_q80_1200_c5,2026-03,0.059094850660493733
tail10_reclaim50_participation_q80_1200_c5,2026-04,0.02035601905158424
tail10_reclaim50_participation_q80_1200_c10,2024-11,0.024637272854575572
tail10_reclaim50_participation_q80_1200_c10,2024-12,-0.0114355751099936
tail10_reclaim50_participation_q80_1200_c10,2025-01,-0.01258340367868482
tail10_reclaim50_participation_q80_1200_c10,2025-02,-0.04265093926442509
tail10_reclaim50_participation_q80_1200_c10,2025-03,0.0
tail10_reclaim50_participation_q80_1200_c10,2025-04,0.0
tail10_reclaim50_participation_q80_1200_c10,2025-05,0.01055128875880118
tail10_reclaim50_participation_q80_1200_c10,2025-06,0.07884278944909195
tail10_reclaim50_participation_q80_1200_c10,2025-07,0.014288826533220618
tail10_reclaim50_participation_q80_1200_c10,2025-08,0.09115272458160639
tail10_reclaim50_participation_q80_1200_c10,2025-09,0.024338009872693966
tail10_reclaim50_participation_q80_1200_c10,2025-10,0.15342832204417173
tail10_reclaim50_participation_q80_1200_c10,2025-11,0.02241443018010692
tail10_reclaim50_participation_q80_1200_c10,2025-12,-0.0158107953190768
tail10_reclaim50_participation_q80_1200_c10,2026-01,-0.09688086186479038
tail10_reclaim50_participation_q80_1200_c10,2026-02,-0.07245418079331367
tail10_reclaim50_participation_q80_1200_c10,2026-03,0.05409485066049373
tail10_reclaim50_participation_q80_1200_c10,2026-04,0.017356019051584237
tail10_reclaim50_participation_q80_1200_c20,2024-11,0.014637272854575566
tail10_reclaim50_participation_q80_1200_c20,2024-12,-0.0134355751099936
tail10_reclaim50_participation_q80_1200_c20,2025-01,-0.01658340367868482
tail10_reclaim50_participation_q80_1200_c20,2025-02,-0.04865093926442509
tail10_reclaim50_participation_q80_1200_c20,2025-03,0.0
tail10_reclaim50_participation_q80_1200_c20,2025-04,0.0
tail10_reclaim50_participation_q80_1200_c20,2025-05,0.008551288758801182
tail10_reclaim50_participation_q80_1200_c20,2025-06,0.06684278944909197
tail10_reclaim50_participation_q80_1200_c20,2025-07,0.006288826533220618
tail10_reclaim50_participation_q80_1200_c20,2025-08,0.08515272458160639
tail10_reclaim50_participation_q80_1200_c20,2025-09,0.022338009872693968
tail10_reclaim50_participation_q80_1200_c20,2025-10,0.13742832204417174
tail10_reclaim50_participation_q80_1200_c20,2025-11,0.014414430180106921
tail10_reclaim50_participation_q80_1200_c20,2025-12,-0.029810795319076797
tail10_reclaim50_participation_q80_1200_c20,2026-01,-0.11688086186479038
tail10_reclaim50_participation_q80_1200_c20,2026-02,-0.08245418079331367
tail10_reclaim50_participation_q80_1200_c20,2026-03,0.044094850660493734
tail10_reclaim50_participation_q80_1200_c20,2026-04,0.011356019051584242
tail10_reclaim50_participation_q80_final_c5,2024-11,0.023472748180876024
tail10_reclaim50_participation_q80_final_c5,2024-12,-0.0029484600879949854
tail10_reclaim50_participation_q80_final_c5,2025-01,0.016949192946968727
tail10_reclaim50_participation_q80_final_c5,2025-02,-0.04132820268169202
tail10_reclaim50_participation_q80_final_c5,2025-03,0.0
tail10_reclaim50_participation_q80_final_c5,2025-04,0.0
tail10_reclaim50_participation_q80_final_c5,2025-05,0.009752536754816798
tail10_reclaim50_participation_q80_final_c5,2025-06,0.13158530989123018
tail10_reclaim50_participation_q80_final_c5,2025-07,0.02277517511396132
tail10_reclaim50_participation_q80_final_c5,2025-08,0.10327450969283325
tail10_reclaim50_participation_q80_final_c5,2025-09,0.009392309690828715
tail10_reclaim50_participation_q80_final_c5,2025-10,0.12691446132277068
tail10_reclaim50_participation_q80_final_c5,2025-11,0.038962893896651474
tail10_reclaim50_participation_q80_final_c5,2025-12,0.02260566187755914
tail10_reclaim50_participation_q80_final_c5,2026-01,-0.16391405412718957
tail10_reclaim50_participation_q80_final_c5,2026-02,-0.04189450751799806
tail10_reclaim50_participation_q80_final_c5,2026-03,0.07730801093332698
tail10_reclaim50_participation_q80_final_c5,2026-04,0.049724793924378896
tail10_reclaim50_participation_q80_final_c10,2024-11,0.018472748180876023
tail10_reclaim50_participation_q80_final_c10,2024-12,-0.003948460087994985
tail10_reclaim50_participation_q80_final_c10,2025-01,0.01494919294696873
tail10_reclaim50_participation_q80_final_c10,2025-02,-0.04432820268169202
tail10_reclaim50_participation_q80_final_c10,2025-03,0.0
tail10_reclaim50_participation_q80_final_c10,2025-04,0.0
tail10_reclaim50_participation_q80_final_c10,2025-05,0.007752536754816799
tail10_reclaim50_participation_q80_final_c10,2025-06,0.12458530989123019
tail10_reclaim50_participation_q80_final_c10,2025-07,0.018775175113961325
tail10_reclaim50_participation_q80_final_c10,2025-08,0.10027450969283325
tail10_reclaim50_participation_q80_final_c10,2025-09,0.008392309690828716
tail10_reclaim50_participation_q80_final_c10,2025-10,0.11891446132277067
tail10_reclaim50_participation_q80_final_c10,2025-11,0.03496289389665148
tail10_reclaim50_participation_q80_final_c10,2025-12,0.015605661877559142
tail10_reclaim50_participation_q80_final_c10,2026-01,-0.17391405412718958
tail10_reclaim50_participation_q80_final_c10,2026-02,-0.04689450751799806
tail10_reclaim50_participation_q80_final_c10,2026-03,0.07230801093332699
tail10_reclaim50_participation_q80_final_c10,2026-04,0.04672479392437889
tail10_reclaim50_participation_q80_final_c20,2024-11,0.008472748180876021
tail10_reclaim50_participation_q80_final_c20,2024-12,-0.0059484600879949855
tail10_reclaim50_participation_q80_final_c20,2025-01,0.010949192946968729
tail10_reclaim50_participation_q80_final_c20,2025-02,-0.05032820268169202
tail10_reclaim50_participation_q80_final_c20,2025-03,0.0
tail10_reclaim50_participation_q80_final_c20,2025-04,0.0
tail10_reclaim50_participation_q80_final_c20,2025-05,0.0037525367548168
tail10_reclaim50_participation_q80_final_c20,2025-06,0.1105853098912302
tail10_reclaim50_participation_q80_final_c20,2025-07,0.010775175113961324
tail10_reclaim50_participation_q80_final_c20,2025-08,0.09427450969283324
tail10_reclaim50_participation_q80_final_c20,2025-09,0.006392309690828716
tail10_reclaim50_participation_q80_final_c20,2025-10,0.10291446132277068
tail10_reclaim50_participation_q80_final_c20,2025-11,0.026962893896651477
tail10_reclaim50_participation_q80_final_c20,2025-12,0.0016056618775591412
tail10_reclaim50_participation_q80_final_c20,2026-01,-0.19391405412718957
tail10_reclaim50_participation_q80_final_c20,2026-02,-0.05689450751799806
tail10_reclaim50_participation_q80_final_c20,2026-03,0.06230801093332699
tail10_reclaim50_participation_q80_final_c20,2026-04,0.04072479392437889
tail10_reclaim50_anomaly_ge1_1200_c5,2024-11,-0.020490070746225966
tail10_reclaim50_anomaly_ge1_1200_c5,2024-12,-0.020440257985249063
tail10_reclaim50_anomaly_ge1_1200_c5,2025-01,-0.0069466322048463685
tail10_reclaim50_anomaly_ge1_1200_c5,2025-02,-0.017568467516408837
tail10_reclaim50_anomaly_ge1_1200_c5,2025-03,-0.02249139133692185
tail10_reclaim50_anomaly_ge1_1200_c5,2025-04,0.019217879984541164
tail10_reclaim50_anomaly_ge1_1200_c5,2025-05,0.009985677899072676
tail10_reclaim50_anomaly_ge1_1200_c5,2025-06,0.05728770040888037
tail10_reclaim50_anomaly_ge1_1200_c5,2025-07,-0.017105811476401663
tail10_reclaim50_anomaly_ge1_1200_c5,2025-08,0.1260160174392162
tail10_reclaim50_anomaly_ge1_1200_c5,2025-09,0.005862909293908152
tail10_reclaim50_anomaly_ge1_1200_c5,2025-10,0.19463221300375594
tail10_reclaim50_anomaly_ge1_1200_c5,2025-11,-0.03222940606488422
tail10_reclaim50_anomaly_ge1_1200_c5,2025-12,0.003782362798203148
tail10_reclaim50_anomaly_ge1_1200_c5,2026-01,-0.0789798752931677
tail10_reclaim50_anomaly_ge1_1200_c5,2026-02,0.022612943722648993
tail10_reclaim50_anomaly_ge1_1200_c5,2026-03,0.03646645246250374
tail10_reclaim50_anomaly_ge1_1200_c5,2026-04,0.09788204321210159
tail10_reclaim50_anomaly_ge1_1200_c10,2024-11,-0.031490070746225965
tail10_reclaim50_anomaly_ge1_1200_c10,2024-12,-0.025440257985249064
tail10_reclaim50_anomaly_ge1_1200_c10,2025-01,-0.012946632204846367
tail10_reclaim50_anomaly_ge1_1200_c10,2025-02,-0.021568467516408837
tail10_reclaim50_anomaly_ge1_1200_c10,2025-03,-0.024491391336921853
tail10_reclaim50_anomaly_ge1_1200_c10,2025-04,0.017217879984541166
tail10_reclaim50_anomaly_ge1_1200_c10,2025-05,0.007985677899072676
tail10_reclaim50_anomaly_ge1_1200_c10,2025-06,0.052287700408880367
tail10_reclaim50_anomaly_ge1_1200_c10,2025-07,-0.023105811476401665
tail10_reclaim50_anomaly_ge1_1200_c10,2025-08,0.1200160174392162
tail10_reclaim50_anomaly_ge1_1200_c10,2025-09,-0.002137090706091851
tail10_reclaim50_anomaly_ge1_1200_c10,2025-10,0.18263221300375593
tail10_reclaim50_anomaly_ge1_1200_c10,2025-11,-0.04122940606488422
tail10_reclaim50_anomaly_ge1_1200_c10,2025-12,-0.0042176372017968524
tail10_reclaim50_anomaly_ge1_1200_c10,2026-01,-0.0919798752931677
tail10_reclaim50_anomaly_ge1_1200_c10,2026-02,0.01461294372264899
tail10_reclaim50_anomaly_ge1_1200_c10,2026-03,0.030466452462503735
tail10_reclaim50_anomaly_ge1_1200_c10,2026-04,0.08988204321210158
tail10_reclaim50_anomaly_ge1_1200_c20,2024-11,-0.05349007074622597
tail10_reclaim50_anomaly_ge1_1200_c20,2024-12,-0.035440257985249066
tail10_reclaim50_anomaly_ge1_1200_c20,2025-01,-0.024946632204846365
tail10_reclaim50_anomaly_ge1_1200_c20,2025-02,-0.029568467516408837
tail10_reclaim50_anomaly_ge1_1200_c20,2025-03,-0.028491391336921853
tail10_reclaim50_anomaly_ge1_1200_c20,2025-04,0.013217879984541166
tail10_reclaim50_anomaly_ge1_1200_c20,2025-05,0.003985677899072677
tail10_reclaim50_anomaly_ge1_1200_c20,2025-06,0.04228770040888037
tail10_reclaim50_anomaly_ge1_1200_c20,2025-07,-0.03510581147640166
tail10_reclaim50_anomaly_ge1_1200_c20,2025-08,0.1080160174392162
tail10_reclaim50_anomaly_ge1_1200_c20,2025-09,-0.018137090706091846
tail10_reclaim50_anomaly_ge1_1200_c20,2025-10,0.15863221300375593
tail10_reclaim50_anomaly_ge1_1200_c20,2025-11,-0.05922940606488422
tail10_reclaim50_anomaly_ge1_1200_c20,2025-12,-0.02021763720179685
tail10_reclaim50_anomaly_ge1_1200_c20,2026-01,-0.1179798752931677
tail10_reclaim50_anomaly_ge1_1200_c20,2026-02,-0.0013870562773510113
tail10_reclaim50_anomaly_ge1_1200_c20,2026-03,0.01846645246250374
tail10_reclaim50_anomaly_ge1_1200_c20,2026-04,0.0738820432121016
tail10_reclaim50_anomaly_ge1_final_c5,2024-11,-0.018075151942144842
tail10_reclaim50_anomaly_ge1_final_c5,2024-12,-0.023859156505879605
tail10_reclaim50_anomaly_ge1_final_c5,2025-01,0.005076420892784483
tail10_reclaim50_anomaly_ge1_final_c5,2025-02,-0.01407621903177625
tail10_reclaim50_anomaly_ge1_final_c5,2025-03,0.024157074025198816
tail10_reclaim50_anomaly_ge1_final_c5,2025-04,0.030964181598567064
tail10_reclaim50_anomaly_ge1_final_c5,2025-05,0.008186925895088295
tail10_reclaim50_anomaly_ge1_final_c5,2025-06,0.08196706912361706
tail10_reclaim50_anomaly_ge1_final_c5,2025-07,-0.019025216649734444
tail10_reclaim50_anomaly_ge1_final_c5,2025-08,0.13565754516003198
tail10_reclaim50_anomaly_ge1_final_c5,2025-09,0.017010936032225477
tail10_reclaim50_anomaly_ge1_final_c5,2025-10,0.16882815676418478
tail10_reclaim50_anomaly_ge1_final_c5,2025-11,0.00011965705520966714
tail10_reclaim50_anomaly_ge1_final_c5,2025-12,0.007528897071032792
tail10_reclaim50_anomaly_ge1_final_c5,2026-01,-0.09120642701502642
tail10_reclaim50_anomaly_ge1_final_c5,2026-02,0.018414718016433462
tail10_reclaim50_anomaly_ge1_final_c5,2026-03,0.04488992470367498
tail10_reclaim50_anomaly_ge1_final_c5,2026-04,0.10570108818538221
tail10_reclaim50_anomaly_ge1_final_c10,2024-11,-0.02907515194214485
tail10_reclaim50_anomaly_ge1_final_c10,2024-12,-0.028859156505879606
tail10_reclaim50_anomaly_ge1_final_c10,2025-01,-0.0009235791072155133
tail10_reclaim50_anomaly_ge1_final_c10,2025-02,-0.01807621903177625
tail10_reclaim50_anomaly_ge1_final_c10,2025-03,0.020157074025198816
tail10_reclaim50_anomaly_ge1_final_c10,2025-04,0.028964181598567063
tail10_reclaim50_anomaly_ge1_final_c10,2025-05,0.0051869258950882945
tail10_reclaim50_anomaly_ge1_final_c10,2025-06,0.07596706912361706
tail10_reclaim50_anomaly_ge1_final_c10,2025-07,-0.025025216649734443
tail10_reclaim50_anomaly_ge1_final_c10,2025-08,0.12965754516003197
tail10_reclaim50_anomaly_ge1_final_c10,2025-09,0.00901093603222548
tail10_reclaim50_anomaly_ge1_final_c10,2025-10,0.15682815676418477
tail10_reclaim50_anomaly_ge1_final_c10,2025-11,-0.008880342944790332
tail10_reclaim50_anomaly_ge1_final_c10,2025-12,-0.0004711029289672069
tail10_reclaim50_anomaly_ge1_final_c10,2026-01,-0.10420642701502641
tail10_reclaim50_anomaly_ge1_final_c10,2026-02,0.010414718016433462
tail10_reclaim50_anomaly_ge1_final_c10,2026-03,0.03888992470367497
tail10_reclaim50_anomaly_ge1_final_c10,2026-04,0.0977010881853822
tail10_reclaim50_anomaly_ge1_final_c20,2024-11,-0.05107515194214485
tail10_reclaim50_anomaly_ge1_final_c20,2024-12,-0.03885915650587961
tail10_reclaim50_anomaly_ge1_final_c20,2025-01,-0.012923579107215512
tail10_reclaim50_anomaly_ge1_final_c20,2025-02,-0.02607621903177625
tail10_reclaim50_anomaly_ge1_final_c20,2025-03,0.012157074025198812
tail10_reclaim50_anomaly_ge1_final_c20,2025-04,0.024964181598567066
tail10_reclaim50_anomaly_ge1_final_c20,2025-05,-0.0008130741049117048
tail10_reclaim50_anomaly_ge1_final_c20,2025-06,0.06396706912361708
tail10_reclaim50_anomaly_ge1_final_c20,2025-07,-0.037025216649734446
tail10_reclaim50_anomaly_ge1_final_c20,2025-08,0.11765754516003198
tail10_reclaim50_anomaly_ge1_final_c20,2025-09,-0.0069890639677745205
tail10_reclaim50_anomaly_ge1_final_c20,2025-10,0.13282815676418477
tail10_reclaim50_anomaly_ge1_final_c20,2025-11,-0.02688034294479033
tail10_reclaim50_anomaly_ge1_final_c20,2025-12,-0.016471102928967207
tail10_reclaim50_anomaly_ge1_final_c20,2026-01,-0.1302064270150264
tail10_reclaim50_anomaly_ge1_final_c20,2026-02,-0.005585281983566535
tail10_reclaim50_anomaly_ge1_final_c20,2026-03,0.026889924703674968
tail10_reclaim50_anomaly_ge1_final_c20,2026-04,0.0817010881853822
tail10_reclaim50_anomaly_ge1_5_1200_c5,2024-11,-0.0020541399333574017
tail10_reclaim50_anomaly_ge1_5_1200_c5,2024-12,-0.015472920555363312
tail10_reclaim50_anomaly_ge1_5_1200_c5,2025-01,-0.01732747875312901
tail10_reclaim50_anomaly_ge1_5_1200_c5,2025-02,0.03128884352668038
tail10_reclaim50_anomaly_ge1_5_1200_c5,2025-03,-0.014637081219193937
tail10_reclaim50_anomaly_ge1_5_1200_c5,2025-04,0.012080840229153345
tail10_reclaim50_anomaly_ge1_5_1200_c5,2025-05,0.023809957397043058
tail10_reclaim50_anomaly_ge1_5_1200_c5,2025-06,0.06313705042754703
tail10_reclaim50_anomaly_ge1_5_1200_c5,2025-07,0.0013335348243990212
tail10_reclaim50_anomaly_ge1_5_1200_c5,2025-08,0.11016890918036248
tail10_reclaim50_anomaly_ge1_5_1200_c5,2025-09,-0.003396529542914025
tail10_reclaim50_anomaly_ge1_5_1200_c5,2025-10,0.20080656112197914
tail10_reclaim50_anomaly_ge1_5_1200_c5,2025-11,-0.023607108495200535
tail10_reclaim50_anomaly_ge1_5_1200_c5,2025-12,0.0007639989092811123
tail10_reclaim50_anomaly_ge1_5_1200_c5,2026-01,-0.05990810061223428
tail10_reclaim50_anomaly_ge1_5_1200_c5,2026-02,-0.05088235946008646
tail10_reclaim50_anomaly_ge1_5_1200_c5,2026-03,0.06340457322127901
tail10_reclaim50_anomaly_ge1_5_1200_c5,2026-04,-0.01327722935450626
tail10_reclaim50_anomaly_ge1_5_1200_c10,2024-11,-0.008054139933357404
tail10_reclaim50_anomaly_ge1_5_1200_c10,2024-12,-0.01747292055536331
tail10_reclaim50_anomaly_ge1_5_1200_c10,2025-01,-0.021327478753129007
tail10_reclaim50_anomaly_ge1_5_1200_c10,2025-02,0.028288843526680377
tail10_reclaim50_anomaly_ge1_5_1200_c10,2025-03,-0.01663708121919394
tail10_reclaim50_anomaly_ge1_5_1200_c10,2025-04,0.011080840229153345
tail10_reclaim50_anomaly_ge1_5_1200_c10,2025-05,0.022809957397043057
tail10_reclaim50_anomaly_ge1_5_1200_c10,2025-06,0.05913705042754702
tail10_reclaim50_anomaly_ge1_5_1200_c10,2025-07,-0.002666465175600978
tail10_reclaim50_anomaly_ge1_5_1200_c10,2025-08,0.10416890918036248
tail10_reclaim50_anomaly_ge1_5_1200_c10,2025-09,-0.009396529542914027
tail10_reclaim50_anomaly_ge1_5_1200_c10,2025-10,0.19180656112197914
tail10_reclaim50_anomaly_ge1_5_1200_c10,2025-11,-0.029607108495200533
tail10_reclaim50_anomaly_ge1_5_1200_c10,2025-12,-0.005236001090718887
tail10_reclaim50_anomaly_ge1_5_1200_c10,2026-01,-0.07090810061223429
tail10_reclaim50_anomaly_ge1_5_1200_c10,2026-02,-0.056882359460086455
tail10_reclaim50_anomaly_ge1_5_1200_c10,2026-03,0.05740457322127901
tail10_reclaim50_anomaly_ge1_5_1200_c10,2026-04,-0.01527722935450626
tail10_reclaim50_anomaly_ge1_5_1200_c20,2024-11,-0.020054139933357404
tail10_reclaim50_anomaly_ge1_5_1200_c20,2024-12,-0.02147292055536331
tail10_reclaim50_anomaly_ge1_5_1200_c20,2025-01,-0.029327478753129008
tail10_reclaim50_anomaly_ge1_5_1200_c20,2025-02,0.02228884352668038
tail10_reclaim50_anomaly_ge1_5_1200_c20,2025-03,-0.02063708121919394
tail10_reclaim50_anomaly_ge1_5_1200_c20,2025-04,0.009080840229153345
tail10_reclaim50_anomaly_ge1_5_1200_c20,2025-05,0.02080995739704306
tail10_reclaim50_anomaly_ge1_5_1200_c20,2025-06,0.05113705042754703
tail10_reclaim50_anomaly_ge1_5_1200_c20,2025-07,-0.010666465175600978
tail10_reclaim50_anomaly_ge1_5_1200_c20,2025-08,0.09216890918036248
tail10_reclaim50_anomaly_ge1_5_1200_c20,2025-09,-0.021396529542914024
tail10_reclaim50_anomaly_ge1_5_1200_c20,2025-10,0.17380656112197915
tail10_reclaim50_anomaly_ge1_5_1200_c20,2025-11,-0.04160710849520054
tail10_reclaim50_anomaly_ge1_5_1200_c20,2025-12,-0.017236001090718885
tail10_reclaim50_anomaly_ge1_5_1200_c20,2026-01,-0.09290810061223427
tail10_reclaim50_anomaly_ge1_5_1200_c20,2026-02,-0.06888235946008646
tail10_reclaim50_anomaly_ge1_5_1200_c20,2026-03,0.04540457322127902
tail10_reclaim50_anomaly_ge1_5_1200_c20,2026-04,-0.019277229354506258
tail10_reclaim50_anomaly_ge1_5_final_c5,2024-11,0.004633035097255711
tail10_reclaim50_anomaly_ge1_5_final_c5,2024-12,-0.023630519134172134
tail10_reclaim50_anomaly_ge1_5_final_c5,2025-01,-0.004848522772751718
tail10_reclaim50_anomaly_ge1_5_final_c5,2025-02,0.029954155350140454
tail10_reclaim50_anomaly_ge1_5_final_c5,2025-03,0.0862215062703805
tail10_reclaim50_anomaly_ge1_5_final_c5,2025-04,0.021915340547422058
tail10_reclaim50_anomaly_ge1_5_final_c5,2025-05,0.027929152169068994
tail10_reclaim50_anomaly_ge1_5_final_c5,2025-06,0.0939526052641465
tail10_reclaim50_anomaly_ge1_5_final_c5,2025-07,0.014850784797297291
tail10_reclaim50_anomaly_ge1_5_final_c5,2025-08,0.1261830136958184
tail10_reclaim50_anomaly_ge1_5_final_c5,2025-09,0.007238361282774331
tail10_reclaim50_anomaly_ge1_5_final_c5,2025-10,0.19259438740761192
tail10_reclaim50_anomaly_ge1_5_final_c5,2025-11,0.005461344232966182
tail10_reclaim50_anomaly_ge1_5_final_c5,2025-12,0.006968301838860363
tail10_reclaim50_anomaly_ge1_5_final_c5,2026-01,-0.053358626714331336
tail10_reclaim50_anomaly_ge1_5_final_c5,2026-02,-0.032680803356810006
tail10_reclaim50_anomaly_ge1_5_final_c5,2026-03,0.09545468564752646
tail10_reclaim50_anomaly_ge1_5_final_c5,2026-04,0.009533049340014312
tail10_reclaim50_anomaly_ge1_5_final_c10,2024-11,-0.001366964902744289
tail10_reclaim50_anomaly_ge1_5_final_c10,2024-12,-0.025630519134172136
tail10_reclaim50_anomaly_ge1_5_final_c10,2025-01,-0.008848522772751718
tail10_reclaim50_anomaly_ge1_5_final_c10,2025-02,0.026954155350140455
tail10_reclaim50_anomaly_ge1_5_final_c10,2025-03,0.0832215062703805
tail10_reclaim50_anomaly_ge1_5_final_c10,2025-04,0.020915340547422057
tail10_reclaim50_anomaly_ge1_5_final_c10,2025-05,0.025929152169068992
tail10_reclaim50_anomaly_ge1_5_final_c10,2025-06,0.0889526052641465
tail10_reclaim50_anomaly_ge1_5_final_c10,2025-07,0.010850784797297293
tail10_reclaim50_anomaly_ge1_5_final_c10,2025-08,0.12018301369581841
tail10_reclaim50_anomaly_ge1_5_final_c10,2025-09,0.0012383612827743303
tail10_reclaim50_anomaly_ge1_5_final_c10,2025-10,0.18359438740761191
tail10_reclaim50_anomaly_ge1_5_final_c10,2025-11,-0.0005386557670338157
tail10_reclaim50_anomaly_ge1_5_final_c10,2025-12,0.0009683018388603661
tail10_reclaim50_anomaly_ge1_5_final_c10,2026-01,-0.06435862671433133
tail10_reclaim50_anomaly_ge1_5_final_c10,2026-02,-0.038680803356810005
tail10_reclaim50_anomaly_ge1_5_final_c10,2026-03,0.08945468564752646
tail10_reclaim50_anomaly_ge1_5_final_c10,2026-04,0.007533049340014312
tail10_reclaim50_anomaly_ge1_5_final_c20,2024-11,-0.013366964902744295
tail10_reclaim50_anomaly_ge1_5_final_c20,2024-12,-0.029630519134172133
tail10_reclaim50_anomaly_ge1_5_final_c20,2025-01,-0.016848522772751715
tail10_reclaim50_anomaly_ge1_5_final_c20,2025-02,0.020954155350140457
tail10_reclaim50_anomaly_ge1_5_final_c20,2025-03,0.07722150627038049
tail10_reclaim50_anomaly_ge1_5_final_c20,2025-04,0.01891534054742206
tail10_reclaim50_anomaly_ge1_5_final_c20,2025-05,0.021929152169068995
tail10_reclaim50_anomaly_ge1_5_final_c20,2025-06,0.0789526052641465
tail10_reclaim50_anomaly_ge1_5_final_c20,2025-07,0.0028507847972972927
tail10_reclaim50_anomaly_ge1_5_final_c20,2025-08,0.10818301369581841
tail10_reclaim50_anomaly_ge1_5_final_c20,2025-09,-0.010761638717225668
tail10_reclaim50_anomaly_ge1_5_final_c20,2025-10,0.16559438740761193
tail10_reclaim50_anomaly_ge1_5_final_c20,2025-11,-0.012538655767033818
tail10_reclaim50_anomaly_ge1_5_final_c20,2025-12,-0.011031698161139632
tail10_reclaim50_anomaly_ge1_5_final_c20,2026-01,-0.08635862671433132
tail10_reclaim50_anomaly_ge1_5_final_c20,2026-02,-0.05068080335681
tail10_reclaim50_anomaly_ge1_5_final_c20,2026-03,0.07745468564752646
tail10_reclaim50_anomaly_ge1_5_final_c20,2026-04,0.0035330493400143118
tail10_reclaim50_anomaly_ge2_1200_c5,2024-11,-0.023896429776685046
tail10_reclaim50_anomaly_ge2_1200_c5,2024-12,0.0
tail10_reclaim50_anomaly_ge2_1200_c5,2025-01,-0.007162155576979189
tail10_reclaim50_anomaly_ge2_1200_c5,2025-02,0.011768095353591357
tail10_reclaim50_anomaly_ge2_1200_c5,2025-03,0.0
tail10_reclaim50_anomaly_ge2_1200_c5,2025-04,0.0
tail10_reclaim50_anomaly_ge2_1200_c5,2025-05,0.0
tail10_reclaim50_anomaly_ge2_1200_c5,2025-06,0.0
tail10_reclaim50_anomaly_ge2_1200_c5,2025-07,0.0
tail10_reclaim50_anomaly_ge2_1200_c5,2025-08,0.0941527245816064
tail10_reclaim50_anomaly_ge2_1200_c5,2025-09,-0.0010068686201792883
tail10_reclaim50_anomaly_ge2_1200_c5,2025-10,-0.005779128784942799
tail10_reclaim50_anomaly_ge2_1200_c5,2025-11,-0.05654446979764083
tail10_reclaim50_anomaly_ge2_1200_c5,2025-12,-0.021735273460662036
tail10_reclaim50_anomaly_ge2_1200_c5,2026-01,-0.05459887863030077
tail10_reclaim50_anomaly_ge2_1200_c5,2026-02,-0.022084588198959754
tail10_reclaim50_anomaly_ge2_1200_c5,2026-03,0.004701567616278934
tail10_reclaim50_anomaly_ge2_1200_c5,2026-04,-0.01327722935450626
tail10_reclaim50_anomaly_ge2_1200_c10,2024-11,-0.028896429776685044
tail10_reclaim50_anomaly_ge2_1200_c10,2024-12,0.0
tail10_reclaim50_anomaly_ge2_1200_c10,2025-01,-0.009162155576979188
tail10_reclaim50_anomaly_ge2_1200_c10,2025-02,0.010768095353591358
tail10_reclaim50_anomaly_ge2_1200_c10,2025-03,0.0
tail10_reclaim50_anomaly_ge2_1200_c10,2025-04,0.0
tail10_reclaim50_anomaly_ge2_1200_c10,2025-05,0.0
tail10_reclaim50_anomaly_ge2_1200_c10,2025-06,0.0
tail10_reclaim50_anomaly_ge2_1200_c10,2025-07,0.0
tail10_reclaim50_anomaly_ge2_1200_c10,2025-08,0.09115272458160639
tail10_reclaim50_anomaly_ge2_1200_c10,2025-09,-0.00600686862017929
tail10_reclaim50_anomaly_ge2_1200_c10,2025-10,-0.007779128784942798
tail10_reclaim50_anomaly_ge2_1200_c10,2025-11,-0.061544469797640826
tail10_reclaim50_anomaly_ge2_1200_c10,2025-12,-0.025735273460662032
tail10_reclaim50_anomaly_ge2_1200_c10,2026-01,-0.05959887863030078
tail10_reclaim50_anomaly_ge2_1200_c10,2026-02,-0.02608458819895975
tail10_reclaim50_anomaly_ge2_1200_c10,2026-03,0.0017015676162789352
tail10_reclaim50_anomaly_ge2_1200_c10,2026-04,-0.01527722935450626
tail10_reclaim50_anomaly_ge2_1200_c20,2024-11,-0.038896429776685046
tail10_reclaim50_anomaly_ge2_1200_c20,2024-12,0.0
tail10_reclaim50_anomaly_ge2_1200_c20,2025-01,-0.013162155576979188
tail10_reclaim50_anomaly_ge2_1200_c20,2025-02,0.008768095353591358
tail10_reclaim50_anomaly_ge2_1200_c20,2025-03,0.0
tail10_reclaim50_anomaly_ge2_1200_c20,2025-04,0.0
tail10_reclaim50_anomaly_ge2_1200_c20,2025-05,0.0
tail10_reclaim50_anomaly_ge2_1200_c20,2025-06,0.0
tail10_reclaim50_anomaly_ge2_1200_c20,2025-07,0.0
tail10_reclaim50_anomaly_ge2_1200_c20,2025-08,0.08515272458160639
tail10_reclaim50_anomaly_ge2_1200_c20,2025-09,-0.016006868620179287
tail10_reclaim50_anomaly_ge2_1200_c20,2025-10,-0.011779128784942798
tail10_reclaim50_anomaly_ge2_1200_c20,2025-11,-0.07154446979764083
tail10_reclaim50_anomaly_ge2_1200_c20,2025-12,-0.03373527346066203
tail10_reclaim50_anomaly_ge2_1200_c20,2026-01,-0.06959887863030077
tail10_reclaim50_anomaly_ge2_1200_c20,2026-02,-0.03408458819895975
tail10_reclaim50_anomaly_ge2_1200_c20,2026-03,-0.004298432383721063
tail10_reclaim50_anomaly_ge2_1200_c20,2026-04,-0.019277229354506258
tail10_reclaim50_anomaly_ge2_final_c5,2024-11,-0.014981807621992525
tail10_reclaim50_anomaly_ge2_final_c5,2024-12,0.0
tail10_reclaim50_anomaly_ge2_final_c5,2025-01,0.014124982886639659
tail10_reclaim50_anomaly_ge2_final_c5,2025-02,0.015770035688298933
tail10_reclaim50_anomaly_ge2_final_c5,2025-03,0.0
tail10_reclaim50_anomaly_ge2_final_c5,2025-04,0.0
tail10_reclaim50_anomaly_ge2_final_c5,2025-05,0.0
tail10_reclaim50_anomaly_ge2_final_c5,2025-06,0.0
tail10_reclaim50_anomaly_ge2_final_c5,2025-07,0.0
tail10_reclaim50_anomaly_ge2_final_c5,2025-08,0.10327450969283325
tail10_reclaim50_anomaly_ge2_final_c5,2025-09,-0.03011628018470769
tail10_reclaim50_anomaly_ge2_final_c5,2025-10,-0.016476500543408767
tail10_reclaim50_anomaly_ge2_final_c5,2025-11,-0.007202655614640726
tail10_reclaim50_anomaly_ge2_final_c5,2025-12,-0.012624450394949359
tail10_reclaim50_anomaly_ge2_final_c5,2026-01,-0.05536549388528045
tail10_reclaim50_anomaly_ge2_final_c5,2026-02,0.005881295692193089
tail10_reclaim50_anomaly_ge2_final_c5,2026-03,0.03593282380206886
tail10_reclaim50_anomaly_ge2_final_c5,2026-04,0.009533049340014312
tail10_reclaim50_anomaly_ge2_final_c10,2024-11,-0.019981807621992524
tail10_reclaim50_anomaly_ge2_final_c10,2024-12,0.0
tail10_reclaim50_anomaly_ge2_final_c10,2025-01,0.01212498288663966
tail10_reclaim50_anomaly_ge2_final_c10,2025-02,0.014770035688298934
tail10_reclaim50_anomaly_ge2_final_c10,2025-03,0.0
tail10_reclaim50_anomaly_ge2_final_c10,2025-04,0.0
tail10_reclaim50_anomaly_ge2_final_c10,2025-05,0.0
tail10_reclaim50_anomaly_ge2_final_c10,2025-06,0.0
tail10_reclaim50_anomaly_ge2_final_c10,2025-07,0.0
tail10_reclaim50_anomaly_ge2_final_c10,2025-08,0.10027450969283325
tail10_reclaim50_anomaly_ge2_final_c10,2025-09,-0.035116280184707686
tail10_reclaim50_anomaly_ge2_final_c10,2025-10,-0.01847650054340877
tail10_reclaim50_anomaly_ge2_final_c10,2025-11,-0.012202655614640725
tail10_reclaim50_anomaly_ge2_final_c10,2025-12,-0.016624450394949357
tail10_reclaim50_anomaly_ge2_final_c10,2026-01,-0.060365493885280445
tail10_reclaim50_anomaly_ge2_final_c10,2026-02,0.0018812956921930891
tail10_reclaim50_anomaly_ge2_final_c10,2026-03,0.032932823802068856
tail10_reclaim50_anomaly_ge2_final_c10,2026-04,0.007533049340014312
tail10_reclaim50_anomaly_ge2_final_c20,2024-11,-0.029981807621992523
tail10_reclaim50_anomaly_ge2_final_c20,2024-12,0.0
tail10_reclaim50_anomaly_ge2_final_c20,2025-01,0.00812498288663966
tail10_reclaim50_anomaly_ge2_final_c20,2025-02,0.012770035688298934
tail10_reclaim50_anomaly_ge2_final_c20,2025-03,0.0
tail10_reclaim50_anomaly_ge2_final_c20,2025-04,0.0
tail10_reclaim50_anomaly_ge2_final_c20,2025-05,0.0
tail10_reclaim50_anomaly_ge2_final_c20,2025-06,0.0
tail10_reclaim50_anomaly_ge2_final_c20,2025-07,0.0
tail10_reclaim50_anomaly_ge2_final_c20,2025-08,0.09427450969283324
tail10_reclaim50_anomaly_ge2_final_c20,2025-09,-0.04511628018470769
tail10_reclaim50_anomaly_ge2_final_c20,2025-10,-0.022476500543408766
tail10_reclaim50_anomaly_ge2_final_c20,2025-11,-0.022202655614640725
tail10_reclaim50_anomaly_ge2_final_c20,2025-12,-0.024624450394949357
tail10_reclaim50_anomaly_ge2_final_c20,2026-01,-0.07036549388528045
tail10_reclaim50_anomaly_ge2_final_c20,2026-02,-0.0061187043078069075
tail10_reclaim50_anomaly_ge2_final_c20,2026-03,0.026932823802068857
tail10_reclaim50_anomaly_ge2_final_c20,2026-04,0.0035330493400143118
tail15_reclaim00_all_1200_c5,2024-11,0.01041478188886472
tail15_reclaim00_all_1200_c5,2024-12,-0.004940983846691296
tail15_reclaim00_all_1200_c5,2025-01,-0.1467965534930975
tail15_reclaim00_all_1200_c5,2025-02,-0.0703734006517062
tail15_reclaim00_all_1200_c5,2025-03,-0.16570529593729783
tail15_reclaim00_all_1200_c5,2025-04,0.04919677297204084
tail15_reclaim00_all_1200_c5,2025-05,0.16058220922092595
tail15_reclaim00_all_1200_c5,2025-06,0.0448519258465446
tail15_reclaim00_all_1200_c5,2025-07,-0.0005604278863149542
tail15_reclaim00_all_1200_c5,2025-08,0.01004906078636335
tail15_reclaim00_all_1200_c5,2025-09,0.061451592784107514
tail15_reclaim00_all_1200_c5,2025-10,0.059247257213667
tail15_reclaim00_all_1200_c5,2025-11,0.005149852404839942
tail15_reclaim00_all_1200_c5,2025-12,-0.010775243327666141
tail15_reclaim00_all_1200_c5,2026-01,-0.08953747925379643
tail15_reclaim00_all_1200_c5,2026-02,0.0017700938695975974
tail15_reclaim00_all_1200_c5,2026-03,0.029400545364253242
tail15_reclaim00_all_1200_c5,2026-04,0.002351749864963933
tail15_reclaim00_all_1200_c10,2024-11,-0.007585218111135291
tail15_reclaim00_all_1200_c10,2024-12,-0.018940983846691295
tail15_reclaim00_all_1200_c10,2025-01,-0.1617965534930975
tail15_reclaim00_all_1200_c10,2025-02,-0.0853734006517062
tail15_reclaim00_all_1200_c10,2025-03,-0.18270529593729784
tail15_reclaim00_all_1200_c10,2025-04,0.031196772972040834
tail15_reclaim00_all_1200_c10,2025-05,0.14858220922092594
tail15_reclaim00_all_1200_c10,2025-06,0.0318519258465446
tail15_reclaim00_all_1200_c10,2025-07,-0.019560427886314957
tail15_reclaim00_all_1200_c10,2025-08,-0.007950939213636654
tail15_reclaim00_all_1200_c10,2025-09,0.04345159278410751
tail15_reclaim00_all_1200_c10,2025-10,0.039247257213666994
tail15_reclaim00_all_1200_c10,2025-11,-0.010850147595160068
tail15_reclaim00_all_1200_c10,2025-12,-0.029775243327666144
tail15_reclaim00_all_1200_c10,2026-01,-0.10953747925379642
tail15_reclaim00_all_1200_c10,2026-02,-0.015229906130402414
tail15_reclaim00_all_1200_c10,2026-03,0.009400545364253235
tail15_reclaim00_all_1200_c10,2026-04,-0.01864825013503608
tail15_reclaim00_all_1200_c20,2024-11,-0.04358521811113528
tail15_reclaim00_all_1200_c20,2024-12,-0.0469409838466913
tail15_reclaim00_all_1200_c20,2025-01,-0.1917965534930975
tail15_reclaim00_all_1200_c20,2025-02,-0.1153734006517062
tail15_reclaim00_all_1200_c20,2025-03,-0.21670529593729784
tail15_reclaim00_all_1200_c20,2025-04,-0.004803227027959163
tail15_reclaim00_all_1200_c20,2025-05,0.12458220922092594
tail15_reclaim00_all_1200_c20,2025-06,0.005851925846544606
tail15_reclaim00_all_1200_c20,2025-07,-0.05756042788631495
tail15_reclaim00_all_1200_c20,2025-08,-0.04395093921363665
tail15_reclaim00_all_1200_c20,2025-09,0.007451592784107522
tail15_reclaim00_all_1200_c20,2025-10,-0.0007527427863329994
tail15_reclaim00_all_1200_c20,2025-11,-0.04285014759516007
tail15_reclaim00_all_1200_c20,2025-12,-0.06777524332766613
tail15_reclaim00_all_1200_c20,2026-01,-0.14953747925379643
tail15_reclaim00_all_1200_c20,2026-02,-0.04922990613040242
tail15_reclaim00_all_1200_c20,2026-03,-0.030599454635746762
tail15_reclaim00_all_1200_c20,2026-04,-0.06064825013503607
tail15_reclaim00_all_final_c5,2024-11,0.0511095953251029
tail15_reclaim00_all_final_c5,2024-12,-0.10925699732697271
tail15_reclaim00_all_final_c5,2025-01,-0.12266122714816251
tail15_reclaim00_all_final_c5,2025-02,-0.020687720319990922
tail15_reclaim00_all_final_c5,2025-03,-0.162653969819825
tail15_reclaim00_all_final_c5,2025-04,0.2405832112607304
tail15_reclaim00_all_final_c5,2025-05,0.21510213468280662
tail15_reclaim00_all_final_c5,2025-06,-0.05600349334080205
tail15_reclaim00_all_final_c5,2025-07,-0.03849017432912025
tail15_reclaim00_all_final_c5,2025-08,0.006500047493143188
tail15_reclaim00_all_final_c5,2025-09,0.10994389751367095
tail15_reclaim00_all_final_c5,2025-10,0.027530706770857543
tail15_reclaim00_all_final_c5,2025-11,0.004186278972617999
tail15_reclaim00_all_final_c5,2025-12,-0.006600954169723597
tail15_reclaim00_all_final_c5,2026-01,-0.0877959793808828
tail15_reclaim00_all_final_c5,2026-02,-0.005525387287801314
tail15_reclaim00_all_final_c5,2026-03,-0.009517323343054076
tail15_reclaim00_all_final_c5,2026-04,0.08269832560560614
tail15_reclaim00_all_final_c10,2024-11,0.03210959532510288
tail15_reclaim00_all_final_c10,2024-12,-0.1282569973269727
tail15_reclaim00_all_final_c10,2025-01,-0.1386612271481625
tail15_reclaim00_all_final_c10,2025-02,-0.03868772031999093
tail15_reclaim00_all_final_c10,2025-03,-0.183653969819825
tail15_reclaim00_all_final_c10,2025-04,0.22158321126073038
tail15_reclaim00_all_final_c10,2025-05,0.1961021346828066
tail15_reclaim00_all_final_c10,2025-06,-0.07400349334080206
tail15_reclaim00_all_final_c10,2025-07,-0.058490174329120244
tail15_reclaim00_all_final_c10,2025-08,-0.013499952506856823
tail15_reclaim00_all_final_c10,2025-09,0.08994389751367095
tail15_reclaim00_all_final_c10,2025-10,0.005530706770857534
tail15_reclaim00_all_final_c10,2025-11,-0.013813721027382002
tail15_reclaim00_all_final_c10,2025-12,-0.027600954169723597
tail15_reclaim00_all_final_c10,2026-01,-0.1077959793808828
tail15_reclaim00_all_final_c10,2026-02,-0.022525387287801325
tail15_reclaim00_all_final_c10,2026-03,-0.030517323343054077
tail15_reclaim00_all_final_c10,2026-04,0.061698325605606126
tail15_reclaim00_all_final_c20,2024-11,-0.0058904046748971
tail15_reclaim00_all_final_c20,2024-12,-0.16625699732697274
tail15_reclaim00_all_final_c20,2025-01,-0.1706612271481625
tail15_reclaim00_all_final_c20,2025-02,-0.07468772031999092
tail15_reclaim00_all_final_c20,2025-03,-0.22565396981982502
tail15_reclaim00_all_final_c20,2025-04,0.1835832112607304
tail15_reclaim00_all_final_c20,2025-05,0.15810213468280662
tail15_reclaim00_all_final_c20,2025-06,-0.11000349334080205
tail15_reclaim00_all_final_c20,2025-07,-0.09849017432912024
tail15_reclaim00_all_final_c20,2025-08,-0.053499952506856824
tail15_reclaim00_all_final_c20,2025-09,0.049943897513670954
tail15_reclaim00_all_final_c20,2025-10,-0.038469293229142464
tail15_reclaim00_all_final_c20,2025-11,-0.04981372102738201
tail15_reclaim00_all_final_c20,2025-12,-0.06960095416972359
tail15_reclaim00_all_final_c20,2026-01,-0.1477959793808828
tail15_reclaim00_all_final_c20,2026-02,-0.056525387287801335
tail15_reclaim00_all_final_c20,2026-03,-0.0725173233430541
tail15_reclaim00_all_final_c20,2026-04,0.019698325605606127
tail15_reclaim00_participation_q50_1200_c5,2024-11,0.011101780351005737
tail15_reclaim00_participation_q50_1200_c5,2024-12,0.019997961806656923
tail15_reclaim00_participation_q50_1200_c5,2025-01,-0.13168983153758573
tail15_reclaim00_participation_q50_1200_c5,2025-02,-0.06752913661928245
tail15_reclaim00_participation_q50_1200_c5,2025-03,-0.07522030028479096
tail15_reclaim00_participation_q50_1200_c5,2025-04,0.03862521220319034
tail15_reclaim00_participation_q50_1200_c5,2025-05,0.1364053257454448
tail15_reclaim00_participation_q50_1200_c5,2025-06,0.041083396460662204
tail15_reclaim00_participation_q50_1200_c5,2025-07,0.001009691384266917
tail15_reclaim00_participation_q50_1200_c5,2025-08,-0.08337233567866205
tail15_reclaim00_participation_q50_1200_c5,2025-09,0.08997686151465956
tail15_reclaim00_participation_q50_1200_c5,2025-10,0.11052924695603805
tail15_reclaim00_participation_q50_1200_c5,2025-11,-0.01130510579272042
tail15_reclaim00_participation_q50_1200_c5,2025-12,0.02605769618064386
tail15_reclaim00_participation_q50_1200_c5,2026-01,-0.07635479677282096
tail15_reclaim00_participation_q50_1200_c5,2026-02,0.013695450062481894
tail15_reclaim00_participation_q50_1200_c5,2026-03,0.07765356383795236
tail15_reclaim00_participation_q50_1200_c5,2026-04,0.005037877211468467
tail15_reclaim00_participation_q50_1200_c10,2024-11,-0.00689821964899426
tail15_reclaim00_participation_q50_1200_c10,2024-12,0.0059979618066569275
tail15_reclaim00_participation_q50_1200_c10,2025-01,-0.14668983153758575
tail15_reclaim00_participation_q50_1200_c10,2025-02,-0.08052913661928245
tail15_reclaim00_participation_q50_1200_c10,2025-03,-0.09322030028479096
tail15_reclaim00_participation_q50_1200_c10,2025-04,0.02162521220319033
tail15_reclaim00_participation_q50_1200_c10,2025-05,0.1254053257454448
tail15_reclaim00_participation_q50_1200_c10,2025-06,0.031083396460662195
tail15_reclaim00_participation_q50_1200_c10,2025-07,-0.016990308615733092
tail15_reclaim00_participation_q50_1200_c10,2025-08,-0.09837233567866205
tail15_reclaim00_participation_q50_1200_c10,2025-09,0.07197686151465955
tail15_reclaim00_participation_q50_1200_c10,2025-10,0.09052924695603805
tail15_reclaim00_participation_q50_1200_c10,2025-11,-0.026305105792720433
tail15_reclaim00_participation_q50_1200_c10,2025-12,0.006057696180643852
tail15_reclaim00_participation_q50_1200_c10,2026-01,-0.09535479677282097
tail15_reclaim00_participation_q50_1200_c10,2026-02,-0.003304549937518121
tail15_reclaim00_participation_q50_1200_c10,2026-03,0.059653563837952346
tail15_reclaim00_participation_q50_1200_c10,2026-04,-0.01596212278853154
tail15_reclaim00_participation_q50_1200_c20,2024-11,-0.04289821964899426
tail15_reclaim00_participation_q50_1200_c20,2024-12,-0.022002038193343065
tail15_reclaim00_participation_q50_1200_c20,2025-01,-0.17668983153758575
tail15_reclaim00_participation_q50_1200_c20,2025-02,-0.10652913661928244
tail15_reclaim00_participation_q50_1200_c20,2025-03,-0.12922030028479095
tail15_reclaim00_participation_q50_1200_c20,2025-04,-0.012374787796809672
tail15_reclaim00_participation_q50_1200_c20,2025-05,0.10340532574544481
tail15_reclaim00_participation_q50_1200_c20,2025-06,0.011083396460662203
tail15_reclaim00_participation_q50_1200_c20,2025-07,-0.05299030861573308
tail15_reclaim00_participation_q50_1200_c20,2025-08,-0.12837233567866205
tail15_reclaim00_participation_q50_1200_c20,2025-09,0.035976861514659564
tail15_reclaim00_participation_q50_1200_c20,2025-10,0.05052924695603806
tail15_reclaim00_participation_q50_1200_c20,2025-11,-0.056305105792720425
tail15_reclaim00_participation_q50_1200_c20,2025-12,-0.03394230381935614
tail15_reclaim00_participation_q50_1200_c20,2026-01,-0.13335479677282097
tail15_reclaim00_participation_q50_1200_c20,2026-02,-0.03730454993751811
tail15_reclaim00_participation_q50_1200_c20,2026-03,0.02365356383795236
tail15_reclaim00_participation_q50_1200_c20,2026-04,-0.05796212278853154
tail15_reclaim00_participation_q50_final_c5,2024-11,0.04178151535958658
tail15_reclaim00_participation_q50_final_c5,2024-12,-0.0733348068576055
tail15_reclaim00_participation_q50_final_c5,2025-01,-0.0921133038114366
tail15_reclaim00_participation_q50_final_c5,2025-02,-0.028884493458192318
tail15_reclaim00_participation_q50_final_c5,2025-03,-0.10171538281259931
tail15_reclaim00_participation_q50_final_c5,2025-04,0.19697280287293484
tail15_reclaim00_participation_q50_final_c5,2025-05,0.20478121509919112
tail15_reclaim00_participation_q50_final_c5,2025-06,0.011708806329325729
tail15_reclaim00_participation_q50_final_c5,2025-07,-0.03800413899718136
tail15_reclaim00_participation_q50_final_c5,2025-08,-0.13880326105022253
tail15_reclaim00_participation_q50_final_c5,2025-09,0.13261848586172867
tail15_reclaim00_participation_q50_final_c5,2025-10,0.06998518876766241
tail15_reclaim00_participation_q50_final_c5,2025-11,0.04691555929781292
tail15_reclaim00_participation_q50_final_c5,2025-12,0.024081455161858216
tail15_reclaim00_participation_q50_final_c5,2026-01,-0.09028680102399801
tail15_reclaim00_participation_q50_final_c5,2026-02,0.029957972877403767
tail15_reclaim00_participation_q50_final_c5,2026-03,0.053788214421140304
tail15_reclaim00_participation_q50_final_c5,2026-04,0.06709500306605068
tail15_reclaim00_participation_q50_final_c10,2024-11,0.022781515359586564
tail15_reclaim00_participation_q50_final_c10,2024-12,-0.0913348068576055
tail15_reclaim00_participation_q50_final_c10,2025-01,-0.1081133038114366
tail15_reclaim00_participation_q50_final_c10,2025-02,-0.04488449345819232
tail15_reclaim00_participation_q50_final_c10,2025-03,-0.12071538281259933
tail15_reclaim00_participation_q50_final_c10,2025-04,0.17997280287293485
tail15_reclaim00_participation_q50_final_c10,2025-05,0.1867812150991911
tail15_reclaim00_participation_q50_final_c10,2025-06,-0.002291193670674277
tail15_reclaim00_participation_q50_final_c10,2025-07,-0.057004138997181354
tail15_reclaim00_participation_q50_final_c10,2025-08,-0.15580326105022255
tail15_reclaim00_participation_q50_final_c10,2025-09,0.11361848586172867
tail15_reclaim00_participation_q50_final_c10,2025-10,0.04898518876766239
tail15_reclaim00_participation_q50_final_c10,2025-11,0.02991555929781291
tail15_reclaim00_participation_q50_final_c10,2025-12,0.0030814551618582216
tail15_reclaim00_participation_q50_final_c10,2026-01,-0.10928680102399801
tail15_reclaim00_participation_q50_final_c10,2026-02,0.012957972877403762
tail15_reclaim00_participation_q50_final_c10,2026-03,0.0357882144211403
tail15_reclaim00_participation_q50_final_c10,2026-04,0.046095003066050674
tail15_reclaim00_participation_q50_final_c20,2024-11,-0.015218484640413426
tail15_reclaim00_participation_q50_final_c20,2024-12,-0.1273348068576055
tail15_reclaim00_participation_q50_final_c20,2025-01,-0.1401133038114366
tail15_reclaim00_participation_q50_final_c20,2025-02,-0.07688449345819232
tail15_reclaim00_participation_q50_final_c20,2025-03,-0.1587153828125993
tail15_reclaim00_participation_q50_final_c20,2025-04,0.14597280287293485
tail15_reclaim00_participation_q50_final_c20,2025-05,0.15078121509919112
tail15_reclaim00_participation_q50_final_c20,2025-06,-0.030291193670674278
tail15_reclaim00_participation_q50_final_c20,2025-07,-0.09500413899718135
tail15_reclaim00_participation_q50_final_c20,2025-08,-0.18980326105022255
tail15_reclaim00_participation_q50_final_c20,2025-09,0.07561848586172869
tail15_reclaim00_participation_q50_final_c20,2025-10,0.006985188767662385
tail15_reclaim00_participation_q50_final_c20,2025-11,-0.004084440702187088
tail15_reclaim00_participation_q50_final_c20,2025-12,-0.03891854483814178
tail15_reclaim00_participation_q50_final_c20,2026-01,-0.14728680102399802
tail15_reclaim00_participation_q50_final_c20,2026-02,-0.021042027122596237
tail15_reclaim00_participation_q50_final_c20,2026-03,-0.00021178557885970228
tail15_reclaim00_participation_q50_final_c20,2026-04,0.004095003066050668
tail15_reclaim00_participation_q67_1200_c5,2024-11,-0.01582325558224363
tail15_reclaim00_participation_q67_1200_c5,2024-12,-0.011203764181888825
tail15_reclaim00_participation_q67_1200_c5,2025-01,-0.11900982757442786
tail15_reclaim00_participation_q67_1200_c5,2025-02,-0.0826692256770379
tail15_reclaim00_participation_q67_1200_c5,2025-03,-0.11022899621734286
tail15_reclaim00_participation_q67_1200_c5,2025-04,0.041704318419657826
tail15_reclaim00_participation_q67_1200_c5,2025-05,0.1510611495263805
tail15_reclaim00_participation_q67_1200_c5,2025-06,0.047486177694944544
tail15_reclaim00_participation_q67_1200_c5,2025-07,0.0007086993290373877
tail15_reclaim00_participation_q67_1200_c5,2025-08,-0.08707467354033532
tail15_reclaim00_participation_q67_1200_c5,2025-09,0.118687893122382
tail15_reclaim00_participation_q67_1200_c5,2025-10,0.08411415879996963
tail15_reclaim00_participation_q67_1200_c5,2025-11,0.00157364220456556
tail15_reclaim00_participation_q67_1200_c5,2025-12,0.023344948927861438
tail15_reclaim00_participation_q67_1200_c5,2026-01,-0.09050003610223575
tail15_reclaim00_participation_q67_1200_c5,2026-02,-0.008428824171902508
tail15_reclaim00_participation_q67_1200_c5,2026-03,0.07691411598196679
tail15_reclaim00_participation_q67_1200_c5,2026-04,-0.01800911796324555
tail15_reclaim00_participation_q67_1200_c10,2024-11,-0.03382325558224364
tail15_reclaim00_participation_q67_1200_c10,2024-12,-0.025203764181888827
tail15_reclaim00_participation_q67_1200_c10,2025-01,-0.13500982757442787
tail15_reclaim00_participation_q67_1200_c10,2025-02,-0.0956692256770379
tail15_reclaim00_participation_q67_1200_c10,2025-03,-0.12722899621734285
tail15_reclaim00_participation_q67_1200_c10,2025-04,0.02670431841965782
tail15_reclaim00_participation_q67_1200_c10,2025-05,0.13906114952638052
tail15_reclaim00_participation_q67_1200_c10,2025-06,0.03748617769494454
tail15_reclaim00_participation_q67_1200_c10,2025-07,-0.016291300670962613
tail15_reclaim00_participation_q67_1200_c10,2025-08,-0.10207467354033532
tail15_reclaim00_participation_q67_1200_c10,2025-09,0.101687893122382
tail15_reclaim00_participation_q67_1200_c10,2025-10,0.06611415879996962
tail15_reclaim00_participation_q67_1200_c10,2025-11,-0.015426357795434439
tail15_reclaim00_participation_q67_1200_c10,2025-12,0.004344948927861433
tail15_reclaim00_participation_q67_1200_c10,2026-01,-0.10950003610223576
tail15_reclaim00_participation_q67_1200_c10,2026-02,-0.024428824171902522
tail15_reclaim00_participation_q67_1200_c10,2026-03,0.05891411598196679
tail15_reclaim00_participation_q67_1200_c10,2026-04,-0.03800911796324556
tail15_reclaim00_participation_q67_1200_c20,2024-11,-0.06982325558224362
tail15_reclaim00_participation_q67_1200_c20,2024-12,-0.053203764181888824
tail15_reclaim00_participation_q67_1200_c20,2025-01,-0.16700982757442787
tail15_reclaim00_participation_q67_1200_c20,2025-02,-0.12166922567703789
tail15_reclaim00_participation_q67_1200_c20,2025-03,-0.16122899621734285
tail15_reclaim00_participation_q67_1200_c20,2025-04,-0.0032956815803421857
tail15_reclaim00_participation_q67_1200_c20,2025-05,0.11506114952638052
tail15_reclaim00_participation_q67_1200_c20,2025-06,0.017486177694944545
tail15_reclaim00_participation_q67_1200_c20,2025-07,-0.05029130067096261
tail15_reclaim00_participation_q67_1200_c20,2025-08,-0.13207467354033534
tail15_reclaim00_participation_q67_1200_c20,2025-09,0.067687893122382
tail15_reclaim00_participation_q67_1200_c20,2025-10,0.03011415879996962
tail15_reclaim00_participation_q67_1200_c20,2025-11,-0.049426357795434445
tail15_reclaim00_participation_q67_1200_c20,2025-12,-0.033655051072138564
tail15_reclaim00_participation_q67_1200_c20,2026-01,-0.14750003610223575
tail15_reclaim00_participation_q67_1200_c20,2026-02,-0.056428824171902515
tail15_reclaim00_participation_q67_1200_c20,2026-03,0.022914115981966795
tail15_reclaim00_participation_q67_1200_c20,2026-04,-0.07800911796324556
tail15_reclaim00_participation_q67_final_c5,2024-11,0.007746066883459213
tail15_reclaim00_participation_q67_final_c5,2024-12,-0.10951820384489473
tail15_reclaim00_participation_q67_final_c5,2025-01,-0.08052343182282183
tail15_reclaim00_participation_q67_final_c5,2025-02,-0.03003694612818864
tail15_reclaim00_participation_q67_final_c5,2025-03,-0.10708576750282006
tail15_reclaim00_participation_q67_final_c5,2025-04,0.20209003955846566
tail15_reclaim00_participation_q67_final_c5,2025-05,0.20446685044163598
tail15_reclaim00_participation_q67_final_c5,2025-06,0.059956843837031495
tail15_reclaim00_participation_q67_final_c5,2025-07,-0.027782539991896484
tail15_reclaim00_participation_q67_final_c5,2025-08,-0.11327379560927514
tail15_reclaim00_participation_q67_final_c5,2025-09,0.152971228670821
tail15_reclaim00_participation_q67_final_c5,2025-10,0.016773906835619898
tail15_reclaim00_participation_q67_final_c5,2025-11,0.08071982124551869
tail15_reclaim00_participation_q67_final_c5,2025-12,0.00866777771168793
tail15_reclaim00_participation_q67_final_c5,2026-01,-0.10401603351806732
tail15_reclaim00_participation_q67_final_c5,2026-02,-0.0003350524037939624
tail15_reclaim00_participation_q67_final_c5,2026-03,0.07900876534121269
tail15_reclaim00_participation_q67_final_c5,2026-04,0.06464261595798616
tail15_reclaim00_participation_q67_final_c10,2024-11,-0.011253933116540802
tail15_reclaim00_participation_q67_final_c10,2024-12,-0.12651820384489473
tail15_reclaim00_participation_q67_final_c10,2025-01,-0.09652343182282182
tail15_reclaim00_participation_q67_final_c10,2025-02,-0.04603694612818865
tail15_reclaim00_participation_q67_final_c10,2025-03,-0.12408576750282005
tail15_reclaim00_participation_q67_final_c10,2025-04,0.18709003955846565
tail15_reclaim00_participation_q67_final_c10,2025-05,0.186466850441636
tail15_reclaim00_participation_q67_final_c10,2025-06,0.04795684383703149
tail15_reclaim00_participation_q67_final_c10,2025-07,-0.04578253999189648
tail15_reclaim00_participation_q67_final_c10,2025-08,-0.13027379560927516
tail15_reclaim00_participation_q67_final_c10,2025-09,0.13497122867082098
tail15_reclaim00_participation_q67_final_c10,2025-10,-0.002226093164380112
tail15_reclaim00_participation_q67_final_c10,2025-11,0.06371982124551867
tail15_reclaim00_participation_q67_final_c10,2025-12,-0.010332222288312067
tail15_reclaim00_participation_q67_final_c10,2026-01,-0.12301603351806731
tail15_reclaim00_participation_q67_final_c10,2026-02,-0.01633505240379398
tail15_reclaim00_participation_q67_final_c10,2026-03,0.06100876534121269
tail15_reclaim00_participation_q67_final_c10,2026-04,0.04464261595798615
tail15_reclaim00_participation_q67_final_c20,2024-11,-0.04925393311654081
tail15_reclaim00_participation_q67_final_c20,2024-12,-0.16051820384489474
tail15_reclaim00_participation_q67_final_c20,2025-01,-0.12852343182282183
tail15_reclaim00_participation_q67_final_c20,2025-02,-0.07803694612818865
tail15_reclaim00_participation_q67_final_c20,2025-03,-0.15808576750282005
tail15_reclaim00_participation_q67_final_c20,2025-04,0.15709003955846565
tail15_reclaim00_participation_q67_final_c20,2025-05,0.150466850441636
tail15_reclaim00_participation_q67_final_c20,2025-06,0.023956843837031498
tail15_reclaim00_participation_q67_final_c20,2025-07,-0.08178253999189648
tail15_reclaim00_participation_q67_final_c20,2025-08,-0.16427379560927516
tail15_reclaim00_participation_q67_final_c20,2025-09,0.098971228670821
tail15_reclaim00_participation_q67_final_c20,2025-10,-0.04022609316438011
tail15_reclaim00_participation_q67_final_c20,2025-11,0.029719821245518675
tail15_reclaim00_participation_q67_final_c20,2025-12,-0.04833222228831207
tail15_reclaim00_participation_q67_final_c20,2026-01,-0.16101603351806731
tail15_reclaim00_participation_q67_final_c20,2026-02,-0.048335052403793974
tail15_reclaim00_participation_q67_final_c20,2026-03,0.025008765341212675
tail15_reclaim00_participation_q67_final_c20,2026-04,0.004642615957986162
tail15_reclaim00_participation_q80_1200_c5,2024-11,0.03016019469145228
tail15_reclaim00_participation_q80_1200_c5,2024-12,-0.025066479651182975
tail15_reclaim00_participation_q80_1200_c5,2025-01,-0.13566150868829377
tail15_reclaim00_participation_q80_1200_c5,2025-02,-0.021098677496823703
tail15_reclaim00_participation_q80_1200_c5,2025-03,-0.11477823794944136
tail15_reclaim00_participation_q80_1200_c5,2025-04,0.027575964765171504
tail15_reclaim00_participation_q80_1200_c5,2025-05,0.15415361038582315
tail15_reclaim00_participation_q80_1200_c5,2025-06,0.06661466264512884
tail15_reclaim00_participation_q80_1200_c5,2025-07,0.029240037757164036
tail15_reclaim00_participation_q80_1200_c5,2025-08,-0.0896234926636652
tail15_reclaim00_participation_q80_1200_c5,2025-09,0.11378035772112764
tail15_reclaim00_participation_q80_1200_c5,2025-10,0.0902179136215634
tail15_reclaim00_participation_q80_1200_c5,2025-11,0.032033998697798285
tail15_reclaim00_participation_q80_1200_c5,2025-12,0.02476374159169495
tail15_reclaim00_participation_q80_1200_c5,2026-01,-0.15688251056654845
tail15_reclaim00_participation_q80_1200_c5,2026-02,0.05550903641402401
tail15_reclaim00_participation_q80_1200_c5,2026-03,0.081541267989511
tail15_reclaim00_participation_q80_1200_c5,2026-04,-0.04416308974589143
tail15_reclaim00_participation_q80_1200_c10,2024-11,0.013160194691452272
tail15_reclaim00_participation_q80_1200_c10,2024-12,-0.03706647965118297
tail15_reclaim00_participation_q80_1200_c10,2025-01,-0.14966150868829378
tail15_reclaim00_participation_q80_1200_c10,2025-02,-0.0340986774968237
tail15_reclaim00_participation_q80_1200_c10,2025-03,-0.12977823794944138
tail15_reclaim00_participation_q80_1200_c10,2025-04,0.0135759647651715
tail15_reclaim00_participation_q80_1200_c10,2025-05,0.14215361038582316
tail15_reclaim00_participation_q80_1200_c10,2025-06,0.05661466264512885
tail15_reclaim00_participation_q80_1200_c10,2025-07,0.013240037757164029
tail15_reclaim00_participation_q80_1200_c10,2025-08,-0.1056234926636652
tail15_reclaim00_participation_q80_1200_c10,2025-09,0.09978035772112764
tail15_reclaim00_participation_q80_1200_c10,2025-10,0.07321791362156338
tail15_reclaim00_participation_q80_1200_c10,2025-11,0.019033998697798274
tail15_reclaim00_participation_q80_1200_c10,2025-12,0.007763741591694946
tail15_reclaim00_participation_q80_1200_c10,2026-01,-0.17488251056654847
tail15_reclaim00_participation_q80_1200_c10,2026-02,0.04050903641402399
tail15_reclaim00_participation_q80_1200_c10,2026-03,0.06654126798951099
tail15_reclaim00_participation_q80_1200_c10,2026-04,-0.059163089745891434
tail15_reclaim00_participation_q80_1200_c20,2024-11,-0.020839805308547718
tail15_reclaim00_participation_q80_1200_c20,2024-12,-0.06106647965118297
tail15_reclaim00_participation_q80_1200_c20,2025-01,-0.17766150868829378
tail15_reclaim00_participation_q80_1200_c20,2025-02,-0.060098677496823696
tail15_reclaim00_participation_q80_1200_c20,2025-03,-0.15977823794944135
tail15_reclaim00_participation_q80_1200_c20,2025-04,-0.014424035234828506
tail15_reclaim00_participation_q80_1200_c20,2025-05,0.11815361038582317
tail15_reclaim00_participation_q80_1200_c20,2025-06,0.03661466264512885
tail15_reclaim00_participation_q80_1200_c20,2025-07,-0.018759962242835968
tail15_reclaim00_participation_q80_1200_c20,2025-08,-0.13762349266366522
tail15_reclaim00_participation_q80_1200_c20,2025-09,0.07178035772112765
tail15_reclaim00_participation_q80_1200_c20,2025-10,0.03921791362156339
tail15_reclaim00_participation_q80_1200_c20,2025-11,-0.006966001302201723
tail15_reclaim00_participation_q80_1200_c20,2025-12,-0.026236258408305048
tail15_reclaim00_participation_q80_1200_c20,2026-01,-0.21088251056654844
tail15_reclaim00_participation_q80_1200_c20,2026-02,0.010509036414024
tail15_reclaim00_participation_q80_1200_c20,2026-03,0.03654126798951102
tail15_reclaim00_participation_q80_1200_c20,2026-04,-0.08916308974589142
tail15_reclaim00_participation_q80_final_c5,2024-11,0.08244741632897834
tail15_reclaim00_participation_q80_final_c5,2024-12,-0.13863215354020697
tail15_reclaim00_participation_q80_final_c5,2025-01,-0.0739319061315373
tail15_reclaim00_participation_q80_final_c5,2025-02,-0.010715695013273099
tail15_reclaim00_participation_q80_final_c5,2025-03,-0.13230269554734475
tail15_reclaim00_participation_q80_final_c5,2025-04,0.16900696744311666
tail15_reclaim00_participation_q80_final_c5,2025-05,0.20283888786710738
tail15_reclaim00_participation_q80_final_c5,2025-06,0.08989801157958022
tail15_reclaim00_participation_q80_final_c5,2025-07,-0.017040446328197158
tail15_reclaim00_participation_q80_final_c5,2025-08,-0.14683369692879158
tail15_reclaim00_participation_q80_final_c5,2025-09,0.1432610232867551
tail15_reclaim00_participation_q80_final_c5,2025-10,0.01021356329632286
tail15_reclaim00_participation_q80_final_c5,2025-11,0.06094287750505361
tail15_reclaim00_participation_q80_final_c5,2025-12,0.024253102030313577
tail15_reclaim00_participation_q80_final_c5,2026-01,-0.21330164023054568
tail15_reclaim00_participation_q80_final_c5,2026-02,0.09329946535628635
tail15_reclaim00_participation_q80_final_c5,2026-03,0.10238306104857062
tail15_reclaim00_participation_q80_final_c5,2026-04,0.023367560382778693
tail15_reclaim00_participation_q80_final_c10,2024-11,0.06544741632897833
tail15_reclaim00_participation_q80_final_c10,2024-12,-0.15363215354020696
tail15_reclaim00_participation_q80_final_c10,2025-01,-0.0879319061315373
tail15_reclaim00_participation_q80_final_c10,2025-02,-0.0257156950132731
tail15_reclaim00_participation_q80_final_c10,2025-03,-0.14730269554734476
tail15_reclaim00_participation_q80_final_c10,2025-04,0.15500696744311665
tail15_reclaim00_participation_q80_final_c10,2025-05,0.18583888786710737
tail15_reclaim00_participation_q80_final_c10,2025-06,0.07889801157958022
tail15_reclaim00_participation_q80_final_c10,2025-07,-0.033040446328197165
tail15_reclaim00_participation_q80_final_c10,2025-08,-0.1638336969287916
tail15_reclaim00_participation_q80_final_c10,2025-09,0.1292610232867551
tail15_reclaim00_participation_q80_final_c10,2025-10,-0.007786436703677152
tail15_reclaim00_participation_q80_final_c10,2025-11,0.04794287750505359
tail15_reclaim00_participation_q80_final_c10,2025-12,0.007253102030313577
tail15_reclaim00_participation_q80_final_c10,2026-01,-0.23130164023054567
tail15_reclaim00_participation_q80_final_c10,2026-02,0.07829946535628633
tail15_reclaim00_participation_q80_final_c10,2026-03,0.08738306104857062
tail15_reclaim00_participation_q80_final_c10,2026-04,0.008367560382778689
tail15_reclaim00_participation_q80_final_c20,2024-11,0.03144741632897833
tail15_reclaim00_participation_q80_final_c20,2024-12,-0.18363215354020695
tail15_reclaim00_participation_q80_final_c20,2025-01,-0.11593190613153731
tail15_reclaim00_participation_q80_final_c20,2025-02,-0.0557156950132731
tail15_reclaim00_participation_q80_final_c20,2025-03,-0.17730269554734474
tail15_reclaim00_participation_q80_final_c20,2025-04,0.12700696744311663
tail15_reclaim00_participation_q80_final_c20,2025-05,0.1518388878671074
tail15_reclaim00_participation_q80_final_c20,2025-06,0.056898011579580215
tail15_reclaim00_participation_q80_final_c20,2025-07,-0.06504044632819717
tail15_reclaim00_participation_q80_final_c20,2025-08,-0.1978336969287916
tail15_reclaim00_participation_q80_final_c20,2025-09,0.10126102328675511
tail15_reclaim00_participation_q80_final_c20,2025-10,-0.043786436703677156
tail15_reclaim00_participation_q80_final_c20,2025-11,0.02194287750505359
tail15_reclaim00_participation_q80_final_c20,2025-12,-0.02674689796968642
tail15_reclaim00_participation_q80_final_c20,2026-01,-0.2673016402305457
tail15_reclaim00_participation_q80_final_c20,2026-02,0.048299465356286334
tail15_reclaim00_participation_q80_final_c20,2026-03,0.05738306104857062
tail15_reclaim00_participation_q80_final_c20,2026-04,-0.02163243961722131
tail15_reclaim00_anomaly_ge1_1200_c5,2024-11,0.0030221862522226495
tail15_reclaim00_anomaly_ge1_1200_c5,2024-12,0.03645644389128441
tail15_reclaim00_anomaly_ge1_1200_c5,2025-01,-0.122560391556152
tail15_reclaim00_anomaly_ge1_1200_c5,2025-02,-0.03990848354257592
tail15_reclaim00_anomaly_ge1_1200_c5,2025-03,-0.16205049749452594
tail15_reclaim00_anomaly_ge1_1200_c5,2025-04,0.033182031536438374
tail15_reclaim00_anomaly_ge1_1200_c5,2025-05,0.14956484455138744
tail15_reclaim00_anomaly_ge1_1200_c5,2025-06,0.06079881407053259
tail15_reclaim00_anomaly_ge1_1200_c5,2025-07,-0.02704013961693473
tail15_reclaim00_anomaly_ge1_1200_c5,2025-08,-0.01738408374713389
tail15_reclaim00_anomaly_ge1_1200_c5,2025-09,0.11326357113976772
tail15_reclaim00_anomaly_ge1_1200_c5,2025-10,0.15480847079751017
tail15_reclaim00_anomaly_ge1_1200_c5,2025-11,0.05555404280364559
tail15_reclaim00_anomaly_ge1_1200_c5,2025-12,0.025702312107172595
tail15_reclaim00_anomaly_ge1_1200_c5,2026-01,-0.11640649697603872
tail15_reclaim00_anomaly_ge1_1200_c5,2026-02,0.005655351244366828
tail15_reclaim00_anomaly_ge1_1200_c5,2026-03,0.033274745459085556
tail15_reclaim00_anomaly_ge1_1200_c5,2026-04,0.0004954549664551999
tail15_reclaim00_anomaly_ge1_1200_c10,2024-11,-0.014977813747777362
tail15_reclaim00_anomaly_ge1_1200_c10,2024-12,0.023456443891284408
tail15_reclaim00_anomaly_ge1_1200_c10,2025-01,-0.138560391556152
tail15_reclaim00_anomaly_ge1_1200_c10,2025-02,-0.05490848354257592
tail15_reclaim00_anomaly_ge1_1200_c10,2025-03,-0.17805049749452595
tail15_reclaim00_anomaly_ge1_1200_c10,2025-04,0.017182031536438366
tail15_reclaim00_anomaly_ge1_1200_c10,2025-05,0.13756484455138743
tail15_reclaim00_anomaly_ge1_1200_c10,2025-06,0.049798814070532584
tail15_reclaim00_anomaly_ge1_1200_c10,2025-07,-0.04404013961693474
tail15_reclaim00_anomaly_ge1_1200_c10,2025-08,-0.03438408374713389
tail15_reclaim00_anomaly_ge1_1200_c10,2025-09,0.09426357113976772
tail15_reclaim00_anomaly_ge1_1200_c10,2025-10,0.13480847079751015
tail15_reclaim00_anomaly_ge1_1200_c10,2025-11,0.03955404280364558
tail15_reclaim00_anomaly_ge1_1200_c10,2025-12,0.008702312107172596
tail15_reclaim00_anomaly_ge1_1200_c10,2026-01,-0.13640649697603874
tail15_reclaim00_anomaly_ge1_1200_c10,2026-02,-0.011344648755633187
tail15_reclaim00_anomaly_ge1_1200_c10,2026-03,0.015274745459085547
tail15_reclaim00_anomaly_ge1_1200_c10,2026-04,-0.020504545033544815
tail15_reclaim00_anomaly_ge1_1200_c20,2024-11,-0.05097781374777735
tail15_reclaim00_anomaly_ge1_1200_c20,2024-12,-0.0025435561087155875
tail15_reclaim00_anomaly_ge1_1200_c20,2025-01,-0.170560391556152
tail15_reclaim00_anomaly_ge1_1200_c20,2025-02,-0.08490848354257592
tail15_reclaim00_anomaly_ge1_1200_c20,2025-03,-0.21005049749452592
tail15_reclaim00_anomaly_ge1_1200_c20,2025-04,-0.014817968463561634
tail15_reclaim00_anomaly_ge1_1200_c20,2025-05,0.11356484455138743
tail15_reclaim00_anomaly_ge1_1200_c20,2025-06,0.027798814070532592
tail15_reclaim00_anomaly_ge1_1200_c20,2025-07,-0.07804013961693473
tail15_reclaim00_anomaly_ge1_1200_c20,2025-08,-0.06838408374713391
tail15_reclaim00_anomaly_ge1_1200_c20,2025-09,0.05626357113976772
tail15_reclaim00_anomaly_ge1_1200_c20,2025-10,0.09480847079751016
tail15_reclaim00_anomaly_ge1_1200_c20,2025-11,0.007554042803645588
tail15_reclaim00_anomaly_ge1_1200_c20,2025-12,-0.0252976878928274
tail15_reclaim00_anomaly_ge1_1200_c20,2026-01,-0.17640649697603872
tail15_reclaim00_anomaly_ge1_1200_c20,2026-02,-0.04534464875563319
tail15_reclaim00_anomaly_ge1_1200_c20,2026-03,-0.02072525454091444
tail15_reclaim00_anomaly_ge1_1200_c20,2026-04,-0.0625045450335448
tail15_reclaim00_anomaly_ge1_final_c5,2024-11,0.0407256955839953
tail15_reclaim00_anomaly_ge1_final_c5,2024-12,-0.06249015599791201
tail15_reclaim00_anomaly_ge1_final_c5,2025-01,-0.07504420436168413
tail15_reclaim00_anomaly_ge1_final_c5,2025-02,0.007308878264539514
tail15_reclaim00_anomaly_ge1_final_c5,2025-03,-0.1456627705755847
tail15_reclaim00_anomaly_ge1_final_c5,2025-04,0.21941675034550212
tail15_reclaim00_anomaly_ge1_final_c5,2025-05,0.25787734306931737
tail15_reclaim00_anomaly_ge1_final_c5,2025-06,0.009192385005915023
tail15_reclaim00_anomaly_ge1_final_c5,2025-07,-0.048968455404770635
tail15_reclaim00_anomaly_ge1_final_c5,2025-08,-0.07354957145348746
tail15_reclaim00_anomaly_ge1_final_c5,2025-09,0.15168325781727784
tail15_reclaim00_anomaly_ge1_final_c5,2025-10,0.09982699454592425
tail15_reclaim00_anomaly_ge1_final_c5,2025-11,0.033060460311487426
tail15_reclaim00_anomaly_ge1_final_c5,2025-12,0.007737393630885572
tail15_reclaim00_anomaly_ge1_final_c5,2026-01,-0.13772797288738067
tail15_reclaim00_anomaly_ge1_final_c5,2026-02,-0.008473706478766677
tail15_reclaim00_anomaly_ge1_final_c5,2026-03,0.022334412769151796
tail15_reclaim00_anomaly_ge1_final_c5,2026-04,0.07120150087604146
tail15_reclaim00_anomaly_ge1_final_c10,2024-11,0.021725695583995286
tail15_reclaim00_anomaly_ge1_final_c10,2024-12,-0.07849015599791201
tail15_reclaim00_anomaly_ge1_final_c10,2025-01,-0.09104420436168413
tail15_reclaim00_anomaly_ge1_final_c10,2025-02,-0.009691121735460499
tail15_reclaim00_anomaly_ge1_final_c10,2025-03,-0.1646627705755847
tail15_reclaim00_anomaly_ge1_final_c10,2025-04,0.20341675034550213
tail15_reclaim00_anomaly_ge1_final_c10,2025-05,0.23987734306931735
tail15_reclaim00_anomaly_ge1_final_c10,2025-06,-0.004807614994084974
tail15_reclaim00_anomaly_ge1_final_c10,2025-07,-0.06696845540477063
tail15_reclaim00_anomaly_ge1_final_c10,2025-08,-0.09154957145348747
tail15_reclaim00_anomaly_ge1_final_c10,2025-09,0.13168325781727785
tail15_reclaim00_anomaly_ge1_final_c10,2025-10,0.07882699454592423
tail15_reclaim00_anomaly_ge1_final_c10,2025-11,0.01506046031148742
tail15_reclaim00_anomaly_ge1_final_c10,2025-12,-0.009262606369114421
tail15_reclaim00_anomaly_ge1_final_c10,2026-01,-0.15772797288738066
tail15_reclaim00_anomaly_ge1_final_c10,2026-02,-0.02547370647876669
tail15_reclaim00_anomaly_ge1_final_c10,2026-03,0.0033344127691517945
tail15_reclaim00_anomaly_ge1_final_c10,2026-04,0.05020150087604146
tail15_reclaim00_anomaly_ge1_final_c20,2024-11,-0.0162743044160047
tail15_reclaim00_anomaly_ge1_final_c20,2024-12,-0.11049015599791201
tail15_reclaim00_anomaly_ge1_final_c20,2025-01,-0.12304420436168413
tail15_reclaim00_anomaly_ge1_final_c20,2025-02,-0.043691121735460504
tail15_reclaim00_anomaly_ge1_final_c20,2025-03,-0.2026627705755847
tail15_reclaim00_anomaly_ge1_final_c20,2025-04,0.17141675034550213
tail15_reclaim00_anomaly_ge1_final_c20,2025-05,0.20387734306931737
tail15_reclaim00_anomaly_ge1_final_c20,2025-06,-0.03280761499408499
tail15_reclaim00_anomaly_ge1_final_c20,2025-07,-0.10296845540477063
tail15_reclaim00_anomaly_ge1_final_c20,2025-08,-0.12754957145348747
tail15_reclaim00_anomaly_ge1_final_c20,2025-09,0.09168325781727786
tail15_reclaim00_anomaly_ge1_final_c20,2025-10,0.03682699454592425
tail15_reclaim00_anomaly_ge1_final_c20,2025-11,-0.020939539688512594
tail15_reclaim00_anomaly_ge1_final_c20,2025-12,-0.043262606369114415
tail15_reclaim00_anomaly_ge1_final_c20,2026-01,-0.19772797288738067
tail15_reclaim00_anomaly_ge1_final_c20,2026-02,-0.059473706478766694
tail15_reclaim00_anomaly_ge1_final_c20,2026-03,-0.034665587230848206
tail15_reclaim00_anomaly_ge1_final_c20,2026-04,0.008201500876041462
tail15_reclaim00_anomaly_ge1_5_1200_c5,2024-11,0.00021213450578407792
tail15_reclaim00_anomaly_ge1_5_1200_c5,2024-12,0.015616925497746403
tail15_reclaim00_anomaly_ge1_5_1200_c5,2025-01,-0.18735270110049027
tail15_reclaim00_anomaly_ge1_5_1200_c5,2025-02,-0.0365362122283707
tail15_reclaim00_anomaly_ge1_5_1200_c5,2025-03,-0.10456239224319994
tail15_reclaim00_anomaly_ge1_5_1200_c5,2025-04,0.04048273984570127
tail15_reclaim00_anomaly_ge1_5_1200_c5,2025-05,0.16207680124432644
tail15_reclaim00_anomaly_ge1_5_1200_c5,2025-06,0.09810976282854816
tail15_reclaim00_anomaly_ge1_5_1200_c5,2025-07,-0.040651890093417666
tail15_reclaim00_anomaly_ge1_5_1200_c5,2025-08,-0.07098776623905391
tail15_reclaim00_anomaly_ge1_5_1200_c5,2025-09,0.12068355548069953
tail15_reclaim00_anomaly_ge1_5_1200_c5,2025-10,0.1044513403230391
tail15_reclaim00_anomaly_ge1_5_1200_c5,2025-11,0.020978623592439134
tail15_reclaim00_anomaly_ge1_5_1200_c5,2025-12,-0.009071657600253503
tail15_reclaim00_anomaly_ge1_5_1200_c5,2026-01,-0.10967390648804676
tail15_reclaim00_anomaly_ge1_5_1200_c5,2026-02,0.03813738653510079
tail15_reclaim00_anomaly_ge1_5_1200_c5,2026-03,0.05939217933430625
tail15_reclaim00_anomaly_ge1_5_1200_c5,2026-04,0.0639336709497043
tail15_reclaim00_anomaly_ge1_5_1200_c10,2024-11,-0.01578786549421593
tail15_reclaim00_anomaly_ge1_5_1200_c10,2024-12,0.006616925497746406
tail15_reclaim00_anomaly_ge1_5_1200_c10,2025-01,-0.20135270110049028
tail15_reclaim00_anomaly_ge1_5_1200_c10,2025-02,-0.05053621222837071
tail15_reclaim00_anomaly_ge1_5_1200_c10,2025-03,-0.11456239224319995
tail15_reclaim00_anomaly_ge1_5_1200_c10,2025-04,0.029482739845701267
tail15_reclaim00_anomaly_ge1_5_1200_c10,2025-05,0.14907680124432643
tail15_reclaim00_anomaly_ge1_5_1200_c10,2025-06,0.08610976282854817
tail15_reclaim00_anomaly_ge1_5_1200_c10,2025-07,-0.05365189009341768
tail15_reclaim00_anomaly_ge1_5_1200_c10,2025-08,-0.08698776623905391
tail15_reclaim00_anomaly_ge1_5_1200_c10,2025-09,0.10368355548069952
tail15_reclaim00_anomaly_ge1_5_1200_c10,2025-10,0.08745134032303908
tail15_reclaim00_anomaly_ge1_5_1200_c10,2025-11,0.007978623592439128
tail15_reclaim00_anomaly_ge1_5_1200_c10,2025-12,-0.020071657600253506
tail15_reclaim00_anomaly_ge1_5_1200_c10,2026-01,-0.12767390648804677
tail15_reclaim00_anomaly_ge1_5_1200_c10,2026-02,0.022137386535100785
tail15_reclaim00_anomaly_ge1_5_1200_c10,2026-03,0.04439217933430624
tail15_reclaim00_anomaly_ge1_5_1200_c10,2026-04,0.05193367094970429
tail15_reclaim00_anomaly_ge1_5_1200_c20,2024-11,-0.047787865494215924
tail15_reclaim00_anomaly_ge1_5_1200_c20,2024-12,-0.011383074502253593
tail15_reclaim00_anomaly_ge1_5_1200_c20,2025-01,-0.22935270110049027
tail15_reclaim00_anomaly_ge1_5_1200_c20,2025-02,-0.0785362122283707
tail15_reclaim00_anomaly_ge1_5_1200_c20,2025-03,-0.13456239224319994
tail15_reclaim00_anomaly_ge1_5_1200_c20,2025-04,0.007482739845701265
tail15_reclaim00_anomaly_ge1_5_1200_c20,2025-05,0.12307680124432642
tail15_reclaim00_anomaly_ge1_5_1200_c20,2025-06,0.06210976282854817
tail15_reclaim00_anomaly_ge1_5_1200_c20,2025-07,-0.07965189009341767
tail15_reclaim00_anomaly_ge1_5_1200_c20,2025-08,-0.11898776623905392
tail15_reclaim00_anomaly_ge1_5_1200_c20,2025-09,0.06968355548069953
tail15_reclaim00_anomaly_ge1_5_1200_c20,2025-10,0.053451340323039095
tail15_reclaim00_anomaly_ge1_5_1200_c20,2025-11,-0.018021376407560876
tail15_reclaim00_anomaly_ge1_5_1200_c20,2025-12,-0.042071657600253505
tail15_reclaim00_anomaly_ge1_5_1200_c20,2026-01,-0.16367390648804675
tail15_reclaim00_anomaly_ge1_5_1200_c20,2026-02,-0.009862613464899223
tail15_reclaim00_anomaly_ge1_5_1200_c20,2026-03,0.014392179334306258
tail15_reclaim00_anomaly_ge1_5_1200_c20,2026-04,0.0279336709497043
tail15_reclaim00_anomaly_ge1_5_final_c5,2024-11,-0.000674675369839956
tail15_reclaim00_anomaly_ge1_5_final_c5,2024-12,-0.1024932387909576
tail15_reclaim00_anomaly_ge1_5_final_c5,2025-01,-0.10265846157104366
tail15_reclaim00_anomaly_ge1_5_final_c5,2025-02,-0.002859636671004126
tail15_reclaim00_anomaly_ge1_5_final_c5,2025-03,-0.06075974685136484
tail15_reclaim00_anomaly_ge1_5_final_c5,2025-04,0.1559344827286463
tail15_reclaim00_anomaly_ge1_5_final_c5,2025-05,0.2132158126219589
tail15_reclaim00_anomaly_ge1_5_final_c5,2025-06,0.05043778289263434
tail15_reclaim00_anomaly_ge1_5_final_c5,2025-07,-0.062315105648255445
tail15_reclaim00_anomaly_ge1_5_final_c5,2025-08,-0.16412461056724847
tail15_reclaim00_anomaly_ge1_5_final_c5,2025-09,0.1655984296183989
tail15_reclaim00_anomaly_ge1_5_final_c5,2025-10,0.059773393069134935
tail15_reclaim00_anomaly_ge1_5_final_c5,2025-11,0.029478995278167053
tail15_reclaim00_anomaly_ge1_5_final_c5,2025-12,-0.017915148757460878
tail15_reclaim00_anomaly_ge1_5_final_c5,2026-01,-0.11131757219189259
tail15_reclaim00_anomaly_ge1_5_final_c5,2026-02,0.037250161893661635
tail15_reclaim00_anomaly_ge1_5_final_c5,2026-03,0.06768148835986018
tail15_reclaim00_anomaly_ge1_5_final_c5,2026-04,0.1158040177077499
tail15_reclaim00_anomaly_ge1_5_final_c10,2024-11,-0.017674675369839965
tail15_reclaim00_anomaly_ge1_5_final_c10,2024-12,-0.1144932387909576
tail15_reclaim00_anomaly_ge1_5_final_c10,2025-01,-0.11665846157104366
tail15_reclaim00_anomaly_ge1_5_final_c10,2025-02,-0.018859636671004133
tail15_reclaim00_anomaly_ge1_5_final_c10,2025-03,-0.07275974685136485
tail15_reclaim00_anomaly_ge1_5_final_c10,2025-04,0.14493448272864629
tail15_reclaim00_anomaly_ge1_5_final_c10,2025-05,0.1962158126219589
tail15_reclaim00_anomaly_ge1_5_final_c10,2025-06,0.03743778289263433
tail15_reclaim00_anomaly_ge1_5_final_c10,2025-07,-0.07531510564825544
tail15_reclaim00_anomaly_ge1_5_final_c10,2025-08,-0.1811246105672485
tail15_reclaim00_anomaly_ge1_5_final_c10,2025-09,0.1475984296183989
tail15_reclaim00_anomaly_ge1_5_final_c10,2025-10,0.041773393069134926
tail15_reclaim00_anomaly_ge1_5_final_c10,2025-11,0.016478995278167034
tail15_reclaim00_anomaly_ge1_5_final_c10,2025-12,-0.028915148757460873
tail15_reclaim00_anomaly_ge1_5_final_c10,2026-01,-0.12931757219189258
tail15_reclaim00_anomaly_ge1_5_final_c10,2026-02,0.02125016189366162
tail15_reclaim00_anomaly_ge1_5_final_c10,2026-03,0.05168148835986018
tail15_reclaim00_anomaly_ge1_5_final_c10,2026-04,0.10380401770774988
tail15_reclaim00_anomaly_ge1_5_final_c20,2024-11,-0.05167467536983997
tail15_reclaim00_anomaly_ge1_5_final_c20,2024-12,-0.13849323879095762
tail15_reclaim00_anomaly_ge1_5_final_c20,2025-01,-0.14465846157104367
tail15_reclaim00_anomaly_ge1_5_final_c20,2025-02,-0.05085963667100413
tail15_reclaim00_anomaly_ge1_5_final_c20,2025-03,-0.09675974685136486
tail15_reclaim00_anomaly_ge1_5_final_c20,2025-04,0.1229344827286463
tail15_reclaim00_anomaly_ge1_5_final_c20,2025-05,0.16221581262195892
tail15_reclaim00_anomaly_ge1_5_final_c20,2025-06,0.011437782892634345
tail15_reclaim00_anomaly_ge1_5_final_c20,2025-07,-0.10131510564825544
tail15_reclaim00_anomaly_ge1_5_final_c20,2025-08,-0.21512461056724846
tail15_reclaim00_anomaly_ge1_5_final_c20,2025-09,0.1115984296183989
tail15_reclaim00_anomaly_ge1_5_final_c20,2025-10,0.005773393069134925
tail15_reclaim00_anomaly_ge1_5_final_c20,2025-11,-0.009521004721832971
tail15_reclaim00_anomaly_ge1_5_final_c20,2025-12,-0.05091514875746087
tail15_reclaim00_anomaly_ge1_5_final_c20,2026-01,-0.16531757219189258
tail15_reclaim00_anomaly_ge1_5_final_c20,2026-02,-0.010749838106338377
tail15_reclaim00_anomaly_ge1_5_final_c20,2026-03,0.019681488359860184
tail15_reclaim00_anomaly_ge1_5_final_c20,2026-04,0.07980401770774989
tail15_reclaim00_anomaly_ge2_1200_c5,2024-11,-0.022551943894005017
tail15_reclaim00_anomaly_ge2_1200_c5,2024-12,0.01061367179645938
tail15_reclaim00_anomaly_ge2_1200_c5,2025-01,-0.13692708756751346
tail15_reclaim00_anomaly_ge2_1200_c5,2025-02,-0.04770953780266095
tail15_reclaim00_anomaly_ge2_1200_c5,2025-03,-0.04185019708958315
tail15_reclaim00_anomaly_ge2_1200_c5,2025-04,0.11134900999588694
tail15_reclaim00_anomaly_ge2_1200_c5,2025-05,0.09782924051662506
tail15_reclaim00_anomaly_ge2_1200_c5,2025-06,0.01256476542585
tail15_reclaim00_anomaly_ge2_1200_c5,2025-07,-0.00122319578218133
tail15_reclaim00_anomaly_ge2_1200_c5,2025-08,-0.05899831334020944
tail15_reclaim00_anomaly_ge2_1200_c5,2025-09,0.040069363228577765
tail15_reclaim00_anomaly_ge2_1200_c5,2025-10,0.08946239561604483
tail15_reclaim00_anomaly_ge2_1200_c5,2025-11,0.07046907616010122
tail15_reclaim00_anomaly_ge2_1200_c5,2025-12,-0.04270945644487517
tail15_reclaim00_anomaly_ge2_1200_c5,2026-01,-0.15400735575549035
tail15_reclaim00_anomaly_ge2_1200_c5,2026-02,-0.02768430724326884
tail15_reclaim00_anomaly_ge2_1200_c5,2026-03,0.014400876756785697
tail15_reclaim00_anomaly_ge2_1200_c5,2026-04,0.1003458814918425
tail15_reclaim00_anomaly_ge2_1200_c10,2024-11,-0.03855194389400503
tail15_reclaim00_anomaly_ge2_1200_c10,2024-12,0.0026136717964593834
tail15_reclaim00_anomaly_ge2_1200_c10,2025-01,-0.14592708756751346
tail15_reclaim00_anomaly_ge2_1200_c10,2025-02,-0.05970953780266095
tail15_reclaim00_anomaly_ge2_1200_c10,2025-03,-0.045850197089583156
tail15_reclaim00_anomaly_ge2_1200_c10,2025-04,0.10434900999588693
tail15_reclaim00_anomaly_ge2_1200_c10,2025-05,0.08682924051662505
tail15_reclaim00_anomaly_ge2_1200_c10,2025-06,0.007564765425849997
tail15_reclaim00_anomaly_ge2_1200_c10,2025-07,-0.010223195782181331
tail15_reclaim00_anomaly_ge2_1200_c10,2025-08,-0.07099831334020945
tail15_reclaim00_anomaly_ge2_1200_c10,2025-09,0.025069363228577758
tail15_reclaim00_anomaly_ge2_1200_c10,2025-10,0.07946239561604482
tail15_reclaim00_anomaly_ge2_1200_c10,2025-11,0.06046907616010121
tail15_reclaim00_anomaly_ge2_1200_c10,2025-12,-0.05070945644487517
tail15_reclaim00_anomaly_ge2_1200_c10,2026-01,-0.16800735575549036
tail15_reclaim00_anomaly_ge2_1200_c10,2026-02,-0.04068430724326885
tail15_reclaim00_anomaly_ge2_1200_c10,2026-03,0.004400876756785693
tail15_reclaim00_anomaly_ge2_1200_c10,2026-04,0.09134588149184249
tail15_reclaim00_anomaly_ge2_1200_c20,2024-11,-0.07055194389400501
tail15_reclaim00_anomaly_ge2_1200_c20,2024-12,-0.013386328203540614
tail15_reclaim00_anomaly_ge2_1200_c20,2025-01,-0.16392708756751345
tail15_reclaim00_anomaly_ge2_1200_c20,2025-02,-0.08370953780266095
tail15_reclaim00_anomaly_ge2_1200_c20,2025-03,-0.05385019708958315
tail15_reclaim00_anomaly_ge2_1200_c20,2025-04,0.09034900999588694
tail15_reclaim00_anomaly_ge2_1200_c20,2025-05,0.06482924051662506
tail15_reclaim00_anomaly_ge2_1200_c20,2025-06,-0.0024352345741499998
tail15_reclaim00_anomaly_ge2_1200_c20,2025-07,-0.028223195782181326
tail15_reclaim00_anomaly_ge2_1200_c20,2025-08,-0.09499831334020944
tail15_reclaim00_anomaly_ge2_1200_c20,2025-09,-0.004930636771422223
tail15_reclaim00_anomaly_ge2_1200_c20,2025-10,0.059462395616044814
tail15_reclaim00_anomaly_ge2_1200_c20,2025-11,0.0404690761601012
tail15_reclaim00_anomaly_ge2_1200_c20,2025-12,-0.06670945644487518
tail15_reclaim00_anomaly_ge2_1200_c20,2026-01,-0.1960073557554904
tail15_reclaim00_anomaly_ge2_1200_c20,2026-02,-0.06668430724326885
tail15_reclaim00_anomaly_ge2_1200_c20,2026-03,-0.015599123243214299
tail15_reclaim00_anomaly_ge2_1200_c20,2026-04,0.07334588149184249
tail15_reclaim00_anomaly_ge2_final_c5,2024-11,0.017857087860347565
tail15_reclaim00_anomaly_ge2_final_c5,2024-12,-0.06631229369851818
tail15_reclaim00_anomaly_ge2_final_c5,2025-01,-0.08492090411906675
tail15_reclaim00_anomaly_ge2_final_c5,2025-02,-0.04703399441214634
tail15_reclaim00_anomaly_ge2_final_c5,2025-03,-0.035552880953066135
tail15_reclaim00_anomaly_ge2_final_c5,2025-04,0.23412243623795537
tail15_reclaim00_anomaly_ge2_final_c5,2025-05,0.0966340580425164
tail15_reclaim00_anomaly_ge2_final_c5,2025-06,0.04576160946395108
tail15_reclaim00_anomaly_ge2_final_c5,2025-07,-0.024463700685965983
tail15_reclaim00_anomaly_ge2_final_c5,2025-08,-0.1119322421861273
tail15_reclaim00_anomaly_ge2_final_c5,2025-09,0.07631685481347295
tail15_reclaim00_anomaly_ge2_final_c5,2025-10,0.05175347173055167
tail15_reclaim00_anomaly_ge2_final_c5,2025-11,0.1131485772263559
tail15_reclaim00_anomaly_ge2_final_c5,2025-12,-0.03968240585181775
tail15_reclaim00_anomaly_ge2_final_c5,2026-01,-0.15083159697406967
tail15_reclaim00_anomaly_ge2_final_c5,2026-02,0.022788516896538547
tail15_reclaim00_anomaly_ge2_final_c5,2026-03,0.07049759959226853
tail15_reclaim00_anomaly_ge2_final_c5,2026-04,0.1581612003321839
tail15_reclaim00_anomaly_ge2_final_c10,2024-11,0.001857087860347554
tail15_reclaim00_anomaly_ge2_final_c10,2024-12,-0.07731229369851818
tail15_reclaim00_anomaly_ge2_final_c10,2025-01,-0.09392090411906676
tail15_reclaim00_anomaly_ge2_final_c10,2025-02,-0.06103399441214635
tail15_reclaim00_anomaly_ge2_final_c10,2025-03,-0.04055288095306614
tail15_reclaim00_anomaly_ge2_final_c10,2025-04,0.22712243623795536
tail15_reclaim00_anomaly_ge2_final_c10,2025-05,0.08363405804251639
tail15_reclaim00_anomaly_ge2_final_c10,2025-06,0.040761609463951076
tail15_reclaim00_anomaly_ge2_final_c10,2025-07,-0.033463700685965984
tail15_reclaim00_anomaly_ge2_final_c10,2025-08,-0.1239322421861273
tail15_reclaim00_anomaly_ge2_final_c10,2025-09,0.06131685481347294
tail15_reclaim00_anomaly_ge2_final_c10,2025-10,0.04175347173055166
tail15_reclaim00_anomaly_ge2_final_c10,2025-11,0.1031485772263559
tail15_reclaim00_anomaly_ge2_final_c10,2025-12,-0.04768240585181775
tail15_reclaim00_anomaly_ge2_final_c10,2026-01,-0.16483159697406968
tail15_reclaim00_anomaly_ge2_final_c10,2026-02,0.009788516896538535
tail15_reclaim00_anomaly_ge2_final_c10,2026-03,0.05949759959226854
tail15_reclaim00_anomaly_ge2_final_c10,2026-04,0.14916120033218389
tail15_reclaim00_anomaly_ge2_final_c20,2024-11,-0.030142912139652447
tail15_reclaim00_anomaly_ge2_final_c20,2024-12,-0.09931229369851817
tail15_reclaim00_anomaly_ge2_final_c20,2025-01,-0.11192090411906674
tail15_reclaim00_anomaly_ge2_final_c20,2025-02,-0.08903399441214636
tail15_reclaim00_anomaly_ge2_final_c20,2025-03,-0.05055288095306614
tail15_reclaim00_anomaly_ge2_final_c20,2025-04,0.21312243623795535
tail15_reclaim00_anomaly_ge2_final_c20,2025-05,0.05763405804251641
tail15_reclaim00_anomaly_ge2_final_c20,2025-06,0.03076160946395108
tail15_reclaim00_anomaly_ge2_final_c20,2025-07,-0.05146370068596598
tail15_reclaim00_anomaly_ge2_final_c20,2025-08,-0.1479322421861273
tail15_reclaim00_anomaly_ge2_final_c20,2025-09,0.031316854813472954
tail15_reclaim00_anomaly_ge2_final_c20,2025-10,0.02175347173055166
tail15_reclaim00_anomaly_ge2_final_c20,2025-11,0.08314857722635588
tail15_reclaim00_anomaly_ge2_final_c20,2025-12,-0.06368240585181775
tail15_reclaim00_anomaly_ge2_final_c20,2026-01,-0.19283159697406965
tail15_reclaim00_anomaly_ge2_final_c20,2026-02,-0.016211483103461457
tail15_reclaim00_anomaly_ge2_final_c20,2026-03,0.03749759959226853
tail15_reclaim00_anomaly_ge2_final_c20,2026-04,0.13116120033218387
tail15_reclaim10_all_1200_c5,2024-11,0.026946671094466215
tail15_reclaim10_all_1200_c5,2024-12,-0.0020909020556117153
tail15_reclaim10_all_1200_c5,2025-01,-0.14106942952434293
tail15_reclaim10_all_1200_c5,2025-02,-0.06325130111048369
tail15_reclaim10_all_1200_c5,2025-03,-0.10210964950295467
tail15_reclaim10_all_1200_c5,2025-04,0.018524833612259706
tail15_reclaim10_all_1200_c5,2025-05,0.06141481120358118
tail15_reclaim10_all_1200_c5,2025-06,0.034812024302212134
tail15_reclaim10_all_1200_c5,2025-07,0.05249005203260991
tail15_reclaim10_all_1200_c5,2025-08,0.0021596103187040694
tail15_reclaim10_all_1200_c5,2025-09,0.05782252843611989
tail15_reclaim10_all_1200_c5,2025-10,0.07927391453306269
tail15_reclaim10_all_1200_c5,2025-11,-0.005381573612917171
tail15_reclaim10_all_1200_c5,2025-12,0.007061937077895764
tail15_reclaim10_all_1200_c5,2026-01,-0.07837925343271325
tail15_reclaim10_all_1200_c5,2026-02,-0.03213603014399938
tail15_reclaim10_all_1200_c5,2026-03,-0.01402863650146468
tail15_reclaim10_all_1200_c5,2026-04,0.008987287354625142
tail15_reclaim10_all_1200_c10,2024-11,0.00894667109446621
tail15_reclaim10_all_1200_c10,2024-12,-0.017090902055611715
tail15_reclaim10_all_1200_c10,2025-01,-0.15606942952434294
tail15_reclaim10_all_1200_c10,2025-02,-0.0772513011104837
tail15_reclaim10_all_1200_c10,2025-03,-0.12010964950295468
tail15_reclaim10_all_1200_c10,2025-04,0.0015248336122596975
tail15_reclaim10_all_1200_c10,2025-05,0.05141481120358117
tail15_reclaim10_all_1200_c10,2025-06,0.021812024302212137
tail15_reclaim10_all_1200_c10,2025-07,0.032490052032609906
tail15_reclaim10_all_1200_c10,2025-08,-0.01484038968129593
tail15_reclaim10_all_1200_c10,2025-09,0.04082252843611989
tail15_reclaim10_all_1200_c10,2025-10,0.06027391453306268
tail15_reclaim10_all_1200_c10,2025-11,-0.021381573612917173
tail15_reclaim10_all_1200_c10,2025-12,-0.010938062922104233
tail15_reclaim10_all_1200_c10,2026-01,-0.09737925343271325
tail15_reclaim10_all_1200_c10,2026-02,-0.04713603014399939
tail15_reclaim10_all_1200_c10,2026-03,-0.03202863650146469
tail15_reclaim10_all_1200_c10,2026-04,-0.012012712645374866
tail15_reclaim10_all_1200_c20,2024-11,-0.027053328905533795
tail15_reclaim10_all_1200_c20,2024-12,-0.047090902055611714
tail15_reclaim10_all_1200_c20,2025-01,-0.1860694295243429
tail15_reclaim10_all_1200_c20,2025-02,-0.1052513011104837
tail15_reclaim10_all_1200_c20,2025-03,-0.15610964950295467
tail15_reclaim10_all_1200_c20,2025-04,-0.0324751663877403
tail15_reclaim10_all_1200_c20,2025-05,0.03141481120358118
tail15_reclaim10_all_1200_c20,2025-06,-0.004187975697787859
tail15_reclaim10_all_1200_c20,2025-07,-0.007509947967390084
tail15_reclaim10_all_1200_c20,2025-08,-0.04884038968129592
tail15_reclaim10_all_1200_c20,2025-09,0.0068225284361198915
tail15_reclaim10_all_1200_c20,2025-10,0.022273914533062694
tail15_reclaim10_all_1200_c20,2025-11,-0.05338157361291718
tail15_reclaim10_all_1200_c20,2025-12,-0.046938062922104236
tail15_reclaim10_all_1200_c20,2026-01,-0.13537925343271326
tail15_reclaim10_all_1200_c20,2026-02,-0.07713603014399939
tail15_reclaim10_all_1200_c20,2026-03,-0.06802863650146468
tail15_reclaim10_all_1200_c20,2026-04,-0.05401271264537485
tail15_reclaim10_all_final_c5,2024-11,0.09677255751512175
tail15_reclaim10_all_final_c5,2024-12,-0.11578912282156452
tail15_reclaim10_all_final_c5,2025-01,-0.11629894367525351
tail15_reclaim10_all_final_c5,2025-02,-0.02180513463211669
tail15_reclaim10_all_final_c5,2025-03,-0.09452704781385643
tail15_reclaim10_all_final_c5,2025-04,0.2112850410294414
tail15_reclaim10_all_final_c5,2025-05,0.13655749103082376
tail15_reclaim10_all_final_c5,2025-06,-0.06553633229909865
tail15_reclaim10_all_final_c5,2025-07,-0.0033469810001685724
tail15_reclaim10_all_final_c5,2025-08,0.023568822443658256
tail15_reclaim10_all_final_c5,2025-09,0.10654798870210662
tail15_reclaim10_all_final_c5,2025-10,0.02400261239145743
tail15_reclaim10_all_final_c5,2025-11,0.010307043865700279
tail15_reclaim10_all_final_c5,2025-12,0.025632825394865662
tail15_reclaim10_all_final_c5,2026-01,-0.0681299077087432
tail15_reclaim10_all_final_c5,2026-02,-0.03194240740773939
tail15_reclaim10_all_final_c5,2026-03,-0.03248661687307992
tail15_reclaim10_all_final_c5,2026-04,0.11061457747975306
tail15_reclaim10_all_final_c10,2024-11,0.07777255751512173
tail15_reclaim10_all_final_c10,2024-12,-0.13478912282156452
tail15_reclaim10_all_final_c10,2025-01,-0.1322989436752535
tail15_reclaim10_all_final_c10,2025-02,-0.038805134632116704
tail15_reclaim10_all_final_c10,2025-03,-0.11552704781385643
tail15_reclaim10_all_final_c10,2025-04,0.19328504102944138
tail15_reclaim10_all_final_c10,2025-05,0.11955749103082375
tail15_reclaim10_all_final_c10,2025-06,-0.08153633229909867
tail15_reclaim10_all_final_c10,2025-07,-0.02334698100016857
tail15_reclaim10_all_final_c10,2025-08,0.004568822443658246
tail15_reclaim10_all_final_c10,2025-09,0.08754798870210662
tail15_reclaim10_all_final_c10,2025-10,0.003002612391457422
tail15_reclaim10_all_final_c10,2025-11,-0.007692956134299728
tail15_reclaim10_all_final_c10,2025-12,0.00563282539486566
tail15_reclaim10_all_final_c10,2026-01,-0.08712990770874321
tail15_reclaim10_all_final_c10,2026-02,-0.0469424074077394
tail15_reclaim10_all_final_c10,2026-03,-0.051486616873079934
tail15_reclaim10_all_final_c10,2026-04,0.08961457747975304
tail15_reclaim10_all_final_c20,2024-11,0.03977255751512174
tail15_reclaim10_all_final_c20,2024-12,-0.17278912282156453
tail15_reclaim10_all_final_c20,2025-01,-0.16429894367525352
tail15_reclaim10_all_final_c20,2025-02,-0.0728051346321167
tail15_reclaim10_all_final_c20,2025-03,-0.15752704781385643
tail15_reclaim10_all_final_c20,2025-04,0.15728504102944138
tail15_reclaim10_all_final_c20,2025-05,0.08555749103082377
tail15_reclaim10_all_final_c20,2025-06,-0.11353633229909865
tail15_reclaim10_all_final_c20,2025-07,-0.06334698100016857
tail15_reclaim10_all_final_c20,2025-08,-0.03343117755634175
tail15_reclaim10_all_final_c20,2025-09,0.049547988702106624
tail15_reclaim10_all_final_c20,2025-10,-0.03899738760854258
tail15_reclaim10_all_final_c20,2025-11,-0.043692956134299736
tail15_reclaim10_all_final_c20,2025-12,-0.03436717460513433
tail15_reclaim10_all_final_c20,2026-01,-0.12512990770874322
tail15_reclaim10_all_final_c20,2026-02,-0.0769424074077394
tail15_reclaim10_all_final_c20,2026-03,-0.08948661687307993
tail15_reclaim10_all_final_c20,2026-04,0.047614577479753055
tail15_reclaim10_participation_q50_1200_c5,2024-11,0.061241134333822424
tail15_reclaim10_participation_q50_1200_c5,2024-12,0.03303629023769526
tail15_reclaim10_participation_q50_1200_c5,2025-01,-0.10255914638227434
tail15_reclaim10_participation_q50_1200_c5,2025-02,-0.06543029798532563
tail15_reclaim10_participation_q50_1200_c5,2025-03,-0.0009716301971933522
tail15_reclaim10_participation_q50_1200_c5,2025-04,0.009275241705010068
tail15_reclaim10_participation_q50_1200_c5,2025-05,0.01057399807880599
tail15_reclaim10_participation_q50_1200_c5,2025-06,0.04439883764326436
tail15_reclaim10_participation_q50_1200_c5,2025-07,0.04469936014146538
tail15_reclaim10_participation_q50_1200_c5,2025-08,-0.03798824868804786
tail15_reclaim10_participation_q50_1200_c5,2025-09,0.05058317451593787
tail15_reclaim10_participation_q50_1200_c5,2025-10,0.13455533976721556
tail15_reclaim10_participation_q50_1200_c5,2025-11,-0.0037678291903275518
tail15_reclaim10_participation_q50_1200_c5,2025-12,0.05735921200032625
tail15_reclaim10_participation_q50_1200_c5,2026-01,-0.06060675431363147
tail15_reclaim10_participation_q50_1200_c5,2026-02,-0.013611031927509277
tail15_reclaim10_participation_q50_1200_c5,2026-03,0.04083842661992301
tail15_reclaim10_participation_q50_1200_c5,2026-04,0.0009179427347834265
tail15_reclaim10_participation_q50_1200_c10,2024-11,0.04424113433382242
tail15_reclaim10_participation_q50_1200_c10,2024-12,0.01803629023769527
tail15_reclaim10_participation_q50_1200_c10,2025-01,-0.11755914638227434
tail15_reclaim10_participation_q50_1200_c10,2025-02,-0.07743029798532562
tail15_reclaim10_participation_q50_1200_c10,2025-03,-0.017971630197193354
tail15_reclaim10_participation_q50_1200_c10,2025-04,-0.0077247582949899335
tail15_reclaim10_participation_q50_1200_c10,2025-05,0.001573998078805993
tail15_reclaim10_participation_q50_1200_c10,2025-06,0.03339883764326435
tail15_reclaim10_participation_q50_1200_c10,2025-07,0.027699360141465373
tail15_reclaim10_participation_q50_1200_c10,2025-08,-0.05198824868804786
tail15_reclaim10_participation_q50_1200_c10,2025-09,0.03758317451593787
tail15_reclaim10_participation_q50_1200_c10,2025-10,0.11555533976721558
tail15_reclaim10_participation_q50_1200_c10,2025-11,-0.017767829190327565
tail15_reclaim10_participation_q50_1200_c10,2025-12,0.03835921200032626
tail15_reclaim10_participation_q50_1200_c10,2026-01,-0.07860675431363147
tail15_reclaim10_participation_q50_1200_c10,2026-02,-0.02661103192750929
tail15_reclaim10_participation_q50_1200_c10,2026-03,0.025838426619923006
tail15_reclaim10_participation_q50_1200_c10,2026-04,-0.019082057265216577
tail15_reclaim10_participation_q50_1200_c20,2024-11,0.010241134333822424
tail15_reclaim10_participation_q50_1200_c20,2024-12,-0.01196370976230473
tail15_reclaim10_participation_q50_1200_c20,2025-01,-0.14755914638227435
tail15_reclaim10_participation_q50_1200_c20,2025-02,-0.10143029798532562
tail15_reclaim10_participation_q50_1200_c20,2025-03,-0.05197163019719335
tail15_reclaim10_participation_q50_1200_c20,2025-04,-0.041724758294989936
tail15_reclaim10_participation_q50_1200_c20,2025-05,-0.016426001921194006
tail15_reclaim10_participation_q50_1200_c20,2025-06,0.011398837643264369
tail15_reclaim10_participation_q50_1200_c20,2025-07,-0.006300639858534612
tail15_reclaim10_participation_q50_1200_c20,2025-08,-0.07998824868804785
tail15_reclaim10_participation_q50_1200_c20,2025-09,0.011583174515937883
tail15_reclaim10_participation_q50_1200_c20,2025-10,0.07755533976721558
tail15_reclaim10_participation_q50_1200_c20,2025-11,-0.045767829190327555
tail15_reclaim10_participation_q50_1200_c20,2025-12,0.00035921200032626097
tail15_reclaim10_participation_q50_1200_c20,2026-01,-0.11460675431363146
tail15_reclaim10_participation_q50_1200_c20,2026-02,-0.05261103192750928
tail15_reclaim10_participation_q50_1200_c20,2026-03,-0.004161573380076982
tail15_reclaim10_participation_q50_1200_c20,2026-04,-0.059082057265216564
tail15_reclaim10_participation_q50_final_c5,2024-11,0.11339376601778502
tail15_reclaim10_participation_q50_final_c5,2024-12,-0.07139065047589366
tail15_reclaim10_participation_q50_final_c5,2025-01,-0.059955736347471505
tail15_reclaim10_participation_q50_final_c5,2025-02,-0.025669275279372707
tail15_reclaim10_participation_q50_final_c5,2025-03,-0.024127105503833908
tail15_reclaim10_participation_q50_final_c5,2025-04,0.20509507174831876
tail15_reclaim10_participation_q50_final_c5,2025-05,0.09252009376894413
tail15_reclaim10_participation_q50_final_c5,2025-06,0.013128426216689124
tail15_reclaim10_participation_q50_final_c5,2025-07,-0.006649012231940289
tail15_reclaim10_participation_q50_final_c5,2025-08,-0.06239088834471286
tail15_reclaim10_participation_q50_final_c5,2025-09,0.09308909607506745
tail15_reclaim10_participation_q50_final_c5,2025-10,0.07856427485236434
tail15_reclaim10_participation_q50_final_c5,2025-11,0.06286841219247316
tail15_reclaim10_participation_q50_final_c5,2025-12,0.08086858786025755
tail15_reclaim10_participation_q50_final_c5,2026-01,-0.06417463304772317
tail15_reclaim10_participation_q50_final_c5,2026-02,0.027928856121078593
tail15_reclaim10_participation_q50_final_c5,2026-03,0.05441354010522821
tail15_reclaim10_participation_q50_final_c5,2026-04,0.08032329621869513
tail15_reclaim10_participation_q50_final_c10,2024-11,0.095393766017785
tail15_reclaim10_participation_q50_final_c10,2024-12,-0.08939065047589367
tail15_reclaim10_participation_q50_final_c10,2025-01,-0.0759557363474715
tail15_reclaim10_participation_q50_final_c10,2025-02,-0.04066927527937271
tail15_reclaim10_participation_q50_final_c10,2025-03,-0.04212710550383392
tail15_reclaim10_participation_q50_final_c10,2025-04,0.18809507174831877
tail15_reclaim10_participation_q50_final_c10,2025-05,0.07652009376894411
tail15_reclaim10_participation_q50_final_c10,2025-06,0.0001284262166891207
tail15_reclaim10_participation_q50_final_c10,2025-07,-0.023649012231940287
tail15_reclaim10_participation_q50_final_c10,2025-08,-0.07839088834471288
tail15_reclaim10_participation_q50_final_c10,2025-09,0.07908909607506745
tail15_reclaim10_participation_q50_final_c10,2025-10,0.058564274852364324
tail15_reclaim10_participation_q50_final_c10,2025-11,0.04686841219247316
tail15_reclaim10_participation_q50_final_c10,2025-12,0.06086858786025755
tail15_reclaim10_participation_q50_final_c10,2026-01,-0.08217463304772317
tail15_reclaim10_participation_q50_final_c10,2026-02,0.014928856121078582
tail15_reclaim10_participation_q50_final_c10,2026-03,0.03941354010522821
tail15_reclaim10_participation_q50_final_c10,2026-04,0.060323296218695116
tail15_reclaim10_participation_q50_final_c20,2024-11,0.059393766017784996
tail15_reclaim10_participation_q50_final_c20,2024-12,-0.12539065047589365
tail15_reclaim10_participation_q50_final_c20,2025-01,-0.1079557363474715
tail15_reclaim10_participation_q50_final_c20,2025-02,-0.07066927527937271
tail15_reclaim10_participation_q50_final_c20,2025-03,-0.07812710550383391
tail15_reclaim10_participation_q50_final_c20,2025-04,0.15409507174831874
tail15_reclaim10_participation_q50_final_c20,2025-05,0.044520093768944134
tail15_reclaim10_participation_q50_final_c20,2025-06,-0.02587157378331088
tail15_reclaim10_participation_q50_final_c20,2025-07,-0.057649012231940286
tail15_reclaim10_participation_q50_final_c20,2025-08,-0.11039088834471286
tail15_reclaim10_participation_q50_final_c20,2025-09,0.05108909607506746
tail15_reclaim10_participation_q50_final_c20,2025-10,0.018564274852364324
tail15_reclaim10_participation_q50_final_c20,2025-11,0.014868412192473153
tail15_reclaim10_participation_q50_final_c20,2025-12,0.020868587860257547
tail15_reclaim10_participation_q50_final_c20,2026-01,-0.11817463304772316
tail15_reclaim10_participation_q50_final_c20,2026-02,-0.011071143878921403
tail15_reclaim10_participation_q50_final_c20,2026-03,0.00941354010522821
tail15_reclaim10_participation_q50_final_c20,2026-04,0.020323296218695115
tail15_reclaim10_participation_q67_1200_c5,2024-11,0.030209544224123808
tail15_reclaim10_participation_q67_1200_c5,2024-12,-0.00741568204611701
tail15_reclaim10_participation_q67_1200_c5,2025-01,-0.10623119753281857
tail15_reclaim10_participation_q67_1200_c5,2025-02,-0.07348525048070202
tail15_reclaim10_participation_q67_1200_c5,2025-03,-0.030989557034949357
tail15_reclaim10_participation_q67_1200_c5,2025-04,0.0011843087361683817
tail15_reclaim10_participation_q67_1200_c5,2025-05,0.053483859713261014
tail15_reclaim10_participation_q67_1200_c5,2025-06,0.07802395707668762
tail15_reclaim10_participation_q67_1200_c5,2025-07,0.10242081355054304
tail15_reclaim10_participation_q67_1200_c5,2025-08,-0.032722845574305194
tail15_reclaim10_participation_q67_1200_c5,2025-09,0.0734432098582924
tail15_reclaim10_participation_q67_1200_c5,2025-10,0.11065356605717078
tail15_reclaim10_participation_q67_1200_c5,2025-11,0.02015175899382997
tail15_reclaim10_participation_q67_1200_c5,2025-12,0.04619460714986936
tail15_reclaim10_participation_q67_1200_c5,2026-01,-0.08043725364932772
tail15_reclaim10_participation_q67_1200_c5,2026-02,-0.0007275115849743954
tail15_reclaim10_participation_q67_1200_c5,2026-03,-0.0029386947952308104
tail15_reclaim10_participation_q67_1200_c5,2026-04,-0.021800345066512627
tail15_reclaim10_participation_q67_1200_c10,2024-11,0.013209544224123808
tail15_reclaim10_participation_q67_1200_c10,2024-12,-0.019415682046117006
tail15_reclaim10_participation_q67_1200_c10,2025-01,-0.12123119753281857
tail15_reclaim10_participation_q67_1200_c10,2025-02,-0.08548525048070202
tail15_reclaim10_participation_q67_1200_c10,2025-03,-0.044989557034949355
tail15_reclaim10_participation_q67_1200_c10,2025-04,-0.012815691263831624
tail15_reclaim10_participation_q67_1200_c10,2025-05,0.04348385971326101
tail15_reclaim10_participation_q67_1200_c10,2025-06,0.06902395707668761
tail15_reclaim10_participation_q67_1200_c10,2025-07,0.08942081355054304
tail15_reclaim10_participation_q67_1200_c10,2025-08,-0.04672284557430519
tail15_reclaim10_participation_q67_1200_c10,2025-09,0.06144320985829241
tail15_reclaim10_participation_q67_1200_c10,2025-10,0.09365356605717078
tail15_reclaim10_participation_q67_1200_c10,2025-11,0.004151758993829972
tail15_reclaim10_participation_q67_1200_c10,2025-12,0.02819460714986936
tail15_reclaim10_participation_q67_1200_c10,2026-01,-0.0984372536493277
tail15_reclaim10_participation_q67_1200_c10,2026-02,-0.013727511584974407
tail15_reclaim10_participation_q67_1200_c10,2026-03,-0.015938694795230808
tail15_reclaim10_participation_q67_1200_c10,2026-04,-0.04180034506651263
tail15_reclaim10_participation_q67_1200_c20,2024-11,-0.020790455775876186
tail15_reclaim10_participation_q67_1200_c20,2024-12,-0.043415682046117
tail15_reclaim10_participation_q67_1200_c20,2025-01,-0.15123119753281855
tail15_reclaim10_participation_q67_1200_c20,2025-02,-0.10948525048070201
tail15_reclaim10_participation_q67_1200_c20,2025-03,-0.07298955703494935
tail15_reclaim10_participation_q67_1200_c20,2025-04,-0.040815691263831624
tail15_reclaim10_participation_q67_1200_c20,2025-05,0.023483859713261012
tail15_reclaim10_participation_q67_1200_c20,2025-06,0.05102395707668762
tail15_reclaim10_participation_q67_1200_c20,2025-07,0.06342081355054303
tail15_reclaim10_participation_q67_1200_c20,2025-08,-0.0747228455743052
tail15_reclaim10_participation_q67_1200_c20,2025-09,0.037443209858292414
tail15_reclaim10_participation_q67_1200_c20,2025-10,0.05965356605717079
tail15_reclaim10_participation_q67_1200_c20,2025-11,-0.027848241006170026
tail15_reclaim10_participation_q67_1200_c20,2025-12,-0.007805392850130639
tail15_reclaim10_participation_q67_1200_c20,2026-01,-0.1344372536493277
tail15_reclaim10_participation_q67_1200_c20,2026-02,-0.03972751158497441
tail15_reclaim10_participation_q67_1200_c20,2026-03,-0.041938694795230796
tail15_reclaim10_participation_q67_1200_c20,2026-04,-0.08180034506651263
tail15_reclaim10_participation_q67_final_c5,2024-11,0.07376050900508686
tail15_reclaim10_participation_q67_final_c5,2024-12,-0.09231364738417877
tail15_reclaim10_participation_q67_final_c5,2025-01,-0.07101508617881144
tail15_reclaim10_participation_q67_final_c5,2025-02,-0.0335999522355562
tail15_reclaim10_participation_q67_final_c5,2025-03,-0.024257163756785775
tail15_reclaim10_participation_q67_final_c5,2025-04,0.19092555687798166
tail15_reclaim10_participation_q67_final_c5,2025-05,0.11343446179254565
tail15_reclaim10_participation_q67_final_c5,2025-06,0.11333727441317003
tail15_reclaim10_participation_q67_final_c5,2025-07,0.06541492305790941
tail15_reclaim10_participation_q67_final_c5,2025-08,-0.029540087198922815
tail15_reclaim10_participation_q67_final_c5,2025-09,0.10485377862923871
tail15_reclaim10_participation_q67_final_c5,2025-10,0.027759748502811335
tail15_reclaim10_participation_q67_final_c5,2025-11,0.09559601660537478
tail15_reclaim10_participation_q67_final_c5,2025-12,0.04782844335589899
tail15_reclaim10_participation_q67_final_c5,2026-01,-0.08558837046369713
tail15_reclaim10_participation_q67_final_c5,2026-02,0.045715340903296764
tail15_reclaim10_participation_q67_final_c5,2026-03,0.04823125092388717
tail15_reclaim10_participation_q67_final_c5,2026-04,0.07339971748205694
tail15_reclaim10_participation_q67_final_c10,2024-11,0.055760509005086854
tail15_reclaim10_participation_q67_final_c10,2024-12,-0.10731364738417877
tail15_reclaim10_participation_q67_final_c10,2025-01,-0.08601508617881146
tail15_reclaim10_participation_q67_final_c10,2025-02,-0.0485999522355562
tail15_reclaim10_participation_q67_final_c10,2025-03,-0.03825716375678577
tail15_reclaim10_participation_q67_final_c10,2025-04,0.17692555687798164
tail15_reclaim10_participation_q67_final_c10,2025-05,0.09743446179254564
tail15_reclaim10_participation_q67_final_c10,2025-06,0.10233727441317003
tail15_reclaim10_participation_q67_final_c10,2025-07,0.052414923057909416
tail15_reclaim10_participation_q67_final_c10,2025-08,-0.04554008719892283
tail15_reclaim10_participation_q67_final_c10,2025-09,0.0918537786292387
tail15_reclaim10_participation_q67_final_c10,2025-10,0.009759748502811328
tail15_reclaim10_participation_q67_final_c10,2025-11,0.07959601660537478
tail15_reclaim10_participation_q67_final_c10,2025-12,0.02982844335589899
tail15_reclaim10_participation_q67_final_c10,2026-01,-0.10358837046369715
tail15_reclaim10_participation_q67_final_c10,2026-02,0.03271534090329675
tail15_reclaim10_participation_q67_final_c10,2026-03,0.03523125092388717
tail15_reclaim10_participation_q67_final_c10,2026-04,0.05339971748205693
tail15_reclaim10_participation_q67_final_c20,2024-11,0.019760509005086843
tail15_reclaim10_participation_q67_final_c20,2024-12,-0.13731364738417876
tail15_reclaim10_participation_q67_final_c20,2025-01,-0.11601508617881144
tail15_reclaim10_participation_q67_final_c20,2025-02,-0.0785999522355562
tail15_reclaim10_participation_q67_final_c20,2025-03,-0.06625716375678577
tail15_reclaim10_participation_q67_final_c20,2025-04,0.14892555687798165
tail15_reclaim10_participation_q67_final_c20,2025-05,0.06543446179254565
tail15_reclaim10_participation_q67_final_c20,2025-06,0.08033727441317003
tail15_reclaim10_participation_q67_final_c20,2025-07,0.026414923057909424
tail15_reclaim10_participation_q67_final_c20,2025-08,-0.07754008719892282
tail15_reclaim10_participation_q67_final_c20,2025-09,0.06585377862923872
tail15_reclaim10_participation_q67_final_c20,2025-10,-0.026240251497188668
tail15_reclaim10_participation_q67_final_c20,2025-11,0.047596016605374776
tail15_reclaim10_participation_q67_final_c20,2025-12,-0.00617155664410101
tail15_reclaim10_participation_q67_final_c20,2026-01,-0.13958837046369715
tail15_reclaim10_participation_q67_final_c20,2026-02,0.006715340903296764
tail15_reclaim10_participation_q67_final_c20,2026-03,0.009231250923887172
tail15_reclaim10_participation_q67_final_c20,2026-04,0.013399717482056948
tail15_reclaim10_participation_q80_1200_c5,2024-11,0.0673158160672851
tail15_reclaim10_participation_q80_1200_c5,2024-12,-0.02774287786585224
tail15_reclaim10_participation_q80_1200_c5,2025-01,-0.13144845882323036
tail15_reclaim10_participation_q80_1200_c5,2025-02,-0.05127394540311003
tail15_reclaim10_participation_q80_1200_c5,2025-03,-0.028918071799248376
tail15_reclaim10_participation_q80_1200_c5,2025-04,0.03126935607899348
tail15_reclaim10_participation_q80_1200_c5,2025-05,0.05020823084862751
tail15_reclaim10_participation_q80_1200_c5,2025-06,0.09805601713416177
tail15_reclaim10_participation_q80_1200_c5,2025-07,0.10888828885990418
tail15_reclaim10_participation_q80_1200_c5,2025-08,-0.035271664697635076
tail15_reclaim10_participation_q80_1200_c5,2025-09,0.069967793493179
tail15_reclaim10_participation_q80_1200_c5,2025-10,0.11351693628518031
tail15_reclaim10_participation_q80_1200_c5,2025-11,0.04658598783509468
tail15_reclaim10_participation_q80_1200_c5,2025-12,0.04263425413373662
tail15_reclaim10_participation_q80_1200_c5,2026-01,-0.15392439422074833
tail15_reclaim10_participation_q80_1200_c5,2026-02,0.02844013097770263
tail15_reclaim10_participation_q80_1200_c5,2026-03,0.012291445996697941
tail15_reclaim10_participation_q80_1200_c5,2026-04,-0.031431475367688075
tail15_reclaim10_participation_q80_1200_c10,2024-11,0.051315816067285094
tail15_reclaim10_participation_q80_1200_c10,2024-12,-0.03774287786585223
tail15_reclaim10_participation_q80_1200_c10,2025-01,-0.14244845882323037
tail15_reclaim10_participation_q80_1200_c10,2025-02,-0.061273945403110035
tail15_reclaim10_participation_q80_1200_c10,2025-03,-0.038918071799248374
tail15_reclaim10_participation_q80_1200_c10,2025-04,0.01826935607899347
tail15_reclaim10_participation_q80_1200_c10,2025-05,0.0412082308486275
tail15_reclaim10_participation_q80_1200_c10,2025-06,0.08905601713416177
tail15_reclaim10_participation_q80_1200_c10,2025-07,0.09588828885990416
tail15_reclaim10_participation_q80_1200_c10,2025-08,-0.050271664697635075
tail15_reclaim10_participation_q80_1200_c10,2025-09,0.061967793493179
tail15_reclaim10_participation_q80_1200_c10,2025-10,0.0975169362851803
tail15_reclaim10_participation_q80_1200_c10,2025-11,0.03458598783509469
tail15_reclaim10_participation_q80_1200_c10,2025-12,0.027634254133736623
tail15_reclaim10_participation_q80_1200_c10,2026-01,-0.17092439422074834
tail15_reclaim10_participation_q80_1200_c10,2026-02,0.015440130977702617
tail15_reclaim10_participation_q80_1200_c10,2026-03,0.0012914459966979347
tail15_reclaim10_participation_q80_1200_c10,2026-04,-0.04643147536768808
tail15_reclaim10_participation_q80_1200_c20,2024-11,0.019315816067285097
tail15_reclaim10_participation_q80_1200_c20,2024-12,-0.057742877865852235
tail15_reclaim10_participation_q80_1200_c20,2025-01,-0.16444845882323036
tail15_reclaim10_participation_q80_1200_c20,2025-02,-0.08127394540311003
tail15_reclaim10_participation_q80_1200_c20,2025-03,-0.05891807179924838
tail15_reclaim10_participation_q80_1200_c20,2025-04,-0.00773064392100653
tail15_reclaim10_participation_q80_1200_c20,2025-05,0.023208230848627505
tail15_reclaim10_participation_q80_1200_c20,2025-06,0.07105601713416178
tail15_reclaim10_participation_q80_1200_c20,2025-07,0.06988828885990417
tail15_reclaim10_participation_q80_1200_c20,2025-08,-0.08027166469763508
tail15_reclaim10_participation_q80_1200_c20,2025-09,0.045967793493179004
tail15_reclaim10_participation_q80_1200_c20,2025-10,0.06551693628518031
tail15_reclaim10_participation_q80_1200_c20,2025-11,0.010585987835094686
tail15_reclaim10_participation_q80_1200_c20,2025-12,-0.0023657458662633725
tail15_reclaim10_participation_q80_1200_c20,2026-01,-0.20492439422074835
tail15_reclaim10_participation_q80_1200_c20,2026-02,-0.010559869022297375
tail15_reclaim10_participation_q80_1200_c20,2026-03,-0.020708554003302054
tail15_reclaim10_participation_q80_1200_c20,2026-04,-0.07643147536768807
tail15_reclaim10_participation_q80_final_c5,2024-11,0.15012884522930306
tail15_reclaim10_participation_q80_final_c5,2024-12,-0.1318383381943177
tail15_reclaim10_participation_q80_final_c5,2025-01,-0.07222097627103893
tail15_reclaim10_participation_q80_final_c5,2025-02,-0.05165952285620047
tail15_reclaim10_participation_q80_final_c5,2025-03,-0.04047098748187977
tail15_reclaim10_participation_q80_final_c5,2025-04,0.21433559262659305
tail15_reclaim10_participation_q80_final_c5,2025-05,0.10070632632590185
tail15_reclaim10_participation_q80_final_c5,2025-06,0.12738238462638435
tail15_reclaim10_participation_q80_final_c5,2025-07,0.06642263835443385
tail15_reclaim10_participation_q80_final_c5,2025-08,-0.060401157151695674
tail15_reclaim10_participation_q80_final_c5,2025-09,0.08923562510934054
tail15_reclaim10_participation_q80_final_c5,2025-10,0.02888013438465776
tail15_reclaim10_participation_q80_final_c5,2025-11,0.07435031619886436
tail15_reclaim10_participation_q80_final_c5,2025-12,0.06385964189713167
tail15_reclaim10_participation_q80_final_c5,2026-01,-0.204437536207286
tail15_reclaim10_participation_q80_final_c5,2026-02,0.0718821023006199
tail15_reclaim10_participation_q80_final_c5,2026-03,0.07589431624963892
tail15_reclaim10_participation_q80_final_c5,2026-04,0.05217527147039978
tail15_reclaim10_participation_q80_final_c10,2024-11,0.13412884522930305
tail15_reclaim10_participation_q80_final_c10,2024-12,-0.14483833819431768
tail15_reclaim10_participation_q80_final_c10,2025-01,-0.08322097627103894
tail15_reclaim10_participation_q80_final_c10,2025-02,-0.06365952285620048
tail15_reclaim10_participation_q80_final_c10,2025-03,-0.050470987481879774
tail15_reclaim10_participation_q80_final_c10,2025-04,0.20133559262659304
tail15_reclaim10_participation_q80_final_c10,2025-05,0.08670632632590183
tail15_reclaim10_participation_q80_final_c10,2025-06,0.11738238462638435
tail15_reclaim10_participation_q80_final_c10,2025-07,0.05342263835443385
tail15_reclaim10_participation_q80_final_c10,2025-08,-0.07640115715169568
tail15_reclaim10_participation_q80_final_c10,2025-09,0.08123562510934053
tail15_reclaim10_participation_q80_final_c10,2025-10,0.011880134384657745
tail15_reclaim10_participation_q80_final_c10,2025-11,0.06235031619886434
tail15_reclaim10_participation_q80_final_c10,2025-12,0.04885964189713167
tail15_reclaim10_participation_q80_final_c10,2026-01,-0.221437536207286
tail15_reclaim10_participation_q80_final_c10,2026-02,0.05888210230061988
tail15_reclaim10_participation_q80_final_c10,2026-03,0.06489431624963891
tail15_reclaim10_participation_q80_final_c10,2026-04,0.03717527147039977
tail15_reclaim10_participation_q80_final_c20,2024-11,0.10212884522930304
tail15_reclaim10_participation_q80_final_c20,2024-12,-0.17083833819431768
tail15_reclaim10_participation_q80_final_c20,2025-01,-0.10522097627103894
tail15_reclaim10_participation_q80_final_c20,2025-02,-0.08765952285620048
tail15_reclaim10_participation_q80_final_c20,2025-03,-0.07047098748187977
tail15_reclaim10_participation_q80_final_c20,2025-04,0.17533559262659304
tail15_reclaim10_participation_q80_final_c20,2025-05,0.05870632632590184
tail15_reclaim10_participation_q80_final_c20,2025-06,0.09738238462638435
tail15_reclaim10_participation_q80_final_c20,2025-07,0.027422638354433856
tail15_reclaim10_participation_q80_final_c20,2025-08,-0.10840115715169567
tail15_reclaim10_participation_q80_final_c20,2025-09,0.06523562510934053
tail15_reclaim10_participation_q80_final_c20,2025-10,-0.02211986561534225
tail15_reclaim10_participation_q80_final_c20,2025-11,0.03835031619886434
tail15_reclaim10_participation_q80_final_c20,2025-12,0.018859641897131674
tail15_reclaim10_participation_q80_final_c20,2026-01,-0.255437536207286
tail15_reclaim10_participation_q80_final_c20,2026-02,0.032882102300619886
tail15_reclaim10_participation_q80_final_c20,2026-03,0.042894316249638915
tail15_reclaim10_participation_q80_final_c20,2026-04,0.007175271470399779
tail15_reclaim10_anomaly_ge1_1200_c5,2024-11,0.024924849569808262
tail15_reclaim10_anomaly_ge1_1200_c5,2024-12,0.02775384311911606
tail15_reclaim10_anomaly_ge1_1200_c5,2025-01,-0.1265087347568667
tail15_reclaim10_anomaly_ge1_1200_c5,2025-02,-0.04537421651386266
tail15_reclaim10_anomaly_ge1_1200_c5,2025-03,-0.11621440342717226
tail15_reclaim10_anomaly_ge1_1200_c5,2025-04,0.02505427753328602
tail15_reclaim10_anomaly_ge1_1200_c5,2025-05,0.03202588447830956
tail15_reclaim10_anomaly_ge1_1200_c5,2025-06,0.04992660275296805
tail15_reclaim10_anomaly_ge1_1200_c5,2025-07,0.032695228220637806
tail15_reclaim10_anomaly_ge1_1200_c5,2025-08,0.028205764858230207
tail15_reclaim10_anomaly_ge1_1200_c5,2025-09,0.09432822637318783
tail15_reclaim10_anomaly_ge1_1200_c5,2025-10,0.16500521451065756
tail15_reclaim10_anomaly_ge1_1200_c5,2025-11,0.038505682135828466
tail15_reclaim10_anomaly_ge1_1200_c5,2025-12,0.0165653551474523
tail15_reclaim10_anomaly_ge1_1200_c5,2026-01,-0.11356035755063539
tail15_reclaim10_anomaly_ge1_1200_c5,2026-02,-0.027069643479295323
tail15_reclaim10_anomaly_ge1_1200_c5,2026-03,0.017717005272653068
tail15_reclaim10_anomaly_ge1_1200_c5,2026-04,-0.0071985474375328325
tail15_reclaim10_anomaly_ge1_1200_c10,2024-11,0.006924849569808255
tail15_reclaim10_anomaly_ge1_1200_c10,2024-12,0.015753843119116068
tail15_reclaim10_anomaly_ge1_1200_c10,2025-01,-0.1425087347568667
tail15_reclaim10_anomaly_ge1_1200_c10,2025-02,-0.05937421651386267
tail15_reclaim10_anomaly_ge1_1200_c10,2025-03,-0.13321440342717228
tail15_reclaim10_anomaly_ge1_1200_c10,2025-04,0.011054277533286016
tail15_reclaim10_anomaly_ge1_1200_c10,2025-05,0.02202588447830956
tail15_reclaim10_anomaly_ge1_1200_c10,2025-06,0.04192660275296804
tail15_reclaim10_anomaly_ge1_1200_c10,2025-07,0.015695228220637805
tail15_reclaim10_anomaly_ge1_1200_c10,2025-08,0.0122057648582302
tail15_reclaim10_anomaly_ge1_1200_c10,2025-09,0.07832822637318781
tail15_reclaim10_anomaly_ge1_1200_c10,2025-10,0.14600521451065757
tail15_reclaim10_anomaly_ge1_1200_c10,2025-11,0.022505682135828466
tail15_reclaim10_anomaly_ge1_1200_c10,2025-12,0.001565355147452303
tail15_reclaim10_anomaly_ge1_1200_c10,2026-01,-0.1325603575506354
tail15_reclaim10_anomaly_ge1_1200_c10,2026-02,-0.04206964347929533
tail15_reclaim10_anomaly_ge1_1200_c10,2026-03,0.003717005272653069
tail15_reclaim10_anomaly_ge1_1200_c10,2026-04,-0.027198547437532847
tail15_reclaim10_anomaly_ge1_1200_c20,2024-11,-0.02907515043019174
tail15_reclaim10_anomaly_ge1_1200_c20,2024-12,-0.008246156880883933
tail15_reclaim10_anomaly_ge1_1200_c20,2025-01,-0.1745087347568667
tail15_reclaim10_anomaly_ge1_1200_c20,2025-02,-0.08737421651386265
tail15_reclaim10_anomaly_ge1_1200_c20,2025-03,-0.16721440342717225
tail15_reclaim10_anomaly_ge1_1200_c20,2025-04,-0.016945722466713983
tail15_reclaim10_anomaly_ge1_1200_c20,2025-05,0.0020258844783095677
tail15_reclaim10_anomaly_ge1_1200_c20,2025-06,0.025926602752968052
tail15_reclaim10_anomaly_ge1_1200_c20,2025-07,-0.018304771779362187
tail15_reclaim10_anomaly_ge1_1200_c20,2025-08,-0.019794235141769798
tail15_reclaim10_anomaly_ge1_1200_c20,2025-09,0.04632822637318783
tail15_reclaim10_anomaly_ge1_1200_c20,2025-10,0.10800521451065756
tail15_reclaim10_anomaly_ge1_1200_c20,2025-11,-0.009494317864171532
tail15_reclaim10_anomaly_ge1_1200_c20,2025-12,-0.028434644852547698
tail15_reclaim10_anomaly_ge1_1200_c20,2026-01,-0.1705603575506354
tail15_reclaim10_anomaly_ge1_1200_c20,2026-02,-0.07206964347929531
tail15_reclaim10_anomaly_ge1_1200_c20,2026-03,-0.024282994727346918
tail15_reclaim10_anomaly_ge1_1200_c20,2026-04,-0.06719854743753283
tail15_reclaim10_anomaly_ge1_final_c5,2024-11,0.09609927187550185
tail15_reclaim10_anomaly_ge1_final_c5,2024-12,-0.06246959588713628
tail15_reclaim10_anomaly_ge1_final_c5,2025-01,-0.08763268884637843
tail15_reclaim10_anomaly_ge1_final_c5,2025-02,0.007396426509061936
tail15_reclaim10_anomaly_ge1_final_c5,2025-03,-0.08833792045791217
tail15_reclaim10_anomaly_ge1_final_c5,2025-04,0.22393083950200365
tail15_reclaim10_anomaly_ge1_final_c5,2025-05,0.16875031132152582
tail15_reclaim10_anomaly_ge1_final_c5,2025-06,-0.03154058138990407
tail15_reclaim10_anomaly_ge1_final_c5,2025-07,-0.01949597383653754
tail15_reclaim10_anomaly_ge1_final_c5,2025-08,-0.011576355283943244
tail15_reclaim10_anomaly_ge1_final_c5,2025-09,0.12348907811072012
tail15_reclaim10_anomaly_ge1_final_c5,2025-10,0.09025450770725475
tail15_reclaim10_anomaly_ge1_final_c5,2025-11,0.030898216086471073
tail15_reclaim10_anomaly_ge1_final_c5,2025-12,-0.0026163310598422817
tail15_reclaim10_anomaly_ge1_final_c5,2026-01,-0.12483490095123291
tail15_reclaim10_anomaly_ge1_final_c5,2026-02,-0.022960141763624993
tail15_reclaim10_anomaly_ge1_final_c5,2026-03,0.048136581258520626
tail15_reclaim10_anomaly_ge1_final_c5,2026-04,0.086262937577708
tail15_reclaim10_anomaly_ge1_final_c10,2024-11,0.07709927187550183
tail15_reclaim10_anomaly_ge1_final_c10,2024-12,-0.07746959588713628
tail15_reclaim10_anomaly_ge1_final_c10,2025-01,-0.10363268884637843
tail15_reclaim10_anomaly_ge1_final_c10,2025-02,-0.00860357349093807
tail15_reclaim10_anomaly_ge1_final_c10,2025-03,-0.10733792045791217
tail15_reclaim10_anomaly_ge1_final_c10,2025-04,0.20993083950200364
tail15_reclaim10_anomaly_ge1_final_c10,2025-05,0.1527503113215258
tail15_reclaim10_anomaly_ge1_final_c10,2025-06,-0.04254058138990407
tail15_reclaim10_anomaly_ge1_final_c10,2025-07,-0.03649597383653754
tail15_reclaim10_anomaly_ge1_final_c10,2025-08,-0.028576355283943252
tail15_reclaim10_anomaly_ge1_final_c10,2025-09,0.1064890781107201
tail15_reclaim10_anomaly_ge1_final_c10,2025-10,0.07025450770725473
tail15_reclaim10_anomaly_ge1_final_c10,2025-11,0.01289821608647106
tail15_reclaim10_anomaly_ge1_final_c10,2025-12,-0.017616331059842276
tail15_reclaim10_anomaly_ge1_final_c10,2026-01,-0.1438349009512329
tail15_reclaim10_anomaly_ge1_final_c10,2026-02,-0.037960141763625006
tail15_reclaim10_anomaly_ge1_final_c10,2026-03,0.03313658125852062
tail15_reclaim10_anomaly_ge1_final_c10,2026-04,0.06626293757770801
tail15_reclaim10_anomaly_ge1_final_c20,2024-11,0.039099271875501856
tail15_reclaim10_anomaly_ge1_final_c20,2024-12,-0.10746959588713628
tail15_reclaim10_anomaly_ge1_final_c20,2025-01,-0.1356326888463784
tail15_reclaim10_anomaly_ge1_final_c20,2025-02,-0.04060357349093807
tail15_reclaim10_anomaly_ge1_final_c20,2025-03,-0.14533792045791216
tail15_reclaim10_anomaly_ge1_final_c20,2025-04,0.18193083950200362
tail15_reclaim10_anomaly_ge1_final_c20,2025-05,0.12075031132152582
tail15_reclaim10_anomaly_ge1_final_c20,2025-06,-0.06454058138990407
tail15_reclaim10_anomaly_ge1_final_c20,2025-07,-0.07049597383653754
tail15_reclaim10_anomaly_ge1_final_c20,2025-08,-0.06257635528394326
tail15_reclaim10_anomaly_ge1_final_c20,2025-09,0.07248907811072013
tail15_reclaim10_anomaly_ge1_final_c20,2025-10,0.030254507707254737
tail15_reclaim10_anomaly_ge1_final_c20,2025-11,-0.023101783913528927
tail15_reclaim10_anomaly_ge1_final_c20,2025-12,-0.04761633105984227
tail15_reclaim10_anomaly_ge1_final_c20,2026-01,-0.1818349009512329
tail15_reclaim10_anomaly_ge1_final_c20,2026-02,-0.06796014176362501
tail15_reclaim10_anomaly_ge1_final_c20,2026-03,0.0031365812585206175
tail15_reclaim10_anomaly_ge1_final_c20,2026-04,0.026262937577708013
tail15_reclaim10_anomaly_ge1_5_1200_c5,2024-11,0.02084016592776914
tail15_reclaim10_anomaly_ge1_5_1200_c5,2024-12,0.01287862998594434
tail15_reclaim10_anomaly_ge1_5_1200_c5,2025-01,-0.1509904693121285
tail15_reclaim10_anomaly_ge1_5_1200_c5,2025-02,-0.05882575583932189
tail15_reclaim10_anomaly_ge1_5_1200_c5,2025-03,-0.032148625247555906
tail15_reclaim10_anomaly_ge1_5_1200_c5,2025-04,0.010474321383381516
tail15_reclaim10_anomaly_ge1_5_1200_c5,2025-05,0.0020954644454580923
tail15_reclaim10_anomaly_ge1_5_1200_c5,2025-06,0.11398763934490197
tail15_reclaim10_anomaly_ge1_5_1200_c5,2025-07,0.018000339978805978
tail15_reclaim10_anomaly_ge1_5_1200_c5,2025-08,-0.016635938273023787
tail15_reclaim10_anomaly_ge1_5_1200_c5,2025-09,0.06631661218429441
tail15_reclaim10_anomaly_ge1_5_1200_c5,2025-10,0.12769423282330264
tail15_reclaim10_anomaly_ge1_5_1200_c5,2025-11,0.023742902759167073
tail15_reclaim10_anomaly_ge1_5_1200_c5,2025-12,0.005889429791004411
tail15_reclaim10_anomaly_ge1_5_1200_c5,2026-01,-0.0994053893870014
tail15_reclaim10_anomaly_ge1_5_1200_c5,2026-02,-0.0493443864862151
tail15_reclaim10_anomaly_ge1_5_1200_c5,2026-03,0.02538707464963913
tail15_reclaim10_anomaly_ge1_5_1200_c5,2026-04,0.018121278108664332
tail15_reclaim10_anomaly_ge1_5_1200_c10,2024-11,0.005840165927769132
tail15_reclaim10_anomaly_ge1_5_1200_c10,2024-12,0.005878629985944337
tail15_reclaim10_anomaly_ge1_5_1200_c10,2025-01,-0.16199046931212852
tail15_reclaim10_anomaly_ge1_5_1200_c10,2025-02,-0.0728257558393219
tail15_reclaim10_anomaly_ge1_5_1200_c10,2025-03,-0.042148625247555915
tail15_reclaim10_anomaly_ge1_5_1200_c10,2025-04,0.00047432138338151034
tail15_reclaim10_anomaly_ge1_5_1200_c10,2025-05,-0.005904535554541911
tail15_reclaim10_anomaly_ge1_5_1200_c10,2025-06,0.10498763934490198
tail15_reclaim10_anomaly_ge1_5_1200_c10,2025-07,0.007000339978805975
tail15_reclaim10_anomaly_ge1_5_1200_c10,2025-08,-0.031635938273023786
tail15_reclaim10_anomaly_ge1_5_1200_c10,2025-09,0.05331661218429441
tail15_reclaim10_anomaly_ge1_5_1200_c10,2025-10,0.11169423282330264
tail15_reclaim10_anomaly_ge1_5_1200_c10,2025-11,0.010742902759167063
tail15_reclaim10_anomaly_ge1_5_1200_c10,2025-12,-0.004110570208995589
tail15_reclaim10_anomaly_ge1_5_1200_c10,2026-01,-0.1164053893870014
tail15_reclaim10_anomaly_ge1_5_1200_c10,2026-02,-0.06134438648621511
tail15_reclaim10_anomaly_ge1_5_1200_c10,2026-03,0.013387074649639126
tail15_reclaim10_anomaly_ge1_5_1200_c10,2026-04,0.008121278108664327
tail15_reclaim10_anomaly_ge1_5_1200_c20,2024-11,-0.024159834072230862
tail15_reclaim10_anomaly_ge1_5_1200_c20,2024-12,-0.008121370014055659
tail15_reclaim10_anomaly_ge1_5_1200_c20,2025-01,-0.1839904693121285
tail15_reclaim10_anomaly_ge1_5_1200_c20,2025-02,-0.10082575583932188
tail15_reclaim10_anomaly_ge1_5_1200_c20,2025-03,-0.062148625247555905
tail15_reclaim10_anomaly_ge1_5_1200_c20,2025-04,-0.01952567861661848
tail15_reclaim10_anomaly_ge1_5_1200_c20,2025-05,-0.021904535554541908
tail15_reclaim10_anomaly_ge1_5_1200_c20,2025-06,0.08698763934490197
tail15_reclaim10_anomaly_ge1_5_1200_c20,2025-07,-0.014999660021194017
tail15_reclaim10_anomaly_ge1_5_1200_c20,2025-08,-0.061635938273023785
tail15_reclaim10_anomaly_ge1_5_1200_c20,2025-09,0.02731661218429442
tail15_reclaim10_anomaly_ge1_5_1200_c20,2025-10,0.07969423282330265
tail15_reclaim10_anomaly_ge1_5_1200_c20,2025-11,-0.015257097240832938
tail15_reclaim10_anomaly_ge1_5_1200_c20,2025-12,-0.024110570208995586
tail15_reclaim10_anomaly_ge1_5_1200_c20,2026-01,-0.1504053893870014
tail15_reclaim10_anomaly_ge1_5_1200_c20,2026-02,-0.08534438648621512
tail15_reclaim10_anomaly_ge1_5_1200_c20,2026-03,-0.010612925350360864
tail15_reclaim10_anomaly_ge1_5_1200_c20,2026-04,-0.011878721891335667
tail15_reclaim10_anomaly_ge1_5_final_c5,2024-11,0.07032245640399695
tail15_reclaim10_anomaly_ge1_5_final_c5,2024-12,-0.07642184005944945
tail15_reclaim10_anomaly_ge1_5_final_c5,2025-01,-0.08797691268772023
tail15_reclaim10_anomaly_ge1_5_final_c5,2025-02,0.022073385625289314
tail15_reclaim10_anomaly_ge1_5_final_c5,2025-03,0.036819825132092504
tail15_reclaim10_anomaly_ge1_5_final_c5,2025-04,0.1985073066800943
tail15_reclaim10_anomaly_ge1_5_final_c5,2025-05,0.0684964183044203
tail15_reclaim10_anomaly_ge1_5_final_c5,2025-06,0.03414121366667855
tail15_reclaim10_anomaly_ge1_5_final_c5,2025-07,0.008898197701066039
tail15_reclaim10_anomaly_ge1_5_final_c5,2025-08,-0.07769207079015256
tail15_reclaim10_anomaly_ge1_5_final_c5,2025-09,0.12048564371053821
tail15_reclaim10_anomaly_ge1_5_final_c5,2025-10,0.06393395298518939
tail15_reclaim10_anomaly_ge1_5_final_c5,2025-11,0.03204069783673998
tail15_reclaim10_anomaly_ge1_5_final_c5,2025-12,0.0007465550384782456
tail15_reclaim10_anomaly_ge1_5_final_c5,2026-01,-0.0832059671164707
tail15_reclaim10_anomaly_ge1_5_final_c5,2026-02,-0.021800238626142276
tail15_reclaim10_anomaly_ge1_5_final_c5,2026-03,0.08814257336508934
tail15_reclaim10_anomaly_ge1_5_final_c5,2026-04,0.07862434561017277
tail15_reclaim10_anomaly_ge1_5_final_c10,2024-11,0.054322456403996945
tail15_reclaim10_anomaly_ge1_5_final_c10,2024-12,-0.08642184005944946
tail15_reclaim10_anomaly_ge1_5_final_c10,2025-01,-0.09897691268772023
tail15_reclaim10_anomaly_ge1_5_final_c10,2025-02,0.006073385625289309
tail15_reclaim10_anomaly_ge1_5_final_c10,2025-03,0.025819825132092498
tail15_reclaim10_anomaly_ge1_5_final_c10,2025-04,0.1885073066800943
tail15_reclaim10_anomaly_ge1_5_final_c10,2025-05,0.05649641830442029
tail15_reclaim10_anomaly_ge1_5_final_c10,2025-06,0.02414121366667854
tail15_reclaim10_anomaly_ge1_5_final_c10,2025-07,-0.0021018022989339608
tail15_reclaim10_anomaly_ge1_5_final_c10,2025-08,-0.09369207079015257
tail15_reclaim10_anomaly_ge1_5_final_c10,2025-09,0.10648564371053822
tail15_reclaim10_anomaly_ge1_5_final_c10,2025-10,0.046933952985189376
tail15_reclaim10_anomaly_ge1_5_final_c10,2025-11,0.01904069783673997
tail15_reclaim10_anomaly_ge1_5_final_c10,2025-12,-0.009253444961521749
tail15_reclaim10_anomaly_ge1_5_final_c10,2026-01,-0.1002059671164707
tail15_reclaim10_anomaly_ge1_5_final_c10,2026-02,-0.03380023862614229
tail15_reclaim10_anomaly_ge1_5_final_c10,2026-03,0.07514257336508932
tail15_reclaim10_anomaly_ge1_5_final_c10,2026-04,0.06862434561017276
tail15_reclaim10_anomaly_ge1_5_final_c20,2024-11,0.022322456403996944
tail15_reclaim10_anomaly_ge1_5_final_c20,2024-12,-0.10642184005944946
tail15_reclaim10_anomaly_ge1_5_final_c20,2025-01,-0.12097691268772023
tail15_reclaim10_anomaly_ge1_5_final_c20,2025-02,-0.02592661437471069
tail15_reclaim10_anomaly_ge1_5_final_c20,2025-03,0.003819825132092499
tail15_reclaim10_anomaly_ge1_5_final_c20,2025-04,0.16850730668009428
tail15_reclaim10_anomaly_ge1_5_final_c20,2025-05,0.0324964183044203
tail15_reclaim10_anomaly_ge1_5_final_c20,2025-06,0.0041412136666785435
tail15_reclaim10_anomaly_ge1_5_final_c20,2025-07,-0.024101802298933956
tail15_reclaim10_anomaly_ge1_5_final_c20,2025-08,-0.12569207079015254
tail15_reclaim10_anomaly_ge1_5_final_c20,2025-09,0.07848564371053822
tail15_reclaim10_anomaly_ge1_5_final_c20,2025-10,0.012933952985189383
tail15_reclaim10_anomaly_ge1_5_final_c20,2025-11,-0.0069593021632600345
tail15_reclaim10_anomaly_ge1_5_final_c20,2025-12,-0.029253444961521748
tail15_reclaim10_anomaly_ge1_5_final_c20,2026-01,-0.1342059671164707
tail15_reclaim10_anomaly_ge1_5_final_c20,2026-02,-0.05780023862614227
tail15_reclaim10_anomaly_ge1_5_final_c20,2026-03,0.04914257336508933
tail15_reclaim10_anomaly_ge1_5_final_c20,2026-04,0.04862434561017277
tail15_reclaim10_anomaly_ge2_1200_c5,2024-11,-0.013876155184384509
tail15_reclaim10_anomaly_ge2_1200_c5,2024-12,0.013717083928514603
tail15_reclaim10_anomaly_ge2_1200_c5,2025-01,-0.15922084879862802
tail15_reclaim10_anomaly_ge2_1200_c5,2025-02,-0.06620684399442395
tail15_reclaim10_anomaly_ge2_1200_c5,2025-03,0.03532311767691265
tail15_reclaim10_anomaly_ge2_1200_c5,2025-04,0.08022302772773345
tail15_reclaim10_anomaly_ge2_1200_c5,2025-05,-0.0511683808599816
tail15_reclaim10_anomaly_ge2_1200_c5,2025-06,0.030021594684385478
tail15_reclaim10_anomaly_ge2_1200_c5,2025-07,0.03364220569772214
tail15_reclaim10_anomaly_ge2_1200_c5,2025-08,-0.0009247495866103739
tail15_reclaim10_anomaly_ge2_1200_c5,2025-09,0.0571105423771095
tail15_reclaim10_anomaly_ge2_1200_c5,2025-10,0.10496911517973659
tail15_reclaim10_anomaly_ge2_1200_c5,2025-11,0.06850700933238052
tail15_reclaim10_anomaly_ge2_1200_c5,2025-12,-0.003071458237296378
tail15_reclaim10_anomaly_ge2_1200_c5,2026-01,-0.14161758217102252
tail15_reclaim10_anomaly_ge2_1200_c5,2026-02,-0.04294069460030159
tail15_reclaim10_anomaly_ge2_1200_c5,2026-03,-0.03559333697421396
tail15_reclaim10_anomaly_ge2_1200_c5,2026-04,0.03894921933202884
tail15_reclaim10_anomaly_ge2_1200_c10,2024-11,-0.028876155184384515
tail15_reclaim10_anomaly_ge2_1200_c10,2024-12,0.006717083928514601
tail15_reclaim10_anomaly_ge2_1200_c10,2025-01,-0.16722084879862803
tail15_reclaim10_anomaly_ge2_1200_c10,2025-02,-0.07520684399442396
tail15_reclaim10_anomaly_ge2_1200_c10,2025-03,0.03232311767691265
tail15_reclaim10_anomaly_ge2_1200_c10,2025-04,0.07422302772773344
tail15_reclaim10_anomaly_ge2_1200_c10,2025-05,-0.0561683808599816
tail15_reclaim10_anomaly_ge2_1200_c10,2025-06,0.029021594684385477
tail15_reclaim10_anomaly_ge2_1200_c10,2025-07,0.02664220569772214
tail15_reclaim10_anomaly_ge2_1200_c10,2025-08,-0.010924749586610381
tail15_reclaim10_anomaly_ge2_1200_c10,2025-09,0.04511054237710949
tail15_reclaim10_anomaly_ge2_1200_c10,2025-10,0.09596911517973658
tail15_reclaim10_anomaly_ge2_1200_c10,2025-11,0.05850700933238051
tail15_reclaim10_anomaly_ge2_1200_c10,2025-12,-0.009071458237296378
tail15_reclaim10_anomaly_ge2_1200_c10,2026-01,-0.15361758217102253
tail15_reclaim10_anomaly_ge2_1200_c10,2026-02,-0.05194069460030159
tail15_reclaim10_anomaly_ge2_1200_c10,2026-03,-0.04259333697421396
tail15_reclaim10_anomaly_ge2_1200_c10,2026-04,0.031949219332028836
tail15_reclaim10_anomaly_ge2_1200_c20,2024-11,-0.05887615518438451
tail15_reclaim10_anomaly_ge2_1200_c20,2024-12,-0.007282916071485396
tail15_reclaim10_anomaly_ge2_1200_c20,2025-01,-0.18322084879862802
tail15_reclaim10_anomaly_ge2_1200_c20,2025-02,-0.09320684399442394
tail15_reclaim10_anomaly_ge2_1200_c20,2025-03,0.026323117676912654
tail15_reclaim10_anomaly_ge2_1200_c20,2025-04,0.06222302772773344
tail15_reclaim10_anomaly_ge2_1200_c20,2025-05,-0.0661683808599816
tail15_reclaim10_anomaly_ge2_1200_c20,2025-06,0.02702159468438548
tail15_reclaim10_anomaly_ge2_1200_c20,2025-07,0.012642205697722144
tail15_reclaim10_anomaly_ge2_1200_c20,2025-08,-0.03092474958661037
tail15_reclaim10_anomaly_ge2_1200_c20,2025-09,0.021110542377109506
tail15_reclaim10_anomaly_ge2_1200_c20,2025-10,0.07796911517973658
tail15_reclaim10_anomaly_ge2_1200_c20,2025-11,0.03850700933238051
tail15_reclaim10_anomaly_ge2_1200_c20,2025-12,-0.021071458237296375
tail15_reclaim10_anomaly_ge2_1200_c20,2026-01,-0.17761758217102253
tail15_reclaim10_anomaly_ge2_1200_c20,2026-02,-0.06994069460030158
tail15_reclaim10_anomaly_ge2_1200_c20,2026-03,-0.05659333697421396
tail15_reclaim10_anomaly_ge2_1200_c20,2026-04,0.01794921933202884
tail15_reclaim10_anomaly_ge2_final_c5,2024-11,0.07089009961883114
tail15_reclaim10_anomaly_ge2_final_c5,2024-12,-0.056372926956856736
tail15_reclaim10_anomaly_ge2_final_c5,2025-01,-0.12211603613410899
tail15_reclaim10_anomaly_ge2_final_c5,2025-02,0.005106673945953127
tail15_reclaim10_anomaly_ge2_final_c5,2025-03,0.05103561335127427
tail15_reclaim10_anomaly_ge2_final_c5,2025-04,0.2362373450171955
tail15_reclaim10_anomaly_ge2_final_c5,2025-05,-0.033772816149342966
tail15_reclaim10_anomaly_ge2_final_c5,2025-06,0.037953488372093
tail15_reclaim10_anomaly_ge2_final_c5,2025-07,0.02364416323213736
tail15_reclaim10_anomaly_ge2_final_c5,2025-08,0.0066713299822538374
tail15_reclaim10_anomaly_ge2_final_c5,2025-09,0.06998974283248409
tail15_reclaim10_anomaly_ge2_final_c5,2025-10,0.028945426674209927
tail15_reclaim10_anomaly_ge2_final_c5,2025-11,0.1101129586056435
tail15_reclaim10_anomaly_ge2_final_c5,2025-12,0.01368495128166703
tail15_reclaim10_anomaly_ge2_final_c5,2026-01,-0.1120933036640922
tail15_reclaim10_anomaly_ge2_final_c5,2026-02,0.007996470177613513
tail15_reclaim10_anomaly_ge2_final_c5,2026-03,0.02574734257128375
tail15_reclaim10_anomaly_ge2_final_c5,2026-04,0.08821969893246144
tail15_reclaim10_anomaly_ge2_final_c10,2024-11,0.055890099618831124
tail15_reclaim10_anomaly_ge2_final_c10,2024-12,-0.06637292695685673
tail15_reclaim10_anomaly_ge2_final_c10,2025-01,-0.130116036134109
tail15_reclaim10_anomaly_ge2_final_c10,2025-02,-0.005893326054046881
tail15_reclaim10_anomaly_ge2_final_c10,2025-03,0.048035613351274264
tail15_reclaim10_anomaly_ge2_final_c10,2025-04,0.2302373450171955
tail15_reclaim10_anomaly_ge2_final_c10,2025-05,-0.040772816149342965
tail15_reclaim10_anomaly_ge2_final_c10,2025-06,0.036953488372093
tail15_reclaim10_anomaly_ge2_final_c10,2025-07,0.01664416323213736
tail15_reclaim10_anomaly_ge2_final_c10,2025-08,-0.0033286700177461714
tail15_reclaim10_anomaly_ge2_final_c10,2025-09,0.05798974283248408
tail15_reclaim10_anomaly_ge2_final_c10,2025-10,0.01994542667420992
tail15_reclaim10_anomaly_ge2_final_c10,2025-11,0.10011295860564351
tail15_reclaim10_anomaly_ge2_final_c10,2025-12,0.007684951281667032
tail15_reclaim10_anomaly_ge2_final_c10,2026-01,-0.1240933036640922
tail15_reclaim10_anomaly_ge2_final_c10,2026-02,-0.0010035298223864918
tail15_reclaim10_anomaly_ge2_final_c10,2026-03,0.017747342571283742
tail15_reclaim10_anomaly_ge2_final_c10,2026-04,0.08121969893246143
tail15_reclaim10_anomaly_ge2_final_c20,2024-11,0.025890099618831125
tail15_reclaim10_anomaly_ge2_final_c20,2024-12,-0.08637292695685674
tail15_reclaim10_anomaly_ge2_final_c20,2025-01,-0.14611603613410898
tail15_reclaim10_anomaly_ge2_final_c20,2025-02,-0.027893326054046878
tail15_reclaim10_anomaly_ge2_final_c20,2025-03,0.04203561335127426
tail15_reclaim10_anomaly_ge2_final_c20,2025-04,0.2182373450171955
tail15_reclaim10_anomaly_ge2_final_c20,2025-05,-0.05477281614934296
tail15_reclaim10_anomaly_ge2_final_c20,2025-06,0.034953488372093
tail15_reclaim10_anomaly_ge2_final_c20,2025-07,0.0026441632321373663
tail15_reclaim10_anomaly_ge2_final_c20,2025-08,-0.023328670017746158
tail15_reclaim10_anomaly_ge2_final_c20,2025-09,0.03398974283248409
tail15_reclaim10_anomaly_ge2_final_c20,2025-10,0.0019454266742099206
tail15_reclaim10_anomaly_ge2_final_c20,2025-11,0.08011295860564349
tail15_reclaim10_anomaly_ge2_final_c20,2025-12,-0.004315048718332965
tail15_reclaim10_anomaly_ge2_final_c20,2026-01,-0.14809330366409218
tail15_reclaim10_anomaly_ge2_final_c20,2026-02,-0.01900352982238648
tail15_reclaim10_anomaly_ge2_final_c20,2026-03,0.0017473425712837484
tail15_reclaim10_anomaly_ge2_final_c20,2026-04,0.06721969893246144
tail15_reclaim25_all_1200_c5,2024-11,-0.05397816453974381
tail15_reclaim25_all_1200_c5,2024-12,-0.03849169599916919
tail15_reclaim25_all_1200_c5,2025-01,-0.07683537297475576
tail15_reclaim25_all_1200_c5,2025-02,-0.024257292520870555
tail15_reclaim25_all_1200_c5,2025-03,-0.12777562847904061
tail15_reclaim25_all_1200_c5,2025-04,0.0362960843835647
tail15_reclaim25_all_1200_c5,2025-05,0.13065974609583117
tail15_reclaim25_all_1200_c5,2025-06,0.04858375908343132
tail15_reclaim25_all_1200_c5,2025-07,0.0074895460909285665
tail15_reclaim25_all_1200_c5,2025-08,0.038823959582477585
tail15_reclaim25_all_1200_c5,2025-09,0.02420185127428515
tail15_reclaim25_all_1200_c5,2025-10,0.06050055290024024
tail15_reclaim25_all_1200_c5,2025-11,-0.02402601117040224
tail15_reclaim25_all_1200_c5,2025-12,-0.0030368786561607965
tail15_reclaim25_all_1200_c5,2026-01,-0.026377251220017085
tail15_reclaim25_all_1200_c5,2026-02,-0.023420702833963164
tail15_reclaim25_all_1200_c5,2026-03,0.03716799148777819
tail15_reclaim25_all_1200_c5,2026-04,0.04296853323727231
tail15_reclaim25_all_1200_c10,2024-11,-0.0689781645397438
tail15_reclaim25_all_1200_c10,2024-12,-0.05249169599916918
tail15_reclaim25_all_1200_c10,2025-01,-0.08983537297475577
tail15_reclaim25_all_1200_c10,2025-02,-0.03725729252087055
tail15_reclaim25_all_1200_c10,2025-03,-0.14377562847904063
tail15_reclaim25_all_1200_c10,2025-04,0.023296084383564696
tail15_reclaim25_all_1200_c10,2025-05,0.12465974609583116
tail15_reclaim25_all_1200_c10,2025-06,0.036583759083431325
tail15_reclaim25_all_1200_c10,2025-07,-0.011510453909071433
tail15_reclaim25_all_1200_c10,2025-08,0.023823959582477586
tail15_reclaim25_all_1200_c10,2025-09,0.009201851274285147
tail15_reclaim25_all_1200_c10,2025-10,0.04250055290024024
tail15_reclaim25_all_1200_c10,2025-11,-0.03702601117040225
tail15_reclaim25_all_1200_c10,2025-12,-0.0190368786561608
tail15_reclaim25_all_1200_c10,2026-01,-0.04537725122001709
tail15_reclaim25_all_1200_c10,2026-02,-0.03742070283396316
tail15_reclaim25_all_1200_c10,2026-03,0.02416799148777818
tail15_reclaim25_all_1200_c10,2026-04,0.025968533237272304
tail15_reclaim25_all_1200_c20,2024-11,-0.09897816453974381
tail15_reclaim25_all_1200_c20,2024-12,-0.0804916959991692
tail15_reclaim25_all_1200_c20,2025-01,-0.11583537297475577
tail15_reclaim25_all_1200_c20,2025-02,-0.06325729252087055
tail15_reclaim25_all_1200_c20,2025-03,-0.17577562847904063
tail15_reclaim25_all_1200_c20,2025-04,-0.0027039156164353
tail15_reclaim25_all_1200_c20,2025-05,0.11265974609583117
tail15_reclaim25_all_1200_c20,2025-06,0.012583759083431331
tail15_reclaim25_all_1200_c20,2025-07,-0.049510453909071425
tail15_reclaim25_all_1200_c20,2025-08,-0.00617604041752241
tail15_reclaim25_all_1200_c20,2025-09,-0.02079814872571484
tail15_reclaim25_all_1200_c20,2025-10,0.006500552900240254
tail15_reclaim25_all_1200_c20,2025-11,-0.06302601117040224
tail15_reclaim25_all_1200_c20,2025-12,-0.0510368786561608
tail15_reclaim25_all_1200_c20,2026-01,-0.08337725122001707
tail15_reclaim25_all_1200_c20,2026-02,-0.06542070283396316
tail15_reclaim25_all_1200_c20,2026-03,-0.0018320085122218131
tail15_reclaim25_all_1200_c20,2026-04,-0.008031466762727684
tail15_reclaim25_all_final_c5,2024-11,-0.11712223697886254
tail15_reclaim25_all_final_c5,2024-12,-0.07625309029854728
tail15_reclaim25_all_final_c5,2025-01,-0.05473428479093096
tail15_reclaim25_all_final_c5,2025-02,-0.029656777035468512
tail15_reclaim25_all_final_c5,2025-03,-0.08699778873577482
tail15_reclaim25_all_final_c5,2025-04,0.26537338022613544
tail15_reclaim25_all_final_c5,2025-05,0.13510419154472023
tail15_reclaim25_all_final_c5,2025-06,-0.009016540001082858
tail15_reclaim25_all_final_c5,2025-07,-0.01985108381826208
tail15_reclaim25_all_final_c5,2025-08,0.05194732814483373
tail15_reclaim25_all_final_c5,2025-09,0.084493535193045
tail15_reclaim25_all_final_c5,2025-10,0.02524646001796425
tail15_reclaim25_all_final_c5,2025-11,0.029924122378137755
tail15_reclaim25_all_final_c5,2025-12,0.013229401749348588
tail15_reclaim25_all_final_c5,2026-01,-0.009653674638376734
tail15_reclaim25_all_final_c5,2026-02,-0.04048085169658065
tail15_reclaim25_all_final_c5,2026-03,0.06999821755790439
tail15_reclaim25_all_final_c5,2026-04,0.11403817547687559
tail15_reclaim25_all_final_c10,2024-11,-0.13312223697886255
tail15_reclaim25_all_final_c10,2024-12,-0.09225309029854728
tail15_reclaim25_all_final_c10,2025-01,-0.06873428479093097
tail15_reclaim25_all_final_c10,2025-02,-0.044656777035468526
tail15_reclaim25_all_final_c10,2025-03,-0.10599778873577481
tail15_reclaim25_all_final_c10,2025-04,0.2513733802261354
tail15_reclaim25_all_final_c10,2025-05,0.12410419154472022
tail15_reclaim25_all_final_c10,2025-06,-0.022016540001082854
tail15_reclaim25_all_final_c10,2025-07,-0.03885108381826208
tail15_reclaim25_all_final_c10,2025-08,0.03494732814483373
tail15_reclaim25_all_final_c10,2025-09,0.06849353519304499
tail15_reclaim25_all_final_c10,2025-10,0.006246460017964242
tail15_reclaim25_all_final_c10,2025-11,0.014924122378137745
tail15_reclaim25_all_final_c10,2025-12,-0.004770598250651405
tail15_reclaim25_all_final_c10,2026-01,-0.028653674638376734
tail15_reclaim25_all_final_c10,2026-02,-0.054480851696580665
tail15_reclaim25_all_final_c10,2026-03,0.05599821755790438
tail15_reclaim25_all_final_c10,2026-04,0.09703817547687557
tail15_reclaim25_all_final_c20,2024-11,-0.16512223697886255
tail15_reclaim25_all_final_c20,2024-12,-0.12425309029854728
tail15_reclaim25_all_final_c20,2025-01,-0.09673428479093095
tail15_reclaim25_all_final_c20,2025-02,-0.07465677703546852
tail15_reclaim25_all_final_c20,2025-03,-0.14399778873577482
tail15_reclaim25_all_final_c20,2025-04,0.2233733802261354
tail15_reclaim25_all_final_c20,2025-05,0.10210419154472022
tail15_reclaim25_all_final_c20,2025-06,-0.04801654000108285
tail15_reclaim25_all_final_c20,2025-07,-0.07685108381826208
tail15_reclaim25_all_final_c20,2025-08,0.0009473281448337395
tail15_reclaim25_all_final_c20,2025-09,0.036493535193045004
tail15_reclaim25_all_final_c20,2025-10,-0.031753539982035756
tail15_reclaim25_all_final_c20,2025-11,-0.01507587762186225
tail15_reclaim25_all_final_c20,2025-12,-0.04077059825065141
tail15_reclaim25_all_final_c20,2026-01,-0.06665367463837674
tail15_reclaim25_all_final_c20,2026-02,-0.08248085169658065
tail15_reclaim25_all_final_c20,2026-03,0.02799821755790437
tail15_reclaim25_all_final_c20,2026-04,0.06303817547687557
tail15_reclaim25_participation_q50_1200_c5,2024-11,-0.05168061578415756
tail15_reclaim25_participation_q50_1200_c5,2024-12,0.005062616305358227
tail15_reclaim25_participation_q50_1200_c5,2025-01,-0.033867832772875486
tail15_reclaim25_participation_q50_1200_c5,2025-02,-0.029252725066441665
tail15_reclaim25_participation_q50_1200_c5,2025-03,0.02183137067669276
tail15_reclaim25_participation_q50_1200_c5,2025-04,0.043679249364006675
tail15_reclaim25_participation_q50_1200_c5,2025-05,0.04810254319969459
tail15_reclaim25_participation_q50_1200_c5,2025-06,0.05704942800053555
tail15_reclaim25_participation_q50_1200_c5,2025-07,0.032233593501871716
tail15_reclaim25_participation_q50_1200_c5,2025-08,0.09147190262816034
tail15_reclaim25_participation_q50_1200_c5,2025-09,0.0326833308541391
tail15_reclaim25_participation_q50_1200_c5,2025-10,0.12933227523150714
tail15_reclaim25_participation_q50_1200_c5,2025-11,-0.050293273041294995
tail15_reclaim25_participation_q50_1200_c5,2025-12,0.04269148601330838
tail15_reclaim25_participation_q50_1200_c5,2026-01,-0.021901827963802304
tail15_reclaim25_participation_q50_1200_c5,2026-02,-0.04867895390139369
tail15_reclaim25_participation_q50_1200_c5,2026-03,0.11823252666687019
tail15_reclaim25_participation_q50_1200_c5,2026-04,-0.022983681253259933
tail15_reclaim25_participation_q50_1200_c10,2024-11,-0.06568061578415756
tail15_reclaim25_participation_q50_1200_c10,2024-12,-0.006937383694641769
tail15_reclaim25_participation_q50_1200_c10,2025-01,-0.04486783277287548
tail15_reclaim25_participation_q50_1200_c10,2025-02,-0.03925272506644166
tail15_reclaim25_participation_q50_1200_c10,2025-03,0.010831370676692756
tail15_reclaim25_participation_q50_1200_c10,2025-04,0.03067924936400667
tail15_reclaim25_participation_q50_1200_c10,2025-05,0.043102543199694594
tail15_reclaim25_participation_q50_1200_c10,2025-06,0.04804942800053555
tail15_reclaim25_participation_q50_1200_c10,2025-07,0.017233593501871716
tail15_reclaim25_participation_q50_1200_c10,2025-08,0.08147190262816034
tail15_reclaim25_participation_q50_1200_c10,2025-09,0.0226833308541391
tail15_reclaim25_participation_q50_1200_c10,2025-10,0.11233227523150711
tail15_reclaim25_participation_q50_1200_c10,2025-11,-0.061293273041295004
tail15_reclaim25_participation_q50_1200_c10,2025-12,0.025691486013308385
tail15_reclaim25_participation_q50_1200_c10,2026-01,-0.0399018279638023
tail15_reclaim25_participation_q50_1200_c10,2026-02,-0.05967895390139369
tail15_reclaim25_participation_q50_1200_c10,2026-03,0.10623252666687019
tail15_reclaim25_participation_q50_1200_c10,2026-04,-0.03798368125325994
tail15_reclaim25_participation_q50_1200_c20,2024-11,-0.09368061578415755
tail15_reclaim25_participation_q50_1200_c20,2024-12,-0.030937383694641767
tail15_reclaim25_participation_q50_1200_c20,2025-01,-0.06686783277287549
tail15_reclaim25_participation_q50_1200_c20,2025-02,-0.059252725066441664
tail15_reclaim25_participation_q50_1200_c20,2025-03,-0.011168629323307238
tail15_reclaim25_participation_q50_1200_c20,2025-04,0.004679249364006679
tail15_reclaim25_participation_q50_1200_c20,2025-05,0.03310254319969459
tail15_reclaim25_participation_q50_1200_c20,2025-06,0.03004942800053556
tail15_reclaim25_participation_q50_1200_c20,2025-07,-0.012766406498128283
tail15_reclaim25_participation_q50_1200_c20,2025-08,0.06147190262816034
tail15_reclaim25_participation_q50_1200_c20,2025-09,0.0026833308541391113
tail15_reclaim25_participation_q50_1200_c20,2025-10,0.07833227523150713
tail15_reclaim25_participation_q50_1200_c20,2025-11,-0.08329327304129501
tail15_reclaim25_participation_q50_1200_c20,2025-12,-0.008308513986691614
tail15_reclaim25_participation_q50_1200_c20,2026-01,-0.07590182796380229
tail15_reclaim25_participation_q50_1200_c20,2026-02,-0.08167895390139368
tail15_reclaim25_participation_q50_1200_c20,2026-03,0.0822325266668702
tail15_reclaim25_participation_q50_1200_c20,2026-04,-0.06798368125325993
tail15_reclaim25_participation_q50_final_c5,2024-11,-0.10313769931487654
tail15_reclaim25_participation_q50_final_c5,2024-12,-0.04395680261104043
tail15_reclaim25_participation_q50_final_c5,2025-01,-0.006825148389560404
tail15_reclaim25_participation_q50_final_c5,2025-02,-0.05683086142520234
tail15_reclaim25_participation_q50_final_c5,2025-03,0.05300128780685315
tail15_reclaim25_participation_q50_final_c5,2025-04,0.24210410918630204
tail15_reclaim25_participation_q50_final_c5,2025-05,0.04222533741297785
tail15_reclaim25_participation_q50_final_c5,2025-06,0.0376490357018018
tail15_reclaim25_participation_q50_final_c5,2025-07,0.005106975480407342
tail15_reclaim25_participation_q50_final_c5,2025-08,0.08097009988316084
tail15_reclaim25_participation_q50_final_c5,2025-09,0.07228164458973863
tail15_reclaim25_participation_q50_final_c5,2025-10,0.09121816369128416
tail15_reclaim25_participation_q50_final_c5,2025-11,0.030027070035249542
tail15_reclaim25_participation_q50_final_c5,2025-12,0.07211935821374481
tail15_reclaim25_participation_q50_final_c5,2026-01,-0.03386876594908284
tail15_reclaim25_participation_q50_final_c5,2026-02,-0.02060866075068973
tail15_reclaim25_participation_q50_final_c5,2026-03,0.14709372331207995
tail15_reclaim25_participation_q50_final_c5,2026-04,0.0392333782017634
tail15_reclaim25_participation_q50_final_c10,2024-11,-0.11813769931487655
tail15_reclaim25_participation_q50_final_c10,2024-12,-0.05695680261104043
tail15_reclaim25_participation_q50_final_c10,2025-01,-0.018825148389560398
tail15_reclaim25_participation_q50_final_c10,2025-02,-0.06783086142520234
tail15_reclaim25_participation_q50_final_c10,2025-03,0.041001287806853144
tail15_reclaim25_participation_q50_final_c10,2025-04,0.22910410918630206
tail15_reclaim25_participation_q50_final_c10,2025-05,0.03222533741297785
tail15_reclaim25_participation_q50_final_c10,2025-06,0.027649035701801793
tail15_reclaim25_participation_q50_final_c10,2025-07,-0.009893024519592657
tail15_reclaim25_participation_q50_final_c10,2025-08,0.06897009988316083
tail15_reclaim25_participation_q50_final_c10,2025-09,0.06228164458973862
tail15_reclaim25_participation_q50_final_c10,2025-10,0.07421816369128416
tail15_reclaim25_participation_q50_final_c10,2025-11,0.017027070035249548
tail15_reclaim25_participation_q50_final_c10,2025-12,0.054119358213744806
tail15_reclaim25_participation_q50_final_c10,2026-01,-0.051868765949082844
tail15_reclaim25_participation_q50_final_c10,2026-02,-0.031608660750689736
tail15_reclaim25_participation_q50_final_c10,2026-03,0.13509372331207994
tail15_reclaim25_participation_q50_final_c10,2026-04,0.02423337820176339
tail15_reclaim25_participation_q50_final_c20,2024-11,-0.14813769931487655
tail15_reclaim25_participation_q50_final_c20,2024-12,-0.08295680261104042
tail15_reclaim25_participation_q50_final_c20,2025-01,-0.0428251483895604
tail15_reclaim25_participation_q50_final_c20,2025-02,-0.08983086142520234
tail15_reclaim25_participation_q50_final_c20,2025-03,0.017001287806853147
tail15_reclaim25_participation_q50_final_c20,2025-04,0.20310410918630203
tail15_reclaim25_participation_q50_final_c20,2025-05,0.012225337412977856
tail15_reclaim25_participation_q50_final_c20,2025-06,0.007649035701801799
tail15_reclaim25_participation_q50_final_c20,2025-07,-0.03989302451959266
tail15_reclaim25_participation_q50_final_c20,2025-08,0.044970099883160836
tail15_reclaim25_participation_q50_final_c20,2025-09,0.042281644589738626
tail15_reclaim25_participation_q50_final_c20,2025-10,0.040218163691284156
tail15_reclaim25_participation_q50_final_c20,2025-11,-0.008972929964750458
tail15_reclaim25_participation_q50_final_c20,2025-12,0.018119358213744812
tail15_reclaim25_participation_q50_final_c20,2026-01,-0.08786876594908284
tail15_reclaim25_participation_q50_final_c20,2026-02,-0.05360866075068972
tail15_reclaim25_participation_q50_final_c20,2026-03,0.11109372331207994
tail15_reclaim25_participation_q50_final_c20,2026-04,-0.005766621798236608
tail15_reclaim25_participation_q67_1200_c5,2024-11,-0.06828458579787111
tail15_reclaim25_participation_q67_1200_c5,2024-12,0.011810573574765379
tail15_reclaim25_participation_q67_1200_c5,2025-01,-0.04542285918836463
tail15_reclaim25_participation_q67_1200_c5,2025-02,-0.029252725066441665
tail15_reclaim25_participation_q67_1200_c5,2025-03,0.013127800240480991
tail15_reclaim25_participation_q67_1200_c5,2025-04,0.042495609386233424
tail15_reclaim25_participation_q67_1200_c5,2025-05,0.05098261126761683
tail15_reclaim25_participation_q67_1200_c5,2025-06,0.08650912325761528
tail15_reclaim25_participation_q67_1200_c5,2025-07,0.08999552263194852
tail15_reclaim25_participation_q67_1200_c5,2025-08,0.10401650848231209
tail15_reclaim25_participation_q67_1200_c5,2025-09,0.060896326383321764
tail15_reclaim25_participation_q67_1200_c5,2025-10,0.12765195071715202
tail15_reclaim25_participation_q67_1200_c5,2025-11,-0.04769990364518166
tail15_reclaim25_participation_q67_1200_c5,2025-12,0.01704417076492551
tail15_reclaim25_participation_q67_1200_c5,2026-01,-0.045830442767863376
tail15_reclaim25_participation_q67_1200_c5,2026-02,-0.031493843457684224
tail15_reclaim25_participation_q67_1200_c5,2026-03,0.08141109741040446
tail15_reclaim25_participation_q67_1200_c5,2026-04,0.011129452692105343
tail15_reclaim25_participation_q67_1200_c10,2024-11,-0.08228458579787111
tail15_reclaim25_participation_q67_1200_c10,2024-12,0.0008105735747653848
tail15_reclaim25_participation_q67_1200_c10,2025-01,-0.055422859188364634
tail15_reclaim25_participation_q67_1200_c10,2025-02,-0.03925272506644166
tail15_reclaim25_participation_q67_1200_c10,2025-03,0.005127800240480991
tail15_reclaim25_participation_q67_1200_c10,2025-04,0.032495609386233415
tail15_reclaim25_participation_q67_1200_c10,2025-05,0.04598261126761683
tail15_reclaim25_participation_q67_1200_c10,2025-06,0.07950912325761529
tail15_reclaim25_participation_q67_1200_c10,2025-07,0.0789955226319485
tail15_reclaim25_participation_q67_1200_c10,2025-08,0.09501650848231208
tail15_reclaim25_participation_q67_1200_c10,2025-09,0.05189632638332176
tail15_reclaim25_participation_q67_1200_c10,2025-10,0.11365195071715202
tail15_reclaim25_participation_q67_1200_c10,2025-11,-0.06069990364518167
tail15_reclaim25_participation_q67_1200_c10,2025-12,0.002044170764925508
tail15_reclaim25_participation_q67_1200_c10,2026-01,-0.06383044276786339
tail15_reclaim25_participation_q67_1200_c10,2026-02,-0.04249384345768423
tail15_reclaim25_participation_q67_1200_c10,2026-03,0.07141109741040445
tail15_reclaim25_participation_q67_1200_c10,2026-04,-0.0008705473078946604
tail15_reclaim25_participation_q67_1200_c20,2024-11,-0.1102845857978711
tail15_reclaim25_participation_q67_1200_c20,2024-12,-0.021189426425234616
tail15_reclaim25_participation_q67_1200_c20,2025-01,-0.07542285918836464
tail15_reclaim25_participation_q67_1200_c20,2025-02,-0.059252725066441664
tail15_reclaim25_participation_q67_1200_c20,2025-03,-0.010872199759519002
tail15_reclaim25_participation_q67_1200_c20,2025-04,0.012495609386233415
tail15_reclaim25_participation_q67_1200_c20,2025-05,0.03598261126761683
tail15_reclaim25_participation_q67_1200_c20,2025-06,0.06550912325761529
tail15_reclaim25_participation_q67_1200_c20,2025-07,0.05699552263194851
tail15_reclaim25_participation_q67_1200_c20,2025-08,0.07701650848231209
tail15_reclaim25_participation_q67_1200_c20,2025-09,0.03389632638332177
tail15_reclaim25_participation_q67_1200_c20,2025-10,0.08565195071715202
tail15_reclaim25_participation_q67_1200_c20,2025-11,-0.08669990364518167
tail15_reclaim25_participation_q67_1200_c20,2025-12,-0.02795582923507449
tail15_reclaim25_participation_q67_1200_c20,2026-01,-0.09983044276786338
tail15_reclaim25_participation_q67_1200_c20,2026-02,-0.06449384345768422
tail15_reclaim25_participation_q67_1200_c20,2026-03,0.05141109741040446
tail15_reclaim25_participation_q67_1200_c20,2026-04,-0.024870547307894654
tail15_reclaim25_participation_q67_final_c5,2024-11,-0.12418889777240412
tail15_reclaim25_participation_q67_final_c5,2024-12,-0.03456971567114647
tail15_reclaim25_participation_q67_final_c5,2025-01,-0.00843684580854814
tail15_reclaim25_participation_q67_final_c5,2025-02,-0.05683086142520234
tail15_reclaim25_participation_q67_final_c5,2025-03,0.05092341387469007
tail15_reclaim25_participation_q67_final_c5,2025-04,0.1983749464563368
tail15_reclaim25_participation_q67_final_c5,2025-05,0.05307094762618353
tail15_reclaim25_participation_q67_final_c5,2025-06,0.1357398718915078
tail15_reclaim25_participation_q67_final_c5,2025-07,0.07878781139918771
tail15_reclaim25_participation_q67_final_c5,2025-08,0.12312371968667116
tail15_reclaim25_participation_q67_final_c5,2025-09,0.09049278657122517
tail15_reclaim25_participation_q67_final_c5,2025-10,0.0676147064036105
tail15_reclaim25_participation_q67_final_c5,2025-11,0.03886299247848648
tail15_reclaim25_participation_q67_final_c5,2025-12,0.02608731106341039
tail15_reclaim25_participation_q67_final_c5,2026-01,-0.06455593391012195
tail15_reclaim25_participation_q67_final_c5,2026-02,-0.002760903774631838
tail15_reclaim25_participation_q67_final_c5,2026-03,0.11392595690352245
tail15_reclaim25_participation_q67_final_c5,2026-04,0.067771277880141
tail15_reclaim25_participation_q67_final_c10,2024-11,-0.13918889777240415
tail15_reclaim25_participation_q67_final_c10,2024-12,-0.04656971567114647
tail15_reclaim25_participation_q67_final_c10,2025-01,-0.01843684580854814
tail15_reclaim25_participation_q67_final_c10,2025-02,-0.06783086142520234
tail15_reclaim25_participation_q67_final_c10,2025-03,0.042923413874690064
tail15_reclaim25_participation_q67_final_c10,2025-04,0.1883749464563368
tail15_reclaim25_participation_q67_final_c10,2025-05,0.04407094762618353
tail15_reclaim25_participation_q67_final_c10,2025-06,0.1277398718915078
tail15_reclaim25_participation_q67_final_c10,2025-07,0.06778781139918771
tail15_reclaim25_participation_q67_final_c10,2025-08,0.11212371968667115
tail15_reclaim25_participation_q67_final_c10,2025-09,0.08149278657122516
tail15_reclaim25_participation_q67_final_c10,2025-10,0.05361470640361049
tail15_reclaim25_participation_q67_final_c10,2025-11,0.025862992478486477
tail15_reclaim25_participation_q67_final_c10,2025-12,0.011087311063410401
tail15_reclaim25_participation_q67_final_c10,2026-01,-0.08255593391012195
tail15_reclaim25_participation_q67_final_c10,2026-02,-0.013760903774631846
tail15_reclaim25_participation_q67_final_c10,2026-03,0.10392595690352245
tail15_reclaim25_participation_q67_final_c10,2026-04,0.055771277880140996
tail15_reclaim25_participation_q67_final_c20,2024-11,-0.16918889777240415
tail15_reclaim25_participation_q67_final_c20,2024-12,-0.07056971567114648
tail15_reclaim25_participation_q67_final_c20,2025-01,-0.038436845808548135
tail15_reclaim25_participation_q67_final_c20,2025-02,-0.08983086142520234
tail15_reclaim25_participation_q67_final_c20,2025-03,0.026923413874690074
tail15_reclaim25_participation_q67_final_c20,2025-04,0.16837494645633677
tail15_reclaim25_participation_q67_final_c20,2025-05,0.026070947626183533
tail15_reclaim25_participation_q67_final_c20,2025-06,0.11173987189150779
tail15_reclaim25_participation_q67_final_c20,2025-07,0.04578781139918771
tail15_reclaim25_participation_q67_final_c20,2025-08,0.09012371968667117
tail15_reclaim25_participation_q67_final_c20,2025-09,0.06349278657122517
tail15_reclaim25_participation_q67_final_c20,2025-10,0.0256147064036105
tail15_reclaim25_participation_q67_final_c20,2025-11,-0.0001370075215135283
tail15_reclaim25_participation_q67_final_c20,2025-12,-0.0189126889365896
tail15_reclaim25_participation_q67_final_c20,2026-01,-0.11855593391012194
tail15_reclaim25_participation_q67_final_c20,2026-02,-0.03576090377463183
tail15_reclaim25_participation_q67_final_c20,2026-03,0.08392595690352245
tail15_reclaim25_participation_q67_final_c20,2026-04,0.031771277880141
tail15_reclaim25_participation_q80_1200_c5,2024-11,-0.017267221550105093
tail15_reclaim25_participation_q80_1200_c5,2024-12,0.01876074690158895
tail15_reclaim25_participation_q80_1200_c5,2025-01,-0.04728417388246786
tail15_reclaim25_participation_q80_1200_c5,2025-02,-0.04713949868123729
tail15_reclaim25_participation_q80_1200_c5,2025-03,0.025050769718062638
tail15_reclaim25_participation_q80_1200_c5,2025-04,0.05758890596951893
tail15_reclaim25_participation_q80_1200_c5,2025-05,0.03125739339364886
tail15_reclaim25_participation_q80_1200_c5,2025-06,0.08650912325761528
tail15_reclaim25_participation_q80_1200_c5,2025-07,0.08309043678357797
tail15_reclaim25_participation_q80_1200_c5,2025-08,0.09674449701405718
tail15_reclaim25_participation_q80_1200_c5,2025-09,0.07181444991827213
tail15_reclaim25_participation_q80_1200_c5,2025-10,0.13027100427019428
tail15_reclaim25_participation_q80_1200_c5,2025-11,-0.007417338047861419
tail15_reclaim25_participation_q80_1200_c5,2025-12,-0.003272333956528757
tail15_reclaim25_participation_q80_1200_c5,2026-01,-0.10567571404944195
tail15_reclaim25_participation_q80_1200_c5,2026-02,-0.008906564751668842
tail15_reclaim25_participation_q80_1200_c5,2026-03,0.07973958201260338
tail15_reclaim25_participation_q80_1200_c5,2026-04,-0.0018686664528125077
tail15_reclaim25_participation_q80_1200_c10,2024-11,-0.028267221550105096
tail15_reclaim25_participation_q80_1200_c10,2024-12,0.010760746901588953
tail15_reclaim25_participation_q80_1200_c10,2025-01,-0.05328417388246786
tail15_reclaim25_participation_q80_1200_c10,2025-02,-0.056139498681237285
tail15_reclaim25_participation_q80_1200_c10,2025-03,0.02105076971806264
tail15_reclaim25_participation_q80_1200_c10,2025-04,0.048588905969518925
tail15_reclaim25_participation_q80_1200_c10,2025-05,0.02825739339364886
tail15_reclaim25_participation_q80_1200_c10,2025-06,0.07950912325761529
tail15_reclaim25_participation_q80_1200_c10,2025-07,0.07209043678357797
tail15_reclaim25_participation_q80_1200_c10,2025-08,0.08774449701405719
tail15_reclaim25_participation_q80_1200_c10,2025-09,0.06681444991827212
tail15_reclaim25_participation_q80_1200_c10,2025-10,0.11827100427019427
tail15_reclaim25_participation_q80_1200_c10,2025-11,-0.016417338047861427
tail15_reclaim25_participation_q80_1200_c10,2025-12,-0.014272333956528755
tail15_reclaim25_participation_q80_1200_c10,2026-01,-0.12067571404944195
tail15_reclaim25_participation_q80_1200_c10,2026-02,-0.018906564751668846
tail15_reclaim25_participation_q80_1200_c10,2026-03,0.07073958201260337
tail15_reclaim25_participation_q80_1200_c10,2026-04,-0.00886866645281251
tail15_reclaim25_participation_q80_1200_c20,2024-11,-0.05026722155010509
tail15_reclaim25_participation_q80_1200_c20,2024-12,-0.005239253098411048
tail15_reclaim25_participation_q80_1200_c20,2025-01,-0.06528417388246786
tail15_reclaim25_participation_q80_1200_c20,2025-02,-0.07413949868123729
tail15_reclaim25_participation_q80_1200_c20,2025-03,0.01305076971806264
tail15_reclaim25_participation_q80_1200_c20,2025-04,0.030588905969518923
tail15_reclaim25_participation_q80_1200_c20,2025-05,0.02225739339364886
tail15_reclaim25_participation_q80_1200_c20,2025-06,0.06550912325761529
tail15_reclaim25_participation_q80_1200_c20,2025-07,0.05009043678357797
tail15_reclaim25_participation_q80_1200_c20,2025-08,0.06974449701405719
tail15_reclaim25_participation_q80_1200_c20,2025-09,0.05681444991827213
tail15_reclaim25_participation_q80_1200_c20,2025-10,0.09427100427019428
tail15_reclaim25_participation_q80_1200_c20,2025-11,-0.03441733804786142
tail15_reclaim25_participation_q80_1200_c20,2025-12,-0.03627233395652875
tail15_reclaim25_participation_q80_1200_c20,2026-01,-0.15067571404944197
tail15_reclaim25_participation_q80_1200_c20,2026-02,-0.03890656475166884
tail15_reclaim25_participation_q80_1200_c20,2026-03,0.052739582012603384
tail15_reclaim25_participation_q80_1200_c20,2026-04,-0.02286866645281251
tail15_reclaim25_participation_q80_final_c5,2024-11,-0.07818316534395417
tail15_reclaim25_participation_q80_final_c5,2024-12,-0.035442580436601756
tail15_reclaim25_participation_q80_final_c5,2025-01,0.007873242912059267
tail15_reclaim25_participation_q80_final_c5,2025-02,-0.09798475305486648
tail15_reclaim25_participation_q80_final_c5,2025-03,0.04084857289207999
tail15_reclaim25_participation_q80_final_c5,2025-04,0.19667069766544798
tail15_reclaim25_participation_q80_final_c5,2025-05,0.04748412806036506
tail15_reclaim25_participation_q80_final_c5,2025-06,0.1357398718915078
tail15_reclaim25_participation_q80_final_c5,2025-07,0.06745785076214406
tail15_reclaim25_participation_q80_final_c5,2025-08,0.09394726373022788
tail15_reclaim25_participation_q80_final_c5,2025-09,0.10783729279750698
tail15_reclaim25_participation_q80_final_c5,2025-10,0.057183773892138745
tail15_reclaim25_participation_q80_final_c5,2025-11,0.03967334490505814
tail15_reclaim25_participation_q80_final_c5,2025-12,0.008416830310602863
tail15_reclaim25_participation_q80_final_c5,2026-01,-0.18209680109072052
tail15_reclaim25_participation_q80_final_c5,2026-02,0.019174246577444355
tail15_reclaim25_participation_q80_final_c5,2026-03,0.11510481899094968
tail15_reclaim25_participation_q80_final_c5,2026-04,0.04552773079624539
tail15_reclaim25_participation_q80_final_c10,2024-11,-0.08918316534395418
tail15_reclaim25_participation_q80_final_c10,2024-12,-0.04444258043660176
tail15_reclaim25_participation_q80_final_c10,2025-01,0.0018732429120592656
tail15_reclaim25_participation_q80_final_c10,2025-02,-0.10798475305486649
tail15_reclaim25_participation_q80_final_c10,2025-03,0.03684857289207999
tail15_reclaim25_participation_q80_final_c10,2025-04,0.18767069766544797
tail15_reclaim25_participation_q80_final_c10,2025-05,0.04148412806036506
tail15_reclaim25_participation_q80_final_c10,2025-06,0.1277398718915078
tail15_reclaim25_participation_q80_final_c10,2025-07,0.05645785076214406
tail15_reclaim25_participation_q80_final_c10,2025-08,0.08394726373022787
tail15_reclaim25_participation_q80_final_c10,2025-09,0.10283729279750697
tail15_reclaim25_participation_q80_final_c10,2025-10,0.045183773892138734
tail15_reclaim25_participation_q80_final_c10,2025-11,0.030673344905058138
tail15_reclaim25_participation_q80_final_c10,2025-12,-0.002583169689397131
tail15_reclaim25_participation_q80_final_c10,2026-01,-0.19709680109072053
tail15_reclaim25_participation_q80_final_c10,2026-02,0.009174246577444353
tail15_reclaim25_participation_q80_final_c10,2026-03,0.10610481899094969
tail15_reclaim25_participation_q80_final_c10,2026-04,0.03852773079624539
tail15_reclaim25_participation_q80_final_c20,2024-11,-0.11118316534395416
tail15_reclaim25_participation_q80_final_c20,2024-12,-0.06244258043660175
tail15_reclaim25_participation_q80_final_c20,2025-01,-0.010126757087940731
tail15_reclaim25_participation_q80_final_c20,2025-02,-0.12798475305486648
tail15_reclaim25_participation_q80_final_c20,2025-03,0.028848572892079993
tail15_reclaim25_participation_q80_final_c20,2025-04,0.16967069766544796
tail15_reclaim25_participation_q80_final_c20,2025-05,0.029484128060365065
tail15_reclaim25_participation_q80_final_c20,2025-06,0.11173987189150779
tail15_reclaim25_participation_q80_final_c20,2025-07,0.03445785076214406
tail15_reclaim25_participation_q80_final_c20,2025-08,0.06394726373022788
tail15_reclaim25_participation_q80_final_c20,2025-09,0.09283729279750698
tail15_reclaim25_participation_q80_final_c20,2025-10,0.021183773892138744
tail15_reclaim25_participation_q80_final_c20,2025-11,0.012673344905058136
tail15_reclaim25_participation_q80_final_c20,2025-12,-0.024583169689397135
tail15_reclaim25_participation_q80_final_c20,2026-01,-0.22709680109072053
tail15_reclaim25_participation_q80_final_c20,2026-02,-0.010825753422555633
tail15_reclaim25_participation_q80_final_c20,2026-03,0.08810481899094968
tail15_reclaim25_participation_q80_final_c20,2026-04,0.024527730796245394
tail15_reclaim25_anomaly_ge1_1200_c5,2024-11,-0.048457836898955914
tail15_reclaim25_anomaly_ge1_1200_c5,2024-12,0.017635339773843763
tail15_reclaim25_anomaly_ge1_1200_c5,2025-01,-0.06116531030920083
tail15_reclaim25_anomaly_ge1_1200_c5,2025-02,0.020223464287637993
tail15_reclaim25_anomaly_ge1_1200_c5,2025-03,-0.03499292762587411
tail15_reclaim25_anomaly_ge1_1200_c5,2025-04,0.07195939725505587
tail15_reclaim25_anomaly_ge1_1200_c5,2025-05,0.13003888716543094
tail15_reclaim25_anomaly_ge1_1200_c5,2025-06,0.06657415678047818
tail15_reclaim25_anomaly_ge1_1200_c5,2025-07,0.012726646999136358
tail15_reclaim25_anomaly_ge1_1200_c5,2025-08,0.0756341553577482
tail15_reclaim25_anomaly_ge1_1200_c5,2025-09,0.03971469529501132
tail15_reclaim25_anomaly_ge1_1200_c5,2025-10,0.16757286793991927
tail15_reclaim25_anomaly_ge1_1200_c5,2025-11,0.02930504180377439
tail15_reclaim25_anomaly_ge1_1200_c5,2025-12,-0.0022184753548575497
tail15_reclaim25_anomaly_ge1_1200_c5,2026-01,-0.08558586356002743
tail15_reclaim25_anomaly_ge1_1200_c5,2026-02,0.0198177939433022
tail15_reclaim25_anomaly_ge1_1200_c5,2026-03,0.07206177823277733
tail15_reclaim25_anomaly_ge1_1200_c5,2026-04,0.0758257993389318
tail15_reclaim25_anomaly_ge1_1200_c10,2024-11,-0.06245783689895592
tail15_reclaim25_anomaly_ge1_1200_c10,2024-12,0.006635339773843766
tail15_reclaim25_anomaly_ge1_1200_c10,2025-01,-0.07416531030920083
tail15_reclaim25_anomaly_ge1_1200_c10,2025-02,0.007223464287637997
tail15_reclaim25_anomaly_ge1_1200_c10,2025-03,-0.04399292762587411
tail15_reclaim25_anomaly_ge1_1200_c10,2025-04,0.060959397255055864
tail15_reclaim25_anomaly_ge1_1200_c10,2025-05,0.12403888716543093
tail15_reclaim25_anomaly_ge1_1200_c10,2025-06,0.05957415678047817
tail15_reclaim25_anomaly_ge1_1200_c10,2025-07,-0.0012733530008636404
tail15_reclaim25_anomaly_ge1_1200_c10,2025-08,0.0626341553577482
tail15_reclaim25_anomaly_ge1_1200_c10,2025-09,0.02571469529501131
tail15_reclaim25_anomaly_ge1_1200_c10,2025-10,0.15057286793991925
tail15_reclaim25_anomaly_ge1_1200_c10,2025-11,0.016305041803774387
tail15_reclaim25_anomaly_ge1_1200_c10,2025-12,-0.01421847535485755
tail15_reclaim25_anomaly_ge1_1200_c10,2026-01,-0.10358586356002743
tail15_reclaim25_anomaly_ge1_1200_c10,2026-02,0.007817793943302204
tail15_reclaim25_anomaly_ge1_1200_c10,2026-03,0.06206177823277733
tail15_reclaim25_anomaly_ge1_1200_c10,2026-04,0.06382579933893179
tail15_reclaim25_anomaly_ge1_1200_c20,2024-11,-0.09045783689895592
tail15_reclaim25_anomaly_ge1_1200_c20,2024-12,-0.015364660226156235
tail15_reclaim25_anomaly_ge1_1200_c20,2025-01,-0.10016531030920084
tail15_reclaim25_anomaly_ge1_1200_c20,2025-02,-0.018776535712362003
tail15_reclaim25_anomaly_ge1_1200_c20,2025-03,-0.061992927625874106
tail15_reclaim25_anomaly_ge1_1200_c20,2025-04,0.038959397255055865
tail15_reclaim25_anomaly_ge1_1200_c20,2025-05,0.11203888716543092
tail15_reclaim25_anomaly_ge1_1200_c20,2025-06,0.04557415678047819
tail15_reclaim25_anomaly_ge1_1200_c20,2025-07,-0.029273353000863638
tail15_reclaim25_anomaly_ge1_1200_c20,2025-08,0.0366341553577482
tail15_reclaim25_anomaly_ge1_1200_c20,2025-09,-0.0022853047049886735
tail15_reclaim25_anomaly_ge1_1200_c20,2025-10,0.11657286793991925
tail15_reclaim25_anomaly_ge1_1200_c20,2025-11,-0.00969495819622562
tail15_reclaim25_anomaly_ge1_1200_c20,2025-12,-0.03821847535485755
tail15_reclaim25_anomaly_ge1_1200_c20,2026-01,-0.13958586356002742
tail15_reclaim25_anomaly_ge1_1200_c20,2026-02,-0.016182206056697793
tail15_reclaim25_anomaly_ge1_1200_c20,2026-03,0.04206177823277734
tail15_reclaim25_anomaly_ge1_1200_c20,2026-04,0.039825799338931794
tail15_reclaim25_anomaly_ge1_final_c5,2024-11,-0.10320537876954726
tail15_reclaim25_anomaly_ge1_final_c5,2024-12,-0.02688372584628599
tail15_reclaim25_anomaly_ge1_final_c5,2025-01,-0.008379537672713336
tail15_reclaim25_anomaly_ge1_final_c5,2025-02,0.04342898562330916
tail15_reclaim25_anomaly_ge1_final_c5,2025-03,-0.009614840215769832
tail15_reclaim25_anomaly_ge1_final_c5,2025-04,0.261384336275099
tail15_reclaim25_anomaly_ge1_final_c5,2025-05,0.14771438283728733
tail15_reclaim25_anomaly_ge1_final_c5,2025-06,0.06657683516560008
tail15_reclaim25_anomaly_ge1_final_c5,2025-07,-0.013005986145958767
tail15_reclaim25_anomaly_ge1_final_c5,2025-08,0.06290449815748182
tail15_reclaim25_anomaly_ge1_final_c5,2025-09,0.09687144033197248
tail15_reclaim25_anomaly_ge1_final_c5,2025-10,0.11889031370996275
tail15_reclaim25_anomaly_ge1_final_c5,2025-11,0.05911859004635561
tail15_reclaim25_anomaly_ge1_final_c5,2025-12,-0.015173170863744817
tail15_reclaim25_anomaly_ge1_final_c5,2026-01,-0.09827153798783192
tail15_reclaim25_anomaly_ge1_final_c5,2026-02,0.013040691801412117
tail15_reclaim25_anomaly_ge1_final_c5,2026-03,0.09687955983032695
tail15_reclaim25_anomaly_ge1_final_c5,2026-04,0.11524178264037271
tail15_reclaim25_anomaly_ge1_final_c10,2024-11,-0.11820537876954727
tail15_reclaim25_anomaly_ge1_final_c10,2024-12,-0.038883725846285994
tail15_reclaim25_anomaly_ge1_final_c10,2025-01,-0.02137953767271333
tail15_reclaim25_anomaly_ge1_final_c10,2025-02,0.02942898562330916
tail15_reclaim25_anomaly_ge1_final_c10,2025-03,-0.02061484021576984
tail15_reclaim25_anomaly_ge1_final_c10,2025-04,0.250384336275099
tail15_reclaim25_anomaly_ge1_final_c10,2025-05,0.13771438283728732
tail15_reclaim25_anomaly_ge1_final_c10,2025-06,0.05857683516560007
tail15_reclaim25_anomaly_ge1_final_c10,2025-07,-0.02700598614595876
tail15_reclaim25_anomaly_ge1_final_c10,2025-08,0.04890449815748181
tail15_reclaim25_anomaly_ge1_final_c10,2025-09,0.08287144033197248
tail15_reclaim25_anomaly_ge1_final_c10,2025-10,0.10189031370996274
tail15_reclaim25_anomaly_ge1_final_c10,2025-11,0.04411859004635561
tail15_reclaim25_anomaly_ge1_final_c10,2025-12,-0.027173170863744815
tail15_reclaim25_anomaly_ge1_final_c10,2026-01,-0.11627153798783191
tail15_reclaim25_anomaly_ge1_final_c10,2026-02,0.0010406918014121101
tail15_reclaim25_anomaly_ge1_final_c10,2026-03,0.08587955983032695
tail15_reclaim25_anomaly_ge1_final_c10,2026-04,0.1032417826403727
tail15_reclaim25_anomaly_ge1_final_c20,2024-11,-0.14820537876954726
tail15_reclaim25_anomaly_ge1_final_c20,2024-12,-0.06288372584628599
tail15_reclaim25_anomaly_ge1_final_c20,2025-01,-0.04737953767271333
tail15_reclaim25_anomaly_ge1_final_c20,2025-02,0.0014289856233091515
tail15_reclaim25_anomaly_ge1_final_c20,2025-03,-0.04261484021576984
tail15_reclaim25_anomaly_ge1_final_c20,2025-04,0.22838433627509896
tail15_reclaim25_anomaly_ge1_final_c20,2025-05,0.11771438283728733
tail15_reclaim25_anomaly_ge1_final_c20,2025-06,0.04257683516560007
tail15_reclaim25_anomaly_ge1_final_c20,2025-07,-0.055005986145958766
tail15_reclaim25_anomaly_ge1_final_c20,2025-08,0.020904498157481816
tail15_reclaim25_anomaly_ge1_final_c20,2025-09,0.054871440331972485
tail15_reclaim25_anomaly_ge1_final_c20,2025-10,0.06789031370996274
tail15_reclaim25_anomaly_ge1_final_c20,2025-11,0.014118590046355607
tail15_reclaim25_anomaly_ge1_final_c20,2025-12,-0.051173170863744816
tail15_reclaim25_anomaly_ge1_final_c20,2026-01,-0.1522715379878319
tail15_reclaim25_anomaly_ge1_final_c20,2026-02,-0.022959308198587876
tail15_reclaim25_anomaly_ge1_final_c20,2026-03,0.06387955983032695
tail15_reclaim25_anomaly_ge1_final_c20,2026-04,0.07924178264037271
tail15_reclaim25_anomaly_ge1_5_1200_c5,2024-11,-0.01301113630024514
tail15_reclaim25_anomaly_ge1_5_1200_c5,2024-12,0.009308285995835667
tail15_reclaim25_anomaly_ge1_5_1200_c5,2025-01,-0.06808987599615875
tail15_reclaim25_anomaly_ge1_5_1200_c5,2025-02,-0.03337546078959702
tail15_reclaim25_anomaly_ge1_5_1200_c5,2025-03,-0.015586065637646694
tail15_reclaim25_anomaly_ge1_5_1200_c5,2025-04,0.07534538864229523
tail15_reclaim25_anomaly_ge1_5_1200_c5,2025-05,0.029017478919471706
tail15_reclaim25_anomaly_ge1_5_1200_c5,2025-06,0.08362799506806662
tail15_reclaim25_anomaly_ge1_5_1200_c5,2025-07,-0.008184835343872428
tail15_reclaim25_anomaly_ge1_5_1200_c5,2025-08,0.09801306839649004
tail15_reclaim25_anomaly_ge1_5_1200_c5,2025-09,0.045672573593503296
tail15_reclaim25_anomaly_ge1_5_1200_c5,2025-10,0.14988485241271843
tail15_reclaim25_anomaly_ge1_5_1200_c5,2025-11,-0.01936022022294165
tail15_reclaim25_anomaly_ge1_5_1200_c5,2025-12,-0.007700732593654416
tail15_reclaim25_anomaly_ge1_5_1200_c5,2026-01,-0.08549194249270786
tail15_reclaim25_anomaly_ge1_5_1200_c5,2026-02,-0.004040397796398398
tail15_reclaim25_anomaly_ge1_5_1200_c5,2026-03,0.08539672859146286
tail15_reclaim25_anomaly_ge1_5_1200_c5,2026-04,0.05052773985513209
tail15_reclaim25_anomaly_ge1_5_1200_c10,2024-11,-0.024011136300245144
tail15_reclaim25_anomaly_ge1_5_1200_c10,2024-12,0.0033082859958356668
tail15_reclaim25_anomaly_ge1_5_1200_c10,2025-01,-0.07608987599615874
tail15_reclaim25_anomaly_ge1_5_1200_c10,2025-02,-0.04437546078959702
tail15_reclaim25_anomaly_ge1_5_1200_c10,2025-03,-0.023586065637646696
tail15_reclaim25_anomaly_ge1_5_1200_c10,2025-04,0.06934538864229522
tail15_reclaim25_anomaly_ge1_5_1200_c10,2025-05,0.027017478919471705
tail15_reclaim25_anomaly_ge1_5_1200_c10,2025-06,0.07862799506806661
tail15_reclaim25_anomaly_ge1_5_1200_c10,2025-07,-0.018184835343872427
tail15_reclaim25_anomaly_ge1_5_1200_c10,2025-08,0.08601306839649005
tail15_reclaim25_anomaly_ge1_5_1200_c10,2025-09,0.03267257359350329
tail15_reclaim25_anomaly_ge1_5_1200_c10,2025-10,0.13688485241271844
tail15_reclaim25_anomaly_ge1_5_1200_c10,2025-11,-0.028360220222941657
tail15_reclaim25_anomaly_ge1_5_1200_c10,2025-12,-0.015700732593654416
tail15_reclaim25_anomaly_ge1_5_1200_c10,2026-01,-0.09949194249270786
tail15_reclaim25_anomaly_ge1_5_1200_c10,2026-02,-0.013040397796398404
tail15_reclaim25_anomaly_ge1_5_1200_c10,2026-03,0.07639672859146286
tail15_reclaim25_anomaly_ge1_5_1200_c10,2026-04,0.04552773985513209
tail15_reclaim25_anomaly_ge1_5_1200_c20,2024-11,-0.046011136300245135
tail15_reclaim25_anomaly_ge1_5_1200_c20,2024-12,-0.008691714004164332
tail15_reclaim25_anomaly_ge1_5_1200_c20,2025-01,-0.09208987599615875
tail15_reclaim25_anomaly_ge1_5_1200_c20,2025-02,-0.06637546078959702
tail15_reclaim25_anomaly_ge1_5_1200_c20,2025-03,-0.03958606563764669
tail15_reclaim25_anomaly_ge1_5_1200_c20,2025-04,0.05734538864229523
tail15_reclaim25_anomaly_ge1_5_1200_c20,2025-05,0.023017478919471708
tail15_reclaim25_anomaly_ge1_5_1200_c20,2025-06,0.06862799506806662
tail15_reclaim25_anomaly_ge1_5_1200_c20,2025-07,-0.03818483534387243
tail15_reclaim25_anomaly_ge1_5_1200_c20,2025-08,0.06201306839649005
tail15_reclaim25_anomaly_ge1_5_1200_c20,2025-09,0.006672573593503307
tail15_reclaim25_anomaly_ge1_5_1200_c20,2025-10,0.11088485241271843
tail15_reclaim25_anomaly_ge1_5_1200_c20,2025-11,-0.04636022022294166
tail15_reclaim25_anomaly_ge1_5_1200_c20,2025-12,-0.03170073259365441
tail15_reclaim25_anomaly_ge1_5_1200_c20,2026-01,-0.12749194249270784
tail15_reclaim25_anomaly_ge1_5_1200_c20,2026-02,-0.0310403977963984
tail15_reclaim25_anomaly_ge1_5_1200_c20,2026-03,0.05839672859146286
tail15_reclaim25_anomaly_ge1_5_1200_c20,2026-04,0.03552773985513209
tail15_reclaim25_anomaly_ge1_5_final_c5,2024-11,-0.08077226778347829
tail15_reclaim25_anomaly_ge1_5_final_c5,2024-12,-0.036282509787139344
tail15_reclaim25_anomaly_ge1_5_final_c5,2025-01,-0.007208020838086266
tail15_reclaim25_anomaly_ge1_5_final_c5,2025-02,-0.030155457278816467
tail15_reclaim25_anomaly_ge1_5_final_c5,2025-03,0.04345209439826475
tail15_reclaim25_anomaly_ge1_5_final_c5,2025-04,0.15410366032321438
tail15_reclaim25_anomaly_ge1_5_final_c5,2025-05,0.051799773173021535
tail15_reclaim25_anomaly_ge1_5_final_c5,2025-06,0.12150225647125157
tail15_reclaim25_anomaly_ge1_5_final_c5,2025-07,-0.010204043995977515
tail15_reclaim25_anomaly_ge1_5_final_c5,2025-08,0.07233377332136992
tail15_reclaim25_anomaly_ge1_5_final_c5,2025-09,0.10693102408363309
tail15_reclaim25_anomaly_ge1_5_final_c5,2025-10,0.11283471455276384
tail15_reclaim25_anomaly_ge1_5_final_c5,2025-11,0.046995532257217504
tail15_reclaim25_anomaly_ge1_5_final_c5,2025-12,-0.015558133074369457
tail15_reclaim25_anomaly_ge1_5_final_c5,2026-01,-0.0541293395818114
tail15_reclaim25_anomaly_ge1_5_final_c5,2026-02,-0.0026985895275294727
tail15_reclaim25_anomaly_ge1_5_final_c5,2026-03,0.142686267094151
tail15_reclaim25_anomaly_ge1_5_final_c5,2026-04,0.06721163353000681
tail15_reclaim25_anomaly_ge1_5_final_c10,2024-11,-0.09277226778347829
tail15_reclaim25_anomaly_ge1_5_final_c10,2024-12,-0.04328250978713935
tail15_reclaim25_anomaly_ge1_5_final_c10,2025-01,-0.015208020838086264
tail15_reclaim25_anomaly_ge1_5_final_c10,2025-02,-0.04215545727881646
tail15_reclaim25_anomaly_ge1_5_final_c10,2025-03,0.03445209439826475
tail15_reclaim25_anomaly_ge1_5_final_c10,2025-04,0.14810366032321437
tail15_reclaim25_anomaly_ge1_5_final_c10,2025-05,0.04779977317302153
tail15_reclaim25_anomaly_ge1_5_final_c10,2025-06,0.11550225647125156
tail15_reclaim25_anomaly_ge1_5_final_c10,2025-07,-0.020204043995977514
tail15_reclaim25_anomaly_ge1_5_final_c10,2025-08,0.05933377332136991
tail15_reclaim25_anomaly_ge1_5_final_c10,2025-09,0.09393102408363309
tail15_reclaim25_anomaly_ge1_5_final_c10,2025-10,0.09983471455276384
tail15_reclaim25_anomaly_ge1_5_final_c10,2025-11,0.037995532257217496
tail15_reclaim25_anomaly_ge1_5_final_c10,2025-12,-0.02355813307436945
tail15_reclaim25_anomaly_ge1_5_final_c10,2026-01,-0.06812933958181139
tail15_reclaim25_anomaly_ge1_5_final_c10,2026-02,-0.011698589527529479
tail15_reclaim25_anomaly_ge1_5_final_c10,2026-03,0.132686267094151
tail15_reclaim25_anomaly_ge1_5_final_c10,2026-04,0.062211633530006805
tail15_reclaim25_anomaly_ge1_5_final_c20,2024-11,-0.1167722677834783
tail15_reclaim25_anomaly_ge1_5_final_c20,2024-12,-0.057282509787139335
tail15_reclaim25_anomaly_ge1_5_final_c20,2025-01,-0.031208020838086263
tail15_reclaim25_anomaly_ge1_5_final_c20,2025-02,-0.06615545727881647
tail15_reclaim25_anomaly_ge1_5_final_c20,2025-03,0.01645209439826475
tail15_reclaim25_anomaly_ge1_5_final_c20,2025-04,0.13610366032321436
tail15_reclaim25_anomaly_ge1_5_final_c20,2025-05,0.03979977317302154
tail15_reclaim25_anomaly_ge1_5_final_c20,2025-06,0.10350225647125158
tail15_reclaim25_anomaly_ge1_5_final_c20,2025-07,-0.04020404399597752
tail15_reclaim25_anomaly_ge1_5_final_c20,2025-08,0.03333377332136993
tail15_reclaim25_anomaly_ge1_5_final_c20,2025-09,0.0679310240836331
tail15_reclaim25_anomaly_ge1_5_final_c20,2025-10,0.07383471455276383
tail15_reclaim25_anomaly_ge1_5_final_c20,2025-11,0.019995532257217497
tail15_reclaim25_anomaly_ge1_5_final_c20,2025-12,-0.03955813307436945
tail15_reclaim25_anomaly_ge1_5_final_c20,2026-01,-0.0961293395818114
tail15_reclaim25_anomaly_ge1_5_final_c20,2026-02,-0.02969858952752947
tail15_reclaim25_anomaly_ge1_5_final_c20,2026-03,0.112686267094151
tail15_reclaim25_anomaly_ge1_5_final_c20,2026-04,0.05221163353000681
tail15_reclaim25_anomaly_ge2_1200_c5,2024-11,-0.07070429077759743
tail15_reclaim25_anomaly_ge2_1200_c5,2024-12,0.02706696373988449
tail15_reclaim25_anomaly_ge2_1200_c5,2025-01,-0.05162313989931
tail15_reclaim25_anomaly_ge2_1200_c5,2025-02,-0.04077358167691286
tail15_reclaim25_anomaly_ge2_1200_c5,2025-03,0.02544281298458395
tail15_reclaim25_anomaly_ge2_1200_c5,2025-04,0.08779006134386758
tail15_reclaim25_anomaly_ge2_1200_c5,2025-05,0.0052075215224286495
tail15_reclaim25_anomaly_ge2_1200_c5,2025-06,0.0
tail15_reclaim25_anomaly_ge2_1200_c5,2025-07,-0.0012200753264851585
tail15_reclaim25_anomaly_ge2_1200_c5,2025-08,0.1177886104738366
tail15_reclaim25_anomaly_ge2_1200_c5,2025-09,0.03588158776040995
tail15_reclaim25_anomaly_ge2_1200_c5,2025-10,0.09773078618939268
tail15_reclaim25_anomaly_ge2_1200_c5,2025-11,-0.012839360662362312
tail15_reclaim25_anomaly_ge2_1200_c5,2025-12,-0.02256687134756546
tail15_reclaim25_anomaly_ge2_1200_c5,2026-01,-0.08406617746014139
tail15_reclaim25_anomaly_ge2_1200_c5,2026-02,0.014022381108088587
tail15_reclaim25_anomaly_ge2_1200_c5,2026-03,0.005888752913358554
tail15_reclaim25_anomaly_ge2_1200_c5,2026-04,0.010378698195853742
tail15_reclaim25_anomaly_ge2_1200_c10,2024-11,-0.07970429077759744
tail15_reclaim25_anomaly_ge2_1200_c10,2024-12,0.02206696373988449
tail15_reclaim25_anomaly_ge2_1200_c10,2025-01,-0.05662313989931
tail15_reclaim25_anomaly_ge2_1200_c10,2025-02,-0.04777358167691286
tail15_reclaim25_anomaly_ge2_1200_c10,2025-03,0.022442812984583952
tail15_reclaim25_anomaly_ge2_1200_c10,2025-04,0.08379006134386757
tail15_reclaim25_anomaly_ge2_1200_c10,2025-05,0.0042075215224286495
tail15_reclaim25_anomaly_ge2_1200_c10,2025-06,0.0
tail15_reclaim25_anomaly_ge2_1200_c10,2025-07,-0.005220075326485161
tail15_reclaim25_anomaly_ge2_1200_c10,2025-08,0.11178861047383659
tail15_reclaim25_anomaly_ge2_1200_c10,2025-09,0.025881587760409948
tail15_reclaim25_anomaly_ge2_1200_c10,2025-10,0.09073078618939268
tail15_reclaim25_anomaly_ge2_1200_c10,2025-11,-0.02083936066236232
tail15_reclaim25_anomaly_ge2_1200_c10,2025-12,-0.027566871347565462
tail15_reclaim25_anomaly_ge2_1200_c10,2026-01,-0.0930661774601414
tail15_reclaim25_anomaly_ge2_1200_c10,2026-02,0.007022381108088583
tail15_reclaim25_anomaly_ge2_1200_c10,2026-03,0.0018887529133585542
tail15_reclaim25_anomaly_ge2_1200_c10,2026-04,0.0063786981958537416
tail15_reclaim25_anomaly_ge2_1200_c20,2024-11,-0.09770429077759743
tail15_reclaim25_anomaly_ge2_1200_c20,2024-12,0.012066963739884492
tail15_reclaim25_anomaly_ge2_1200_c20,2025-01,-0.06662313989931
tail15_reclaim25_anomaly_ge2_1200_c20,2025-02,-0.06177358167691286
tail15_reclaim25_anomaly_ge2_1200_c20,2025-03,0.016442812984583954
tail15_reclaim25_anomaly_ge2_1200_c20,2025-04,0.07579006134386757
tail15_reclaim25_anomaly_ge2_1200_c20,2025-05,0.0022075215224286494
tail15_reclaim25_anomaly_ge2_1200_c20,2025-06,0.0
tail15_reclaim25_anomaly_ge2_1200_c20,2025-07,-0.013220075326485156
tail15_reclaim25_anomaly_ge2_1200_c20,2025-08,0.0997886104738366
tail15_reclaim25_anomaly_ge2_1200_c20,2025-09,0.005881587760409958
tail15_reclaim25_anomaly_ge2_1200_c20,2025-10,0.07673078618939268
tail15_reclaim25_anomaly_ge2_1200_c20,2025-11,-0.03683936066236232
tail15_reclaim25_anomaly_ge2_1200_c20,2025-12,-0.037566871347565464
tail15_reclaim25_anomaly_ge2_1200_c20,2026-01,-0.11106617746014139
tail15_reclaim25_anomaly_ge2_1200_c20,2026-02,-0.006977618891911411
tail15_reclaim25_anomaly_ge2_1200_c20,2026-03,-0.006111247086641444
tail15_reclaim25_anomaly_ge2_1200_c20,2026-04,-0.0016213018041462551
tail15_reclaim25_anomaly_ge2_final_c5,2024-11,-0.08981902282009746
tail15_reclaim25_anomaly_ge2_final_c5,2024-12,-0.027244496086163937
tail15_reclaim25_anomaly_ge2_final_c5,2025-01,-0.011609225299597403
tail15_reclaim25_anomaly_ge2_final_c5,2025-02,-0.052874351654773666
tail15_reclaim25_anomaly_ge2_final_c5,2025-03,0.04189361167559846
tail15_reclaim25_anomaly_ge2_final_c5,2025-04,0.16211255243088168
tail15_reclaim25_anomaly_ge2_final_c5,2025-05,0.02387062100395254
tail15_reclaim25_anomaly_ge2_final_c5,2025-06,0.0
tail15_reclaim25_anomaly_ge2_final_c5,2025-07,-0.004991695060770573
tail15_reclaim25_anomaly_ge2_final_c5,2025-08,0.13622347657273715
tail15_reclaim25_anomaly_ge2_final_c5,2025-09,0.06392080372157172
tail15_reclaim25_anomaly_ge2_final_c5,2025-10,0.022107370599520948
tail15_reclaim25_anomaly_ge2_final_c5,2025-11,0.055585395183756645
tail15_reclaim25_anomaly_ge2_final_c5,2025-12,-0.011409520950331651
tail15_reclaim25_anomaly_ge2_final_c5,2026-01,-0.042139419267506306
tail15_reclaim25_anomaly_ge2_final_c5,2026-02,0.0488192491979557
tail15_reclaim25_anomaly_ge2_final_c5,2026-03,0.06728879819636929
tail15_reclaim25_anomaly_ge2_final_c5,2026-04,0.038872326877095964
tail15_reclaim25_anomaly_ge2_final_c10,2024-11,-0.09881902282009745
tail15_reclaim25_anomaly_ge2_final_c10,2024-12,-0.033244496086163935
tail15_reclaim25_anomaly_ge2_final_c10,2025-01,-0.0166092252995974
tail15_reclaim25_anomaly_ge2_final_c10,2025-02,-0.060874351654773666
tail15_reclaim25_anomaly_ge2_final_c10,2025-03,0.03889361167559846
tail15_reclaim25_anomaly_ge2_final_c10,2025-04,0.15811255243088168
tail15_reclaim25_anomaly_ge2_final_c10,2025-05,0.021870621003952543
tail15_reclaim25_anomaly_ge2_final_c10,2025-06,0.0
tail15_reclaim25_anomaly_ge2_final_c10,2025-07,-0.008991695060770572
tail15_reclaim25_anomaly_ge2_final_c10,2025-08,0.13022347657273714
tail15_reclaim25_anomaly_ge2_final_c10,2025-09,0.05392080372157171
tail15_reclaim25_anomaly_ge2_final_c10,2025-10,0.015107370599520945
tail15_reclaim25_anomaly_ge2_final_c10,2025-11,0.04758539518375664
tail15_reclaim25_anomaly_ge2_final_c10,2025-12,-0.01640952095033165
tail15_reclaim25_anomaly_ge2_final_c10,2026-01,-0.0511394192675063
tail15_reclaim25_anomaly_ge2_final_c10,2026-02,0.041819249197955696
tail15_reclaim25_anomaly_ge2_final_c10,2026-03,0.06228879819636929
tail15_reclaim25_anomaly_ge2_final_c10,2026-04,0.03487232687709596
tail15_reclaim25_anomaly_ge2_final_c20,2024-11,-0.11681902282009746
tail15_reclaim25_anomaly_ge2_final_c20,2024-12,-0.04524449608616393
tail15_reclaim25_anomaly_ge2_final_c20,2025-01,-0.0266092252995974
tail15_reclaim25_anomaly_ge2_final_c20,2025-02,-0.07687435165477366
tail15_reclaim25_anomaly_ge2_final_c20,2025-03,0.03289361167559846
tail15_reclaim25_anomaly_ge2_final_c20,2025-04,0.15011255243088167
tail15_reclaim25_anomaly_ge2_final_c20,2025-05,0.017870621003952543
tail15_reclaim25_anomaly_ge2_final_c20,2025-06,0.0
tail15_reclaim25_anomaly_ge2_final_c20,2025-07,-0.01699169506077057
tail15_reclaim25_anomaly_ge2_final_c20,2025-08,0.11822347657273714
tail15_reclaim25_anomaly_ge2_final_c20,2025-09,0.03392080372157172
tail15_reclaim25_anomaly_ge2_final_c20,2025-10,0.0011073705995209432
tail15_reclaim25_anomaly_ge2_final_c20,2025-11,0.03158539518375664
tail15_reclaim25_anomaly_ge2_final_c20,2025-12,-0.02640952095033165
tail15_reclaim25_anomaly_ge2_final_c20,2026-01,-0.0691394192675063
tail15_reclaim25_anomaly_ge2_final_c20,2026-02,0.027819249197955705
tail15_reclaim25_anomaly_ge2_final_c20,2026-03,0.05228879819636929
tail15_reclaim25_anomaly_ge2_final_c20,2026-04,0.026872326877095967
tail15_reclaim50_all_1200_c5,2024-11,-0.029131115096549778
tail15_reclaim50_all_1200_c5,2024-12,-0.04462383919790324
tail15_reclaim50_all_1200_c5,2025-01,-0.04005158997734104
tail15_reclaim50_all_1200_c5,2025-02,-0.014268577769992019
tail15_reclaim50_all_1200_c5,2025-03,-0.052192187477074214
tail15_reclaim50_all_1200_c5,2025-04,-0.0571073733364457
tail15_reclaim50_all_1200_c5,2025-05,0.029012237791241513
tail15_reclaim50_all_1200_c5,2025-06,0.05384989221356479
tail15_reclaim50_all_1200_c5,2025-07,0.007287001831808322
tail15_reclaim50_all_1200_c5,2025-08,0.07538113599229906
tail15_reclaim50_all_1200_c5,2025-09,-0.018430046572717903
tail15_reclaim50_all_1200_c5,2025-10,0.10831552042584003
tail15_reclaim50_all_1200_c5,2025-11,-0.05225859613816879
tail15_reclaim50_all_1200_c5,2025-12,0.0061050876217778865
tail15_reclaim50_all_1200_c5,2026-01,-0.02360495889975335
tail15_reclaim50_all_1200_c5,2026-02,0.035384555683279584
tail15_reclaim50_all_1200_c5,2026-03,0.036074075285767115
tail15_reclaim50_all_1200_c5,2026-04,0.049403806109868775
tail15_reclaim50_all_1200_c10,2024-11,-0.04113111509654978
tail15_reclaim50_all_1200_c10,2024-12,-0.05462383919790324
tail15_reclaim50_all_1200_c10,2025-01,-0.04805158997734104
tail15_reclaim50_all_1200_c10,2025-02,-0.019268577769992017
tail15_reclaim50_all_1200_c10,2025-03,-0.05819218747707421
tail15_reclaim50_all_1200_c10,2025-04,-0.062107373336445705
tail15_reclaim50_all_1200_c10,2025-05,0.025012237791241516
tail15_reclaim50_all_1200_c10,2025-06,0.04484989221356479
tail15_reclaim50_all_1200_c10,2025-07,-0.0007129981681916753
tail15_reclaim50_all_1200_c10,2025-08,0.06838113599229906
tail15_reclaim50_all_1200_c10,2025-09,-0.0274300465727179
tail15_reclaim50_all_1200_c10,2025-10,0.09731552042584003
tail15_reclaim50_all_1200_c10,2025-11,-0.062258596138168795
tail15_reclaim50_all_1200_c10,2025-12,-0.006894912378222113
tail15_reclaim50_all_1200_c10,2026-01,-0.03860495889975335
tail15_reclaim50_all_1200_c10,2026-02,0.026384555683279576
tail15_reclaim50_all_1200_c10,2026-03,0.026074075285767113
tail15_reclaim50_all_1200_c10,2026-04,0.037403806109868765
tail15_reclaim50_all_1200_c20,2024-11,-0.06513111509654979
tail15_reclaim50_all_1200_c20,2024-12,-0.07462383919790325
tail15_reclaim50_all_1200_c20,2025-01,-0.06405158997734103
tail15_reclaim50_all_1200_c20,2025-02,-0.02926857776999202
tail15_reclaim50_all_1200_c20,2025-03,-0.07019218747707422
tail15_reclaim50_all_1200_c20,2025-04,-0.07210737333644571
tail15_reclaim50_all_1200_c20,2025-05,0.017012237791241516
tail15_reclaim50_all_1200_c20,2025-06,0.026849892213564795
tail15_reclaim50_all_1200_c20,2025-07,-0.016712998168191672
tail15_reclaim50_all_1200_c20,2025-08,0.054381135992299066
tail15_reclaim50_all_1200_c20,2025-09,-0.0454300465727179
tail15_reclaim50_all_1200_c20,2025-10,0.07531552042584003
tail15_reclaim50_all_1200_c20,2025-11,-0.0822585961381688
tail15_reclaim50_all_1200_c20,2025-12,-0.03289491237822211
tail15_reclaim50_all_1200_c20,2026-01,-0.06860495889975333
tail15_reclaim50_all_1200_c20,2026-02,0.00838455568327958
tail15_reclaim50_all_1200_c20,2026-03,0.0060740752857671235
tail15_reclaim50_all_1200_c20,2026-04,0.013403806109868775
tail15_reclaim50_all_final_c5,2024-11,-0.0219666451498999
tail15_reclaim50_all_final_c5,2024-12,-0.04989449208123558
tail15_reclaim50_all_final_c5,2025-01,-0.035666925141342176
tail15_reclaim50_all_final_c5,2025-02,-0.02946465898910089
tail15_reclaim50_all_final_c5,2025-03,-0.024447765155311614
tail15_reclaim50_all_final_c5,2025-04,-0.0035566132372306276
tail15_reclaim50_all_final_c5,2025-05,0.03078971075811791
tail15_reclaim50_all_final_c5,2025-06,-0.03752396356845533
tail15_reclaim50_all_final_c5,2025-07,0.0005640274464684212
tail15_reclaim50_all_final_c5,2025-08,0.11969920339355722
tail15_reclaim50_all_final_c5,2025-09,0.0063352802458766
tail15_reclaim50_all_final_c5,2025-10,0.09603395412291583
tail15_reclaim50_all_final_c5,2025-11,-0.033105260481112654
tail15_reclaim50_all_final_c5,2025-12,-0.0015297311341330657
tail15_reclaim50_all_final_c5,2026-01,-0.041143531149627155
tail15_reclaim50_all_final_c5,2026-02,0.002052785860213957
tail15_reclaim50_all_final_c5,2026-03,0.046575515916092644
tail15_reclaim50_all_final_c5,2026-04,0.0668634091484745
tail15_reclaim50_all_final_c10,2024-11,-0.0339666451498999
tail15_reclaim50_all_final_c10,2024-12,-0.05989449208123558
tail15_reclaim50_all_final_c10,2025-01,-0.043666925141342176
tail15_reclaim50_all_final_c10,2025-02,-0.03546465898910089
tail15_reclaim50_all_final_c10,2025-03,-0.033447765155311615
tail15_reclaim50_all_final_c10,2025-04,-0.008556613237230629
tail15_reclaim50_all_final_c10,2025-05,0.025789710758117913
tail15_reclaim50_all_final_c10,2025-06,-0.04752396356845534
tail15_reclaim50_all_final_c10,2025-07,-0.007435972553531576
tail15_reclaim50_all_final_c10,2025-08,0.11169920339355721
tail15_reclaim50_all_final_c10,2025-09,-0.002664719754123402
tail15_reclaim50_all_final_c10,2025-10,0.08403395412291584
tail15_reclaim50_all_final_c10,2025-11,-0.043105260481112656
tail15_reclaim50_all_final_c10,2025-12,-0.01552973113413306
tail15_reclaim50_all_final_c10,2026-01,-0.056143531149627154
tail15_reclaim50_all_final_c10,2026-02,-0.006947214139786046
tail15_reclaim50_all_final_c10,2026-03,0.03657551591609264
tail15_reclaim50_all_final_c10,2026-04,0.05486340914847449
tail15_reclaim50_all_final_c20,2024-11,-0.05796664514989991
tail15_reclaim50_all_final_c20,2024-12,-0.07989449208123559
tail15_reclaim50_all_final_c20,2025-01,-0.05966692514134217
tail15_reclaim50_all_final_c20,2025-02,-0.04746465898910089
tail15_reclaim50_all_final_c20,2025-03,-0.05144776515531162
tail15_reclaim50_all_final_c20,2025-04,-0.018556613237230634
tail15_reclaim50_all_final_c20,2025-05,0.015789710758117914
tail15_reclaim50_all_final_c20,2025-06,-0.06752396356845534
tail15_reclaim50_all_final_c20,2025-07,-0.023435972553531574
tail15_reclaim50_all_final_c20,2025-08,0.09569920339355723
tail15_reclaim50_all_final_c20,2025-09,-0.0206647197541234
tail15_reclaim50_all_final_c20,2025-10,0.06003395412291584
tail15_reclaim50_all_final_c20,2025-11,-0.06310526048111266
tail15_reclaim50_all_final_c20,2025-12,-0.04352973113413306
tail15_reclaim50_all_final_c20,2026-01,-0.08614353114962715
tail15_reclaim50_all_final_c20,2026-02,-0.02494721413978604
tail15_reclaim50_all_final_c20,2026-03,0.016575515916092638
tail15_reclaim50_all_final_c20,2026-04,0.030863409148474474
tail15_reclaim50_participation_q50_1200_c5,2024-11,-0.021675281742525622
tail15_reclaim50_participation_q50_1200_c5,2024-12,-0.03389211345433107
tail15_reclaim50_participation_q50_1200_c5,2025-01,-0.0069466322048463685
tail15_reclaim50_participation_q50_1200_c5,2025-02,-0.017568467516408837
tail15_reclaim50_participation_q50_1200_c5,2025-03,0.0019887528187936283
tail15_reclaim50_participation_q50_1200_c5,2025-04,-0.014615461696084464
tail15_reclaim50_participation_q50_1200_c5,2025-05,0.013138009136467456
tail15_reclaim50_participation_q50_1200_c5,2025-06,0.07302063586410623
tail15_reclaim50_participation_q50_1200_c5,2025-07,-0.014353163289709404
tail15_reclaim50_participation_q50_1200_c5,2025-08,0.09568316808914701
tail15_reclaim50_participation_q50_1200_c5,2025-09,0.00648177619150381
tail15_reclaim50_participation_q50_1200_c5,2025-10,0.17826881214311746
tail15_reclaim50_participation_q50_1200_c5,2025-11,-0.005181126055052382
tail15_reclaim50_participation_q50_1200_c5,2025-12,0.0025721259275710805
tail15_reclaim50_participation_q50_1200_c5,2026-01,-0.009168657335645314
tail15_reclaim50_participation_q50_1200_c5,2026-02,-0.06535258635262431
tail15_reclaim50_participation_q50_1200_c5,2026-03,0.0049086857537378945
tail15_reclaim50_participation_q50_1200_c5,2026-04,0.022022898239595357
tail15_reclaim50_participation_q50_1200_c10,2024-11,-0.031675281742525624
tail15_reclaim50_participation_q50_1200_c10,2024-12,-0.04089211345433107
tail15_reclaim50_participation_q50_1200_c10,2025-01,-0.012946632204846367
tail15_reclaim50_participation_q50_1200_c10,2025-02,-0.021568467516408837
tail15_reclaim50_participation_q50_1200_c10,2025-03,-1.1247181206371776e-05
tail15_reclaim50_participation_q50_1200_c10,2025-04,-0.018615461696084464
tail15_reclaim50_participation_q50_1200_c10,2025-05,0.010138009136467455
tail15_reclaim50_participation_q50_1200_c10,2025-06,0.06602063586410624
tail15_reclaim50_participation_q50_1200_c10,2025-07,-0.020353163289709403
tail15_reclaim50_participation_q50_1200_c10,2025-08,0.091683168089147
tail15_reclaim50_participation_q50_1200_c10,2025-09,0.002481776191503809
tail15_reclaim50_participation_q50_1200_c10,2025-10,0.16726881214311745
tail15_reclaim50_participation_q50_1200_c10,2025-11,-0.013181126055052384
tail15_reclaim50_participation_q50_1200_c10,2025-12,-0.007427874072428919
tail15_reclaim50_participation_q50_1200_c10,2026-01,-0.023168657335645312
tail15_reclaim50_participation_q50_1200_c10,2026-02,-0.07135258635262431
tail15_reclaim50_participation_q50_1200_c10,2026-03,-0.003091314246262109
tail15_reclaim50_participation_q50_1200_c10,2026-04,0.012022898239595351
tail15_reclaim50_participation_q50_1200_c20,2024-11,-0.05167528174252562
tail15_reclaim50_participation_q50_1200_c20,2024-12,-0.054892113454331065
tail15_reclaim50_participation_q50_1200_c20,2025-01,-0.024946632204846365
tail15_reclaim50_participation_q50_1200_c20,2025-02,-0.029568467516408837
tail15_reclaim50_participation_q50_1200_c20,2025-03,-0.004011247181206372
tail15_reclaim50_participation_q50_1200_c20,2025-04,-0.02661546169608446
tail15_reclaim50_participation_q50_1200_c20,2025-05,0.004138009136467457
tail15_reclaim50_participation_q50_1200_c20,2025-06,0.05202063586410624
tail15_reclaim50_participation_q50_1200_c20,2025-07,-0.0323531632897094
tail15_reclaim50_participation_q50_1200_c20,2025-08,0.08368316808914701
tail15_reclaim50_participation_q50_1200_c20,2025-09,-0.005518223808496189
tail15_reclaim50_participation_q50_1200_c20,2025-10,0.14526881214311746
tail15_reclaim50_participation_q50_1200_c20,2025-11,-0.029181126055052384
tail15_reclaim50_participation_q50_1200_c20,2025-12,-0.02742787407242892
tail15_reclaim50_participation_q50_1200_c20,2026-01,-0.05116865733564531
tail15_reclaim50_participation_q50_1200_c20,2026-02,-0.08335258635262431
tail15_reclaim50_participation_q50_1200_c20,2026-03,-0.019091314246262103
tail15_reclaim50_participation_q50_1200_c20,2026-04,-0.007977101760404642
tail15_reclaim50_participation_q50_final_c5,2024-11,-0.030650992197877255
tail15_reclaim50_participation_q50_final_c5,2024-12,-0.04118962067445109
tail15_reclaim50_participation_q50_final_c5,2025-01,0.005076420892784483
tail15_reclaim50_participation_q50_final_c5,2025-02,-0.01407621903177625
tail15_reclaim50_participation_q50_final_c5,2025-03,-0.027185028629473473
tail15_reclaim50_participation_q50_final_c5,2025-04,0.019773200813991698
tail15_reclaim50_participation_q50_final_c5,2025-05,0.02054556867596391
tail15_reclaim50_participation_q50_final_c5,2025-06,0.07757610482872723
tail15_reclaim50_participation_q50_final_c5,2025-07,-0.014214318770737049
tail15_reclaim50_participation_q50_final_c5,2025-08,0.12724540061450118
tail15_reclaim50_participation_q50_final_c5,2025-09,0.0035827298902008087
tail15_reclaim50_participation_q50_final_c5,2025-10,0.16423500739326385
tail15_reclaim50_participation_q50_final_c5,2025-11,0.04740294269008033
tail15_reclaim50_participation_q50_final_c5,2025-12,0.01849829988192818
tail15_reclaim50_participation_q50_final_c5,2026-01,-0.031751115225044924
tail15_reclaim50_participation_q50_final_c5,2026-02,-0.030659769368047818
tail15_reclaim50_participation_q50_final_c5,2026-03,0.03357298479699208
tail15_reclaim50_participation_q50_final_c5,2026-04,0.04788854595415876
tail15_reclaim50_participation_q50_final_c10,2024-11,-0.04065099219787726
tail15_reclaim50_participation_q50_final_c10,2024-12,-0.04818962067445109
tail15_reclaim50_participation_q50_final_c10,2025-01,-0.0009235791072155133
tail15_reclaim50_participation_q50_final_c10,2025-02,-0.01807621903177625
tail15_reclaim50_participation_q50_final_c10,2025-03,-0.030185028629473476
tail15_reclaim50_participation_q50_final_c10,2025-04,0.0157732008139917
tail15_reclaim50_participation_q50_final_c10,2025-05,0.016545568675963913
tail15_reclaim50_participation_q50_final_c10,2025-06,0.06957610482872724
tail15_reclaim50_participation_q50_final_c10,2025-07,-0.02021431877073705
tail15_reclaim50_participation_q50_final_c10,2025-08,0.12224540061450118
tail15_reclaim50_participation_q50_final_c10,2025-09,-0.0004172701097991914
tail15_reclaim50_participation_q50_final_c10,2025-10,0.15323500739326384
tail15_reclaim50_participation_q50_final_c10,2025-11,0.039402942690080336
tail15_reclaim50_participation_q50_final_c10,2025-12,0.00849829988192818
tail15_reclaim50_participation_q50_final_c10,2026-01,-0.04575111522504492
tail15_reclaim50_participation_q50_final_c10,2026-02,-0.036659769368047816
tail15_reclaim50_participation_q50_final_c10,2026-03,0.025572984796992076
tail15_reclaim50_participation_q50_final_c10,2026-04,0.037888545954158755
tail15_reclaim50_participation_q50_final_c20,2024-11,-0.06065099219787726
tail15_reclaim50_participation_q50_final_c20,2024-12,-0.06218962067445108
tail15_reclaim50_participation_q50_final_c20,2025-01,-0.012923579107215512
tail15_reclaim50_participation_q50_final_c20,2025-02,-0.02607621903177625
tail15_reclaim50_participation_q50_final_c20,2025-03,-0.03618502862947347
tail15_reclaim50_participation_q50_final_c20,2025-04,0.007773200813991701
tail15_reclaim50_participation_q50_final_c20,2025-05,0.008545568675963913
tail15_reclaim50_participation_q50_final_c20,2025-06,0.05357610482872724
tail15_reclaim50_participation_q50_final_c20,2025-07,-0.03221431877073705
tail15_reclaim50_participation_q50_final_c20,2025-08,0.11224540061450118
tail15_reclaim50_participation_q50_final_c20,2025-09,-0.008417270109799188
tail15_reclaim50_participation_q50_final_c20,2025-10,0.13123500739326385
tail15_reclaim50_participation_q50_final_c20,2025-11,0.023402942690080336
tail15_reclaim50_participation_q50_final_c20,2025-12,-0.011501700118071818
tail15_reclaim50_participation_q50_final_c20,2026-01,-0.07375111522504492
tail15_reclaim50_participation_q50_final_c20,2026-02,-0.04865976936804781
tail15_reclaim50_participation_q50_final_c20,2026-03,0.009572984796992073
tail15_reclaim50_participation_q50_final_c20,2026-04,0.01788854595415874
tail15_reclaim50_participation_q67_1200_c5,2024-11,-0.030261699993713125
tail15_reclaim50_participation_q67_1200_c5,2024-12,-0.029405907329322467
tail15_reclaim50_participation_q67_1200_c5,2025-01,-0.010367880306552
tail15_reclaim50_participation_q67_1200_c5,2025-02,-0.017568467516408837
tail15_reclaim50_participation_q67_1200_c5,2025-03,0.0019887528187936283
tail15_reclaim50_participation_q67_1200_c5,2025-04,-0.01509329658328551
tail15_reclaim50_participation_q67_1200_c5,2025-05,0.013138009136467456
tail15_reclaim50_participation_q67_1200_c5,2025-06,0.08484278944909196
tail15_reclaim50_participation_q67_1200_c5,2025-07,0.005589103777835616
tail15_reclaim50_participation_q67_1200_c5,2025-08,0.08597207951451658
tail15_reclaim50_participation_q67_1200_c5,2025-09,0.026764809037043036
tail15_reclaim50_participation_q67_1200_c5,2025-10,0.18022045251679658
tail15_reclaim50_participation_q67_1200_c5,2025-11,-0.005181126055052382
tail15_reclaim50_participation_q67_1200_c5,2025-12,0.0001362253584944518
tail15_reclaim50_participation_q67_1200_c5,2026-01,-0.05754464832438666
tail15_reclaim50_participation_q67_1200_c5,2026-02,-0.06328247467756598
tail15_reclaim50_participation_q67_1200_c5,2026-03,0.04699206000623379
tail15_reclaim50_participation_q67_1200_c5,2026-04,0.022268552555432586
tail15_reclaim50_participation_q67_1200_c10,2024-11,-0.03926169999371312
tail15_reclaim50_participation_q67_1200_c10,2024-12,-0.03240590732932246
tail15_reclaim50_participation_q67_1200_c10,2025-01,-0.016367880306552
tail15_reclaim50_participation_q67_1200_c10,2025-02,-0.021568467516408837
tail15_reclaim50_participation_q67_1200_c10,2025-03,-1.1247181206371776e-05
tail15_reclaim50_participation_q67_1200_c10,2025-04,-0.01609329658328551
tail15_reclaim50_participation_q67_1200_c10,2025-05,0.010138009136467455
tail15_reclaim50_participation_q67_1200_c10,2025-06,0.07884278944909195
tail15_reclaim50_participation_q67_1200_c10,2025-07,0.0005891037778356176
tail15_reclaim50_participation_q67_1200_c10,2025-08,0.08297207951451657
tail15_reclaim50_participation_q67_1200_c10,2025-09,0.023764809037043037
tail15_reclaim50_participation_q67_1200_c10,2025-10,0.17022045251679657
tail15_reclaim50_participation_q67_1200_c10,2025-11,-0.013181126055052384
tail15_reclaim50_participation_q67_1200_c10,2025-12,-0.009863774641505545
tail15_reclaim50_participation_q67_1200_c10,2026-01,-0.07054464832438666
tail15_reclaim50_participation_q67_1200_c10,2026-02,-0.06928247467756599
tail15_reclaim50_participation_q67_1200_c10,2026-03,0.040992060006233795
tail15_reclaim50_participation_q67_1200_c10,2026-04,0.016268552555432584
tail15_reclaim50_participation_q67_1200_c20,2024-11,-0.057261699993713125
tail15_reclaim50_participation_q67_1200_c20,2024-12,-0.03840590732932246
tail15_reclaim50_participation_q67_1200_c20,2025-01,-0.028367880306551997
tail15_reclaim50_participation_q67_1200_c20,2025-02,-0.029568467516408837
tail15_reclaim50_participation_q67_1200_c20,2025-03,-0.004011247181206372
tail15_reclaim50_participation_q67_1200_c20,2025-04,-0.01809329658328551
tail15_reclaim50_participation_q67_1200_c20,2025-05,0.004138009136467457
tail15_reclaim50_participation_q67_1200_c20,2025-06,0.06684278944909197
tail15_reclaim50_participation_q67_1200_c20,2025-07,-0.009410896222164383
tail15_reclaim50_participation_q67_1200_c20,2025-08,0.07697207951451657
tail15_reclaim50_participation_q67_1200_c20,2025-09,0.017764809037043038
tail15_reclaim50_participation_q67_1200_c20,2025-10,0.15022045251679658
tail15_reclaim50_participation_q67_1200_c20,2025-11,-0.029181126055052384
tail15_reclaim50_participation_q67_1200_c20,2025-12,-0.029863774641505546
tail15_reclaim50_participation_q67_1200_c20,2026-01,-0.09654464832438665
tail15_reclaim50_participation_q67_1200_c20,2026-02,-0.08128247467756598
tail15_reclaim50_participation_q67_1200_c20,2026-03,0.028992060006233798
tail15_reclaim50_participation_q67_1200_c20,2026-04,0.004268552555432591
tail15_reclaim50_participation_q67_final_c5,2024-11,-0.029741146988388922
tail15_reclaim50_participation_q67_final_c5,2024-12,-0.012858985308911273
tail15_reclaim50_participation_q67_final_c5,2025-01,0.007900630953113552
tail15_reclaim50_participation_q67_final_c5,2025-02,-0.01407621903177625
tail15_reclaim50_participation_q67_final_c5,2025-03,-0.01269440602422589
tail15_reclaim50_participation_q67_final_c5,2025-04,0.001704248790888819
tail15_reclaim50_participation_q67_final_c5,2025-05,0.02054556867596391
tail15_reclaim50_participation_q67_final_c5,2025-06,0.13158530989123018
tail15_reclaim50_participation_q67_final_c5,2025-07,0.020495584582931214
tail15_reclaim50_participation_q67_final_c5,2025-08,0.12132377957377483
tail15_reclaim50_participation_q67_final_c5,2025-09,0.0018099097743888848
tail15_reclaim50_participation_q67_final_c5,2025-10,0.16452377470142837
tail15_reclaim50_participation_q67_final_c5,2025-11,0.04740294269008033
tail15_reclaim50_participation_q67_final_c5,2025-12,0.02678599719545172
tail15_reclaim50_participation_q67_final_c5,2026-01,-0.12716184575286849
tail15_reclaim50_participation_q67_final_c5,2026-02,-0.02937692645355705
tail15_reclaim50_participation_q67_final_c5,2026-03,0.06923117834774517
tail15_reclaim50_participation_q67_final_c5,2026-04,0.049345139376957725
tail15_reclaim50_participation_q67_final_c10,2024-11,-0.03874114698838892
tail15_reclaim50_participation_q67_final_c10,2024-12,-0.01585898530891127
tail15_reclaim50_participation_q67_final_c10,2025-01,0.0019006309531135555
tail15_reclaim50_participation_q67_final_c10,2025-02,-0.01807621903177625
tail15_reclaim50_participation_q67_final_c10,2025-03,-0.01469440602422589
tail15_reclaim50_participation_q67_final_c10,2025-04,0.000704248790888819
tail15_reclaim50_participation_q67_final_c10,2025-05,0.016545568675963913
tail15_reclaim50_participation_q67_final_c10,2025-06,0.12458530989123019
tail15_reclaim50_participation_q67_final_c10,2025-07,0.015495584582931219
tail15_reclaim50_participation_q67_final_c10,2025-08,0.11732377957377482
tail15_reclaim50_participation_q67_final_c10,2025-09,-0.0011900902256111127
tail15_reclaim50_participation_q67_final_c10,2025-10,0.15452377470142836
tail15_reclaim50_participation_q67_final_c10,2025-11,0.039402942690080336
tail15_reclaim50_participation_q67_final_c10,2025-12,0.016785997195451725
tail15_reclaim50_participation_q67_final_c10,2026-01,-0.1401618457528685
tail15_reclaim50_participation_q67_final_c10,2026-02,-0.035376926453557056
tail15_reclaim50_participation_q67_final_c10,2026-03,0.06323117834774518
tail15_reclaim50_participation_q67_final_c10,2026-04,0.04334513937695772
tail15_reclaim50_participation_q67_final_c20,2024-11,-0.056741146988388926
tail15_reclaim50_participation_q67_final_c20,2024-12,-0.021858985308911272
tail15_reclaim50_participation_q67_final_c20,2025-01,-0.010099369046886443
tail15_reclaim50_participation_q67_final_c20,2025-02,-0.02607621903177625
tail15_reclaim50_participation_q67_final_c20,2025-03,-0.01869440602422589
tail15_reclaim50_participation_q67_final_c20,2025-04,-0.001295751209111181
tail15_reclaim50_participation_q67_final_c20,2025-05,0.008545568675963913
tail15_reclaim50_participation_q67_final_c20,2025-06,0.1105853098912302
tail15_reclaim50_participation_q67_final_c20,2025-07,0.0054955845829312185
tail15_reclaim50_participation_q67_final_c20,2025-08,0.10932377957377483
tail15_reclaim50_participation_q67_final_c20,2025-09,-0.007190090225611113
tail15_reclaim50_participation_q67_final_c20,2025-10,0.13452377470142837
tail15_reclaim50_participation_q67_final_c20,2025-11,0.023402942690080336
tail15_reclaim50_participation_q67_final_c20,2025-12,-0.0032140028045482757
tail15_reclaim50_participation_q67_final_c20,2026-01,-0.16616184575286846
tail15_reclaim50_participation_q67_final_c20,2026-02,-0.047376926453557046
tail15_reclaim50_participation_q67_final_c20,2026-03,0.05123117834774517
tail15_reclaim50_participation_q67_final_c20,2026-04,0.03134513937695772
tail15_reclaim50_participation_q80_1200_c5,2024-11,0.02963727285457557
tail15_reclaim50_participation_q80_1200_c5,2024-12,-0.0104355751099936
tail15_reclaim50_participation_q80_1200_c5,2025-01,-0.010583403678684822
tail15_reclaim50_participation_q80_1200_c5,2025-02,-0.03965093926442509
tail15_reclaim50_participation_q80_1200_c5,2025-03,0.0
tail15_reclaim50_participation_q80_1200_c5,2025-04,0.0
tail15_reclaim50_participation_q80_1200_c5,2025-05,0.011551288758801181
tail15_reclaim50_participation_q80_1200_c5,2025-06,0.08484278944909196
tail15_reclaim50_participation_q80_1200_c5,2025-07,0.018288826533220618
tail15_reclaim50_participation_q80_1200_c5,2025-08,0.0941527245816064
tail15_reclaim50_participation_q80_1200_c5,2025-09,0.025338009872693967
tail15_reclaim50_participation_q80_1200_c5,2025-10,0.16142832204417173
tail15_reclaim50_participation_q80_1200_c5,2025-11,0.026414430180106918
tail15_reclaim50_participation_q80_1200_c5,2025-12,-0.0088107953190768
tail15_reclaim50_participation_q80_1200_c5,2026-01,-0.08688086186479038
tail15_reclaim50_participation_q80_1200_c5,2026-02,-0.06745418079331367
tail15_reclaim50_participation_q80_1200_c5,2026-03,0.059094850660493733
tail15_reclaim50_participation_q80_1200_c5,2026-04,0.02035601905158424
tail15_reclaim50_participation_q80_1200_c10,2024-11,0.024637272854575572
tail15_reclaim50_participation_q80_1200_c10,2024-12,-0.0114355751099936
tail15_reclaim50_participation_q80_1200_c10,2025-01,-0.01258340367868482
tail15_reclaim50_participation_q80_1200_c10,2025-02,-0.04265093926442509
tail15_reclaim50_participation_q80_1200_c10,2025-03,0.0
tail15_reclaim50_participation_q80_1200_c10,2025-04,0.0
tail15_reclaim50_participation_q80_1200_c10,2025-05,0.01055128875880118
tail15_reclaim50_participation_q80_1200_c10,2025-06,0.07884278944909195
tail15_reclaim50_participation_q80_1200_c10,2025-07,0.014288826533220618
tail15_reclaim50_participation_q80_1200_c10,2025-08,0.09115272458160639
tail15_reclaim50_participation_q80_1200_c10,2025-09,0.024338009872693966
tail15_reclaim50_participation_q80_1200_c10,2025-10,0.15342832204417173
tail15_reclaim50_participation_q80_1200_c10,2025-11,0.02241443018010692
tail15_reclaim50_participation_q80_1200_c10,2025-12,-0.0158107953190768
tail15_reclaim50_participation_q80_1200_c10,2026-01,-0.09688086186479038
tail15_reclaim50_participation_q80_1200_c10,2026-02,-0.07245418079331367
tail15_reclaim50_participation_q80_1200_c10,2026-03,0.05409485066049373
tail15_reclaim50_participation_q80_1200_c10,2026-04,0.017356019051584237
tail15_reclaim50_participation_q80_1200_c20,2024-11,0.014637272854575566
tail15_reclaim50_participation_q80_1200_c20,2024-12,-0.0134355751099936
tail15_reclaim50_participation_q80_1200_c20,2025-01,-0.01658340367868482
tail15_reclaim50_participation_q80_1200_c20,2025-02,-0.04865093926442509
tail15_reclaim50_participation_q80_1200_c20,2025-03,0.0
tail15_reclaim50_participation_q80_1200_c20,2025-04,0.0
tail15_reclaim50_participation_q80_1200_c20,2025-05,0.008551288758801182
tail15_reclaim50_participation_q80_1200_c20,2025-06,0.06684278944909197
tail15_reclaim50_participation_q80_1200_c20,2025-07,0.006288826533220618
tail15_reclaim50_participation_q80_1200_c20,2025-08,0.08515272458160639
tail15_reclaim50_participation_q80_1200_c20,2025-09,0.022338009872693968
tail15_reclaim50_participation_q80_1200_c20,2025-10,0.13742832204417174
tail15_reclaim50_participation_q80_1200_c20,2025-11,0.014414430180106921
tail15_reclaim50_participation_q80_1200_c20,2025-12,-0.029810795319076797
tail15_reclaim50_participation_q80_1200_c20,2026-01,-0.11688086186479038
tail15_reclaim50_participation_q80_1200_c20,2026-02,-0.08245418079331367
tail15_reclaim50_participation_q80_1200_c20,2026-03,0.044094850660493734
tail15_reclaim50_participation_q80_1200_c20,2026-04,0.011356019051584242
tail15_reclaim50_participation_q80_final_c5,2024-11,0.023472748180876024
tail15_reclaim50_participation_q80_final_c5,2024-12,-0.0029484600879949854
tail15_reclaim50_participation_q80_final_c5,2025-01,0.016949192946968727
tail15_reclaim50_participation_q80_final_c5,2025-02,-0.04132820268169202
tail15_reclaim50_participation_q80_final_c5,2025-03,0.0
tail15_reclaim50_participation_q80_final_c5,2025-04,0.0
tail15_reclaim50_participation_q80_final_c5,2025-05,0.009752536754816798
tail15_reclaim50_participation_q80_final_c5,2025-06,0.13158530989123018
tail15_reclaim50_participation_q80_final_c5,2025-07,0.02277517511396132
tail15_reclaim50_participation_q80_final_c5,2025-08,0.10327450969283325
tail15_reclaim50_participation_q80_final_c5,2025-09,0.009392309690828715
tail15_reclaim50_participation_q80_final_c5,2025-10,0.12691446132277068
tail15_reclaim50_participation_q80_final_c5,2025-11,0.038962893896651474
tail15_reclaim50_participation_q80_final_c5,2025-12,0.02260566187755914
tail15_reclaim50_participation_q80_final_c5,2026-01,-0.16391405412718957
tail15_reclaim50_participation_q80_final_c5,2026-02,-0.04189450751799806
tail15_reclaim50_participation_q80_final_c5,2026-03,0.07730801093332698
tail15_reclaim50_participation_q80_final_c5,2026-04,0.049724793924378896
tail15_reclaim50_participation_q80_final_c10,2024-11,0.018472748180876023
tail15_reclaim50_participation_q80_final_c10,2024-12,-0.003948460087994985
tail15_reclaim50_participation_q80_final_c10,2025-01,0.01494919294696873
tail15_reclaim50_participation_q80_final_c10,2025-02,-0.04432820268169202
tail15_reclaim50_participation_q80_final_c10,2025-03,0.0
tail15_reclaim50_participation_q80_final_c10,2025-04,0.0
tail15_reclaim50_participation_q80_final_c10,2025-05,0.007752536754816799
tail15_reclaim50_participation_q80_final_c10,2025-06,0.12458530989123019
tail15_reclaim50_participation_q80_final_c10,2025-07,0.018775175113961325
tail15_reclaim50_participation_q80_final_c10,2025-08,0.10027450969283325
tail15_reclaim50_participation_q80_final_c10,2025-09,0.008392309690828716
tail15_reclaim50_participation_q80_final_c10,2025-10,0.11891446132277067
tail15_reclaim50_participation_q80_final_c10,2025-11,0.03496289389665148
tail15_reclaim50_participation_q80_final_c10,2025-12,0.015605661877559142
tail15_reclaim50_participation_q80_final_c10,2026-01,-0.17391405412718958
tail15_reclaim50_participation_q80_final_c10,2026-02,-0.04689450751799806
tail15_reclaim50_participation_q80_final_c10,2026-03,0.07230801093332699
tail15_reclaim50_participation_q80_final_c10,2026-04,0.04672479392437889
tail15_reclaim50_participation_q80_final_c20,2024-11,0.008472748180876021
tail15_reclaim50_participation_q80_final_c20,2024-12,-0.0059484600879949855
tail15_reclaim50_participation_q80_final_c20,2025-01,0.010949192946968729
tail15_reclaim50_participation_q80_final_c20,2025-02,-0.05032820268169202
tail15_reclaim50_participation_q80_final_c20,2025-03,0.0
tail15_reclaim50_participation_q80_final_c20,2025-04,0.0
tail15_reclaim50_participation_q80_final_c20,2025-05,0.0037525367548168
tail15_reclaim50_participation_q80_final_c20,2025-06,0.1105853098912302
tail15_reclaim50_participation_q80_final_c20,2025-07,0.010775175113961324
tail15_reclaim50_participation_q80_final_c20,2025-08,0.09427450969283324
tail15_reclaim50_participation_q80_final_c20,2025-09,0.006392309690828716
tail15_reclaim50_participation_q80_final_c20,2025-10,0.10291446132277068
tail15_reclaim50_participation_q80_final_c20,2025-11,0.026962893896651477
tail15_reclaim50_participation_q80_final_c20,2025-12,0.0016056618775591412
tail15_reclaim50_participation_q80_final_c20,2026-01,-0.19391405412718957
tail15_reclaim50_participation_q80_final_c20,2026-02,-0.05689450751799806
tail15_reclaim50_participation_q80_final_c20,2026-03,0.06230801093332699
tail15_reclaim50_participation_q80_final_c20,2026-04,0.04072479392437889
tail15_reclaim50_anomaly_ge1_1200_c5,2024-11,-0.020490070746225966
tail15_reclaim50_anomaly_ge1_1200_c5,2024-12,-0.020440257985249063
tail15_reclaim50_anomaly_ge1_1200_c5,2025-01,-0.0069466322048463685
tail15_reclaim50_anomaly_ge1_1200_c5,2025-02,-0.017568467516408837
tail15_reclaim50_anomaly_ge1_1200_c5,2025-03,-0.02249139133692185
tail15_reclaim50_anomaly_ge1_1200_c5,2025-04,0.019217879984541164
tail15_reclaim50_anomaly_ge1_1200_c5,2025-05,0.009985677899072676
tail15_reclaim50_anomaly_ge1_1200_c5,2025-06,0.05728770040888037
tail15_reclaim50_anomaly_ge1_1200_c5,2025-07,-0.017105811476401663
tail15_reclaim50_anomaly_ge1_1200_c5,2025-08,0.1260160174392162
tail15_reclaim50_anomaly_ge1_1200_c5,2025-09,0.005862909293908152
tail15_reclaim50_anomaly_ge1_1200_c5,2025-10,0.19463221300375594
tail15_reclaim50_anomaly_ge1_1200_c5,2025-11,-0.03222940606488422
tail15_reclaim50_anomaly_ge1_1200_c5,2025-12,0.003782362798203148
tail15_reclaim50_anomaly_ge1_1200_c5,2026-01,-0.0789798752931677
tail15_reclaim50_anomaly_ge1_1200_c5,2026-02,0.022612943722648993
tail15_reclaim50_anomaly_ge1_1200_c5,2026-03,0.03646645246250374
tail15_reclaim50_anomaly_ge1_1200_c5,2026-04,0.09788204321210159
tail15_reclaim50_anomaly_ge1_1200_c10,2024-11,-0.031490070746225965
tail15_reclaim50_anomaly_ge1_1200_c10,2024-12,-0.025440257985249064
tail15_reclaim50_anomaly_ge1_1200_c10,2025-01,-0.012946632204846367
tail15_reclaim50_anomaly_ge1_1200_c10,2025-02,-0.021568467516408837
tail15_reclaim50_anomaly_ge1_1200_c10,2025-03,-0.024491391336921853
tail15_reclaim50_anomaly_ge1_1200_c10,2025-04,0.017217879984541166
tail15_reclaim50_anomaly_ge1_1200_c10,2025-05,0.007985677899072676
tail15_reclaim50_anomaly_ge1_1200_c10,2025-06,0.052287700408880367
tail15_reclaim50_anomaly_ge1_1200_c10,2025-07,-0.023105811476401665
tail15_reclaim50_anomaly_ge1_1200_c10,2025-08,0.1200160174392162
tail15_reclaim50_anomaly_ge1_1200_c10,2025-09,-0.002137090706091851
tail15_reclaim50_anomaly_ge1_1200_c10,2025-10,0.18263221300375593
tail15_reclaim50_anomaly_ge1_1200_c10,2025-11,-0.04122940606488422
tail15_reclaim50_anomaly_ge1_1200_c10,2025-12,-0.0042176372017968524
tail15_reclaim50_anomaly_ge1_1200_c10,2026-01,-0.0919798752931677
tail15_reclaim50_anomaly_ge1_1200_c10,2026-02,0.01461294372264899
tail15_reclaim50_anomaly_ge1_1200_c10,2026-03,0.030466452462503735
tail15_reclaim50_anomaly_ge1_1200_c10,2026-04,0.08988204321210158
tail15_reclaim50_anomaly_ge1_1200_c20,2024-11,-0.05349007074622597
tail15_reclaim50_anomaly_ge1_1200_c20,2024-12,-0.035440257985249066
tail15_reclaim50_anomaly_ge1_1200_c20,2025-01,-0.024946632204846365
tail15_reclaim50_anomaly_ge1_1200_c20,2025-02,-0.029568467516408837
tail15_reclaim50_anomaly_ge1_1200_c20,2025-03,-0.028491391336921853
tail15_reclaim50_anomaly_ge1_1200_c20,2025-04,0.013217879984541166
tail15_reclaim50_anomaly_ge1_1200_c20,2025-05,0.003985677899072677
tail15_reclaim50_anomaly_ge1_1200_c20,2025-06,0.04228770040888037
tail15_reclaim50_anomaly_ge1_1200_c20,2025-07,-0.03510581147640166
tail15_reclaim50_anomaly_ge1_1200_c20,2025-08,0.1080160174392162
tail15_reclaim50_anomaly_ge1_1200_c20,2025-09,-0.018137090706091846
tail15_reclaim50_anomaly_ge1_1200_c20,2025-10,0.15863221300375593
tail15_reclaim50_anomaly_ge1_1200_c20,2025-11,-0.05922940606488422
tail15_reclaim50_anomaly_ge1_1200_c20,2025-12,-0.02021763720179685
tail15_reclaim50_anomaly_ge1_1200_c20,2026-01,-0.1179798752931677
tail15_reclaim50_anomaly_ge1_1200_c20,2026-02,-0.0013870562773510113
tail15_reclaim50_anomaly_ge1_1200_c20,2026-03,0.01846645246250374
tail15_reclaim50_anomaly_ge1_1200_c20,2026-04,0.0738820432121016
tail15_reclaim50_anomaly_ge1_final_c5,2024-11,-0.018075151942144842
tail15_reclaim50_anomaly_ge1_final_c5,2024-12,-0.023859156505879605
tail15_reclaim50_anomaly_ge1_final_c5,2025-01,0.005076420892784483
tail15_reclaim50_anomaly_ge1_final_c5,2025-02,-0.01407621903177625
tail15_reclaim50_anomaly_ge1_final_c5,2025-03,0.024157074025198816
tail15_reclaim50_anomaly_ge1_final_c5,2025-04,0.030964181598567064
tail15_reclaim50_anomaly_ge1_final_c5,2025-05,0.008186925895088295
tail15_reclaim50_anomaly_ge1_final_c5,2025-06,0.08196706912361706
tail15_reclaim50_anomaly_ge1_final_c5,2025-07,-0.019025216649734444
tail15_reclaim50_anomaly_ge1_final_c5,2025-08,0.13565754516003198
tail15_reclaim50_anomaly_ge1_final_c5,2025-09,0.017010936032225477
tail15_reclaim50_anomaly_ge1_final_c5,2025-10,0.16882815676418478
tail15_reclaim50_anomaly_ge1_final_c5,2025-11,0.00011965705520966714
tail15_reclaim50_anomaly_ge1_final_c5,2025-12,0.007528897071032792
tail15_reclaim50_anomaly_ge1_final_c5,2026-01,-0.09120642701502642
tail15_reclaim50_anomaly_ge1_final_c5,2026-02,0.018414718016433462
tail15_reclaim50_anomaly_ge1_final_c5,2026-03,0.04488992470367498
tail15_reclaim50_anomaly_ge1_final_c5,2026-04,0.10570108818538221
tail15_reclaim50_anomaly_ge1_final_c10,2024-11,-0.02907515194214485
tail15_reclaim50_anomaly_ge1_final_c10,2024-12,-0.028859156505879606
tail15_reclaim50_anomaly_ge1_final_c10,2025-01,-0.0009235791072155133
tail15_reclaim50_anomaly_ge1_final_c10,2025-02,-0.01807621903177625
tail15_reclaim50_anomaly_ge1_final_c10,2025-03,0.020157074025198816
tail15_reclaim50_anomaly_ge1_final_c10,2025-04,0.028964181598567063
tail15_reclaim50_anomaly_ge1_final_c10,2025-05,0.0051869258950882945
tail15_reclaim50_anomaly_ge1_final_c10,2025-06,0.07596706912361706
tail15_reclaim50_anomaly_ge1_final_c10,2025-07,-0.025025216649734443
tail15_reclaim50_anomaly_ge1_final_c10,2025-08,0.12965754516003197
tail15_reclaim50_anomaly_ge1_final_c10,2025-09,0.00901093603222548
tail15_reclaim50_anomaly_ge1_final_c10,2025-10,0.15682815676418477
tail15_reclaim50_anomaly_ge1_final_c10,2025-11,-0.008880342944790332
tail15_reclaim50_anomaly_ge1_final_c10,2025-12,-0.0004711029289672069
tail15_reclaim50_anomaly_ge1_final_c10,2026-01,-0.10420642701502641
tail15_reclaim50_anomaly_ge1_final_c10,2026-02,0.010414718016433462
tail15_reclaim50_anomaly_ge1_final_c10,2026-03,0.03888992470367497
tail15_reclaim50_anomaly_ge1_final_c10,2026-04,0.0977010881853822
tail15_reclaim50_anomaly_ge1_final_c20,2024-11,-0.05107515194214485
tail15_reclaim50_anomaly_ge1_final_c20,2024-12,-0.03885915650587961
tail15_reclaim50_anomaly_ge1_final_c20,2025-01,-0.012923579107215512
tail15_reclaim50_anomaly_ge1_final_c20,2025-02,-0.02607621903177625
tail15_reclaim50_anomaly_ge1_final_c20,2025-03,0.012157074025198812
tail15_reclaim50_anomaly_ge1_final_c20,2025-04,0.024964181598567066
tail15_reclaim50_anomaly_ge1_final_c20,2025-05,-0.0008130741049117048
tail15_reclaim50_anomaly_ge1_final_c20,2025-06,0.06396706912361708
tail15_reclaim50_anomaly_ge1_final_c20,2025-07,-0.037025216649734446
tail15_reclaim50_anomaly_ge1_final_c20,2025-08,0.11765754516003198
tail15_reclaim50_anomaly_ge1_final_c20,2025-09,-0.0069890639677745205
tail15_reclaim50_anomaly_ge1_final_c20,2025-10,0.13282815676418477
tail15_reclaim50_anomaly_ge1_final_c20,2025-11,-0.02688034294479033
tail15_reclaim50_anomaly_ge1_final_c20,2025-12,-0.016471102928967207
tail15_reclaim50_anomaly_ge1_final_c20,2026-01,-0.1302064270150264
tail15_reclaim50_anomaly_ge1_final_c20,2026-02,-0.005585281983566535
tail15_reclaim50_anomaly_ge1_final_c20,2026-03,0.026889924703674968
tail15_reclaim50_anomaly_ge1_final_c20,2026-04,0.0817010881853822
tail15_reclaim50_anomaly_ge1_5_1200_c5,2024-11,-0.0020541399333574017
tail15_reclaim50_anomaly_ge1_5_1200_c5,2024-12,-0.015472920555363312
tail15_reclaim50_anomaly_ge1_5_1200_c5,2025-01,-0.01732747875312901
tail15_reclaim50_anomaly_ge1_5_1200_c5,2025-02,0.03128884352668038
tail15_reclaim50_anomaly_ge1_5_1200_c5,2025-03,-0.014637081219193937
tail15_reclaim50_anomaly_ge1_5_1200_c5,2025-04,0.012080840229153345
tail15_reclaim50_anomaly_ge1_5_1200_c5,2025-05,0.023809957397043058
tail15_reclaim50_anomaly_ge1_5_1200_c5,2025-06,0.06313705042754703
tail15_reclaim50_anomaly_ge1_5_1200_c5,2025-07,0.0013335348243990212
tail15_reclaim50_anomaly_ge1_5_1200_c5,2025-08,0.11016890918036248
tail15_reclaim50_anomaly_ge1_5_1200_c5,2025-09,-0.003396529542914025
tail15_reclaim50_anomaly_ge1_5_1200_c5,2025-10,0.20080656112197914
tail15_reclaim50_anomaly_ge1_5_1200_c5,2025-11,-0.023607108495200535
tail15_reclaim50_anomaly_ge1_5_1200_c5,2025-12,0.0007639989092811123
tail15_reclaim50_anomaly_ge1_5_1200_c5,2026-01,-0.05990810061223428
tail15_reclaim50_anomaly_ge1_5_1200_c5,2026-02,-0.05088235946008646
tail15_reclaim50_anomaly_ge1_5_1200_c5,2026-03,0.06340457322127901
tail15_reclaim50_anomaly_ge1_5_1200_c5,2026-04,-0.01327722935450626
tail15_reclaim50_anomaly_ge1_5_1200_c10,2024-11,-0.008054139933357404
tail15_reclaim50_anomaly_ge1_5_1200_c10,2024-12,-0.01747292055536331
tail15_reclaim50_anomaly_ge1_5_1200_c10,2025-01,-0.021327478753129007
tail15_reclaim50_anomaly_ge1_5_1200_c10,2025-02,0.028288843526680377
tail15_reclaim50_anomaly_ge1_5_1200_c10,2025-03,-0.01663708121919394
tail15_reclaim50_anomaly_ge1_5_1200_c10,2025-04,0.011080840229153345
tail15_reclaim50_anomaly_ge1_5_1200_c10,2025-05,0.022809957397043057
tail15_reclaim50_anomaly_ge1_5_1200_c10,2025-06,0.05913705042754702
tail15_reclaim50_anomaly_ge1_5_1200_c10,2025-07,-0.002666465175600978
tail15_reclaim50_anomaly_ge1_5_1200_c10,2025-08,0.10416890918036248
tail15_reclaim50_anomaly_ge1_5_1200_c10,2025-09,-0.009396529542914027
tail15_reclaim50_anomaly_ge1_5_1200_c10,2025-10,0.19180656112197914
tail15_reclaim50_anomaly_ge1_5_1200_c10,2025-11,-0.029607108495200533
tail15_reclaim50_anomaly_ge1_5_1200_c10,2025-12,-0.005236001090718887
tail15_reclaim50_anomaly_ge1_5_1200_c10,2026-01,-0.07090810061223429
tail15_reclaim50_anomaly_ge1_5_1200_c10,2026-02,-0.056882359460086455
tail15_reclaim50_anomaly_ge1_5_1200_c10,2026-03,0.05740457322127901
tail15_reclaim50_anomaly_ge1_5_1200_c10,2026-04,-0.01527722935450626
tail15_reclaim50_anomaly_ge1_5_1200_c20,2024-11,-0.020054139933357404
tail15_reclaim50_anomaly_ge1_5_1200_c20,2024-12,-0.02147292055536331
tail15_reclaim50_anomaly_ge1_5_1200_c20,2025-01,-0.029327478753129008
tail15_reclaim50_anomaly_ge1_5_1200_c20,2025-02,0.02228884352668038
tail15_reclaim50_anomaly_ge1_5_1200_c20,2025-03,-0.02063708121919394
tail15_reclaim50_anomaly_ge1_5_1200_c20,2025-04,0.009080840229153345
tail15_reclaim50_anomaly_ge1_5_1200_c20,2025-05,0.02080995739704306
tail15_reclaim50_anomaly_ge1_5_1200_c20,2025-06,0.05113705042754703
tail15_reclaim50_anomaly_ge1_5_1200_c20,2025-07,-0.010666465175600978
tail15_reclaim50_anomaly_ge1_5_1200_c20,2025-08,0.09216890918036248
tail15_reclaim50_anomaly_ge1_5_1200_c20,2025-09,-0.021396529542914024
tail15_reclaim50_anomaly_ge1_5_1200_c20,2025-10,0.17380656112197915
tail15_reclaim50_anomaly_ge1_5_1200_c20,2025-11,-0.04160710849520054
tail15_reclaim50_anomaly_ge1_5_1200_c20,2025-12,-0.017236001090718885
tail15_reclaim50_anomaly_ge1_5_1200_c20,2026-01,-0.09290810061223427
tail15_reclaim50_anomaly_ge1_5_1200_c20,2026-02,-0.06888235946008646
tail15_reclaim50_anomaly_ge1_5_1200_c20,2026-03,0.04540457322127902
tail15_reclaim50_anomaly_ge1_5_1200_c20,2026-04,-0.019277229354506258
tail15_reclaim50_anomaly_ge1_5_final_c5,2024-11,0.004633035097255711
tail15_reclaim50_anomaly_ge1_5_final_c5,2024-12,-0.023630519134172134
tail15_reclaim50_anomaly_ge1_5_final_c5,2025-01,-0.004848522772751718
tail15_reclaim50_anomaly_ge1_5_final_c5,2025-02,0.029954155350140454
tail15_reclaim50_anomaly_ge1_5_final_c5,2025-03,0.0862215062703805
tail15_reclaim50_anomaly_ge1_5_final_c5,2025-04,0.021915340547422058
tail15_reclaim50_anomaly_ge1_5_final_c5,2025-05,0.027929152169068994
tail15_reclaim50_anomaly_ge1_5_final_c5,2025-06,0.0939526052641465
tail15_reclaim50_anomaly_ge1_5_final_c5,2025-07,0.014850784797297291
tail15_reclaim50_anomaly_ge1_5_final_c5,2025-08,0.1261830136958184
tail15_reclaim50_anomaly_ge1_5_final_c5,2025-09,0.007238361282774331
tail15_reclaim50_anomaly_ge1_5_final_c5,2025-10,0.19259438740761192
tail15_reclaim50_anomaly_ge1_5_final_c5,2025-11,0.005461344232966182
tail15_reclaim50_anomaly_ge1_5_final_c5,2025-12,0.006968301838860363
tail15_reclaim50_anomaly_ge1_5_final_c5,2026-01,-0.053358626714331336
tail15_reclaim50_anomaly_ge1_5_final_c5,2026-02,-0.032680803356810006
tail15_reclaim50_anomaly_ge1_5_final_c5,2026-03,0.09545468564752646
tail15_reclaim50_anomaly_ge1_5_final_c5,2026-04,0.009533049340014312
tail15_reclaim50_anomaly_ge1_5_final_c10,2024-11,-0.001366964902744289
tail15_reclaim50_anomaly_ge1_5_final_c10,2024-12,-0.025630519134172136
tail15_reclaim50_anomaly_ge1_5_final_c10,2025-01,-0.008848522772751718
tail15_reclaim50_anomaly_ge1_5_final_c10,2025-02,0.026954155350140455
tail15_reclaim50_anomaly_ge1_5_final_c10,2025-03,0.0832215062703805
tail15_reclaim50_anomaly_ge1_5_final_c10,2025-04,0.020915340547422057
tail15_reclaim50_anomaly_ge1_5_final_c10,2025-05,0.025929152169068992
tail15_reclaim50_anomaly_ge1_5_final_c10,2025-06,0.0889526052641465
tail15_reclaim50_anomaly_ge1_5_final_c10,2025-07,0.010850784797297293
tail15_reclaim50_anomaly_ge1_5_final_c10,2025-08,0.12018301369581841
tail15_reclaim50_anomaly_ge1_5_final_c10,2025-09,0.0012383612827743303
tail15_reclaim50_anomaly_ge1_5_final_c10,2025-10,0.18359438740761191
tail15_reclaim50_anomaly_ge1_5_final_c10,2025-11,-0.0005386557670338157
tail15_reclaim50_anomaly_ge1_5_final_c10,2025-12,0.0009683018388603661
tail15_reclaim50_anomaly_ge1_5_final_c10,2026-01,-0.06435862671433133
tail15_reclaim50_anomaly_ge1_5_final_c10,2026-02,-0.038680803356810005
tail15_reclaim50_anomaly_ge1_5_final_c10,2026-03,0.08945468564752646
tail15_reclaim50_anomaly_ge1_5_final_c10,2026-04,0.007533049340014312
tail15_reclaim50_anomaly_ge1_5_final_c20,2024-11,-0.013366964902744295
tail15_reclaim50_anomaly_ge1_5_final_c20,2024-12,-0.029630519134172133
tail15_reclaim50_anomaly_ge1_5_final_c20,2025-01,-0.016848522772751715
tail15_reclaim50_anomaly_ge1_5_final_c20,2025-02,0.020954155350140457
tail15_reclaim50_anomaly_ge1_5_final_c20,2025-03,0.07722150627038049
tail15_reclaim50_anomaly_ge1_5_final_c20,2025-04,0.01891534054742206
tail15_reclaim50_anomaly_ge1_5_final_c20,2025-05,0.021929152169068995
tail15_reclaim50_anomaly_ge1_5_final_c20,2025-06,0.0789526052641465
tail15_reclaim50_anomaly_ge1_5_final_c20,2025-07,0.0028507847972972927
tail15_reclaim50_anomaly_ge1_5_final_c20,2025-08,0.10818301369581841
tail15_reclaim50_anomaly_ge1_5_final_c20,2025-09,-0.010761638717225668
tail15_reclaim50_anomaly_ge1_5_final_c20,2025-10,0.16559438740761193
tail15_reclaim50_anomaly_ge1_5_final_c20,2025-11,-0.012538655767033818
tail15_reclaim50_anomaly_ge1_5_final_c20,2025-12,-0.011031698161139632
tail15_reclaim50_anomaly_ge1_5_final_c20,2026-01,-0.08635862671433132
tail15_reclaim50_anomaly_ge1_5_final_c20,2026-02,-0.05068080335681
tail15_reclaim50_anomaly_ge1_5_final_c20,2026-03,0.07745468564752646
tail15_reclaim50_anomaly_ge1_5_final_c20,2026-04,0.0035330493400143118
tail15_reclaim50_anomaly_ge2_1200_c5,2024-11,-0.023896429776685046
tail15_reclaim50_anomaly_ge2_1200_c5,2024-12,0.0
tail15_reclaim50_anomaly_ge2_1200_c5,2025-01,-0.007162155576979189
tail15_reclaim50_anomaly_ge2_1200_c5,2025-02,0.011768095353591357
tail15_reclaim50_anomaly_ge2_1200_c5,2025-03,0.0
tail15_reclaim50_anomaly_ge2_1200_c5,2025-04,0.0
tail15_reclaim50_anomaly_ge2_1200_c5,2025-05,0.0
tail15_reclaim50_anomaly_ge2_1200_c5,2025-06,0.0
tail15_reclaim50_anomaly_ge2_1200_c5,2025-07,0.0
tail15_reclaim50_anomaly_ge2_1200_c5,2025-08,0.0941527245816064
tail15_reclaim50_anomaly_ge2_1200_c5,2025-09,-0.0010068686201792883
tail15_reclaim50_anomaly_ge2_1200_c5,2025-10,-0.005779128784942799
tail15_reclaim50_anomaly_ge2_1200_c5,2025-11,-0.05654446979764083
tail15_reclaim50_anomaly_ge2_1200_c5,2025-12,-0.021735273460662036
tail15_reclaim50_anomaly_ge2_1200_c5,2026-01,-0.05459887863030077
tail15_reclaim50_anomaly_ge2_1200_c5,2026-02,-0.022084588198959754
tail15_reclaim50_anomaly_ge2_1200_c5,2026-03,0.004701567616278934
tail15_reclaim50_anomaly_ge2_1200_c5,2026-04,-0.01327722935450626
tail15_reclaim50_anomaly_ge2_1200_c10,2024-11,-0.028896429776685044
tail15_reclaim50_anomaly_ge2_1200_c10,2024-12,0.0
tail15_reclaim50_anomaly_ge2_1200_c10,2025-01,-0.009162155576979188
tail15_reclaim50_anomaly_ge2_1200_c10,2025-02,0.010768095353591358
tail15_reclaim50_anomaly_ge2_1200_c10,2025-03,0.0
tail15_reclaim50_anomaly_ge2_1200_c10,2025-04,0.0
tail15_reclaim50_anomaly_ge2_1200_c10,2025-05,0.0
tail15_reclaim50_anomaly_ge2_1200_c10,2025-06,0.0
tail15_reclaim50_anomaly_ge2_1200_c10,2025-07,0.0
tail15_reclaim50_anomaly_ge2_1200_c10,2025-08,0.09115272458160639
tail15_reclaim50_anomaly_ge2_1200_c10,2025-09,-0.00600686862017929
tail15_reclaim50_anomaly_ge2_1200_c10,2025-10,-0.007779128784942798
tail15_reclaim50_anomaly_ge2_1200_c10,2025-11,-0.061544469797640826
tail15_reclaim50_anomaly_ge2_1200_c10,2025-12,-0.025735273460662032
tail15_reclaim50_anomaly_ge2_1200_c10,2026-01,-0.05959887863030078
tail15_reclaim50_anomaly_ge2_1200_c10,2026-02,-0.02608458819895975
tail15_reclaim50_anomaly_ge2_1200_c10,2026-03,0.0017015676162789352
tail15_reclaim50_anomaly_ge2_1200_c10,2026-04,-0.01527722935450626
tail15_reclaim50_anomaly_ge2_1200_c20,2024-11,-0.038896429776685046
tail15_reclaim50_anomaly_ge2_1200_c20,2024-12,0.0
tail15_reclaim50_anomaly_ge2_1200_c20,2025-01,-0.013162155576979188
tail15_reclaim50_anomaly_ge2_1200_c20,2025-02,0.008768095353591358
tail15_reclaim50_anomaly_ge2_1200_c20,2025-03,0.0
tail15_reclaim50_anomaly_ge2_1200_c20,2025-04,0.0
tail15_reclaim50_anomaly_ge2_1200_c20,2025-05,0.0
tail15_reclaim50_anomaly_ge2_1200_c20,2025-06,0.0
tail15_reclaim50_anomaly_ge2_1200_c20,2025-07,0.0
tail15_reclaim50_anomaly_ge2_1200_c20,2025-08,0.08515272458160639
tail15_reclaim50_anomaly_ge2_1200_c20,2025-09,-0.016006868620179287
tail15_reclaim50_anomaly_ge2_1200_c20,2025-10,-0.011779128784942798
tail15_reclaim50_anomaly_ge2_1200_c20,2025-11,-0.07154446979764083
tail15_reclaim50_anomaly_ge2_1200_c20,2025-12,-0.03373527346066203
tail15_reclaim50_anomaly_ge2_1200_c20,2026-01,-0.06959887863030077
tail15_reclaim50_anomaly_ge2_1200_c20,2026-02,-0.03408458819895975
tail15_reclaim50_anomaly_ge2_1200_c20,2026-03,-0.004298432383721063
tail15_reclaim50_anomaly_ge2_1200_c20,2026-04,-0.019277229354506258
tail15_reclaim50_anomaly_ge2_final_c5,2024-11,-0.014981807621992525
tail15_reclaim50_anomaly_ge2_final_c5,2024-12,0.0
tail15_reclaim50_anomaly_ge2_final_c5,2025-01,0.014124982886639659
tail15_reclaim50_anomaly_ge2_final_c5,2025-02,0.015770035688298933
tail15_reclaim50_anomaly_ge2_final_c5,2025-03,0.0
tail15_reclaim50_anomaly_ge2_final_c5,2025-04,0.0
tail15_reclaim50_anomaly_ge2_final_c5,2025-05,0.0
tail15_reclaim50_anomaly_ge2_final_c5,2025-06,0.0
tail15_reclaim50_anomaly_ge2_final_c5,2025-07,0.0
tail15_reclaim50_anomaly_ge2_final_c5,2025-08,0.10327450969283325
tail15_reclaim50_anomaly_ge2_final_c5,2025-09,-0.03011628018470769
tail15_reclaim50_anomaly_ge2_final_c5,2025-10,-0.016476500543408767
tail15_reclaim50_anomaly_ge2_final_c5,2025-11,-0.007202655614640726
tail15_reclaim50_anomaly_ge2_final_c5,2025-12,-0.012624450394949359
tail15_reclaim50_anomaly_ge2_final_c5,2026-01,-0.05536549388528045
tail15_reclaim50_anomaly_ge2_final_c5,2026-02,0.005881295692193089
tail15_reclaim50_anomaly_ge2_final_c5,2026-03,0.03593282380206886
tail15_reclaim50_anomaly_ge2_final_c5,2026-04,0.009533049340014312
tail15_reclaim50_anomaly_ge2_final_c10,2024-11,-0.019981807621992524
tail15_reclaim50_anomaly_ge2_final_c10,2024-12,0.0
tail15_reclaim50_anomaly_ge2_final_c10,2025-01,0.01212498288663966
tail15_reclaim50_anomaly_ge2_final_c10,2025-02,0.014770035688298934
tail15_reclaim50_anomaly_ge2_final_c10,2025-03,0.0
tail15_reclaim50_anomaly_ge2_final_c10,2025-04,0.0
tail15_reclaim50_anomaly_ge2_final_c10,2025-05,0.0
tail15_reclaim50_anomaly_ge2_final_c10,2025-06,0.0
tail15_reclaim50_anomaly_ge2_final_c10,2025-07,0.0
tail15_reclaim50_anomaly_ge2_final_c10,2025-08,0.10027450969283325
tail15_reclaim50_anomaly_ge2_final_c10,2025-09,-0.035116280184707686
tail15_reclaim50_anomaly_ge2_final_c10,2025-10,-0.01847650054340877
tail15_reclaim50_anomaly_ge2_final_c10,2025-11,-0.012202655614640725
tail15_reclaim50_anomaly_ge2_final_c10,2025-12,-0.016624450394949357
tail15_reclaim50_anomaly_ge2_final_c10,2026-01,-0.060365493885280445
tail15_reclaim50_anomaly_ge2_final_c10,2026-02,0.0018812956921930891
tail15_reclaim50_anomaly_ge2_final_c10,2026-03,0.032932823802068856
tail15_reclaim50_anomaly_ge2_final_c10,2026-04,0.007533049340014312
tail15_reclaim50_anomaly_ge2_final_c20,2024-11,-0.029981807621992523
tail15_reclaim50_anomaly_ge2_final_c20,2024-12,0.0
tail15_reclaim50_anomaly_ge2_final_c20,2025-01,0.00812498288663966
tail15_reclaim50_anomaly_ge2_final_c20,2025-02,0.012770035688298934
tail15_reclaim50_anomaly_ge2_final_c20,2025-03,0.0
tail15_reclaim50_anomaly_ge2_final_c20,2025-04,0.0
tail15_reclaim50_anomaly_ge2_final_c20,2025-05,0.0
tail15_reclaim50_anomaly_ge2_final_c20,2025-06,0.0
tail15_reclaim50_anomaly_ge2_final_c20,2025-07,0.0
tail15_reclaim50_anomaly_ge2_final_c20,2025-08,0.09427450969283324
tail15_reclaim50_anomaly_ge2_final_c20,2025-09,-0.04511628018470769
tail15_reclaim50_anomaly_ge2_final_c20,2025-10,-0.022476500543408766
tail15_reclaim50_anomaly_ge2_final_c20,2025-11,-0.022202655614640725
tail15_reclaim50_anomaly_ge2_final_c20,2025-12,-0.024624450394949357
tail15_reclaim50_anomaly_ge2_final_c20,2026-01,-0.07036549388528045
tail15_reclaim50_anomaly_ge2_final_c20,2026-02,-0.0061187043078069075
tail15_reclaim50_anomaly_ge2_final_c20,2026-03,0.026932823802068857
tail15_reclaim50_anomaly_ge2_final_c20,2026-04,0.0035330493400143118
