date,gross_pnl,cost,utilization,net_pnl,equity,qqq_open_return
2019-01-02,0.0,0.0,0.0,0.0,1.0,0.0
2019-01-03,0.0,0.0,0.0,0.0,1.0,0.01066295781177562
2019-01-04,0.0,0.0,0.0,0.0,1.0,-0.0027522935779815683
2019-01-07,0.0,0.0,0.0,0.0,1.0,0.028650282560126028
2019-01-08,0.0,0.0,0.0,0.0,1.0,0.019292193688514203
2019-01-09,0.0,0.0,0.0,0.0,1.0,0.003697668588618752
2019-01-10,0.0,0.0,0.0,0.0,1.0,-0.0034967218232906383
2019-01-11,0.0,0.0,0.0,0.0,1.0,0.004574221442446236
2019-01-14,0.0,0.0,0.0,0.0,1.0,-0.006237524950099771
2019-01-15,0.0,0.0,0.0,0.0,1.0,0.0040798393170977665
2019-01-16,0.0,0.0,0.0,0.0,1.0,0.016628117772082174
2019-01-17,0.0,0.0,0.0,0.0,1.0,-0.004857652339666729
2019-01-18,0.0,0.0,0.0,0.0,1.0,0.018598615916954886
2019-01-22,0.0,0.0,0.0,0.0,1.0,-0.004852896572641652
2019-01-23,0.0,0.0,0.0,0.0,1.0,-0.007802499238037219
2019-01-24,0.0,0.0,0.0,0.0,1.0,-0.0006758002088838033
2019-01-25,0.0,0.0,0.0,0.0,1.0,0.01118898315504735
2019-01-28,0.0,0.0,0.0,0.0,1.0,-0.008815661478599135
2019-01-29,0.0,0.0,0.0,0.0,1.0,0.0010427528675702735
2019-01-30,0.0,0.0,0.0,0.0,1.0,0.0011642156862745612
2019-01-31,0.0,0.0005,1.0,-0.0005,0.9995,0.019952261460309817
2019-02-01,0.008575099777516755,0.0,1.0,0.008575099777516755,1.0080750997775167,0.004320432043204203
2019-02-04,0.01929928036849688,0.0,1.0,0.01929928036849688,1.0273743801460136,0.0008364700961940308
2019-02-05,0.02825931816852118,0.0,1.0,0.02825931816852118,1.055633698314535,0.013372335979941585
2019-02-06,0.03803204957408756,0.0,1.0,0.03803204957408756,1.0936657478886225,0.0077172312223858786
2019-02-07,-0.01732176628342192,0.0,1.0,-0.01732176628342192,1.0763439816052005,-0.011867181106044677
2019-02-08,-0.06350573088216922,0.0,1.0,-0.06350573088216922,1.0128382507230311,-0.013607052002603148
2019-02-11,0.053160632709631665,0.0,1.0,0.053160632709631665,1.0659988834326628,0.014454507287230856
2019-02-12,0.0238120239418602,0.0,1.0,0.0238120239418602,1.089810907374523,0.0026605179141541146
2019-02-13,0.04335471954769636,0.0,1.0,0.04335471954769636,1.1331656269222194,0.011970045403620455
2019-02-14,-0.02652635585153239,0.001,1.0,-0.027526355851532392,1.105639271070687,-0.007225265120615387
2019-02-15,0.042958842257186325,0.0,1.0,0.042958842257186325,1.1485981133278733,0.01250146730836943
2019-02-19,-0.023785123982959823,0.0,1.0,-0.023785123982959823,1.1248129893449135,-0.006492377253492609
2019-02-20,0.019379322864780953,0.0,1.0,0.019379322864780953,1.1441923122096944,0.006068031973860855
2019-02-21,0.005210130152712742,0.0,1.0,0.005210130152712742,1.1494024423624072,-0.0038276402018210254
2019-02-22,0.0013565380644677944,0.0,1.0,0.0013565380644677944,1.150758980426875,0.0012225650579262837
2019-02-25,0.050131825975499304,0.0,1.0,0.050131825975499304,1.2008908064023744,0.012908477729968615
2019-02-26,-0.029502724381958736,0.0,1.0,-0.029502724381958736,1.1713880820204157,-0.006659012629161909
2019-02-27,-0.01446548620882581,0.0,1.0,-0.01446548620882581,1.1569225958115898,-0.0006934812760055475
2019-02-28,-0.017062193046720898,0.0,1.0,-0.017062193046720898,1.1398604027648689,0.000693962526023606
2019-03-01,0.035692989222636945,0.001,1.0,0.034692989222636944,1.1745533919875057,0.00791724456773002
2019-03-04,0.017442208379199804,0.0,1.0,0.017442208379199804,1.1919956003667056,0.005504271544062966
2019-03-05,-0.019815716195639786,0.0,1.0,-0.019815716195639786,1.1721798841710658,-0.004846895135998119
2019-03-06,-0.0059149071222077375,0.0,1.0,-0.0059149071222077375,1.166264977048858,0.0009168003667201496
2019-03-07,-0.04399558236682171,0.0,1.0,-0.04399558236682171,1.1222693946820363,-0.009102358598580329
2019-03-08,-0.06208488017954841,0.0,1.0,-0.06208488017954841,1.060184514502488,-0.020682881737824288
2019-03-11,0.050401494390348404,0.0,1.0,0.050401494390348404,1.1105860088928363,0.013863488879712227
2019-03-12,0.054803519115372824,0.0,1.0,0.054803519115372824,1.1653895280082092,0.019259862678924655
2019-03-13,0.02206453275301633,0.0,1.0,0.02206453275301633,1.1874540607612256,0.00816349831592178
2019-03-14,0.0028614880288013716,0.0,1.0,0.0028614880288013716,1.190315548790027,0.0029161947904869923
2019-03-15,0.011667830245990139,0.001,1.0,0.010667830245990138,1.2009833790360172,0.0017785054907828446
2019-03-18,0.03428327379508804,0.0,1.0,0.03428327379508804,1.2352666528311051,0.0029307332469141745
2019-03-19,0.017556015897739346,0.0,1.0,0.017556015897739346,1.2528226687288444,0.006799662826636688
2019-03-20,0.004117657578845608,0.0,1.0,0.004117657578845608,1.2569403263076901,-0.0005581603036391991
2019-03-21,-0.011891330570723047,0.0,1.0,-0.011891330570723047,1.245048995736967,0.0010052496369932218
2019-03-22,0.0659973885962351,0.0,1.0,0.0659973885962351,1.311046384333202,0.014059361749609423
2019-03-25,-0.08421066794540322,0.0,1.0,-0.08421066794540322,1.226835716387799,-0.021071742957746387
2019-03-26,0.024795457588172157,0.0,1.0,0.024795457588172157,1.2516311739759711,0.009273309728544898
2019-03-27,-0.007616101249726528,0.0,1.0,-0.007616101249726528,1.2440150727262445,-0.0017262501392136809
2019-03-28,-0.02793308662275666,0.0,1.0,-0.02793308662275666,1.216081986103488,-0.005076142131979711
2019-03-29,0.02106040141474433,0.0005,0.0,0.020560401414744328,1.2366423875182322,0.007120430589818261
2019-04-01,0.0,0.0005,1.0,-0.0005,1.2361423875182322,0.009964927907365029
2019-04-02,0.013446761800219519,0.0,1.0,0.013446761800219519,1.2495891493184517,0.004464777863521174
2019-04-03,0.024972557628979073,0.0,1.0,0.024972557628979073,1.2745617069474309,0.008286231685233014
2019-04-04,0.0006860592755215122,0.0,1.0,0.0006860592755215122,1.2752477662229524,0.00038097311418305857
2019-04-05,0.008232711306256807,0.0,1.0,0.008232711306256807,1.283480477529209,0.002611392198465845
2019-04-08,0.0002744237102085318,0.0,1.0,0.0002744237102085318,1.2837549012394176,0.00037983612784220355
2019-04-09,0.0027442371020856833,0.0,1.0,0.0027442371020856833,1.2864991383415032,0.0007593838142763154
2019-04-10,0.00384193194291981,0.0,1.0,0.00384193194291981,1.2903410702844231,0.0013550135501354532
2019-04-11,0.0161909989023052,0.0,1.0,0.0161909989023052,1.3065320691867284,0.005520974289580538
2019-04-12,0.0016465422612513124,0.0,1.0,0.0016465422612513124,1.3081786114479796,0.0004844700436024141
2019-04-15,-0.0005488474204170636,0.001,1.0,-0.0015488474204170635,1.3066297640275626,-0.00026901969224157884
2019-04-16,0.004106730287118709,0.0,1.0,0.004106730287118709,1.3107364943146813,0.0037672891663527164
2019-04-17,0.077789435597691,0.0,1.0,0.077789435597691,1.3885259299123724,0.0066484370811217275
2019-04-18,-0.008029071645646715,0.0,1.0,-0.008029071645646715,1.3804968582667256,-0.0014380825565912803
2019-04-22,-0.014996339018829654,0.0,1.0,-0.014996339018829654,1.365500519247896,-0.005013868145935518
2019-04-23,0.03043791401272608,0.0,1.0,0.03043791401272608,1.3959384332606222,0.009810228369250718
2019-04-24,0.025234998957182057,0.0,1.0,0.025234998957182057,1.4211734322178042,0.01098901098901095
2019-04-25,0.01822622411955424,0.0,1.0,0.01822622411955424,1.4393996563373583,0.0037282083595884252
2019-04-26,-0.06689982686597999,0.0,1.0,-0.06689982686597999,1.3724998294713784,-0.004969918911849391
2019-04-29,0.023240017939434796,0.0,1.0,0.023240017939434796,1.3957398474108131,0.00220820189274451
2019-04-30,-0.017240307807496937,0.001,1.0,-0.018240307807496938,1.3774995396033163,-0.005980484734025904
2019-05-01,0.019999999999999896,0.0,1.0,0.019999999999999896,1.397499539603316,0.006755330377876234
2019-05-02,-0.029818181818181657,0.0,1.0,-0.029818181818181657,1.3676813577851346,-0.00985531557978614
2019-05-03,0.012000000000000025,0.0,1.0,0.012000000000000025,1.3796813577851346,0.004288437102922593
2019-05-06,-0.04290909090909103,0.0,1.0,-0.04290909090909103,1.3367722668760436,-0.013653856291844568
2019-05-07,0.013818181818181912,0.0,1.0,0.013818181818181912,1.3505904486942253,0.004061998931053079
2019-05-08,-0.035636363636363695,0.0,1.0,-0.035636363636363695,1.3149540850578618,-0.011604386245076204
2019-05-09,-0.028969696969696954,0.0,1.0,-0.028969696969696954,1.2859843880881647,-0.010340370529944076
2019-05-10,0.004242424242424259,0.0,1.0,0.004242424242424259,1.2902268123305891,0.0016325642141925556
2019-05-13,-0.05696969696969705,0.0,1.0,-0.05696969696969705,1.233257115360892,-0.020428121264804866
2019-05-14,-0.012969696969696888,0.0005,0.0,-0.013469696969696889,1.219787418391195,-0.004381586245147062
2019-05-15,0.0,0.0,0.0,0.0,1.219787418391195,-0.0006684864352961561
2019-05-16,0.0,0.0,0.0,0.0,1.219787418391195,0.02079268632588227
2019-05-17,0.0,0.0,0.0,0.0,1.219787418391195,-0.00010921799912633201
2019-05-20,0.0,0.0,0.0,0.0,1.219787418391195,-0.01414527580557079
2019-05-21,0.0,0.0,0.0,0.0,1.219787418391195,0.005484460694698434
2019-05-22,0.0,0.0,0.0,0.0,1.219787418391195,-0.0038016528925619575
2019-05-23,0.0,0.0,0.0,0.0,1.219787418391195,-0.01001050826834804
2019-05-24,0.0,0.0,0.0,0.0,1.219787418391195,0.0016759776536312554
2019-05-28,0.0,0.0,0.0,0.0,1.219787418391195,-0.0035136642498606596
2019-05-29,0.0,0.0,0.0,0.0,1.219787418391195,-0.01242514132199024
2019-05-30,0.0,0.0,0.0,0.0,1.219787418391195,0.0005100595069424951
2019-05-31,0.0,0.0,0.0,0.0,1.219787418391195,-0.01036592273705672
2019-06-03,0.0,0.0,0.0,0.0,1.219787418391195,-0.006811287276057398
2019-06-04,0.0,0.0,0.0,0.0,1.219787418391195,-0.008875057630244432
2019-06-05,0.0,0.0,0.0,0.0,1.219787418391195,0.02686358878939421
2019-06-06,0.0,0.0,0.0,0.0,1.219787418391195,-0.00045300113250279495
2019-06-07,0.0,0.0,0.0,0.0,1.219787418391195,0.011216859279401747
2019-06-10,0.0,0.0005,1.0,-0.0005,1.219287418391195,0.020896358543417204
2019-06-11,0.06802868566175452,0.0,1.0,0.06802868566175452,1.2873161040529495,0.015584700653020978
2019-06-12,-0.059066653934571826,0.0,1.0,-0.059066653934571826,1.2282494501183778,-0.011833360350137823
2019-06-13,-0.006899716001800772,0.0,1.0,-0.006899716001800772,1.2213497341165769,0.001312335958005395
2019-06-14,-0.05294457268458268,0.0,1.0,-0.05294457268458268,1.1684051614319944,-0.003713411970292735
2019-06-17,0.010181854653367874,0.0,1.0,0.010181854653367874,1.1785870160853622,0.0031243148432360535
2019-06-18,0.030176341089038515,0.0,1.0,0.030176341089038515,1.2087633571744008,0.015682203158297492
2019-06-19,0.05693784925609421,0.0,1.0,0.05693784925609421,1.2657012064304949,0.004572842694211321
2019-06-20,0.05074439421464964,0.0,1.0,0.05074439421464964,1.3164456006451446,0.016012424356022015
2019-06-21,-0.03623681034552044,0.0,1.0,-0.03623681034552044,1.280208790299624,-0.006061564410710596
2019-06-24,0.0034470177037572926,0.001,1.0,0.0024470177037572926,1.2826558080033814,-0.00026515352389022695
2019-06-25,-0.003346627377803361,0.0,1.0,-0.003346627377803361,1.279309180625578,-0.002440059410142248
2019-06-26,-0.00629055384738789,0.0,1.0,-0.00629055384738789,1.2730186267781902,-0.010209507603956225
2019-06-27,0.025225300274716783,0.0,1.0,0.025225300274716783,1.298243927052907,0.0017728591382830672
2019-06-28,0.03293786993042164,0.0,1.0,0.03293786993042164,1.3311817969833286,0.0025741406124308863
2019-07-01,0.08430729827879846,0.0,1.0,0.08430729827879846,1.415489095262127,0.017919229740572362
2019-07-02,-0.04337223117345384,0.0,1.0,-0.04337223117345384,1.3721168640886732,-0.005832895428271256
2019-07-03,-0.00560801914659011,0.0,1.0,-0.00560801914659011,1.366508844942083,0.006659971457265046
2019-07-05,-0.032036572678316735,0.0,1.0,-0.032036572678316735,1.3344722722637663,-0.0015752165922813255
2019-07-08,-0.008148102017303253,0.0,1.0,-0.008148102017303253,1.3263241702464632,-0.001525111753878483
2019-07-09,-0.014839015650597788,0.001,1.0,-0.01583901565059779,1.3104851545958653,-0.005635731591699278
2019-07-10,0.049126774720442266,0.0,1.0,0.049126774720442266,1.3596119293163076,0.01589067217543305
2019-07-11,0.016836285965573607,0.0,1.0,0.016836285965573607,1.376448215281881,0.005683299442098111
2019-07-12,-0.004900113079532567,0.0,1.0,-0.004900113079532567,1.3715481022023486,-0.0012961426793861586
2019-07-15,0.021987686895338476,0.0,1.0,0.021987686895338476,1.3935357890976872,0.006956341172195346
2019-07-16,-0.0017590149516270067,0.0,1.0,-0.0017590149516270067,1.39177677414606,-0.0005670980048460006
2019-07-17,-0.01143359718557599,0.0,1.0,-0.01143359718557599,1.380343176960484,-0.003404518724853145
2019-07-18,-0.03191355697952021,0.0,1.0,-0.03191355697952021,1.3484296199809638,-0.00983436853002062
2019-07-19,0.041085563513004145,0.0,1.0,0.041085563513004145,1.3895151834939679,0.013173026659696774
2019-07-22,-0.03869832893579593,0.0,1.0,-0.03869832893579593,1.350816854558172,-0.011969868950572615
2019-07-23,0.03404950370649589,0.001,1.0,0.03304950370649589,1.383866358264668,0.010861618798955641
2019-07-24,0.04069767441860467,0.0,1.0,0.04069767441860467,1.4245640326832727,-0.0026345696869511936
2019-07-25,0.05066445182724263,0.0,1.0,0.05066445182724263,1.4752284845105152,0.007303050706997549
2019-07-26,-0.01411960132890365,0.0,1.0,-0.01411960132890365,1.4611088831816115,0.00020567667626503194
2019-07-29,-0.03073089700996686,0.0,1.0,-0.03073089700996686,1.4303779861716448,0.0033929673041332986
2019-07-30,-0.011627906976744085,0.0,1.0,-0.011627906976744085,1.4187500791949006,-0.01034942104723846
2019-07-31,0.003322259136212554,0.0,1.0,0.003322259136212554,1.4220723383311131,0.005953613584593009
2019-08-01,-0.09468438538205985,0.0,1.0,-0.09468438538205985,1.3273879529490533,-0.01440996346044987
2019-08-02,-0.07558139534883722,0.0,1.0,-0.07558139534883722,1.251806557600216,-0.014046263902668277
2019-08-05,-0.087375415282392,0.0,1.0,-0.087375415282392,1.164431142317824,-0.02812202097235461
2019-08-06,0.0015780730897010074,0.0005,0.0,0.0010780730897010074,1.165509215407525,-0.006157702577516133
2019-08-07,0.0,0.0,0.0,0.0,1.165509215407525,-0.0058120407939467045
2019-08-08,0.0,0.0,0.0,0.0,1.165509215407525,0.021122876682108993
2019-08-09,0.0,0.0,0.0,0.0,1.165509215407525,0.011720226843100034
2019-08-12,0.0,0.0,0.0,0.0,1.165509215407525,-0.010570147341447789
2019-08-13,0.0,0.0,0.0,0.0,1.165509215407525,-0.005773173626847927
2019-08-14,0.0,0.0,0.0,0.0,1.165509215407525,0.005643892114831406
2019-08-15,0.0,0.0,0.0,0.0,1.165509215407525,-0.011871998273163875
2019-08-16,0.0,0.0,0.0,0.0,1.165509215407525,0.005461198186882177
2019-08-19,0.0,0.0,0.0,0.0,1.165509215407525,0.021291619140731077
2019-08-20,0.0,0.0,0.0,0.0,1.165509215407525,-0.00015954900813697215
2019-08-21,0.0,0.0,0.0,0.0,1.165509215407525,0.0035106382978722372
2019-08-22,0.0,0.0005,1.0,-0.0005,1.1650092154075251,0.001696173009646973
2019-08-23,-0.040431298503012955,0.0,1.0,-0.040431298503012955,1.124577916904512,-0.011747274843898814
2019-08-26,-0.044688541770184914,0.0,1.0,-0.044688541770184914,1.0798893751343273,-0.0137609766545298
2019-08-27,0.014487196860874406,0.0,1.0,0.014487196860874406,1.0943765719952017,0.010261143384548754
2019-08-28,-0.039755471034459845,0.0,1.0,-0.039755471034459845,1.0546211009607418,-0.012037833190025826
2019-08-29,0.061203371608741564,0.0,1.0,0.061203371608741564,1.1158244725694832,0.019201479547432454
2019-08-30,0.035797685406860666,0.0,1.0,0.035797685406860666,1.151622157976344,0.008379142872391387
2019-09-03,-0.04176054832307939,0.0,1.0,-0.04176054832307939,1.1098616096532645,-0.014184397163120588
2019-09-04,0.021335453387418827,0.0,1.0,0.021335453387418827,1.1311970630406833,0.006281541930634793
2019-09-05,0.06984765122701136,0.0,1.0,0.06984765122701136,1.2010447142676948,0.015792562556687706
2019-09-06,0.03039205943378903,0.001,1.0,0.02939205943378903,1.2304367737014839,0.008613897788749547
2019-09-09,0.009945859119247289,0.0,1.0,0.009945859119247289,1.240382632820731,0.0007811279487579537
2019-09-10,-0.025915002505462432,0.0,1.0,-0.025915002505462432,1.2144676303152686,-0.010354875637423322
2019-09-11,0.028137169615990183,0.0,1.0,0.028137169615990183,1.2426047999312588,0.004153740995846311
2019-09-12,0.04950323166497521,0.0,1.0,0.04950323166497521,1.2921080315962339,0.013928160016755564
2019-09-13,-0.013834095146525137,0.0,1.0,-0.013834095146525137,1.2782739364497089,-0.003563313365007259
2019-09-16,-0.033389102128752714,0.0,1.0,-0.033389102128752714,1.2448848343209562,-0.008551438196423788
2019-09-17,0.0032669576564133547,0.0,1.0,0.0032669576564133547,1.2481517919773695,0.00209095661265013
2019-09-18,0.010329309331766443,0.0,1.0,0.010329309331766443,1.258481101309136,0.002608242044861653
2019-09-19,0.01285162320897599,0.0,1.0,0.01285162320897599,1.2713327245181119,0.0034339229968782803
2019-09-20,-0.004716183252319239,0.0005,0.0,-0.005216183252319239,1.2661165412657926,0.001296277092191156
2019-09-23,0.0,0.0,0.0,0.0,1.2661165412657926,-0.01424058826575525
2019-09-24,0.0,0.0,0.0,0.0,1.2661165412657926,0.0053057364992645795
2019-09-25,0.0,0.0,0.0,0.0,1.2661165412657926,-0.018707216387103598
2019-09-26,0.0,0.0,0.0,0.0,1.2661165412657926,0.011076202140689162
2019-09-27,0.0,0.0,0.0,0.0,1.2661165412657926,-0.0008953494496235503
2019-09-30,0.0,0.0,0.0,0.0,1.2661165412657926,-0.010279388508170784
2019-10-01,0.0,0.0,0.0,0.0,1.2661165412657926,0.009533954727030558
2019-10-02,0.0,0.0,0.0,0.0,1.2661165412657926,-0.01862403714255567
2019-10-03,0.0,0.0,0.0,0.0,1.2661165412657926,-0.01042954679855923
2019-10-04,0.0,0.0,0.0,0.0,1.2661165412657926,0.01586353017873643
2019-10-07,0.0,0.0,0.0,0.0,1.2661165412657926,0.006631370661532632
2019-10-08,0.0,0.0,0.0,0.0,1.2661165412657926,-0.0064814322902831956
2019-10-09,0.0,0.0,0.0,0.0,1.2661165412657926,-0.00026736538153027123
2019-10-10,0.0,0.0,0.0,0.0,1.2661165412657926,0.0015511339323919238
2019-10-11,0.0,0.0,0.0,0.0,1.2661165412657926,0.018958611481975973
2019-10-14,0.0,0.0005,1.0,-0.0005,1.2656165412657927,0.00010482180293491794
2019-10-15,0.016249276347801503,0.0,1.0,0.016249276347801503,1.2818658176135942,0.004349648883764878
2019-10-16,0.02628514354004384,0.0,1.0,0.02628514354004384,1.308150961153638,0.00641794938690321
2019-10-17,0.01350524891188879,0.0,1.0,0.01350524891188879,1.321656210065527,0.0067399419328080246
2019-10-18,-0.02422030132441391,0.0,1.0,-0.02422030132441391,1.297435908741113,-0.0047378720774540195
2019-10-21,-0.006362075667478019,0.0,1.0,-0.006362075667478019,1.2910738330736349,-0.0031563696574562483
2019-10-22,0.029842342222544657,0.0,1.0,0.029842342222544657,1.3209161752961796,0.007318972229431564
2019-10-23,-0.0646676986977132,0.0,1.0,-0.0646676986977132,1.2562484765984663,-0.013552509533134027
2019-10-24,0.03473753951231424,0.0,1.0,0.03473753951231424,1.2909860161107807,0.011440213132737798
2019-10-25,0.014727239768712153,0.0,1.0,0.014727239768712153,1.3057132558794928,-0.002737320524739184
2019-10-28,0.06779868458593695,0.001,1.0,0.06679868458593695,1.3725119404654298,0.018022683722616284
2019-10-29,0.023652069577761763,0.0,1.0,0.023652069577761763,1.3961640100431916,0.0034084550033068872
2019-10-30,-0.012591896465627302,0.0,1.0,-0.012591896465627302,1.3835721135775643,-0.0041573717298722945
2019-10-31,-0.008227854685679388,0.0,1.0,-0.008227854685679388,1.375344258891885,0.005803889624274694
2019-11-01,0.013642463796260294,0.0,1.0,0.013642463796260294,1.3889867226881452,0.0018728487548087536
2019-11-04,0.058097292348665626,0.0,1.0,0.058097292348665626,1.4470840150368107,0.011418178143788094
2019-11-05,0.020937829440159747,0.0,1.0,0.020937829440159747,1.4680218444769704,0.0007992407213146535
2019-11-06,-0.008244326693669132,0.0,1.0,-0.008244326693669132,1.4597775177833014,-0.001846768155727485
2019-11-07,0.022890022471286582,0.0,1.0,0.022890022471286582,1.482667540254588,0.003900390039003998
2019-11-08,-0.028744000721300525,0.0,1.0,-0.028744000721300525,1.4539235395332875,-0.0036859932257420347
2019-11-11,0.002571540531543025,0.001,1.0,0.001571540531543025,1.4554950800648303,0.0010498950104989024
2019-11-12,0.019285419932344415,0.0,1.0,0.019285419932344415,1.4747804999971748,0.004494830944413941
2019-11-13,-0.016049985368828443,0.0,1.0,-0.016049985368828443,1.4587305146283462,-0.0014418535275692035
2019-11-14,0.005417631525297557,0.0,1.0,0.005417631525297557,1.4641481461536439,-4.979087831102902e-05
2019-11-15,0.031983157649747226,0.0,1.0,0.031983157649747226,1.4961313038033912,0.008913011004332061
2019-11-18,-0.004688546550569284,0.0,1.0,-0.004688546550569284,1.491442757252822,-4.9353469548818474e-05
2019-11-19,0.012384587081609588,0.0,1.0,0.012384587081609588,1.5038273443344314,0.006070776368392483
2019-11-20,-0.030154944217320123,0.0,1.0,-0.030154944217320123,1.4736724001171113,-0.004856750392464693
2019-11-21,-0.023520485080007817,0.0,1.0,-0.023520485080007817,1.4501519150371034,-0.004486073453290551
2019-11-22,-0.0006906518443508638,0.0,1.0,-0.0006906518443508638,1.4494612631927526,0.001138952164009055
2019-11-25,0.010336015664694772,0.0005,0.0,0.009836015664694771,1.4592972788574474,0.002473166147301864
2019-11-26,0.0,0.0005,1.0,-0.0005,1.4587972788574475,0.008141313465239053
2019-11-27,0.011232449297971974,0.0,1.0,0.011232449297971974,1.4700297281554193,0.003964369616288099
2019-11-29,0.005512220488819454,0.0,1.0,0.005512220488819454,1.475541948644239,0.002242480378296774
2019-12-02,-0.006032241289651568,0.0,1.0,-0.006032241289651568,1.4695097073545873,-0.002334743907777548
2019-12-03,-0.0707228289131565,0.0,1.0,-0.0707228289131565,1.3987868784414308,-0.023353322607381544
2019-12-04,0.030993239729589186,0.0,1.0,0.030993239729589186,1.42978011817102,0.010832667731629497
2019-12-05,0.009568382735309466,0.0,1.0,0.009568382735309466,1.4393485009063294,0.003259420218282294
2019-12-06,0.016328653146125846,0.0,1.0,0.016328653146125846,1.4556771540524553,0.005414718188530676
2019-12-09,0.005304212168486571,0.0,1.0,0.005304212168486571,1.4609813662209419,0.0018604651162790198
2019-12-10,-0.00832033281331254,0.0,1.0,-0.00832033281331254,1.4526610334076293,-0.0022479597321996003
2019-12-11,0.003016120644825969,0.001,1.0,0.002016120644825969,1.4546771540524552,0.000979575843659708
2019-12-12,0.02655638421940628,0.0,1.0,0.02655638421940628,1.4812335382718615,0.00195723442775364
2019-12-13,0.05588716001686498,0.0,1.0,0.05588716001686498,1.5371206982887267,0.007764809298236974
2019-12-16,0.02549200613753036,0.0,1.0,0.02549200613753036,1.562612704426257,0.010370226788137149
2019-12-17,0.014959535781538413,0.0,1.0,0.014959535781538413,1.5775722402077954,0.004796163069544335
2019-12-18,0.0011874273703571475,0.0,1.0,0.0011874273703571475,1.5787596675781526,0.0004773269689737347
2019-12-19,0.002996005326231805,0.0,1.0,0.002996005326231805,1.5817556729043842,0.00019083969465638617
2019-12-20,0.034668781044505416,0.0,1.0,0.034668781044505416,1.6164244539488897,0.01044647967945056
2019-12-23,0.027852968776807388,0.0,1.0,0.027852968776807388,1.644277422725697,0.0009441533305007965
2019-12-24,-0.007845216984205327,0.0,1.0,-0.007845216984205327,1.6364322057414917,-0.0002829788237513897
2019-12-26,0.007412825326967814,0.001,1.0,0.006412825326967814,1.6428450310684597,0.0013681181299241008
2019-12-27,0.020482305798291002,0.0,1.0,0.020482305798291002,1.6633273368667507,0.010788655422595106
2019-12-30,-0.020166768971867144,0.0,1.0,-0.020166768971867144,1.6431605678948835,-0.004847354928921077
2019-12-31,-0.029248367140029465,0.0,1.0,-0.029248367140029465,1.613912200754854,-0.008852044400730619
2020-01-02,0.04809091598788895,0.0,1.0,0.04809091598788895,1.662003116742743,0.01313675456006047
2020-01-03,-0.02189101392500227,0.0,1.0,-0.02189101392500227,1.6401121028177408,-0.005177238805970208
2020-01-06,-0.02647578125538829,0.0,1.0,-0.02647578125538829,1.6136363215623524,-0.003750761873505426
2020-01-07,0.04051803215371985,0.0,1.0,0.04051803215371985,1.6541543537160723,0.0148242270224479
2020-01-08,0.010490306294873488,0.0,1.0,0.010490306294873488,1.664644660010946,-0.0007883509552958357
2020-01-09,0.041576718554944776,0.0,1.0,0.041576718554944776,1.7062213785658906,0.015965099549821282
2020-01-10,0.004103702988461383,0.001,1.0,0.003103702988461383,1.709325081554352,0.003882874240555445
2020-01-13,-0.00671140939597316,0.0,1.0,-0.00671140939597316,1.7026136721583789,-0.002047688387331603
2020-01-14,0.019295302013422857,0.0,1.0,0.019295302013422857,1.7219089741718019,0.00656604805982397
2020-01-15,-0.008389261744966413,0.0,1.0,-0.008389261744966413,1.7135197124268353,-0.002582106455266131
2020-01-16,0.014261744966442948,0.0,1.0,0.014261744966442948,1.7277814573932782,0.0048142428921791325
2020-01-17,0.02684563758389264,0.0,1.0,0.02684563758389264,1.754627094977171,0.009039956608208222
2020-01-21,-0.00671140939597316,0.0,1.0,-0.00671140939597316,1.747915685581198,-0.0022845368213583184
2020-01-22,0.02265100671140936,0.0,1.0,0.02265100671140936,1.7705666922926073,0.007408072554213607
2020-01-23,-0.009228187919463188,0.0,1.0,-0.009228187919463188,1.761338504373144,-0.0029860058828772296
2020-01-24,0.02684563758389264,0.0,1.0,0.02684563758389264,1.7881841419570366,0.008537839166778305
2020-01-27,-0.1115771812080537,0.001,1.0,-0.1125771812080537,1.675606960748983,-0.03501462636291108
2020-01-28,0.01689353285475366,0.0,1.0,0.01689353285475366,1.6925004936037367,0.008634943964725306
2020-01-29,0.032053550484217125,0.0,1.0,0.032053550484217125,1.7245540440879537,0.013934426229508245
2020-01-30,-0.049292091589776654,0.0,1.0,-0.049292091589776654,1.675261952498177,-0.010284739064043813
2020-01-31,0.018350753256350844,0.0,1.0,0.018350753256350844,1.693612705754528,0.014203385215773467
2020-02-03,-0.059414199783804245,0.0,1.0,-0.059414199783804245,1.6341985059707236,-0.01503355704697995
2020-02-04,0.08221063745114718,0.0,1.0,0.08221063745114718,1.716409143421871,0.02384846007086394
2020-02-05,0.06971755977693665,0.0,1.0,0.06971755977693665,1.7861267031988075,0.021429522161586556
2020-02-06,-0.0034750425370213356,0.0,1.0,-0.0034750425370213356,1.7826516606617862,-0.006298323342889378
2020-02-07,-0.014342685801755814,0.0,1.0,-0.014342685801755814,1.7683089748600302,0.0017047689819469358
2020-02-10,-0.03828611844490153,0.001,1.0,-0.039286118444901534,1.7290228564151289,-0.0031855472159190157
2020-02-11,0.0813057365259328,0.0,1.0,0.0813057365259328,1.8103285929410617,0.020925447620715243
2020-02-12,0.0366291564430155,0.0,1.0,0.0366291564430155,1.8469577493840772,0.0005574375026800027
2020-02-13,-0.014531897791691352,0.0,1.0,-0.014531897791691352,1.8324258515923857,-0.0030856261249678774
2020-02-14,0.04224744056180721,0.0,1.0,0.04224744056180721,1.8746732921541929,0.007136101796922034
2020-02-18,-0.05424401387596241,0.0,1.0,-0.05424401387596241,1.8204292782782305,-0.0034574014000341435
2020-02-19,0.04782172772654199,0.0,1.0,0.04782172772654199,1.8682510060047726,0.011136334432689354
2020-02-20,0.015717065741602535,0.0,1.0,0.015717065741602535,1.883968071746375,0.0016520523573517742
2020-02-21,-0.051670403587443896,0.0,1.0,-0.051670403587443896,1.8322976681589311,-0.011925907130170055
2020-02-24,-0.1943387765462392,0.0,1.0,-0.1943387765462392,1.637958891612692,-0.050505050505050386
2020-02-25,0.02632519671715044,0.0005,0.0,0.025825196717150438,1.6637840883298423,0.006085467003245526
2020-02-26,0.0,0.0,0.0,0.0,1.6637840883298423,-0.029212778350284574
2020-02-27,0.0,0.0,0.0,0.0,1.6637840883298423,-0.025938062491346225
2020-02-28,0.0,0.0,0.0,0.0,1.6637840883298423,-0.05747453210139786
2020-03-02,0.0,0.0,0.0,0.0,1.6637840883298423,0.05007038005228237
2020-03-03,0.0,0.0,0.0,0.0,1.6637840883298423,0.039400612792033884
2020-03-04,0.0,0.0,0.0,0.0,1.6637840883298423,-0.01745658882594081
2020-03-05,0.0,0.0,0.0,0.0,1.6637840883298423,-0.0029533095818488064
2020-03-06,0.0,0.0,0.0,0.0,1.6637840883298423,-0.037707461563778355
2020-03-09,0.0,0.0,0.0,0.0,1.6637840883298423,-0.0546733766551033
2020-03-10,0.0,0.0,0.0,0.0,1.6637840883298423,0.03943560057887141
2020-03-11,0.0,0.0,0.0,0.0,1.6637840883298423,-0.008751429565909352
2020-03-12,0.0,0.0,0.0,0.0,1.6637840883298423,-0.08658138951592675
2020-03-13,0.0,0.0,0.0,0.0,1.6637840883298423,0.027349113075951337
2020-03-16,0.0,0.0,0.0,0.0,1.6637840883298423,-0.06906505586144218
2020-03-17,0.0,0.0,0.0,0.0,1.6637840883298423,0.0075796726959518335
2020-03-18,0.0,0.0,0.0,0.0,1.6637840883298423,-0.02202655724625302
2020-03-19,0.0,0.0,0.0,0.0,1.6637840883298423,0.02380466769616274
2020-03-20,0.0,0.0,0.0,0.0,1.6637840883298423,0.0344356537082362
2020-03-23,0.0,0.0,0.0,0.0,1.6637840883298423,-0.05953560030813265
2020-03-24,0.0,0.0,0.0,0.0,1.6637840883298423,0.05259770652937057
2020-03-25,0.0,0.0,0.0,0.0,1.6637840883298423,0.02506808960035567
2020-03-26,0.0,0.0,0.0,0.0,1.6637840883298423,-0.002982322958464234
2020-03-27,0.0,0.0005,1.0,-0.0005,1.6632840883298425,0.016642192853646653
2020-03-30,-0.011994488097202218,0.0,1.0,-0.011994488097202218,1.6512896002326403,0.0009094313379338637
2020-03-31,0.06644297384043951,0.0,1.0,0.06644297384043951,1.7177325740730796,0.023677177979690045
2020-04-01,-0.13783410617580533,0.0,1.0,-0.13783410617580533,1.5798984678972743,-0.035085887328355825
2020-04-02,-0.06511505398712898,0.0,1.0,-0.06511505398712898,1.5147834139101453,-0.017423299604999776
2020-04-03,0.07449024272398444,0.0,1.0,0.07449024272398444,1.5892736566341297,0.021532022688474095
2020-04-06,0.06352547024836099,0.0,1.0,0.06352547024836099,1.6527991268824906,0.02630727762803242
2020-04-07,0.23339409262030508,0.0,1.0,0.23339409262030508,1.8861932195027957,0.0617711944531989
2020-04-08,-0.0750593891972057,0.0,1.0,-0.0750593891972057,1.81113383030559,-0.02006777480953792
2020-04-09,0.08550911976485903,0.0,1.0,0.08550911976485903,1.8966429500704491,0.021135026390386003
2020-04-13,-0.08911441312065066,0.001,1.0,-0.09011441312065066,1.8065285369497985,-0.011618134177090123
2020-04-14,0.11277374301675977,0.0,1.0,0.11277374301675977,1.9193022799665584,0.03626450580232099
2020-04-15,0.007999999999999974,0.0,1.0,0.007999999999999974,1.9273022799665585,0.006323309359463236
2020-04-16,0.03966397682598802,0.0,1.0,0.03966397682598802,1.9669662567925463,0.015828856485034626
2020-04-17,0.08466045934202351,0.0,1.0,0.08466045934202351,2.05162671613457,0.01973746340542082
2020-04-20,-0.0687730188288847,0.0,1.0,-0.0687730188288847,1.9828536973056852,-0.01245601037229116
2020-04-21,-0.06237388785433475,0.0,1.0,-0.06237388785433475,1.9204798094513504,-0.012378674919116706
2020-04-22,-0.02544630664183739,0.0,1.0,-0.02544630664183739,1.895033502809513,-0.007074016047096898
2020-04-23,0.061292158079867556,0.0,1.0,0.061292158079867556,1.9563256608893806,0.01271875298842895
2020-04-24,-0.02155223928048095,0.0,1.0,-0.02155223928048095,1.9347734216088996,-0.004060434372049171
2020-04-27,0.09906661958257075,0.0005,0.0,0.09856661958257075,2.0333400411914706,0.024841187067412562
2020-04-28,0.0,0.0005,1.0,-0.0005,2.0328400411914704,0.005042094550837373
2020-04-29,-0.01748760473996014,0.0,1.0,-0.01748760473996014,2.0153524364515105,-0.004878722327058549
2020-04-30,0.0604289919100456,0.0,1.0,0.0604289919100456,2.075781428361556,0.017575505295777116
2020-05-01,-0.11897074378647512,0.0,1.0,-0.11897074378647512,1.9568106845750808,-0.024862506249715866
2020-05-04,-0.07098916491316865,0.0,1.0,-0.07098916491316865,1.8858215196619121,-0.013657126876106873
2020-05-05,0.08414769857118762,0.0,1.0,0.08414769857118762,1.9699692182331,0.02736165587637629
2020-05-06,0.025134348533830557,0.0,1.0,0.025134348533830557,1.9951035667669303,0.009061637534498512
2020-05-07,0.04113049568303631,0.0,1.0,0.04113049568303631,2.0362340624499664,0.010849250125358978
2020-05-08,0.016492537884491697,0.0,1.0,0.016492537884491697,2.0527266003344584,0.008117249154453221
2020-05-11,0.00926807030727272,0.0,1.0,0.00926807030727272,2.061994670641731,-0.00022366360993075762
2020-05-12,0.05515555613531869,0.001,1.0,0.05415555613531869,2.11615022677705,0.017807606263982034
2020-05-13,-0.07124087787765895,0.0,1.0,-0.07124087787765895,2.044909348899391,-0.02123263583611734
2020-05-14,-0.07558927285037059,0.0,1.0,-0.07558927285037059,1.9693200760490202,-0.020345834269032137
2020-05-15,0.002959202368780318,0.0,1.0,0.002959202368780318,1.9722792784178005,0.002980011003117511
2020-05-18,0.09367121878055616,0.0,1.0,0.09367121878055616,2.0659504971983567,0.03432828998491555
2020-05-19,0.036436233959741514,0.0,1.0,0.036436233959741514,2.102386731158098,0.006098638854516558
2020-05-20,0.03779213282821414,0.0,1.0,0.03779213282821414,2.1401788639863124,0.007994377580602618
2020-05-21,0.03845244216444747,0.0,1.0,0.03845244216444747,2.17863130615076,0.008758933240369693
2020-05-22,-0.057763531079734955,0.0,1.0,-0.057763531079734955,2.1208677750710248,-0.013089118320445792
2020-05-26,0.07440826459523166,0.0,1.0,0.07440826459523166,2.1952760396662567,0.021798126586710875
2020-05-27,-0.04945209806351297,0.001,1.0,-0.05045209806351297,2.144823941602744,-0.021118917066483944
2020-05-28,0.009829376739680066,0.0,1.0,0.009829376739680066,2.1546533183424237,0.0023631350925561456
2020-05-29,-0.009332514148464652,0.0,1.0,-0.009332514148464652,2.1453208041939593,0.006024885396201718
2020-06-01,0.03261659029262836,0.0,1.0,0.03261659029262836,2.1779373944865874,0.00854923404070651
2020-06-02,0.021893256429016288,0.0,1.0,0.021893256429016288,2.1998306509156036,0.008691910499139421
2020-06-03,0.06472525732527125,0.0,1.0,0.06472525732527125,2.264555908240875,0.007721184199300346
2020-06-04,0.019166920342571364,0.0,1.0,0.019166920342571364,2.2837228285834463,0.0003809846336197964
2020-06-05,0.0629914897500132,0.0,1.0,0.0629914897500132,2.3467143183334596,-0.00110020311442105
2020-06-08,0.04019401590348599,0.0,1.0,0.04019401590348599,2.3869083342369453,0.014742014742014753
2020-06-09,-0.034662338953667736,0.0,1.0,-0.034662338953667736,2.3522459952832775,0.004675628287551081
2020-06-10,0.06957893903256104,0.001,1.0,0.06857893903256104,2.4208249343158386,0.018033740546829602
2020-06-11,-0.06129566210045663,0.0,1.0,-0.06129566210045663,2.359529272215382,-0.011061224489795962
2020-06-12,-0.0414897260273973,0.0,1.0,-0.0414897260273973,2.318039546187985,-0.013207313549878252
2020-06-15,-0.08430365296803648,0.0,1.0,-0.08430365296803648,2.233735893219948,-0.02781379396879835
2020-06-16,0.14556126331811262,0.0,1.0,0.14556126331811262,2.379297156538061,0.04878678368611267
2020-06-17,-1.902587519025164e-05,0.0,1.0,-1.902587519025164e-05,2.379278130662871,0.002543276724915833
2020-06-18,-0.009674657534246584,0.0,1.0,-0.009674657534246584,2.369603473128624,-0.004541734860883828
2020-06-19,0.041000761035007584,0.0,1.0,0.041000761035007584,2.410604234163632,0.014180607505446252
2020-06-22,-0.039044901065448945,0.0,1.0,-0.039044901065448945,2.371559333098183,-0.012036961984274952
2020-06-23,0.04697869101978684,0.0,1.0,0.04697869101978684,2.4185380241179697,0.018952291094064044
2020-06-24,-0.0161986301369863,0.001,1.0,-0.0171986301369863,2.4013393939809835,-0.0016103707878738494
2020-06-25,-0.04995855704609402,0.0,1.0,-0.04995855704609402,2.351380836934889,-0.016452276301463842
2020-06-26,0.016635254491413135,0.0,1.0,0.016635254491413135,2.368016091426303,0.007543766143249586
2020-06-29,-0.05681578211037026,0.0,1.0,-0.05681578211037026,2.3112003093159323,-0.02347914547304175
2020-06-30,0.03657604650057804,0.0,1.0,0.03657604650057804,2.34777635581651,0.011625968830736078
2020-07-01,0.06053904876542241,0.0,1.0,0.06053904876542241,2.408315404581933,0.02014252172838482
2020-07-02,0.031543499263529576,0.0,1.0,0.031543499263529576,2.4398589038454626,0.021440684809819865
2020-07-06,0.03862179740994741,0.0,1.0,0.03862179740994741,2.4784807012554095,0.00984306439498761
2020-07-07,0.02433453702677168,0.0,1.0,0.02433453702677168,2.5028152382821816,0.01033429891176696
2020-07-08,-0.0008090614886731221,0.0,1.0,-0.0008090614886731221,2.5020061767935085,-0.000387446726075269
2020-07-09,0.038943838198260944,0.001,1.0,0.03794383819826094,2.539950014991769,0.015077519379844917
2020-07-10,0.016140865737344075,0.0,1.0,0.016140865737344075,2.556090880729113,0.00042002367406168695
2020-07-13,0.04416671878153903,0.0,1.0,0.04416671878153903,2.6002575995106523,0.01858778625954205
2020-07-14,-0.11812941673543281,0.0,1.0,-0.11812941673543281,2.4821281827752193,-0.04046914227901233
2020-07-15,0.07630608767806117,0.0,1.0,0.07630608767806117,2.5584342704532808,0.02190807201155942
2020-07-16,-0.052704914407042024,0.0,1.0,-0.052704914407042024,2.505729356046239,-0.014177621522470152
2020-07-17,0.028084577607688368,0.0,1.0,0.028084577607688368,2.533813933653927,0.00674497034538879
2020-07-20,0.0053398677756711635,0.0,1.0,0.0053398677756711635,2.539153801429598,0.0015786839166764821
2020-07-21,0.08529552183257247,0.0,1.0,0.08529552183257247,2.6244493232621706,0.03186990619713992
2020-07-22,-0.03970288929936769,0.0,1.0,-0.03970288929936769,2.584746433962803,-0.014716292239484563
2020-07-23,0.0014266764083345502,0.001,1.0,0.00042667640833455017,2.5851731103711373,0.0003403161158588297
2020-07-24,-0.1062517861748325,0.0,1.0,-0.1062517861748325,2.478921324196305,-0.03942543942543941
2020-07-27,0.03682900817632421,0.0,1.0,0.03682900817632421,2.5157503323726296,0.012749881945537611
2020-07-28,0.02800025093578136,0.0,1.0,0.02800025093578136,2.5437505833084106,0.007654647186819963
2020-07-29,-0.01227075970807802,0.0,1.0,-0.01227075970807802,2.531479823600333,-0.003856090695253167
2020-07-30,0.005554045293908476,0.0,1.0,0.005554045293908476,2.537033868894241,-0.0020903495528973304
2020-07-31,0.08414922314464357,0.0,1.0,0.08414922314464357,2.6211830920388848,0.031188176422669578
2020-08-03,0.009421244502066713,0.0,1.0,0.009421244502066713,2.6306043365409515,0.008351201895948623
2020-08-04,0.023289628684747973,0.0,1.0,0.023289628684747973,2.6538939652256994,0.0025741466144375558
2020-08-05,0.03588730195241975,0.0,1.0,0.03588730195241975,2.689781267178119,0.0077770335640394705
2020-08-06,-0.00343084976614178,0.001,1.0,-0.00443084976614178,2.6853504174119776,-0.00018461765683275289
2020-08-07,0.015967674120268296,0.0,1.0,0.015967674120268296,2.7013180915322454,0.012039293891720426
2020-08-10,-0.023905284220993132,0.0,1.0,-0.023905284220993132,2.677412807311253,-0.00839293533790697
2020-08-11,-0.018523775618558967,0.0,1.0,-0.018523775618558967,2.6588890316926936,-0.009715168911459404
2020-08-12,-0.012253405066321261,0.0,1.0,-0.012253405066321261,2.6466356266263724,-0.006428836863619503
2020-08-13,0.06297032574469519,0.0,1.0,0.06297032574469519,2.7096059523710676,0.01971051352058928
2020-08-14,-0.010777978627416175,0.0,1.0,-0.010777978627416175,2.6988279737436516,0.0013571009389672373
2020-08-17,0.01110712992345899,0.0,1.0,0.01110712992345899,2.70993510366711,0.003296582542764215
2020-08-18,0.026973143095648786,0.0,1.0,0.026973143095648786,2.7369082467627592,0.009127085539045732
2020-08-19,-0.005641990805246867,0.0,1.0,-0.005641990805246867,2.7312662559575123,0.005499077457400192
2020-08-20,-0.04031911563414945,0.001,1.0,-0.04131911563414945,2.689947140323363,-0.009462814377721007
2020-08-21,0.052216150576806286,0.0,1.0,0.052216150576806286,2.742163290900169,0.017326552851434807
2020-08-24,0.05768063145112343,0.0,1.0,0.05768063145112343,2.7998439223512923,0.01781697432784668
2020-08-25,-0.026108075288403143,0.0,1.0,-0.026108075288403143,2.7737358470628894,-0.007998316143969841
2020-08-26,0.04918032786885239,0.0,1.0,0.04918032786885239,2.8229161749317413,0.01531225687813853
2020-08-27,0.07043108682452946,0.0,1.0,0.07043108682452946,2.893347261756271,0.02079342412315821
2020-08-28,-0.009714632665452347,0.0,1.0,-0.009714632665452347,2.883632629090819,-0.0027637505118056627
2020-08-31,0.009714632665452347,0.0,1.0,0.009714632665452347,2.893347261756271,0.0030451295035414105
2020-09-01,0.05585913782635083,0.0,1.0,0.05585913782635083,2.949206399582622,0.01514531313958245
2020-09-02,0.0728597449908927,0.0,1.0,0.0728597449908927,3.0220661445735146,0.019018817204300875
2020-09-03,-0.06678809957498491,0.001,1.0,-0.06778809957498491,2.9542780449985298,-0.016685352502802897
2020-09-04,-0.1386634866520792,0.0,1.0,-0.1386634866520792,2.8156145583464505,-0.04171696847753181
2020-09-08,-0.11074608399200861,0.0,1.0,-0.11074608399200861,2.7048684743544418,-0.047312430011198114
2020-09-09,0.025010739537287767,0.0,1.0,0.025010739537287767,2.7298792138917296,0.012121657361152005
2020-09-10,0.0391754045961296,0.0,1.0,0.0391754045961296,2.7690546184878593,0.019706757639544215
2020-09-11,-0.04977236104068562,0.0,1.0,-0.04977236104068562,2.7192822574471736,-0.02363241627220003
2020-09-14,0.013285641287685267,0.0,1.0,0.013285641287685267,2.7325678987348585,-0.00018226223890938087
2020-09-15,0.03428352084205816,0.0,1.0,0.03428352084205816,2.766851419576917,0.0168441009187692
2020-09-16,0.014840544842717268,0.0,1.0,0.014840544842717268,2.7816919644196343,0.0031193976335603946
2020-09-17,-0.0990740704415568,0.0,1.0,-0.0990740704415568,2.6826178939780774,-0.04378596704435789
2020-09-18,0.04922667975680589,0.0005,0.0,0.04872667975680589,2.731344573734883,0.015325956937799035
2020-09-21,0.0,0.0,0.0,0.0,2.731344573734883,-0.03350268757823438
2020-09-22,0.0,0.0,0.0,0.0,2.731344573734883,0.028683528873990616
2020-09-23,0.0,0.0,0.0,0.0,2.731344573734883,0.00777633771523778
2020-09-24,0.0,0.0,0.0,0.0,2.731344573734883,-0.038838875620062496
2020-09-25,0.0,0.0,0.0,0.0,2.731344573734883,0.016209190305069177
2020-09-28,0.0,0.0,0.0,0.0,2.731344573734883,0.040610187344819915
2020-09-29,0.0,0.0005,1.0,-0.0005,2.730844573734883,0.00037958895938405846
2020-09-30,-0.0006900470251512613,0.0,1.0,-0.0006900470251512613,2.730154526709732,-0.0022766695576758034
2020-10-01,0.05558627392466898,0.0,1.0,0.05558627392466898,2.785740800634401,0.020645441703792455
2020-10-02,-0.05803446179308781,0.0,1.0,-0.05803446179308781,2.727706338841313,-0.020511728592214173
2020-10-05,0.004848375701116698,0.0,1.0,0.004848375701116698,2.73255471454243,0.001195608854751562
2020-10-06,0.04735166314542381,0.0,1.0,0.04735166314542381,2.779906377687854,0.010675255120503824
2020-10-07,0.006097492909762192,0.0,1.0,0.006097492909762192,2.786003870597616,-0.005227541265351521
2020-10-08,0.04909678072318564,0.0,1.0,0.04909678072318564,2.8351006513208015,0.016160961739193125
2020-10-09,0.030808395020200937,0.0,1.0,0.030808395020200937,2.8659090463410024,0.002727401530178364
2020-10-12,0.07303261248938606,0.0,1.0,0.07303261248938606,2.9389416588303883,0.02652866579533031
2020-10-13,0.03880895911364393,0.001,1.0,0.03780895911364393,2.9767506179440324,0.019752236751548358
2020-10-14,-0.002716958539140793,0.0,1.0,-0.002716958539140793,2.9740336594048915,-0.0034419923061347335
2020-10-15,-0.07643885645861401,0.0,1.0,-0.07643885645861401,2.8975948029462772,-0.02732629012596499
2020-10-16,0.05556832809459669,0.0,1.0,0.05556832809459669,2.953163131040874,0.015839860748476875
2020-10-19,-0.014361323155216283,0.0,1.0,-0.014361323155216283,2.9388018078856577,-0.0044893762851268
2020-10-20,-0.041007633587786314,0.0,1.0,-0.041007633587786314,2.8977941742978715,-0.02041378360700885
2020-10-21,-0.004196976500523868,0.0,1.0,-0.004196976500523868,2.893597197797348,0.00038656170930573275
2020-10-22,-0.00904235892830416,0.0,1.0,-0.00904235892830416,2.8845548388690436,0.0013348789826816976
2020-10-23,-0.00593982936686125,0.0,1.0,-0.00593982936686125,2.878615009502182,-0.000912120680582329
2020-10-26,-0.02582248166442155,0.0,1.0,-0.02582248166442155,2.852792527837761,-0.008673057340496615
2020-10-27,-0.013305193833258424,0.0005,0.0,-0.013805193833258424,2.8389873340045026,-0.003187871918390428
2020-10-28,0.0,0.0,0.0,0.0,2.8389873340045026,-0.011690711392225217
2020-10-29,0.0,0.0,0.0,0.0,2.8389873340045026,-0.018300794592456704
2020-10-30,0.0,0.0,0.0,0.0,2.8389873340045026,0.004889393495458361
2020-11-02,0.0,0.0,0.0,0.0,2.8389873340045026,-0.009640091116173033
2020-11-03,0.0,0.0,0.0,0.0,2.8389873340045026,0.00047841607478016357
2020-11-04,0.0,0.0,0.0,0.0,2.8389873340045026,0.04303685720591477
2020-11-05,0.0,0.0005,1.0,-0.0005,2.8384873340045025,0.03473691634927367
2020-11-06,0.01975622694252818,0.0,1.0,0.01975622694252818,2.858243560947031,0.0005793940220168992
2020-11-09,0.08537795147541516,0.0,1.0,0.08537795147541516,2.943621512422446,0.012705225151577126
2020-11-10,-0.13138477259065318,0.0,1.0,-0.13138477259065318,2.8122367398317927,-0.04053008644176115
2020-11-11,-0.00781050519902682,0.0,1.0,-0.00781050519902682,2.804426234632766,0.00231367874921129
2020-11-12,0.053423048714269054,0.0,1.0,0.053423048714269054,2.8578492833470346,0.01678791270285407
2020-11-13,-0.007960724087617587,0.0,1.0,-0.007960724087617587,2.8498885592594174,-0.0024422124380848453
2020-11-16,0.01750595049717567,0.0,1.0,0.01750595049717567,2.867394509756593,0.002310265163270264
2020-11-17,0.03449171014745511,0.0,1.0,0.03449171014745511,2.901886219904048,0.00935736892803063
2020-11-18,-0.014177455740554033,0.0,1.0,-0.014177455740554033,2.887708764163494,-0.005794137695978141
2020-11-19,-0.02810158154555326,0.001,1.0,-0.02910158154555326,2.8586071826179404,-0.007610558793280653
2020-11-20,0.03977318801405571,0.0,1.0,0.03977318801405571,2.8983803706319966,0.009741605637695105
2020-11-23,-0.0029062246592269254,0.0,1.0,-0.0029062246592269254,2.8954741459727695,-0.003044816968867603
2020-11-24,0.02370689655172417,0.0,1.0,0.02370689655172417,2.9191810425244937,0.00027452729830823586
2020-11-25,0.017268409468278133,0.0,1.0,0.017268409468278133,2.9364494519927717,0.013516758722426081
2020-11-27,0.02266068463528597,0.0,1.0,0.02266068463528597,2.959110136628058,0.009680804251430253
2020-11-30,0.017085955902227973,0.0,1.0,0.017085955902227973,2.976196092530286,0.0033859666767239727
2020-12-01,0.046540863806618565,0.0,1.0,0.046540863806618565,3.0227369563369044,0.008586702305379168
2020-12-02,0.011378007105070134,0.0,1.0,0.011378007105070134,3.0341149634419744,0.0011594394938219121
2020-12-03,0.03283657373440939,0.0,1.0,0.03283657373440939,3.066951537176384,0.0061213685394745365
2020-12-04,0.0009043035872880453,0.001,1.0,-9.569641271195471e-05,3.066855840763672,0.0008550662676356513
2020-12-07,0.04892817109583473,0.0,1.0,0.04892817109583473,3.115784011859507,0.004534551309433921
2020-12-08,0.0015494648295291268,0.0,1.0,0.0015494648295291268,3.117333476689036,0.0034346275882373156
2020-12-09,0.009259589917566875,0.0,1.0,0.009259589917566875,3.126593066606603,0.004270439431477424
2020-12-10,-0.0958495769226954,0.0,1.0,-0.0958495769226954,3.030743489683908,-0.028759697471353984
2020-12-11,0.005404279379817287,0.0,1.0,0.005404279379817287,3.0361477690637253,0.0053474148591290405
2020-12-14,0.019526034381850764,0.0,1.0,0.019526034381850764,3.055673803445576,0.007546291679132899
2020-12-15,0.0382574968504797,0.0,1.0,0.0382574968504797,3.0939313002960556,0.010855219743961975
2020-12-16,0.014121259014572134,0.0,1.0,0.014121259014572134,3.108052559310628,0.0043411561184187875
2020-12-17,0.018327728675019094,0.0,1.0,0.018327728675019094,3.126380287985647,0.009522261943451404
2020-12-18,0.002545903639555932,0.001,1.0,0.001545903639555932,3.127926191625203,0.003315841998519309
2020-12-21,-0.05148444897875424,0.0,1.0,-0.05148444897875424,3.0764417426464488,-0.016684848873772862
2020-12-22,0.028194049891088636,0.0,1.0,0.028194049891088636,3.1046357925375374,0.01106180251908917
2020-12-23,-0.001977335291686087,0.0,1.0,-0.001977335291686087,3.1026584572458513,-0.00012909472325328686
2020-12-24,-0.013402916421139634,0.0,1.0,-0.013402916421139634,3.0892555408247118,-0.004325231593557244
2020-12-28,0.04138537333298151,0.0,1.0,0.04138537333298151,3.130640914157693,0.012254027944370582
2020-12-29,-0.003419275116313826,0.0,1.0,-0.003419275116313826,3.1272216390413794,0.005764611689351495
2020-12-30,-0.003942650753584697,0.0,1.0,-0.003942650753584697,3.1232789882877947,0.00035026269702287394
2020-12-31,0.01273046557784601,0.0,1.0,0.01273046557784601,3.1360094538656407,-0.0041061879297173975
2021-01-04,0.025454481490928008,0.0,1.0,0.025454481490928008,3.1614639353565686,0.007159523124620426
2021-01-05,-0.053121124704268274,0.001,1.0,-0.054121124704268275,3.1073428106523004,-0.02164323569547144
2021-01-06,0.03580814717477004,0.0,1.0,0.03580814717477004,3.1431509578270704,-0.004184371857666513
2021-01-07,0.06964520367936917,0.0,1.0,0.06964520367936917,3.2127961615064398,0.010684039087947683
2021-01-08,0.1258212877792378,0.0,1.0,0.1258212877792378,3.3386174492856777,0.02275364187185769
2021-01-11,-0.08253685555847237,0.0,1.0,-0.08253685555847237,3.2560805937272055,-0.00428562425159118
2021-01-12,0.08877864268068014,0.0,1.0,0.08877864268068014,3.3448592364078857,-0.004810431039939389
2021-01-13,0.03120893561103797,0.0,1.0,0.03120893561103797,3.3760681720189236,-0.0008586147681739487
2021-01-14,0.019710906701708327,0.0,1.0,0.019710906701708327,3.395779078720632,0.007352239090995916
2021-01-15,0.03186596583442835,0.0,1.0,0.03186596583442835,3.42764504455506,-0.0074881516587678165
2021-01-19,-0.022339027595269373,0.0,1.0,-0.022339027595269373,3.405306016959791,0.00038200744914518303
2021-01-20,0.11990801576872531,0.001,1.0,0.11890801576872531,3.524214032728516,0.018743038981702487
2021-01-21,0.01403462830389234,0.0,1.0,0.01403462830389234,3.538248661032408,0.015649403386018612
2021-01-22,-0.003915043763083656,0.0,1.0,-0.003915043763083656,3.5343336172693247,0.00043057050592043566
2021-01-25,0.01787675938117438,0.0,1.0,0.01787675938117438,3.552210376650499,0.011128531464231983
2021-01-26,-0.011330089846995576,0.0,1.0,-0.011330089846995576,3.540880286803503,-0.00018242072299412548
2021-01-27,-0.0611540163479138,0.0,1.0,-0.0611540163479138,3.4797262704555894,-0.007875931275657666
2021-01-28,-0.049835530641894665,0.0,1.0,-0.049835530641894665,3.4298907398136946,-0.017133574449825217
2021-01-29,-0.0010695149933236782,0.0,1.0,-0.0010695149933236782,3.428821224820371,-0.0033991330651449436
2021-02-01,-0.00999135878301958,0.0,1.0,-0.00999135878301958,3.4188298660373513,-0.00459978722072707
2021-02-02,0.0797742143609754,0.0,1.0,0.0797742143609754,3.4986040803983265,0.023168086510955366
2021-02-03,0.025015626909848192,0.0005,0.0,0.024515626909848192,3.5231197073081746,0.0133341526361066
2021-02-04,0.0,0.0005,1.0,-0.0005,3.5226197073081744,-0.005912315808622837
2021-02-05,0.04286442106616646,0.0,1.0,0.04286442106616646,3.565484128374341,0.010217464238875262
2021-02-08,-0.003346211689891656,0.0,1.0,-0.003346211689891656,3.5621379166844496,0.00567598574965289
2021-02-09,0.027642477606524257,0.0,1.0,0.027642477606524257,3.589780394290974,-0.0014410087060943155
2021-02-10,0.025539802557275698,0.0,1.0,0.025539802557275698,3.6153201968482493,0.007125248030785958
2021-02-11,-0.0002466469924384514,0.0,1.0,-0.0002466469924384514,3.615073549855811,-0.0019702080659125265
2021-02-12,0.033166820095155126,0.0,1.0,0.033166820095155126,3.648240369950966,-0.0018544551790147246
2021-02-16,0.06943606346869488,0.0,1.0,0.06943606346869488,3.7176764334196606,0.010667945221899178
2021-02-17,-0.05394821804694418,0.0,1.0,-0.05394821804694418,3.6637282153727164,-0.014231921012838211
2021-02-18,-0.05048502028082264,0.0,1.0,-0.05048502028082264,3.613243195091894,-0.006737449995488309
2021-02-19,0.05101596123721107,0.001,1.0,0.05001596123721107,3.663259156329105,0.010992338673045943
2021-02-22,-0.014336917562724026,0.0,1.0,-0.014336917562724026,3.6489222387663807,-0.022045168633558987
2021-02-23,-0.1232078853046595,0.0,1.0,-0.1232078853046595,3.525714353461721,-0.029096477794793296
2021-02-24,0.01075268817204294,0.0,1.0,0.01075268817204294,3.536467041633764,0.005488958990536252
2021-02-25,0.06922043010752696,0.0,1.0,0.06922043010752696,3.605687471741291,0.008313986321139444
2021-02-26,-0.09251792114695347,0.0,1.0,-0.09251792114695347,3.5131695505943377,-0.017237624070443935
2021-03-01,0.05936379928315425,0.0,1.0,0.05936379928315425,3.572533349877492,0.010827924647775822
2021-03-02,0.05376344086021502,0.0,1.0,0.05376344086021502,3.626296790737707,0.015598083127133844
2021-03-03,-0.09162186379928323,0.0,1.0,-0.09162186379928323,3.5346749269384237,-0.021526599845798078
2021-03-04,-0.0925179211469533,0.0,1.0,-0.0925179211469533,3.4421570057914703,-0.026759542345636267
2021-03-05,-0.05712365591397859,0.0005,0.0,-0.05762365591397859,3.3845333498774917,-0.006347561370555033
2021-03-08,0.0,0.0,0.0,0.0,3.3845333498774917,0.004237011928818202
2021-03-09,0.0,0.0,0.0,0.0,3.3845333498774917,-0.0021095677008956537
2021-03-10,0.0,0.0,0.0,0.0,3.3845333498774917,0.028262919959670896
2021-03-11,0.0,0.0,0.0,0.0,3.3845333498774917,-0.0012335526315790935
2021-03-12,0.0,0.0,0.0,0.0,3.3845333498774917,-0.006048706336890697
2021-03-15,0.0,0.0,0.0,0.0,3.3845333498774917,0.0061492385139871875
2021-03-16,0.0,0.0005,1.0,-0.0005,3.3840333498774915,0.016783305361157685
2021-03-17,-0.03839481338212736,0.0,1.0,-0.03839481338212736,3.3456385364953642,-0.011336385437104801
2021-03-18,0.01730739745201373,0.0,1.0,0.01730739745201373,3.362945933947378,-0.0018270593794297296
2021-03-19,-0.06068823941772807,0.0,1.0,-0.06068823941772807,3.30225769452965,-0.01577934168586481
2021-03-22,0.04248660151635816,0.0,1.0,0.04248660151635816,3.344744296046008,0.010709590534517588
2021-03-23,0.03955062527032541,0.0,1.0,0.03955062527032541,3.3842949213163336,0.014339646584816679
2021-03-24,-0.02876343541890166,0.0,1.0,-0.02876343541890166,3.355531485897432,-0.003440402839896217
2021-03-25,-0.10258131515583424,0.0,1.0,-0.10258131515583424,3.252950170741598,-0.027185136365062812
2021-03-26,0.030235610895238584,0.0,1.0,0.030235610895238584,3.2831857816368366,0.0036842512775512315
2021-03-29,0.06739808090919866,0.0,1.0,0.06739808090919866,3.3505838625460354,0.013950049821606525
2021-03-30,-0.024041204401396746,0.0005,0.0,-0.024541204401396746,3.3260426581446385,-0.004945316214931106
2021-03-31,0.0,0.0005,1.0,-0.0005,3.3255426581446383,0.007231832807671701
2021-04-01,0.09936865220971719,0.0,1.0,0.09936865220971719,3.4249113103543554,0.0218560222672064
2021-04-05,0.1228383200658798,0.0,1.0,0.1228383200658798,3.547749630420235,0.012566935958151504
2021-04-06,-0.011150150974471543,0.0,1.0,-0.011150150974471543,3.536599479445764,0.011004799315257108
2021-04-07,-0.0035355476255832623,0.0,1.0,-0.0035355476255832623,3.5330639318201804,-0.0012094457714753037
2021-04-08,0.020861926983255504,0.0,1.0,0.020861926983255504,3.553925858803436,0.01280537644174018
2021-04-09,-0.025253911611309406,0.0,1.0,-0.025253911611309406,3.5286719471921266,-0.0026303204208512065
2021-04-12,-0.003019489431786973,0.0,1.0,-0.003019489431786973,3.52565245776034,0.007072644449772181
2021-04-13,0.007685973099094184,0.0,1.0,0.007685973099094184,3.533338430859434,0.006546839661945025
2021-04-14,-0.04419434531979136,0.0,1.0,-0.04419434531979136,3.4891440855396425,0.007716414380321668
2021-04-15,-0.001097996157013427,0.001,1.0,-0.002097996157013427,3.487046089382629,-0.004048701774974295
2021-04-16,0.023408924652523793,0.0,1.0,0.023408924652523793,3.510455014035153,0.007894659321884046
2021-04-19,-0.01609363569861014,0.0,1.0,-0.01609363569861014,3.4943613783365426,-0.005143942715183369
2021-04-20,-0.01938551572787116,0.0,1.0,-0.01938551572787116,3.4749758626086713,-0.006433796527512525
2021-04-21,-0.02779809802487204,0.0,1.0,-0.02779809802487204,3.4471777645837993,-0.009195742164399778
2021-04-22,0.03365032918800299,0.0,1.0,0.03365032918800299,3.480828093771802,0.011310394222447728
2021-04-23,-0.027066569129480685,0.0,1.0,-0.027066569129480685,3.4537615246423217,-0.008941218130311568
2021-04-26,0.0329188002926115,0.0,1.0,0.0329188002926115,3.486680324934933,0.0113741253535804
2021-04-27,0.019751280175567033,0.0,1.0,0.019751280175567033,3.5064316051105,0.00665351664851177
2021-04-28,-0.01901975128017555,0.0,1.0,-0.01901975128017555,3.4874118538303245,-0.006200099435556994
2021-04-29,0.02267739575713231,0.0005,0.0,0.02217739575713231,3.509589249587457,0.007533621729790108
2021-04-30,0.0,0.0005,1.0,-0.0005,3.509089249587457,-0.013640213803779555
2021-05-03,-0.0012826389469601787,0.0,1.0,-0.0012826389469601787,3.507806610640497,0.004530648504589951
2021-05-04,-0.06795300506340415,0.0,1.0,-0.06795300506340415,3.4398536055770927,-0.016714323615246385
2021-05-05,0.0020805564367613145,0.0,1.0,0.0020805564367613145,3.441934162013854,-0.003927329415997161
2021-05-06,-0.0260714785190566,0.0,1.0,-0.0260714785190566,3.4158626834947974,-0.010504138449962452
2021-05-07,0.05379574320353371,0.0,1.0,0.05379574320353371,3.4696584266983312,0.01706411972259403
2021-05-10,-0.013547571184626244,0.0,1.0,-0.013547571184626244,3.456110855513705,-0.004755211292879258
2021-05-11,-0.14637920903469112,0.0,1.0,-0.14637920903469112,3.309731646479014,-0.03930524670953783
2021-05-12,0.016132497543932183,0.0,1.0,0.016132497543932183,3.325864144022946,0.0016578041914294683
2021-05-13,-0.00948276379405603,0.0,1.0,-0.00948276379405603,3.31638138022889,-0.0009680542110358514
2021-05-14,0.023143544092410574,0.0005,0.0,0.022643544092410574,3.3390249243213006,0.008377094273568364
2021-05-17,0.0,0.0,0.0,0.0,3.3390249243213006,0.006292622442653384
2021-05-18,0.0,0.0,0.0,0.0,3.3390249243213006,0.0023411268213042735
2021-05-19,0.0,0.0,0.0,0.0,3.3390249243213006,-0.026829343249638815
2021-05-20,0.0,0.0,0.0,0.0,3.3390249243213006,0.023558390702962173
2021-05-21,0.0,0.0,0.0,0.0,3.3390249243213006,0.019498951005800347
2021-05-24,0.0,0.0,0.0,0.0,3.3390249243213006,-0.0032381067667351937
2021-05-25,0.0,0.0005,1.0,-0.0005,3.3385249243213004,0.014269666332695774
2021-05-26,-0.005964498512368555,0.0,1.0,-0.005964498512368555,3.332560425808932,-0.0012272876941957778
2021-05-27,-0.002026520225020079,0.0,1.0,-0.002026520225020079,3.330533905583912,2.9970628783848596e-05
2021-05-28,0.018050367061703397,0.0,1.0,0.018050367061703397,3.348584272645615,0.001348637875745462
2021-06-01,0.024528590854901475,0.0,1.0,0.024528590854901475,3.3731128635005168,0.003531665269962847
2021-06-02,-0.0258900945216603,0.0,1.0,-0.0258900945216603,3.3472227689788565,-0.0061139278258276475
2021-06-03,-0.01796167486455006,0.0,1.0,-0.01796167486455006,3.3292610941143064,-0.008102025506376509
2021-06-04,0.008994072206093794,0.0,1.0,0.008994072206093794,3.3382551663204003,0.003932839207381633
2021-06-07,0.029428960789365903,0.0,1.0,0.029428960789365903,3.3676841271097664,0.009642910953744144
2021-06-08,0.022616457615512415,0.0,1.0,0.022616457615512415,3.3903005847252787,0.009983584539620782
2021-06-09,-0.017784431762122434,0.001,1.0,-0.018784431762122435,3.371516152963156,-0.0006649034412445909
2021-06-10,-0.008649868371568276,0.0,1.0,-0.008649868371568276,3.362866284591588,-0.002897950734837562
2021-06-11,0.028206092515983452,0.0,1.0,0.028206092515983452,3.3910723771075713,0.009401227794418654
2021-06-14,0.011282437006393408,0.0,1.0,0.011282437006393408,3.4023548141139646,0.0038782465624631612
2021-06-15,0.022564874012786815,0.0,1.0,0.022564874012786815,3.424919688126751,0.007228986185904951
2021-06-16,-0.013162843174125666,0.0,1.0,-0.013162843174125666,3.4117568449526257,-0.004097050704634508
2021-06-17,-0.02519744264761195,0.0,1.0,-0.02519744264761195,3.386559402305014,-0.008081927992063864
2021-06-18,0.032342986084994474,0.0,1.0,0.032342986084994474,3.4189023883900083,0.010765655793158135
2021-06-21,-0.007145543437382523,0.0,1.0,-0.007145543437382523,3.4117568449526257,-0.003492128161103447
2021-06-22,0.015795411808950666,0.0,1.0,0.015795411808950666,3.4275522567615764,0.005022924393306649
2021-06-23,0.030462579917262218,0.001,1.0,0.029462579917262217,3.4570148366788387,0.009763184657852753
2021-06-24,0.019037729318103172,0.0,1.0,0.019037729318103172,3.476052565996942,0.006388305372507341
2021-06-25,0.006230529595015566,0.0,1.0,0.006230529595015566,3.4822830955919573,0.002115917993881
2021-06-28,0.002422983731394956,0.0,1.0,0.002422983731394956,3.4847060793233524,0.0008845264929948637
2021-06-29,0.024229837313949436,0.0,1.0,0.024229837313949436,3.5089359166373018,0.007839671589030095
2021-06-30,0.01142263759086183,0.0,1.0,0.01142263759086183,3.5203585542281637,0.0036771985404351337
2021-07-01,-0.006922810661128393,0.0,1.0,-0.006922810661128393,3.5134357435670354,-0.0021418707550093785
2021-07-02,0.022152994115610954,0.0,1.0,0.022152994115610954,3.5355887376826463,0.006919535685034006
2021-07-06,0.024229837313949436,0.0,1.0,0.024229837313949436,3.5598185749965956,0.007685403343431041
2021-07-07,0.030114226375908527,0.0,1.0,0.030114226375908527,3.589932801372504,0.008879363135333662
2021-07-08,-0.062651436483212,0.001,1.0,-0.063651436483212,3.526281364889292,-0.01851289833080416
2021-07-09,0.02102199223803359,0.0,1.0,0.02102199223803359,3.547303357127326,0.006830831506156265
2021-07-12,0.03654592496765856,0.0,1.0,0.03654592496765856,3.5838492820949845,0.011949632855906334
2021-07-13,-0.0035575679172056736,0.0,1.0,-0.0035575679172056736,3.580291714177779,-0.0011587805214512414
2021-07-14,0.02425614489003881,0.0,1.0,0.02425614489003881,3.604547859067818,0.00773416567687768
2021-07-15,-0.01584734799482542,0.0,1.0,-0.01584734799482542,3.5887005110729926,-0.005125674971904748
2021-07-16,-0.014230271668822925,0.0,1.0,-0.014230271668822925,3.5744702394041696,-0.004270443024024573
2021-07-19,-0.06338939197930134,0.0,1.0,-0.06338939197930134,3.5110808474248683,-0.020364682770260933
2021-07-20,0.013260025873221221,0.0,1.0,0.013260025873221221,3.5243408732980894,0.004462646518853308
2021-07-21,0.02328589909443722,0.0,1.0,0.02328589909443722,3.5476267723925266,0.007648398616539653
2021-07-22,0.02846054333764562,0.0005,0.0,0.02796054333764562,3.5755873157301723,0.009543742151527645
2021-07-23,0.0,0.0005,1.0,-0.0005,3.575087315730172,0.00978522265527837
2021-07-26,0.00027170939475983265,0.0,1.0,0.00027170939475983265,3.575359025124932,0.005967534422818943
2021-07-27,0.00561392039694131,0.0,1.0,0.00561392039694131,3.5809729455218733,0.001986448610846514
2021-07-28,-0.026329146544003763,0.0,1.0,-0.026329146544003763,3.5546437989778696,-0.007115311498560706
2021-07-29,0.018968893519136464,0.0,1.0,0.018968893519136464,3.573612692497006,-0.0009573304157549645
2021-07-30,-4.4568065871936416e-05,0.0,1.0,-4.4568065871936416e-05,3.573568124431134,-0.007693360711841235
2021-08-02,0.0520375650095897,0.0,1.0,0.0520375650095897,3.625605689440724,0.0106224478534378
2021-08-03,-0.002978161357849103,0.0,1.0,-0.002978161357849103,3.622627528082875,-0.0027573780337984966
2021-08-04,0.01666929002273916,0.0,1.0,0.01666929002273916,3.639296818105614,0.004079062636881403
2021-08-05,0.029875641327221085,0.0,1.0,0.029875641327221085,3.669172459432835,0.00384437113177194
2021-08-06,-0.021383758005402962,0.001,1.0,-0.022383758005402963,3.646788701427432,0.0005160519311206979
2021-08-09,0.006590118183436059,0.0,1.0,0.006590118183436059,3.653378819610868,0.0004071992833292182
2021-08-10,-0.0026874330224438223,0.0,1.0,-0.0026874330224438223,3.650691386588424,0.002008032128514081
2021-08-11,-0.01863209898983007,0.0,1.0,-0.01863209898983007,3.632059287598594,-0.003033093213453908
2021-08-12,-0.027424792645690824,0.0,1.0,-0.027424792645690824,3.6046344949529034,-0.006655076872928767
2021-08-13,-0.0013726848959221445,0.0,1.0,-0.0013726848959221445,3.6032618100569813,0.005988678935710645
2021-08-16,0.0035475857786058406,0.0,1.0,0.0035475857786058406,3.606809395835587,-0.0005708383168423481
2021-08-17,-0.017009048991281753,0.0,1.0,-0.017009048991281753,3.589800346844305,-0.004134142029537435
2021-08-18,-0.02164648346530037,0.0,1.0,-0.02164648346530037,3.568153863379005,-0.0026491874914651437
2021-08-19,-0.04236206567934332,0.0,1.0,-0.04236206567934332,3.5257917976996613,-0.013582342954159499
2021-08-20,0.03821586306221704,0.0005,0.0,0.03771586306221704,3.5635076607618785,0.013436233412914333
2021-08-23,0.0,0.0,0.0,0.0,3.5635076607618785,0.01024489125075334
2021-08-24,0.0,0.0005,1.0,-0.0005,3.5630076607618784,0.01366594360086748
2021-08-25,0.0053593147975587695,0.0,1.0,0.0053593147975587695,3.568366975559437,0.0021132035095228208
2021-08-26,0.0010603442722595152,0.0,1.0,0.0010603442722595152,3.5694273198316964,-0.0018952032672235886
2021-08-27,0.00024539396015144576,0.0,1.0,0.00024539396015144576,3.569672713791848,-0.002273213521608919
2021-08-30,0.04845786080246853,0.0,1.0,0.04845786080246853,3.6181305745943164,0.010132146782105389
2021-08-31,0.01475307212828481,0.0,1.0,0.01475307212828481,3.6328836467226013,0.009712087037282657
2021-09-01,-0.004035367344713072,0.0,1.0,-0.004035367344713072,3.6288482793778885,0.0013928674673464592
2021-09-02,-0.006077478797897996,0.0,1.0,-0.006077478797897996,3.6227708005799903,0.0024406886416123985
2021-09-03,-0.013888150102654097,0.0,1.0,-0.013888150102654097,3.6088826504773364,-0.007199518286776452
2021-09-07,0.02398062328471374,0.0,1.0,0.02398062328471374,3.6328632737620503,0.006486999630821
2021-09-08,-0.013495684000186196,0.001,1.0,-0.014495684000186197,3.618367589761864,0.0006549989520017174
2021-09-09,-0.007114624505928936,0.0,1.0,-0.007114624505928936,3.611252965255935,-0.002408818369858401
2021-09-10,0.0018445322793148955,0.0,1.0,0.0018445322793148955,3.61309749753525,0.0005774126663342649
2021-09-13,-0.017918313570487475,0.0,1.0,-0.017918313570487475,3.5951791839647624,-0.00590194895469931
2021-09-14,-0.008695652173912998,0.0,1.0,-0.008695652173912998,3.5864835317908494,-0.002955301071296601
2021-09-15,-0.016337285902503412,0.0,1.0,-0.016337285902503412,3.570146245888346,-0.005637008415815381
2021-09-16,0.007114624505928936,0.0,1.0,0.007114624505928936,3.5772608703942748,0.0025284113592207724
2021-09-17,0.008959156785243644,0.0,1.0,0.008959156785243644,3.5862200271795186,0.003026441541892355
2021-09-20,-0.07588932806324099,0.0,1.0,-0.07588932806324099,3.5103306991162775,-0.027314594251230728
2021-09-21,0.0,0.0,1.0,0.0,3.5103306991162775,0.00021768707482983096
2021-09-22,-0.0034255599472991453,0.0005,0.0,-0.003925559947299146,3.5064051391689786,-0.0013330431470700566
2021-09-23,0.0,0.0,0.0,0.0,3.5064051391689786,0.00999754828516175
2021-09-24,0.0,0.0,0.0,0.0,3.5064051391689786,-0.00029668788434566995
2021-09-27,0.0,0.0,0.0,0.0,3.5064051391689786,-0.001214083367057861
2021-09-28,0.0,0.0,0.0,0.0,3.5064051391689786,-0.01223662884927057
2021-09-29,0.0,0.0,0.0,0.0,3.5064051391689786,-0.012306177701206011
2021-09-30,0.0,0.0,0.0,0.0,3.5064051391689786,-0.0005537558490461558
2021-10-01,0.0,0.0,0.0,0.0,3.5064051391689786,-0.0065656425741751345
2021-10-04,0.0,0.0,0.0,0.0,3.5064051391689786,-0.00022308979364205062
2021-10-05,0.0,0.0,0.0,0.0,3.5064051391689786,-0.01341626687493025
2021-10-06,0.0,0.0,0.0,0.0,3.5064051391689786,0.0010460546775608037
2021-10-07,0.0,0.0,0.0,0.0,3.5064051391689786,0.02462720289200182
2021-10-08,0.0,0.0,0.0,0.0,3.5064051391689786,0.0035281146637264893
2021-10-11,0.0,0.0,0.0,0.0,3.5064051391689786,-0.012359920896506282
2021-10-12,0.0,0.0,0.0,0.0,3.5064051391689786,0.0008343066911395969
2021-10-13,0.0,0.0,0.0,0.0,3.5064051391689786,-0.0010281204846059877
2021-10-14,0.0,0.0,0.0,0.0,3.5064051391689786,0.011626936663792442
2021-10-15,0.0,0.0005,1.0,-0.0005,3.5059051391689784,0.011520800681899424
2021-10-18,-0.011924971160838509,0.0,1.0,-0.011924971160838509,3.49398016800814,-0.0007339349787973681
2021-10-19,0.04869567092634242,0.0,1.0,0.04869567092634242,3.5426758389344823,0.016702483610347985
2021-10-20,0.02119808288072734,0.0,1.0,0.02119808288072734,3.5638739218152096,0.005859531772575144
2021-10-21,-0.01709502057364391,0.0,1.0,-0.01709502057364391,3.5467789012415656,-0.004734798106080684
2021-10-22,0.025541368420420034,0.0,1.0,0.025541368420420034,3.5723202696619856,0.004864229206756443
2021-10-25,-0.0046381644187499125,0.0,1.0,-0.0046381644187499125,3.5676821052432355,-0.001117080695781758
2021-10-26,0.036654954237385795,0.0,1.0,0.036654954237385795,3.6043370594806214,0.012434764085632155
2021-10-27,-0.024117493377510405,0.0,1.0,-0.024117493377510405,3.580219566103111,-0.0017094916234910995
2021-10-28,0.029405586259584667,0.0,1.0,0.029405586259584667,3.6096251523626957,0.006243743084461739
2021-10-29,-0.0025865996799145675,0.001,1.0,-0.0035865996799145676,3.606038552682781,-0.0023301479251210955
2021-11-01,0.04188747584737175,0.0,1.0,0.04188747584737175,3.647926028530153,0.014433422558127296
2021-11-02,0.02288280203980386,0.0,1.0,0.02288280203980386,3.670808830569957,0.0006208609271523002
2021-11-03,0.03559726305406237,0.0,1.0,0.03559726305406237,3.706406093624019,0.00710961737331961
2021-11-04,0.05681031879559549,0.0,1.0,0.05681031879559549,3.7632164124196144,0.012655628289051535
2021-11-05,0.07384014242543147,0.0,1.0,0.07384014242543147,3.837056554845046,0.014094504157371679
2021-11-08,0.01583643132020312,0.0,1.0,0.01583643132020312,3.8528929861652492,-0.0036746325367463806
2021-11-09,0.03689015169228925,0.0,1.0,0.03689015169228925,3.8897831378575383,0.0014802920440575296
2021-11-10,-0.0853255966661216,0.0,1.0,-0.0853255966661216,3.8044575411914168,-0.016760196412466177
2021-11-11,0.007421044992363066,0.0,1.0,0.007421044992363066,3.81187858618378,0.0002547965449588574
2021-11-12,0.01309701361781104,0.001,1.0,0.012097013617811039,3.823975599801591,-0.0020378531217363216
2021-11-15,0.04034072645451632,0.0,1.0,0.04034072645451632,3.864316326256107,0.010567424764530209
2021-11-16,-0.037769206043072996,0.0,1.0,-0.037769206043072996,3.826547120213034,-0.0051779444823318865
2021-11-17,0.058180649308903855,0.0,1.0,0.058180649308903855,3.8847277695219375,0.00987660590057371
2021-11-18,0.030054644808743244,0.0,1.0,0.030054644808743244,3.9147824143306806,0.004978001257071041
2021-11-19,-0.00016072002571528634,0.0,1.0,-0.00016072002571528634,3.9146216943049654,0.009256247967377895
2021-11-22,0.027000964320154402,0.0,1.0,0.027000964320154402,3.94162265862512,0.005304513794214483
2021-11-23,-0.07569913211186127,0.0,1.0,-0.07569913211186127,3.8659235265132588,-0.018393865423971145
2021-11-24,-0.0295724847315975,0.0,1.0,-0.0295724847315975,3.8363510417816613,-0.007987742081334348
2021-11-26,0.0017679202828672362,0.0,1.0,0.0017679202828672362,3.8381189620645286,0.0029878712683260034
2021-11-29,0.013661202185792374,0.0005,0.0,0.013161202185792373,3.851280164250321,-0.0005554012774230399
2021-11-30,0.0,0.0,0.0,0.0,3.851280164250321,0.0071989694106948665
2021-12-01,0.0,0.0,0.0,0.0,3.851280164250321,-0.0011536339469329082
2021-12-02,0.0,0.0,0.0,0.0,3.851280164250321,-0.03133473937933107
2021-12-03,0.0,0.0,0.0,0.0,3.851280164250321,0.014282011404872952
2021-12-06,0.0,0.0,0.0,0.0,3.851280164250321,-0.0196263831744653
2021-12-07,0.0,0.0,0.0,0.0,3.851280164250321,0.024502776112399927
2021-12-08,0.0,0.0005,1.0,-0.0005,3.8507801642503208,0.013077882095514415
2021-12-09,-0.009739876163114364,0.0,1.0,-0.009739876163114364,3.8410402880872065,0.00045206821207033343
2021-12-10,-0.006963978620809007,0.0,1.0,-0.006963978620809007,3.8340763094663974,-0.004342914522404984
2021-12-13,-0.004975982152901698,0.0,1.0,-0.004975982152901698,3.829100327313496,0.0034794009379255364
2021-12-14,-0.09634961022456637,0.0,1.0,-0.09634961022456637,3.7327507170889294,-0.026884422110552753
2021-12-15,0.015472321320328435,0.0,1.0,0.015472321320328435,3.748223038409258,0.0017557449005938253
2021-12-16,0.08652086824553368,0.0,1.0,0.08652086824553368,3.8347439066547917,0.025929171606783763
2021-12-17,-0.13646958894359731,0.0,1.0,-0.13646958894359731,3.6982743177111943,-0.0370063310220079
2021-12-20,-0.019776651943119616,0.0,1.0,-0.019776651943119616,3.6784976657680746,-0.009770159922777966
2021-12-21,0.05070648067518908,0.0,1.0,0.05070648067518908,3.7292041464432635,0.011816157970308216
2021-12-22,0.025366013554692736,0.0005,0.0,0.024866013554692735,3.7540701599979562,0.012654602265329995
2021-12-23,0.0,0.0,0.0,0.0,3.7540701599979562,0.013884960530714086
2021-12-27,0.0,0.0005,1.0,-0.0005,3.753570159997956,0.009992138165402897
2021-12-28,0.06678765242960552,0.0,1.0,0.06678765242960552,3.8203578124275617,0.015442561205273098
2021-12-29,-0.037091917717044696,0.0,1.0,-0.037091917717044696,3.783265894710517,-0.006552917903066224
2021-12-30,-0.0010885025810405064,0.0,1.0,-0.0010885025810405064,3.7821773921294763,-0.001045426260112059
2021-12-31,-0.019559446056347227,0.0,1.0,-0.019559446056347227,3.7626179460731293,-0.004161164129270034
2022-01-03,0.00017555557711234964,0.0,1.0,0.00017555557711234964,3.7627935016502416,-0.0015262973527498946
2022-01-04,0.03788674963505032,0.0,1.0,0.03788674963505032,3.800680251285292,0.007993985716075569
2022-01-05,-0.050218708273418115,0.0,1.0,-0.050218708273418115,3.7504615430118737,-0.018645584725537012
2022-01-06,-0.08632956859015019,0.0,1.0,-0.08632956859015019,3.6641319744217236,-0.031210416983330824
2022-01-07,0.012895130489214257,0.0,1.0,0.012895130489214257,3.677027104910938,0.00421003085612659
2022-01-10,-0.08842690125991329,0.0005,0.0,-0.08892690125991329,3.5881002036510248,-0.02398250136708069
2022-01-11,0.0,0.0,0.0,0.0,3.5881002036510248,0.012099140920975415
2022-01-12,0.0,0.0,0.0,0.0,3.5881002036510248,0.02400126530558433
2022-01-13,0.0,0.0,0.0,0.0,3.5881002036510248,0.0007980229624671153
2022-01-14,0.0,0.0,0.0,0.0,3.5881002036510248,-0.03523934459963474
2022-01-18,0.0,0.0,0.0,0.0,3.5881002036510248,-0.0027461540512436766
2022-01-19,0.0,0.0,0.0,0.0,3.5881002036510248,-0.005052935514918255
2022-01-20,0.0,0.0,0.0,0.0,3.5881002036510248,-0.0063415289533789165
2022-01-21,0.0,0.0,0.0,0.0,3.5881002036510248,-0.02790773141512748
2022-01-24,0.0,0.0,0.0,0.0,3.5881002036510248,-0.03773611149748257
2022-01-25,0.0,0.0,0.0,0.0,3.5881002036510248,0.002211589887396892
2022-01-26,0.0,0.0,0.0,0.0,3.5881002036510248,0.017999826924741225
2022-01-27,0.0,0.0,0.0,0.0,3.5881002036510248,-0.009945878552605647
2022-01-28,0.0,0.0,0.0,0.0,3.5881002036510248,-0.0182312535775615
2022-01-31,0.0,0.0,0.0,0.0,3.5881002036510248,0.029647552692184442
2022-02-01,0.0,0.0,0.0,0.0,3.5881002036510248,0.0317950169875425
2022-02-02,0.0,0.0,0.0,0.0,3.5881002036510248,0.014625579672365108
2022-02-03,0.0,0.0005,1.0,-0.0005,3.5876002036510246,-0.030371051492860235
2022-02-04,-0.058960451890476134,0.0,1.0,-0.058960451890476134,3.5286397517605486,-0.012411792597551097
2022-02-07,0.03565626167798453,0.0,1.0,0.03565626167798453,3.564296013438533,0.01282196113872569
2022-02-08,-0.028980855724242912,0.0,1.0,-0.028980855724242912,3.5353151577142903,-0.012994255758184248
2022-02-09,0.10242940542766836,0.0,1.0,0.10242940542766836,3.6377445631419585,0.027686744264888707
2022-02-10,-0.028204912365001424,0.0,1.0,-0.028204912365001424,3.609539650776957,-0.011656036947437887
2022-02-11,-0.01573960568762783,0.0,1.0,-0.01573960568762783,3.593800045089329,-0.0030318202047173726
2022-02-14,-0.12426661369441651,0.0,1.0,-0.12426661369441651,3.4695334313949124,-0.03331194375470803
2022-02-15,0.048365755289507525,0.0,1.0,0.048365755289507525,3.51789918668442,0.018528673266183793
2022-02-16,0.027512998715588134,0.0,1.0,0.027512998715588134,3.545412185400008,0.002578561106231003
2022-02-17,-0.0048459844894174695,0.0005,0.0,-0.00534598448941747,3.5400662009105908,-0.0030523995251822145
2022-02-18,0.0,0.0,0.0,0.0,3.5400662009105908,-0.01794522878040483
2022-02-22,0.0,0.0,0.0,0.0,3.5400662009105908,-0.022863081319823397
2022-02-23,0.0,0.0,0.0,0.0,3.5400662009105908,0.008360660580814638
2022-02-24,0.0,0.0,0.0,0.0,3.5400662009105908,-0.06586194773233334
2022-02-25,0.0,0.0,0.0,0.0,3.5400662009105908,0.07047421904403461
2022-02-28,0.0,0.0,0.0,0.0,3.5400662009105908,0.0035158653423572606
2022-03-01,0.0,0.0,0.0,0.0,3.5400662009105908,0.009459577822545251
2022-03-02,0.0,0.0,0.0,0.0,3.5400662009105908,-0.007722342733188725
2022-03-03,0.0,0.0,0.0,0.0,3.5400662009105908,0.01996618864404809
2022-03-04,0.0,0.0,0.0,0.0,3.5400662009105908,-0.02883433829623072
2022-03-07,0.0,0.0,0.0,0.0,3.5400662009105908,-0.007503531073446146
2022-03-08,0.0,0.0,0.0,0.0,3.5400662009105908,-0.039254054374573855
2022-03-09,0.0,0.0,0.0,0.0,3.5400662009105908,0.023761765159697523
2022-03-10,0.0,0.0,0.0,0.0,3.5400662009105908,-0.00280331574981163
2022-03-11,0.0,0.0,0.0,0.0,3.5400662009105908,0.010579771476936006
2022-03-14,0.0,0.0,0.0,0.0,3.5400662009105908,-0.0334709260588657
2022-03-15,0.0,0.0,0.0,0.0,3.5400662009105908,-0.006963141769566472
2022-03-16,0.0,0.0,0.0,0.0,3.5400662009105908,0.03518449264522561
2022-03-17,0.0,0.0005,1.0,-0.0005,3.5395662009105906,0.018665141343288116
2022-03-18,0.03882859526789438,0.0,1.0,0.03882859526789438,3.5783947961784848,0.01291485651801283
2022-03-21,0.06535967578520774,0.0,1.0,0.06535967578520774,3.6437544719636925,0.02176576997140689
2022-03-22,0.0035875201144286856,0.0,1.0,0.0035875201144286856,3.6473419920781214,0.0011136493432324368
2022-03-23,0.011574587281721224,0.0,1.0,0.011574587281721224,3.6589165793598424,0.009754984454776183
2022-03-24,-0.01104773824423388,0.0,1.0,-0.01104773824423388,3.6478688411156086,-0.0005932035818196901
2022-03-25,0.08759461231301033,0.0,1.0,0.08759461231301033,3.735463453428619,0.016365178066704233
2022-03-28,-0.013640646045652249,0.0,1.0,-0.013640646045652249,3.7218228073829667,-0.0006952362412747659
2022-03-29,0.09999024971690806,0.0,1.0,0.09999024971690806,3.8218130570998747,0.02660433016085051
2022-03-30,-0.00016329936229818277,0.0,1.0,-0.00016329936229818277,3.8216497577375765,0.0010165356465166031
2022-03-31,-0.05986053996066514,0.001,1.0,-0.06086053996066514,3.7607892177769116,-0.005510798185633936
2022-04-01,-0.04467886253208625,0.0,1.0,-0.04467886253208625,3.716110355244825,-0.012062956104999523
2022-04-04,-0.03066922610589644,0.0,1.0,-0.03066922610589644,3.685441129138929,-0.0002756263609051679
2022-04-05,0.02629905343167792,0.0,1.0,0.02629905343167792,3.711740182570607,0.014060819938794156
2022-04-06,-0.1250903275067562,0.0,1.0,-0.1250903275067562,3.586649855063851,-0.033060547565319065
2022-04-07,-0.020298669100127006,0.0,1.0,-0.020298669100127006,3.566351185963724,-0.009588078166736902
2022-04-08,-0.004891034651230341,0.0,1.0,-0.004891034651230341,3.5614601513124935,0.00022711787417661888
2022-04-11,-0.06204292682864437,0.0,1.0,-0.06204292682864437,3.499417224483849,-0.02131584922797458
2022-04-12,0.014755584957736266,0.0,1.0,0.014755584957736266,3.514172809441585,0.0027551405121661876
2022-04-13,-0.036002453071263124,0.0,1.0,-0.036002453071263124,3.478170356370322,-0.017237390097177174
2022-04-14,0.04432778429343752,0.0005,0.0,0.04382778429343752,3.5219981406637597,0.019540906415538517
2022-04-18,0.0,0.0,0.0,0.0,3.5219981406637597,-0.026238309664010973
2022-04-19,0.0,0.0,0.0,0.0,3.5219981406637597,0.002015710686230854
2022-04-20,0.0,0.0,0.0,0.0,3.5219981406637597,0.026802354820578023
2022-04-21,0.0,0.0,0.0,0.0,3.5219981406637597,-0.005474084531389534
2022-04-22,0.0,0.0,0.0,0.0,3.5219981406637597,-0.03151887366377937
2022-04-25,0.0,0.0,0.0,0.0,3.5219981406637597,-0.03164727348867813
2022-04-26,0.0,0.0,0.0,0.0,3.5219981406637597,0.011552837240910607
2022-04-27,0.0,0.0,0.0,0.0,3.5219981406637597,-0.031239502855223478
2022-04-28,0.0,0.0,0.0,0.0,3.5219981406637597,0.01453158491993456
2022-04-29,0.0,0.0,0.0,0.0,3.5219981406637597,0.005748019263632109
2022-05-02,0.0,0.0,0.0,0.0,3.5219981406637597,-0.03358047574915046
2022-05-03,0.0,0.0,0.0,0.0,3.5219981406637597,0.018124860147683997
2022-05-04,0.0,0.0,0.0,0.0,3.5219981406637597,0.002543171114599785
2022-05-05,0.0,0.0,0.0,0.0,3.5219981406637597,0.018352071654505142
2022-05-06,0.0,0.0,0.0,0.0,3.5219981406637597,-0.043730971491835136
2022-05-09,0.0,0.0,0.0,0.0,3.5219981406637597,-0.02402315484804618
2022-05-10,0.0,0.0,0.0,0.0,3.5219981406637597,0.003393963358376162
2022-05-11,0.0,0.0,0.0,0.0,3.5219981406637597,-0.019933663919083133
2022-05-12,0.0,0.0,0.0,0.0,3.5219981406637597,-0.03682482240986462
2022-05-13,0.0,0.0,0.0,0.0,3.5219981406637597,0.02877022090798409
2022-05-16,0.0,0.0,0.0,0.0,3.5219981406637597,0.014980386852427863
2022-05-17,0.0,0.0,0.0,0.0,3.5219981406637597,0.014326170248209369
2022-05-18,0.0,0.0,0.0,0.0,3.5219981406637597,-0.009558219740515628
2022-05-19,0.0,0.0,0.0,0.0,3.5219981406637597,-0.04062479273064934
2022-05-20,0.0,0.0,0.0,0.0,3.5219981406637597,0.013273877424038183
2022-05-23,0.0,0.0,0.0,0.0,3.5219981406637597,-0.011530720158291485
2022-05-24,0.0,0.0,0.0,0.0,3.5219981406637597,-0.005608283002588421
2022-05-25,0.0,0.0,0.0,0.0,3.5219981406637597,-0.008381778741865631
2022-05-26,0.0,0.0,0.0,0.0,3.5219981406637597,0.016555248328725014
2022-05-27,0.0,0.0,0.0,0.0,3.5219981406637597,0.04166092824679812
2022-05-31,0.0,0.0005,1.0,-0.0005,3.5214981406637595,0.021583922787069332
2022-06-01,0.010284031047754211,0.0,1.0,0.010284031047754211,3.5317821717115137,0.0045297181868186875
2022-06-02,-0.06561095701907156,0.0,1.0,-0.06561095701907156,3.466171214692442,-0.01810158791509653
2022-06-03,0.041190235581643725,0.0,1.0,0.041190235581643725,3.507361450274086,0.013711661472855408
2022-06-06,0.02102980068373859,0.0,1.0,0.02102980068373859,3.5283912509578244,0.0055658026728797605
2022-06-07,-0.07738466390017698,0.0,1.0,-0.07738466390017698,3.4510065870576474,-0.022333065164923616
2022-06-08,0.047790875601138066,0.0,1.0,0.047790875601138066,3.4987974626587857,0.01724762186893125
2022-06-09,-0.05031135550825287,0.0,1.0,-0.05031135550825287,3.448486107150533,-0.010160168257563496
2022-06-10,-0.10528894049180441,0.0,1.0,-0.10528894049180441,3.3431971666587286,-0.04007714687326358
2022-06-13,-0.12051950518537631,0.0,1.0,-0.12051950518537631,3.222677661473352,-0.04733526306827851
2022-06-14,-0.027807700301733705,0.0005,0.0,-0.028307700301733706,3.1943699611716183,-0.007470956210902546
2022-06-15,0.0,0.0,0.0,0.0,3.1943699611716183,0.006320679968306653
2022-06-16,0.0,0.0,0.0,0.0,3.1943699611716183,-0.013689315176350747
2022-06-17,0.0,0.0,0.0,0.0,3.1943699611716183,-0.01237345331833506
2022-06-21,0.0,0.0,0.0,0.0,3.1943699611716183,0.024138437798515655
2022-06-22,0.0,0.0,0.0,0.0,3.1943699611716183,-0.0008251121076233714
2022-06-23,0.0,0.0,0.0,0.0,3.1943699611716183,0.01683900617549905
2022-06-24,0.0,0.0,0.0,0.0,3.1943699611716183,0.015995197909678405
2022-06-27,0.0,0.0005,1.0,-0.0005,3.193869961171618,0.02870647111976088
2022-06-28,-0.025370791064175263,0.0,1.0,-0.025370791064175263,3.168499170107443,-0.010135135135135087
2022-06-29,-0.10856172587015156,0.0,1.0,-0.10856172587015156,3.0599374442372915,-0.03276450511945406
2022-06-30,-0.04243029318242555,0.0,1.0,-0.04243029318242555,3.017507151054866,-0.00935074100211708
2022-07-01,-0.024664275293826605,0.0,1.0,-0.024664275293826605,2.9928428757610392,-0.006411398040961802
2022-07-05,-0.056821552449499685,0.0,1.0,-0.056821552449499685,2.9360213233115395,-0.0022943179781322875
2022-07-06,0.0777820247514007,0.0,1.0,0.0777820247514007,3.0138033480629405,0.03248176493837818
2022-07-07,0.04092775811390553,0.0,1.0,0.04092775811390553,3.054731106176846,0.007934574560640284
2022-07-08,0.01767521720819908,0.0,1.0,0.01767521720819908,3.072406323385045,0.008459068466664332
2022-07-11,0.007204817797625137,0.0,1.0,0.007204817797625137,3.07961114118267,0.0027389756231170903
2022-07-12,-0.015545076484439764,0.001,1.0,-0.016545076484439765,3.06306606469823,-0.008740781207320358
2022-07-13,-0.08710419445407361,0.0,1.0,-0.08710419445407361,2.9759618702441566,-0.03348029760264526
2022-07-14,0.04909188267190696,0.0,1.0,0.04909188267190696,3.0250537529160635,0.008517462580185375
2022-07-15,0.0945465324759699,0.0,1.0,0.0945465324759699,3.1196002853920333,0.023817096010459782
2022-07-18,0.06631156178044485,0.0,1.0,0.06631156178044485,3.1859118471724783,0.017222931695026533
2022-07-19,-0.017044919754177622,0.0,1.0,-0.017044919754177622,3.168866927418301,-0.005462812160694996
2022-07-20,0.07464835777859907,0.0,1.0,0.07464835777859907,3.2435152851969,0.019173689058715082
2022-07-21,0.08983089951997139,0.0,1.0,0.08983089951997139,3.3333461847168713,0.01596759615706489
2022-07-22,0.028402842981733196,0.0,1.0,0.028402842981733196,3.3617490276986044,0.009654036243821995
2022-07-25,-0.08660746466360109,0.0,1.0,-0.08660746466360109,3.275141563035003,-0.01439154129817588
2022-07-26,-0.031013908434133312,0.001,1.0,-0.03201390843413331,3.24312765460087,-0.011555526124097826
2022-07-27,0.013396307517089787,0.0,1.0,0.013396307517089787,3.2565239621179596,0.0017083710179883749
2022-07-28,0.08183593647563686,0.0,1.0,0.08183593647563686,3.3383598985935965,0.025247458533975253
2022-07-29,0.017316101152153138,0.0,1.0,0.017316101152153138,3.3556759997457495,0.015639779510094876
2022-08-01,0.035920996400927316,0.0,1.0,0.035920996400927316,3.391596996146677,0.007273953465966487
2022-08-02,-0.003619715782819339,0.0,1.0,-0.003619715782819339,3.3879772803638577,-0.0023274350390561915
2022-08-03,0.03379114930580283,0.0,1.0,0.03379114930580283,3.4217684296696604,0.010002556563978082
2022-08-04,0.08191307560104867,0.0,1.0,0.08191307560104867,3.503681505270709,0.021895269735801248
2022-08-05,-0.037173885801299246,0.0,1.0,-0.037173885801299246,3.46650761946941,-0.011703873424776412
2022-08-08,0.011193313931944632,0.0,1.0,0.011193313931944632,3.4777009334013544,0.010965255803753182
2022-08-09,-0.06510839663038981,0.001,1.0,-0.06610839663038981,3.4115925367709647,-0.012147881868046828
2022-08-10,0.02323194541648818,0.0,1.0,0.02323194541648818,3.434824482187453,0.018257677949618856
2022-08-11,0.053592548404191455,0.0,1.0,0.053592548404191455,3.4884170305916444,0.011445207800610202
2022-08-12,-0.016721733535308023,0.0,1.0,-0.016721733535308023,3.4716952970563364,-0.0064878695115822005
2022-08-15,0.04146208540481332,0.0,1.0,0.04146208540481332,3.5131573824611495,0.009948647198589677
2022-08-16,0.019315467574887175,0.0,1.0,0.019315467574887175,3.5324728500360365,0.007998907170177816
2022-08-17,-0.048918720344362635,0.0,1.0,-0.048918720344362635,3.4835541296916737,-0.008989474635226147
2022-08-18,-0.0157528393328887,0.0,1.0,-0.0157528393328887,3.467801290358785,-0.0019144862795149598
2022-08-19,-0.002536496563296957,0.0,1.0,-0.002536496563296957,3.4652647937954884,-0.006911460236268319
2022-08-22,-0.08859357537476437,0.0,1.0,-0.08859357537476437,3.376671218420724,-0.023515344758868073
2022-08-23,-0.047816414627495515,0.0005,0.0,-0.048316414627495516,3.3283548037932285,-0.013751962323390932
2022-08-24,0.0,0.0,0.0,0.0,3.3283548037932285,-0.0016235833439449676
2022-08-25,0.0,0.0,0.0,0.0,3.3283548037932285,0.010267529734383274
2022-08-26,0.0,0.0,0.0,0.0,3.3283548037932285,0.010889120348451797
2022-08-29,0.0,0.0,0.0,0.0,3.3283548037932285,-0.048894717122517695
2022-08-30,0.0,0.0,0.0,0.0,3.3283548037932285,0.004858512244763968
2022-08-31,0.0,0.0,0.0,0.0,3.3283548037932285,-0.006893172165958861
2022-09-01,0.0,0.0,0.0,0.0,3.3283548037932285,-0.02391526037040681
2022-09-02,0.0,0.0,0.0,0.0,3.3283548037932285,0.01894041520625489
2022-09-06,0.0,0.0,0.0,0.0,3.3283548037932285,-0.02209433088575763
2022-09-07,0.0,0.0,0.0,0.0,3.3283548037932285,-0.007170398430629832
2022-09-08,0.0,0.0,0.0,0.0,3.3283548037932285,0.011276146351434146
2022-09-09,0.0,0.0,0.0,0.0,3.3283548037932285,0.020144854303520088
2022-09-12,0.0,0.0,0.0,0.0,3.3283548037932285,0.01872337615163633
2022-09-13,0.0,0.0,0.0,0.0,3.3283548037932285,-0.021717990275526677
2022-09-14,0.0,0.0,0.0,0.0,3.3283548037932285,-0.022978793903247197
2022-09-15,0.0,0.0,0.0,0.0,3.3283548037932285,-0.0026961490851745706
2022-09-16,0.0,0.0,0.0,0.0,3.3283548037932285,-0.02159349814669964
2022-09-19,0.0,0.0,0.0,0.0,3.3283548037932285,-0.005630474072014446
2022-09-20,0.0,0.0,0.0,0.0,3.3283548037932285,0.008353722474659264
2022-09-21,0.0,0.0,0.0,0.0,3.3283548037932285,0.0038129571215639313
2022-09-22,0.0,0.0,0.0,0.0,3.3283548037932285,-0.026209468558997084
2022-09-23,0.0,0.0,0.0,0.0,3.3283548037932285,-0.015780141843971585
2022-09-26,0.0,0.0,0.0,0.0,3.3283548037932285,-0.009079445145019016
2022-09-27,0.0,0.0,0.0,0.0,3.3283548037932285,0.010107988219467012
2022-09-28,0.0,0.0,0.0,0.0,3.3283548037932285,-0.012058601202260655
2022-09-29,0.0,0.0,0.0,0.0,3.3283548037932285,0.005100925453618066
2022-09-30,0.0,0.0,0.0,0.0,3.3283548037932285,-0.017508881316609992
2022-10-03,0.0,0.0,0.0,0.0,3.3283548037932285,-0.007231671770652648
2022-10-04,0.0,0.0,0.0,0.0,3.3283548037932285,0.036867729587096276
2022-10-05,0.0,0.0,0.0,0.0,3.3283548037932285,-0.0025448940822252464
2022-10-06,0.0,0.0,0.0,0.0,3.3283548037932285,0.009630587897082155
2022-10-07,0.0,0.0,0.0,0.0,3.3283548037932285,-0.021141799544419082
2022-10-10,0.0,0.0,0.0,0.0,3.3283548037932285,-0.02079848738273571
2022-10-11,0.0,0.0,0.0,0.0,3.3283548037932285,-0.017081321945785488
2022-10-12,0.0,0.0,0.0,0.0,3.3283548037932285,-0.004911220249338877
2022-10-13,0.0,0.0,0.0,0.0,3.3283548037932285,-0.03128321943811685
2022-10-14,0.0,0.0,0.0,0.0,3.3283548037932285,0.06286251763599315
2022-10-17,0.0,0.0,0.0,0.0,3.3283548037932285,-0.016076696165191806
2022-10-18,0.0,0.0,0.0,0.0,3.3283548037932285,0.036313895967621024
2022-10-19,0.0,0.0,0.0,0.0,3.3283548037932285,-0.0238672115141213
2022-10-20,0.0,0.0,0.0,0.0,3.3283548037932285,-0.001296632460267566
2022-10-21,0.0,0.0,0.0,0.0,3.3283548037932285,-0.005935158394539508
2022-10-24,0.0,0.0005,1.0,-0.0005,3.3278548037932283,0.02877080379132768
2022-10-25,0.02949235572782081,0.0,1.0,0.02949235572782081,3.357347159521049,0.013493416518553625
2022-10-26,-0.01061813630490958,0.0,1.0,-0.01061813630490958,3.3467290232161395,-0.003400021473820014
2022-10-27,0.015094342161929404,0.0,1.0,0.015094342161929404,3.361823365378069,-0.005997270703152924
2022-10-28,-0.06015826873385012,0.0,1.0,-0.06015826873385012,3.3016650966442187,-0.01647458361935039
2022-10-31,0.07746554694229113,0.0,1.0,0.07746554694229113,3.37913064358651,0.02457480806670831
2022-11-01,0.019931632213608892,0.0,1.0,0.019931632213608892,3.3990622758001185,0.009232037860318343
2022-11-02,-0.04347006890611538,0.0,1.0,-0.04347006890611538,3.355592206894003,-0.02278903710545488
2022-11-03,-0.1499192506459948,0.0,1.0,-0.1499192506459948,3.205672956248008,-0.043878144539770236
2022-11-04,0.06600721360895778,0.0,1.0,0.06600721360895778,3.2716801698569657,0.009581384738222898
2022-11-07,0.032439707149009504,0.0005,0.0,0.031939707149009504,3.3036198770059753,0.0008285316160132616
2022-11-08,0.0,0.0,0.0,0.0,3.3036198770059753,0.012756349952963264
2022-11-09,0.0,0.0,0.0,0.0,3.3036198770059753,-0.005127442966485818
2022-11-10,0.0,0.0,0.0,0.0,3.3036198770059753,0.03081117418583812
2022-11-11,0.0,0.0005,1.0,-0.0005,3.303119877005975,0.02373102423825224
2022-11-14,0.04608482425008505,0.0,1.0,0.04608482425008505,3.34920470125606,0.011678935447338556
2022-11-15,0.08909736739754001,0.0,1.0,0.08909736739754001,3.4383020686536003,0.022213671027775606
2022-11-16,-0.0840776775730468,0.0,1.0,-0.0840776775730468,3.3542243910805536,-0.01649498648232428
2022-11-17,-0.1005721595605037,0.0,1.0,-0.1005721595605037,3.25365223152005,-0.022652145168586157
2022-11-18,0.10449584325927364,0.0,1.0,0.10449584325927364,3.3581480747793235,0.02495727712902296
2022-11-21,-0.06171301473090571,0.0,1.0,-0.06171301473090571,3.296435060048418,-0.015596234672965448
2022-11-22,-0.0013883149399582205,0.0,1.0,-0.0013883149399582205,3.29504674510846,-0.0026817219477769383
2022-11-23,0.04777638679566339,0.0,1.0,0.04777638679566339,3.3428231319041233,0.011781771865270407
2022-11-25,0.015894671593174238,0.0,1.0,0.015894671593174238,3.3587178034972975,0.004266181767318189
2022-11-28,-0.043945075113034214,0.001,1.0,-0.044945075113034215,3.3137727283842633,-0.007973815244263438
2022-11-29,-0.027594934829725977,0.0,1.0,-0.027594934829725977,3.286177793554537,-0.006879606879606759
2022-11-30,-0.015202562275466836,0.0,1.0,-0.015202562275466836,3.27097523127907,-0.007422068283028271
2022-12-01,0.1563592975267955,0.0,1.0,0.1563592975267955,3.4273345288058654,0.04575559037174193
2022-12-02,-0.09362400166265841,0.0,1.0,-0.09362400166265841,3.333710527143207,-0.017535496612073875
2022-12-05,0.02263219619369968,0.0,1.0,0.02263219619369968,3.3563427233369065,0.006376932141124225
2022-12-06,-0.02657284522431049,0.0,1.0,-0.02657284522431049,3.329769878112596,-0.0099869136992905
2022-12-07,-0.08294884356165197,0.0,1.0,-0.08294884356165197,3.246821034550944,-0.024384304995130113
2022-12-08,0.02683783141830711,0.0,1.0,0.02683783141830711,3.273658865969251,0.00513423895603804
2022-12-09,0.0284286021792702,0.0,1.0,0.0284286021792702,3.3020874681485215,0.003192508247312986
2022-12-12,-0.01731699622932808,0.0005,0.0,-0.01781699622932808,3.2842704719191933,-0.002086206286906367
2022-12-13,0.0,0.0,0.0,0.0,3.2842704719191933,0.05113032386081762
2022-12-14,0.0,0.0005,1.0,-0.0005,3.283770471919193,-0.02899039271869197
2022-12-15,-0.07797537710839919,0.0,1.0,-0.07797537710839919,3.205795094810794,-0.019857663600069575
2022-12-16,-0.06917301648743707,0.0,1.0,-0.06917301648743707,3.136622078323357,-0.021712180781355173
2022-12-19,-0.01151162488565657,0.0,1.0,-0.01151162488565657,3.1251104534377006,-0.008435916002896393
2022-12-20,-0.05695084682413468,0.0,1.0,-0.05695084682413468,3.0681596066135657,-0.019388761091028606
2022-12-21,0.02328957914296244,0.0,1.0,0.02328957914296244,3.0914491857565283,0.0075960679177837775
2022-12-22,-0.007381271065670648,0.0,1.0,-0.007381271065670648,3.084067914690858,-0.0008130081300814496
2022-12-23,-0.058111436606280875,0.0,1.0,-0.058111436606280875,3.025956478084577,-0.018159627191360217
2022-12-27,0.005255466331237128,0.0,1.0,0.005255466331237128,3.0312119444158143,0.004783968056654153
2022-12-28,-0.03374121646065424,0.0,1.0,-0.03374121646065424,2.99747072795516,-0.01338381944965128
2022-12-29,0.004861552032331315,0.0005,0.0,0.004361552032331314,3.0018322799874912,-0.0007979632936886416
2022-12-30,0.0,0.0,0.0,0.0,3.0018322799874912,0.002509887435351521
2023-01-03,0.0,0.0,0.0,0.0,3.0018322799874912,0.019080494651392055
2023-01-04,0.0,0.0,0.0,0.0,3.0018322799874912,-0.0074818537130094676
2023-01-05,0.0,0.0,0.0,0.0,3.0018322799874912,-0.009750975097509662
2023-01-06,0.0,0.0,0.0,0.0,3.0018322799874912,-0.002613240418118501
2023-01-09,0.0,0.0,0.0,0.0,3.0018322799874912,0.028403265616100182
2023-01-10,0.0,0.0,0.0,0.0,3.0018322799874912,-0.004947753203116245
2023-01-11,0.0,0.0005,1.0,-0.0005,3.001332279987491,0.016438457827748776
2023-01-12,0.04766823903051513,0.0,1.0,0.04766823903051513,3.0490005190180063,0.015332943925233655
2023-01-13,-0.018648919307340233,0.0,1.0,-0.018648919307340233,3.030351599710666,-0.005824823817057401
2023-01-17,0.04530877749976453,0.0,1.0,0.04530877749976453,3.0756603772104305,0.015443037974683493
2023-01-18,0.0377038097496326,0.0,1.0,0.0377038097496326,3.1133641869600632,0.008334223741852886
2023-01-19,-0.08088872120343271,0.0,1.0,-0.08088872120343271,3.0324754657566304,-0.0243368302073399
2023-01-20,-0.012606055938605535,0.0,1.0,-0.012606055938605535,3.0198694098180248,0.0020635725146622708
2023-01-23,0.08169083582702416,0.0,1.0,0.08169083582702416,3.101560245645049,0.024386719173380644
2023-01-24,0.067733612533787,0.0,1.0,0.067733612533787,3.1692938581788357,0.013296183959935037
2023-01-25,-0.04561341219989713,0.0,1.0,-0.04561341219989713,3.1236804459789385,-0.012321186175211496
2023-01-26,0.09888405735986178,0.001,1.0,0.09788405735986178,3.2215645033388003,0.026253656129964664
2023-01-27,-0.013999202118014002,0.0,1.0,-0.013999202118014002,3.2075653012207863,0.0026783874733877777
2023-01-30,-0.0004945549500005222,0.0,1.0,-0.0004945549500005222,3.207070746270786,0.0031849315068492867
2023-01-31,-0.036595417783536525,0.0,1.0,-0.036595417783536525,3.1704753284872496,-0.008944116341788155
2023-02-01,0.05600010550505597,0.0,1.0,0.05600010550505597,3.2264754339923054,0.014122834211704793
2023-02-02,0.15633706227765629,0.0,1.0,0.15633706227765629,3.3828124962699615,0.04469956862878277
2023-02-03,-0.034966683481534915,0.0,1.0,-0.034966683481534915,3.3478458127884267,-0.008550898982345512
2023-02-06,-0.03052887706353051,0.0,1.0,-0.03052887706353051,3.317316935724896,-0.0046894471043483765
2023-02-07,0.003330003330003259,0.0,1.0,0.003330003330003259,3.3206469390548996,-0.00016473921781823275
2023-02-08,0.06441578223756436,0.0,1.0,0.06441578223756436,3.385062721292464,0.01674026230804726
2023-02-09,0.0,0.001,1.0,-0.001,3.384062721292464,0.0009723212549423987
2023-02-10,-0.08825786646201064,0.0,1.0,-0.08825786646201064,3.2958048548304535,-0.03030695505763492
2023-02-13,0.014581734458940869,0.0,1.0,0.014581734458940869,3.3103865892893944,0.0055095498864699
2023-02-14,0.015349194167306164,0.0,1.0,0.015349194167306164,3.3257357834567007,0.00584465181151006
2023-02-15,0.018419033000767478,0.0,1.0,0.018419033000767478,3.3441548164574684,0.006636072501568169
2023-02-16,-0.006907137375287788,0.0,1.0,-0.006907137375287788,3.337247679082181,-0.0017054772056411815
2023-02-17,-0.030698388334612463,0.0,1.0,-0.030698388334612463,3.306549290747568,-0.01087456468887571
2023-02-21,-0.03607060629316953,0.0,1.0,-0.03607060629316953,3.2704786844543987,-0.012654864317268366
2023-02-22,-0.02455871066768997,0.0,1.0,-0.02455871066768997,3.245919973786709,-0.008881114176142013
2023-02-23,0.02762854950115115,0.0,1.0,0.02762854950115115,3.27354852328786,0.011370579050981044
2023-02-24,-0.054489639293937006,0.0005,0.0,-0.05498963929393701,3.218558883993923,-0.02084102426418777
2023-02-27,0.0,0.0,0.0,0.0,3.218558883993923,0.011344941047436219
2023-02-28,0.0,0.0,0.0,0.0,3.218558883993923,-0.005998576608940209
2023-03-01,0.0,0.0,0.0,0.0,3.218558883993923,-0.00013637913399255908
2023-03-02,0.0,0.0,0.0,0.0,3.218558883993923,-0.01568573961672226
2023-03-03,0.0,0.0,0.0,0.0,3.218558883993923,0.023314626203838396
2023-03-06,0.0,0.0,0.0,0.0,3.218558883993923,0.018788719997291814
2023-03-07,0.0,0.0005,1.0,-0.0005,3.218058883993923,-0.0028909417159567186
2023-03-08,-0.027840338172620438,0.0,1.0,-0.027840338172620438,3.1902185458213026,-0.010997433932082523
2023-03-09,0.03693565711513809,0.0,1.0,0.03693565711513809,3.2271542029364406,0.005256596017117587
2023-03-10,-0.04858979245348395,0.0,1.0,-0.04858979245348395,3.1785644104829567,-0.01843596017832605
2023-03-13,-0.07787845189009393,0.0,1.0,-0.07787845189009393,3.100685958592863,-0.020831198989174515
2023-03-14,0.0726586050379405,0.0,1.0,0.0726586050379405,3.173344563630803,0.026436019949080958
2023-03-15,-0.003993278126191086,0.0,1.0,-0.003993278126191086,3.169351285504612,0.001359111141313596
2023-03-16,0.010905720522504431,0.0,1.0,0.010905720522504431,3.1802570060271167,0.011163516677411778
2023-03-17,0.10988011503412909,0.0,1.0,0.10988011503412909,3.290137121061246,0.02926174496644296
2023-03-20,-0.022131942760126054,0.0,1.0,-0.022131942760126054,3.26800517830112,-0.008020344287950065
2023-03-21,0.04731298291812482,0.001,1.0,0.04631298291812482,3.314318161219245,0.012094918819430811
2023-03-22,-0.0018012822120247896,0.0,1.0,-0.0018012822120247896,3.3125168790072204,0.007566409040722144
2023-03-23,0.0076244528587867625,0.0,1.0,0.0076244528587867625,3.320141331866007,-0.0011280497631094288
2023-03-24,-0.0008079997548138167,0.0,1.0,-0.0008079997548138167,3.3193333321111935,-0.0019359834796076614
2023-03-27,0.0006693860037725128,0.0,1.0,0.0006693860037725128,3.320002718114966,0.0073710073710073765
2023-03-28,-0.042748759441755824,0.0,1.0,-0.042748759441755824,3.27725395867321,-0.011007702182284973
2023-03-29,0.026058688644260034,0.0,1.0,0.026058688644260034,3.3033126473174703,0.008793847551676004
2023-03-30,0.06267222236153254,0.0,1.0,0.06267222236153254,3.3659848696790027,0.014024704065877636
2023-03-31,-0.0023243923981154982,0.0,1.0,-0.0023243923981154982,3.363660477280887,0.0021253648014212256
2023-04-03,0.024010130645201817,0.0,1.0,0.024010130645201817,3.387670607926089,0.009053211357665125
2023-04-04,0.008008949293836064,0.001,1.0,0.007008949293836064,3.394679557219925,0.0057408162625092185
2023-04-05,-0.057401227934069314,0.0,1.0,-0.057401227934069314,3.3372783292858554,-0.007797878976918304
2023-04-06,-0.04049467905835073,0.0,1.0,-0.04049467905835073,3.2967836502275047,-0.012134548883998786
2023-04-10,-0.0032393438088212517,0.0,1.0,-0.0032393438088212517,3.2935443064186836,0.0026412932790222943
2023-04-11,0.0547538726662257,0.0,1.0,0.0547538726662257,3.3482981790849093,0.008759958104548105
2023-04-12,-0.001991935124891851,0.0,1.0,-0.001991935124891851,3.3463062439600173,-3.146336091619517e-05
2023-04-13,-0.04978093045734344,0.0,1.0,-0.04978093045734344,3.296525313502674,-0.009407840916241916
2023-04-14,0.01871371362618915,0.0,1.0,0.01871371362618915,3.315239027128863,0.008766635962265346
2023-04-17,-0.012268212341659483,0.0,1.0,-0.012268212341659483,3.3029708147872037,0.0017632797002424816
2023-04-18,0.03846959734445746,0.0,1.0,0.03846959734445746,3.341440412131661,0.008926606946409121
2023-04-19,-0.04419433916670909,0.001,1.0,-0.04519433916670909,3.2962460729649523,-0.014268357269696774
2023-04-20,-0.007440476190476164,0.0,1.0,-0.007440476190476164,3.288805596774476,-0.0022755285863279573
2023-04-21,0.0007440476190476032,0.0,1.0,0.0007440476190476032,3.2895496443935235,0.0006968861858152042
2023-04-24,0.004464285714285751,0.0,1.0,0.004464285714285751,3.294013930107809,0.0014877655028329162
2023-04-25,-0.02008928571428568,0.0,1.0,-0.02008928571428568,3.2739246443935235,-0.0066059801504518845
2023-04-26,-0.009672619047619105,0.0,1.0,-0.009672619047619105,3.2642520253459044,-0.0027045085748831355
2023-04-27,0.02008928571428568,0.0,1.0,0.02008928571428568,3.28434131106019,0.007210311383358814
2023-04-28,0.040178571428571494,0.0,1.0,0.040178571428571494,3.3245198824887616,0.01396895787139707
2023-05-01,0.018601190476190476,0.0,1.0,0.018601190476190476,3.3431210729649523,0.006185373777763736
2023-05-02,0.0,0.0,1.0,0.0,3.3431210729649523,9.314166847773642e-05
2023-05-03,-0.02380952380952383,0.001,1.0,-0.02480952380952383,3.3183115491554287,-0.0073575065193095535
2023-05-04,-0.035045583311872214,0.0,1.0,-0.035045583311872214,3.2832659658435563,-0.0084128225175919
2023-05-05,0.010431109966520701,0.0,1.0,0.010431109966520701,3.293697075810077,0.004447107802939554
2023-05-08,0.04756322431109973,0.0,1.0,0.04756322431109973,3.341260300121177,0.012403052092818667
2023-05-09,-0.015992016482101506,0.0,1.0,-0.015992016482101506,3.3252682836390752,-0.0013026487190621605
2023-05-10,0.02079551892866341,0.0,1.0,0.02079551892866341,3.3460638025677385,0.0065838509316771265
2023-05-11,0.005138552665464803,0.0,1.0,0.005138552665464803,3.351202355233203,0.004874737751449976
2023-05-12,-0.00022070563996908887,0.0,1.0,-0.00022070563996908887,3.350981649593234,0.0031931225053731804
2023-05-15,-0.008651043007983526,0.0,1.0,-0.008651043007983526,3.3423306065852505,-0.0037644610393585687
2023-05-16,0.03334329126963693,0.0,1.0,0.03334329126963693,3.3756738978548873,0.0016896562317594288
2023-05-17,0.028250836981715138,0.001,1.0,0.027250836981715137,3.4029247348366023,0.006685886033245492
2023-05-18,0.041986167493609956,0.0,1.0,0.041986167493609956,3.4449109023302125,0.00999268827687061
2023-05-19,0.0681148664477802,0.0,1.0,0.0681148664477802,3.5130257687779927,0.018007963320463505
2023-05-22,-0.027730136751598744,0.0,1.0,-0.027730136751598744,3.4852956320263937,-0.0036741829387537672
2023-05-23,0.007014157689174115,0.0,1.0,0.007014157689174115,3.4923097897155677,-0.0010706319702602496
2023-05-24,-0.06396354106569033,0.0,1.0,-0.06396354106569033,3.4283462486498775,-0.013456786447944236
2023-05-25,0.10850309273303888,0.0,1.0,0.10850309273303888,3.5368493413829163,0.023448109364154757
2023-05-26,0.0688272964722913,0.0,1.0,0.0688272964722913,3.6056766378552076,0.004776788346995353
2023-05-30,0.20519645585731117,0.0,1.0,0.20519645585731117,3.8108730937125186,0.03506867003169378
2023-05-31,-0.11504302552859688,0.0,1.0,-0.11504302552859688,3.6958300681839216,-0.012304726262368448
2023-06-01,-0.01148848048728458,0.001,1.0,-0.01248848048728458,3.683341587696637,-0.0018371271923529608
2023-06-02,0.0543603239387244,0.0,1.0,0.0543603239387244,3.7377019116353614,0.017456072239956377
2023-06-05,-0.019002293172264605,0.0,1.0,-0.019002293172264605,3.7186996184630967,0.0017806670435274174
2023-06-06,-0.028796518752231173,0.0,1.0,-0.028796518752231173,3.6899030997108655,-0.0004232147391587393
2023-06-07,0.040698179291978914,0.0,1.0,0.040698179291978914,3.7306012790028444,0.002399232245681393
2023-06-08,-0.03601373973620469,0.0,1.0,-0.03601373973620469,3.6945875392666396,-0.016923380170641766
2023-06-09,0.05275582700540005,0.0,1.0,0.05275582700540005,3.7473433662720397,0.015782538955086967
2023-06-12,0.010865632326974756,0.0,1.0,0.010865632326974756,3.7582089985990144,0.004398951019372266
2023-06-13,0.09195242873637528,0.0,1.0,0.09195242873637528,3.8501614273353897,0.01993318172885261
2023-06-14,-0.011173184357541908,0.0,1.0,-0.011173184357541908,3.8389882429778477,-5.505243744674537e-05
2023-06-15,0.015711285430798045,0.001,1.0,0.014711285430798044,3.853699528408646,0.0036887163817547197
2023-06-16,0.05352499987784677,0.0,1.0,0.05352499987784677,3.9072245282864926,0.02224294451605835
2023-06-20,-0.0637607555909529,0.0,1.0,-0.0637607555909529,3.84346377269554,-0.01816376904915229
2023-06-21,-0.016166050200086914,0.0,1.0,-0.016166050200086914,3.827297722495453,-0.0005738488864598379
2023-06-22,-0.05833969344428103,0.0,1.0,-0.05833969344428103,3.7689580290511717,-0.0139716738666813
2023-06-23,-0.0003685118317607993,0.0,1.0,-0.0003685118317607993,3.768589517219411,0.004381221750825004
2023-06-26,0.006177923492995685,0.0,1.0,0.006177923492995685,3.7747674407124063,-0.000579774164158886
2023-06-27,-0.01215776332569464,0.0,1.0,-0.01215776332569464,3.7626096773867115,-0.007596685082872923
2023-06-28,0.0278502499254865,0.0,1.0,0.0278502499254865,3.790459927312198,0.0075991649269311345
2023-06-29,0.026613863901769258,0.0,1.0,0.026613863901769258,3.8170737912139674,0.006243438864025563
2023-06-30,0.0220170916784341,0.001,1.0,0.0210170916784341,3.8380908828924016,0.00908741489128051
2023-07-03,0.028083028083028136,0.0,1.0,0.028083028083028136,3.8661739109754296,0.006856210039450472
2023-07-05,-0.010989010989011117,0.0,1.0,-0.010989010989011117,3.8551848999864187,-0.0037155132812710656
2023-07-06,-0.09727309727309714,0.0,1.0,-0.09727309727309714,3.7579118027133216,-0.0059263076526668845
2023-07-07,0.019536019536019408,0.0,1.0,0.019536019536019408,3.777447822249341,0.0019644757305394833
2023-07-10,0.003256003256003331,0.0,1.0,0.003256003256003331,3.7807038255053445,-0.0034583231217494292
2023-07-11,0.06186406186406185,0.0,1.0,0.06186406186406185,3.8425678873694062,0.002268007432506325
2023-07-12,0.030932030932030993,0.0,1.0,0.030932030932030993,3.8734999183014374,0.015131274026009223
2023-07-13,0.043549043549043556,0.0,1.0,0.043549043549043556,3.917048961850481,0.00996401138744174
2023-07-14,0.03378103378103371,0.0,1.0,0.03378103378103371,3.9508299956315147,0.009400345698710177
2023-07-17,-0.04314611314611309,0.001,1.0,-0.04414611314611309,3.9066838824854018,0.0005664080508978042
2023-07-18,0.03632596244062078,0.0,1.0,0.03632596244062078,3.9430098449260225,0.005687203791469031
2023-07-19,0.031978986292906436,0.0,1.0,0.031978986292906436,3.974988831218929,0.012723845428840752
2023-07-20,-0.06768899442222817,0.0,1.0,-0.06768899442222817,3.907299836796701,-0.010883615118142731
2023-07-21,-0.02929371698622118,0.0,1.0,-0.02929371698622118,3.87800611981048,-0.008964742165651685
2023-07-24,-0.01206519638474831,0.0,1.0,-0.01206519638474831,3.8659409234257316,-0.006751410939395575
2023-07-25,0.008739556993374075,0.0,1.0,0.008739556993374075,3.8746804804191055,0.0008762147522700658
2023-07-26,0.0006171728656658815,0.0,1.0,0.0006171728656658815,3.8752976532847714,0.0020427112349119536
2023-07-27,0.05457190890920775,0.0,1.0,0.05457190890920775,3.929869562193979,0.01416393095414592
2023-07-28,0.0095764288521871,0.0,1.0,0.0095764288521871,3.939445991046166,-0.006082439240869819
2023-07-31,0.020685646133881335,0.001,1.0,0.019685646133881334,3.9591316371800476,0.008010715974155591
2023-08-01,-0.017374542807819592,0.0,1.0,-0.017374542807819592,3.9417570943722278,-0.003856275567367673
2023-08-02,-0.01757680937128104,0.0,1.0,-0.01757680937128104,3.9241802850009466,-0.007977819047369938
2023-08-03,-0.0848466385467063,0.0,1.0,-0.0848466385467063,3.8393336464542402,-0.01930074355323519
2023-08-04,0.0233917483301772,0.0,1.0,0.0233917483301772,3.8627253947844173,0.010243587675431431
2023-08-07,0.004000646633028965,0.0,1.0,0.004000646633028965,3.8667260414174462,-0.004976713240186337
2023-08-08,-0.021718004142047304,0.0,1.0,-0.021718004142047304,3.8450080372753987,-0.003316572162191056
2023-08-09,-0.003300742326037612,0.0,1.0,-0.003300742326037612,3.841707294949361,-0.0009392443108628967
2023-08-10,-0.018514597756127564,0.0,1.0,-0.018514597756127564,3.8231926971932335,-0.003545623035805412
2023-08-11,-0.048258554635686124,0.0,1.0,-0.048258554635686124,3.7749341425575476,-0.01342426611316283
2023-08-14,-0.021003871428522673,0.0005,0.0,-0.021503871428522673,3.753430271129025,-0.0015300964507226622
2023-08-15,0.0,0.0,0.0,0.0,3.753430271129025,0.010754453657335183
2023-08-16,0.0,0.0,0.0,0.0,3.753430271129025,-0.009448776261641756
2023-08-17,0.0,0.0,0.0,0.0,3.753430271129025,-0.005220433487304277
2023-08-18,0.0,0.0,0.0,0.0,3.753430271129025,-0.02390372568414112
2023-08-21,0.0,0.0,0.0,0.0,3.753430271129025,0.012272701683274212
2023-08-22,0.0,0.0,0.0,0.0,3.753430271129025,0.01927034091541069
2023-08-23,0.0,0.0,0.0,0.0,3.753430271129025,-0.005374437320965875
2023-08-24,0.0,0.0,0.0,0.0,3.753430271129025,0.022107630698337877
2023-08-25,0.0,0.0,0.0,0.0,3.753430271129025,-0.0283651781880635
2023-08-28,0.0,0.0,0.0,0.0,3.753430271129025,0.013588532604192682
2023-08-29,0.0,0.0,0.0,0.0,3.753430271129025,-0.0011716940516091068
2023-08-30,0.0,0.0005,1.0,-0.0005,3.7529302711290247,0.022697512003492015
2023-08-31,0.012693134420883129,0.0,1.0,0.012693134420883129,3.7656234055499076,0.005495091762697468
2023-09-01,0.039979162034135846,0.0,1.0,0.039979162034135846,3.8056025675840432,0.00917917971029869
2023-09-05,-0.02805039519699211,0.0,1.0,-0.02805039519699211,3.7775521723870513,-0.009542586750788673
2023-09-06,0.004548302977622416,0.0,1.0,0.004548302977622416,3.7821004753646736,0.0013536109562863885
2023-09-07,-0.072805696496796,0.0,1.0,-0.072805696496796,3.7092947788678776,-0.01873939779474132
2023-09-08,0.003943968276428977,0.0,1.0,0.003943968276428977,3.7132387471443065,0.004862105291591368
2023-09-11,0.02558125627497354,0.0,1.0,0.02558125627497354,3.73882000341928,0.009811564205263412
2023-09-12,-0.028981112750746184,0.0,1.0,-0.028981112750746184,3.709838890668534,-0.0010381728158441739
2023-09-13,-0.011787685217004672,0.0,1.0,-0.011787685217004672,3.6980512054515295,-0.005969035627681474
2023-09-14,0.03247909465186955,0.0005,0.0,0.03197909465186955,3.730030300103399,0.00793501863120949
2023-09-15,0.0,0.0005,1.0,-0.0005,3.729530300103399,-0.00021277161626631624
2023-09-18,-0.04872165943077672,0.0,1.0,-0.04872165943077672,3.6808086406726224,-0.017530791944880497
2023-09-19,-0.0009647853352628833,0.0,1.0,-0.0009647853352628833,3.6798438553373596,0.0
2023-09-20,0.00916546068499765,0.0,1.0,0.00916546068499765,3.689009316022357,0.004413516733456024
2023-09-21,-0.07814761215629526,0.0,1.0,-0.07814761215629526,3.6108617038660618,-0.027362178191130848
2023-09-22,-0.009647853352629005,0.0,1.0,-0.009647853352629005,3.6012138505134326,-0.0032427937915743277
2023-09-25,-0.019778099372889536,0.0,1.0,-0.019778099372889536,3.581435751140543,-0.007507716263937869
2023-09-26,0.0,0.0,1.0,0.0,3.581435751140543,0.00016810018771185042
2023-09-27,-0.012542209358417827,0.0,1.0,-0.012542209358417827,3.568893541782125,-0.004509930250147121
2023-09-28,-0.009647853352629005,0.0,1.0,-0.009647853352629005,3.559245688429496,-0.0035736394844954056
2023-09-29,0.05258080077182826,0.0005,0.0,0.05208080077182826,3.611326489201324,0.02098218067832036
2023-10-02,0.0,0.0,0.0,0.0,3.611326489201324,-0.008297837030480704
2023-10-03,0.0,0.0,0.0,0.0,3.611326489201324,0.0006693813800411341
2023-10-04,0.0,0.0,0.0,0.0,3.611326489201324,-0.008389542337922884
2023-10-05,0.0,0.0,0.0,0.0,3.611326489201324,0.011158894791578833
2023-10-06,0.0,0.0,0.0,0.0,3.611326489201324,-0.011369322288319439
2023-10-09,0.0,0.0005,1.0,-0.0005,3.6108264892013238,0.018698158301701184
2023-10-10,0.036576413679010294,0.0,1.0,0.036576413679010294,3.647402902880334,0.012696660226331646
2023-10-11,0.032686290082656784,0.0,1.0,0.032686290082656784,3.680089192962991,0.008285636413191577
2023-10-12,0.0169018714515814,0.0,1.0,0.0169018714515814,3.6969910644145725,0.0048386224793210975
2023-10-13,-0.0017474475671765159,0.0,1.0,-0.0017474475671765159,3.695243616847396,-0.003120544481209575
2023-10-16,-0.06168007079996039,0.0,1.0,-0.06168007079996039,3.6335635460474354,-0.010659254661737338
2023-10-17,-0.01733063795424887,0.0,1.0,-0.01733063795424887,3.6162329080931865,-0.0022093721019038615
2023-10-18,-0.007428097765701545,0.0,1.0,-0.007428097765701545,3.608804810327485,-0.00038271233700548635
2023-10-19,0.005953725021026338,0.0,1.0,0.005953725021026338,3.614758535348511,-0.00235184729400828
2023-10-20,-0.05786063729794405,0.0,1.0,-0.05786063729794405,3.556897898050567,-0.01466516816973229
2023-10-23,-0.053444747089924506,0.0005,0.0,-0.05394474708992451,3.5029531509606424,-0.01724809436376784
2023-10-24,0.0,0.0,0.0,0.0,3.5029531509606424,0.012030798845043211
2023-10-25,0.0,0.0,0.0,0.0,3.5029531509606424,-0.0022656708903247003
2023-10-26,0.0,0.0,0.0,0.0,3.5029531509606424,-0.021250350434538823
2023-10-27,0.0,0.0,0.0,0.0,3.5029531509606424,-0.007705087076076977
2023-10-30,0.0,0.0,0.0,0.0,3.5029531509606424,0.0040412204485753556
2023-10-31,0.0,0.0,0.0,0.0,3.5029531509606424,0.004024954719259455
2023-11-01,0.0,0.0,0.0,0.0,3.5029531509606424,0.007129971651919975
2023-11-02,0.0,0.0,0.0,0.0,3.5029531509606424,0.02791993631297629
2023-11-03,0.0,0.0005,1.0,-0.0005,3.5024531509606422,0.008878685622614402
2023-11-06,0.039406582858558234,0.0,1.0,0.039406582858558234,3.5418597338192006,0.010253598355037807
2023-11-07,-0.0008816881347535176,0.0,1.0,-0.0008816881347535176,3.5409780456844473,0.004830524573258277
2023-11-08,0.025648687143918797,0.0,1.0,0.025648687143918797,3.5666267328283663,0.007589056634347946
2023-11-09,0.012702811493683406,0.0,1.0,0.012702811493683406,3.5793295443220496,0.0015010185483006477
2023-11-10,-0.007333725538766496,0.0,1.0,-0.007333725538766496,3.571995818783283,-0.004870998822395833
2023-11-13,0.05026551275699778,0.0,1.0,0.05026551275699778,3.622261331540281,0.013366682803507057
2023-11-14,0.07001795888035675,0.0,1.0,0.07001795888035675,3.692279290420638,0.01836566787865901
2023-11-15,0.046781335149863705,0.0,1.0,0.046781335149863705,3.7390606255705015,0.009225717338615214
2023-11-16,-0.01853480307158776,0.0,1.0,-0.01853480307158776,3.7205258224989137,-0.006223369916074972
2023-11-17,0.004475786475105277,0.001,1.0,0.003475786475105277,3.724001608974019,0.0009614385199043785
2023-11-20,0.01706109804781163,0.0,1.0,0.01706109804781163,3.7410627070218307,0.0021806287479557707
2023-11-21,0.021641728772692014,0.0,1.0,0.021641728772692014,3.762704435794523,0.007667400595777751
2023-11-22,-0.0019686281542886713,0.0,1.0,-0.0019686281542886713,3.760735807640234,0.00401017968689743
2023-11-24,-0.009516835050382305,0.0,1.0,-0.009516835050382305,3.751218972589852,-0.0023555316588576014
2023-11-27,-0.0070370568718490034,0.0,1.0,-0.0070370568718490034,3.744181915718003,-0.0016424996791992719
2023-11-28,-0.008785138061362096,0.0,1.0,-0.008785138061362096,3.735396777656641,-0.0015423768026527895
2023-11-29,0.03825521923094814,0.0,1.0,0.03825521923094814,3.773651996887589,0.011019283746556363
2023-11-30,-0.011285698510119718,0.0,1.0,-0.011285698510119718,3.7623662983774695,-0.006646464132012531
2023-12-01,-0.03314010720762008,0.0,1.0,-0.03314010720762008,3.7292261911698494,-0.005973133716160706
2023-12-04,-0.007205872340566834,0.001,1.0,-0.008205872340566835,3.7210203188292827,-0.004281108961960101
2023-12-05,-0.01397949673811746,0.0,1.0,-0.01397949673811746,3.7070408220911655,-0.004403118443886078
2023-12-06,0.045666356011183615,0.0,1.0,0.045666356011183615,3.752707178102349,0.015296964020916182
2023-12-07,-0.01863932898415667,0.0,1.0,-0.01863932898415667,3.7340678491181922,-0.00563712301739816
2023-12-08,0.004193849021435221,0.0,1.0,0.004193849021435221,3.7382616981396275,0.0015461128146985192
2023-12-11,0.0237651444547997,0.0,1.0,0.0237651444547997,3.762026842594427,0.007898731571770456
2023-12-12,0.03028890959925436,0.0,1.0,0.03028890959925436,3.7923157521936814,0.009751365701740955
2023-12-13,0.032618825722274127,0.0,1.0,0.032618825722274127,3.8249345779159554,0.01026392961876832
2023-12-14,0.04380242311276783,0.0,1.0,0.04380242311276783,3.868737001028723,0.013412742104999875
2023-12-15,-0.007455731593662635,0.0,1.0,-0.007455731593662635,3.8612812694350604,-0.001975406192898488
2023-12-18,0.013047530288909651,0.001,1.0,0.01204753028890965,3.87332879972397,0.001855608887129545
2023-12-19,0.005529840287693702,0.0,1.0,0.005529840287693702,3.878858640011664,0.00644555849159123
2023-12-20,-0.0015209027447247666,0.0,1.0,-0.0015209027447247666,3.877337737266939,0.0019875349658928787
2023-12-21,-0.013221151303612007,0.0,1.0,-0.013221151303612007,3.864116585963327,-0.0031590547324599205
2023-12-22,0.021305000264424393,0.0,1.0,0.021305000264424393,3.8854215862277512,0.004765882179531333
2023-12-26,0.005476029932836186,0.0,1.0,0.005476029932836186,3.8908976161605873,0.0006112469437653534
2023-12-27,0.03394157544026657,0.0,1.0,0.03394157544026657,3.924839191600854,0.004153940134392187
2023-12-28,0.006147403352900777,0.0,1.0,0.006147403352900777,3.9309865949537546,0.004185424017520534
2023-12-29,-0.012326273203236574,0.0,1.0,-0.012326273203236574,3.918660321750518,-0.0033683088181841736
2024-01-02,-0.057707705325506425,0.0,1.0,-0.057707705325506425,3.860952616425011,-0.013226998638397158
2024-01-03,-0.07601234861706067,0.0005,0.0,-0.07651234861706067,3.7844402678079505,-0.014562389118864538
2024-01-04,0.0,0.0,0.0,0.0,3.7844402678079505,-0.008726527142249862
2024-01-05,0.0,0.0,0.0,0.0,3.7844402678079505,2.5224498032550002e-05
2024-01-08,0.0,0.0,0.0,0.0,3.7844402678079505,0.003884474713078623
2024-01-09,0.0,0.0,0.0,0.0,3.7844402678079505,0.009849493705871959
2024-01-10,0.0,0.0005,1.0,-0.0005,3.7839402678079503,0.010350575999601874
2024-01-11,0.006204760871590169,0.0,1.0,0.006204760871590169,3.7901450286795404,0.009160982096682924
2024-01-12,0.007997854762234686,0.0,1.0,0.007997854762234686,3.798142883441775,0.0014885673149660494
2024-01-16,-0.01564037079614047,0.0,1.0,-0.01564037079614047,3.782502512645635,-0.0050925925925925375
2024-01-17,-0.004292605433012012,0.0,1.0,-0.004292605433012012,3.7782099072126227,-0.005241115818863107
2024-01-18,0.056392682166298246,0.0,1.0,0.056392682166298246,3.834602589378921,0.010709801314720435
2024-01-19,0.04725284469773562,0.0,1.0,0.04725284469773562,3.8818554340766567,0.011448894085550165
2024-01-22,0.08843028460040755,0.0,1.0,0.08843028460040755,3.970285718677064,0.019724483406386994
2024-01-23,-0.011922839029355203,0.0,1.0,-0.011922839029355203,3.958362879647709,-0.0023145414609953008
2024-01-24,0.05237011286779161,0.0,1.0,0.05237011286779161,4.010732992515501,0.011859953128328993
2024-01-25,0.04494946167425096,0.001,1.0,0.043949461674250956,4.054682454189752,0.002152348867677345
2024-01-26,-0.07240431166741093,0.0,1.0,-0.07240431166741093,3.9822781425223406,-0.009151181249416385
2024-01-29,-0.00862519177458365,0.0,1.0,-0.00862519177458365,3.973652950747757,-0.0004005277542173946
2024-01-30,0.013607882322252157,0.0,1.0,0.013607882322252157,3.987260833070009,0.006670280717467669
2024-01-31,-0.05524796951060454,0.0,1.0,-0.05524796951060454,3.9320128635594043,-0.014633575275111221
2024-02-01,-0.0033019272516657885,0.0,1.0,-0.0033019272516657885,3.9287109363077386,-0.004894855649281271
2024-02-02,0.01730242243906324,0.0,1.0,0.01730242243906324,3.946013358746802,0.011963036366675395
2024-02-05,0.04548694164304945,0.0,1.0,0.04548694164304945,3.991500300389851,0.012435110901368507
2024-02-06,0.011951524690839476,0.0,1.0,0.011951524690839476,4.00345182508069,0.0012585359032326604
2024-02-07,-0.008977880155807172,0.0,1.0,-0.008977880155807172,3.9944739449248834,0.0018621540466934317
2024-02-08,0.021869597704452737,0.001,1.0,0.020869597704452736,4.015343542629337,0.003949722357751817
2024-02-09,0.03583148528121476,0.0,1.0,0.03583148528121476,4.051175027910551,0.004235032746291445
2024-02-12,0.03180098532074735,0.0,1.0,0.03180098532074735,4.082976013231298,0.006913398165645068
2024-02-13,-0.08588481588181054,0.0,1.0,-0.08588481588181054,3.9970911973494876,-0.02210829862223651
2024-02-14,0.047397988674491805,0.0,1.0,0.047397988674491805,4.044489186023979,0.009314735068339353
2024-02-15,0.03473814080199703,0.0,1.0,0.03473814080199703,4.079227326825976,0.006167972916570008
2024-02-16,0.000676563628645553,0.0,1.0,0.000676563628645553,4.079903890454622,0.002235435103244754
2024-02-20,-0.058493152419969566,0.0,1.0,-0.058493152419969566,4.021410738034652,-0.014578399135413478
2024-02-21,-0.04351596617239433,0.0,1.0,-0.04351596617239433,3.977894771862258,-0.009333800023334504
2024-02-22,0.10728508669916789,0.0,1.0,0.10728508669916789,4.0851798585614265,0.02341302555647151
2024-02-23,0.04130415675473603,0.001,1.0,0.04030415675473603,4.125484015316163,0.01187599254298144
2024-02-26,-0.018312444008840703,0.0,1.0,-0.018312444008840703,4.107171571307322,-0.004662799954509134
2024-02-27,0.00716484015742903,0.0,1.0,0.00716484015742903,4.11433641146475,0.00015996343692870063
2024-02-28,-0.03212180243869486,0.0,1.0,-0.03212180243869486,4.082214609026056,-0.005118011287042812
2024-02-29,0.025988869012124806,0.0,1.0,0.025988869012124806,4.108203478038181,0.006430425097030623
2024-03-01,0.04343845239577411,0.0,1.0,0.04343845239577411,4.151641930433955,0.0038107842913537304
2024-03-04,0.08567595195502177,0.0,1.0,0.08567595195502177,4.237317882388977,0.012980222777904116
2024-03-05,-0.04004832518760454,0.0,1.0,-0.04004832518760454,4.197269557201372,-0.010480016157626615
2024-03-06,0.01786486577567593,0.0,1.0,0.01786486577567593,4.215134422977048,-0.0014060869959632294
2024-03-07,0.035037516222029365,0.0,1.0,0.035037516222029365,4.2501719391990775,0.004769258720930258
2024-03-08,0.05614600778158149,0.001,1.0,0.05514600778158149,4.305317946980659,0.007662402242213151
2024-03-11,-0.10825642813649444,0.0,1.0,-0.10825642813649444,4.197061518844164,-0.01861779681927278
2024-03-12,0.02040022901660367,0.0,1.0,0.02040022901660367,4.217461747860768,0.005074169733263245
2024-03-13,0.004273243286899256,0.0,1.0,0.004273243286899256,4.221734991147667,0.006640438450867592
2024-03-14,-0.02594237111684868,0.0,1.0,-0.02594237111684868,4.195792620030819,-0.0025979893821302946
2024-03-15,-0.05030535168345157,0.0,1.0,-0.05030535168345157,4.145487268347367,-0.012298980747451838
2024-03-18,0.03520823441517692,0.0,1.0,0.03520823441517692,4.1806955027625445,0.00609993808333531
2024-03-19,-0.046311653049391575,0.0,1.0,-0.046311653049391575,4.134383849713153,-0.007476124267772999
2024-03-20,0.020103332491605657,0.0,1.0,0.020103332491605657,4.1544871822047575,0.009943736364680156
2024-03-21,0.08314051632379706,0.0,1.0,0.08314051632379706,4.237627698528556,0.020692164263950152
2024-03-22,-0.029100973456939218,0.001,1.0,-0.03010097345693922,4.207526725071617,-0.007864017109249666
2024-03-25,-0.01933854453139151,0.0,1.0,-0.01933854453139151,4.188188180540225,-0.004041764904008094
2024-03-26,0.03454626133376526,0.0,1.0,0.03454626133376526,4.22273444187399,0.0061999774546275255
2024-03-27,-0.006779098855291146,0.0,1.0,-0.006779098855291146,4.215955343018699,0.00031369034281869546
2024-03-28,-0.004583559699318422,0.0,1.0,-0.004583559699318422,4.211371783319381,-0.0037183048113968997
2024-04-01,0.004757763087890708,0.0,1.0,0.004757763087890708,4.216129546407272,0.0004271774810020723
2024-04-02,-0.026228787679391505,0.0,1.0,-0.026228787679391505,4.18990075872788,-0.010989504910443482
2024-04-03,-0.020709956841426853,0.0,1.0,-0.020709956841426853,4.169190801886453,-0.0025449918196691623
2024-04-04,0.06579517168383678,0.0,1.0,0.06579517168383678,4.234985973570289,0.01678968470931297
2024-04-05,-0.09122710891550165,0.0,1.0,-0.09122710891550165,4.143758864654789,-0.02139672439674678
2024-04-08,0.034313708949020666,0.0005,0.0,0.033813708949020665,4.177572573603809,0.010600302211639878
2024-04-09,0.0,0.0,0.0,0.0,4.177572573603809,0.0035114745927822266
2024-04-10,0.0,0.0005,1.0,-0.0005,4.177072573603809,-0.01345493949792298
2024-04-11,0.02159013022618228,0.0,1.0,0.02159013022618228,4.198662703829991,0.007459954233409505
2024-04-12,0.004455106237148819,0.0,1.0,0.004455106237148819,4.20311781006714,0.0019079634761278719
2024-04-15,0.005483207676490752,0.0,1.0,0.005483207676490752,4.20860101774363,0.0021763772387213276
2024-04-16,-0.07710760795065112,0.0,1.0,-0.07710760795065112,4.13149340979298,-0.02524544179523147
2024-04-17,0.014393420150788146,0.0,1.0,0.014393420150788146,4.145886829943768,0.005105592944999016
2024-04-18,-0.04523646333104867,0.0,1.0,-0.04523646333104867,4.100650366612719,-0.015262064188409141
2024-04-19,-0.027758738862234362,0.0,1.0,-0.027758738862234362,4.072891627750485,-0.010011958076390992
2024-04-22,-0.032556545579163786,0.0,1.0,-0.032556545579163786,4.040335082171321,-0.011629008573729394
2024-04-23,0.021247429746401557,0.0,1.0,0.021247429746401557,4.061582511917722,0.008291198389686283
2024-04-24,0.046264564770390725,0.0005,0.0,0.045764564770390724,4.107347076688113,0.017658103001639835
2024-04-25,0.0,0.0,0.0,0.0,4.107347076688113,-0.02092480149462861
2024-04-26,0.0,0.0,0.0,0.0,4.107347076688113,0.01998855071080996
2024-04-29,0.0,0.0,0.0,0.0,4.107347076688113,0.012885271970441092
2024-04-30,0.0,0.0005,1.0,-0.0005,4.106847076688113,-0.0045713757994135795
2024-05-01,-0.07829079634582553,0.0,1.0,-0.07829079634582553,4.028556280342287,-0.01855502725269631
2024-05-02,0.005624104413235041,0.0,1.0,0.005624104413235041,4.034180384755523,0.005080940564811565
2024-05-03,0.06547813053820033,0.0,1.0,0.06547813053820033,4.099658515293722,0.021490712438278825
2024-05-06,0.024984479503921603,0.0,1.0,0.024984479503921603,4.124642994797645,0.00658318755179077
2024-05-07,0.031215146560405412,0.0,1.0,0.031215146560405412,4.15585814135805,0.0077749828493025586
2024-05-08,-0.04184411466398123,0.0,1.0,-0.04184411466398123,4.114014026694068,-0.006875425459496154
2024-05-09,0.025758158186339752,0.0,1.0,0.025758158186339752,4.1397721848804085,0.0060776384033631725
2024-05-10,0.017132055960411903,0.0,1.0,0.017132055960411903,4.15690424084082,0.005018963050439584
2024-05-13,0.010677063594330384,0.0,1.0,0.010677063594330384,4.167581304435151,0.00327653997378774
2024-05-14,-0.010302812097324381,0.001,1.0,-0.01130281209732438,4.156278492337827,-0.0030180859929278547
2024-05-15,0.03942048517520221,0.0,1.0,0.03942048517520221,4.195698977513029,0.013057720546707507
2024-05-16,0.027964959568733093,0.0,1.0,0.027964959568733093,4.223663937081762,0.009544410498851574
2024-05-17,-0.004380053908355761,0.0,1.0,-0.004380053908355761,4.219283883173406,-0.0013253517704490125
2024-05-20,-0.0013477088948786774,0.0,1.0,-0.0013477088948786774,4.2179361742785275,-0.0002875406427639282
2024-05-21,0.007075471698113116,0.0,1.0,0.007075471698113116,4.2250116459766405,0.002345236514889937
2024-05-22,0.021226415094339708,0.0,1.0,0.021226415094339708,4.24623806107098,0.006666078050503232
2024-05-23,0.03032345013477084,0.0,1.0,0.03032345013477084,4.276561511205751,0.009845195807569151
2024-05-24,-0.03773584905660368,0.0,1.0,-0.03773584905660368,4.238825662149147,-0.011421126913472968
2024-05-28,0.026954177897574025,0.0,1.0,0.026954177897574025,4.265779840046721,0.008544004919941006
2024-05-29,-0.027291105121293874,0.001,1.0,-0.028291105121293875,4.237488734925428,-0.008057842240515645
2024-05-30,-0.002874636778746241,0.0,1.0,-0.002874636778746241,4.234614098146681,4.3909721612278574e-05
2024-05-31,-0.01819889125456965,0.0,1.0,-0.01819889125456965,4.216415206892112,-0.008166849615806826
2024-06-03,0.01385831358213158,0.0,1.0,0.01385831358213158,4.230273520474244,0.0061755721811500575
2024-06-04,-0.028731303311506612,0.0,1.0,-0.028731303311506612,4.201542217162737,-0.0037397980509051854
2024-06-05,0.03184764123783129,0.0,1.0,0.03184764123783129,4.233389858400567,0.011283591317596597
2024-06-06,0.057146922160178804,0.0,1.0,0.057146922160178804,4.290536780560746,0.01362504912878304
2024-06-07,-0.020094471002557516,0.0,1.0,-0.020094471002557516,4.270442309558189,-0.0026280642798673925
2024-06-10,-0.020743314720336435,0.0,1.0,-0.020743314720336435,4.2496989948378525,-0.0025485961123110634
2024-06-11,0.033560974303351664,0.0,1.0,0.033560974303351664,4.283259969141204,0.003724394785847407
2024-06-12,0.06657929270611548,0.001,1.0,0.06557929270611548,4.34883926184732,0.018229279026621192
2024-06-13,0.0425569307535268,0.0,1.0,0.0425569307535268,4.391396192600847,0.01214008771372277
2024-06-14,-0.014006675964488789,0.0,1.0,-0.014006675964488789,4.377389516636358,-0.0025119316754584897
2024-06-17,0.027198650786824187,0.0,1.0,0.027198650786824187,4.404588167423182,0.00616973054646186
2024-06-18,0.03916030931094788,0.0,1.0,0.03916030931094788,4.443748476734131,0.011575522462770715
2024-06-20,0.022707180908493732,0.0,1.0,0.022707180908493732,4.466455657642624,0.002907156553473067
2024-06-21,-0.08003724179413402,0.0,1.0,-0.08003724179413402,4.38641841584849,-0.010752024998972098
2024-06-24,-0.024810234921074155,0.0,1.0,-0.024810234921074155,4.361608180927416,-0.006255325339263096
2024-06-25,-0.02657141552097425,0.0,1.0,-0.02657141552097425,4.335036765406441,-0.004412564306328193
2024-06-26,0.013755196450045887,0.0,1.0,0.013755196450045887,4.348791961856487,0.005209317957443282
2024-06-27,-0.002180546795273113,0.0005,0.0,-0.0026805467952731132,4.346111415061214,0.0032807439139066474
2024-06-28,0.0,0.0,0.0,0.0,4.346111415061214,0.004769640923102614
2024-07-01,0.0,0.0,0.0,0.0,4.346111415061214,-0.004912833481892975
2024-07-02,0.0,0.0005,1.0,-0.0005,4.345611415061214,0.0007707691025748975
2024-07-03,0.05230069810257522,0.0,1.0,0.05230069810257522,4.397912113163789,0.012093836514643685
2024-07-05,0.05209928426907211,0.0,1.0,0.05209928426907211,4.450011397432861,0.01166138784912163
2024-07-08,0.018869393713412404,0.0,1.0,0.018869393713412404,4.468880791146273,0.009433003313749078
2024-07-09,0.033800509439586776,0.0,1.0,0.033800509439586776,4.50268130058586,0.004712706180895587
2024-07-10,0.009682224183128862,0.0,1.0,0.009682224183128862,4.512363524768989,0.0016838054002044078
2024-07-11,0.04906644007300922,0.0,1.0,0.04906644007300922,4.561429964841999,0.006723899861919902
2024-07-12,-0.10269216142421252,0.0,1.0,-0.10269216142421252,4.458737803417786,-0.020991114556622392
2024-07-15,0.032551434185337326,0.0,1.0,0.032551434185337326,4.491289237603123,0.00832470406692254
2024-07-16,0.0037854040210470487,0.0,1.0,0.0037854040210470487,4.49507464162417,0.00203378909003038
2024-07-17,-0.09000635809126525,0.001,1.0,-0.09100635809126525,4.404068283532904,-0.018769342068244876
2024-07-18,-0.07576791808873728,0.0,1.0,-0.07576791808873728,4.328300365444168,-0.00563201441795691
2024-07-19,-0.04061433447098969,0.0,1.0,-0.04061433447098969,4.287686030973178,-0.013140279694354606
2024-07-22,-0.029522184300341366,0.0,1.0,-0.029522184300341366,4.258163846672836,0.00419492851925285
2024-07-23,0.007679180887372063,0.0,1.0,0.007679180887372063,4.265843027560209,0.0005195776872557456
2024-07-24,-0.035324232081911267,0.0,1.0,-0.035324232081911267,4.2305187954782975,-0.015766186826198125
2024-07-25,-0.11808873720136522,0.0,1.0,-0.11808873720136522,4.112430058276932,-0.021316111603562504
2024-07-26,0.012457337883959113,0.0,1.0,0.012457337883959113,4.124887396160892,-0.002307426895540532
2024-07-29,0.019197952218430035,0.0,1.0,0.019197952218430035,4.144085348379321,0.006614071112071684
2024-07-30,-0.016808873720136508,0.0,1.0,-0.016808873720136508,4.127276474659185,0.00030061626333988123
2024-07-31,-0.0013651877133106724,0.0005,0.0,-0.0018651877133106724,4.125411286945875,0.00433615970806045
2024-08-01,0.0,0.0,0.0,0.0,4.125411286945875,0.00831427533289153
2024-08-02,0.0,0.0,0.0,0.0,4.125411286945875,-0.04423859589621848
2024-08-05,0.0,0.0,0.0,0.0,4.125411286945875,-0.058062942181019817
2024-08-06,0.0,0.0,0.0,0.0,4.125411286945875,0.029478938569847735
2024-08-07,0.0,0.0,0.0,0.0,4.125411286945875,0.021178784621366242
2024-08-08,0.0,0.0,0.0,0.0,4.125411286945875,-0.012161526573943426
2024-08-09,0.0,0.0,0.0,0.0,4.125411286945875,0.012878066476216476
2024-08-12,0.0,0.0,0.0,0.0,4.125411286945875,0.010408738863768585
2024-08-13,0.0,0.0,0.0,0.0,4.125411286945875,0.009814129688296092
2024-08-14,0.0,0.0005,1.0,-0.0005,4.124911286945874,0.016870694572418854
2024-08-15,0.03288790422885575,0.0,1.0,0.03288790422885575,4.15779919117473,0.011326616469979012
2024-08-16,0.03146299751243781,0.0,1.0,0.03146299751243781,4.189262188687168,0.008234490997525379
2024-08-19,0.015052947070204579,0.0,1.0,0.015052947070204579,4.204315135757373,0.005395455122508608
2024-08-20,0.04180477819237141,0.0,1.0,0.04180477819237141,4.2461199139497445,0.010901361617947192
2024-08-21,-0.0019584369817578287,0.0,1.0,-0.0019584369817578287,4.244161476967986,0.0014572707400852813
2024-08-22,0.03744783029297946,0.0,1.0,0.03744783029297946,4.281609307260966,0.007878598898243272
2024-08-23,-0.06707754629629628,0.0,1.0,-0.06707754629629628,4.214531760964669,-0.01155020212853719
2024-08-26,0.008778676064123858,0.0,1.0,0.008778676064123858,4.223310437028793,0.0004381938068607205
2024-08-27,-0.06461986940298514,0.0,1.0,-0.06461986940298514,4.158690567625808,-0.012013765773281837
2024-08-28,0.030116518103924912,0.0005,0.0,0.029616518103924912,4.188307085729733,0.0054888218032891345
2024-08-29,0.0,0.0,0.0,0.0,4.188307085729733,-0.006319679187050009
2024-08-30,0.0,0.0,0.0,0.0,4.188307085729733,0.0037187288708588895
2024-09-03,0.0,0.0,0.0,0.0,4.188307085729733,-0.003873358033007812
2024-09-04,0.0,0.0,0.0,0.0,4.188307085729733,-0.03070583262890947
2024-09-05,0.0,0.0,0.0,0.0,4.188307085729733,0.0006540650140625104
2024-09-06,0.0,0.0,0.0,0.0,4.188307085729733,0.002963156633331021
2024-09-09,0.0,0.0,0.0,0.0,4.188307085729733,-0.01579301805226685
2024-09-10,0.0,0.0,0.0,0.0,4.188307085729733,0.007018937889021304
2024-09-11,0.0,0.0,0.0,0.0,4.188307085729733,0.008044011923548977
2024-09-12,0.0,0.0,0.0,0.0,4.188307085729733,0.019003718118762336
2024-09-13,0.0,0.0005,1.0,-0.0005,4.187807085729732,0.008172410114157813
2024-09-16,-0.005568891843694728,0.0,1.0,-0.005568891843694728,4.182238193886038,0.001502709109380218
2024-09-17,0.029353715544410606,0.0,1.0,0.029353715544410606,4.211591909430449,0.0065512796128406325
2024-09-18,-0.016977925220606597,0.0,1.0,-0.016977925220606597,4.194613984209842,-0.003338302294820461
2024-09-19,0.057691220805799366,0.0,1.0,0.057691220805799366,4.252305205015642,0.016663155677269836
2024-09-20,-0.010744387975923333,0.0,1.0,-0.010744387975923333,4.241560817039718,-0.00024864797662704774
2024-09-23,0.002246408497942382,0.0,1.0,0.002246408497942382,4.243807225537661,0.0009533876349767656
2024-09-24,0.018364291865409627,0.0,1.0,0.018364291865409627,4.26217151740307,0.003126617662283948
2024-09-25,-0.003056811100154576,0.0,1.0,-0.003056811100154576,4.259114706302916,0.0005779630929283464
2024-09-26,0.1129767041322167,0.0,1.0,0.1129767041322167,4.372091410435132,0.01780335850146475
2024-09-27,-0.012899698223100754,0.001,1.0,-0.013899698223100755,4.358191712212032,-0.005817135212923374
2024-09-30,-0.06154492665036682,0.0,1.0,-0.06154492665036682,4.2966467855616655,-0.009622833843017431
2024-10-01,0.009819138820972654,0.0,1.0,0.009819138820972654,4.306465924382638,0.003952406439128753
2024-10-02,-0.05639072262972024,0.0,1.0,-0.05639072262972024,4.250075201752917,-0.015050235800697087
2024-10-03,0.0008483428416191036,0.0,1.0,0.0008483428416191036,4.250923544594537,-0.0012906986426847178
2024-10-04,0.06264072262972024,0.0,1.0,0.06264072262972024,4.3135642672242565,0.01607120523616956
2024-10-07,-0.02375913474599293,0.0,1.0,-0.02375913474599293,4.289805132478264,-0.004226074469176333
2024-10-08,0.003533346916598712,0.0,1.0,0.003533346916598712,4.293338479394862,-0.001503945281114083
2024-10-09,0.023507436837815775,0.0,1.0,0.023507436837815775,4.316845916232678,0.008954731151735285
2024-10-10,0.003058306166802508,0.0,1.0,0.003058306166802508,4.31990422239948,0.003783231083844596
2024-10-11,-0.003075828579190366,0.001,1.0,-0.004075828579190366,4.31582839382029,-0.00022410104920034257
2024-10-14,0.049424588906706625,0.0,1.0,0.049424588906706625,4.365252982726997,0.01024982679219133
2024-10-15,0.020365305582820153,0.0,1.0,0.020365305582820153,4.385618288309817,0.004155152590919142
2024-10-16,-0.08535611755086173,0.0,1.0,-0.08535611755086173,4.3002621707589554,-0.013357973605447548
2024-10-17,0.03521353673033355,0.0,1.0,0.03521353673033355,4.335475707489289,0.010708905085711873
2024-10-18,-0.020108361867628603,0.0,1.0,-0.020108361867628603,4.3153673456216595,-0.004794134235758585
2024-10-21,-0.021823157747974078,0.0,1.0,-0.021823157747974078,4.293544187873685,-0.0016394769866008296
2024-10-22,-0.007733658005991063,0.0,1.0,-0.007733658005991063,4.285810529867694,-0.0010542321338063987
2024-10-23,0.0027317290780139087,0.0,1.0,0.0027317290780139087,4.288542258945709,0.0017453777931117909
2024-10-24,-0.0028910238207989396,0.0,1.0,-0.0028910238207989396,4.285651235124909,-0.0029984400008102874
2024-10-25,0.01700442702476569,0.001,1.0,0.016004427024765688,4.301655662149676,0.0061571599845562375
2024-10-28,0.020080321285140562,0.0,1.0,0.020080321285140562,4.321735983434816,0.006705174294139082
2024-10-29,-0.016867469879518142,0.0,1.0,-0.016867469879518142,4.304868513555298,-0.005496930546081802
2024-10-30,0.02168674698795187,0.0,1.0,0.02168674698795187,4.32655526054325,0.007403372871782388
2024-10-31,-0.04337349397590374,0.0,1.0,-0.04337349397590374,4.2831817665673455,-0.014037125292857278
2024-11-01,-0.043373493975903545,0.0,1.0,-0.043373493975903545,4.239808272591443,-0.013972947723303153
2024-11-04,0.00749665327978584,0.0,1.0,0.00749665327978584,4.247304925871228,0.0027188465499485837
2024-11-05,0.004283801874163228,0.0,1.0,0.004283801874163228,4.251588727745391,0.0016227763855223287
2024-11-06,0.07630522088353417,0.0,1.0,0.07630522088353417,4.327893948628926,0.02655810996493102
2024-11-07,0.04685408299866131,0.0,1.0,0.04685408299866131,4.374748031627587,0.015662458046987293
2024-11-08,0.0275769745649264,0.001,1.0,0.0265769745649264,4.401325006192513,0.00911683713611322
2024-11-11,-0.010202503420957063,0.0,1.0,-0.010202503420957063,4.391122502771557,0.004551346399368494
2024-11-12,-0.03270526631750699,0.0,1.0,-0.03270526631750699,4.358417236454049,-0.0031045656518617903
2024-11-13,-0.025788790205651467,0.0,1.0,-0.025788790205651467,4.332628446248398,-0.0026665628588667944
2024-11-14,-0.0049557019918849326,0.0,1.0,-0.0049557019918849326,4.327672744256513,-0.0009562841530054156
2024-11-15,-0.0625476957073384,0.0,1.0,-0.0625476957073384,4.265125048549175,-0.01752261139653455
2024-11-18,-0.03264968688084513,0.0,1.0,-0.03264968688084513,4.23247536166833,-0.009563765061438745
2024-11-19,0.007109824145978398,0.0,1.0,0.007109824145978398,4.239585185814308,-0.0014253307369561652
2024-11-20,0.01531911215731939,0.0,1.0,0.01531911215731939,4.254904297971628,0.011539544047284078
2024-11-21,0.018567174435839676,0.0,1.0,0.018567174435839676,4.273471472407467,0.006121313299944253
2024-11-22,-0.002782597322500847,0.0005,0.0,-0.003282597322500847,4.2701888750849655,-0.003595132743362872
2024-11-25,0.0,0.0005,1.0,-0.0005,4.269688875084966,0.010863962570873298
2024-11-26,0.0024112525456187195,0.0,1.0,0.0024112525456187195,4.272100127630584,-0.003569327319082105
2024-11-27,-0.0398918187964841,0.0,1.0,-0.0398918187964841,4.2322083088341,0.00017713745866809738
2024-11-29,-0.009432959638532228,0.0,1.0,-0.009432959638532228,4.222775349195568,-0.004407973709585344
2024-12-02,0.03166815456308477,0.0,1.0,0.03166815456308477,4.254443503758653,0.01004091475105251
2024-12-03,0.025474912244476514,0.0,1.0,0.025474912244476514,4.279918416003129,0.005753312068257133
2024-12-04,0.052342070423048434,0.0,1.0,0.052342070423048434,4.332260486426177,0.012394201770600244
2024-12-05,-0.004745832877854763,0.0,1.0,-0.004745832877854763,4.327514653548323,0.00574646371463694
2024-12-06,-0.029194147202552333,0.0,1.0,-0.029194147202552333,4.298320506345771,-0.0015860579771070915
2024-12-09,0.00703410622973125,0.0,1.0,0.00703410622973125,4.305354612575502,0.005875822998009372
2024-12-10,-0.00015233225233104736,0.001,1.0,-0.0011523322523310474,4.304202280323171,-0.0036723432594424343
2024-12-11,0.0071875724553673815,0.0,1.0,0.0071875724553673815,4.311389852778538,0.0026354990260111233
2024-12-12,0.014607002086714642,0.0,1.0,0.014607002086714642,4.325996854865252,0.005104761904761723
2024-12-13,0.014838859262694192,0.0,1.0,0.014838859262694192,4.340835714127946,0.005268344451182738
2024-12-16,0.015070716438673743,0.0,1.0,0.015070716438673743,4.35590643056662,0.0049391094521735734
2024-12-17,0.018780431254347373,0.0,1.0,0.018780431254347373,4.374686861820967,0.006152922638253067
2024-12-18,-0.007883143983306362,0.0,1.0,-0.007883143983306362,4.366803717837661,-0.002255947497949218
2024-12-19,-0.08555529793647107,0.0,1.0,-0.08555529793647107,4.281248419901191,-0.026086144071755468
2024-12-20,-0.06051472293067469,0.0,1.0,-0.06051472293067469,4.220733696970516,-0.02062587540052585
2024-12-23,0.05100857871551114,0.0,1.0,0.05100857871551114,4.271742275686027,0.017847347386568346
2024-12-24,0.028982146997449568,0.0005,0.0,0.028482146997449567,4.300224422683476,0.010162640746800289
2024-12-26,0.0,0.0,0.0,0.0,4.300224422683476,0.006649772307223412
2024-12-27,0.0,0.0005,1.0,-0.0005,4.299724422683476,-0.004372350090854127
2024-12-30,-0.05900313877539104,0.0,1.0,-0.05900313877539104,4.240721283908085,-0.019961597688256894
2024-12-31,0.0028059147558586765,0.0,1.0,0.0028059147558586765,4.243527198663944,0.0026963589455102355
2025-01-02,-0.008460799906582732,0.0,1.0,-0.008460799906582732,4.235066398757361,-0.005029986457728786
2025-01-03,-7.271189977542305e-05,0.0,1.0,-7.271189977542305e-05,4.234993686857585,-0.0018471709119189939
2025-01-06,0.08714735500907372,0.0,1.0,0.08714735500907372,4.32214104186666,0.020785039446771236
2025-01-07,0.03363630086956172,0.0,1.0,0.03363630086956172,4.355777342736221,0.002996068852334055
2025-01-08,-0.07603514300559351,0.0,1.0,-0.07603514300559351,4.279742199730627,-0.01999657527730736
2025-01-10,-0.039237236620493596,0.0,1.0,-0.039237236620493596,4.2405049631101335,-0.006989205560301359
2025-01-13,-0.07113270388949576,0.0,1.0,-0.07113270388949576,4.169372259220639,-0.020098537577226905
2025-01-14,0.05365215306770073,0.0005,0.0,0.05315215306770073,4.2225244122883385,0.01504389465283329
2025-01-15,0.0,0.0,0.0,0.0,4.2225244122883385,0.008432598183748086
2025-01-16,0.0,0.0,0.0,0.0,4.2225244122883385,0.011597762314094817
2025-01-17,0.0,0.0,0.0,0.0,4.2225244122883385,0.007456934756638001
2025-01-21,0.0,0.0005,1.0,-0.0005,4.222024412288339,0.003117528927990776
2025-01-22,0.03449155003115756,0.0,1.0,0.03449155003115756,4.256515962319496,0.009704850518609032
2025-01-23,-0.020527863821191483,0.0,1.0,-0.020527863821191483,4.235988098498305,-0.0010008119795307246
2025-01-24,0.03375017823828317,0.0,1.0,0.03375017823828317,4.269738276736588,0.0075230606381371246
2025-01-27,-0.17350170963106254,0.0,1.0,-0.17350170963106254,4.096236567105525,-0.04131177066526581
2025-01-28,-0.021463406108548324,0.0,1.0,-0.021463406108548324,4.074773160996977,0.008258317025440443
2025-01-29,0.029823678555399934,0.0,1.0,0.029823678555399934,4.104596839552377,0.014052249524475036
2025-01-30,0.010365883853362838,0.0,1.0,0.010365883853362838,4.114962723405739,0.0023925276576197696
2025-01-31,0.024276320599144925,0.0,1.0,0.024276320599144925,4.139239044004885,0.0061293463939964266
2025-02-03,-0.08022360370064943,0.0,1.0,-0.08022360370064943,4.0590154403042344,-0.02552569650041736
2025-02-04,0.02219031990814517,0.0005,0.0,0.02169031990814517,4.08070576021238,0.010049272596256875
2025-02-05,0.0,0.0005,1.0,-0.0005,4.08020576021238,0.006150820430750326
2025-02-06,0.03648194662217367,0.0,1.0,0.03648194662217367,4.116687706834554,0.010616687746732412
2025-02-07,0.021307282241711648,0.0,1.0,0.021307282241711648,4.137994989076265,0.005271541262135804
2025-02-10,-0.027433989751543767,0.0,1.0,-0.027433989751543767,4.110560999324722,-0.0055079790244085824
2025-02-11,-0.00860626281312997,0.0,1.0,-0.00860626281312997,4.101954736511592,-0.0023898941618299974
2025-02-12,-0.020509850182364574,0.0,1.0,-0.020509850182364574,4.081444886329227,-0.0069587040839609315
2025-02-13,0.047567764738601435,0.0,1.0,0.047567764738601435,4.129012651067828,0.014704192992533116
2025-02-14,0.03630998797266751,0.0,1.0,0.03630998797266751,4.165322639040496,0.011368353522774433
2025-02-18,0.024751620972049013,0.0,1.0,0.024751620972049013,4.190074260012545,0.0069495620376676115
2025-02-19,0.015087405255205286,0.0,1.0,0.015087405255205286,4.205161665267751,-0.002149222759527891
2025-02-20,0.03620174011914899,0.001,1.0,0.03520174011914899,4.2403634053868995,0.0002970830161352911
2025-02-21,-0.003971861692260635,0.0,1.0,-0.003971861692260635,4.236391543694639,-0.0006496760900637222
2025-02-24,-0.07212414638941061,0.0,1.0,-0.07212414638941061,4.1642673973052275,-0.019502953304357473
2025-02-25,-0.062163087642826007,0.0,1.0,-0.062163087642826007,4.102104309662402,-0.016367356217322104
2025-02-26,-0.02014244264134446,0.0,1.0,-0.02014244264134446,4.081961867021057,-0.007145058161929008
2025-02-27,0.018649762707581556,0.0,1.0,0.018649762707581556,4.10061162972864,0.005043353442088838
2025-02-28,-0.12352519128787645,0.0,1.0,-0.12352519128787645,3.9770864384407627,-0.03474031613687689
2025-03-03,0.05718099973276289,0.0,1.0,0.05718099973276289,4.034267438173526,0.022774078739527637
2025-03-04,-0.09587655848481957,0.0,1.0,-0.09587655848481957,3.938390879688706,-0.03389896778229584
2025-03-05,0.01956936867069555,0.0,1.0,0.01956936867069555,3.9579602483594014,0.00408757942450122
2025-03-06,-0.030457618259345745,0.0005,0.0,-0.030957618259345746,3.9270026301000556,-0.0050584441757355325
2025-03-07,0.0,0.0,0.0,0.0,3.9270026301000556,-0.013226923778079325
2025-03-10,0.0,0.0,0.0,0.0,3.9270026301000556,-0.007615567780606014
2025-03-11,0.0,0.0,0.0,0.0,3.9270026301000556,-0.02295997517840509
2025-03-12,0.0,0.0,0.0,0.0,3.9270026301000556,0.014417275325500079
2025-03-13,0.0,0.0,0.0,0.0,3.9270026301000556,-0.006073127973954429
2025-03-14,0.0,0.0,0.0,0.0,3.9270026301000556,-0.005291338582677163
2025-03-17,0.0,0.0,0.0,0.0,3.9270026301000556,0.012412133493762356
2025-03-18,0.0,0.0,0.0,0.0,3.9270026301000556,-0.00041700548362211265
2025-03-19,0.0,0.0,0.0,0.0,3.9270026301000556,-0.005423332846623996
2025-03-20,0.0,0.0,0.0,0.0,3.9270026301000556,0.00014680900148911213
2025-03-21,0.0,0.0,0.0,0.0,3.9270026301000556,-0.005871498070793568
2025-03-24,0.0,0.0,0.0,0.0,3.9270026301000556,0.028813702328720936
2025-03-25,0.0,0.0005,1.0,-0.0005,3.9265026301000554,0.007483495304875465
2025-03-26,-0.011518666091267712,0.0,1.0,-0.011518666091267712,3.914983964008788,0.0018518895378416556
2025-03-27,-0.08163327793096718,0.0,1.0,-0.08163327793096718,3.8333506860778206,-0.02008937639650621
2025-03-28,-0.02801552941611456,0.0,1.0,-0.02801552941611456,3.805335156661706,-0.00538960635144381
2025-03-31,-0.10554230193076375,0.0,1.0,-0.10554230193076375,3.6997928547309424,-0.03728559221358452
2025-04-01,0.030463791174096873,0.0,1.0,0.030463791174096873,3.7302566459050395,0.01164703844821613
2025-04-02,-0.016452163032005678,0.0,1.0,-0.016452163032005678,3.7138044828730337,-0.0025251444468221695
2025-04-03,-0.0614044817567923,0.0,1.0,-0.0614044817567923,3.6524000011162414,-0.020767184416030204
2025-04-04,-0.1386900604457724,0.0,1.0,-0.1386900604457724,3.513709940670469,-0.040092892822715
2025-04-07,-0.12158291897100652,0.0,1.0,-0.12158291897100652,3.3921270216994626,-0.06728442963436332
2025-04-08,0.1257116662131645,0.0005,0.0,0.1252116662131645,3.517338687912627,0.07218714824059114
2025-04-09,0.0,0.0,0.0,0.0,3.517338687912627,-0.05155650903779452
2025-04-10,0.0,0.0,0.0,0.0,3.517338687912627,0.09141660851360789
2025-04-11,0.0,0.0,0.0,0.0,3.517338687912627,-0.01964458946997094
2025-04-14,0.0,0.0,0.0,0.0,3.517338687912627,0.04455189474867871
2025-04-15,0.0,0.0,0.0,0.0,3.517338687912627,-0.012745984584248249
2025-04-16,0.0,0.0,0.0,0.0,3.517338687912627,-0.020739739172155214
2025-04-17,0.0,0.0,0.0,0.0,3.517338687912627,-0.004142262209651859
2025-04-21,0.0,0.0,0.0,0.0,3.517338687912627,-0.01999239662768071
2025-04-22,0.0,0.0,0.0,0.0,3.517338687912627,0.0013463249891609852
2025-04-23,0.0,0.0,0.0,0.0,3.517338687912627,0.044095528918463245
2025-04-24,0.0,0.0,0.0,0.0,3.517338687912627,-0.0036885872056223734
2025-04-25,0.0,0.0005,1.0,-0.0005,3.5168386879126268,0.022980196284612786
2025-04-28,0.04180972636301332,0.0,1.0,0.04180972636301332,3.5586484142756403,0.012977279054328772
2025-04-29,-0.024463125461398526,0.0,1.0,-0.024463125461398526,3.5341852888142418,-0.006046128152548347
2025-04-30,-0.04563028770117304,0.0,1.0,-0.04563028770117304,3.4885550011130686,-0.006465746432141595
2025-05-01,0.12022780941705666,0.0,1.0,0.12022780941705666,3.6087828105301254,0.034851112110119375
2025-05-02,0.02563888615345164,0.0,1.0,0.02563888615345164,3.634421696683577,0.006474835026168302
2025-05-05,-0.005605186300900901,0.0,1.0,-0.005605186300900901,3.628816510382676,-0.003987339170469006
2025-05-06,-0.04325910421443124,0.0,1.0,-0.04325910421443124,3.585557406168245,-0.010400330169211713
2025-05-07,0.020685027655821295,0.0,1.0,0.020685027655821295,3.6062424338240664,0.005254816915505778
2025-05-08,0.07418742643234294,0.0,1.0,0.07418742643234294,3.6804298602564094,0.013379522071025551
2025-05-09,0.02188689433288628,0.001,1.0,0.02088689433288628,3.7013167545892958,0.0034388880928499788
2025-05-12,0.14480146112187237,0.0,1.0,0.14480146112187237,3.846118215711168,0.03423022786152874
2025-05-13,0.023561060913813096,0.0,1.0,0.023561060913813096,3.8696792766249812,0.004280163316830787
2025-05-14,0.08123218610474978,0.0,1.0,0.08123218610474978,3.950911462729731,0.014946185874774143
2025-05-15,-0.02421771845631336,0.0,1.0,-0.02421771845631336,3.9266937442734178,-0.0004837742128993572
2025-05-16,0.021277469585458446,0.0,1.0,0.021277469585458446,3.9479712138588763,0.008015178502284392
2025-05-19,-0.070630932571391,0.0,1.0,-0.070630932571391,3.877340281287485,-0.012330503591595154
2025-05-20,0.03409617797066933,0.0,1.0,0.03409617797066933,3.9114364592581543,0.010170348475420088
2025-05-21,-0.013491135123176318,0.0,1.0,-0.013491135123176318,3.897945324134978,-0.006160124742526141
2025-05-22,-0.02979012848363885,0.0,1.0,-0.02979012848363885,3.868155195651339,-0.005055494218141665
2025-05-23,-0.08733757140268168,0.0005,0.0,-0.08783757140268168,3.7803176242486574,-0.014562161741229485
2025-05-27,0.0,0.0,0.0,0.0,3.7803176242486574,0.019696550634161758
2025-05-28,0.0,0.0,0.0,0.0,3.7803176242486574,0.011682650392327742
2025-05-29,0.0,0.0,0.0,0.0,3.7803176242486574,0.007947451070512201
2025-05-30,0.0,0.0005,1.0,-0.0005,3.779817624248657,-0.013090646552543106
2025-06-02,-0.031552954952310065,0.0,1.0,-0.031552954952310065,3.748264669296347,-0.004235330355767841
2025-06-03,0.04398886082442052,0.0,1.0,0.04398886082442052,3.7922535301207674,0.012218699249864517
2025-06-04,0.06474919982520162,0.0,1.0,0.06474919982520162,3.857002729945969,0.008499503399801434
2025-06-05,0.030237664991234703,0.0,1.0,0.030237664991234703,3.8872403949372036,0.0041097706482831065
2025-06-06,-0.003945869883225884,0.0,1.0,-0.003945869883225884,3.883294525053978,-0.0003395073371307289
2025-06-09,0.009456741630854954,0.0,1.0,0.009456741630854954,3.892751266684833,0.00026415094339626854
2025-06-10,0.03614082064105099,0.0,1.0,0.03614082064105099,3.928892087325884,0.0019428830120344909
2025-06-11,0.05851475409282864,0.0,1.0,0.05851475409282864,3.987406841418713,0.008377732176139574
2025-06-12,-0.04739329456049864,0.0,1.0,-0.04739329456049864,3.9400135468582143,-0.008457488517979117
2025-06-13,-0.03791183482569935,0.001,1.0,-0.03891183482569935,3.901101712032515,-0.006420757310437231
2025-06-16,0.020209951312515465,0.0,1.0,0.020209951312515465,3.9213116633450302,0.00534414796846594
2025-06-17,0.02233928821482822,0.0,1.0,0.02233928821482822,3.9436509515598583,0.002280867106503326
2025-06-18,-0.0026146969958098856,0.0,1.0,-0.0026146969958098856,3.9410362545640485,-0.0030279663726467954
2025-06-20,0.016203231200922086,0.0,1.0,0.016203231200922086,3.9572394857649704,0.004074702886247783
2025-06-23,-0.037438736710578846,0.0,1.0,-0.037438736710578846,3.9198007490543914,-0.010239356705369684
2025-06-24,0.06500829410687554,0.0,1.0,0.06500829410687554,3.984809043161267,0.01913403314287887
2025-06-25,0.05622125337957918,0.0,1.0,0.05622125337957918,4.041030296540846,0.00962953305146308
2025-06-26,0.02288648383726323,0.0,1.0,0.02288648383726323,4.0639167803781096,0.0023798103530976444
2025-06-27,0.01181890033068718,0.0,1.0,0.01181890033068718,4.075735680708797,0.007196098279193874
2025-06-30,0.01892806747309789,0.001,1.0,0.01792806747309789,4.0936637481818945,0.0073091400796696515
2025-07-01,-0.02597760228032962,0.0,1.0,-0.02597760228032962,4.067686145901565,-0.002775459855603457
2025-07-02,-0.007376057296315915,0.0,1.0,-0.007376057296315915,4.060310088605249,-0.006494097102213936
2025-07-03,0.0554308500254907,0.0,1.0,0.0554308500254907,4.11574093863074,0.012853376299985397
2025-07-07,-0.012538544053460388,0.0,1.0,-0.012538544053460388,4.103202394577279,0.0006146281499692652
2025-07-08,-0.002686191231571316,0.0,1.0,-0.002686191231571316,4.100516203345708,-0.0002529267235149568
2025-07-09,0.022634859175616848,0.0,1.0,0.022634859175616848,4.123151062521325,0.0019877841627815585
2025-07-10,0.021308773166705566,0.0,1.0,0.021308773166705566,4.14445983568803,0.004346414658779274
2025-07-11,-0.020978862602176157,0.0,1.0,-0.020978862602176157,4.123480973085854,-0.0064465154698415406
2025-07-14,-0.0022849729836271404,0.0,1.0,-0.0022849729836271404,4.121196000102227,0.0012470630760890167
2025-07-15,0.044664195298715195,0.001,1.0,0.043664195298715194,4.1648601954009425,0.01129984295745401
2025-07-16,-0.033829117865647754,0.0,1.0,-0.033829117865647754,4.131031077535295,-0.0053012048192772054
2025-07-17,0.00826810720922919,0.0,1.0,0.00826810720922919,4.139299184744524,0.0013278782658627808
2025-07-18,0.025550369910279556,0.0,1.0,0.025550369910279556,4.164849554654804,0.009139457367119519
2025-07-21,-0.004559023558941946,0.0,1.0,-0.004559023558941946,4.160290531095862,-0.0018290950419093122
2025-07-22,-0.0021744653437496533,0.0,1.0,-0.0021744653437496533,4.158116065752113,0.003931754701204326
2025-07-23,-0.031756193285441735,0.0,1.0,-0.031756193285441735,4.12635987246667,-0.003473329789119073
2025-07-24,0.007582232758485535,0.0,1.0,0.007582232758485535,4.133942105225156,0.004961411245865355
2025-07-25,-0.009633339684786475,0.0,1.0,-0.009633339684786475,4.12430876554037,-0.0003539008723657533
2025-07-28,0.029061733649751186,0.0,1.0,0.029061733649751186,4.153370499190121,0.0049740675835945325
2025-07-29,0.026458174031465317,0.001,1.0,0.025458174031465317,4.178828673221586,0.0053193363159191875
2025-07-30,-0.013846153846153904,0.0,1.0,-0.013846153846153904,4.164982519375432,-0.004520288737823286
2025-07-31,0.03274725274725279,0.0,1.0,0.03274725274725279,4.197729772122685,0.011193635819634729
2025-08-01,-0.08197802197802191,0.0,1.0,-0.08197802197802191,4.115751750144663,-0.027343614021651974
2025-08-04,-0.0004395604395605083,0.0,1.0,-0.0004395604395605083,4.115312189705103,0.0003936796521302188
2025-08-05,0.031208791208791248,0.0,1.0,0.031208791208791248,4.146520980913894,0.01134066720329141
2025-08-06,-0.022197802197802156,0.0,1.0,-0.022197802197802156,4.124323178716091,-0.007569995932011464
2025-08-07,0.05340659340659341,0.0,1.0,0.05340659340659341,4.177729772122685,0.018819839247206316
2025-08-08,-0.007252747252747372,0.0,1.0,-0.007252747252747372,4.170477024869937,-0.0021340983434496863
2025-08-11,0.02197802197802198,0.0,1.0,0.02197802197802198,4.192455046847959,0.007432728547637879
2025-08-12,0.001978021978022053,0.001,1.0,0.000978021978022053,4.193433068825982,0.0008178322225893542
2025-08-13,0.06623982662630105,0.0,1.0,0.06623982662630105,4.259672895452283,0.013213714444676228
2025-08-14,-0.022121032154106893,0.0,1.0,-0.022121032154106893,4.237551863298176,-0.007687555769098853
2025-08-15,0.014717700103561522,0.0,1.0,0.014717700103561522,4.252269563401738,0.002628484471190351
2025-08-18,-0.039802409929422466,0.0,1.0,-0.039802409929422466,4.212467153472315,-0.00579510175922715
2025-08-19,0.008857841806902961,0.0,1.0,0.008857841806902961,4.221324995279218,-8.673929637093014e-05
2025-08-20,-0.04916769742432095,0.0,1.0,-0.04916769742432095,4.172157297854897,-0.013983587501517958
2025-08-21,-0.023742692162351683,0.0,1.0,-0.023742692162351683,4.148414605692545,-0.00700297362447877
2025-08-22,0.0034041600014330597,0.0,1.0,0.0034041600014330597,4.151818765693978,0.0005670240099227009
2025-08-25,0.048213491466598216,0.0,1.0,0.048213491466598216,4.200032257160576,0.010147519790320025
2025-08-26,0.0018107785724493638,0.0005,0.0,0.0013107785724493638,4.201343035733025,-0.0009992987377277496
2025-08-27,0.0,0.0005,1.0,-0.0005,4.200843035733025,0.003088640471719639
2025-08-28,0.02081100131012752,0.0,1.0,0.02081100131012752,4.2216540370431535,0.0044087545268460815
2025-08-29,-0.01905320204146198,0.0,1.0,-0.01905320204146198,4.202600835001691,0.0009492954311891566
2025-09-02,-0.09352948654782814,0.0,1.0,-0.09352948654782814,4.109071348453863,-0.023222629229711744
2025-09-03,0.04416535202554646,0.0,1.0,0.04416535202554646,4.153236700479409,0.014109850171919458
2025-09-04,-0.01444840883757057,0.0,1.0,-0.01444840883757057,4.1387882916418395,0.0026527062874408536
2025-09-05,0.0688266559797078,0.0,1.0,0.0688266559797078,4.207614947621547,0.017083085117566732
2025-09-08,-0.0031225522502040244,0.0,1.0,-0.0031225522502040244,4.204492395371343,-0.0036520870299230346
2025-09-09,0.0069296406965477335,0.0,1.0,0.0069296406965477335,4.211422036067891,0.0022476961114856753
2025-09-10,0.03468581249160727,0.0,1.0,0.03468581249160727,4.2461078485594985,0.007021236220608351
2025-09-11,0.008970692858394807,0.001,1.0,0.007970692858394808,4.254078541417893,-0.0008565457224106732
2025-09-12,0.009412350381556831,0.0,1.0,0.009412350381556831,4.263490891799449,0.003086208079006836
2025-09-15,0.004865518742344668,0.0,1.0,0.004865518742344668,4.268356410541795,0.005811568439765047
2025-09-16,0.031192688743024305,0.0,1.0,0.031192688743024305,4.299549099284819,0.007086533886207613
2025-09-17,-0.004957075757509982,0.0,1.0,-0.004957075757509982,4.294592023527309,-0.0025480501510267706
2025-09-18,0.05244658782459803,0.0,1.0,0.05244658782459803,4.347038611351907,0.0064456098798848505
2025-09-19,0.019649346573941937,0.0,1.0,0.019649346573941937,4.366687957925849,0.0040678421946178656
2025-09-22,-0.0034450563911677234,0.0,1.0,-0.0034450563911677234,4.363242901534681,0.0006863877588603184
2025-09-23,0.03839915677164001,0.0,1.0,0.03839915677164001,4.4016420583063205,0.007745842674072412
2025-09-24,-0.021032788438039154,0.0,1.0,-0.021032788438039154,4.380609269868282,-0.004631704766173583
2025-09-25,-0.0462203131123384,0.001,1.0,-0.0472203131123384,4.333388956755943,-0.012308616031221797
2025-09-26,0.027995655809083884,0.0,1.0,0.027995655809083884,4.361384612565027,0.0036305302262749084
2025-09-29,0.028926208297876035,0.0,1.0,0.028926208297876035,4.3903108208629025,0.008008749053587838
2025-09-30,-0.016684478014821407,0.0,1.0,-0.016684478014821407,4.373626342848082,-0.0011350169417970735
2025-10-01,-0.0016480200562189447,0.0,1.0,-0.0016480200562189447,4.371978322791863,-0.0021055094163059396
2025-10-02,0.09922779587512748,0.0,1.0,0.09922779587512748,4.4712061186669905,0.01656144816383942
2025-10-03,0.006026262383177022,0.0,1.0,0.006026262383177022,4.477232381050167,-0.0009060059961123468
2025-10-06,0.056539824644538,0.0,1.0,0.056539824644538,4.533772205694705,0.0031986282171769798
2025-10-07,0.000738400811775739,0.0,1.0,0.000738400811775739,4.5345106065064815,0.0009368066398223185
2025-10-08,-0.07022486336018585,0.0,1.0,-0.07022486336018585,4.464285743146295,-0.005927555745295798
2025-10-09,0.07307786298555823,0.001,1.0,0.07207786298555822,4.536363606131854,0.010026263193538387
2025-10-10,-0.0013474657549138065,0.0,1.0,-0.0013474657549138065,4.535016140376939,-0.00013083011709302816
2025-10-13,-0.08105173681800162,0.0,1.0,-0.08105173681800162,4.453964403558938,-0.01916912005233895
2025-10-14,-0.02955952041176589,0.0,1.0,-0.02955952041176589,4.424404883147172,-0.007287219850587001
2025-10-15,0.05461155541075988,0.0,1.0,0.05461155541075988,4.479016438557932,0.014614234600460296
2025-10-16,0.024790738374133724,0.0,1.0,0.024790738374133724,4.503807176932066,0.0018211619012931113
2025-10-17,-0.038873103625832614,0.0,1.0,-0.038873103625832614,4.4649340733062335,-0.011832559369370776
2025-10-20,0.039784427911811575,0.0,1.0,0.039784427911811575,4.504718501218044,0.015369178024918329
2025-10-21,0.018044220862385028,0.0,1.0,0.018044220862385028,4.522762722080429,0.007411799584939205
2025-10-22,-0.02233527484591396,0.0,1.0,-0.02233527484591396,4.500427447234515,-0.001340657903341702
2025-10-23,-0.042139634983670834,0.001,1.0,-0.043139634983670835,4.457287812250844,-0.009675518155921714
2025-10-24,0.054852320675105475,0.0,1.0,0.054852320675105475,4.51214013292595,0.01831677439619117
2025-10-27,0.04334484081319521,0.0,1.0,0.04334484081319521,4.555484973739145,0.013847627396548656
2025-10-28,0.030111238971998473,0.0,1.0,0.030111238971998473,4.585596212711144,0.009351181707551559
2025-10-29,0.02800153433064827,0.0,1.0,0.02800153433064827,4.613597747041792,0.008296846246589329
2025-10-30,-0.018987341772151937,0.0,1.0,-0.018987341772151937,4.5946104052696395,-0.005380827262858268
2025-10-31,0.008630609896432736,0.0,1.0,0.008630609896432736,4.6032410151660725,0.0031637059651676847
2025-11-03,0.004794783275795934,0.0,1.0,0.004794783275795934,4.608035798441868,0.0014822523928916809
2025-11-04,-0.06367472190257001,0.0,1.0,-0.06367472190257001,4.544361076539298,-0.0186266945883391
2025-11-05,-0.025700038358266137,0.0,1.0,-0.025700038358266137,4.518661038181032,-0.007685149531510671
2025-11-06,0.016302263137706066,0.0005,0.0,0.015802263137706066,4.5344633013187385,0.005335575352875432
2025-11-07,0.0,0.0,0.0,0.0,4.5344633013187385,-0.021679345116518478
2025-11-10,0.0,0.0,0.0,0.0,4.5344633013187385,0.017441764889612132
2025-11-11,0.0,0.0,0.0,0.0,4.5344633013187385,0.00266593420797534
2025-11-12,0.0,0.0005,1.0,-0.0005,4.533963301318739,0.00688077090416872
2025-11-13,-0.03487757618460462,0.0,1.0,-0.03487757618460462,4.499085725134133,-0.011682990845656605
2025-11-14,-0.08455169984146552,0.0,1.0,-0.08455169984146552,4.414534025292668,-0.029131716164135124
2025-11-17,0.030297692443191807,0.0,1.0,0.030297692443191807,4.44483171773586,0.011258443832874665
2025-11-18,-0.030297692443191807,0.0,1.0,-0.030297692443191807,4.414534025292668,-0.011017648029028493
2025-11-19,-0.01162585872820158,0.0,1.0,-0.01162585872820158,4.402908166564467,-0.004252693372469141
2025-11-20,0.0637660736304387,0.0,1.0,0.0637660736304387,4.466674240194905,0.02436900195956926
2025-11-21,-0.10745111854852918,0.0,1.0,-0.10745111854852918,4.359223121646377,-0.039485301330891676
2025-11-24,0.03258763431389821,0.0,1.0,0.03258763431389821,4.391810755960275,0.013294295878938378
2025-11-25,0.03417297868592563,0.0,1.0,0.03417297868592563,4.4259837346462,0.013825426689961118
2025-11-26,0.03998590805002635,0.0005,0.0,0.03948590805002635,4.465469642696227,0.014912760351941223
2025-11-28,0.0,0.0005,1.0,-0.0005,4.464969642696227,0.005877455061958248
2025-12-01,-0.007541836479826455,0.0,1.0,-0.007541836479826455,4.4574278062163994,-0.004025255230397207
2025-12-02,0.05466338919653244,0.0,1.0,0.05466338919653244,4.512091195412932,0.009500839267962746
2025-12-03,0.0212118719959062,0.0,1.0,0.0212118719959062,4.533303067408839,0.000258289477932383
2025-12-04,0.030979403110550648,0.0,1.0,0.030979403110550648,4.564282470519389,0.00856976856783187
2025-12-05,0.0056417566752563,0.0,1.0,0.0056417566752563,4.569924227194646,-0.0008800985710398779
2025-12-08,0.020341332066207383,0.0,1.0,0.020341332066207383,4.590265559260853,0.004532496236266503
2025-12-09,-0.016962430932495096,0.0,1.0,-0.016962430932495096,4.573303128328359,-0.006696321806093697
2025-12-10,0.009487301326217945,0.0,1.0,0.009487301326217945,4.582790429654576,0.0013482929647998798
2025-12-11,0.004416969741274774,0.0,1.0,0.004416969741274774,4.587207399395851,-4.808848280835054e-05
2025-12-12,-0.01857618899671642,0.001,1.0,-0.019576188996716423,4.567631210399135,-0.002789266134461843
2025-12-15,-0.05018070694231164,0.0,1.0,-0.05018070694231164,4.517450503456823,-0.005963863168724326
2025-12-16,-0.04895727610113415,0.0,1.0,-0.04895727610113415,4.4684932273556885,-0.016349434804405205
2025-12-17,0.013732880669723087,0.0,1.0,0.013732880669723087,4.4822261080254115,0.00789136224640763
2025-12-18,-0.01986743787477357,0.0,1.0,-0.01986743787477357,4.462358670150639,-0.0053175871855936085
2025-12-19,0.0008656831883779893,0.0,1.0,0.0008656831883779893,4.463224353339017,0.003525746146277653
2025-12-22,0.07536362986651668,0.0,1.0,0.07536362986651668,4.538587983205533,0.015360732085954787
2025-12-23,-0.02717568234839323,0.0,1.0,-0.02717568234839323,4.51141230085714,-0.005069606501971524
2025-12-24,0.01994084952624391,0.0,1.0,0.01994084952624391,4.531353150383384,0.00613070203817534
2025-12-26,0.016873425898725748,0.0,1.0,0.016873425898725748,4.54822657628211,0.004292673515651213
2025-12-29,-0.03002139176657155,0.001,1.0,-0.03102139176657155,4.517205184515538,-0.007299971184324239
2025-12-30,0.012782099921650334,0.0,1.0,0.012782099921650334,4.529987284437189,-0.00041928721174000483
2025-12-31,-0.003669348579629515,0.0,1.0,-0.003669348579629515,4.526317935857559,-0.00030653071760466943
2026-01-02,0.014793706068636291,0.0,1.0,0.014793706068636291,4.541111641926195,0.0006616638424916665
2026-01-05,0.058641596613193805,0.0,1.0,0.058641596613193805,4.599753238539389,-0.0011934328935907512
2026-01-06,0.008565027568113268,0.0,1.0,0.008565027568113268,4.608318266107502,-0.00014532067428796314
2026-01-07,0.0216719882649416,0.0,1.0,0.0216719882649416,4.629990254372443,0.006152802674288971
2026-01-08,-0.004860789749069226,0.0,1.0,-0.004860789749069226,4.625129464623374,-1.6050333846884257e-05
2026-01-09,-0.012715259235920068,0.0,1.0,-0.012715259235920068,4.612414205387454,-0.0026001958172158224
2026-01-12,0.017057371006454894,0.0,1.0,0.017057371006454894,4.629471576393909,0.0014483191451697408
2026-01-13,0.050512952389066446,0.001,1.0,0.049512952389066445,4.678984528782975,0.007970304189230504
2026-01-14,-0.01934502192763622,0.0,1.0,-0.01934502192763622,4.659639506855339,-0.008018875444385953
2026-01-15,0.06429046161874384,0.0,1.0,0.06429046161874384,4.723929968474083,0.007006942658781101
2026-01-16,-0.0008412774692826874,0.0,1.0,-0.0008412774692826874,4.723088691004801,-0.001755505904883492
2026-01-20,-0.06971211942184866,0.0,1.0,-0.06971211942184866,4.653376571582951,-0.02393285371702647
2026-01-21,0.023175248397536506,0.0,1.0,0.023175248397536506,4.676551819980489,-0.0017361964195042878
2026-01-22,0.08885986344097191,0.0,1.0,0.08885986344097191,4.76541168342146,0.021133115657866686
2026-01-23,-0.04621231393770597,0.0,1.0,-0.04621231393770597,4.719199369483754,-0.004209849762995099
2026-01-26,-0.0076626208289050975,0.0,1.0,-0.0076626208289050975,4.711536748654849,0.0056153486195602564
2026-01-27,0.036488223271637574,0.0,1.0,0.036488223271637574,4.748024971926487,0.009146194701625365
2026-01-28,0.06646823469175624,0.001,1.0,0.06546823469175624,4.813493206618244,0.010414844731360784
2026-01-29,0.0036313013337351844,0.0,1.0,0.0036313013337351844,4.817124507951979,-0.0044219935165078494
2026-01-30,-0.04052138748649935,0.0,1.0,-0.04052138748649935,4.776603120465479,-0.010969730498695873
2026-02-02,-0.07158176977369207,0.0,1.0,-0.07158176977369207,4.705021350691787,-0.011203273081779042
2026-02-03,0.07475133750282575,0.0,1.0,0.07475133750282575,4.779772688194613,0.015516405366090114
2026-02-04,-0.08373508652952558,0.0,1.0,-0.08373508652952558,4.696037601665087,-0.021136399809008388
2026-02-05,-0.09144494260668624,0.0,1.0,-0.09144494260668624,4.604592659058401,-0.024080517706741134
2026-02-06,0.03648701429181425,0.0,1.0,0.03648701429181425,4.641079673350215,-3.3321670748542864e-05
2026-02-09,0.04091917212970639,0.0,1.0,0.04091917212970639,4.681998845479921,0.012246122061347009
2026-02-10,0.050464169994725305,0.0,1.0,0.050464169994725305,4.7324630154746465,0.012781051453402137
2026-02-11,0.02048551980508875,0.0005,0.0,0.01998551980508875,4.752448535279735,0.001747101031196019
2026-02-12,0.0,0.0,0.0,0.0,4.752448535279735,-0.002709367597910295
2026-02-13,0.0,0.0,0.0,0.0,4.752448535279735,-0.023230466398789784
2026-02-17,0.0,0.0,0.0,0.0,4.752448535279735,-0.003422547174524837
2026-02-18,0.0,0.0,0.0,0.0,4.752448535279735,0.006241905159807937
2026-02-19,0.0,0.0,0.0,0.0,4.752448535279735,0.0011625782664295148
2026-02-20,0.0,0.0,0.0,0.0,4.752448535279735,-0.004462434266186643
2026-02-23,0.0,0.0,0.0,0.0,4.752448535279735,0.010806172098913658
2026-02-24,0.0,0.0,0.0,0.0,4.752448535279735,-0.006932023310061819
2026-02-25,0.0,0.0,0.0,0.0,4.752448535279735,0.014392430278884483
2026-02-26,0.0,0.0005,1.0,-0.0005,4.751948535279736,0.007396861243392783
2026-02-27,-0.0978451829774932,0.0,1.0,-0.0978451829774932,4.654103352302242,-0.020484413327052087
2026-03-02,-0.033485801966139025,0.0,1.0,-0.033485801966139025,4.620617550336103,-0.006832730770506501
2026-03-03,-0.027377430988409383,0.0,1.0,-0.027377430988409383,4.593240119347694,-0.004224693584477079
2026-03-04,0.024154660012359518,0.0,1.0,0.024154660012359518,4.617394779360053,0.013130313752452327
2026-03-05,0.002722883988997924,0.0,1.0,0.002722883988997924,4.620117663349051,0.005362817796610075
2026-03-06,-0.054018273603352034,0.0,1.0,-0.054018273603352034,4.566099389745699,-0.011672703325650402
2026-03-09,-0.046475807989406016,0.0,1.0,-0.046475807989406016,4.519623581756293,-0.01013642951141902
2026-03-10,0.08644176203778774,0.0,1.0,0.08644176203778774,4.60606534379408,0.022811224704446964
2026-03-11,0.017678816301645375,0.0,1.0,0.017678816301645375,4.623744160095726,0.0019250386653066887
2026-03-12,-0.02868434686001111,0.0005,0.0,-0.02918434686001111,4.5945598132357155,-0.01016503818047465
2026-03-13,0.0,0.0,0.0,0.0,4.5945598132357155,-0.005026876368703914
2026-03-16,0.0,0.0,0.0,0.0,4.5945598132357155,0.0005168992713386888
2026-03-17,0.0,0.0,0.0,0.0,4.5945598132357155,0.005166322245183652
2026-03-18,0.0,0.0,0.0,0.0,4.5945598132357155,-0.0027356832576184154
2026-03-19,0.0,0.0,0.0,0.0,4.5945598132357155,-0.019917205606078237
2026-03-20,0.0,0.0,0.0,0.0,4.5945598132357155,0.002629302301911718
2026-03-23,0.0,0.0,0.0,0.0,4.5945598132357155,-0.0009136128311846292
2026-03-24,0.0,0.0,0.0,0.0,4.5945598132357155,-0.009669443879970263
2026-03-25,0.0,0.0,0.0,0.0,4.5945598132357155,0.007404114156734698
2026-03-26,0.0,0.0,0.0,0.0,4.5945598132357155,-0.0111009267746206
2026-03-27,0.0,0.0,0.0,0.0,4.5945598132357155,-0.020236869207003183
2026-03-30,0.0,0.0,0.0,0.0,4.5945598132357155,-0.006009004747639213
2026-03-31,0.0,0.0,0.0,0.0,4.5945598132357155,-0.005446085515880106
2026-04-01,0.0,0.0,0.0,0.0,4.5945598132357155,0.030463059774229695
2026-04-02,0.0,0.0,0.0,0.0,4.5945598132357155,-0.012915319529476443
2026-04-06,0.0,0.0,0.0,0.0,4.5945598132357155,0.02136000139380112
2026-04-07,0.0,0.0,0.0,0.0,4.5945598132357155,-0.0010064309230166657
2026-04-08,0.0,0.0005,1.0,-0.0005,4.594059813235715,0.03939280103818055
2026-04-09,0.007068387069338364,0.0,1.0,0.007068387069338364,4.6011282003050535,-0.004567035205598868
2026-04-10,0.060322236256913145,0.0,1.0,0.060322236256913145,4.6614504365619664,0.009753601901209885
2026-04-13,0.003851024048914178,0.0,1.0,0.003851024048914178,4.6653014606108805,-0.0038572175732217717
2026-04-14,0.08472212613666114,0.0,1.0,0.08472212613666114,4.750023586747542,0.017621579050994374
2026-04-15,0.03288745293667231,0.0,1.0,0.03288745293667231,4.782911039684214,0.014285253619683358
2026-04-16,0.028954113007530223,0.0,1.0,0.028954113007530223,4.811865152691745,0.01610288039676977
2026-04-17,0.0786604290400072,0.0,1.0,0.0786604290400072,4.890525581731751,0.009981070383754842
2026-04-20,0.027291491852936292,0.0,1.0,0.027291491852936292,4.917817073584688,0.0037949782369615104
2026-04-21,0.015898502900172168,0.0,1.0,0.015898502900172168,4.933715576484859,0.0005709524103449937
2026-04-22,0.04209001654903317,0.0005,0.0,0.04159001654903317,4.975305593033893,0.0026834872997023584
2026-04-23,0.0,0.0,0.0,0.0,4.975305593033893,0.005229562408674893
2026-04-24,0.0,0.0,0.0,0.0,4.975305593033893,0.0075893198684109375
2026-04-27,0.0,0.0,0.0,0.0,4.975305593033893,0.007425855340085885
2026-04-28,0.0,0.0,0.0,0.0,4.975305593033893,-0.009029243292131506
2026-04-29,0.0,0.0,0.0,0.0,4.975305593033893,0.0018557673293684296
2026-04-30,0.0,0.0,0.0,0.0,4.975305593033893,0.010202997130407176
