rule,a,b,target,stop,hold,trades,net_return,mean_bp,target_rate,green_rate,top_abs_share
prior5_bp_ge_10&close_loc_ge_0.9,prior5_bp_ge_10,close_loc_ge_0.9,5,5,1,24,0.0020440490449470383,0.851687102061266,0.5,0.5416666666666666,0.05877221075371827
green_ge_10&prior5_bp_ge_10,green_ge_10,prior5_bp_ge_10,5,5,3,25,0.001581058245220368,0.6324232980881472,0.6,0.6,0.04714411147310032
green_ge_10&prior3_bp_ge_5,green_ge_10,prior3_bp_ge_5,5,5,3,27,0.0014926385401663467,0.5528290889504988,0.5925925925925926,0.5925925925925926,0.04369800306993285
green_ge_10&prior5_bp_ge_5,green_ge_10,prior5_bp_ge_5,5,5,3,27,0.0014798919677947442,0.5481081362202757,0.5925925925925926,0.5925925925925926,0.0436607944420419
green_ge_10&prior5_bp_ge_10,green_ge_10,prior5_bp_ge_10,5,5,1,25,0.0014490651164086321,0.5796260465634528,0.56,0.56,0.05045424556350822
green_ge_10&prior3_bp_ge_5,green_ge_10,prior3_bp_ge_5,5,5,1,27,0.0013606454113546107,0.5039427449461521,0.5555555555555556,0.5555555555555556,0.04652737858389199
prior3_bp_ge_5&close_loc_ge_0.9,prior3_bp_ge_5,close_loc_ge_0.9,5,5,3,33,0.0013515090586257994,0.40954819958357563,0.5151515151515151,0.5757575757575758,0.037078239386855366
green_ge_10&prior5_bp_ge_5,green_ge_10,prior5_bp_ge_5,5,5,1,27,0.0013478988389830082,0.49922179221592894,0.5555555555555556,0.5555555555555556,0.0464851978919994
range_ge_10&close_loc_ge_0.9,range_ge_10,close_loc_ge_0.9,5,5,3,28,0.001273277222546887,0.4547418651953168,0.5357142857142857,0.5714285714285714,0.04216617006983992
prior5_bp_ge_0&close_loc_ge_0.9,prior5_bp_ge_0,close_loc_ge_0.9,2,5,3,33,0.0011809372478079894,0.3578597720630271,0.7878787878787878,0.7878787878787878,0.06381841203295262
prior3_bp_ge_5&close_loc_ge_0.9,prior3_bp_ge_5,close_loc_ge_0.9,2,5,3,33,0.001171684712842458,0.3550559735886236,0.7878787878787878,0.7878787878787878,0.06387950256075525
prior5_bp_ge_10&close_loc_ge_0.9,prior5_bp_ge_10,close_loc_ge_0.9,3,5,1,24,0.0011537417020980323,0.48072570920751345,0.625,0.625,0.07592974276403659
prior5_bp_ge_10&close_loc_ge_0.9,prior5_bp_ge_10,close_loc_ge_0.9,5,5,3,24,0.0011387517464602759,0.4744798943584483,0.5416666666666666,0.5833333333333334,0.048150022615927
green_ge_10&prior3_bp_ge_10,green_ge_10,prior3_bp_ge_10,2,2,3,23,0.0011294214226943433,0.4910527924758014,0.6956521739130435,0.6956521739130435,0.05989769010624233
green_ge_10&prior3_bp_ge_10,green_ge_10,prior3_bp_ge_10,2,2,1,23,0.0011294214226943433,0.4910527924758014,0.6956521739130435,0.6956521739130435,0.05989769010624233
green_ge_10&prior3_bp_ge_5,green_ge_10,prior3_bp_ge_5,2,5,1,27,0.0011190460031830218,0.4144614826603784,0.7777777777777778,0.7777777777777778,0.0828932819206056
prior5_bp_ge_0&close_loc_ge_0.9,prior5_bp_ge_0,close_loc_ge_0.9,5,5,3,33,0.0011100981084457562,0.33639336619568366,0.48484848484848486,0.5757575757575758,0.037623674255636355
green_ge_10&prior3_bp_ge_10,green_ge_10,prior3_bp_ge_10,2,5,1,23,0.0011016457828900705,0.478976427343509,0.782608695652174,0.782608695652174,0.09887559857649367
rvol_ge_4&prior5_bp_ge_0,rvol_ge_4,prior5_bp_ge_0,5,5,3,28,0.001076491008511593,0.38446107446842614,0.4642857142857143,0.5714285714285714,0.04935109874428152
range_ge_10&close_loc_ge_0.9,range_ge_10,close_loc_ge_0.9,5,5,1,28,0.001024870973092118,0.3660253475328993,0.5,0.5714285714285714,0.045598362232696144
prior3_bp_ge_5&close_loc_ge_0.9,prior3_bp_ge_5,close_loc_ge_0.9,5,5,1,33,0.000987248680318853,0.2991662667632888,0.42424242424242425,0.5151515151515151,0.04470798875699175
prior5_bp_ge_5&close_loc_ge_0.9,prior5_bp_ge_5,close_loc_ge_0.9,2,5,3,32,0.0009686107282258494,0.30269085257057793,0.78125,0.78125,0.0652503988788079
rvol_ge_3&rvol_ge_4,rvol_ge_3,rvol_ge_4,5,5,3,30,0.0009576031002835883,0.31920103342786277,0.4666666666666667,0.5666666666666667,0.045360153227060745
prior5_bp_ge_10&close_loc_ge_0.9,prior5_bp_ge_10,close_loc_ge_0.9,2,5,3,24,0.0009039030764632638,0.37662628185969327,0.7916666666666666,0.7916666666666666,0.08833057997004021
green_ge_10&prior3_bp_ge_10,green_ge_10,prior3_bp_ge_10,1,3,3,23,0.0008913419499104736,0.38753997822194497,0.8695652173913043,0.8695652173913043,0.12301394919949231
green_ge_10&prior3_bp_ge_10,green_ge_10,prior3_bp_ge_10,1,3,1,23,0.0008913419499104736,0.38753997822194497,0.8695652173913043,0.8695652173913043,0.12301394919949231
green_ge_10&prior5_bp_ge_0,green_ge_10,prior5_bp_ge_0,5,5,3,28,0.0008769922676303832,0.31321152415370823,0.5714285714285714,0.5714285714285714,0.041970442023734796
green_ge_10&prior3_bp_ge_0,green_ge_10,prior3_bp_ge_0,5,5,3,28,0.0008756485500935884,0.31273162503342444,0.5714285714285714,0.5714285714285714,0.04196682080621147
rvol_ge_4&prior5_bp_ge_5,rvol_ge_4,prior5_bp_ge_5,5,5,3,27,0.0008676833184312338,0.321364192011568,0.48148148148148145,0.5555555555555556,0.05017359164961522
close_loc_ge_0.75&close_loc_ge_0.9,close_loc_ge_0.75,close_loc_ge_0.9,2,5,3,43,0.0008102666758558197,0.1884341106641441,0.7674418604651163,0.7674418604651163,0.04752036186806457
rvol_ge_4&prior3_bp_ge_10,rvol_ge_4,prior3_bp_ge_10,5,5,3,20,0.0007918057074567386,0.3959028537283693,0.5,0.6,0.06594474496718886
prior5_bp_ge_10&close_loc_ge_0.9,prior5_bp_ge_10,close_loc_ge_0.9,2,5,1,24,0.0007858573264369895,0.32744055268207894,0.7083333333333334,0.7083333333333334,0.09824947430485388
green_ge_10&prior5_bp_ge_0,green_ge_10,prior5_bp_ge_0,5,5,1,28,0.0007449991388186472,0.2660711210066597,0.5357142857142857,0.5357142857142857,0.0445738619350378
green_ge_10&prior3_bp_ge_0,green_ge_10,prior3_bp_ge_0,5,5,1,28,0.0007436554212818525,0.2655912218863759,0.5357142857142857,0.5357142857142857,0.04456977755890444
prior5_bp_ge_0&close_loc_ge_0.9,prior5_bp_ge_0,close_loc_ge_0.9,5,5,1,33,0.0007062254690516356,0.21400771789443504,0.42424242424242425,0.48484848484848486,0.04447038172993953
rvol_ge_4&prior5_bp_ge_10,rvol_ge_4,prior5_bp_ge_10,5,5,3,22,0.0007006200730382828,0.3184636695628558,0.5,0.5909090909090909,0.05905238225321034
green_ge_10&prior3_bp_ge_5,green_ge_10,prior3_bp_ge_5,2,5,3,27,0.00069275683394876,0.2565766051662074,0.7777777777777778,0.7777777777777778,0.07847759233181038
green_ge_10&prior5_bp_ge_10,green_ge_10,prior5_bp_ge_10,2,5,1,25,0.0006816513482881259,0.27266053931525036,0.76,0.76,0.087676523787987
green_ge_10&prior3_bp_ge_10,green_ge_10,prior3_bp_ge_10,2,5,3,23,0.0006753566136558087,0.29363331028513423,0.782608695652174,0.782608695652174,0.09265688771248318
green_ge_10&prior3_bp_ge_10,green_ge_10,prior3_bp_ge_10,2,3,1,23,0.0006602955239540798,0.28708501041481727,0.6956521739130435,0.6956521739130435,0.07210574554837977
prior5_bp_ge_10&close_loc_ge_0.75,prior5_bp_ge_10,close_loc_ge_0.75,5,5,1,38,0.0006448888972870881,0.16970760454923373,0.42105263157894735,0.47368421052631576,0.04004021822256546
prior5_bp_ge_5&close_loc_ge_0.9,prior5_bp_ge_5,close_loc_ge_0.9,5,5,3,32,0.0006082354257967992,0.19007357056149976,0.46875,0.5625,0.03881053950015541
prior3_bp_ge_10&close_loc_ge_0.9,prior3_bp_ge_10,close_loc_ge_0.9,5,5,1,22,0.0006067281731132468,0.27578553323329397,0.4090909090909091,0.5,0.06793982150511439
prior3_bp_ge_5&close_loc_ge_0.9,prior3_bp_ge_5,close_loc_ge_0.9,2,5,1,33,0.0005844069976420618,0.1770930295885036,0.696969696969697,0.696969696969697,0.06859159417337798
green_ge_10&prior3_bp_ge_10,green_ge_10,prior3_bp_ge_10,5,5,3,23,0.0005727088817196746,0.2490038616172498,0.5652173913043478,0.5652173913043478,0.050943064475152594
prior3_bp_ge_10&close_loc_ge_0.9,prior3_bp_ge_10,close_loc_ge_0.9,3,5,1,22,0.0005229897047049903,0.23772259304772286,0.5909090909090909,0.5909090909090909,0.08209879759176972
green_ge_10&prior5_bp_ge_10,green_ge_10,prior5_bp_ge_10,2,2,3,25,0.0005102716890220682,0.20410867560882728,0.64,0.64,0.05398417402320711
green_ge_10&prior5_bp_ge_10,green_ge_10,prior5_bp_ge_10,2,2,1,25,0.0005102716890220682,0.20410867560882728,0.64,0.64,0.05398417402320711
green_ge_10&prior5_bp_ge_10,green_ge_10,prior5_bp_ge_10,5,2,3,25,0.0005047927772394711,0.20191711089578845,0.4,0.4,0.05311129632127965
green_ge_10&prior5_bp_ge_10,green_ge_10,prior5_bp_ge_10,5,2,1,25,0.0005047927772394711,0.20191711089578845,0.4,0.4,0.05311129632127965
green_ge_10&prior5_bp_ge_0,green_ge_10,prior5_bp_ge_0,2,5,1,28,0.0005033997306470583,0.17978561808823512,0.75,0.75,0.07666355810907849
green_ge_10&prior3_bp_ge_0,green_ge_10,prior3_bp_ge_0,2,5,1,28,0.0005020560131102636,0.17930571896795128,0.75,0.75,0.07665098496393137
prior3_bp_ge_10&close_loc_ge_0.9,prior3_bp_ge_10,close_loc_ge_0.9,2,5,3,22,0.0004893152876646045,0.22241603984754751,0.7727272727272727,0.7727272727272727,0.09389984774345035
rvol_ge_4&rvol3_prior3_pos,rvol_ge_4,rvol3_prior3_pos,5,5,3,29,0.00045669520472291225,0.1574811050768663,0.4482758620689655,0.5517241379310345,0.047061170685602824
rvol_ge_4&prior3_bp_ge_0,rvol_ge_4,prior3_bp_ge_0,5,5,3,29,0.00045669520472291225,0.1574811050768663,0.4482758620689655,0.5517241379310345,0.047061170685602824
rvol_ge_4&prior3_bp_ge_5,rvol_ge_4,prior3_bp_ge_5,5,5,3,29,0.00045669520472291225,0.1574811050768663,0.4482758620689655,0.5517241379310345,0.047061170685602824
green_ge_10&prior3_bp_ge_10,green_ge_10,prior3_bp_ge_10,5,5,1,23,0.00044071575290793863,0.191615544742582,0.5217391304347826,0.5217391304347826,0.05483015789483037
green_ge_10&prior3_bp_ge_10,green_ge_10,prior3_bp_ge_10,2,3,3,23,0.0004277741589171491,0.18598876474658657,0.6956521739130435,0.6956521739130435,0.06939990302256123
prior5_bp_ge_10&close_loc_ge_0.9,prior5_bp_ge_10,close_loc_ge_0.9,1,5,3,24,0.00041018970104200747,0.17091237543416976,0.875,0.875,0.15130304565730565
green_ge_10&prior3_bp_ge_5,green_ge_10,prior3_bp_ge_5,2,2,1,27,0.0004036991475996343,0.14951820281467937,0.6296296296296297,0.6296296296296297,0.049650348464109394
green_ge_10&prior3_bp_ge_5,green_ge_10,prior3_bp_ge_5,2,2,3,27,0.0004036991475996343,0.14951820281467937,0.6296296296296297,0.6296296296296297,0.049650348464109394
rvol_ge_4&range_ge_10,rvol_ge_4,range_ge_10,5,5,3,24,0.0003882100378720388,0.16175418244668283,0.5,0.5416666666666666,0.0527199128765665
prior3_bp_ge_0&close_loc_ge_0.9,prior3_bp_ge_0,close_loc_ge_0.9,2,5,3,37,0.00036785029738961583,0.09941899929449076,0.7567567567567568,0.7567567567567568,0.05452881664375467
prior3_bp_ge_10&close_loc_ge_0.9,prior3_bp_ge_10,close_loc_ge_0.9,2,5,1,22,0.00035565186739050514,0.1616599397229569,0.6818181818181818,0.6818181818181818,0.10511542322733804
prior3_bp_ge_5&close_loc_ge_0.9,prior3_bp_ge_5,close_loc_ge_0.9,3,5,1,33,0.00033971116300435256,0.10294277666798562,0.5757575757575758,0.6060606060606061,0.05397928042455301
green_ge_10&prior3_bp_ge_10,green_ge_10,prior3_bp_ge_10,1,2,1,23,0.00032993434028183444,0.14344971316601499,0.782608695652174,0.782608695652174,0.09516422996381486
green_ge_10&prior3_bp_ge_10,green_ge_10,prior3_bp_ge_10,1,2,3,23,0.00032993434028183444,0.14344971316601499,0.782608695652174,0.782608695652174,0.09516422996381486
green_ge_10&range_ge_10,green_ge_10,range_ge_10,2,5,1,31,0.0003017120034257692,0.09732645271799008,0.7419354838709677,0.7419354838709677,0.06808398218909392
green_ge_7.5&green_ge_10,green_ge_7.5,green_ge_10,2,5,1,31,0.0003017120034257692,0.09732645271799008,0.7419354838709677,0.7419354838709677,0.06808398218909392
green_ge_10&prior3_bp_ge_10,green_ge_10,prior3_bp_ge_10,5,2,3,23,0.000292155773286229,0.12702424925488218,0.391304347826087,0.391304347826087,0.05789394503376583
green_ge_10&prior3_bp_ge_10,green_ge_10,prior3_bp_ge_10,5,2,1,23,0.000292155773286229,0.12702424925488218,0.391304347826087,0.391304347826087,0.05789394503376583
green_ge_10&prior5_bp_ge_5,green_ge_10,prior5_bp_ge_5,2,5,1,27,0.00029061319423184795,0.1076345163821659,0.7407407407407407,0.7407407407407407,0.07870803119955552
green_ge_10&prior3_bp_ge_10,green_ge_10,prior3_bp_ge_10,1,5,3,23,0.00026847755329817424,0.11672937099920619,0.8695652173913043,0.8695652173913043,0.1585619064382523
green_ge_10&prior3_bp_ge_10,green_ge_10,prior3_bp_ge_10,1,5,1,23,0.00026847755329817424,0.11672937099920619,0.8695652173913043,0.8695652173913043,0.1585619064382523
green_ge_10&prior5_bp_ge_10,green_ge_10,prior5_bp_ge_10,2,5,3,25,0.00025536217905386405,0.10214487162154562,0.76,0.76,0.0827516670146273
prior5_bp_ge_5&close_loc_ge_0.9,prior5_bp_ge_5,close_loc_ge_0.9,5,5,1,32,0.0002043627864026787,0.06386337075083709,0.40625,0.46875,0.046138093640512176
prior5_bp_ge_0&close_loc_ge_0.9,prior5_bp_ge_0,close_loc_ge_0.9,2,5,1,33,0.00020336342267945895,0.06162527959983605,0.6666666666666666,0.6666666666666666,0.06879204998108149
prior3_bp_ge_10&close_loc_ge_0.9,prior3_bp_ge_10,close_loc_ge_0.9,1,5,3,22,0.000202986539672656,0.09226660894211637,0.8636363636363636,0.8636363636363636,0.15945298823517437
prior3_bp_ge_10&close_loc_ge_0.75,prior3_bp_ge_10,close_loc_ge_0.75,1,5,3,35,0.00018606497717077453,0.05316142204879272,0.8571428571428571,0.8571428571428571,0.0998301982794174
green_ge_7.5&close_loc_ge_0.9,green_ge_7.5,close_loc_ge_0.9,5,5,3,28,0.00015797285408014616,0.05641887645719505,0.5,0.5357142857142857,0.041841880392365825
green_ge_7.5&green_ge_10,green_ge_7.5,green_ge_10,5,5,3,31,0.0001470528814975225,0.047436413386297574,0.5483870967741935,0.5483870967741935,0.037764692858130645
green_ge_10&range_ge_10,green_ge_10,range_ge_10,5,5,3,31,0.0001470528814975225,0.047436413386297574,0.5483870967741935,0.5483870967741935,0.037764692858130645
prior3_bp_ge_10&close_loc_ge_0.9,prior3_bp_ge_10,close_loc_ge_0.9,5,5,3,22,0.00010201007537413709,0.04636821607915322,0.5,0.5454545454545454,0.05238530265085924
prior5_bp_ge_10&close_loc_ge_0.9,prior5_bp_ge_10,close_loc_ge_0.9,3,5,3,24,0.0001005855606610595,0.041910650275441455,0.6666666666666666,0.6666666666666666,0.06294668230431757
range_ge_10&close_loc_ge_0.9,range_ge_10,close_loc_ge_0.9,3,5,3,28,9.854706336231978e-05,0.03519537977225706,0.6428571428571429,0.6428571428571429,0.055848975333060435
green_ge_10&prior5_bp_ge_0,green_ge_10,prior5_bp_ge_0,2,2,1,28,9.744063858529994e-05,0.03480022806617855,0.6071428571428571,0.6071428571428571,0.04745769845637923
green_ge_10&prior5_bp_ge_0,green_ge_10,prior5_bp_ge_0,2,2,3,28,9.744063858529994e-05,0.03480022806617855,0.6071428571428571,0.6071428571428571,0.04745769845637923
green_ge_10&prior3_bp_ge_0,green_ge_10,prior3_bp_ge_0,2,2,1,28,9.690315157062646e-05,0.03460826841808088,0.6071428571428571,0.6071428571428571,0.04745402055702501
green_ge_10&prior3_bp_ge_0,green_ge_10,prior3_bp_ge_0,2,2,3,28,9.690315157062646e-05,0.03460826841808088,0.6071428571428571,0.6071428571428571,0.04745402055702501
green_ge_10&prior5_bp_ge_0,green_ge_10,prior5_bp_ge_0,2,5,3,28,7.711056141279649e-05,0.027539486218855887,0.75,0.75,0.0728714566079443
green_ge_10&prior3_bp_ge_0,green_ge_10,prior3_bp_ge_0,2,5,3,28,7.576684387600174e-05,0.02705958709857205,0.75,0.75,0.07286009644894706
prior5_bp_ge_10&close_loc_ge_0.9,prior5_bp_ge_10,close_loc_ge_0.9,1,5,1,24,7.178967800636205e-05,0.029912365835984188,0.7916666666666666,0.7916666666666666,0.15409574925568933
close_loc_ge_0.75&close_loc_ge_0.9,close_loc_ge_0.75,close_loc_ge_0.9,5,5,3,43,6.987192661100927e-05,0.01624928525837425,0.46511627906976744,0.5348837209302325,0.02874051963219741
green_ge_10&prior5_bp_ge_10,green_ge_10,prior5_bp_ge_10,1,3,3,25,4.094929065823205e-05,0.01637971626329282,0.8,0.8,0.10336235208849284
green_ge_10&prior5_bp_ge_10,green_ge_10,prior5_bp_ge_10,1,3,1,25,4.094929065823205e-05,0.01637971626329282,0.8,0.8,0.10336235208849284
green_ge_7.5&green_ge_10,green_ge_7.5,green_ge_10,5,5,1,31,1.505975268578652e-05,0.004857984737350491,0.5161290322580645,0.5161290322580645,0.03985947033487252
green_ge_10&range_ge_10,green_ge_10,range_ge_10,5,5,1,31,1.505975268578652e-05,0.004857984737350491,0.5161290322580645,0.5161290322580645,0.03985947033487252
prior5_bp_ge_0&close_loc_ge_0.9,prior5_bp_ge_0,close_loc_ge_0.9,1,5,3,33,4.774189214185043e-06,0.0014467240042984977,0.8484848484848485,0.8484848484848485,0.10127779236512933
prior3_bp_ge_5&range_ge_15,prior3_bp_ge_5,range_ge_15,1,5,3,21,4.367404875416092e-06,0.002079716607340996,0.8571428571428571,0.8571428571428571,0.17577743608993943
prior3_bp_ge_5&range_ge_15,prior3_bp_ge_5,range_ge_15,1,5,1,21,4.367404875416092e-06,0.002079716607340996,0.8571428571428571,0.8571428571428571,0.17577743608993943
rvol_ge_4&prior3_bp_ge_10,rvol_ge_4,prior3_bp_ge_10,1,5,3,20,3.820810292376464e-06,0.001910405146188232,0.85,0.85,0.168491465815824
prior5_bp_ge_5&close_loc_ge_0.9,prior5_bp_ge_5,close_loc_ge_0.9,2,5,1,32,-8.963096902681045e-06,-0.0028009677820878265,0.65625,0.65625,0.07045885066581171
prior3_bp_ge_5&close_loc_ge_0.9,prior3_bp_ge_5,close_loc_ge_0.9,1,5,3,33,-9.528873313957575e-06,-0.002887537367865932,0.8484848484848485,0.8484848484848485,0.10151754434702376
green_ge_10&prior3_bp_ge_5,green_ge_10,prior3_bp_ge_5,1,5,3,27,-1.4965372460484794e-05,-0.005542730540920294,0.8518518518518519,0.8518518518518519,0.12857382692722671
green_ge_10&prior3_bp_ge_5,green_ge_10,prior3_bp_ge_5,1,5,1,27,-1.4965372460484794e-05,-0.005542730540920294,0.8518518518518519,0.8518518518518519,0.12857382692722671
range_ge_10&close_loc_ge_0.9,range_ge_10,close_loc_ge_0.9,3,5,1,28,-2.221522487477756e-05,-0.007934008883849129,0.6071428571428571,0.6428571428571429,0.05832272042328608
green_ge_7.5&close_loc_ge_0.9,green_ge_7.5,close_loc_ge_0.9,5,5,1,28,-9.04333953746228e-05,-0.03229764120522243,0.4642857142857143,0.5357142857142857,0.04521936894646733
rvol_ge_4&prior5_bp_ge_10,rvol_ge_4,prior5_bp_ge_10,5,5,1,22,-9.780187118468842e-05,-0.044455395993040187,0.4090909090909091,0.5,0.0628188032127461
prior5_bp_ge_5&close_loc_ge_0.9,prior5_bp_ge_5,close_loc_ge_0.9,1,5,3,32,-0.00011104027601249733,-0.034700086253905416,0.84375,0.84375,0.10325228047788247
green_ge_10&prior5_bp_ge_5,green_ge_10,prior5_bp_ge_5,2,2,1,27,-0.00011534589782991045,-0.042720702899966836,0.5925925925925926,0.5925925925925926,0.048959954647166605
green_ge_10&prior5_bp_ge_5,green_ge_10,prior5_bp_ge_5,2,2,3,27,-0.00011534589782991045,-0.042720702899966836,0.5925925925925926,0.5925925925925926,0.048959954647166605
prior3_bp_ge_10&close_loc_ge_0.9,prior3_bp_ge_10,close_loc_ge_0.9,2,2,3,22,-0.0001187894070527884,-0.053995185023994724,0.5909090909090909,0.5909090909090909,0.05795019516410865
green_ge_10&prior5_bp_ge_5,green_ge_10,prior5_bp_ge_5,5,2,1,27,-0.00012082480961250752,-0.0447499294861139,0.37037037037037035,0.37037037037037035,0.04991888211316262
green_ge_10&prior5_bp_ge_5,green_ge_10,prior5_bp_ge_5,5,2,3,27,-0.00012082480961250752,-0.0447499294861139,0.37037037037037035,0.37037037037037035,0.04991888211316262
green_ge_10&range_ge_10,green_ge_10,range_ge_10,2,5,3,31,-0.00012457716580849265,-0.040186182518868595,0.7419354838709677,0.7419354838709677,0.06507650262405536
green_ge_7.5&green_ge_10,green_ge_7.5,green_ge_10,2,5,3,31,-0.00012457716580849265,-0.040186182518868595,0.7419354838709677,0.7419354838709677,0.06507650262405536
prior5_bp_ge_10&range_ge_15,prior5_bp_ge_10,range_ge_15,1,5,1,20,-0.00012483337844315656,-0.06241668922157828,0.85,0.85,0.1807187545792147
prior5_bp_ge_10&range_ge_15,prior5_bp_ge_10,range_ge_15,1,5,3,20,-0.00012483337844315656,-0.06241668922157828,0.85,0.85,0.1807187545792147
green_ge_10&prior3_bp_ge_5,green_ge_10,prior3_bp_ge_5,5,2,1,27,-0.0001273315583600887,-0.047159836429662476,0.37037037037037035,0.37037037037037035,0.04988769459207916
green_ge_10&prior3_bp_ge_5,green_ge_10,prior3_bp_ge_5,5,2,3,27,-0.0001273315583600887,-0.047159836429662476,0.37037037037037035,0.37037037037037035,0.04988769459207916
green_ge_10&prior5_bp_ge_5,green_ge_10,prior5_bp_ge_5,2,5,3,27,-0.0001356759750024139,-0.05025036111200515,0.7407407407407407,0.7407407407407407,0.07471624198880181
prior5_bp_ge_0&close_loc_ge_0.9,prior5_bp_ge_0,close_loc_ge_0.9,3,5,1,33,-0.00014315088997574055,-0.043379057568406224,0.5454545454545454,0.5757575757575758,0.054590397665263135
prior3_bp_ge_10&close_loc_ge_0.9,prior3_bp_ge_10,close_loc_ge_0.9,1,5,1,22,-0.00015786924269334257,-0.07175874667879208,0.7727272727272727,0.7727272727272727,0.1626757063349669
rvol_ge_3&rvol_ge_4,rvol_ge_3,rvol_ge_4,3,5,3,30,-0.00015893654781584665,-0.05297884927194888,0.6,0.6333333333333333,0.05542991718751712
prior5_bp_ge_0&close_loc_ge_0.9,prior5_bp_ge_0,close_loc_ge_0.9,3,5,3,33,-0.00016219151355811867,-0.0491489435024602,0.6363636363636364,0.6363636363636364,0.04690901548711727
prior3_bp_ge_5&close_loc_ge_0.9,prior3_bp_ge_5,close_loc_ge_0.9,3,5,3,33,-0.00016639352096126103,-0.050422279079170004,0.6363636363636364,0.6363636363636364,0.04692399555355597
green_ge_10&prior5_bp_ge_10,green_ge_10,prior5_bp_ge_10,3,5,1,25,-0.00017263204190787196,-0.06905281676314878,0.64,0.64,0.06499597272192689
green_ge_10&prior5_bp_ge_10,green_ge_10,prior5_bp_ge_10,2,3,1,25,-0.0001847399737311406,-0.07389598949245624,0.64,0.64,0.06331723290666302
prior5_bp_ge_10&close_loc_ge_0.75,prior5_bp_ge_10,close_loc_ge_0.75,1,5,3,38,-0.00020576264991878368,-0.05414806576810097,0.8421052631578947,0.8421052631578947,0.08846011724466404
prior3_bp_ge_0&close_loc_ge_0.9,prior3_bp_ge_0,close_loc_ge_0.9,5,5,3,37,-0.00021708919686158623,-0.058672755908536815,0.4594594594594595,0.5405405405405406,0.0329190411766064
green_ge_10&close_loc_ge_0.75,green_ge_10,close_loc_ge_0.75,2,2,1,24,-0.000218143150715,-0.09089297946458333,0.5833333333333334,0.5833333333333334,0.054895291246937046
green_ge_10&close_loc_ge_0.75,green_ge_10,close_loc_ge_0.75,2,2,3,24,-0.000218143150715,-0.09089297946458333,0.5833333333333334,0.5833333333333334,0.054895291246937046
rvol_ge_4&prior3_bp_ge_10,rvol_ge_4,prior3_bp_ge_10,5,5,1,20,-0.00021895431279095323,-0.10947715639547662,0.4,0.5,0.06902893234771425
rvol_ge_3&rvol_ge_4,rvol_ge_3,rvol_ge_4,5,5,1,30,-0.00022317518759940036,-0.07439172919980011,0.36666666666666664,0.5333333333333333,0.05015128883958393
green_ge_10&prior3_bp_ge_5,green_ge_10,prior3_bp_ge_5,1,3,3,27,-0.00023205183774988036,-0.08594512509254829,0.7777777777777778,0.7777777777777778,0.08800993636926377
green_ge_10&prior3_bp_ge_5,green_ge_10,prior3_bp_ge_5,1,3,1,27,-0.00023205183774988036,-0.08594512509254829,0.7777777777777778,0.7777777777777778,0.08800993636926377
prior3_bp_ge_10&close_loc_ge_0.9,prior3_bp_ge_10,close_loc_ge_0.9,1,3,3,22,-0.0002546092516519938,-0.11573147802363354,0.7727272727272727,0.7727272727272727,0.10700371868548501
green_ge_10&prior5_bp_ge_10,green_ge_10,prior5_bp_ge_10,1,5,1,25,-0.00025901491556257206,-0.10360596622502882,0.84,0.84,0.1346373939249228
green_ge_10&prior5_bp_ge_10,green_ge_10,prior5_bp_ge_10,1,5,3,25,-0.00025901491556257206,-0.10360596622502882,0.84,0.84,0.1346373939249228
prior3_bp_ge_5&range_ge_15,prior3_bp_ge_5,range_ge_15,1,2,1,21,-0.00027240717484788846,-0.1297177023085183,0.7142857142857143,0.7142857142857143,0.09136923766171307
prior3_bp_ge_5&range_ge_15,prior3_bp_ge_5,range_ge_15,1,2,3,21,-0.00027240717484788846,-0.1297177023085183,0.7142857142857143,0.7142857142857143,0.09136923766171307
prior3_bp_ge_10&close_loc_ge_0.75,prior3_bp_ge_10,close_loc_ge_0.75,2,5,3,35,-0.00027298887932381,-0.07799682266394571,0.7142857142857143,0.7428571428571429,0.05856215150293945
rvol_ge_4&prior5_bp_ge_0,rvol_ge_4,prior5_bp_ge_0,5,5,1,28,-0.00029141376873531577,-0.1040763459768985,0.35714285714285715,0.5357142857142857,0.054187211113149836
green_ge_10&prior5_bp_ge_10,green_ge_10,prior5_bp_ge_10,1,2,3,25,-0.0002945725549574618,-0.11782902198298473,0.72,0.72,0.08116431658869556
green_ge_10&prior5_bp_ge_10,green_ge_10,prior5_bp_ge_10,1,2,1,25,-0.0002945725549574618,-0.11782902198298473,0.72,0.72,0.08116431658869556
rvol_ge_4&prior5_bp_ge_5,rvol_ge_4,prior5_bp_ge_5,5,5,1,27,-0.0003072166525153186,-0.11378394537604393,0.37037037037037035,0.5185185185185185,0.05426112662809754
green_ge_10&close_loc_ge_0.75,green_ge_10,close_loc_ge_0.75,2,5,1,24,-0.00031958388275776795,-0.13315995114906998,0.7083333333333334,0.7083333333333334,0.08519457568210684
green_ge_10&prior5_bp_ge_10,green_ge_10,prior5_bp_ge_10,3,2,3,25,-0.00032169241670887416,-0.12867696668354967,0.48,0.48,0.042611231897982875
green_ge_10&prior5_bp_ge_10,green_ge_10,prior5_bp_ge_10,3,2,1,25,-0.00032169241670887416,-0.12867696668354967,0.48,0.48,0.042611231897982875
rvol_ge_4&prior3_bp_ge_10,rvol_ge_4,prior3_bp_ge_10,1,5,1,20,-0.0003285770747810668,-0.1642885373905334,0.8,0.8,0.16400478556163817
green_ge_10&prior3_bp_ge_10,green_ge_10,prior3_bp_ge_10,3,2,3,23,-0.0003301727916964481,-0.14355338769410786,0.4782608695652174,0.4782608695652174,0.04622610418686281
green_ge_10&prior3_bp_ge_10,green_ge_10,prior3_bp_ge_10,3,2,1,23,-0.0003301727916964481,-0.14355338769410786,0.4782608695652174,0.4782608695652174,0.04622610418686281
green_ge_10&range_ge_10,green_ge_10,range_ge_10,2,2,1,31,-0.00033342496913446595,-0.10755644165627934,0.5806451612903226,0.5806451612903226,0.042445341437244925
green_ge_7.5&green_ge_10,green_ge_7.5,green_ge_10,2,2,1,31,-0.00033342496913446595,-0.10755644165627934,0.5806451612903226,0.5806451612903226,0.042445341437244925
green_ge_7.5&green_ge_10,green_ge_7.5,green_ge_10,2,2,3,31,-0.00033342496913446595,-0.10755644165627934,0.5806451612903226,0.5806451612903226,0.042445341437244925
green_ge_10&range_ge_10,green_ge_10,range_ge_10,2,2,3,31,-0.00033342496913446595,-0.10755644165627934,0.5806451612903226,0.5806451612903226,0.042445341437244925
close_loc_ge_0.75&close_loc_ge_0.9,close_loc_ge_0.75,close_loc_ge_0.9,1,5,3,43,-0.00034749881947271355,-0.08081367894714268,0.8372093023255814,0.8372093023255814,0.07556191609284042
green_ge_10&prior3_bp_ge_5,green_ge_10,prior3_bp_ge_5,2,3,1,27,-0.00036101994922332903,-0.1337110923049367,0.6296296296296297,0.6296296296296297,0.05816293382333687
green_ge_10&close_loc_ge_0.75,green_ge_10,close_loc_ge_0.75,2,3,1,24,-0.00036144312672936607,-0.15060130280390252,0.625,0.625,0.06539541141103669
prior3_bp_ge_5&range_ge_15,prior3_bp_ge_5,range_ge_15,1,3,3,21,-0.00037097715877165705,-0.17665578989126524,0.7619047619047619,0.7619047619047619,0.11054654947015953
prior3_bp_ge_5&range_ge_15,prior3_bp_ge_5,range_ge_15,1,3,1,21,-0.00037097715877165705,-0.17665578989126524,0.7619047619047619,0.7619047619047619,0.11054654947015953
prior3_bp_ge_10&close_loc_ge_0.75,prior3_bp_ge_10,close_loc_ge_0.75,1,3,3,35,-0.00038091908623116844,-0.1088340246374767,0.7714285714285715,0.7714285714285715,0.06669280398481009
prior5_bp_ge_10&range_ge_15,prior5_bp_ge_10,range_ge_15,1,2,1,20,-0.00038213031351974625,-0.19106515675987312,0.7,0.7,0.09337688244535182
prior5_bp_ge_10&range_ge_15,prior5_bp_ge_10,range_ge_15,1,2,3,20,-0.00038213031351974625,-0.19106515675987312,0.7,0.7,0.09337688244535182
prior5_bp_ge_10&close_loc_ge_0.75,prior5_bp_ge_10,close_loc_ge_0.75,2,5,1,38,-0.0003826587198774156,-0.10069966312563569,0.6578947368421053,0.6578947368421053,0.05809117915075994
rvol_ge_4&prior3_bp_ge_10,rvol_ge_4,prior3_bp_ge_10,1,2,1,20,-0.00039536645423499106,-0.19768322711749553,0.7,0.7,0.09733225099206623
rvol_ge_4&prior3_bp_ge_10,rvol_ge_4,prior3_bp_ge_10,1,2,3,20,-0.00039536645423499106,-0.19768322711749553,0.7,0.7,0.09733225099206623
prior3_bp_ge_10&close_loc_ge_0.9,prior3_bp_ge_10,close_loc_ge_0.9,2,3,3,22,-0.0003972241844278912,-0.18055644746722327,0.6363636363636364,0.6363636363636364,0.069373840194479
green_ge_10&prior5_bp_ge_10,green_ge_10,prior5_bp_ge_10,2,3,3,25,-0.00041726133876807125,-0.16690453550722847,0.64,0.64,0.061221202560998104
prior3_bp_ge_10&close_loc_ge_0.9,prior3_bp_ge_10,close_loc_ge_0.9,2,2,1,22,-0.00042264222531784856,-0.1921101024172039,0.5454545454545454,0.5454545454545454,0.05906870912944177
green_ge_10&prior5_bp_ge_0,green_ge_10,prior5_bp_ge_0,5,2,3,28,-0.00043359006737442307,-0.15485359549086536,0.35714285714285715,0.35714285714285715,0.04846258995803933
green_ge_10&prior5_bp_ge_0,green_ge_10,prior5_bp_ge_0,5,2,1,28,-0.00043359006737442307,-0.15485359549086536,0.35714285714285715,0.35714285714285715,0.04846258995803933
green_ge_10&prior3_bp_ge_0,green_ge_10,prior3_bp_ge_0,5,2,3,28,-0.00043412755438909656,-0.15504555513896306,0.35714285714285715,0.35714285714285715,0.048460160452028916
green_ge_10&prior3_bp_ge_0,green_ge_10,prior3_bp_ge_0,5,2,1,28,-0.00043412755438909656,-0.15504555513896306,0.35714285714285715,0.35714285714285715,0.048460160452028916
prior3_bp_ge_10&prior5_bp_ge_10,prior3_bp_ge_10,prior5_bp_ge_10,1,5,3,43,-0.0004396780115270005,-0.1022507003551164,0.8372093023255814,0.8372093023255814,0.07707499219296307
prior5_bp_ge_5&close_loc_ge_0.9,prior5_bp_ge_5,close_loc_ge_0.9,3,5,1,32,-0.0004519894639135602,-0.14124670747298756,0.53125,0.5625,0.05612287235163726
prior5_bp_ge_10&close_loc_ge_0.75,prior5_bp_ge_10,close_loc_ge_0.75,1,5,1,38,-0.0004523343701149374,-0.11903536055656247,0.7631578947368421,0.7631578947368421,0.09370970473802204
rvol_ge_4&prior3_bp_ge_10,rvol_ge_4,prior3_bp_ge_10,1,3,3,20,-0.0004529521588634289,-0.22647607943171444,0.75,0.75,0.1126260173345455
rvol_ge_4&prior3_bp_ge_10,rvol_ge_4,prior3_bp_ge_10,1,3,1,20,-0.0004529521588634289,-0.22647607943171444,0.75,0.75,0.1126260173345455
green_ge_10&prior3_bp_ge_5,green_ge_10,prior3_bp_ge_5,3,5,1,27,-0.00045429966471566274,-0.16825913507987508,0.6296296296296297,0.6296296296296297,0.05965633315955318
prior5_bp_ge_10&close_loc_ge_0.75,prior5_bp_ge_10,close_loc_ge_0.75,2,5,3,38,-0.0004564528931658707,-0.12011918241207123,0.7105263157894737,0.7368421052631579,0.05349416482821536
prior3_bp_ge_10&close_loc_ge_0.9,prior3_bp_ge_10,close_loc_ge_0.9,1,3,1,22,-0.00045653566078462937,-0.2075162094475588,0.7272727272727273,0.7272727272727273,0.10705742347998892
green_ge_10&prior5_bp_ge_5,green_ge_10,prior5_bp_ge_5,3,5,1,27,-0.0004670462370872652,-0.17298008781009824,0.6296296296296297,0.6296296296296297,0.05958700677430642
prior3_bp_ge_10&close_loc_ge_0.9,prior3_bp_ge_10,close_loc_ge_0.9,2,3,1,22,-0.0004685556376560207,-0.21297983529819123,0.5909090909090909,0.5909090909090909,0.07335450977339647
prior5_bp_ge_5&close_loc_ge_0.9,prior5_bp_ge_5,close_loc_ge_0.9,3,5,3,32,-0.00047103008749593833,-0.14719690234248073,0.625,0.625,0.04803611259104491
rvol_ge_4&prior3_bp_ge_0,rvol_ge_4,prior3_bp_ge_0,3,5,3,29,-0.0004720039825412137,-0.16275999397972885,0.5862068965517241,0.6206896551724138,0.057003528682553796
rvol_ge_4&rvol3_prior3_pos,rvol_ge_4,rvol3_prior3_pos,3,5,3,29,-0.0004720039825412137,-0.16275999397972885,0.5862068965517241,0.6206896551724138,0.057003528682553796
rvol_ge_4&prior3_bp_ge_5,rvol_ge_4,prior3_bp_ge_5,3,5,3,29,-0.0004720039825412137,-0.16275999397972885,0.5862068965517241,0.6206896551724138,0.057003528682553796
prior3_bp_ge_10&close_loc_ge_0.75,prior3_bp_ge_10,close_loc_ge_0.75,2,2,3,35,-0.000494825881874883,-0.1413788233928237,0.5714285714285714,0.5714285714285714,0.03607325622232106
rvol_ge_4&prior5_bp_ge_10,rvol_ge_4,prior5_bp_ge_10,1,5,3,22,-0.0004959283148925353,-0.22542196131478878,0.8181818181818182,0.8181818181818182,0.141277923555009
green_ge_10&prior3_bp_ge_5,green_ge_10,prior3_bp_ge_5,1,2,3,27,-0.0004978662492958197,-0.18439490714659987,0.7037037037037037,0.7037037037037037,0.07329389594612615
green_ge_10&prior3_bp_ge_5,green_ge_10,prior3_bp_ge_5,1,2,1,27,-0.0004978662492958197,-0.18439490714659987,0.7037037037037037,0.7037037037037037,0.07329389594612615
green_ge_7.5&prior5_bp_ge_10,green_ge_7.5,prior5_bp_ge_10,5,5,3,39,-0.0004995707119136439,-0.12809505433683177,0.48717948717948717,0.5384615384615384,0.032020283163109745
prior3_bp_ge_10&close_loc_ge_0.75,prior3_bp_ge_10,close_loc_ge_0.75,1,5,1,35,-0.0005071886902686673,-0.14491105436247637,0.7714285714285715,0.7714285714285715,0.09945421388250246
prior5_bp_ge_10&range_ge_15,prior5_bp_ge_10,range_ge_15,1,3,1,20,-0.0005078186965604692,-0.2539093482802346,0.75,0.75,0.11838985996877119
prior5_bp_ge_10&range_ge_15,prior5_bp_ge_10,range_ge_15,1,3,3,20,-0.0005078186965604692,-0.2539093482802346,0.75,0.75,0.11838985996877119
prior3_bp_ge_10&close_loc_ge_0.9,prior3_bp_ge_10,close_loc_ge_0.9,3,5,3,22,-0.0005213868555666856,-0.23699402525758437,0.6363636363636364,0.6363636363636364,0.0672082792123766
close_loc_ge_0.75&close_loc_ge_0.9,close_loc_ge_0.75,close_loc_ge_0.9,2,5,1,43,-0.0005386191647764882,-0.12526027087825306,0.6511627906976745,0.6511627906976745,0.05045010229591062
green_ge_10&close_loc_ge_0.75,green_ge_10,close_loc_ge_0.75,1,3,3,24,-0.0005445329312230296,-0.22688872134292898,0.75,0.75,0.09416339524970359
green_ge_10&close_loc_ge_0.75,green_ge_10,close_loc_ge_0.75,1,3,1,24,-0.0005445329312230296,-0.22688872134292898,0.75,0.75,0.09416339524970359
prior5_bp_ge_10&close_loc_ge_0.9,prior5_bp_ge_10,close_loc_ge_0.9,1,3,3,24,-0.000551953508978742,-0.2299806287411425,0.75,0.75,0.09430808692996477
rvol_ge_4&prior3_bp_ge_10,rvol_ge_4,prior3_bp_ge_10,3,5,3,20,-0.0005620914990541737,-0.28104574952708683,0.6,0.65,0.07840938331117689
prior5_bp_ge_10&close_loc_ge_0.75,prior5_bp_ge_10,close_loc_ge_0.75,3,5,1,38,-0.0005687231670834514,-0.14966399133775035,0.5526315789473685,0.5526315789473685,0.04812033740653438
range_ge_10&close_loc_ge_0.9,range_ge_10,close_loc_ge_0.9,1,5,3,28,-0.0005723756093832799,-0.20441986049402855,0.8214285714285714,0.8214285714285714,0.11206581499816258
prior3_bp_ge_10&prior5_bp_ge_10,prior3_bp_ge_10,prior5_bp_ge_10,1,3,3,43,-0.0005734977904415794,-0.13337157917246034,0.7674418604651163,0.7674418604651163,0.05406370493965212
green_ge_7.5&close_loc_ge_0.9,green_ge_7.5,close_loc_ge_0.9,1,5,3,28,-0.000574476965922166,-0.20517034497220216,0.8214285714285714,0.8214285714285714,0.11156625117175871
prior5_bp_ge_0&range_ge_15,prior5_bp_ge_0,range_ge_15,1,2,1,22,-0.0005786656838622228,-0.2630298563010104,0.6818181818181818,0.6818181818181818,0.083862266620039
prior5_bp_ge_0&range_ge_15,prior5_bp_ge_0,range_ge_15,1,2,3,22,-0.0005786656838622228,-0.2630298563010104,0.6818181818181818,0.6818181818181818,0.083862266620039
prior3_bp_ge_0&range_ge_15,prior3_bp_ge_0,range_ge_15,1,2,1,22,-0.0005792031708768963,-0.2632741685804074,0.6818181818181818,0.6818181818181818,0.08385017600119515
prior3_bp_ge_0&range_ge_15,prior3_bp_ge_0,range_ge_15,1,2,3,22,-0.0005792031708768963,-0.2632741685804074,0.6818181818181818,0.6818181818181818,0.08385017600119515
prior3_bp_ge_10&close_loc_ge_0.75,prior3_bp_ge_10,close_loc_ge_0.75,1,3,1,35,-0.000582845495363804,-0.1665272843896583,0.7428571428571429,0.7428571428571429,0.06671366287337828
prior5_bp_ge_0&close_loc_ge_0.75,prior5_bp_ge_0,close_loc_ge_0.75,2,5,3,55,-0.0005900683610597923,-0.10728515655632588,0.7090909090909091,0.7272727272727273,0.03698410908083993
prior3_bp_ge_10&close_loc_ge_0.9,prior3_bp_ge_10,close_loc_ge_0.9,3,3,1,22,-0.0005907858782724373,-0.2685390355783806,0.5,0.5,0.0581812912586821
green_ge_10&prior3_bp_ge_5,green_ge_10,prior3_bp_ge_5,2,3,3,27,-0.0005935413142602597,-0.21983011639268876,0.6296296296296297,0.6296296296296297,0.05638948676038686
green_ge_10&close_loc_ge_0.75,green_ge_10,close_loc_ge_0.75,2,3,3,24,-0.0005939644917662967,-0.24748520490262366,0.625,0.625,0.0631619592620447
prior5_bp_ge_10&close_loc_ge_0.9,prior5_bp_ge_10,close_loc_ge_0.9,2,3,3,24,-0.000598045537577474,-0.24918564065728083,0.625,0.625,0.06301575541627606
green_ge_10&prior5_bp_ge_10,green_ge_10,prior5_bp_ge_10,3,5,3,25,-0.0005989212111421338,-0.23956848445685355,0.64,0.64,0.06235269386471005
prior5_bp_ge_5&close_loc_ge_0.75,prior5_bp_ge_5,close_loc_ge_0.75,2,5,3,51,-0.0005990195645462215,-0.11745481657769048,0.7058823529411765,0.7254901960784313,0.0399603426223836
prior3_bp_ge_5&prior3_bp_ge_10,prior3_bp_ge_5,prior3_bp_ge_10,1,5,3,48,-0.0006060311333743185,-0.12625648611964968,0.8333333333333334,0.8333333333333334,0.06837163178625723
prior3_bp_ge_0&prior3_bp_ge_10,prior3_bp_ge_0,prior3_bp_ge_10,1,5,3,48,-0.0006060311333743185,-0.12625648611964968,0.8333333333333334,0.8333333333333334,0.06837163178625723
prior3_bp_ge_0&close_loc_ge_0.9,prior3_bp_ge_0,close_loc_ge_0.9,2,5,1,37,-0.0006097235277389146,-0.16479014263213906,0.6486486486486487,0.6486486486486487,0.058119154193744554
prior5_bp_ge_0&range_ge_15,prior5_bp_ge_0,range_ge_15,1,5,3,22,-0.0006112788676605474,-0.27785403075479426,0.8181818181818182,0.8181818181818182,0.1510710012927226
prior5_bp_ge_0&range_ge_15,prior5_bp_ge_0,range_ge_15,1,5,1,22,-0.0006112788676605474,-0.27785403075479426,0.8181818181818182,0.8181818181818182,0.1510710012927226
prior3_bp_ge_0&range_ge_15,prior3_bp_ge_0,range_ge_15,1,5,3,22,-0.0006126225851973421,-0.27846481145333735,0.8181818181818182,0.8181818181818182,0.15102467030257366
prior3_bp_ge_0&range_ge_15,prior3_bp_ge_0,range_ge_15,1,5,1,22,-0.0006126225851973421,-0.27846481145333735,0.8181818181818182,0.8181818181818182,0.15102467030257366
rvol_ge_4&prior5_bp_ge_10,rvol_ge_4,prior5_bp_ge_10,1,5,1,22,-0.0006159881239412579,-0.2799946017914809,0.7727272727272727,0.7727272727272727,0.1450156034290933
green_ge_10&prior5_bp_ge_0,green_ge_10,prior5_bp_ge_0,1,5,1,28,-0.0006306116449964483,-0.2252184446415887,0.8214285714285714,0.8214285714285714,0.1141821537550206
green_ge_10&prior5_bp_ge_0,green_ge_10,prior5_bp_ge_0,1,5,3,28,-0.0006306116449964483,-0.2252184446415887,0.8214285714285714,0.8214285714285714,0.1141821537550206
green_ge_10&prior3_bp_ge_0,green_ge_10,prior3_bp_ge_0,1,5,3,28,-0.000631955362533243,-0.22569834376187253,0.8214285714285714,0.8214285714285714,0.11415426509869314
green_ge_10&prior3_bp_ge_0,green_ge_10,prior3_bp_ge_0,1,5,1,28,-0.000631955362533243,-0.22569834376187253,0.8214285714285714,0.8214285714285714,0.11415426509869314
prior3_bp_ge_10&close_loc_ge_0.75,prior3_bp_ge_10,close_loc_ge_0.75,2,5,1,35,-0.0006390385641961149,-0.18258244691317568,0.6571428571428571,0.6571428571428571,0.06143281070485968
green_ge_10&prior3_bp_ge_0,green_ge_10,prior3_bp_ge_0,1,3,1,28,-0.0006422458317935087,-0.22937351135482453,0.75,0.75,0.08089722220192005
green_ge_10&prior3_bp_ge_0,green_ge_10,prior3_bp_ge_0,1,3,3,28,-0.0006422458317935087,-0.22937351135482453,0.75,0.75,0.08089722220192005
green_ge_10&prior5_bp_ge_0,green_ge_10,prior5_bp_ge_0,1,3,3,28,-0.0006620654521728442,-0.23645194720458723,0.75,0.75,0.08439252573538518
green_ge_10&prior5_bp_ge_0,green_ge_10,prior5_bp_ge_0,1,3,1,28,-0.0006620654521728442,-0.23645194720458723,0.75,0.75,0.08439252573538518
prior5_bp_ge_10&close_loc_ge_0.9,prior5_bp_ge_10,close_loc_ge_0.9,2,3,1,24,-0.0006693769908056035,-0.2789070795023348,0.5833333333333334,0.5833333333333334,0.06628302557499345
rvol_ge_4&range_ge_10,rvol_ge_4,range_ge_10,1,5,3,24,-0.0006724747183424196,-0.28019779930934147,0.7916666666666666,0.7916666666666666,0.13133822742620185
prior5_bp_ge_10&close_loc_ge_0.75,prior5_bp_ge_10,close_loc_ge_0.75,5,5,3,38,-0.0006858019040194563,-0.18047418526827796,0.47368421052631576,0.5263157894736842,0.032986386391977186
rvol_ge_3&rvol_ge_4,rvol_ge_3,rvol_ge_4,1,5,3,30,-0.0006898739098809559,-0.22995796996031864,0.8,0.8,0.10481726664718115
prior5_bp_ge_5&range_ge_15,prior5_bp_ge_5,range_ge_15,1,2,3,21,-0.0006947310673615092,-0.3308243177911949,0.6666666666666666,0.6666666666666666,0.08655742066175441
prior5_bp_ge_5&range_ge_15,prior5_bp_ge_5,range_ge_15,1,2,1,21,-0.0006947310673615092,-0.3308243177911949,0.6666666666666666,0.6666666666666666,0.08655742066175441
prior5_bp_ge_10&close_loc_ge_0.9,prior5_bp_ge_10,close_loc_ge_0.9,3,3,1,24,-0.0006950843272452989,-0.2896184696855412,0.5,0.5,0.05300397730640998
range_ge_10&close_loc_ge_0.9,range_ge_10,close_loc_ge_0.9,2,5,3,28,-0.0007019770596033981,-0.2507060927154993,0.7142857142857143,0.7142857142857143,0.06825525110582038
prior3_bp_ge_10&prior5_bp_ge_0,prior3_bp_ge_10,prior5_bp_ge_0,1,5,3,47,-0.0007078496113918087,-0.1506063002961295,0.8297872340425532,0.8297872340425532,0.0691369343804886
green_ge_7.5&close_loc_ge_0.9,green_ge_7.5,close_loc_ge_0.9,2,5,3,28,-0.0007120746910140863,-0.25431238964788794,0.7142857142857143,0.7142857142857143,0.0681298045954434
prior3_bp_ge_5&close_loc_ge_0.9,prior3_bp_ge_5,close_loc_ge_0.9,1,5,1,33,-0.0007199904635137866,-0.2181789283375111,0.7575757575757576,0.7575757575757576,0.10043074486198207
rvol_ge_4&prior3_bp_ge_5,rvol_ge_4,prior3_bp_ge_5,5,5,1,29,-0.0007240830831600764,-0.2496838217793367,0.3448275862068966,0.5172413793103449,0.052238890204317254
rvol_ge_4&rvol3_prior3_pos,rvol_ge_4,rvol3_prior3_pos,5,5,1,29,-0.0007240830831600764,-0.2496838217793367,0.3448275862068966,0.5172413793103449,0.052238890204317254
rvol_ge_4&prior3_bp_ge_0,rvol_ge_4,prior3_bp_ge_0,5,5,1,29,-0.0007240830831600764,-0.2496838217793367,0.3448275862068966,0.5172413793103449,0.052238890204317254
prior5_bp_ge_5&range_ge_15,prior5_bp_ge_5,range_ge_15,1,5,3,21,-0.0007273442511598338,-0.3463544053142066,0.8095238095238095,0.8095238095238095,0.15518309322325666
prior5_bp_ge_5&range_ge_15,prior5_bp_ge_5,range_ge_15,1,5,1,21,-0.0007273442511598338,-0.3463544053142066,0.8095238095238095,0.8095238095238095,0.15518309322325666
prior3_bp_ge_10&range_ge_10,prior3_bp_ge_10,range_ge_10,1,3,1,37,-0.0007278059969803019,-0.1967043235081897,0.7567567567567568,0.7567567567567568,0.06198271673825216
prior3_bp_ge_10&range_ge_10,prior3_bp_ge_10,range_ge_10,1,3,3,37,-0.0007278059969803019,-0.1967043235081897,0.7567567567567568,0.7567567567567568,0.06198271673825216
prior5_bp_ge_10&close_loc_ge_0.9,prior5_bp_ge_10,close_loc_ge_0.9,2,2,3,24,-0.000732296443178182,-0.30512351799090914,0.5416666666666666,0.5416666666666666,0.052111039573671504
range_ge_10&close_loc_ge_0.9,range_ge_10,close_loc_ge_0.9,2,5,1,28,-0.0007449198555432579,-0.26604280555116355,0.6785714285714286,0.6785714285714286,0.0712860956010081
green_ge_10&close_loc_ge_0.75,green_ge_10,close_loc_ge_0.75,2,5,3,24,-0.0007458730519920298,-0.31078043833001245,0.7083333333333334,0.7083333333333334,0.08053719259453362
green_ge_10&prior5_bp_ge_5,green_ge_10,prior5_bp_ge_5,1,5,3,27,-0.0007466770284957347,-0.27654704759101284,0.8148148148148148,0.8148148148148148,0.11664360424252411
green_ge_10&prior5_bp_ge_5,green_ge_10,prior5_bp_ge_5,1,5,1,27,-0.0007466770284957347,-0.27654704759101284,0.8148148148148148,0.8148148148148148,0.11664360424252411
close_loc_ge_0.75&close_loc_ge_0.9,close_loc_ge_0.75,close_loc_ge_0.9,3,5,3,43,-0.0007468368020507876,-0.1736829772211134,0.627906976744186,0.627906976744186,0.035338436578959694
prior3_bp_ge_10&close_loc_ge_0.75,prior3_bp_ge_10,close_loc_ge_0.75,2,3,3,35,-0.0007524330622056263,-0.21498087491589324,0.6285714285714286,0.6285714285714286,0.04335847041880596
prior5_bp_ge_10&close_loc_ge_0.9,prior5_bp_ge_10,close_loc_ge_0.9,1,3,1,24,-0.0007538799181113776,-0.3141166325464073,0.7083333333333334,0.7083333333333334,0.0943496874607645
green_ge_7.5&close_loc_ge_0.9,green_ge_7.5,close_loc_ge_0.9,2,5,1,28,-0.0007550174869539461,-0.26964910248355217,0.6785714285714286,0.6785714285714286,0.0711492721113511
prior3_bp_ge_0&close_loc_ge_0.9,prior3_bp_ge_0,close_loc_ge_0.9,3,5,1,37,-0.0007571752602312243,-0.20464196222465522,0.5405405405405406,0.5675675675675675,0.0469260875605504
prior3_bp_ge_10&prior5_bp_ge_10,prior3_bp_ge_10,prior5_bp_ge_10,1,5,1,43,-0.0007608701118022587,-0.17694653762843227,0.7906976744186046,0.7906976744186046,0.07817749246060388
green_ge_10&close_loc_ge_0.75,green_ge_10,close_loc_ge_0.75,5,5,1,24,-0.0007657516330414893,-0.3190631804339539,0.5,0.5,0.04999677266501911
green_ge_10&prior3_bp_ge_0,green_ge_10,prior3_bp_ge_0,2,3,1,28,-0.0007712139432669574,-0.2754335511667705,0.6071428571428571,0.6071428571428571,0.0551056040319498
green_ge_10&prior3_bp_ge_10,green_ge_10,prior3_bp_ge_10,3,5,1,23,-0.0007725430310597803,-0.3358882743738175,0.6086956521739131,0.6086956521739131,0.06930637066451939
prior3_bp_ge_0&close_loc_ge_0.9,prior3_bp_ge_0,close_loc_ge_0.9,5,5,1,37,-0.000773628251892533,-0.20908871672771165,0.3783783783783784,0.4594594594594595,0.03965221932202467
prior3_bp_ge_10&prior5_bp_ge_10,prior3_bp_ge_10,prior5_bp_ge_10,1,3,1,43,-0.000775424199574215,-0.18033120920330584,0.7441860465116279,0.7441860465116279,0.05407741584003794
prior3_bp_ge_0&close_loc_ge_0.9,prior3_bp_ge_0,close_loc_ge_0.9,3,5,3,37,-0.0007762158838136024,-0.209788076706379,0.6216216216216216,0.6216216216216216,0.04113578878822446
green_ge_10&prior5_bp_ge_5,green_ge_10,prior5_bp_ge_5,1,3,3,27,-0.0007781308356721306,-0.2881966058044928,0.7407407407407407,0.7407407407407407,0.08635966653733905
green_ge_10&prior5_bp_ge_5,green_ge_10,prior5_bp_ge_5,1,3,1,27,-0.0007781308356721306,-0.2881966058044928,0.7407407407407407,0.7407407407407407,0.08635966653733905
prior5_bp_ge_0&close_loc_ge_0.75,prior5_bp_ge_0,close_loc_ge_0.75,1,5,3,55,-0.0007804072687647157,-0.14189223068449375,0.8181818181818182,0.8181818181818182,0.05898393493044325
prior3_bp_ge_0&range_ge_15,prior3_bp_ge_0,range_ge_15,1,3,1,22,-0.0007811711528152854,-0.35507779673422063,0.7272727272727273,0.7272727272727273,0.09958734438325759
prior3_bp_ge_0&range_ge_15,prior3_bp_ge_0,range_ge_15,1,3,3,22,-0.0007811711528152854,-0.35507779673422063,0.7272727272727273,0.7272727272727273,0.09958734438325759
rvol_ge_4&prior5_bp_ge_0,rvol_ge_4,prior5_bp_ge_0,3,5,3,28,-0.0007839126556816733,-0.2799688056005976,0.5714285714285714,0.6071428571428571,0.05866275371698018
green_ge_10&range_ge_10,green_ge_10,range_ge_10,2,3,1,31,-0.0007859252948384521,-0.2535242886575652,0.6129032258064516,0.6129032258064516,0.04971974922025975
green_ge_7.5&green_ge_10,green_ge_7.5,green_ge_10,2,3,1,31,-0.0007859252948384521,-0.2535242886575652,0.6129032258064516,0.6129032258064516,0.04971974922025975
prior3_bp_ge_5&close_loc_ge_0.75,prior3_bp_ge_5,close_loc_ge_0.75,2,5,3,54,-0.0007875891378734678,-0.1458498403469385,0.7037037037037037,0.7222222222222222,0.03753555840636124
rvol_ge_3&rvol_ge_4,rvol_ge_3,rvol_ge_4,3,5,1,30,-0.0007884373880707729,-0.26281246269025765,0.5333333333333333,0.6,0.05699784447798914
green_ge_10&prior5_bp_ge_0,green_ge_10,prior5_bp_ge_0,2,3,1,28,-0.0007910335636462928,-0.2825119870165332,0.6071428571428571,0.6071428571428571,0.054966000580347535
prior3_bp_ge_5&range_ge_15,prior3_bp_ge_5,range_ge_15,2,2,3,21,-0.0007922849747030725,-0.3772785593824155,0.5238095238095238,0.5238095238095238,0.05835346365337523
prior3_bp_ge_5&range_ge_15,prior3_bp_ge_5,range_ge_15,2,2,1,21,-0.0007922849747030725,-0.3772785593824155,0.5238095238095238,0.5238095238095238,0.05835346365337523
rvol_ge_4&rvol3_prior3_pos,rvol_ge_4,rvol3_prior3_pos,1,5,3,29,-0.0007942297214561522,-0.27387231774350074,0.7931034482758621,0.7931034482758621,0.10671269209724728
rvol_ge_4&prior3_bp_ge_0,rvol_ge_4,prior3_bp_ge_0,1,5,3,29,-0.0007942297214561522,-0.27387231774350074,0.7931034482758621,0.7931034482758621,0.10671269209724728
rvol_ge_4&prior3_bp_ge_5,rvol_ge_4,prior3_bp_ge_5,1,5,3,29,-0.0007942297214561522,-0.27387231774350074,0.7931034482758621,0.7931034482758621,0.10671269209724728
prior3_bp_ge_10&close_loc_ge_0.75,prior3_bp_ge_10,close_loc_ge_0.75,2,2,1,35,-0.0007986787001399431,-0.22819391432569805,0.5428571428571428,0.5428571428571428,0.036503534370192006
green_ge_7.5&prior3_bp_ge_10,green_ge_7.5,prior3_bp_ge_10,1,3,1,36,-0.0007992432627149659,-0.22201201742082385,0.75,0.75,0.06265789759833346
green_ge_7.5&prior3_bp_ge_10,green_ge_7.5,prior3_bp_ge_10,1,3,3,36,-0.0007992432627149659,-0.22201201742082385,0.75,0.75,0.06265789759833346
prior5_bp_ge_0&range_ge_15,prior5_bp_ge_0,range_ge_15,1,3,1,22,-0.0008009907731946209,-0.364086715088464,0.7272727272727273,0.7272727272727273,0.10343117213215783
prior5_bp_ge_0&range_ge_15,prior5_bp_ge_0,range_ge_15,1,3,3,22,-0.0008009907731946209,-0.364086715088464,0.7272727272727273,0.7272727272727273,0.10343117213215783
green_ge_10&prior5_bp_ge_0,green_ge_10,prior5_bp_ge_0,1,2,1,28,-0.0008041247583101541,-0.28718741368219786,0.6785714285714286,0.6785714285714286,0.06861415444273541
green_ge_10&prior5_bp_ge_0,green_ge_10,prior5_bp_ge_0,1,2,3,28,-0.0008041247583101541,-0.28718741368219786,0.6785714285714286,0.6785714285714286,0.06861415444273541
green_ge_10&prior3_bp_ge_0,green_ge_10,prior3_bp_ge_0,1,2,3,28,-0.0008046622453248276,-0.28737937333029556,0.6785714285714286,0.6785714285714286,0.06860646669855759
green_ge_10&prior3_bp_ge_0,green_ge_10,prior3_bp_ge_0,1,2,1,28,-0.0008046622453248276,-0.28737937333029556,0.6785714285714286,0.6785714285714286,0.06860646669855759
green_ge_10&close_loc_ge_0.75,green_ge_10,close_loc_ge_0.75,1,2,3,24,-0.0008105652887657744,-0.3377355369857393,0.6666666666666666,0.6666666666666666,0.07889010572519113
green_ge_10&close_loc_ge_0.75,green_ge_10,close_loc_ge_0.75,1,2,1,24,-0.0008105652887657744,-0.3377355369857393,0.6666666666666666,0.6666666666666666,0.07889010572519113
rvol_ge_4&prior3_bp_ge_10,rvol_ge_4,prior3_bp_ge_10,5,2,1,20,-0.0008149417294438521,-0.40747086472192606,0.3,0.35,0.07129505288800178
rvol_ge_4&range_ge_10,rvol_ge_4,range_ge_10,1,2,3,24,-0.000815552101105621,-0.33981337546067547,0.6666666666666666,0.6666666666666666,0.07860510147682116
rvol_ge_4&range_ge_10,rvol_ge_4,range_ge_10,1,2,1,24,-0.000815552101105621,-0.33981337546067547,0.6666666666666666,0.6666666666666666,0.07860510147682116
prior3_bp_ge_10&close_loc_ge_0.75,prior3_bp_ge_10,close_loc_ge_0.75,2,3,1,35,-0.0008237645154337558,-0.23536129012393023,0.6,0.6,0.04488065280936928
prior3_bp_ge_10&prior5_bp_ge_5,prior3_bp_ge_10,prior5_bp_ge_5,1,5,3,46,-0.0008239149948910951,-0.17911195541110764,0.8260869565217391,0.8260869565217391,0.07003048775944644
green_ge_10&prior5_bp_ge_10,green_ge_10,prior5_bp_ge_10,5,3,1,25,-0.0008239189677405889,-0.32956758709623557,0.4,0.4,0.046760150176743856
green_ge_7.5&close_loc_ge_0.9,green_ge_7.5,close_loc_ge_0.9,3,5,3,28,-0.0008289168442691119,-0.2960417300961114,0.6071428571428571,0.6071428571428571,0.05436714544910799
green_ge_7.5&close_loc_ge_0.75,green_ge_7.5,close_loc_ge_0.75,1,5,3,42,-0.0008467525441276935,-0.20160774860183178,0.8095238095238095,0.8095238095238095,0.0763205652549129
rvol_ge_3&rvol_ge_4,rvol_ge_3,rvol_ge_4,1,5,1,30,-0.0008486370283935507,-0.28287900946451694,0.7666666666666667,0.7666666666666667,0.1061478331026689
green_ge_10&prior5_bp_ge_10,green_ge_10,prior5_bp_ge_10,5,1,1,25,-0.0008501660305831882,-0.3400664122332753,0.24,0.24,0.07410315299895368
green_ge_10&prior5_bp_ge_10,green_ge_10,prior5_bp_ge_10,5,1,3,25,-0.0008501660305831882,-0.3400664122332753,0.24,0.24,0.07410315299895368
rvol_ge_4&prior5_bp_ge_10,rvol_ge_4,prior5_bp_ge_10,3,5,3,22,-0.0008575588788557464,-0.38979949038897566,0.5909090909090909,0.6363636363636364,0.07042991089423276
rvol_ge_4&range_ge_10,rvol_ge_4,range_ge_10,5,5,1,24,-0.0008599845422738728,-0.35832689261411366,0.4166666666666667,0.4583333333333333,0.05653792620497474
green_ge_10&range_ge_10,green_ge_10,range_ge_10,1,3,3,31,-0.000864608314790738,-0.27890590799701226,0.7419354838709677,0.7419354838709677,0.0752660982627524
green_ge_7.5&green_ge_10,green_ge_7.5,green_ge_10,1,3,3,31,-0.000864608314790738,-0.27890590799701226,0.7419354838709677,0.7419354838709677,0.0752660982627524
green_ge_7.5&green_ge_10,green_ge_7.5,green_ge_10,1,3,1,31,-0.000864608314790738,-0.27890590799701226,0.7419354838709677,0.7419354838709677,0.0752660982627524
green_ge_10&range_ge_10,green_ge_10,range_ge_10,1,3,1,31,-0.000864608314790738,-0.27890590799701226,0.7419354838709677,0.7419354838709677,0.0752660982627524
rvol_ge_3&rvol_ge_4,rvol_ge_3,rvol_ge_4,5,1,3,30,-0.0008734578667431991,-0.2911526222477331,0.23333333333333334,0.26666666666666666,0.06137472474548315
close_loc_ge_0.75&close_loc_ge_0.9,close_loc_ge_0.75,close_loc_ge_0.9,5,5,1,43,-0.0008784283579474916,-0.20428566463895154,0.37209302325581395,0.46511627906976744,0.03389572467842603
green_ge_10&prior3_bp_ge_5,green_ge_10,prior3_bp_ge_5,3,5,3,27,-0.0008805888339499246,-0.3261440125740461,0.6296296296296297,0.6296296296296297,0.057422058173378816
green_ge_10&prior5_bp_ge_5,green_ge_10,prior5_bp_ge_5,3,5,3,27,-0.0008933354063215271,-0.3308649653042693,0.6296296296296297,0.6296296296296297,0.057357824633379705
rvol_ge_4&prior5_bp_ge_0,rvol_ge_4,prior5_bp_ge_0,1,5,3,28,-0.0008981992791695648,-0.32078545684627313,0.7857142857142857,0.7857142857142857,0.10867052305466508
range_ge_10&range_ge_15,range_ge_10,range_ge_15,1,3,3,26,-0.0008991778242373183,-0.3458376247066609,0.7307692307692307,0.7307692307692307,0.08812320346984696
range_ge_10&range_ge_15,range_ge_10,range_ge_15,1,3,1,26,-0.0008991778242373183,-0.3458376247066609,0.7307692307692307,0.7307692307692307,0.08812320346984696
green_ge_10&prior3_bp_ge_10,green_ge_10,prior3_bp_ge_10,5,3,1,23,-0.000907381688481923,-0.3945137776008361,0.391304347826087,0.391304347826087,0.0510681170623118
range_ge_10&range_ge_15,range_ge_10,range_ge_15,1,5,1,26,-0.0009162619147323747,-0.35240842874322104,0.8076923076923077,0.8076923076923077,0.12463629392130451
range_ge_10&range_ge_15,range_ge_10,range_ge_15,1,5,3,26,-0.0009162619147323747,-0.35240842874322104,0.8076923076923077,0.8076923076923077,0.12463629392130451
prior5_bp_ge_5&range_ge_15,prior5_bp_ge_5,range_ge_15,1,3,1,21,-0.0009170561566939073,-0.43669340794947964,0.7142857142857143,0.7142857142857143,0.10640160773467339
prior5_bp_ge_5&range_ge_15,prior5_bp_ge_5,range_ge_15,1,3,3,21,-0.0009170561566939073,-0.43669340794947964,0.7142857142857143,0.7142857142857143,0.10640160773467339
green_ge_7.5&range_ge_15,green_ge_7.5,range_ge_15,2,2,1,23,-0.0009199765360121681,-0.3999897982661601,0.5217391304347826,0.5217391304347826,0.055985217017545656
green_ge_7.5&range_ge_15,green_ge_7.5,range_ge_15,2,2,3,23,-0.0009199765360121681,-0.3999897982661601,0.5217391304347826,0.5217391304347826,0.055985217017545656
green_ge_10&prior5_bp_ge_5,green_ge_10,prior5_bp_ge_5,1,2,3,27,-0.0009201901418094405,-0.3408111636331261,0.6666666666666666,0.6666666666666666,0.07031560896850267
green_ge_10&prior5_bp_ge_5,green_ge_10,prior5_bp_ge_5,1,2,1,27,-0.0009201901418094405,-0.3408111636331261,0.6666666666666666,0.6666666666666666,0.07031560896850267
range_ge_10&close_loc_ge_0.9,range_ge_10,close_loc_ge_0.9,2,2,1,28,-0.0009214510633738238,-0.32908966549065133,0.5357142857142857,0.5357142857142857,0.046071847344912785
range_ge_10&close_loc_ge_0.9,range_ge_10,close_loc_ge_0.9,2,2,3,28,-0.0009214510633738238,-0.32908966549065133,0.5357142857142857,0.5357142857142857,0.046071847344912785
green_ge_7.5&close_loc_ge_0.9,green_ge_7.5,close_loc_ge_0.9,2,2,3,28,-0.0009270382136395972,-0.3310850762998562,0.5357142857142857,0.5357142857142857,0.045993887485601015
green_ge_7.5&close_loc_ge_0.9,green_ge_7.5,close_loc_ge_0.9,2,2,1,28,-0.0009270382136395972,-0.3310850762998562,0.5357142857142857,0.5357142857142857,0.045993887485601015
prior3_bp_ge_5&close_loc_ge_0.9,prior3_bp_ge_5,close_loc_ge_0.9,2,2,3,33,-0.0009347844746302458,-0.283268022615226,0.5454545454545454,0.5454545454545454,0.03787167899762681
rvol_ge_3&rvol_ge_4,rvol_ge_3,rvol_ge_4,2,5,3,30,-0.0009357770003880495,-0.31192566679601647,0.6666666666666666,0.7,0.06744919569322233
range_ge_10&close_loc_ge_0.9,range_ge_10,close_loc_ge_0.9,1,5,1,28,-0.0009444371765474635,-0.33729899162409416,0.7857142857142857,0.7857142857142857,0.1093090161743041
green_ge_7.5&close_loc_ge_0.9,green_ge_7.5,close_loc_ge_0.9,1,5,1,28,-0.0009465385330863496,-0.33804947610226777,0.7857142857142857,0.7857142857142857,0.10883367627027718
rvol_ge_4&prior3_bp_ge_10,rvol_ge_4,prior3_bp_ge_10,2,5,3,20,-0.000946952579614635,-0.4734762898073175,0.65,0.7,0.09830295701067356
green_ge_10&prior5_bp_ge_5,green_ge_10,prior5_bp_ge_5,3,2,1,27,-0.0009473100035608528,-0.35085555687438996,0.4444444444444444,0.4444444444444444,0.03941834453946759
green_ge_10&prior5_bp_ge_5,green_ge_10,prior5_bp_ge_5,3,2,3,27,-0.0009473100035608528,-0.35085555687438996,0.4444444444444444,0.4444444444444444,0.03941834453946759
green_ge_7.5&close_loc_ge_0.9,green_ge_7.5,close_loc_ge_0.9,3,5,1,28,-0.0009496791325062093,-0.3391711187522176,0.5714285714285714,0.6071428571428571,0.05670860948707182
rvol_ge_4&rvol3_prior3_pos,rvol_ge_4,rvol3_prior3_pos,1,5,1,29,-0.0009529928399687471,-0.3286182206788783,0.7586206896551724,0.7586206896551724,0.10809213194123275
rvol_ge_4&prior3_bp_ge_0,rvol_ge_4,prior3_bp_ge_0,1,5,1,29,-0.0009529928399687471,-0.3286182206788783,0.7586206896551724,0.7586206896551724,0.10809213194123275
rvol_ge_4&prior3_bp_ge_5,rvol_ge_4,prior3_bp_ge_5,1,5,1,29,-0.0009529928399687471,-0.3286182206788783,0.7586206896551724,0.7586206896551724,0.10809213194123275
green_ge_10&prior3_bp_ge_5,green_ge_10,prior3_bp_ge_5,3,2,3,27,-0.000953816752308434,-0.35326546381793855,0.4444444444444444,0.4444444444444444,0.03938764904346599
green_ge_10&prior3_bp_ge_5,green_ge_10,prior3_bp_ge_5,3,2,1,27,-0.000953816752308434,-0.35326546381793855,0.4444444444444444,0.4444444444444444,0.03938764904346599
close_loc_ge_0.75&close_loc_ge_0.9,close_loc_ge_0.75,close_loc_ge_0.9,2,3,3,43,-0.0009677741782452287,-0.2250637623826113,0.627906976744186,0.627906976744186,0.035388793537389274
rvol_ge_3&rvol_ge_4,rvol_ge_3,rvol_ge_4,1,2,1,30,-0.0009721282679321375,-0.32404275597737914,0.6666666666666666,0.6666666666666666,0.062327187013152784
rvol_ge_3&rvol_ge_4,rvol_ge_3,rvol_ge_4,1,2,3,30,-0.0009721282679321375,-0.32404275597737914,0.6666666666666666,0.6666666666666666,0.062327187013152784
prior5_bp_ge_10&range_ge_15,prior5_bp_ge_10,range_ge_15,2,2,3,20,-0.0009987292662908542,-0.4993646331454271,0.5,0.5,0.06074645534376856
prior5_bp_ge_10&range_ge_15,prior5_bp_ge_10,range_ge_15,2,2,1,20,-0.0009987292662908542,-0.4993646331454271,0.5,0.5,0.06074645534376856
prior5_bp_ge_0&close_loc_ge_0.9,prior5_bp_ge_0,close_loc_ge_0.9,1,5,1,33,-0.0009992155604591213,-0.3027925940785216,0.7272727272727273,0.7272727272727273,0.0992029584843171
green_ge_10&prior3_bp_ge_0,green_ge_10,prior3_bp_ge_0,2,3,3,28,-0.001003735308303888,-0.35847689582281717,0.6071428571428571,0.6071428571428571,0.053511143471065135
green_ge_10&prior5_bp_ge_5,green_ge_10,prior5_bp_ge_5,2,3,1,27,-0.0010038201000615032,-0.3717852222450012,0.5925925925925926,0.5925925925925926,0.056502807218719996
prior3_bp_ge_0&close_loc_ge_0.9,prior3_bp_ge_0,close_loc_ge_0.9,1,5,3,37,-0.0010073753413664122,-0.272263605774706,0.8108108108108109,0.8108108108108109,0.08220526653519247
range_ge_10&range_ge_15,range_ge_10,range_ge_15,1,2,3,26,-0.0010082087803694462,-0.38777260783440237,0.6538461538461539,0.6538461538461539,0.07221030997714392
range_ge_10&range_ge_15,range_ge_10,range_ge_15,1,2,1,26,-0.0010082087803694462,-0.38777260783440237,0.6538461538461539,0.6538461538461539,0.07221030997714392
rvol_ge_4&prior5_bp_ge_10,rvol_ge_4,prior5_bp_ge_10,1,2,3,22,-0.0010119658474682103,-0.45998447612191373,0.6363636363636364,0.6363636363636364,0.08232083076957274
rvol_ge_4&prior5_bp_ge_10,rvol_ge_4,prior5_bp_ge_10,1,2,1,22,-0.0010119658474682103,-0.45998447612191373,0.6363636363636364,0.6363636363636364,0.08232083076957274
rvol_ge_4&prior5_bp_ge_5,rvol_ge_4,prior5_bp_ge_5,1,5,3,27,-0.0010140137443962471,-0.37556064607268413,0.7777777777777778,0.7777777777777778,0.1109377504466839
green_ge_7.5&range_ge_15,green_ge_7.5,range_ge_15,2,5,1,23,-0.0010167215585270561,-0.44205285153350266,0.6956521739130435,0.6956521739130435,0.08650564189749259
green_ge_7.5&range_ge_15,green_ge_7.5,range_ge_15,2,5,3,23,-0.0010167215585270561,-0.44205285153350266,0.6956521739130435,0.6956521739130435,0.08650564189749259
green_ge_10&range_ge_10,green_ge_10,range_ge_10,2,3,3,31,-0.0010184466598753827,-0.32853118060496217,0.6129032258064516,0.6129032258064516,0.04841805186195068
green_ge_7.5&green_ge_10,green_ge_7.5,green_ge_10,2,3,3,31,-0.0010184466598753827,-0.32853118060496217,0.6129032258064516,0.6129032258064516,0.04841805186195068
green_ge_10&prior5_bp_ge_0,green_ge_10,prior5_bp_ge_0,2,3,3,28,-0.0010235549286832235,-0.3655553316725798,0.6071428571428571,0.6071428571428571,0.05337949224120907
prior5_bp_ge_10&close_loc_ge_0.9,prior5_bp_ge_10,close_loc_ge_0.9,2,2,1,24,-0.0010361492614432422,-0.43172885893468427,0.5,0.5,0.05301374753055415
green_ge_10&range_ge_10,green_ge_10,range_ge_10,1,5,3,31,-0.001039950503643472,-0.33546790440112,0.8064516129032258,0.8064516129032258,0.09929475685000086
green_ge_7.5&green_ge_10,green_ge_7.5,green_ge_10,1,5,1,31,-0.001039950503643472,-0.33546790440112,0.8064516129032258,0.8064516129032258,0.09929475685000086
green_ge_7.5&green_ge_10,green_ge_7.5,green_ge_10,1,5,3,31,-0.001039950503643472,-0.33546790440112,0.8064516129032258,0.8064516129032258,0.09929475685000086
green_ge_10&range_ge_10,green_ge_10,range_ge_10,1,5,1,31,-0.001039950503643472,-0.33546790440112,0.8064516129032258,0.8064516129032258,0.09929475685000086
prior3_bp_ge_10&close_loc_ge_0.9,prior3_bp_ge_10,close_loc_ge_0.9,1,2,3,22,-0.001041173175720389,-0.47326053441835864,0.6363636363636364,0.6363636363636364,0.08047127738030757
green_ge_7.5&prior3_bp_ge_5,green_ge_7.5,prior3_bp_ge_5,5,5,3,47,-0.001042430730572752,-0.22179377246228768,0.46808510638297873,0.5106382978723404,0.027312459574360334
green_ge_10&close_loc_ge_0.75,green_ge_10,close_loc_ge_0.75,1,5,3,24,-0.0010427753104672588,-0.43448971269469117,0.7916666666666666,0.7916666666666666,0.1233666177868269
green_ge_10&close_loc_ge_0.75,green_ge_10,close_loc_ge_0.75,1,5,1,24,-0.0010427753104672588,-0.43448971269469117,0.7916666666666666,0.7916666666666666,0.1233666177868269
rvol_ge_4&range_ge_10,rvol_ge_4,range_ge_10,1,5,1,24,-0.001043575912879735,-0.434823297033223,0.75,0.75,0.1275649890318464
prior3_bp_ge_10&close_loc_ge_0.9,prior3_bp_ge_10,close_loc_ge_0.9,3,2,1,22,-0.0010444576304116104,-0.47475346836891386,0.4090909090909091,0.4090909090909091,0.048154960966686394
rvol_ge_4&prior3_bp_ge_10,rvol_ge_4,prior3_bp_ge_10,5,2,3,20,-0.001046123572147395,-0.5230617860736975,0.3,0.3,0.07198540492555207
prior5_bp_ge_10&close_loc_ge_0.9,prior5_bp_ge_10,close_loc_ge_0.9,3,2,1,24,-0.0010486328036803938,-0.43693033486683075,0.4166666666666667,0.4166666666666667,0.044040271879239166
green_ge_10&prior5_bp_ge_10,green_ge_10,prior5_bp_ge_10,5,3,3,25,-0.0010564403327775196,-0.42257613311100783,0.4,0.4,0.045801679786853254
rvol_ge_4&prior5_bp_ge_0,rvol_ge_4,prior5_bp_ge_0,1,5,1,28,-0.0010569623976821596,-0.3774865706007713,0.75,0.75,0.11010138304131872
prior5_bp_ge_10&range_ge_15,prior5_bp_ge_10,range_ge_15,5,5,1,20,-0.0010641700452249658,-0.5320850226124829,0.5,0.5,0.05805528867932477
prior5_bp_ge_10&range_ge_15,prior5_bp_ge_10,range_ge_15,5,5,3,20,-0.0010641700452249658,-0.5320850226124829,0.5,0.5,0.05805528867932477
green_ge_10&prior5_bp_ge_0,green_ge_10,prior5_bp_ge_0,3,5,1,28,-0.0010699459372516262,-0.3821235490184379,0.6071428571428571,0.6071428571428571,0.05648239868684485
green_ge_10&prior3_bp_ge_0,green_ge_10,prior3_bp_ge_0,3,5,1,28,-0.001071289654788421,-0.3826034481387218,0.6071428571428571,0.6071428571428571,0.05647584054455775
prior3_bp_ge_0&prior3_bp_ge_10,prior3_bp_ge_0,prior3_bp_ge_10,1,3,3,48,-0.0010740961564219553,-0.22377003258790734,0.75,0.75,0.04702777749159967
prior3_bp_ge_5&prior3_bp_ge_10,prior3_bp_ge_5,prior3_bp_ge_10,1,3,3,48,-0.0010740961564219553,-0.22377003258790734,0.75,0.75,0.04702777749159967
rvol_ge_4&prior3_bp_ge_0,rvol_ge_4,prior3_bp_ge_0,1,2,1,29,-0.0010764840795073338,-0.3712014067266668,0.6551724137931034,0.6551724137931034,0.06358377425948832
rvol_ge_4&rvol3_prior3_pos,rvol_ge_4,rvol3_prior3_pos,1,2,1,29,-0.0010764840795073338,-0.3712014067266668,0.6551724137931034,0.6551724137931034,0.06358377425948832
rvol_ge_4&prior3_bp_ge_5,rvol_ge_4,prior3_bp_ge_5,1,2,3,29,-0.0010764840795073338,-0.3712014067266668,0.6551724137931034,0.6551724137931034,0.06358377425948832
rvol_ge_4&rvol3_prior3_pos,rvol_ge_4,rvol3_prior3_pos,1,2,3,29,-0.0010764840795073338,-0.3712014067266668,0.6551724137931034,0.6551724137931034,0.06358377425948832
rvol_ge_4&prior3_bp_ge_0,rvol_ge_4,prior3_bp_ge_0,1,2,3,29,-0.0010764840795073338,-0.3712014067266668,0.6551724137931034,0.6551724137931034,0.06358377425948832
rvol_ge_4&prior3_bp_ge_5,rvol_ge_4,prior3_bp_ge_5,1,2,1,29,-0.0010764840795073338,-0.3712014067266668,0.6551724137931034,0.6551724137931034,0.06358377425948832
rvol_ge_4&prior5_bp_ge_5,rvol_ge_4,prior5_bp_ge_5,3,5,3,27,-0.001092751229619493,-0.4047226776368492,0.5555555555555556,0.5925925925925926,0.060403641426341526
prior5_bp_ge_0&range_ge_15,prior5_bp_ge_0,range_ge_15,2,2,3,22,-0.0010985434837174068,-0.4993379471442758,0.5,0.5,0.05519782857159779
prior5_bp_ge_0&range_ge_15,prior5_bp_ge_0,range_ge_15,2,2,1,22,-0.0010985434837174068,-0.4993379471442758,0.5,0.5,0.05519782857159779
prior3_bp_ge_0&range_ge_15,prior3_bp_ge_0,range_ge_15,2,2,3,22,-0.0010990809707320803,-0.49958225942367285,0.5,0.5,0.05519259038787907
prior3_bp_ge_0&range_ge_15,prior3_bp_ge_0,range_ge_15,2,2,1,22,-0.0010990809707320803,-0.49958225942367285,0.5,0.5,0.05519259038787907
rvol_ge_4&range_ge_10,rvol_ge_4,range_ge_10,1,3,3,24,-0.001100418668905978,-0.45850777871082415,0.7083333333333334,0.7083333333333334,0.09263214516253306
rvol_ge_4&range_ge_10,rvol_ge_4,range_ge_10,1,3,1,24,-0.001100418668905978,-0.45850777871082415,0.7083333333333334,0.7083333333333334,0.09263214516253306
rvol_ge_4&prior3_bp_ge_5,rvol_ge_4,prior3_bp_ge_5,3,5,1,29,-0.00110150482279614,-0.3798292492400483,0.5172413793103449,0.5862068965517241,0.05866307674692215
rvol_ge_4&prior3_bp_ge_0,rvol_ge_4,prior3_bp_ge_0,3,5,1,29,-0.00110150482279614,-0.3798292492400483,0.5172413793103449,0.5862068965517241,0.05866307674692215
rvol_ge_4&rvol3_prior3_pos,rvol_ge_4,rvol3_prior3_pos,3,5,1,29,-0.00110150482279614,-0.3798292492400483,0.5172413793103449,0.5862068965517241,0.05866307674692215
prior3_bp_ge_10&range_ge_10,prior3_bp_ge_10,range_ge_10,1,5,3,37,-0.0011147015384971315,-0.3012706860803058,0.8108108108108109,0.8108108108108109,0.08405454246421931
prior5_bp_ge_5&close_loc_ge_0.9,prior5_bp_ge_5,close_loc_ge_0.9,1,5,1,32,-0.0011150300256858037,-0.34844688302681365,0.71875,0.71875,0.10109661800782893
rvol_ge_4&range_ge_10,rvol_ge_4,range_ge_10,3,5,3,24,-0.001115688700173867,-0.4648702917391112,0.5416666666666666,0.5833333333333334,0.06847514165623295
green_ge_7.5&rvol3_prior3_pos,green_ge_7.5,rvol3_prior3_pos,5,5,3,27,-0.0011225519178050813,-0.41575996955743755,0.4074074074074074,0.48148148148148145,0.04835209579351415
prior3_bp_ge_10&close_loc_ge_0.9,prior3_bp_ge_10,close_loc_ge_0.9,3,3,3,22,-0.0011290558927845584,-0.5132072239929811,0.5,0.5,0.05423173791580718
green_ge_10&prior3_bp_ge_10,green_ge_10,prior3_bp_ge_10,5,3,3,23,-0.0011399030535188537,-0.49561002326906684,0.391304347826087,0.391304347826087,0.049927060328208435
rvol_ge_4&prior3_bp_ge_5,rvol_ge_4,prior3_bp_ge_5,2,5,3,29,-0.0011444886235384422,-0.39465124949601454,0.6551724137931034,0.6896551724137931,0.06899427261472488
rvol_ge_4&prior3_bp_ge_0,rvol_ge_4,prior3_bp_ge_0,2,5,3,29,-0.0011444886235384422,-0.39465124949601454,0.6551724137931034,0.6896551724137931,0.06899427261472488
rvol_ge_4&rvol3_prior3_pos,rvol_ge_4,rvol3_prior3_pos,2,5,3,29,-0.0011444886235384422,-0.39465124949601454,0.6551724137931034,0.6896551724137931,0.06899427261472488
green_ge_7.5&close_loc_ge_0.9,green_ge_7.5,close_loc_ge_0.9,1,3,3,28,-0.00114564224731728,-0.40915794547045714,0.7142857142857143,0.7142857142857143,0.07665524016156511
green_ge_7.5&close_loc_ge_0.9,green_ge_7.5,close_loc_ge_0.9,1,3,1,28,-0.00114564224731728,-0.40915794547045714,0.7142857142857143,0.7142857142857143,0.07665524016156511
rvol_ge_3&rvol_ge_4,rvol_ge_3,rvol_ge_4,5,2,3,30,-0.0011696937727446732,-0.3898979242482244,0.3,0.3333333333333333,0.048016390962324185
rvol_ge_4&prior5_bp_ge_0,rvol_ge_4,prior5_bp_ge_0,5,1,3,28,-0.0011704066015461034,-0.4180023576950369,0.21428571428571427,0.25,0.0669645750179145
green_ge_10&prior3_bp_ge_10,green_ge_10,prior3_bp_ge_10,5,1,3,23,-0.0011713514668471037,-0.5092832464552625,0.21739130434782608,0.21739130434782608,0.08231671688687867
green_ge_10&prior3_bp_ge_10,green_ge_10,prior3_bp_ge_10,5,1,1,23,-0.0011713514668471037,-0.5092832464552625,0.21739130434782608,0.21739130434782608,0.08231671688687867
rvol_ge_4&prior5_bp_ge_5,rvol_ge_4,prior5_bp_ge_5,1,5,1,27,-0.001172776862908842,-0.4343618010773489,0.7407407407407407,0.7407407407407407,0.11242934797267828
range_ge_10&close_loc_ge_0.9,range_ge_10,close_loc_ge_0.9,1,3,1,28,-0.0011743419866578897,-0.41940785237781775,0.7142857142857143,0.7142857142857143,0.07977476437758464
range_ge_10&close_loc_ge_0.9,range_ge_10,close_loc_ge_0.9,1,3,3,28,-0.0011743419866578897,-0.41940785237781775,0.7142857142857143,0.7142857142857143,0.07977476437758464
prior3_bp_ge_10&prior5_bp_ge_0,prior3_bp_ge_10,prior5_bp_ge_0,1,3,3,47,-0.0011759146344394455,-0.25019460307222247,0.7446808510638298,0.7446808510638298,0.047582243392186335
rvol_ge_4&prior5_bp_ge_0,rvol_ge_4,prior5_bp_ge_0,1,2,1,28,-0.0011804536372207464,-0.4215905847216951,0.6428571428571429,0.6428571428571429,0.06488713083904778
rvol_ge_4&prior5_bp_ge_0,rvol_ge_4,prior5_bp_ge_0,1,2,3,28,-0.0011804536372207464,-0.4215905847216951,0.6428571428571429,0.6428571428571429,0.06488713083904778
green_ge_7.5&prior3_bp_ge_10,green_ge_7.5,prior3_bp_ge_10,1,5,3,36,-0.0011861388042317955,-0.3294830011754987,0.8055555555555556,0.8055555555555556,0.08486482080784717
green_ge_10&close_loc_ge_0.75,green_ge_10,close_loc_ge_0.75,5,5,3,24,-0.0011920408022757512,-0.49668366761489635,0.5,0.5,0.04841789250964574
close_loc_ge_0.75&close_loc_ge_0.9,close_loc_ge_0.75,close_loc_ge_0.9,3,5,1,43,-0.0011960074187784553,-0.27814126018103613,0.5348837209302325,0.5581395348837209,0.039916831057325096
prior3_bp_ge_10&close_loc_ge_0.75,prior3_bp_ge_10,close_loc_ge_0.75,5,5,1,35,-0.0011975045861596367,-0.3421441674741819,0.37142857142857144,0.45714285714285713,0.04268815873919691
prior5_bp_ge_10&range_ge_15,prior5_bp_ge_10,range_ge_15,5,2,3,20,-0.0011980303030660888,-0.5990151515330444,0.3,0.3,0.0702334277801779
prior5_bp_ge_10&range_ge_15,prior5_bp_ge_10,range_ge_15,5,2,1,20,-0.0011980303030660888,-0.5990151515330444,0.3,0.3,0.0702334277801779
green_ge_10&prior3_bp_ge_10,green_ge_10,prior3_bp_ge_10,3,5,3,23,-0.0011988322002940421,-0.5212313914321922,0.6086956521739131,0.6086956521739131,0.06630895710561947
prior5_bp_ge_0&close_loc_ge_0.9,prior5_bp_ge_0,close_loc_ge_0.9,2,3,3,33,-0.001206977742535753,-0.3657508310714403,0.6060606060606061,0.6060606060606061,0.045433181951887135
green_ge_7.5&range_ge_15,green_ge_7.5,range_ge_15,1,3,3,23,-0.001208270387200061,-0.5253349509565483,0.6956521739130435,0.6956521739130435,0.09408265352020334
green_ge_7.5&range_ge_15,green_ge_7.5,range_ge_15,1,3,1,23,-0.001208270387200061,-0.5253349509565483,0.6956521739130435,0.6956521739130435,0.09408265352020334
prior3_bp_ge_5&close_loc_ge_0.9,prior3_bp_ge_5,close_loc_ge_0.9,2,3,3,33,-0.0012162302775012845,-0.36855462954584384,0.6060606060606061,0.6060606060606061,0.045477279039304215
prior3_bp_ge_5&close_loc_ge_0.75,prior3_bp_ge_5,close_loc_ge_0.75,2,5,1,54,-0.0012217302392230067,-0.22624634059685308,0.6481481481481481,0.6481481481481481,0.039541365771143484
rvol_ge_4&prior3_bp_ge_10,rvol_ge_4,prior3_bp_ge_10,3,5,1,20,-0.0012252215524419796,-0.6126107762209898,0.55,0.55,0.07832962268827047
green_ge_7.5&range_ge_15,green_ge_7.5,range_ge_15,1,5,1,23,-0.0012253544776951175,-0.5327628163891815,0.782608695652174,0.782608695652174,0.13234111323435607
green_ge_7.5&range_ge_15,green_ge_7.5,range_ge_15,1,5,3,23,-0.0012253544776951175,-0.5327628163891815,0.782608695652174,0.782608695652174,0.13234111323435607
prior5_bp_ge_5&close_loc_ge_0.75,prior5_bp_ge_5,close_loc_ge_0.75,1,5,3,51,-0.0012297441262203446,-0.2411262992588911,0.803921568627451,0.803921568627451,0.06158286695771152
prior5_bp_ge_10&close_loc_ge_0.9,prior5_bp_ge_10,close_loc_ge_0.9,3,3,3,24,-0.00123335434175742,-0.513897642398925,0.5,0.5,0.04970613731151904
green_ge_10&prior5_bp_ge_5,green_ge_10,prior5_bp_ge_5,2,3,3,27,-0.001236341465098434,-0.4579042463327533,0.5925925925925926,0.5925925925925926,0.054827695412593455
prior3_bp_ge_5&close_loc_ge_0.9,prior3_bp_ge_5,close_loc_ge_0.9,2,2,1,33,-0.001238637292895306,-0.3753446342106988,0.5151515151515151,0.5151515151515151,0.038346211595875465
prior3_bp_ge_10&close_loc_ge_0.9,prior3_bp_ge_10,close_loc_ge_0.9,1,2,1,22,-0.0012430995848530246,-0.5650452658422839,0.5909090909090909,0.5909090909090909,0.08051054666049516
prior3_bp_ge_10&close_loc_ge_0.9,prior3_bp_ge_10,close_loc_ge_0.9,3,2,3,22,-0.0012482900633949967,-0.5674045742704531,0.4090909090909091,0.4090909090909091,0.046712325666027
prior5_bp_ge_10&close_loc_ge_0.9,prior5_bp_ge_10,close_loc_ge_0.9,3,2,3,24,-0.00125246523666378,-0.5218605152765751,0.4166666666666667,0.4166666666666667,0.04283054421074619
green_ge_10&prior5_bp_ge_0,green_ge_10,prior5_bp_ge_0,3,2,3,28,-0.0012600752613227684,-0.45002687904384586,0.42857142857142855,0.42857142857142855,0.037995045889694476
green_ge_10&prior5_bp_ge_0,green_ge_10,prior5_bp_ge_0,3,2,1,28,-0.0012600752613227684,-0.45002687904384586,0.42857142857142855,0.42857142857142855,0.037995045889694476
green_ge_10&prior3_bp_ge_0,green_ge_10,prior3_bp_ge_0,3,2,1,28,-0.0012606127483374419,-0.45021883869194357,0.42857142857142855,0.42857142857142855,0.03799268841438309
green_ge_10&prior3_bp_ge_0,green_ge_10,prior3_bp_ge_0,3,2,3,28,-0.0012606127483374419,-0.45021883869194357,0.42857142857142855,0.42857142857142855,0.03799268841438309
rvol_ge_3&rvol_ge_4,rvol_ge_3,rvol_ge_4,3,2,3,30,-0.0012627452084555957,-0.4209150694851986,0.43333333333333335,0.43333333333333335,0.03533492168738394
range_ge_10&close_loc_ge_0.9,range_ge_10,close_loc_ge_0.9,3,2,3,28,-0.001264186896375974,-0.4514953201342764,0.42857142857142855,0.42857142857142855,0.03802229725460973
range_ge_10&close_loc_ge_0.9,range_ge_10,close_loc_ge_0.9,3,2,1,28,-0.001264186896375974,-0.4514953201342764,0.42857142857142855,0.42857142857142855,0.03802229725460973
rvol_ge_4&prior5_bp_ge_10,rvol_ge_4,prior5_bp_ge_10,1,3,1,22,-0.001268199517984847,-0.5764543263567486,0.6818181818181818,0.6818181818181818,0.09205052986941752
rvol_ge_4&prior5_bp_ge_10,rvol_ge_4,prior5_bp_ge_10,1,3,3,22,-0.001268199517984847,-0.5764543263567486,0.6818181818181818,0.6818181818181818,0.09205052986941752
rvol_ge_4&prior3_bp_ge_10,rvol_ge_4,prior3_bp_ge_10,3,2,1,20,-0.0012689368293796743,-0.6344684146898372,0.4,0.4,0.05302833030648723
rvol_ge_4&prior3_bp_ge_10,rvol_ge_4,prior3_bp_ge_10,3,2,3,20,-0.0012689368293796743,-0.6344684146898372,0.4,0.4,0.05302833030648723
prior3_bp_ge_5&prior3_bp_ge_10,prior3_bp_ge_5,prior3_bp_ge_10,1,3,1,48,-0.001276022565554591,-0.2658380344905398,0.7291666666666666,0.7291666666666666,0.04703814804830347
prior3_bp_ge_0&prior3_bp_ge_10,prior3_bp_ge_0,prior3_bp_ge_10,1,3,1,48,-0.001276022565554591,-0.2658380344905398,0.7291666666666666,0.7291666666666666,0.04703814804830347
green_ge_10&prior5_bp_ge_5,green_ge_10,prior5_bp_ge_5,5,1,1,27,-0.001282321077957116,-0.4749337325767096,0.2222222222222222,0.2222222222222222,0.06980090105797541
green_ge_10&prior5_bp_ge_5,green_ge_10,prior5_bp_ge_5,5,1,3,27,-0.001282321077957116,-0.4749337325767096,0.2222222222222222,0.2222222222222222,0.06980090105797541
prior3_bp_ge_10&close_loc_ge_0.75,prior3_bp_ge_10,close_loc_ge_0.75,1,2,3,35,-0.0012828997556288968,-0.366542787322542,0.6571428571428571,0.6571428571428571,0.05143543970625336
prior3_bp_ge_5&close_loc_ge_0.9,prior3_bp_ge_5,close_loc_ge_0.9,2,3,1,33,-0.001287561730729414,-0.3901702214331558,0.5757575757575758,0.5757575757575758,0.04714067034351331
prior3_bp_ge_10&prior5_bp_ge_5,prior3_bp_ge_10,prior5_bp_ge_5,1,3,3,46,-0.001291980017938732,-0.2808652212910287,0.7391304347826086,0.7391304347826086,0.0482304565925353
green_ge_10&prior3_bp_ge_5,green_ge_10,prior3_bp_ge_5,5,1,3,27,-0.0012952456004110546,-0.47972059274483503,0.2222222222222222,0.2222222222222222,0.06967991323311287
green_ge_10&prior3_bp_ge_5,green_ge_10,prior3_bp_ge_5,5,1,1,27,-0.0012952456004110546,-0.47972059274483503,0.2222222222222222,0.2222222222222222,0.06967991323311287
rvol_ge_4&prior5_bp_ge_5,rvol_ge_4,prior5_bp_ge_5,1,2,3,27,-0.0012962681024474287,-0.4800992972027514,0.6296296296296297,0.6296296296296297,0.06640335558745568
rvol_ge_4&prior5_bp_ge_5,rvol_ge_4,prior5_bp_ge_5,1,2,1,27,-0.0012962681024474287,-0.4800992972027514,0.6296296296296297,0.6296296296296297,0.06640335558745568
prior3_bp_ge_5&prior3_bp_ge_10,prior3_bp_ge_5,prior3_bp_ge_10,1,5,1,48,-0.0012992848008137603,-0.27068433350286675,0.7708333333333334,0.7708333333333334,0.06819530981183208
prior3_bp_ge_0&prior3_bp_ge_10,prior3_bp_ge_0,prior3_bp_ge_10,1,5,1,48,-0.0012992848008137603,-0.27068433350286675,0.7708333333333334,0.7708333333333334,0.06819530981183208
close_loc_ge_0.75&rvol3_prior3_pos,close_loc_ge_0.75,rvol3_prior3_pos,5,5,1,27,-0.0013027126896597574,-0.48248618135546567,0.2962962962962963,0.48148148148148145,0.06054183738519154
rvol_ge_4&prior5_bp_ge_10,rvol_ge_4,prior5_bp_ge_10,3,5,1,22,-0.0013083508562188317,-0.5947049346449235,0.5454545454545454,0.5454545454545454,0.07207875484382259
rvol_ge_4&prior3_bp_ge_10,rvol_ge_4,prior3_bp_ge_10,5,1,3,20,-0.001310038265632807,-0.6550191328164034,0.2,0.2,0.0957883810202177
rvol_ge_4&prior3_bp_ge_10,rvol_ge_4,prior3_bp_ge_10,5,1,1,20,-0.001310038265632807,-0.6550191328164034,0.2,0.2,0.0957883810202177
green_ge_10&prior3_bp_ge_10,green_ge_10,prior3_bp_ge_10,3,3,1,23,-0.0013107910488988628,-0.5699091516951578,0.4782608695652174,0.4782608695652174,0.05308698039745178
prior5_bp_ge_5&range_ge_15,prior5_bp_ge_5,range_ge_15,2,2,1,21,-0.0013113300201326172,-0.6244428667298176,0.47619047619047616,0.47619047619047616,0.057352744456434374
prior5_bp_ge_5&range_ge_15,prior5_bp_ge_5,range_ge_15,2,2,3,21,-0.0013113300201326172,-0.6244428667298176,0.47619047619047616,0.47619047619047616,0.057352744456434374
green_ge_7.5&range_ge_15,green_ge_7.5,range_ge_15,1,2,1,23,-0.001317301343332189,-0.572739714492256,0.6086956521739131,0.6086956521739131,0.07744625428294524
green_ge_7.5&range_ge_15,green_ge_7.5,range_ge_15,1,2,3,23,-0.001317301343332189,-0.572739714492256,0.6086956521739131,0.6086956521739131,0.07744625428294524
range_ge_10&range_ge_15,range_ge_10,range_ge_15,2,2,1,26,-0.00132069746828678,-0.5079605647256846,0.5,0.5,0.049164063594026794
range_ge_10&range_ge_15,range_ge_10,range_ge_15,2,2,3,26,-0.00132069746828678,-0.5079605647256846,0.5,0.5,0.049164063594026794
rvol_ge_3&rvol_ge_4,rvol_ge_3,rvol_ge_4,2,5,1,30,-0.0013279941300523568,-0.4426647100174523,0.6333333333333333,0.6333333333333333,0.06794635613570676
green_ge_7.5&green_ge_10,green_ge_7.5,green_ge_10,1,2,3,31,-0.0013380236663925738,-0.4316205375459915,0.6451612903225806,0.6451612903225806,0.05962826853280477
green_ge_7.5&green_ge_10,green_ge_7.5,green_ge_10,1,2,1,31,-0.0013380236663925738,-0.4316205375459915,0.6451612903225806,0.6451612903225806,0.05962826853280477
green_ge_10&range_ge_10,green_ge_10,range_ge_10,1,2,3,31,-0.0013380236663925738,-0.4316205375459915,0.6451612903225806,0.6451612903225806,0.05962826853280477
green_ge_10&range_ge_10,green_ge_10,range_ge_10,1,2,1,31,-0.0013380236663925738,-0.4316205375459915,0.6451612903225806,0.6451612903225806,0.05962826853280477
rvol_ge_4&prior5_bp_ge_10,rvol_ge_4,prior5_bp_ge_10,2,5,3,22,-0.0013445608321077662,-0.6111640145944393,0.6363636363636364,0.6818181818181818,0.08729746549956166
close_loc_ge_0.75&close_loc_ge_0.9,close_loc_ge_0.75,close_loc_ge_0.9,1,5,1,43,-0.0013514885691460199,-0.31429966724326047,0.7441860465116279,0.7441860465116279,0.0744076417910355
rvol_ge_4&prior5_bp_ge_0,rvol_ge_4,prior5_bp_ge_0,2,5,3,28,-0.0013524277389652672,-0.4830099067733097,0.6428571428571429,0.6785714285714286,0.07060566928183293
green_ge_7.5&prior3_bp_ge_10,green_ge_7.5,prior3_bp_ge_10,2,2,3,36,-0.0013535859145895612,-0.3759960873859892,0.5277777777777778,0.5277777777777778,0.03558437509236664
green_ge_7.5&prior3_bp_ge_10,green_ge_7.5,prior3_bp_ge_10,2,2,1,36,-0.0013535859145895612,-0.3759960873859892,0.5277777777777778,0.5277777777777778,0.03558437509236664
rvol_ge_4&prior5_bp_ge_0,rvol_ge_4,prior5_bp_ge_0,5,2,3,28,-0.0013626833467899058,-0.4866726238535378,0.2857142857142857,0.32142857142857145,0.05190614167959642
prior5_bp_ge_10&close_loc_ge_0.9,prior5_bp_ge_10,close_loc_ge_0.9,3,1,1,24,-0.0013736081565840497,-0.5723367319100207,0.2916666666666667,0.2916666666666667,0.05474031534864414
prior5_bp_ge_10&close_loc_ge_0.9,prior5_bp_ge_10,close_loc_ge_0.9,3,1,3,24,-0.0013736081565840497,-0.5723367319100207,0.2916666666666667,0.2916666666666667,0.05474031534864414
rvol_ge_4&prior3_bp_ge_0,rvol_ge_4,prior3_bp_ge_0,5,1,3,29,-0.0013743657623038752,-0.4739192283806466,0.20689655172413793,0.2413793103448276,0.06524510520167401
rvol_ge_4&rvol3_prior3_pos,rvol_ge_4,rvol3_prior3_pos,5,1,3,29,-0.0013743657623038752,-0.4739192283806466,0.20689655172413793,0.2413793103448276,0.06524510520167401
rvol_ge_4&prior3_bp_ge_5,rvol_ge_4,prior3_bp_ge_5,5,1,3,29,-0.0013743657623038752,-0.4739192283806466,0.20689655172413793,0.2413793103448276,0.06524510520167401
green_ge_10&range_ge_10,green_ge_10,range_ge_10,5,2,1,31,-0.0013765682698847481,-0.4440542806079833,0.3225806451612903,0.3225806451612903,0.04454461200396088
green_ge_7.5&green_ge_10,green_ge_7.5,green_ge_10,5,2,1,31,-0.0013765682698847481,-0.4440542806079833,0.3225806451612903,0.3225806451612903,0.04454461200396088
green_ge_10&range_ge_10,green_ge_10,range_ge_10,5,2,3,31,-0.0013765682698847481,-0.4440542806079833,0.3225806451612903,0.3225806451612903,0.04454461200396088
green_ge_7.5&green_ge_10,green_ge_7.5,green_ge_10,5,2,3,31,-0.0013765682698847481,-0.4440542806079833,0.3225806451612903,0.3225806451612903,0.04454461200396088
prior3_bp_ge_10&prior5_bp_ge_0,prior3_bp_ge_10,prior5_bp_ge_0,1,3,1,47,-0.0013778410435720811,-0.2931576688451236,0.723404255319149,0.723404255319149,0.04759285995952002
prior3_bp_ge_0&close_loc_ge_0.75,prior3_bp_ge_0,close_loc_ge_0.75,2,5,3,59,-0.0013783650009622228,-0.23362118660376657,0.6949152542372882,0.711864406779661,0.033764328220103855
green_ge_7.5&close_loc_ge_0.9,green_ge_7.5,close_loc_ge_0.9,2,3,1,28,-0.0013785844333628061,-0.4923515833438593,0.5714285714285714,0.5714285714285714,0.053432986614343383
rvol_ge_4&prior5_bp_ge_5,rvol_ge_4,prior5_bp_ge_5,5,1,3,27,-0.0013792142916264627,-0.510820108009801,0.2222222222222222,0.2222222222222222,0.06882141066026891
close_loc_ge_0.75&rvol3_prior3_pos,close_loc_ge_0.75,rvol3_prior3_pos,5,5,3,27,-0.0013810774425493388,-0.5115101639071625,0.37037037037037035,0.48148148148148145,0.04971707090278354
range_ge_10&close_loc_ge_0.9,range_ge_10,close_loc_ge_0.9,2,3,1,28,-0.0013992878978316137,-0.49974567779700485,0.5714285714285714,0.5714285714285714,0.053774475880349594
prior3_bp_ge_10&prior5_bp_ge_0,prior3_bp_ge_10,prior5_bp_ge_0,1,5,1,47,-0.0014011032788312505,-0.2981070806023937,0.7659574468085106,0.7659574468085106,0.06895664827763122
rvol_ge_4&range_ge_10,rvol_ge_4,range_ge_10,2,5,3,24,-0.0014054534807976804,-0.5856056169990335,0.625,0.6666666666666666,0.08221080687459484
rvol_ge_4&prior5_bp_ge_0,rvol_ge_4,prior5_bp_ge_0,3,5,1,28,-0.0014134134959365996,-0.5047905342630713,0.5,0.5714285714285714,0.06042180874226905
prior5_bp_ge_0&close_loc_ge_0.75,prior5_bp_ge_0,close_loc_ge_0.75,2,5,1,55,-0.0014145055723374655,-0.25718283133408465,0.6363636363636364,0.6363636363636364,0.039015619816295984
prior5_bp_ge_5&close_loc_ge_0.9,prior5_bp_ge_5,close_loc_ge_0.9,2,3,3,32,-0.001419304262117893,-0.4435325819118416,0.59375,0.59375,0.046467144782343234
rvol_ge_3&rvol_ge_4,rvol_ge_3,rvol_ge_4,3,2,1,30,-0.001422101667596487,-0.474033889198829,0.4,0.43333333333333335,0.035949992020808196
prior5_bp_ge_5&close_loc_ge_0.75,prior5_bp_ge_5,close_loc_ge_0.75,2,5,1,51,-0.0014234567758238947,-0.2791091717301754,0.6274509803921569,0.6274509803921569,0.042342504064325284
rvol_ge_3&rvol_ge_4,rvol_ge_3,rvol_ge_4,5,1,1,30,-0.0014235882960161872,-0.47452943200539577,0.2,0.26666666666666666,0.06565193967895344
green_ge_10&prior5_bp_ge_10,green_ge_10,prior5_bp_ge_10,3,3,1,25,-0.001431484957123197,-0.5725939828492788,0.48,0.48,0.04868084293215125
rvol_ge_4&prior5_bp_ge_10,rvol_ge_4,prior5_bp_ge_10,5,2,1,22,-0.0014315411226770713,-0.6507005103077597,0.2727272727272727,0.3181818181818182,0.06572036280525675
green_ge_7.5&range_ge_15,green_ge_7.5,range_ge_15,2,3,3,23,-0.0014416893803415043,-0.6268214697136975,0.5652173913043478,0.5652173913043478,0.06289578967870046
green_ge_7.5&range_ge_15,green_ge_7.5,range_ge_15,2,3,1,23,-0.0014416893803415043,-0.6268214697136975,0.5652173913043478,0.5652173913043478,0.06289578967870046
green_ge_7.5&prior5_bp_ge_10,green_ge_7.5,prior5_bp_ge_10,5,5,1,39,-0.001441809176241815,-0.3696946605748244,0.41025641025641024,0.46153846153846156,0.03589512372227646
prior3_bp_ge_5&range_ge_15,prior3_bp_ge_5,range_ge_15,2,5,3,21,-0.0014433003828748792,-0.6872858966070854,0.6666666666666666,0.6666666666666666,0.09132955364131368
prior3_bp_ge_5&range_ge_15,prior3_bp_ge_5,range_ge_15,2,5,1,21,-0.0014433003828748792,-0.6872858966070854,0.6666666666666666,0.6666666666666666,0.09132955364131368
rvol_ge_3&rvol_ge_4,rvol_ge_3,rvol_ge_4,1,3,1,30,-0.0014501937001317744,-0.4833979000439248,0.7,0.7,0.0726567363396128
rvol_ge_3&rvol_ge_4,rvol_ge_3,rvol_ge_4,1,3,3,30,-0.0014501937001317744,-0.4833979000439248,0.7,0.7,0.0726567363396128
green_ge_7.5&rvol_ge_3,green_ge_7.5,rvol_ge_3,1,5,3,30,-0.0014508382281370746,-0.4836127427123582,0.7666666666666667,0.7666666666666667,0.09827331953891479
prior5_bp_ge_0&close_loc_ge_0.9,prior5_bp_ge_0,close_loc_ge_0.9,2,2,3,33,-0.001451289632716457,-0.43978473718680516,0.5151515151515151,0.5151515151515151,0.03738508078192373
rvol_ge_3&close_loc_ge_0.75,rvol_ge_3,close_loc_ge_0.75,1,2,1,33,-0.0014573547386340646,-0.44162264807092866,0.6363636363636364,0.6363636363636364,0.05206373030873779
rvol_ge_3&close_loc_ge_0.75,rvol_ge_3,close_loc_ge_0.75,1,2,3,33,-0.0014573547386340646,-0.44162264807092866,0.6363636363636364,0.6363636363636364,0.05206373030873779
rvol_ge_4&range_ge_10,rvol_ge_4,range_ge_10,5,1,3,24,-0.0014620283463029349,-0.6091784776262229,0.20833333333333334,0.20833333333333334,0.07899417237278579
rvol_ge_4&range_ge_10,rvol_ge_4,range_ge_10,5,1,1,24,-0.0014620283463029349,-0.6091784776262229,0.20833333333333334,0.20833333333333334,0.07899417237278579
prior3_bp_ge_10&close_loc_ge_0.9,prior3_bp_ge_10,close_loc_ge_0.9,3,1,3,22,-0.0014747287656309283,-0.6703312571049673,0.2727272727272727,0.2727272727272727,0.06014037226109282
prior3_bp_ge_10&close_loc_ge_0.9,prior3_bp_ge_10,close_loc_ge_0.9,3,1,1,22,-0.0014747287656309283,-0.6703312571049673,0.2727272727272727,0.2727272727272727,0.06014037226109282
prior3_bp_ge_10&close_loc_ge_0.75,prior3_bp_ge_10,close_loc_ge_0.75,1,2,1,35,-0.0014848261647615324,-0.4242360470747235,0.6285714285714286,0.6285714285714286,0.051451480269011834
rvol_ge_3&rvol_ge_4,rvol_ge_3,rvol_ge_4,5,2,1,30,-0.0014886423593141185,-0.49621411977137286,0.26666666666666666,0.36666666666666664,0.05025321152635707
prior3_bp_ge_10&prior5_bp_ge_5,prior3_bp_ge_10,prior5_bp_ge_5,1,3,1,46,-0.0014939064270713676,-0.3247622667546451,0.717391304347826,0.717391304347826,0.048241364422440376
green_ge_10&prior5_bp_ge_0,green_ge_10,prior5_bp_ge_0,3,5,3,28,-0.001496235106485888,-0.5343696808878172,0.6071428571428571,0.6071428571428571,0.054475543581419185
green_ge_10&prior3_bp_ge_0,green_ge_10,prior3_bp_ge_0,3,5,3,28,-0.0014975788240226828,-0.534849580008101,0.6071428571428571,0.6071428571428571,0.054469443164628935
green_ge_10&prior5_bp_ge_0,green_ge_10,prior5_bp_ge_0,5,1,3,28,-0.0014983748549182163,-0.5351338767565058,0.21428571428571427,0.21428571428571427,0.06783203456152068
green_ge_10&prior5_bp_ge_0,green_ge_10,prior5_bp_ge_0,5,1,1,28,-0.0014983748549182163,-0.5351338767565058,0.21428571428571427,0.21428571428571427,0.06783203456152068
green_ge_10&prior3_bp_ge_0,green_ge_10,prior3_bp_ge_0,5,1,1,28,-0.001498643598425442,-0.535229856580515,0.21428571428571427,0.21428571428571427,0.06782965470396334
green_ge_10&prior3_bp_ge_0,green_ge_10,prior3_bp_ge_0,5,1,3,28,-0.001498643598425442,-0.535229856580515,0.21428571428571427,0.21428571428571427,0.06782965470396334
prior5_bp_ge_5&range_ge_15,prior5_bp_ge_5,range_ge_15,5,2,3,21,-0.0015106310569078518,-0.7193481223370723,0.2857142857142857,0.2857142857142857,0.06738594099855034
prior5_bp_ge_5&range_ge_15,prior5_bp_ge_5,range_ge_15,5,2,1,21,-0.0015106310569078518,-0.7193481223370723,0.2857142857142857,0.2857142857142857,0.06738594099855034
rvol_ge_4&prior3_bp_ge_10,rvol_ge_4,prior3_bp_ge_10,2,5,1,20,-0.0015128044758397907,-0.7564022379198954,0.6,0.6,0.09670833878343496
range_ge_10&close_loc_ge_0.9,range_ge_10,close_loc_ge_0.9,3,3,1,28,-0.0015169490305051436,-0.5417675108946941,0.4642857142857143,0.5,0.04518104416687057
prior3_bp_ge_5&range_ge_15,prior3_bp_ge_5,range_ge_15,5,2,1,21,-0.001517137805655433,-0.7224465741216348,0.2857142857142857,0.2857142857142857,0.0673291218373596
prior3_bp_ge_5&range_ge_15,prior3_bp_ge_5,range_ge_15,5,2,3,21,-0.001517137805655433,-0.7224465741216348,0.2857142857142857,0.2857142857142857,0.0673291218373596
prior3_bp_ge_10&prior5_bp_ge_5,prior3_bp_ge_10,prior5_bp_ge_5,1,5,1,46,-0.001517168662330537,-0.32981927441968195,0.7608695652173914,0.7608695652173914,0.06984551759620794
rvol_ge_4&prior3_bp_ge_5,rvol_ge_4,prior3_bp_ge_5,2,5,1,29,-0.0015367057532027495,-0.5298985355871549,0.6206896551724138,0.6206896551724138,0.06951455896416846
rvol_ge_4&prior3_bp_ge_0,rvol_ge_4,prior3_bp_ge_0,2,5,1,29,-0.0015367057532027495,-0.5298985355871549,0.6206896551724138,0.6206896551724138,0.06951455896416846
rvol_ge_4&rvol3_prior3_pos,rvol_ge_4,rvol3_prior3_pos,2,5,1,29,-0.0015367057532027495,-0.5298985355871549,0.6206896551724138,0.6206896551724138,0.06951455896416846
rvol_ge_3&rvol_ge_4,rvol_ge_3,rvol_ge_4,2,2,1,30,-0.0015378346371425211,-0.5126115457141737,0.5,0.5,0.0422033071815053
rvol_ge_3&rvol_ge_4,rvol_ge_3,rvol_ge_4,2,2,3,30,-0.0015378346371425211,-0.5126115457141737,0.5,0.5,0.0422033071815053
prior3_bp_ge_10&range_ge_10,prior3_bp_ge_10,range_ge_10,1,2,1,37,-0.0015388069374004942,-0.41589376686499846,0.6486486486486487,0.6486486486486487,0.049979230063383236
prior3_bp_ge_10&range_ge_10,prior3_bp_ge_10,range_ge_10,1,2,3,37,-0.0015388069374004942,-0.41589376686499846,0.6486486486486487,0.6486486486486487,0.049979230063383236
green_ge_10&prior3_bp_ge_10,green_ge_10,prior3_bp_ge_10,3,3,3,23,-0.0015433124139357934,-0.6710053973633884,0.4782608695652174,0.4782608695652174,0.051605626379426
rvol_ge_4&rvol3_prior3_pos,rvol_ge_4,rvol3_prior3_pos,1,3,1,29,-0.0015545495117069708,-0.5360515557610244,0.6896551724137931,0.6896551724137931,0.0739500763005602
rvol_ge_4&prior3_bp_ge_0,rvol_ge_4,prior3_bp_ge_0,1,3,3,29,-0.0015545495117069708,-0.5360515557610244,0.6896551724137931,0.6896551724137931,0.0739500763005602
rvol_ge_4&rvol3_prior3_pos,rvol_ge_4,rvol3_prior3_pos,1,3,3,29,-0.0015545495117069708,-0.5360515557610244,0.6896551724137931,0.6896551724137931,0.0739500763005602
rvol_ge_4&prior3_bp_ge_5,rvol_ge_4,prior3_bp_ge_5,1,3,3,29,-0.0015545495117069708,-0.5360515557610244,0.6896551724137931,0.6896551724137931,0.0739500763005602
rvol_ge_4&prior3_bp_ge_0,rvol_ge_4,prior3_bp_ge_0,1,3,1,29,-0.0015545495117069708,-0.5360515557610244,0.6896551724137931,0.6896551724137931,0.0739500763005602
rvol_ge_4&prior3_bp_ge_5,rvol_ge_4,prior3_bp_ge_5,1,3,1,29,-0.0015545495117069708,-0.5360515557610244,0.6896551724137931,0.6896551724137931,0.0739500763005602
green_ge_7.5&prior5_bp_ge_5,green_ge_7.5,prior5_bp_ge_5,5,5,3,46,-0.0015570399855933115,-0.3384869533898503,0.45652173913043476,0.5,0.02787522281151232
green_ge_10&prior5_bp_ge_10,green_ge_10,prior5_bp_ge_10,3,1,1,25,-0.0015586630344129881,-0.6234652137651953,0.28,0.28,0.05309121215066015
green_ge_10&prior5_bp_ge_10,green_ge_10,prior5_bp_ge_10,3,1,3,25,-0.0015586630344129881,-0.6234652137651953,0.28,0.28,0.05309121215066015
rvol_ge_4&prior3_bp_ge_10,rvol_ge_4,prior3_bp_ge_10,2,2,3,20,-0.001563802250153512,-0.781901125076756,0.45,0.45,0.062138099928462684
rvol_ge_4&prior3_bp_ge_10,rvol_ge_4,prior3_bp_ge_10,2,2,1,20,-0.001563802250153512,-0.781901125076756,0.45,0.45,0.062138099928462684
rvol_ge_4&prior5_bp_ge_5,rvol_ge_4,prior5_bp_ge_5,2,5,3,27,-0.0015647542585474072,-0.5795386142768175,0.6296296296296297,0.6666666666666666,0.07233063206605565
green_ge_7.5&prior3_bp_ge_5,green_ge_7.5,prior3_bp_ge_5,2,5,3,47,-0.0015656756029044372,-0.3331224687030717,0.6808510638297872,0.7021276595744681,0.04424823470201806
rvol_ge_4&prior5_bp_ge_5,rvol_ge_4,prior5_bp_ge_5,5,2,3,27,-0.001571491036870265,-0.5820337173593574,0.2962962962962963,0.2962962962962963,0.05301485979005266
rvol_ge_4&prior3_bp_ge_0,rvol_ge_4,prior3_bp_ge_0,3,2,3,29,-0.0015758126431809627,-0.543383670062401,0.41379310344827586,0.41379310344827586,0.03656390731695366
rvol_ge_4&prior3_bp_ge_5,rvol_ge_4,prior3_bp_ge_5,3,2,3,29,-0.0015758126431809627,-0.543383670062401,0.41379310344827586,0.41379310344827586,0.03656390731695366
rvol_ge_4&rvol3_prior3_pos,rvol_ge_4,rvol3_prior3_pos,3,2,3,29,-0.0015758126431809627,-0.543383670062401,0.41379310344827586,0.41379310344827586,0.03656390731695366
prior5_bp_ge_10&range_ge_10,prior5_bp_ge_10,range_ge_10,1,3,1,39,-0.001580093768049906,-0.4051522482179246,0.717948717948718,0.717948717948718,0.057658698686106326
prior5_bp_ge_10&range_ge_10,prior5_bp_ge_10,range_ge_10,1,3,3,39,-0.001580093768049906,-0.4051522482179246,0.717948717948718,0.717948717948718,0.057658698686106326
green_ge_7.5&close_loc_ge_0.75,green_ge_7.5,close_loc_ge_0.75,1,5,1,42,-0.0015899153058291926,-0.37855126329266486,0.7619047619047619,0.7619047619047619,0.07383034355199267
close_loc_ge_0.75&close_loc_ge_0.9,close_loc_ge_0.75,close_loc_ge_0.9,1,3,3,43,-0.0015974523063037038,-0.37150053634969854,0.7209302325581395,0.7209302325581395,0.052212139486222976
rvol_ge_3&close_loc_ge_0.75,rvol_ge_3,close_loc_ge_0.75,1,3,3,33,-0.0016025661943513958,-0.48562611950042295,0.696969696969697,0.696969696969697,0.06533854995814199
rvol_ge_3&close_loc_ge_0.75,rvol_ge_3,close_loc_ge_0.75,1,3,1,33,-0.0016025661943513958,-0.48562611950042295,0.696969696969697,0.696969696969697,0.06533854995814199
green_ge_7.5&close_loc_ge_0.9,green_ge_7.5,close_loc_ge_0.9,2,3,3,28,-0.0016111057983997368,-0.575394927999906,0.5714285714285714,0.5714285714285714,0.05193253244909457
prior5_bp_ge_10&close_loc_ge_0.75,prior5_bp_ge_10,close_loc_ge_0.75,1,3,3,38,-0.0016147567201563184,-0.4249359789885049,0.7105263157894737,0.7105263157894737,0.055799054891111845
prior3_bp_ge_5&close_loc_ge_0.75,prior3_bp_ge_5,close_loc_ge_0.75,1,5,3,54,-0.0016156720922644308,-0.2991985356045242,0.7962962962962963,0.7962962962962963,0.05700549802808542
prior3_bp_ge_0&close_loc_ge_0.9,prior3_bp_ge_0,close_loc_ge_0.9,2,3,3,37,-0.0016157029503481857,-0.4366764730670772,0.5945945945945946,0.5945945945945946,0.04019369534453518
green_ge_10&prior3_bp_ge_5,green_ge_10,prior3_bp_ge_5,5,3,1,27,-0.0016224622182109405,-0.6009119326707187,0.37037037037037035,0.37037037037037035,0.04362493288471008
green_ge_7.5&close_loc_ge_0.9,green_ge_7.5,close_loc_ge_0.9,1,2,3,28,-0.0016237333956964362,-0.5799047841772986,0.6071428571428571,0.6071428571428571,0.06279239814041818
green_ge_7.5&close_loc_ge_0.9,green_ge_7.5,close_loc_ge_0.9,1,2,1,28,-0.0016237333956964362,-0.5799047841772986,0.6071428571428571,0.6071428571428571,0.06279239814041818
range_ge_10&close_loc_ge_0.9,range_ge_10,close_loc_ge_0.9,1,2,3,28,-0.0016261425203024649,-0.5807651858223088,0.6071428571428571,0.6071428571428571,0.06303388505249492
range_ge_10&close_loc_ge_0.9,range_ge_10,close_loc_ge_0.9,1,2,1,28,-0.0016261425203024649,-0.5807651858223088,0.6071428571428571,0.6071428571428571,0.06303388505249492
range_ge_10&close_loc_ge_0.9,range_ge_10,close_loc_ge_0.9,2,3,3,28,-0.0016318092628685443,-0.5827890224530515,0.5714285714285714,0.5714285714285714,0.05226700743808702
green_ge_10&prior5_bp_ge_5,green_ge_10,prior5_bp_ge_5,5,3,1,27,-0.0016429990940709516,-0.6085181829892413,0.37037037037037035,0.37037037037037035,0.04354983733161086
prior5_bp_ge_0&close_loc_ge_0.9,prior5_bp_ge_0,close_loc_ge_0.9,1,3,3,33,-0.0016495410402227462,-0.49986092127962,0.696969696969697,0.696969696969697,0.06570078219957357
prior3_bp_ge_5&range_ge_15,prior3_bp_ge_5,range_ge_15,5,5,1,21,-0.0016539343455700406,-0.7875877836047813,0.47619047619047616,0.47619047619047616,0.055199100218657635
prior3_bp_ge_5&range_ge_15,prior3_bp_ge_5,range_ge_15,5,5,3,21,-0.0016539343455700406,-0.7875877836047813,0.47619047619047616,0.47619047619047616,0.055199100218657635
prior5_bp_ge_10&close_loc_ge_0.9,prior5_bp_ge_10,close_loc_ge_0.9,1,2,3,24,-0.0016549400483114596,-0.6895583534631082,0.5833333333333334,0.5833333333333334,0.0696399627803597
prior3_bp_ge_0&close_loc_ge_0.9,prior3_bp_ge_0,close_loc_ge_0.9,2,2,3,37,-0.0016578339692258082,-0.4480632349258941,0.5135135135135135,0.5135135135135135,0.03330425343640273
rvol_ge_4&prior5_bp_ge_0,rvol_ge_4,prior5_bp_ge_0,1,3,3,28,-0.0016585190694203833,-0.5923282390787084,0.6785714285714286,0.6785714285714286,0.07528524528951949
rvol_ge_4&prior5_bp_ge_0,rvol_ge_4,prior5_bp_ge_0,1,3,1,28,-0.0016585190694203833,-0.5923282390787084,0.6785714285714286,0.6785714285714286,0.07528524528951949
rvol_ge_3&rvol_ge_4,rvol_ge_3,rvol_ge_4,3,1,3,30,-0.0016598341267910488,-0.5532780422636829,0.3,0.3,0.043646921967034784
rvol_ge_4&prior5_bp_ge_10,rvol_ge_4,prior5_bp_ge_10,5,2,3,22,-0.0016627229653806141,-0.7557831660820973,0.2727272727272727,0.2727272727272727,0.06630653205256183
prior5_bp_ge_5&close_loc_ge_0.9,prior5_bp_ge_5,close_loc_ge_0.9,2,2,3,32,-0.001663616152298597,-0.5198800475933116,0.5,0.5,0.03834270711058175
prior3_bp_ge_5&close_loc_ge_0.9,prior3_bp_ge_5,close_loc_ge_0.9,1,3,3,33,-0.0016638441027508888,-0.5041951826517844,0.696969696969697,0.696969696969697,0.06584350523189247
green_ge_10&prior5_bp_ge_10,green_ge_10,prior5_bp_ge_10,3,3,3,25,-0.0016640063221601276,-0.665602528864051,0.48,0.48,0.04743229278407792
prior5_bp_ge_5&range_ge_15,prior5_bp_ge_5,range_ge_15,5,5,3,21,-0.001666680917941643,-0.793657579972211,0.47619047619047616,0.47619047619047616,0.05514046879208528
prior5_bp_ge_5&range_ge_15,prior5_bp_ge_5,range_ge_15,5,5,1,21,-0.001666680917941643,-0.793657579972211,0.47619047619047616,0.47619047619047616,0.05514046879208528
green_ge_7.5&prior5_bp_ge_10,green_ge_7.5,prior5_bp_ge_10,1,5,3,39,-0.0016681675875424018,-0.4277352788570261,0.7948717948717948,0.7948717948717948,0.0799333528925228
prior5_bp_ge_5&close_loc_ge_0.75,prior5_bp_ge_5,close_loc_ge_0.75,5,5,3,51,-0.0016683235150513065,-0.3271222578531974,0.43137254901960786,0.5098039215686274,0.02573843626442254
prior5_bp_ge_0&close_loc_ge_0.9,prior5_bp_ge_0,close_loc_ge_0.9,2,3,1,33,-0.001668605305692017,-0.5056379714218233,0.5454545454545454,0.5454545454545454,0.04727550992380317
prior5_bp_ge_10&range_ge_15,prior5_bp_ge_10,range_ge_15,2,5,3,20,-0.0016692223191093758,-0.8346111595546879,0.65,0.65,0.09391755495360292
prior5_bp_ge_10&range_ge_15,prior5_bp_ge_10,range_ge_15,2,5,1,20,-0.0016692223191093758,-0.8346111595546879,0.65,0.65,0.09391755495360292
rvol_ge_4&prior3_bp_ge_5,rvol_ge_4,prior3_bp_ge_5,5,2,3,29,-0.0016706016683053493,-0.576069540794948,0.27586206896551724,0.3103448275862069,0.05035325378082113
rvol_ge_4&prior3_bp_ge_0,rvol_ge_4,prior3_bp_ge_0,5,2,3,29,-0.0016706016683053493,-0.576069540794948,0.27586206896551724,0.3103448275862069,0.05035325378082113
rvol_ge_4&rvol3_prior3_pos,rvol_ge_4,rvol3_prior3_pos,5,2,3,29,-0.0016706016683053493,-0.576069540794948,0.27586206896551724,0.3103448275862069,0.05035325378082113
green_ge_10&close_loc_ge_0.75,green_ge_10,close_loc_ge_0.75,5,2,3,24,-0.0016714697557351776,-0.6964457315563239,0.2916666666666667,0.2916666666666667,0.058544263147717004
green_ge_10&close_loc_ge_0.75,green_ge_10,close_loc_ge_0.75,5,2,1,24,-0.0016714697557351776,-0.6964457315563239,0.2916666666666667,0.2916666666666667,0.058544263147717004
green_ge_10&prior3_bp_ge_10,green_ge_10,prior3_bp_ge_10,3,1,3,23,-0.0016756918417112354,-0.7285616703092328,0.2608695652173913,0.2608695652173913,0.057983676701991636
green_ge_10&prior3_bp_ge_10,green_ge_10,prior3_bp_ge_10,3,1,1,23,-0.0016756918417112354,-0.7285616703092328,0.2608695652173913,0.2608695652173913,0.057983676701991636
prior3_bp_ge_10&range_ge_10,prior3_bp_ge_10,range_ge_10,2,2,1,37,-0.0016767313289625108,-0.4531706294493272,0.5135135135135135,0.5135135135135135,0.034532093601026326
prior3_bp_ge_10&range_ge_10,prior3_bp_ge_10,range_ge_10,2,2,3,37,-0.0016767313289625108,-0.4531706294493272,0.5135135135135135,0.5135135135135135,0.034532093601026326
prior3_bp_ge_10&close_loc_ge_0.9,prior3_bp_ge_10,close_loc_ge_0.9,2,1,3,22,-0.001680998390799271,-0.7640901776360323,0.3181818181818182,0.3181818181818182,0.04784228121868315
prior3_bp_ge_10&close_loc_ge_0.9,prior3_bp_ge_10,close_loc_ge_0.9,2,1,1,22,-0.001680998390799271,-0.7640901776360323,0.3181818181818182,0.3181818181818182,0.04784228121868315
rvol_ge_4&prior5_bp_ge_0,rvol_ge_4,prior5_bp_ge_0,5,2,1,28,-0.001681631933359351,-0.6005828333426254,0.25,0.35714285714285715,0.05452994716594234
prior3_bp_ge_0&prior3_bp_ge_10,prior3_bp_ge_0,prior3_bp_ge_10,2,5,3,48,-0.0016942620522113483,-0.3529712608773642,0.6875,0.7083333333333334,0.04062398169748167
prior3_bp_ge_5&prior3_bp_ge_10,prior3_bp_ge_5,prior3_bp_ge_10,2,5,3,48,-0.0016942620522113483,-0.3529712608773642,0.6875,0.7083333333333334,0.04062398169748167
rvol_ge_4&prior5_bp_ge_5,rvol_ge_4,prior5_bp_ge_5,5,2,1,27,-0.0016974348171393538,-0.6286795619034644,0.25925925925925924,0.3333333333333333,0.05462076842459288
rvol_ge_4&prior5_bp_ge_10,rvol_ge_4,prior5_bp_ge_10,2,5,1,22,-0.0016980746523082013,-0.771852114685546,0.5909090909090909,0.5909090909090909,0.08861291792555549
rvol_ge_4&range_ge_10,rvol_ge_4,range_ge_10,5,2,1,24,-0.0016999214628152792,-0.7083006095063664,0.2916666666666667,0.2916666666666667,0.05854987657691465
rvol_ge_4&range_ge_10,rvol_ge_4,range_ge_10,5,2,3,24,-0.0016999214628152792,-0.7083006095063664,0.2916666666666667,0.2916666666666667,0.05854987657691465
prior5_bp_ge_10&range_ge_10,prior5_bp_ge_10,range_ge_10,1,5,3,39,-0.0017119183715889053,-0.43895342861253983,0.7948717948717948,0.7948717948717948,0.08035804857399705
rvol_ge_4&prior5_bp_ge_0,rvol_ge_4,prior5_bp_ge_0,5,1,1,28,-0.0017205370308190915,-0.6144775110068184,0.17857142857142858,0.25,0.07208891024118208
rvol_ge_4&prior5_bp_ge_5,rvol_ge_4,prior5_bp_ge_5,3,5,1,27,-0.0017222520698744193,-0.6378711369905257,0.48148148148148145,0.5555555555555556,0.062270310842412094
green_ge_7.5&prior3_bp_ge_10,green_ge_7.5,prior3_bp_ge_10,2,5,3,36,-0.001726742399988157,-0.47965066666337697,0.6666666666666666,0.6944444444444444,0.053509080829837526
rvol_ge_4&prior5_bp_ge_10,rvol_ge_4,prior5_bp_ge_10,5,1,1,22,-0.0017279896929779381,-0.7854498604445174,0.18181818181818182,0.18181818181818182,0.08891938325453484
rvol_ge_4&prior5_bp_ge_10,rvol_ge_4,prior5_bp_ge_10,5,1,3,22,-0.0017279896929779381,-0.7854498604445174,0.18181818181818182,0.18181818181818182,0.08891938325453484
prior5_bp_ge_5&range_ge_10,prior5_bp_ge_5,range_ge_10,5,5,3,49,-0.0017283232271234628,-0.3527190259435638,0.46938775510204084,0.5102040816326531,0.025503921998571665
green_ge_7.5&close_loc_ge_0.75,green_ge_7.5,close_loc_ge_0.75,2,5,3,42,-0.0017299046437658783,-0.41188205803949485,0.6666666666666666,0.6904761904761905,0.046640320903032544
prior5_bp_ge_0&close_loc_ge_0.75,prior5_bp_ge_0,close_loc_ge_0.75,1,5,1,55,-0.0017312720250624025,-0.3147767318295277,0.7272727272727273,0.7272727272727273,0.059877360050855255
rvol_ge_3&close_loc_ge_0.75,rvol_ge_3,close_loc_ge_0.75,1,5,3,33,-0.001733108943955619,-0.5251845284713997,0.7575757575757576,0.7575757575757576,0.08482165529300353
rvol_ge_4&prior3_bp_ge_5,rvol_ge_4,prior3_bp_ge_5,3,2,1,29,-0.001735169102321854,-0.5983341732144325,0.3793103448275862,0.41379310344827586,0.03722290627361471
rvol_ge_4&rvol3_prior3_pos,rvol_ge_4,rvol3_prior3_pos,3,2,1,29,-0.001735169102321854,-0.5983341732144325,0.3793103448275862,0.41379310344827586,0.03722290627361471
rvol_ge_4&prior3_bp_ge_0,rvol_ge_4,prior3_bp_ge_0,3,2,1,29,-0.001735169102321854,-0.5983341732144325,0.3793103448275862,0.41379310344827586,0.03722290627361471
rvol_ge_4&prior5_bp_ge_5,rvol_ge_4,prior5_bp_ge_5,5,1,1,27,-0.0017363399145990943,-0.6430888572589237,0.18518518518518517,0.2222222222222222,0.07224772368465007
range_ge_10&close_loc_ge_0.9,range_ge_10,close_loc_ge_0.9,3,1,1,28,-0.0017428918511758207,-0.622461375419936,0.2857142857142857,0.2857142857142857,0.04674787780208899
range_ge_10&close_loc_ge_0.9,range_ge_10,close_loc_ge_0.9,3,1,3,28,-0.0017428918511758207,-0.622461375419936,0.2857142857142857,0.2857142857142857,0.04674787780208899
rvol_ge_4&prior5_bp_ge_0,rvol_ge_4,prior5_bp_ge_0,2,5,1,28,-0.0017446448686295746,-0.623087453081991,0.6071428571428571,0.6071428571428571,0.07115063852904556
rvol_ge_4&prior3_bp_ge_5,rvol_ge_4,prior3_bp_ge_5,2,2,1,29,-0.0017465462602929138,-0.6022573311354875,0.4827586206896552,0.4827586206896552,0.043363882847958175
rvol_ge_4&rvol3_prior3_pos,rvol_ge_4,rvol3_prior3_pos,2,2,1,29,-0.0017465462602929138,-0.6022573311354875,0.4827586206896552,0.4827586206896552,0.043363882847958175
rvol_ge_4&prior3_bp_ge_0,rvol_ge_4,prior3_bp_ge_0,2,2,1,29,-0.0017465462602929138,-0.6022573311354875,0.4827586206896552,0.4827586206896552,0.043363882847958175
rvol_ge_4&rvol3_prior3_pos,rvol_ge_4,rvol3_prior3_pos,2,2,3,29,-0.0017465462602929138,-0.6022573311354875,0.4827586206896552,0.4827586206896552,0.043363882847958175
rvol_ge_4&prior3_bp_ge_0,rvol_ge_4,prior3_bp_ge_0,2,2,3,29,-0.0017465462602929138,-0.6022573311354875,0.4827586206896552,0.4827586206896552,0.043363882847958175
rvol_ge_4&prior3_bp_ge_5,rvol_ge_4,prior3_bp_ge_5,2,2,3,29,-0.0017465462602929138,-0.6022573311354875,0.4827586206896552,0.4827586206896552,0.043363882847958175
prior5_bp_ge_0&close_loc_ge_0.9,prior5_bp_ge_0,close_loc_ge_0.9,2,2,1,33,-0.0017551424509815172,-0.531861348782278,0.48484848484848486,0.48484848484848486,0.03784742312208588
green_ge_7.5&range_ge_15,green_ge_7.5,range_ge_15,5,5,3,23,-0.0017556071801337891,-0.7633074696233866,0.4782608695652174,0.4782608695652174,0.05053649729961887
green_ge_7.5&range_ge_15,green_ge_7.5,range_ge_15,5,5,1,23,-0.0017556071801337891,-0.7633074696233866,0.4782608695652174,0.4782608695652174,0.05053649729961887
green_ge_7.5&rvol3_prior3_pos,green_ge_7.5,rvol3_prior3_pos,1,5,3,27,-0.0017582805454683381,-0.6512150168401252,0.7407407407407407,0.7407407407407407,0.1032328157806675
prior5_bp_ge_5&close_loc_ge_0.9,prior5_bp_ge_5,close_loc_ge_0.9,1,3,3,32,-0.0017653555054494285,-0.5516735954529464,0.6875,0.6875,0.0668745323154189
range_ge_10&close_loc_ge_0.9,range_ge_10,close_loc_ge_0.9,3,3,3,28,-0.001768821301254997,-0.6317218933053561,0.4642857142857143,0.4642857142857143,0.04416988885958095
rvol_ge_3&range_ge_10,rvol_ge_3,range_ge_10,1,5,3,34,-0.001769721190452933,-0.5205062324861568,0.7647058823529411,0.7647058823529411,0.08637302881500433
rvol_ge_4&range_ge_10,rvol_ge_4,range_ge_10,2,2,3,24,-0.0017716429160260505,-0.7381845483441878,0.4583333333333333,0.4583333333333333,0.05212101385683684
rvol_ge_4&range_ge_10,rvol_ge_4,range_ge_10,2,2,1,24,-0.0017716429160260505,-0.7381845483441878,0.4583333333333333,0.4583333333333333,0.05212101385683684
rvol_ge_4&prior5_bp_ge_5,rvol_ge_4,prior5_bp_ge_5,1,3,1,27,-0.0017743335346470657,-0.6571605683878021,0.6666666666666666,0.6666666666666666,0.07683045571321313
rvol_ge_4&prior5_bp_ge_5,rvol_ge_4,prior5_bp_ge_5,1,3,3,27,-0.0017743335346470657,-0.6571605683878021,0.6666666666666666,0.6666666666666666,0.07683045571321313
rvol_ge_4&range_ge_10,rvol_ge_4,range_ge_10,3,5,1,24,-0.0017981711573126224,-0.7492379822135926,0.5,0.5416666666666666,0.06803251985653934
close_loc_ge_0.75&close_loc_ge_0.9,close_loc_ge_0.75,close_loc_ge_0.9,2,3,1,43,-0.00180071375690527,-0.41877064114076046,0.5581395348837209,0.5581395348837209,0.03666654108531728
prior5_bp_ge_10&close_loc_ge_0.75,prior5_bp_ge_10,close_loc_ge_0.75,1,3,1,38,-0.001816683129288954,-0.4780745077076195,0.6842105263157895,0.6842105263157895,0.05581359529547927
green_ge_7.5&prior3_bp_ge_5,green_ge_7.5,prior3_bp_ge_5,1,5,3,47,-0.0018172747221476548,-0.38665419620162866,0.7872340425531915,0.7872340425531915,0.06738562636052751
prior3_bp_ge_10&range_ge_10,prior3_bp_ge_10,range_ge_10,1,5,1,37,-0.0018191609907347583,-0.4916651326310158,0.7567567567567568,0.7567567567567568,0.0814543537018326
rvol_ge_3&rvol_ge_4,rvol_ge_3,rvol_ge_4,3,1,1,30,-0.0018191905859319402,-0.6063968619773134,0.26666666666666666,0.3,0.04452309827682935
prior5_bp_ge_0&range_ge_15,prior5_bp_ge_0,range_ge_15,5,2,3,22,-0.0018233963146697674,-0.828816506668076,0.2727272727272727,0.2727272727272727,0.06475902237224743
prior5_bp_ge_0&range_ge_15,prior5_bp_ge_0,range_ge_15,5,2,1,22,-0.0018233963146697674,-0.828816506668076,0.2727272727272727,0.2727272727272727,0.06475902237224743
prior3_bp_ge_0&range_ge_15,prior3_bp_ge_0,range_ge_15,5,2,3,22,-0.0018239338016844409,-0.8290608189474731,0.2727272727272727,0.2727272727272727,0.06475468428797898
prior3_bp_ge_0&range_ge_15,prior3_bp_ge_0,range_ge_15,5,2,1,22,-0.0018239338016844409,-0.8290608189474731,0.2727272727272727,0.2727272727272727,0.06475468428797898
prior3_bp_ge_5&close_loc_ge_0.9,prior3_bp_ge_5,close_loc_ge_0.9,3,3,1,33,-0.001829773434845361,-0.5544767984379881,0.45454545454545453,0.48484848484848486,0.03897950206884761
prior3_bp_ge_5&range_ge_15,prior3_bp_ge_5,range_ge_15,2,3,1,21,-0.0018309328678639547,-0.8718727942209308,0.5238095238095238,0.5238095238095238,0.06723618780374836
prior3_bp_ge_5&range_ge_15,prior3_bp_ge_5,range_ge_15,2,3,3,21,-0.0018309328678639547,-0.8718727942209308,0.5238095238095238,0.5238095238095238,0.06723618780374836
prior5_bp_ge_5&close_loc_ge_0.75,prior5_bp_ge_5,close_loc_ge_0.75,5,5,1,51,-0.001838032361178521,-0.36039850219186687,0.3333333333333333,0.43137254901960786,0.03211095808014811
rvol_ge_3&close_loc_ge_0.75,rvol_ge_3,close_loc_ge_0.75,1,5,1,33,-0.0018389133238133626,-0.5572464617616251,0.696969696969697,0.696969696969697,0.08926321238813695
rvol_ge_4&prior3_bp_ge_10,rvol_ge_4,prior3_bp_ge_10,5,3,1,20,-0.0018458366983378216,-0.9229183491689108,0.3,0.35,0.06243993146072361
green_ge_10&prior3_bp_ge_5,green_ge_10,prior3_bp_ge_5,5,3,3,27,-0.0018549835832478712,-0.6870309567584708,0.37037037037037035,0.37037037037037035,0.04278953431168216
prior5_bp_ge_10&close_loc_ge_0.9,prior5_bp_ge_10,close_loc_ge_0.9,1,2,1,24,-0.0018568664574440952,-0.773694357268373,0.5416666666666666,0.5416666666666666,0.06966937038736874
green_ge_10&prior3_bp_ge_10,green_ge_10,prior3_bp_ge_10,2,1,1,23,-0.0018572060905263088,-0.8074809089244821,0.30434782608695654,0.30434782608695654,0.046826002284089153
green_ge_10&prior3_bp_ge_10,green_ge_10,prior3_bp_ge_10,2,1,3,23,-0.0018572060905263088,-0.8074809089244821,0.30434782608695654,0.30434782608695654,0.046826002284089153
prior3_bp_ge_5&close_loc_ge_0.9,prior3_bp_ge_5,close_loc_ge_0.9,1,3,1,33,-0.0018657705118835244,-0.565385003601068,0.6666666666666666,0.6666666666666666,0.06586277529079784
green_ge_10&prior5_bp_ge_5,green_ge_10,prior5_bp_ge_5,5,3,3,27,-0.0018755204591078822,-0.6946372070769934,0.37037037037037035,0.37037037037037035,0.042717284933622854
prior5_bp_ge_5&close_loc_ge_0.9,prior5_bp_ge_5,close_loc_ge_0.9,2,3,1,32,-0.001880931825274157,-0.587791195398174,0.53125,0.53125,0.048396061965062465
green_ge_10&close_loc_ge_0.75,green_ge_10,close_loc_ge_0.75,3,2,1,24,-0.0018811352960395045,-0.7838063733497935,0.375,0.375,0.044417000734401975
green_ge_10&close_loc_ge_0.75,green_ge_10,close_loc_ge_0.75,3,2,3,24,-0.0018811352960395045,-0.7838063733497935,0.375,0.375,0.044417000734401975
rvol_ge_4&prior5_bp_ge_10,rvol_ge_4,prior5_bp_ge_10,3,2,1,22,-0.0018855362226128936,-0.857061919369497,0.36363636363636365,0.36363636363636365,0.04823612279615463
rvol_ge_4&prior5_bp_ge_10,rvol_ge_4,prior5_bp_ge_10,3,2,3,22,-0.0018855362226128936,-0.857061919369497,0.36363636363636365,0.36363636363636365,0.04823612279615463
rvol_ge_3&prior3_bp_ge_10,rvol_ge_3,prior3_bp_ge_10,1,5,3,29,-0.001886343117523559,-0.650463143973641,0.7586206896551724,0.7586206896551724,0.0944024578533963
prior3_bp_ge_10&rvol3_prior3_pos,prior3_bp_ge_10,rvol3_prior3_pos,1,5,3,29,-0.001886343117523559,-0.650463143973641,0.7586206896551724,0.7586206896551724,0.0944024578533963
rvol_ge_4&range_ge_10,rvol_ge_4,range_ge_10,3,2,3,24,-0.001886937933049393,-0.7862241387705804,0.375,0.375,0.04423654309085139
rvol_ge_4&range_ge_10,rvol_ge_4,range_ge_10,3,2,1,24,-0.001886937933049393,-0.7862241387705804,0.375,0.375,0.04423654309085139
rvol_ge_4&prior5_bp_ge_0,rvol_ge_4,prior5_bp_ge_0,3,2,3,28,-0.0018877213163214224,-0.6741861844005079,0.39285714285714285,0.39285714285714285,0.03787641262128821
green_ge_7.5&prior3_bp_ge_10,green_ge_7.5,prior3_bp_ge_10,1,5,1,36,-0.0018905982564694224,-0.5251661823526174,0.75,0.75,0.0822150494150937
green_ge_7.5&prior3_bp_ge_10,green_ge_7.5,prior3_bp_ge_10,2,3,1,36,-0.001893830713644462,-0.5260640871234618,0.5555555555555556,0.5555555555555556,0.042146324148522596
rvol_ge_4&range_ge_10,rvol_ge_4,range_ge_10,1,1,1,24,-0.0018956825057752091,-0.7898677107396705,0.4166666666666667,0.4166666666666667,0.05879460858204523
rvol_ge_4&range_ge_10,rvol_ge_4,range_ge_10,1,1,3,24,-0.0018956825057752091,-0.7898677107396705,0.4166666666666667,0.4166666666666667,0.05879460858204523
prior3_bp_ge_10&prior5_bp_ge_0,prior3_bp_ge_10,prior5_bp_ge_0,2,5,3,47,-0.0018978990082461067,-0.40380829962683124,0.6808510638297872,0.7021276595744681,0.041165474554126044
green_ge_7.5&close_loc_ge_0.9,green_ge_7.5,close_loc_ge_0.9,3,2,3,28,-0.001898090620613413,-0.6778895073619331,0.39285714285714285,0.39285714285714285,0.03798830717879247
green_ge_7.5&close_loc_ge_0.9,green_ge_7.5,close_loc_ge_0.9,3,2,1,28,-0.001898090620613413,-0.6778895073619331,0.39285714285714285,0.39285714285714285,0.03798830717879247
rvol_ge_3&close_loc_ge_0.75,rvol_ge_3,close_loc_ge_0.75,2,2,1,33,-0.0019091481257040854,-0.578529735061844,0.48484848484848486,0.48484848484848486,0.03633312022540542
rvol_ge_3&close_loc_ge_0.75,rvol_ge_3,close_loc_ge_0.75,2,2,3,33,-0.0019091481257040854,-0.578529735061844,0.48484848484848486,0.48484848484848486,0.03633312022540542
rvol_ge_4&rvol3_prior3_pos,rvol_ge_4,rvol3_prior3_pos,5,1,1,29,-0.0019244961915768632,-0.6636193764058149,0.1724137931034483,0.2413793103448276,0.07010012113368655
rvol_ge_4&prior3_bp_ge_0,rvol_ge_4,prior3_bp_ge_0,5,1,1,29,-0.0019244961915768632,-0.6636193764058149,0.1724137931034483,0.2413793103448276,0.07010012113368655
rvol_ge_4&prior3_bp_ge_5,rvol_ge_4,prior3_bp_ge_5,5,1,1,29,-0.0019244961915768632,-0.6636193764058149,0.1724137931034483,0.2413793103448276,0.07010012113368655
prior3_bp_ge_10&prior5_bp_ge_10,prior3_bp_ge_10,prior5_bp_ge_10,2,5,3,43,-0.001925288371047995,-0.4477414816390687,0.6744186046511628,0.6976744186046512,0.04477766549562173
prior3_bp_ge_10&close_loc_ge_0.75,prior3_bp_ge_10,close_loc_ge_0.75,3,5,1,35,-0.0019390359250626155,-0.5540102643036044,0.5142857142857142,0.5142857142857142,0.04994707373218811
prior5_bp_ge_10&close_loc_ge_0.75,prior5_bp_ge_10,close_loc_ge_0.75,2,2,3,38,-0.0019476636996711427,-0.5125430788608271,0.5,0.5,0.03230308051032993
green_ge_7.5&rvol_ge_3,green_ge_7.5,rvol_ge_3,1,3,3,30,-0.001950680193891996,-0.650226731297332,0.6666666666666666,0.6666666666666666,0.06596358457854781
green_ge_7.5&rvol_ge_3,green_ge_7.5,rvol_ge_3,1,3,1,30,-0.001950680193891996,-0.650226731297332,0.6666666666666666,0.6666666666666666,0.06596358457854781
rvol_ge_4&range_ge_10,rvol_ge_4,range_ge_10,3,1,3,24,-0.0019533615101660073,-0.8139006292358364,0.25,0.25,0.05529863507273202
rvol_ge_4&range_ge_10,rvol_ge_4,range_ge_10,3,1,1,24,-0.0019533615101660073,-0.8139006292358364,0.25,0.25,0.05529863507273202
rvol_ge_4&prior5_bp_ge_0,rvol_ge_4,prior5_bp_ge_0,2,2,3,28,-0.001954485375719739,-0.6980304913284783,0.4642857142857143,0.4642857142857143,0.044585427848849474
rvol_ge_4&prior5_bp_ge_0,rvol_ge_4,prior5_bp_ge_0,2,2,1,28,-0.001954485375719739,-0.6980304913284783,0.4642857142857143,0.4642857142857143,0.044585427848849474
prior5_bp_ge_10&close_loc_ge_0.9,prior5_bp_ge_10,close_loc_ge_0.9,5,3,1,24,-0.001956421212578441,-0.815175505241017,0.3333333333333333,0.3333333333333333,0.05114860296951079
rvol_ge_4&prior5_bp_ge_5,rvol_ge_4,prior5_bp_ge_5,2,5,1,27,-0.0019569713882117146,-0.7248042178561905,0.5925925925925926,0.5925925925925926,0.07290266267792765
prior3_bp_ge_0&close_loc_ge_0.9,prior3_bp_ge_0,close_loc_ge_0.9,2,2,1,37,-0.0019616867874908683,-0.5301856182407753,0.4864864864864865,0.4864864864864865,0.0336706745990432
prior5_bp_ge_5&close_loc_ge_0.9,prior5_bp_ge_5,close_loc_ge_0.9,2,2,1,32,-0.001967468970563657,-0.6148340533011429,0.46875,0.46875,0.038829192905417795
prior3_bp_ge_10&prior5_bp_ge_10,prior3_bp_ge_10,prior5_bp_ge_10,5,5,1,43,-0.0019679142889701406,-0.45765448580700946,0.37209302325581395,0.4418604651162791,0.03379788945152105
green_ge_7.5&prior3_bp_ge_10,green_ge_7.5,prior3_bp_ge_10,5,5,3,36,-0.001971597260540081,-0.547665905705578,0.4444444444444444,0.5,0.03431022250614951
close_loc_ge_0.75&close_loc_ge_0.9,close_loc_ge_0.75,close_loc_ge_0.9,2,2,3,43,-0.0019728561461644922,-0.45880375492197495,0.5116279069767442,0.5116279069767442,0.029673322693791866
rvol_ge_4&prior3_bp_ge_0,rvol_ge_4,prior3_bp_ge_0,3,1,3,29,-0.001972901561516416,-0.6803108832815228,0.27586206896551724,0.27586206896551724,0.045616792586009446
rvol_ge_4&rvol3_prior3_pos,rvol_ge_4,rvol3_prior3_pos,3,1,3,29,-0.001972901561516416,-0.6803108832815228,0.27586206896551724,0.27586206896551724,0.045616792586009446
rvol_ge_4&prior3_bp_ge_5,rvol_ge_4,prior3_bp_ge_5,3,1,3,29,-0.001972901561516416,-0.6803108832815228,0.27586206896551724,0.27586206896551724,0.045616792586009446
rvol_ge_4&prior3_bp_ge_10,rvol_ge_4,prior3_bp_ge_10,1,1,1,20,-0.0019729283076214132,-0.9864641538107066,0.35,0.35,0.062537831017371
rvol_ge_4&prior3_bp_ge_10,rvol_ge_4,prior3_bp_ge_10,1,1,3,20,-0.0019729283076214132,-0.9864641538107066,0.35,0.35,0.062537831017371
prior3_bp_ge_10&prior5_bp_ge_10,prior3_bp_ge_10,prior5_bp_ge_10,2,2,3,43,-0.0019738084924836308,-0.4590252308101467,0.5116279069767442,0.5116279069767442,0.029635566081101232
prior3_bp_ge_10&close_loc_ge_0.75,prior3_bp_ge_10,close_loc_ge_0.75,3,3,1,35,-0.001973868606803042,-0.5639624590865835,0.45714285714285713,0.45714285714285713,0.036206176611355945
prior3_bp_ge_0&prior3_bp_ge_10,prior3_bp_ge_0,prior3_bp_ge_10,2,2,3,48,-0.001980400428527984,-0.4125834226099967,0.5208333333333334,0.5208333333333334,0.026645703263639353
prior3_bp_ge_5&prior3_bp_ge_10,prior3_bp_ge_5,prior3_bp_ge_10,2,2,3,48,-0.001980400428527984,-0.4125834226099967,0.5208333333333334,0.5208333333333334,0.026645703263639353
prior5_bp_ge_10&close_loc_ge_0.75,prior5_bp_ge_10,close_loc_ge_0.75,2,3,3,38,-0.001986468944869535,-0.5227549854919828,0.5789473684210527,0.5789473684210527,0.038563897978000077
green_ge_7.5&green_ge_10,green_ge_7.5,green_ge_10,3,5,1,31,-0.001988197419298343,-0.6413540062252719,0.5806451612903226,0.5806451612903226,0.049825666485393647
green_ge_10&range_ge_10,green_ge_10,range_ge_10,3,5,1,31,-0.001988197419298343,-0.6413540062252719,0.5806451612903226,0.5806451612903226,0.049825666485393647
rvol_ge_4&rvol3_prior3_pos,rvol_ge_4,rvol3_prior3_pos,5,2,1,29,-0.0019895502548747945,-0.6860518120257911,0.2413793103448276,0.3448275862068966,0.05281868526297751
rvol_ge_4&prior3_bp_ge_5,rvol_ge_4,prior3_bp_ge_5,5,2,1,29,-0.0019895502548747945,-0.6860518120257911,0.2413793103448276,0.3448275862068966,0.05281868526297751
rvol_ge_4&prior3_bp_ge_0,rvol_ge_4,prior3_bp_ge_0,5,2,1,29,-0.0019895502548747945,-0.6860518120257911,0.2413793103448276,0.3448275862068966,0.05281868526297751
green_ge_10&prior5_bp_ge_5,green_ge_10,prior5_bp_ge_5,3,1,1,27,-0.001990818081786916,-0.7373400302914503,0.25925925925925924,0.25925925925925924,0.049451640940005454
green_ge_10&prior5_bp_ge_5,green_ge_10,prior5_bp_ge_5,3,1,3,27,-0.001990818081786916,-0.7373400302914503,0.25925925925925924,0.25925925925925924,0.049451640940005454
green_ge_7.5&prior5_bp_ge_10,green_ge_7.5,prior5_bp_ge_10,2,5,3,39,-0.0019967197741461717,-0.5119794292682491,0.6666666666666666,0.6923076923076923,0.05156371144578116
green_ge_7.5&prior5_bp_ge_10,green_ge_7.5,prior5_bp_ge_10,1,5,1,39,-0.002000565472615845,-0.5129655057989346,0.7692307692307693,0.7692307692307693,0.078979402053688
green_ge_10&prior3_bp_ge_5,green_ge_10,prior3_bp_ge_5,3,1,3,27,-0.0020037426042408546,-0.7421268904595758,0.25925925925925924,0.25925925925925924,0.049350461164597834
green_ge_10&prior3_bp_ge_5,green_ge_10,prior3_bp_ge_5,3,1,1,27,-0.0020037426042408546,-0.7421268904595758,0.25925925925925924,0.25925925925925924,0.049350461164597834
prior5_bp_ge_10&range_ge_15,prior5_bp_ge_10,range_ge_15,5,1,1,20,-0.0020049807311747214,-1.0024903655873607,0.15,0.15,0.10190097972543435
prior5_bp_ge_10&range_ge_15,prior5_bp_ge_10,range_ge_15,5,1,3,20,-0.0020049807311747214,-1.0024903655873607,0.15,0.15,0.10190097972543435
rvol_ge_4&range_ge_10,rvol_ge_4,range_ge_10,2,5,1,24,-0.0020100086864867084,-0.8375036193694618,0.5833333333333334,0.5833333333333334,0.08068969770152945
prior3_bp_ge_0&close_loc_ge_0.9,prior3_bp_ge_0,close_loc_ge_0.9,1,5,1,37,-0.0020113650910397185,-0.5436121867674915,0.7027027027027027,0.7027027027027027,0.0808409363093204
prior3_bp_ge_10&range_ge_10,prior3_bp_ge_10,range_ge_10,5,5,3,37,-0.0020192541072906467,-0.5457443533217964,0.4594594594594595,0.5135135135135135,0.03251200463256052
green_ge_7.5&prior3_bp_ge_10,green_ge_7.5,prior3_bp_ge_10,1,2,1,36,-0.0020206668199653777,-0.5612963388792716,0.6111111111111112,0.6111111111111112,0.04899689340863235
green_ge_7.5&prior3_bp_ge_10,green_ge_7.5,prior3_bp_ge_10,1,2,3,36,-0.0020206668199653777,-0.5612963388792716,0.6111111111111112,0.6111111111111112,0.04899689340863235
green_ge_10&prior3_bp_ge_0,green_ge_10,prior3_bp_ge_0,5,3,1,28,-0.002032656212254569,-0.7259486472337746,0.35714285714285715,0.35714285714285715,0.04217244867148185
green_ge_7.5&close_loc_ge_0.75,green_ge_7.5,close_loc_ge_0.75,2,5,1,42,-0.002043937013767816,-0.4866516699447181,0.6428571428571429,0.6428571428571429,0.04715084935122994
prior5_bp_ge_10&range_ge_10,prior5_bp_ge_10,range_ge_10,1,5,1,39,-0.0020443162566623485,-0.5241836555544483,0.7692307692307693,0.7692307692307693,0.07939399502006886
rvol_ge_4&prior5_bp_ge_0,rvol_ge_4,prior5_bp_ge_0,3,2,1,28,-0.0020470777754623137,-0.7310992055222549,0.35714285714285715,0.39285714285714285,0.038584029641591085
range_ge_10&range_ge_15,range_ge_10,range_ge_15,2,3,1,26,-0.002047126590328685,-0.7873563808956481,0.5384615384615384,0.5384615384615384,0.054710737516091
range_ge_10&range_ge_15,range_ge_10,range_ge_15,2,3,3,26,-0.002047126590328685,-0.7873563808956481,0.5384615384615384,0.5384615384615384,0.054710737516091
range_ge_10&range_ge_15,range_ge_10,range_ge_15,2,5,1,26,-0.002051922759481739,-0.7892010613391304,0.6538461538461539,0.6538461538461539,0.07269972800001237
range_ge_10&range_ge_15,range_ge_10,range_ge_15,2,5,3,26,-0.002051922759481739,-0.7892010613391304,0.6538461538461539,0.6538461538461539,0.07269972800001237
green_ge_10&prior5_bp_ge_0,green_ge_10,prior5_bp_ge_0,5,3,1,28,-0.0020524758326339043,-0.7330270830835373,0.35714285714285715,0.35714285714285715,0.042104713629938936
rvol_ge_3&prior3_bp_ge_10,rvol_ge_3,prior3_bp_ge_10,1,3,1,29,-0.002054492911236272,-0.7084458314607834,0.6551724137931034,0.6551724137931034,0.06700769928606806
prior3_bp_ge_10&rvol3_prior3_pos,prior3_bp_ge_10,rvol3_prior3_pos,1,3,1,29,-0.002054492911236272,-0.7084458314607834,0.6551724137931034,0.6551724137931034,0.06700769928606806
prior3_bp_ge_10&rvol3_prior3_pos,prior3_bp_ge_10,rvol3_prior3_pos,1,3,3,29,-0.002054492911236272,-0.7084458314607834,0.6551724137931034,0.6551724137931034,0.06700769928606806
rvol_ge_3&prior3_bp_ge_10,rvol_ge_3,prior3_bp_ge_10,1,3,3,29,-0.002054492911236272,-0.7084458314607834,0.6551724137931034,0.6551724137931034,0.06700769928606806
prior5_bp_ge_10&close_loc_ge_0.75,prior5_bp_ge_10,close_loc_ge_0.75,2,3,1,38,-0.0020578003980976645,-0.5415264205520169,0.5526315789473685,0.5526315789473685,0.03976339153640096
prior5_bp_ge_0&range_ge_15,prior5_bp_ge_0,range_ge_15,2,5,1,22,-0.0020589466554108427,-0.9358848433685648,0.6363636363636364,0.6363636363636364,0.08417685575881068
prior5_bp_ge_0&range_ge_15,prior5_bp_ge_0,range_ge_15,2,5,3,22,-0.0020589466554108427,-0.9358848433685648,0.6363636363636364,0.6363636363636364,0.08417685575881068
prior3_bp_ge_0&range_ge_15,prior3_bp_ge_0,range_ge_15,2,5,3,22,-0.0020602903729476374,-0.9364956240671078,0.6363636363636364,0.6363636363636364,0.08416246930530902
prior3_bp_ge_0&range_ge_15,prior3_bp_ge_0,range_ge_15,2,5,1,22,-0.0020602903729476374,-0.9364956240671078,0.6363636363636364,0.6363636363636364,0.08416246930530902
prior5_bp_ge_10&range_ge_15,prior5_bp_ge_10,range_ge_15,2,3,1,20,-0.002064495558568691,-1.0322477792843454,0.5,0.5,0.06931722518633071
prior5_bp_ge_10&range_ge_15,prior5_bp_ge_10,range_ge_15,2,3,3,20,-0.002064495558568691,-1.0322477792843454,0.5,0.5,0.06931722518633071
green_ge_7.5&prior5_bp_ge_10,green_ge_7.5,prior5_bp_ge_10,1,3,1,39,-0.0020661923303894048,-0.5297929052280526,0.6923076923076923,0.6923076923076923,0.05515092370346849
green_ge_7.5&prior5_bp_ge_10,green_ge_7.5,prior5_bp_ge_10,1,3,3,39,-0.0020661923303894048,-0.5297929052280526,0.6923076923076923,0.6923076923076923,0.05515092370346849
prior3_bp_ge_0&close_loc_ge_0.9,prior3_bp_ge_0,close_loc_ge_0.9,2,3,1,37,-0.0020773305135044495,-0.5614406793255269,0.5405405405405406,0.5405405405405406,0.041628888387544895
prior5_bp_ge_10&close_loc_ge_0.9,prior5_bp_ge_10,close_loc_ge_0.9,2,1,3,24,-0.0020874013484395437,-0.8697505618498098,0.2916666666666667,0.2916666666666667,0.04392889310335378
prior5_bp_ge_10&close_loc_ge_0.9,prior5_bp_ge_10,close_loc_ge_0.9,2,1,1,24,-0.0020874013484395437,-0.8697505618498098,0.2916666666666667,0.2916666666666667,0.04392889310335378
close_loc_ge_0.75&close_loc_ge_0.9,close_loc_ge_0.75,close_loc_ge_0.9,1,3,1,43,-0.0020929068749098168,-0.48672252904879454,0.6744186046511628,0.6744186046511628,0.051841531297541474
prior5_bp_ge_10&close_loc_ge_0.9,prior5_bp_ge_10,close_loc_ge_0.9,5,1,3,24,-0.0020985453910677965,-0.8743939129449152,0.16666666666666666,0.16666666666666666,0.08362454697107051
prior5_bp_ge_10&close_loc_ge_0.9,prior5_bp_ge_10,close_loc_ge_0.9,5,1,1,24,-0.0020985453910677965,-0.8743939129449152,0.16666666666666666,0.16666666666666666,0.08362454697107051
close_loc_ge_0.75&rvol3_prior3_pos,close_loc_ge_0.75,rvol3_prior3_pos,1,2,3,27,-0.002102102727354671,-0.7785565656869152,0.5555555555555556,0.5555555555555556,0.058301292422237576
close_loc_ge_0.75&rvol3_prior3_pos,close_loc_ge_0.75,rvol3_prior3_pos,1,2,1,27,-0.002102102727354671,-0.7785565656869152,0.5555555555555556,0.5555555555555556,0.058301292422237576
rvol_ge_3&range_ge_10,rvol_ge_3,range_ge_10,1,3,3,34,-0.002102798505510539,-0.6184701486795704,0.6764705882352942,0.6764705882352942,0.06242907049387783
rvol_ge_3&range_ge_10,rvol_ge_3,range_ge_10,1,3,1,34,-0.002102798505510539,-0.6184701486795704,0.6764705882352942,0.6764705882352942,0.06242907049387783
green_ge_7.5&green_ge_10,green_ge_7.5,green_ge_10,5,1,1,31,-0.0021094032192451317,-0.6804526513693974,0.1935483870967742,0.1935483870967742,0.06282065595377333
green_ge_10&range_ge_10,green_ge_10,range_ge_10,5,1,1,31,-0.0021094032192451317,-0.6804526513693974,0.1935483870967742,0.1935483870967742,0.06282065595377333
green_ge_7.5&green_ge_10,green_ge_7.5,green_ge_10,5,1,3,31,-0.0021094032192451317,-0.6804526513693974,0.1935483870967742,0.1935483870967742,0.06282065595377333
green_ge_10&range_ge_10,green_ge_10,range_ge_10,5,1,3,31,-0.0021094032192451317,-0.6804526513693974,0.1935483870967742,0.1935483870967742,0.06282065595377333
prior3_bp_ge_10&prior5_bp_ge_5,prior3_bp_ge_10,prior5_bp_ge_5,2,5,3,46,-0.002110685544661317,-0.45884468362202546,0.6739130434782609,0.6956521739130435,0.04174693800284068
green_ge_10&close_loc_ge_0.75,green_ge_10,close_loc_ge_0.75,5,1,3,24,-0.0021158578461064614,-0.8816074358776922,0.16666666666666666,0.16666666666666666,0.08339217898615639
green_ge_10&close_loc_ge_0.75,green_ge_10,close_loc_ge_0.75,5,1,1,24,-0.0021158578461064614,-0.8816074358776922,0.16666666666666666,0.16666666666666666,0.08339217898615639
close_loc_ge_0.75&rvol3_prior3_pos,close_loc_ge_0.75,rvol3_prior3_pos,3,2,1,27,-0.002117736481464294,-0.7843468449867756,0.3333333333333333,0.37037037037037035,0.03948258678479247
rvol_ge_4&prior3_bp_ge_10,rvol_ge_4,prior3_bp_ge_10,3,1,3,20,-0.0021222171864443418,-1.0611085932221709,0.2,0.2,0.06865440436564464
rvol_ge_4&prior3_bp_ge_10,rvol_ge_4,prior3_bp_ge_10,3,1,1,20,-0.0021222171864443418,-1.0611085932221709,0.2,0.2,0.06865440436564464
range_ge_10&close_loc_ge_0.9,range_ge_10,close_loc_ge_0.9,5,2,1,28,-0.0021223028898946783,-0.757965317819528,0.2857142857142857,0.2857142857142857,0.050450981952455065
range_ge_10&close_loc_ge_0.9,range_ge_10,close_loc_ge_0.9,5,2,3,28,-0.0021223028898946783,-0.757965317819528,0.2857142857142857,0.2857142857142857,0.050450981952455065
range_ge_10&close_loc_ge_0.9,range_ge_10,close_loc_ge_0.9,2,1,3,28,-0.0021266752264753608,-0.7595268665983432,0.32142857142857145,0.32142857142857145,0.04146593932757244
range_ge_10&close_loc_ge_0.9,range_ge_10,close_loc_ge_0.9,2,1,1,28,-0.0021266752264753608,-0.7595268665983432,0.32142857142857145,0.32142857142857145,0.04146593932757244
rvol_ge_4&prior3_bp_ge_0,rvol_ge_4,prior3_bp_ge_0,3,1,1,29,-0.002132258020657307,-0.7352613864335542,0.2413793103448276,0.27586206896551724,0.0465797599257877
rvol_ge_4&prior3_bp_ge_5,rvol_ge_4,prior3_bp_ge_5,3,1,1,29,-0.002132258020657307,-0.7352613864335542,0.2413793103448276,0.27586206896551724,0.0465797599257877
rvol_ge_4&rvol3_prior3_pos,rvol_ge_4,rvol3_prior3_pos,3,1,1,29,-0.002132258020657307,-0.7352613864335542,0.2413793103448276,0.27586206896551724,0.0465797599257877
prior3_bp_ge_10&prior5_bp_ge_10,prior3_bp_ge_10,prior5_bp_ge_10,1,2,3,43,-0.0021356073544192,-0.4966528731207442,0.627906976744186,0.627906976744186,0.04187203514676877
green_ge_7.5&prior5_bp_ge_10,green_ge_7.5,prior5_bp_ge_10,2,5,1,39,-0.0021362825011370656,-0.5477647438812988,0.6410256410256411,0.6410256410256411,0.052885974417494264
green_ge_7.5&close_loc_ge_0.9,green_ge_7.5,close_loc_ge_0.9,2,1,3,28,-0.002136618403459134,-0.763078001235405,0.32142857142857145,0.32142857142857145,0.04134991164231288
green_ge_7.5&close_loc_ge_0.9,green_ge_7.5,close_loc_ge_0.9,2,1,1,28,-0.002136618403459134,-0.763078001235405,0.32142857142857145,0.32142857142857145,0.04134991164231288
close_loc_ge_0.75&rvol3_prior3_pos,close_loc_ge_0.75,rvol3_prior3_pos,2,2,3,27,-0.0021422239404380594,-0.7934162742363183,0.4444444444444444,0.4444444444444444,0.04366883456854159
close_loc_ge_0.75&rvol3_prior3_pos,close_loc_ge_0.75,rvol3_prior3_pos,2,2,1,27,-0.0021422239404380594,-0.7934162742363183,0.4444444444444444,0.4444444444444444,0.04366883456854159
rvol_ge_4&range_ge_10,rvol_ge_4,range_ge_10,2,1,3,24,-0.0021423804626726772,-0.8926585261136155,0.2916666666666667,0.2916666666666667,0.04671703387403262
rvol_ge_4&range_ge_10,rvol_ge_4,range_ge_10,2,1,1,24,-0.0021423804626726772,-0.8926585261136155,0.2916666666666667,0.2916666666666667,0.04671703387403262
rvol_ge_3&rvol_ge_4,rvol_ge_3,rvol_ge_4,2,1,1,30,-0.002142902123674739,-0.7143007078915797,0.3333333333333333,0.3333333333333333,0.03717127992032763
rvol_ge_3&rvol_ge_4,rvol_ge_3,rvol_ge_4,2,1,3,30,-0.002142902123674739,-0.7143007078915797,0.3333333333333333,0.3333333333333333,0.03717127992032763
prior5_bp_ge_0&close_loc_ge_0.9,prior5_bp_ge_0,close_loc_ge_0.9,1,3,1,33,-0.002144995608828859,-0.6499986693420784,0.6363636363636364,0.6363636363636364,0.06511502524519142
green_ge_7.5&close_loc_ge_0.75,green_ge_7.5,close_loc_ge_0.75,2,2,3,42,-0.002146593909911343,-0.5110937880741293,0.5,0.5,0.0302436490028773
green_ge_7.5&close_loc_ge_0.75,green_ge_7.5,close_loc_ge_0.75,2,2,1,42,-0.002146593909911343,-0.5110937880741293,0.5,0.5,0.0302436490028773
prior5_bp_ge_10&range_ge_10,prior5_bp_ge_10,range_ge_10,1,2,3,39,-0.0021509733758008354,-0.551531634820727,0.6153846153846154,0.6153846153846154,0.045880353984071615
prior5_bp_ge_10&range_ge_10,prior5_bp_ge_10,range_ge_10,1,2,1,39,-0.0021509733758008354,-0.551531634820727,0.6153846153846154,0.6153846153846154,0.045880353984071615
prior3_bp_ge_10&prior5_bp_ge_10,prior3_bp_ge_10,prior5_bp_ge_10,2,5,1,43,-0.0021555717223731286,-0.5012957493890996,0.627906976744186,0.627906976744186,0.046907936734616185
green_ge_7.5&range_ge_15,green_ge_7.5,range_ge_15,5,2,1,23,-0.002156941961755088,-0.9378008529369947,0.2608695652173913,0.2608695652173913,0.06217423659063154
green_ge_7.5&range_ge_15,green_ge_7.5,range_ge_15,5,2,3,23,-0.002156941961755088,-0.9378008529369947,0.2608695652173913,0.2608695652173913,0.06217423659063154
prior3_bp_ge_0&prior5_bp_ge_10,prior3_bp_ge_0,prior5_bp_ge_10,1,5,3,54,-0.0021595789491078987,-0.39992202761257384,0.7962962962962963,0.7962962962962963,0.05816226439674146
prior3_bp_ge_5&prior5_bp_ge_10,prior3_bp_ge_5,prior5_bp_ge_10,1,5,3,54,-0.0021595789491078987,-0.39992202761257384,0.7962962962962963,0.7962962962962963,0.05816226439674146
close_loc_ge_0.75&close_loc_ge_0.9,close_loc_ge_0.75,close_loc_ge_0.9,3,3,3,43,-0.0021646078640035205,-0.5033971776752374,0.4883720930232558,0.4883720930232558,0.0286005953431686
rvol_ge_4&prior5_bp_ge_5,rvol_ge_4,prior5_bp_ge_5,2,2,3,27,-0.002166811895301879,-0.8025229241858811,0.4444444444444444,0.4444444444444444,0.045905864365454546
rvol_ge_4&prior5_bp_ge_5,rvol_ge_4,prior5_bp_ge_5,2,2,1,27,-0.002166811895301879,-0.8025229241858811,0.4444444444444444,0.4444444444444444,0.045905864365454546
rvol_ge_4&prior3_bp_ge_10,rvol_ge_4,prior3_bp_ge_10,3,3,1,20,-0.0021772123856794723,-1.0886061928397361,0.4,0.4,0.06044131259074376
prior3_bp_ge_5&range_ge_15,prior3_bp_ge_5,range_ge_15,1,1,1,21,-0.0021777871778512203,-1.037041513262486,0.3333333333333333,0.3333333333333333,0.06693655961682304
prior3_bp_ge_5&range_ge_15,prior3_bp_ge_5,range_ge_15,1,1,3,21,-0.0021777871778512203,-1.037041513262486,0.3333333333333333,0.3333333333333333,0.06693655961682304
rvol_ge_4&prior5_bp_ge_10,rvol_ge_4,prior5_bp_ge_10,2,2,1,22,-0.0021804016433867313,-0.9910916560848778,0.4090909090909091,0.4090909090909091,0.055658546163269054
rvol_ge_4&prior5_bp_ge_10,rvol_ge_4,prior5_bp_ge_10,2,2,3,22,-0.0021804016433867313,-0.9910916560848778,0.4090909090909091,0.4090909090909091,0.055658546163269054
prior5_bp_ge_5&close_loc_ge_0.75,prior5_bp_ge_5,close_loc_ge_0.75,1,5,1,51,-0.0021806088825180314,-0.4275703691211826,0.7058823529411765,0.7058823529411765,0.06255740865774356
range_ge_10&rvol3_prior3_pos,range_ge_10,rvol3_prior3_pos,1,5,3,30,-0.002181519319359393,-0.7271731064531309,0.7333333333333333,0.7333333333333333,0.09155082942575526
prior3_bp_ge_10&prior5_bp_ge_0,prior3_bp_ge_10,prior5_bp_ge_0,2,2,3,47,-0.0021840373845627425,-0.46468880522611544,0.5106382978723404,0.5106382978723404,0.027092369318155254
prior5_bp_ge_0&close_loc_ge_0.75,prior5_bp_ge_0,close_loc_ge_0.75,5,5,3,55,-0.0021890412145794125,-0.3980074935598932,0.41818181818181815,0.509090909090909,0.023909838788998463
rvol_ge_3&rvol_ge_4,rvol_ge_3,rvol_ge_4,1,1,1,30,-0.0021902532111540696,-0.7300844037180232,0.43333333333333335,0.43333333333333335,0.04704429090371728
rvol_ge_3&rvol_ge_4,rvol_ge_3,rvol_ge_4,1,1,3,30,-0.0021902532111540696,-0.7300844037180232,0.43333333333333335,0.43333333333333335,0.04704429090371728
green_ge_7.5&rvol_ge_3,green_ge_7.5,rvol_ge_3,1,5,1,30,-0.0021940009898385737,-0.7313336632795246,0.7,0.7,0.09418837859758983
close_loc_ge_0.75&rvol3_prior3_pos,close_loc_ge_0.75,rvol3_prior3_pos,3,2,3,27,-0.0021949400948757525,-0.8129407758799082,0.37037037037037035,0.37037037037037035,0.03775789859247864
rvol_ge_4&prior5_bp_ge_5,rvol_ge_4,prior5_bp_ge_5,3,2,3,27,-0.002196559890259242,-0.8135407000960155,0.37037037037037035,0.37037037037037035,0.039272261713039706
prior3_bp_ge_0&close_loc_ge_0.75,prior3_bp_ge_0,close_loc_ge_0.75,2,5,1,59,-0.002202802212239896,-0.3733563071593044,0.6271186440677966,0.6271186440677966,0.03544945722160616
prior5_bp_ge_10&range_ge_10,prior5_bp_ge_10,range_ge_10,5,5,3,39,-0.0022029133514813726,-0.564849577302916,0.46153846153846156,0.5128205128205128,0.031005266651813673
green_ge_10&range_ge_10,green_ge_10,range_ge_10,3,2,1,31,-0.0022030534638330934,-0.7106624076880947,0.3870967741935484,0.3870967741935484,0.03437117454099945
green_ge_7.5&green_ge_10,green_ge_7.5,green_ge_10,3,2,1,31,-0.0022030534638330934,-0.7106624076880947,0.3870967741935484,0.3870967741935484,0.03437117454099945
green_ge_10&range_ge_10,green_ge_10,range_ge_10,3,2,3,31,-0.0022030534638330934,-0.7106624076880947,0.3870967741935484,0.3870967741935484,0.03437117454099945
green_ge_7.5&green_ge_10,green_ge_7.5,green_ge_10,3,2,3,31,-0.0022030534638330934,-0.7106624076880947,0.3870967741935484,0.3870967741935484,0.03437117454099945
green_ge_10&prior5_bp_ge_0,green_ge_10,prior5_bp_ge_0,3,1,1,28,-0.0022068718587480163,-0.7881685209814344,0.25,0.25,0.047812956054053515
green_ge_10&prior5_bp_ge_0,green_ge_10,prior5_bp_ge_0,3,1,3,28,-0.0022068718587480163,-0.7881685209814344,0.25,0.25,0.047812956054053515
green_ge_10&prior3_bp_ge_0,green_ge_10,prior3_bp_ge_0,3,1,3,28,-0.002207140602255242,-0.7882645008054436,0.25,0.25,0.04781098536296364
green_ge_10&prior3_bp_ge_0,green_ge_10,prior3_bp_ge_0,3,1,1,28,-0.002207140602255242,-0.7882645008054436,0.25,0.25,0.04781098536296364
green_ge_7.5&close_loc_ge_0.75,green_ge_7.5,close_loc_ge_0.75,1,3,3,42,-0.002211968681841925,-0.526659209962363,0.6904761904761905,0.6904761904761905,0.04922088582229067
green_ge_7.5&close_loc_ge_0.75,green_ge_7.5,close_loc_ge_0.75,1,3,1,42,-0.002211968681841925,-0.526659209962363,0.6904761904761905,0.6904761904761905,0.04922088582229067
green_ge_7.5&prior3_bp_ge_5,green_ge_7.5,prior3_bp_ge_5,2,5,1,47,-0.002213173604533325,-0.47088800096453726,0.6382978723404256,0.6382978723404256,0.04497135880269756
green_ge_7.5&close_loc_ge_0.9,green_ge_7.5,close_loc_ge_0.9,3,3,1,28,-0.0022209120407576943,-0.7931828716991765,0.42857142857142855,0.4642857142857143,0.044454787098728014
prior5_bp_ge_5&range_ge_15,prior5_bp_ge_5,range_ge_15,5,1,1,21,-0.0022209447787249204,-1.0575927517737715,0.14285714285714285,0.14285714285714285,0.09776021550899275
prior5_bp_ge_5&range_ge_15,prior5_bp_ge_5,range_ge_15,5,1,3,21,-0.0022209447787249204,-1.0575927517737715,0.14285714285714285,0.14285714285714285,0.09776021550899275
prior3_bp_ge_5&close_loc_ge_0.75,prior3_bp_ge_5,close_loc_ge_0.75,2,2,3,54,-0.0022273715680880546,-0.4124762163126027,0.5185185185185185,0.5185185185185185,0.022814521482347444
green_ge_10&prior3_bp_ge_5,green_ge_10,prior3_bp_ge_5,3,3,1,27,-0.0022300282075935485,-0.8259363731827957,0.4444444444444444,0.4444444444444444,0.04464494866760659
green_ge_10&prior3_bp_ge_10,green_ge_10,prior3_bp_ge_10,1,1,1,23,-0.0022328788550984857,-0.9708168935210807,0.34782608695652173,0.34782608695652173,0.056379810188966054
green_ge_10&prior3_bp_ge_10,green_ge_10,prior3_bp_ge_10,1,1,3,23,-0.0022328788550984857,-0.9708168935210807,0.34782608695652173,0.34782608695652173,0.056379810188966054
prior3_bp_ge_10&close_loc_ge_0.75,prior3_bp_ge_10,close_loc_ge_0.75,5,5,3,35,-0.0022332784252470095,-0.6380795500705742,0.42857142857142855,0.4857142857142857,0.03577035433753908
prior3_bp_ge_5&range_ge_15,prior3_bp_ge_5,range_ge_15,5,1,1,21,-0.002233869301178859,-1.0637472862756472,0.14285714285714285,0.14285714285714285,0.09752305493852143
prior3_bp_ge_5&range_ge_15,prior3_bp_ge_5,range_ge_15,5,1,3,21,-0.002233869301178859,-1.0637472862756472,0.14285714285714285,0.14285714285714285,0.09752305493852143
prior3_bp_ge_0&range_ge_15,prior3_bp_ge_0,range_ge_15,2,3,1,22,-0.002241126861907583,-1.0186940281398105,0.5,0.5,0.06318381718804082
prior3_bp_ge_0&range_ge_15,prior3_bp_ge_0,range_ge_15,2,3,3,22,-0.002241126861907583,-1.0186940281398105,0.5,0.5,0.06318381718804082
prior3_bp_ge_5&close_loc_ge_0.75,prior3_bp_ge_5,close_loc_ge_0.75,5,5,1,54,-0.002242065278080907,-0.4151972737186865,0.3333333333333333,0.46296296296296297,0.02970766785833566
close_loc_ge_0.75&rvol3_prior3_pos,close_loc_ge_0.75,rvol3_prior3_pos,1,3,1,27,-0.0022473141830720023,-0.8323385863229638,0.6296296296296297,0.6296296296296297,0.07237098117030012
close_loc_ge_0.75&rvol3_prior3_pos,close_loc_ge_0.75,rvol3_prior3_pos,1,3,3,27,-0.0022473141830720023,-0.8323385863229638,0.6296296296296297,0.6296296296296297,0.07237098117030012
green_ge_10&prior5_bp_ge_5,green_ge_10,prior5_bp_ge_5,3,3,1,27,-0.0022505650834535595,-0.8335426235013185,0.4444444444444444,0.4444444444444444,0.04454996149562346
prior5_bp_ge_10&close_loc_ge_0.75,prior5_bp_ge_10,close_loc_ge_0.75,2,2,1,38,-0.002251516517936203,-0.5925043468253165,0.47368421052631576,0.47368421052631576,0.03264768855100025
green_ge_10&close_loc_ge_0.75,green_ge_10,close_loc_ge_0.75,5,3,1,24,-0.002251518009120934,-0.9381325038003892,0.3333333333333333,0.3333333333333333,0.04967582464514951
green_ge_7.5&rvol_ge_3,green_ge_7.5,rvol_ge_3,1,2,3,30,-0.0022538597350661993,-0.7512865783553998,0.5666666666666667,0.5666666666666667,0.055932708742450786
green_ge_7.5&rvol_ge_3,green_ge_7.5,rvol_ge_3,1,2,1,30,-0.0022538597350661993,-0.7512865783553998,0.5666666666666667,0.5666666666666667,0.055932708742450786
prior3_bp_ge_0&close_loc_ge_0.9,prior3_bp_ge_0,close_loc_ge_0.9,1,3,3,37,-0.0022573288281974024,-0.6100888724857845,0.6756756756756757,0.6756756756756757,0.05671979098641454
green_ge_7.5&rvol3_prior3_pos,green_ge_7.5,rvol3_prior3_pos,1,3,1,27,-0.0022581225112232595,-0.8363416708234295,0.6296296296296297,0.6296296296296297,0.06938812185568076
green_ge_7.5&rvol3_prior3_pos,green_ge_7.5,rvol3_prior3_pos,1,3,3,27,-0.0022581225112232595,-0.8363416708234295,0.6296296296296297,0.6296296296296297,0.06938812185568076
prior5_bp_ge_5&close_loc_ge_0.9,prior5_bp_ge_5,close_loc_ge_0.9,1,3,1,32,-0.0022608100740555415,-0.7065031481423567,0.625,0.625,0.06626775585881048
prior5_bp_ge_0&range_ge_15,prior5_bp_ge_0,range_ge_15,2,3,3,22,-0.0022609464822869185,-1.027702946494054,0.5,0.5,0.06300035140346824
prior5_bp_ge_0&range_ge_15,prior5_bp_ge_0,range_ge_15,2,3,1,22,-0.0022609464822869185,-1.027702946494054,0.5,0.5,0.06300035140346824
green_ge_10&prior3_bp_ge_0,green_ge_10,prior3_bp_ge_0,5,3,3,28,-0.0022651775772914995,-0.8089919918898212,0.35714285714285715,0.35714285714285715,0.04139125483435703
range_ge_10&range_ge_15,range_ge_10,range_ge_15,5,2,3,26,-0.0022654666216194164,-0.8713333160074679,0.2692307692307692,0.2692307692307692,0.05488208395244102
range_ge_10&range_ge_15,range_ge_10,range_ge_15,5,2,1,26,-0.0022654666216194164,-0.8713333160074679,0.2692307692307692,0.2692307692307692,0.05488208395244102
prior5_bp_ge_0&range_ge_15,prior5_bp_ge_0,range_ge_15,5,5,3,22,-0.002269580618106004,-1.0316275536845474,0.45454545454545453,0.45454545454545453,0.052502728761086505
prior5_bp_ge_0&range_ge_15,prior5_bp_ge_0,range_ge_15,5,5,1,22,-0.002269580618106004,-1.0316275536845474,0.45454545454545453,0.45454545454545453,0.052502728761086505
prior3_bp_ge_0&prior5_bp_ge_10,prior3_bp_ge_0,prior5_bp_ge_10,1,5,1,54,-0.0022704027202731236,-0.4204449481987266,0.7407407407407407,0.7407407407407407,0.06102362173105923
prior3_bp_ge_5&prior5_bp_ge_10,prior3_bp_ge_5,prior5_bp_ge_10,1,5,1,54,-0.0022704027202731236,-0.4204449481987266,0.7407407407407407,0.7407407407407407,0.06102362173105923
close_loc_ge_0.75&rvol3_prior3_pos,close_loc_ge_0.75,rvol3_prior3_pos,3,5,1,27,-0.0022704373070060457,-0.8409027062985355,0.4074074074074074,0.48148148148148145,0.06676434810439633
prior3_bp_ge_0&range_ge_15,prior3_bp_ge_0,range_ge_15,5,5,3,22,-0.002270924335642799,-1.0322383343830903,0.45454545454545453,0.45454545454545453,0.05249713170023041
prior3_bp_ge_0&range_ge_15,prior3_bp_ge_0,range_ge_15,5,5,1,22,-0.002270924335642799,-1.0322383343830903,0.45454545454545453,0.45454545454545453,0.05249713170023041
green_ge_10&prior5_bp_ge_10,green_ge_10,prior5_bp_ge_10,2,1,1,25,-0.0022710959110870954,-0.9084383644348383,0.28,0.28,0.04322620903914547
green_ge_10&prior5_bp_ge_10,green_ge_10,prior5_bp_ge_10,2,1,3,25,-0.0022710959110870954,-0.9084383644348383,0.28,0.28,0.04322620903914547
prior5_bp_ge_5&range_ge_15,prior5_bp_ge_5,range_ge_15,2,5,1,21,-0.002271733191826053,-1.0817777103933586,0.6190476190476191,0.6190476190476191,0.08651882978589932
prior5_bp_ge_5&range_ge_15,prior5_bp_ge_5,range_ge_15,2,5,3,21,-0.002271733191826053,-1.0817777103933586,0.6190476190476191,0.6190476190476191,0.08651882978589932
prior3_bp_ge_5&close_loc_ge_0.75,prior3_bp_ge_5,close_loc_ge_0.75,1,5,1,54,-0.0022730086890886403,-0.4209275350164149,0.7222222222222222,0.7222222222222222,0.05816788629227638
prior5_bp_ge_10&close_loc_ge_0.9,prior5_bp_ge_10,close_loc_ge_0.9,5,2,1,24,-0.0022756113094094532,-0.9481713789206054,0.25,0.25,0.061514747326058244
close_loc_ge_0.75&close_loc_ge_0.9,close_loc_ge_0.75,close_loc_ge_0.9,2,2,1,43,-0.0022767089644295524,-0.5294672010301285,0.4883720930232558,0.4883720930232558,0.029952918365808896
green_ge_7.5&prior5_bp_ge_10,green_ge_7.5,prior5_bp_ge_10,2,2,3,39,-0.0022773661193074,-0.583940030591641,0.48717948717948717,0.48717948717948717,0.03240793641190723
green_ge_7.5&prior5_bp_ge_10,green_ge_7.5,prior5_bp_ge_10,2,2,1,39,-0.0022773661193074,-0.583940030591641,0.48717948717948717,0.48717948717948717,0.03240793641190723
prior3_bp_ge_10&prior5_bp_ge_10,prior3_bp_ge_10,prior5_bp_ge_10,2,2,1,43,-0.002277661310748691,-0.5296886769183002,0.4883720930232558,0.4883720930232558,0.029915320757630072
rvol_ge_3&range_ge_10,rvol_ge_3,range_ge_10,1,2,1,34,-0.0022809045586617005,-0.6708542819593236,0.5882352941176471,0.5882352941176471,0.0508364955308091
rvol_ge_3&range_ge_10,rvol_ge_3,range_ge_10,1,2,3,34,-0.0022809045586617005,-0.6708542819593236,0.5882352941176471,0.5882352941176471,0.0508364955308091
prior5_bp_ge_10&range_ge_15,prior5_bp_ge_10,range_ge_15,1,1,1,20,-0.0022810177683074695,-1.1405088841537347,0.3,0.3,0.06937343260433777
prior5_bp_ge_10&range_ge_15,prior5_bp_ge_10,range_ge_15,1,1,3,20,-0.0022810177683074695,-1.1405088841537347,0.3,0.3,0.06937343260433777
prior3_bp_ge_5&prior3_bp_ge_10,prior3_bp_ge_5,prior3_bp_ge_10,2,2,1,48,-0.0022842532467930443,-0.47588609308188423,0.5,0.5,0.026871642608944642
prior3_bp_ge_0&prior3_bp_ge_10,prior3_bp_ge_0,prior3_bp_ge_10,2,2,1,48,-0.0022842532467930443,-0.47588609308188423,0.5,0.5,0.026871642608944642
green_ge_7.5&close_loc_ge_0.9,green_ge_7.5,close_loc_ge_0.9,3,1,3,28,-0.002284801701381456,-0.8160006076362343,0.25,0.25,0.04714257833446089
green_ge_7.5&close_loc_ge_0.9,green_ge_7.5,close_loc_ge_0.9,3,1,1,28,-0.002284801701381456,-0.8160006076362343,0.25,0.25,0.04714257833446089
rvol_ge_4&prior5_bp_ge_0,rvol_ge_4,prior5_bp_ge_0,3,1,3,28,-0.0022848102346568755,-0.8160036552345984,0.25,0.25,0.0477645194521995
green_ge_10&prior5_bp_ge_0,green_ge_10,prior5_bp_ge_0,5,3,3,28,-0.002284997197670835,-0.8160704277395838,0.35714285714285715,0.35714285714285715,0.041326004029672216
green_ge_7.5&prior5_bp_ge_0,green_ge_7.5,prior5_bp_ge_0,5,5,3,49,-0.0022865653752017767,-0.4666459949391381,0.4489795918367347,0.4897959183673469,0.025978400107310246
green_ge_10&prior3_bp_ge_5,green_ge_10,prior3_bp_ge_5,2,1,1,27,-0.002287335167538651,-0.8471611731624634,0.2962962962962963,0.2962962962962963,0.039816583155832065
green_ge_10&prior3_bp_ge_5,green_ge_10,prior3_bp_ge_5,2,1,3,27,-0.002287335167538651,-0.8471611731624634,0.2962962962962963,0.2962962962962963,0.039816583155832065
rvol_ge_4&prior3_bp_ge_5,rvol_ge_4,prior3_bp_ge_5,1,1,3,29,-0.002294609022729266,-0.7912444905962986,0.41379310344827586,0.41379310344827586,0.04804604505609901
rvol_ge_4&prior3_bp_ge_5,rvol_ge_4,prior3_bp_ge_5,1,1,1,29,-0.002294609022729266,-0.7912444905962986,0.41379310344827586,0.41379310344827586,0.04804604505609901
rvol_ge_4&prior3_bp_ge_0,rvol_ge_4,prior3_bp_ge_0,1,1,1,29,-0.002294609022729266,-0.7912444905962986,0.41379310344827586,0.41379310344827586,0.04804604505609901
rvol_ge_4&prior3_bp_ge_0,rvol_ge_4,prior3_bp_ge_0,1,1,3,29,-0.002294609022729266,-0.7912444905962986,0.41379310344827586,0.41379310344827586,0.04804604505609901
rvol_ge_4&rvol3_prior3_pos,rvol_ge_4,rvol3_prior3_pos,1,1,3,29,-0.002294609022729266,-0.7912444905962986,0.41379310344827586,0.41379310344827586,0.04804604505609901
rvol_ge_4&rvol3_prior3_pos,rvol_ge_4,rvol3_prior3_pos,1,1,1,29,-0.002294609022729266,-0.7912444905962986,0.41379310344827586,0.41379310344827586,0.04804604505609901
range_ge_10&close_loc_ge_0.9,range_ge_10,close_loc_ge_0.9,5,1,3,28,-0.002297369087151613,-0.8204889596970046,0.17857142857142858,0.17857142857142858,0.07008171068819852
range_ge_10&close_loc_ge_0.9,range_ge_10,close_loc_ge_0.9,5,1,1,28,-0.002297369087151613,-0.8204889596970046,0.17857142857142858,0.17857142857142858,0.07008171068819852
green_ge_10&close_loc_ge_0.75,green_ge_10,close_loc_ge_0.75,3,5,1,24,-0.0022978824091229866,-0.9574510038012445,0.5416666666666666,0.5416666666666666,0.06321610066446226
prior5_bp_ge_0&close_loc_ge_0.9,prior5_bp_ge_0,close_loc_ge_0.9,3,3,1,33,-0.002312635487825454,-0.70079863267438,0.42424242424242425,0.45454545454545453,0.0394335051259184
green_ge_7.5&rvol3_prior3_pos,green_ge_7.5,rvol3_prior3_pos,5,5,1,27,-0.002314997518646944,-0.857406488387757,0.2962962962962963,0.4074074074074074,0.056843020797089625
range_ge_10&close_loc_ge_0.75,range_ge_10,close_loc_ge_0.75,1,5,3,42,-0.002316358261042706,-0.5515138716768347,0.7619047619047619,0.7619047619047619,0.06845136248455228
prior3_bp_ge_10&prior5_bp_ge_5,prior3_bp_ge_10,prior5_bp_ge_5,5,5,1,46,-0.0023175351925350807,-0.5038119983771915,0.3695652173913043,0.43478260869565216,0.03156751474912808
green_ge_7.5&prior5_bp_ge_0,green_ge_7.5,prior5_bp_ge_0,1,5,3,49,-0.0023312784511806406,-0.475771112485845,0.7755102040816326,0.7755102040816326,0.06279845582243612
green_ge_7.5&prior3_bp_ge_10,green_ge_7.5,prior3_bp_ge_10,2,5,1,36,-0.0023355370921531726,-0.6487603033758813,0.6111111111111112,0.6111111111111112,0.054810978562270664
prior3_bp_ge_10&prior5_bp_ge_10,prior3_bp_ge_10,prior5_bp_ge_10,1,2,1,43,-0.0023375337635518356,-0.5436125031515896,0.6046511627906976,0.6046511627906976,0.041882300060404734
prior3_bp_ge_5&close_loc_ge_0.9,prior3_bp_ge_5,close_loc_ge_0.9,2,1,3,33,-0.0023440132374573652,-0.710307041653747,0.3333333333333333,0.3333333333333333,0.032601701158081454
prior3_bp_ge_5&close_loc_ge_0.9,prior3_bp_ge_5,close_loc_ge_0.9,2,1,1,33,-0.0023440132374573652,-0.710307041653747,0.3333333333333333,0.3333333333333333,0.032601701158081454
prior5_bp_ge_10&close_loc_ge_0.75,prior5_bp_ge_10,close_loc_ge_0.75,3,5,3,38,-0.0023459793950780794,-0.6173629987047577,0.5789473684210527,0.6052631578947368,0.04080827652503711
prior3_bp_ge_5&close_loc_ge_0.9,prior3_bp_ge_5,close_loc_ge_0.9,1,2,3,33,-0.0023511339336118597,-0.7124648283672302,0.5757575757575758,0.5757575757575758,0.04994668142740591
rvol_ge_4&prior3_bp_ge_0,rvol_ge_4,prior3_bp_ge_0,2,1,1,29,-0.002351613746825132,-0.8109012920086662,0.3103448275862069,0.3103448275862069,0.03843774130059723
rvol_ge_4&prior3_bp_ge_5,rvol_ge_4,prior3_bp_ge_5,2,1,1,29,-0.002351613746825132,-0.8109012920086662,0.3103448275862069,0.3103448275862069,0.03843774130059723
rvol_ge_4&rvol3_prior3_pos,rvol_ge_4,rvol3_prior3_pos,2,1,3,29,-0.002351613746825132,-0.8109012920086662,0.3103448275862069,0.3103448275862069,0.03843774130059723
rvol_ge_4&prior3_bp_ge_0,rvol_ge_4,prior3_bp_ge_0,2,1,3,29,-0.002351613746825132,-0.8109012920086662,0.3103448275862069,0.3103448275862069,0.03843774130059723
rvol_ge_4&prior3_bp_ge_5,rvol_ge_4,prior3_bp_ge_5,2,1,3,29,-0.002351613746825132,-0.8109012920086662,0.3103448275862069,0.3103448275862069,0.03843774130059723
rvol_ge_4&rvol3_prior3_pos,rvol_ge_4,rvol3_prior3_pos,2,1,1,29,-0.002351613746825132,-0.8109012920086662,0.3103448275862069,0.3103448275862069,0.03843774130059723
prior3_bp_ge_10&close_loc_ge_0.75,prior3_bp_ge_10,close_loc_ge_0.75,3,2,1,35,-0.0023526215854414723,-0.6721775958404206,0.37142857142857144,0.37142857142857144,0.030588982975228652
rvol_ge_4&prior5_bp_ge_5,rvol_ge_4,prior5_bp_ge_5,3,2,1,27,-0.0023559163494001334,-0.8725616108889384,0.3333333333333333,0.37037037037037035,0.04003351911811682
close_loc_ge_0.75&rvol3_prior3_pos,close_loc_ge_0.75,rvol3_prior3_pos,2,1,1,27,-0.0023569844386878147,-0.8729571995140055,0.2962962962962963,0.2962962962962963,0.040979946889648865
close_loc_ge_0.75&rvol3_prior3_pos,close_loc_ge_0.75,rvol3_prior3_pos,2,1,3,27,-0.0023569844386878147,-0.8729571995140055,0.2962962962962963,0.2962962962962963,0.040979946889648865
close_loc_ge_0.75&rvol3_prior3_pos,close_loc_ge_0.75,rvol3_prior3_pos,3,3,1,27,-0.00235706374697342,-0.8729865729531185,0.37037037037037035,0.4444444444444444,0.04880305864104401
prior3_bp_ge_10&rvol3_prior3_pos,prior3_bp_ge_10,rvol3_prior3_pos,1,2,3,29,-0.002363001557590616,-0.814828123307109,0.5517241379310345,0.5517241379310345,0.05681854948262209
rvol_ge_3&prior3_bp_ge_10,rvol_ge_3,prior3_bp_ge_10,1,2,3,29,-0.002363001557590616,-0.814828123307109,0.5517241379310345,0.5517241379310345,0.05681854948262209
prior3_bp_ge_10&rvol3_prior3_pos,prior3_bp_ge_10,rvol3_prior3_pos,1,2,1,29,-0.002363001557590616,-0.814828123307109,0.5517241379310345,0.5517241379310345,0.05681854948262209
rvol_ge_3&prior3_bp_ge_10,rvol_ge_3,prior3_bp_ge_10,1,2,1,29,-0.002363001557590616,-0.814828123307109,0.5517241379310345,0.5517241379310345,0.05681854948262209
rvol_ge_4&prior3_bp_ge_10,rvol_ge_4,prior3_bp_ge_10,2,3,1,20,-0.002368321450741062,-1.184160725370531,0.45,0.45,0.07048325113504773
rvol_ge_4&prior3_bp_ge_10,rvol_ge_4,prior3_bp_ge_10,5,3,3,20,-0.0023688238290819896,-1.1844119145409948,0.3,0.3,0.0608126970816775
green_ge_10&range_ge_10,green_ge_10,range_ge_10,5,3,1,31,-0.0023695732286723725,-0.7643784608620556,0.3548387096774194,0.3548387096774194,0.03803201494793529
green_ge_7.5&green_ge_10,green_ge_7.5,green_ge_10,5,3,1,31,-0.0023695732286723725,-0.7643784608620556,0.3548387096774194,0.3548387096774194,0.03803201494793529
rvol_ge_3&close_loc_ge_0.75,rvol_ge_3,close_loc_ge_0.75,2,1,1,33,-0.002369712124372203,-0.7180945831430918,0.3333333333333333,0.3333333333333333,0.03468791395294968
rvol_ge_3&close_loc_ge_0.75,rvol_ge_3,close_loc_ge_0.75,2,1,3,33,-0.002369712124372203,-0.7180945831430918,0.3333333333333333,0.3333333333333333,0.03468791395294968
prior3_bp_ge_10&rvol3_prior3_pos,prior3_bp_ge_10,rvol3_prior3_pos,1,5,1,29,-0.0023776703758303652,-0.8198863364932294,0.6896551724137931,0.6896551724137931,0.09403955019765682
rvol_ge_3&prior3_bp_ge_10,rvol_ge_3,prior3_bp_ge_10,1,5,1,29,-0.0023776703758303652,-0.8198863364932294,0.6896551724137931,0.6896551724137931,0.09403955019765682
close_loc_ge_0.75&rvol3_prior3_pos,close_loc_ge_0.75,rvol3_prior3_pos,1,5,3,27,-0.0023778569326762256,-0.8806877528430465,0.7037037037037037,0.7037037037037037,0.0931247438385806
prior5_bp_ge_0&range_ge_15,prior5_bp_ge_0,range_ge_15,1,1,1,22,-0.002380916432358382,-1.0822347419810827,0.3181818181818182,0.3181818181818182,0.06342561974458479
prior5_bp_ge_0&range_ge_15,prior5_bp_ge_0,range_ge_15,1,1,3,22,-0.002380916432358382,-1.0822347419810827,0.3181818181818182,0.3181818181818182,0.06342561974458479
prior3_bp_ge_0&range_ge_15,prior3_bp_ge_0,range_ge_15,1,1,3,22,-0.0023811851758656077,-1.0823568981207308,0.3181818181818182,0.3181818181818182,0.06342121865616486
prior3_bp_ge_0&range_ge_15,prior3_bp_ge_0,range_ge_15,1,1,1,22,-0.0023811851758656077,-1.0823568981207308,0.3181818181818182,0.3181818181818182,0.06342121865616486
range_ge_10&rvol3_prior3_pos,range_ge_10,rvol3_prior3_pos,5,5,3,30,-0.0023820567466729115,-0.7940189155576372,0.4,0.4666666666666667,0.04113516251881959
prior5_bp_ge_0&close_loc_ge_0.9,prior5_bp_ge_0,close_loc_ge_0.9,3,3,3,33,-0.0023831923476672623,-0.7221794992931099,0.45454545454545453,0.45454545454545453,0.03720772602596802
prior3_bp_ge_5&close_loc_ge_0.9,prior3_bp_ge_5,close_loc_ge_0.9,3,3,3,33,-0.0023873943550704047,-0.7234528348698196,0.45454545454545453,0.45454545454545453,0.037221149386842206
rvol_ge_4&prior5_bp_ge_10,rvol_ge_4,prior5_bp_ge_10,1,1,3,22,-0.0023908797349665445,-1.0867635158938838,0.3181818181818182,0.3181818181818182,0.05580720211120661
rvol_ge_4&prior5_bp_ge_10,rvol_ge_4,prior5_bp_ge_10,1,1,1,22,-0.0023908797349665445,-1.0867635158938838,0.3181818181818182,0.3181818181818182,0.05580720211120661
prior3_bp_ge_0&prior3_bp_ge_10,prior3_bp_ge_0,prior3_bp_ge_10,2,5,1,48,-0.0023937773687106034,-0.4987036184813757,0.625,0.625,0.04225101276769295
prior3_bp_ge_5&prior3_bp_ge_10,prior3_bp_ge_5,prior3_bp_ge_10,2,5,1,48,-0.0023937773687106034,-0.4987036184813757,0.625,0.625,0.04225101276769295
prior3_bp_ge_10&close_loc_ge_0.9,prior3_bp_ge_10,close_loc_ge_0.9,1,1,1,22,-0.002394531746189088,-1.08842352099504,0.3181818181818182,0.3181818181818182,0.05668580001100249
prior3_bp_ge_10&close_loc_ge_0.9,prior3_bp_ge_10,close_loc_ge_0.9,1,1,3,22,-0.002394531746189088,-1.08842352099504,0.3181818181818182,0.3181818181818182,0.05668580001100249
prior3_bp_ge_10&prior5_bp_ge_5,prior3_bp_ge_10,prior5_bp_ge_5,2,2,3,46,-0.002396823920977953,-0.521048678473468,0.5,0.5,0.027575389147582622
rvol_ge_4&prior5_bp_ge_0,rvol_ge_4,prior5_bp_ge_0,1,1,3,28,-0.0023985785804426785,-0.8566352073009567,0.39285714285714285,0.39285714285714285,0.049087436814396763
rvol_ge_4&prior5_bp_ge_0,rvol_ge_4,prior5_bp_ge_0,1,1,1,28,-0.0023985785804426785,-0.8566352073009567,0.39285714285714285,0.39285714285714285,0.049087436814396763
green_ge_7.5&rvol3_prior3_pos,green_ge_7.5,rvol3_prior3_pos,2,5,3,27,-0.002400539521637546,-0.8890887117176096,0.5925925925925926,0.6296296296296297,0.06912469794441518
prior3_bp_ge_10&close_loc_ge_0.9,prior3_bp_ge_10,close_loc_ge_0.9,5,1,3,22,-0.0024038226290803433,-1.0926466495819742,0.13636363636363635,0.13636363636363635,0.0945082095882327
prior3_bp_ge_10&close_loc_ge_0.9,prior3_bp_ge_10,close_loc_ge_0.9,5,1,1,22,-0.0024038226290803433,-1.0926466495819742,0.13636363636363635,0.13636363636363635,0.0945082095882327
green_ge_7.5&green_ge_10,green_ge_7.5,green_ge_10,3,5,3,31,-0.002414486588532605,-0.7788666414621306,0.5806451612903226,0.5806451612903226,0.048257405289046415
green_ge_10&range_ge_10,green_ge_10,range_ge_10,3,5,3,31,-0.002414486588532605,-0.7788666414621306,0.5806451612903226,0.5806451612903226,0.048257405289046415
green_ge_10&close_loc_ge_0.75,green_ge_10,close_loc_ge_0.75,3,1,1,24,-0.0024150169897649842,-1.0062570790687435,0.20833333333333334,0.20833333333333334,0.05667874189258158
green_ge_10&close_loc_ge_0.75,green_ge_10,close_loc_ge_0.75,3,1,3,24,-0.0024150169897649842,-1.0062570790687435,0.20833333333333334,0.20833333333333334,0.05667874189258158
prior3_bp_ge_10&range_ge_10,prior3_bp_ge_10,range_ge_10,5,2,1,37,-0.0024153732007926587,-0.6528035677817997,0.2972972972972973,0.2972972972972973,0.03786172188933607
prior3_bp_ge_10&range_ge_10,prior3_bp_ge_10,range_ge_10,5,2,3,37,-0.0024153732007926587,-0.6528035677817997,0.2972972972972973,0.2972972972972973,0.03786172188933607
green_ge_7.5&prior3_bp_ge_10,green_ge_7.5,prior3_bp_ge_10,2,3,3,36,-0.002418157366722018,-0.671710379645005,0.5555555555555556,0.5555555555555556,0.040086317064350695
rvol_ge_3&rvol_ge_4,rvol_ge_3,rvol_ge_4,3,3,1,30,-0.002421891554347466,-0.8072971847824887,0.4,0.4666666666666667,0.04255793015095136
close_loc_ge_0.75&rvol3_prior3_pos,close_loc_ge_0.75,rvol3_prior3_pos,5,1,3,27,-0.0024258472055989078,-0.8984619279995955,0.14814814814814814,0.18518518518518517,0.07454220569293146
prior3_bp_ge_5&close_loc_ge_0.75,prior3_bp_ge_5,close_loc_ge_0.75,5,5,3,54,-0.002428210695665789,-0.4496686473455165,0.42592592592592593,0.5,0.02416742961350467
green_ge_10&close_loc_ge_0.75,green_ge_10,close_loc_ge_0.75,3,3,1,24,-0.00243057644077338,-1.012740183655575,0.4166666666666667,0.4166666666666667,0.049945445841313454
prior3_bp_ge_5&range_ge_10,prior3_bp_ge_5,range_ge_10,5,5,3,52,-0.0024359041175926466,-0.4684430995370474,0.46153846153846156,0.5,0.023925816375699394
prior5_bp_ge_0&range_ge_15,prior5_bp_ge_0,range_ge_15,5,1,1,22,-0.0024369985556860208,-1.1077266162209185,0.13636363636363635,0.13636363636363635,0.09394130792231241
prior5_bp_ge_0&range_ge_15,prior5_bp_ge_0,range_ge_15,5,1,3,22,-0.0024369985556860208,-1.1077266162209185,0.13636363636363635,0.13636363636363635,0.09394130792231241
prior3_bp_ge_0&range_ge_15,prior3_bp_ge_0,range_ge_15,5,1,1,22,-0.0024372672991932465,-1.1078487723605666,0.13636363636363635,0.13636363636363635,0.09393674347060203
prior3_bp_ge_0&range_ge_15,prior3_bp_ge_0,range_ge_15,5,1,3,22,-0.0024372672991932465,-1.1078487723605666,0.13636363636363635,0.13636363636363635,0.09393674347060203
prior5_bp_ge_10&range_ge_15,prior5_bp_ge_10,range_ge_15,3,2,3,20,-0.0024379672619601056,-1.2189836309800528,0.3,0.3,0.05068528904379444
prior5_bp_ge_10&range_ge_15,prior5_bp_ge_10,range_ge_15,3,2,1,20,-0.0024379672619601056,-1.2189836309800528,0.3,0.3,0.05068528904379444
prior3_bp_ge_5&prior3_bp_ge_10,prior3_bp_ge_5,prior3_bp_ge_10,1,2,3,48,-0.00244240833313758,-0.5088350694036625,0.625,0.625,0.037374261940428574
prior3_bp_ge_0&prior3_bp_ge_10,prior3_bp_ge_0,prior3_bp_ge_10,1,2,3,48,-0.00244240833313758,-0.5088350694036625,0.625,0.625,0.037374261940428574
rvol_ge_4&prior5_bp_ge_0,rvol_ge_4,prior5_bp_ge_0,3,1,1,28,-0.002444166693797767,-0.8729166763563454,0.21428571428571427,0.25,0.048826878495007095
prior3_bp_ge_10&close_loc_ge_0.9,prior3_bp_ge_10,close_loc_ge_0.9,5,3,1,22,-0.002450644369706878,-1.113929258957672,0.2727272727272727,0.3181818181818182,0.05879099395878837
prior5_bp_ge_0&range_ge_10,prior5_bp_ge_0,range_ge_10,5,5,3,52,-0.002457848616731928,-0.4726631955253708,0.46153846153846156,0.5,0.023906847161705554
green_ge_10&prior3_bp_ge_5,green_ge_10,prior3_bp_ge_5,3,3,3,27,-0.002462549572630479,-0.9120553972705479,0.4444444444444444,0.4444444444444444,0.04359260182737069
rvol_ge_4&prior3_bp_ge_10,rvol_ge_4,prior3_bp_ge_10,3,3,3,20,-0.0024690176737200975,-1.2345088368600488,0.4,0.4,0.05806000744116841
green_ge_7.5&close_loc_ge_0.9,green_ge_7.5,close_loc_ge_0.9,3,3,3,28,-0.0024727843115075476,-0.8831372541098383,0.42857142857142855,0.42857142857142855,0.043467712466430705
prior5_bp_ge_5&range_ge_15,prior5_bp_ge_5,range_ge_15,2,3,3,21,-0.002473733018702129,-1.177968104143871,0.47619047619047616,0.47619047619047616,0.06502754581355738
prior5_bp_ge_5&range_ge_15,prior5_bp_ge_5,range_ge_15,2,3,1,21,-0.002473733018702129,-1.177968104143871,0.47619047619047616,0.47619047619047616,0.06502754581355738
prior3_bp_ge_10&close_loc_ge_0.9,prior3_bp_ge_10,close_loc_ge_0.9,5,2,1,22,-0.002475592765106338,-1.125269438684699,0.22727272727272727,0.22727272727272727,0.0681362109617837
prior5_bp_ge_10&close_loc_ge_0.9,prior5_bp_ge_10,close_loc_ge_0.9,5,2,3,24,-0.0024794437423928395,-1.0331015593303499,0.25,0.25,0.06006519480315262
green_ge_10&prior5_bp_ge_5,green_ge_10,prior5_bp_ge_5,3,3,3,27,-0.00248308644849049,-0.9196616475890704,0.4444444444444444,0.4444444444444444,0.043502035310771445
close_loc_ge_0.75&rvol3_prior3_pos,close_loc_ge_0.75,rvol3_prior3_pos,1,5,1,27,-0.002483661312533969,-0.9198745601977663,0.6296296296296297,0.6296296296296297,0.09850600134910141
green_ge_10&close_loc_ge_0.75,green_ge_10,close_loc_ge_0.75,5,3,3,24,-0.002484039374157865,-1.0350164058991103,0.3333333333333333,0.3333333333333333,0.04859547991429553
prior3_bp_ge_10&prior5_bp_ge_0,prior3_bp_ge_10,prior5_bp_ge_0,2,2,1,47,-0.0024878902028278027,-0.5293383410271921,0.48936170212765956,0.48936170212765956,0.027325980271496252
prior5_bp_ge_10&close_loc_ge_0.75,prior5_bp_ge_10,close_loc_ge_0.75,3,3,1,38,-0.002489118310312066,-0.6550311342926489,0.4473684210526316,0.4473684210526316,0.03305336573610245
green_ge_10&prior5_bp_ge_0,green_ge_10,prior5_bp_ge_0,2,1,1,28,-0.0024904644220458128,-0.8894515793020761,0.2857142857142857,0.2857142857142857,0.03842314675058386
green_ge_10&prior5_bp_ge_0,green_ge_10,prior5_bp_ge_0,2,1,3,28,-0.0024904644220458128,-0.8894515793020761,0.2857142857142857,0.2857142857142857,0.03842314675058386
green_ge_10&prior3_bp_ge_0,green_ge_10,prior3_bp_ge_0,2,1,3,28,-0.0024907331655530385,-0.8895475591260851,0.2857142857142857,0.2857142857142857,0.03842136780979891
green_ge_10&prior3_bp_ge_0,green_ge_10,prior3_bp_ge_0,2,1,1,28,-0.0024907331655530385,-0.8895475591260851,0.2857142857142857,0.2857142857142857,0.03842136780979891
green_ge_10&close_loc_ge_0.75,green_ge_10,close_loc_ge_0.75,2,1,1,24,-0.002493940622977364,-1.0391419262405683,0.25,0.25,0.04470134785596061
green_ge_10&close_loc_ge_0.75,green_ge_10,close_loc_ge_0.75,2,1,3,24,-0.002493940622977364,-1.0391419262405683,0.25,0.25,0.04470134785596061
prior5_bp_ge_10&close_loc_ge_0.9,prior5_bp_ge_10,close_loc_ge_0.9,5,3,3,24,-0.002494691227090562,-1.0394546779544007,0.3333333333333333,0.3333333333333333,0.04857464116583171
prior5_bp_ge_5&range_ge_15,prior5_bp_ge_5,range_ge_15,1,1,3,21,-0.0024969818158576684,-1.189038959932223,0.2857142857142857,0.2857142857142857,0.06538523089875764
prior5_bp_ge_5&range_ge_15,prior5_bp_ge_5,range_ge_15,1,1,1,21,-0.0024969818158576684,-1.189038959932223,0.2857142857142857,0.2857142857142857,0.06538523089875764
prior3_bp_ge_0&close_loc_ge_0.75,prior3_bp_ge_0,close_loc_ge_0.75,1,5,3,59,-0.002497304804481848,-0.4232720007596352,0.7796610169491526,0.7796610169491526,0.049856583190032805
range_ge_10&range_ge_15,range_ge_10,range_ge_15,5,5,3,26,-0.0024986121086781887,-0.9610046571839187,0.46153846153846156,0.46153846153846156,0.044594024433642486
range_ge_10&range_ge_15,range_ge_10,range_ge_15,5,5,1,26,-0.0024986121086781887,-0.9610046571839187,0.46153846153846156,0.46153846153846156,0.044594024433642486
green_ge_7.5&rvol3_prior3_pos,green_ge_7.5,rvol3_prior3_pos,1,5,1,27,-0.002501443307169837,-0.9264604841369767,0.6666666666666666,0.6666666666666666,0.09873460302524929
prior5_bp_ge_5&close_loc_ge_0.75,prior5_bp_ge_5,close_loc_ge_0.75,3,5,1,51,-0.0025033173170366796,-0.4908465327522901,0.47058823529411764,0.5294117647058824,0.036481883345450106
rvol_ge_3&range_ge_10,rvol_ge_3,range_ge_10,1,5,1,34,-0.002512883952154432,-0.7390835153395388,0.7058823529411765,0.7058823529411765,0.08320154587438222
rvol_ge_4&prior5_bp_ge_5,rvol_ge_4,prior5_bp_ge_5,1,1,3,27,-0.002514393045669361,-0.9312566835812447,0.37037037037037035,0.37037037037037035,0.05030193764532561
rvol_ge_4&prior5_bp_ge_5,rvol_ge_4,prior5_bp_ge_5,1,1,1,27,-0.002514393045669361,-0.9312566835812447,0.37037037037037035,0.37037037037037035,0.05030193764532561
range_ge_10&rvol3_prior3_pos,range_ge_10,rvol3_prior3_pos,1,3,1,30,-0.002514596634416999,-0.8381988781389997,0.6333333333333333,0.6333333333333333,0.06636446600650772
range_ge_10&rvol3_prior3_pos,range_ge_10,rvol3_prior3_pos,1,3,3,30,-0.002514596634416999,-0.8381988781389997,0.6333333333333333,0.6333333333333333,0.06636446600650772
prior5_bp_ge_0&close_loc_ge_0.75,prior5_bp_ge_0,close_loc_ge_0.75,2,2,3,55,-0.0025202277601732437,-0.4582232291224079,0.509090909090909,0.509090909090909,0.022311139498338916
close_loc_ge_0.75&rvol3_prior3_pos,close_loc_ge_0.75,rvol3_prior3_pos,1,1,3,27,-0.0025205158015232376,-0.9335243709345323,0.37037037037037035,0.37037037037037035,0.049596559975243495
close_loc_ge_0.75&rvol3_prior3_pos,close_loc_ge_0.75,rvol3_prior3_pos,1,1,1,27,-0.0025205158015232376,-0.9335243709345323,0.37037037037037035,0.37037037037037035,0.049596559975243495
prior3_bp_ge_0&close_loc_ge_0.9,prior3_bp_ge_0,close_loc_ge_0.9,3,3,1,37,-0.002522298115474997,-0.6817021933716207,0.43243243243243246,0.4594594594594595,0.0348583972911302
rvol_ge_4&prior3_bp_ge_10,rvol_ge_4,prior3_bp_ge_10,2,1,3,20,-0.0025283066468502202,-1.26415332342511,0.2,0.2,0.05335501586814223
rvol_ge_4&prior3_bp_ge_10,rvol_ge_4,prior3_bp_ge_10,2,1,1,20,-0.0025283066468502202,-1.26415332342511,0.2,0.2,0.05335501586814223
rvol_ge_3&close_loc_ge_0.75,rvol_ge_3,close_loc_ge_0.75,1,1,1,33,-0.0025284492592091423,-0.7661967452148917,0.42424242424242425,0.42424242424242425,0.043288252117935536
rvol_ge_3&close_loc_ge_0.75,rvol_ge_3,close_loc_ge_0.75,1,1,3,33,-0.0025284492592091423,-0.7661967452148917,0.42424242424242425,0.42424242424242425,0.043288252117935536
prior3_bp_ge_5&close_loc_ge_0.75,prior3_bp_ge_5,close_loc_ge_0.75,2,2,1,54,-0.0025312243863531148,-0.4687452567320583,0.5,0.5,0.022985878342562917
rvol_ge_4&prior5_bp_ge_10,rvol_ge_4,prior5_bp_ge_10,3,1,3,22,-0.002540168613789473,-1.1546220971770331,0.18181818181818182,0.18181818181818182,0.06293405851658697
rvol_ge_4&prior5_bp_ge_10,rvol_ge_4,prior5_bp_ge_10,3,1,1,22,-0.002540168613789473,-1.1546220971770331,0.18181818181818182,0.18181818181818182,0.06293405851658697
prior3_bp_ge_10&prior5_bp_ge_0,prior3_bp_ge_10,prior5_bp_ge_0,1,2,3,47,-0.0025442268111550703,-0.541324853437249,0.6170212765957447,0.6170212765957447,0.037811456562423074
range_ge_10&range_ge_15,range_ge_10,range_ge_15,5,1,1,26,-0.00254711902445226,-0.9796611632508693,0.15384615384615385,0.15384615384615385,0.07821625708305543
range_ge_10&range_ge_15,range_ge_10,range_ge_15,5,1,3,26,-0.00254711902445226,-0.9796611632508693,0.15384615384615385,0.15384615384615385,0.07821625708305543
prior5_bp_ge_5&close_loc_ge_0.9,prior5_bp_ge_5,close_loc_ge_0.9,2,1,3,32,-0.0025479572381036375,-0.7962366369073868,0.3125,0.3125,0.03359102963102104
prior5_bp_ge_5&close_loc_ge_0.9,prior5_bp_ge_5,close_loc_ge_0.9,2,1,1,32,-0.0025479572381036375,-0.7962366369073868,0.3125,0.3125,0.03359102963102104
prior5_bp_ge_10&rvol3_prior3_pos,prior5_bp_ge_10,rvol3_prior3_pos,1,5,1,32,-0.002548994834659868,-0.7965608858312088,0.6875,0.6875,0.08621857009229787
rvol_ge_3&prior5_bp_ge_10,rvol_ge_3,prior5_bp_ge_10,1,5,1,32,-0.002548994834659868,-0.7965608858312088,0.6875,0.6875,0.08621857009229787
prior5_bp_ge_0&close_loc_ge_0.75,prior5_bp_ge_0,close_loc_ge_0.75,5,5,1,55,-0.0025517548670069834,-0.4639554303649061,0.32727272727272727,0.43636363636363634,0.02956996104240583
prior3_bp_ge_5&close_loc_ge_0.9,prior3_bp_ge_5,close_loc_ge_0.9,1,2,1,33,-0.0025530603427444953,-0.7736546493165136,0.5454545454545454,0.5454545454545454,0.04996180672899389
rvol_ge_4&prior5_bp_ge_0,rvol_ge_4,prior5_bp_ge_0,2,1,1,28,-0.002559552862251957,-0.9141260222328418,0.2857142857142857,0.2857142857142857,0.0397883512195268
rvol_ge_4&prior5_bp_ge_0,rvol_ge_4,prior5_bp_ge_0,2,1,3,28,-0.002559552862251957,-0.9141260222328418,0.2857142857142857,0.2857142857142857,0.0397883512195268
green_ge_7.5&prior3_bp_ge_5,green_ge_7.5,prior3_bp_ge_5,1,5,1,47,-0.002560437483849154,-0.5447739327338625,0.7446808510638298,0.7446808510638298,0.06553338832027689
green_ge_7.5&rvol3_prior3_pos,green_ge_7.5,rvol3_prior3_pos,1,2,1,27,-0.0025613020523974628,-0.9486303897768381,0.5185185185185185,0.5185185185185185,0.059016276378982574
green_ge_7.5&rvol3_prior3_pos,green_ge_7.5,rvol3_prior3_pos,1,2,3,27,-0.0025613020523974628,-0.9486303897768381,0.5185185185185185,0.5185185185185185,0.059016276378982574
close_loc_ge_0.75&close_loc_ge_0.9,close_loc_ge_0.75,close_loc_ge_0.9,3,3,1,43,-0.002562262244471758,-0.5958749405748274,0.4418604651162791,0.46511627906976744,0.030214371082731027
rvol_ge_3&rvol_ge_4,rvol_ge_3,rvol_ge_4,3,3,3,30,-0.0025736912889601227,-0.857897096320041,0.43333333333333335,0.43333333333333335,0.04080235079399065
green_ge_7.5&prior3_bp_ge_0,green_ge_7.5,prior3_bp_ge_0,2,5,3,50,-0.002582399509357569,-0.5164799018715138,0.66,0.68,0.04035038392464313
prior3_bp_ge_10&prior5_bp_ge_10,prior3_bp_ge_10,prior5_bp_ge_10,2,3,1,43,-0.0025829147148485054,-0.6006778406624431,0.5348837209302325,0.5348837209302325,0.03537390597540272
prior3_bp_ge_10&close_loc_ge_0.9,prior3_bp_ge_10,close_loc_ge_0.9,5,3,3,22,-0.002583438586471365,-1.1742902665778931,0.3181818181818182,0.3181818181818182,0.053118545620297095
prior5_bp_ge_5&close_loc_ge_0.9,prior5_bp_ge_5,close_loc_ge_0.9,3,1,1,32,-0.0025885100133533623,-0.8089093791729257,0.25,0.25,0.04143660806616276
prior5_bp_ge_5&close_loc_ge_0.9,prior5_bp_ge_5,close_loc_ge_0.9,3,1,3,32,-0.0025885100133533623,-0.8089093791729257,0.25,0.25,0.04143660806616276
prior3_bp_ge_0&close_loc_ge_0.9,prior3_bp_ge_0,close_loc_ge_0.9,3,3,3,37,-0.002592854975316805,-0.7007716149504879,0.4594594594594595,0.4594594594594595,0.0331076658617912
rvol_ge_4&prior5_bp_ge_5,rvol_ge_4,prior5_bp_ge_5,3,1,3,27,-0.002593648808594695,-0.9606106698498871,0.2222222222222222,0.2222222222222222,0.050100112039879824
prior3_bp_ge_10&prior5_bp_ge_0,prior3_bp_ge_10,prior5_bp_ge_0,2,5,1,47,-0.002597414324745362,-0.5526413456905025,0.6170212765957447,0.6170212765957447,0.042837061749221125
green_ge_7.5&green_ge_10,green_ge_7.5,green_ge_10,5,3,3,31,-0.002602094593709303,-0.8393853528094527,0.3548387096774194,0.3548387096774194,0.037395526703550924
green_ge_10&range_ge_10,green_ge_10,range_ge_10,5,3,3,31,-0.002602094593709303,-0.8393853528094527,0.3548387096774194,0.3548387096774194,0.037395526703550924
range_ge_10&close_loc_ge_0.9,range_ge_10,close_loc_ge_0.9,5,3,1,28,-0.0026063023700261256,-0.9308222750093307,0.32142857142857145,0.35714285714285715,0.043960342179367014
green_ge_7.5&prior5_bp_ge_5,green_ge_7.5,prior5_bp_ge_5,2,5,3,46,-0.002606434931437751,-0.5666162894429894,0.6521739130434783,0.6739130434782609,0.043691563408623645
prior3_bp_ge_5&close_loc_ge_0.9,prior3_bp_ge_5,close_loc_ge_0.9,3,2,1,33,-0.002609312725570412,-0.7907008259304278,0.36363636363636365,0.36363636363636365,0.03175535218976128
green_ge_7.5&close_loc_ge_0.75,green_ge_7.5,close_loc_ge_0.75,1,2,1,42,-0.0026110279331701403,-0.6216733174214619,0.5952380952380952,0.5952380952380952,0.041281711448640915
green_ge_7.5&close_loc_ge_0.75,green_ge_7.5,close_loc_ge_0.75,1,2,3,42,-0.0026110279331701403,-0.6216733174214619,0.5952380952380952,0.5952380952380952,0.041281711448640915
close_loc_ge_0.75&rvol3_prior3_pos,close_loc_ge_0.75,rvol3_prior3_pos,3,1,3,27,-0.0026182015042278683,-0.9697042608251365,0.2222222222222222,0.2222222222222222,0.04980548517885409
prior5_bp_ge_0&close_loc_ge_0.9,prior5_bp_ge_0,close_loc_ge_0.9,3,2,1,33,-0.002618564335282736,-0.7935043440250715,0.36363636363636365,0.36363636363636365,0.03172602566174019
prior5_bp_ge_5&close_loc_ge_0.9,prior5_bp_ge_5,close_loc_ge_0.9,3,3,1,32,-0.0026214740617632737,-0.819210644301023,0.40625,0.4375,0.04057327865970526
green_ge_7.5&range_ge_15,green_ge_7.5,range_ge_15,5,1,3,23,-0.0026226988223009284,-1.1403038357830124,0.13043478260869565,0.13043478260869565,0.09088960754526025
green_ge_7.5&range_ge_15,green_ge_7.5,range_ge_15,5,1,1,23,-0.0026226988223009284,-1.1403038357830124,0.13043478260869565,0.13043478260869565,0.09088960754526025
prior5_bp_ge_10&range_ge_15,prior5_bp_ge_10,range_ge_15,3,1,3,20,-0.002623733149558327,-1.3118665747791636,0.15,0.15,0.06958500024844233
prior5_bp_ge_10&range_ge_15,prior5_bp_ge_10,range_ge_15,3,1,1,20,-0.002623733149558327,-1.3118665747791636,0.15,0.15,0.06958500024844233
prior5_bp_ge_10&close_loc_ge_0.75,prior5_bp_ge_10,close_loc_ge_0.75,1,2,3,38,-0.0026392762569749095,-0.6945463834144499,0.5789473684210527,0.5789473684210527,0.04351461665876749
close_loc_ge_0.75&rvol3_prior3_pos,close_loc_ge_0.75,rvol3_prior3_pos,3,1,1,27,-0.0026395645877131946,-0.9776165139678499,0.18518518518518517,0.2222222222222222,0.05212826319201275
green_ge_10&prior3_bp_ge_0,green_ge_10,prior3_bp_ge_0,3,3,1,28,-0.002640222201637177,-0.9429365005847059,0.42857142857142855,0.42857142857142855,0.042821335369065204
range_ge_10&close_loc_ge_0.75,range_ge_10,close_loc_ge_0.75,1,2,1,42,-0.0026414570398950454,-0.6289183428321536,0.5952380952380952,0.5952380952380952,0.041550655730400045
range_ge_10&close_loc_ge_0.75,range_ge_10,close_loc_ge_0.75,1,2,3,42,-0.0026414570398950454,-0.6289183428321536,0.5952380952380952,0.5952380952380952,0.041550655730400045
prior3_bp_ge_0&prior3_bp_ge_10,prior3_bp_ge_0,prior3_bp_ge_10,1,2,1,48,-0.0026443347422702157,-0.5509030713062949,0.6041666666666666,0.6041666666666666,0.037382439824955906
prior3_bp_ge_5&prior3_bp_ge_10,prior3_bp_ge_5,prior3_bp_ge_10,1,2,1,48,-0.0026443347422702157,-0.5509030713062949,0.6041666666666666,0.6041666666666666,0.037382439824955906
prior3_bp_ge_0&prior5_bp_ge_0,prior3_bp_ge_0,prior5_bp_ge_0,1,5,3,72,-0.002646524213978263,-0.36757280749698096,0.7916666666666666,0.7916666666666666,0.04407728079254694
green_ge_10&prior5_bp_ge_10,green_ge_10,prior5_bp_ge_10,1,1,1,25,-0.0026521258372262935,-1.0608503348905174,0.32,0.32,0.05130498973267302
green_ge_10&prior5_bp_ge_10,green_ge_10,prior5_bp_ge_10,1,1,3,25,-0.0026521258372262935,-1.0608503348905174,0.32,0.32,0.05130498973267302
green_ge_10&prior5_bp_ge_0,green_ge_10,prior5_bp_ge_0,3,3,1,28,-0.0026600418220165123,-0.9500149364344688,0.42857142857142855,0.42857142857142855,0.0427369882272996
rvol_ge_4&prior3_bp_ge_10,rvol_ge_4,prior3_bp_ge_10,2,3,3,20,-0.0026601267387816874,-1.3300633693908437,0.45,0.45,0.06726599543855757
prior3_bp_ge_10&prior5_bp_ge_5,prior3_bp_ge_10,prior5_bp_ge_5,1,2,3,46,-0.0026602921946543567,-0.5783243901422515,0.6086956521739131,0.6086956521739131,0.038322469365772015
rvol_ge_4&prior5_bp_ge_10,rvol_ge_4,prior5_bp_ge_10,5,3,1,22,-0.00266108405745924,-1.2095836624814726,0.2727272727272727,0.3181818181818182,0.05685545756821141
green_ge_10&close_loc_ge_0.75,green_ge_10,close_loc_ge_0.75,3,3,3,24,-0.0026630978058103105,-1.109624085754296,0.4166666666666667,0.4166666666666667,0.048632059961640155
green_ge_7.5&prior5_bp_ge_5,green_ge_7.5,prior5_bp_ge_5,1,5,3,46,-0.002664800843409587,-0.5793045311759972,0.7608695652173914,0.7608695652173914,0.06485115969296239
range_ge_10&close_loc_ge_0.75,range_ge_10,close_loc_ge_0.75,2,2,3,42,-0.002666513843508578,-0.6348842484544233,0.47619047619047616,0.47619047619047616,0.03006359923686556
range_ge_10&close_loc_ge_0.75,range_ge_10,close_loc_ge_0.75,2,2,1,42,-0.002666513843508578,-0.6348842484544233,0.47619047619047616,0.47619047619047616,0.03006359923686556
prior5_bp_ge_10&close_loc_ge_0.75,prior5_bp_ge_10,close_loc_ge_0.75,3,2,1,38,-0.002670575746203996,-0.7027830911063147,0.3684210526315789,0.3684210526315789,0.02807492488264258
prior5_bp_ge_10&range_ge_15,prior5_bp_ge_10,range_ge_15,5,3,1,20,-0.0026785774730050393,-1.3392887365025197,0.3,0.3,0.058521236857864055
prior5_bp_ge_10&range_ge_15,prior5_bp_ge_10,range_ge_15,5,3,3,20,-0.0026785774730050393,-1.3392887365025197,0.3,0.3,0.058521236857864055
prior3_bp_ge_10&close_loc_ge_0.9,prior3_bp_ge_10,close_loc_ge_0.9,5,2,3,22,-0.0026794251980897243,-1.2179205445862384,0.22727272727272727,0.22727272727272727,0.06636230233631578
green_ge_7.5&prior3_bp_ge_5,green_ge_7.5,prior3_bp_ge_5,2,2,3,47,-0.0026859623634598595,-0.5714813539276297,0.48936170212765956,0.48936170212765956,0.02683597285083456
green_ge_7.5&prior3_bp_ge_5,green_ge_7.5,prior3_bp_ge_5,2,2,1,47,-0.0026859623634598595,-0.5714813539276297,0.48936170212765956,0.48936170212765956,0.02683597285083456
prior5_bp_ge_5&close_loc_ge_0.9,prior5_bp_ge_5,close_loc_ge_0.9,3,3,3,32,-0.002692030921605082,-0.841259663001588,0.4375,0.4375,0.03822081156358587
range_ge_10&rvol3_prior3_pos,range_ge_10,rvol3_prior3_pos,1,2,1,30,-0.0026927026875681603,-0.8975675625227201,0.5333333333333333,0.5333333333333333,0.05428976197395157
range_ge_10&rvol3_prior3_pos,range_ge_10,rvol3_prior3_pos,1,2,3,30,-0.0026927026875681603,-0.8975675625227201,0.5333333333333333,0.5333333333333333,0.05428976197395157
rvol_ge_4&range_ge_10,rvol_ge_4,range_ge_10,3,3,1,24,-0.002693528955401092,-1.1223037314171218,0.375,0.4166666666666667,0.05236687068707771
rvol_ge_3&prior3_bp_ge_10,rvol_ge_3,prior3_bp_ge_10,5,5,3,29,-0.0026938670092278016,-0.9289196583544144,0.3793103448275862,0.4827586206896552,0.04303228050106956
prior3_bp_ge_10&rvol3_prior3_pos,prior3_bp_ge_10,rvol3_prior3_pos,5,5,3,29,-0.0026938670092278016,-0.9289196583544144,0.3793103448275862,0.4827586206896552,0.04303228050106956
close_loc_ge_0.75&rvol3_prior3_pos,close_loc_ge_0.75,rvol3_prior3_pos,5,2,3,27,-0.0026953473194418764,-0.9982767849784728,0.2222222222222222,0.25925925925925924,0.0558768473358167
prior3_bp_ge_10&prior5_bp_ge_5,prior3_bp_ge_10,prior5_bp_ge_5,2,2,1,46,-0.002700676739243013,-0.5871036389658724,0.4782608695652174,0.4782608695652174,0.027817441494216274
green_ge_10&prior5_bp_ge_5,green_ge_10,prior5_bp_ge_5,2,1,1,27,-0.002703250958461023,-1.0012040586892679,0.25925925925925924,0.25925925925925924,0.039885351740187876
green_ge_10&prior5_bp_ge_5,green_ge_10,prior5_bp_ge_5,2,1,3,27,-0.002703250958461023,-1.0012040586892679,0.25925925925925924,0.25925925925925924,0.039885351740187876
rvol_ge_3&rvol_ge_4,rvol_ge_3,rvol_ge_4,5,3,3,30,-0.0027072184266011545,-0.9024061422003848,0.3,0.3333333333333333,0.04202922529926067
rvol_ge_3&rvol_ge_4,rvol_ge_3,rvol_ge_4,5,3,1,30,-0.002715010819417052,-0.9050036064723507,0.26666666666666666,0.4,0.044787356223823765
green_ge_7.5&rvol3_prior3_pos,green_ge_7.5,rvol3_prior3_pos,2,2,1,27,-0.002715473989835182,-1.0057311073463637,0.4074074074074074,0.4074074074074074,0.0451632294593383
green_ge_7.5&rvol3_prior3_pos,green_ge_7.5,rvol3_prior3_pos,2,2,3,27,-0.002715473989835182,-1.0057311073463637,0.4074074074074074,0.4074074074074074,0.0451632294593383
rvol_ge_3&close_loc_ge_0.75,rvol_ge_3,close_loc_ge_0.75,3,2,1,33,-0.002720383723730291,-0.8243587041606941,0.3333333333333333,0.36363636363636365,0.032056021915338594
green_ge_10&close_loc_ge_0.75,green_ge_10,close_loc_ge_0.75,3,5,3,24,-0.0027241715783572484,-1.1350714909821868,0.5416666666666666,0.5416666666666666,0.06071282067703646
prior3_bp_ge_10&close_loc_ge_0.75,prior3_bp_ge_10,close_loc_ge_0.75,2,1,3,35,-0.0027258866872545973,-0.7788247677870278,0.3142857142857143,0.3142857142857143,0.030460650348414123
prior3_bp_ge_10&close_loc_ge_0.75,prior3_bp_ge_10,close_loc_ge_0.75,2,1,1,35,-0.0027258866872545973,-0.7788247677870278,0.3142857142857143,0.3142857142857143,0.030460650348414123
rvol_ge_4&range_ge_10,rvol_ge_4,range_ge_10,5,3,1,24,-0.0027330910585189327,-1.1387879410495554,0.2916666666666667,0.3333333333333333,0.052259789514933555
prior3_bp_ge_5&range_ge_15,prior3_bp_ge_5,range_ge_15,2,1,1,21,-0.002733157615378068,-1.3015036263705086,0.19047619047619047,0.19047619047619047,0.05587225988267823
prior3_bp_ge_5&range_ge_15,prior3_bp_ge_5,range_ge_15,2,1,3,21,-0.002733157615378068,-1.3015036263705086,0.19047619047619047,0.19047619047619047,0.05587225988267823
prior3_bp_ge_10&range_ge_10,prior3_bp_ge_10,range_ge_10,5,1,1,37,-0.0027348944039139456,-0.7391606497064718,0.1891891891891892,0.1891891891891892,0.05239626498893306
prior3_bp_ge_10&range_ge_10,prior3_bp_ge_10,range_ge_10,5,1,3,37,-0.0027348944039139456,-0.7391606497064718,0.1891891891891892,0.1891891891891892,0.05239626498893306
rvol_ge_4&prior3_bp_ge_5,rvol_ge_4,prior3_bp_ge_5,3,3,1,29,-0.002734958989072833,-0.943089306576839,0.3793103448275862,0.4482758620689655,0.043907318163107535
rvol_ge_4&rvol3_prior3_pos,rvol_ge_4,rvol3_prior3_pos,3,3,1,29,-0.002734958989072833,-0.943089306576839,0.3793103448275862,0.4482758620689655,0.043907318163107535
rvol_ge_4&prior3_bp_ge_0,rvol_ge_4,prior3_bp_ge_0,3,3,1,29,-0.002734958989072833,-0.943089306576839,0.3793103448275862,0.4482758620689655,0.043907318163107535
prior3_bp_ge_0&close_loc_ge_0.75,prior3_bp_ge_0,close_loc_ge_0.75,2,2,3,59,-0.00273736251031953,-0.46395974751178476,0.5084745762711864,0.5084745762711864,0.020779940097147075
prior3_bp_ge_5&prior5_bp_ge_10,prior3_bp_ge_5,prior5_bp_ge_10,5,5,1,54,-0.0027415307538593003,-0.5076908803443149,0.37037037037037035,0.42592592592592593,0.02734859766354105
prior3_bp_ge_0&prior5_bp_ge_10,prior3_bp_ge_0,prior5_bp_ge_10,5,5,1,54,-0.0027415307538593003,-0.5076908803443149,0.37037037037037035,0.42592592592592593,0.02734859766354105
prior3_bp_ge_10&prior5_bp_ge_0,prior3_bp_ge_10,prior5_bp_ge_0,1,2,1,47,-0.002746153220287706,-0.5842879192101502,0.5957446808510638,0.5957446808510638,0.037819826913045945
prior3_bp_ge_10&prior5_bp_ge_5,prior3_bp_ge_10,prior5_bp_ge_5,5,5,3,46,-0.0027492292310170585,-0.5976585284819692,0.43478260869565216,0.5,0.02728328878366027
prior5_bp_ge_5&range_ge_15,prior5_bp_ge_5,range_ge_15,3,2,1,21,-0.0027505680158018686,-1.3097942932389852,0.2857142857142857,0.2857142857142857,0.04831258864992302
prior5_bp_ge_5&range_ge_15,prior5_bp_ge_5,range_ge_15,3,2,3,21,-0.0027505680158018686,-1.3097942932389852,0.2857142857142857,0.2857142857142857,0.04831258864992302
rvol_ge_3&prior5_bp_ge_10,rvol_ge_3,prior5_bp_ge_10,1,3,1,32,-0.0027525548662423738,-0.8601733957007418,0.625,0.625,0.058171633006330416
prior5_bp_ge_10&rvol3_prior3_pos,prior5_bp_ge_10,rvol3_prior3_pos,1,3,1,32,-0.0027525548662423738,-0.8601733957007418,0.625,0.625,0.058171633006330416
rvol_ge_3&prior5_bp_ge_10,rvol_ge_3,prior5_bp_ge_10,1,3,3,32,-0.0027525548662423738,-0.8601733957007418,0.625,0.625,0.058171633006330416
prior5_bp_ge_10&rvol3_prior3_pos,prior5_bp_ge_10,rvol3_prior3_pos,1,3,3,32,-0.0027525548662423738,-0.8601733957007418,0.625,0.625,0.058171633006330416
prior3_bp_ge_0&close_loc_ge_0.9,prior3_bp_ge_0,close_loc_ge_0.9,1,3,1,37,-0.0027527833968035154,-0.7439955126495987,0.6216216216216216,0.6216216216216216,0.056282696609940785
rvol_ge_4&prior5_bp_ge_5,rvol_ge_4,prior5_bp_ge_5,3,1,1,27,-0.0027530052677355865,-1.0196315806428098,0.18518518518518517,0.2222222222222222,0.05127621698138003
prior3_bp_ge_5&range_ge_15,prior3_bp_ge_5,range_ge_15,3,2,3,21,-0.0027570747645494498,-1.3128927450235475,0.2857142857142857,0.2857142857142857,0.048289451919735334
prior3_bp_ge_5&range_ge_15,prior3_bp_ge_5,range_ge_15,3,2,1,21,-0.0027570747645494498,-1.3128927450235475,0.2857142857142857,0.2857142857142857,0.048289451919735334
prior3_bp_ge_5&prior5_bp_ge_0,prior3_bp_ge_5,prior5_bp_ge_0,1,5,3,71,-0.002762645754523896,-0.38910503584843603,0.7887323943661971,0.7887323943661971,0.04442087775159986
rvol_ge_3&rvol_ge_4,rvol_ge_3,rvol_ge_4,2,3,1,30,-0.0027628335653012703,-0.9209445217670902,0.5,0.5,0.048045409762587095
prior5_bp_ge_0&close_loc_ge_0.9,prior5_bp_ge_0,close_loc_ge_0.9,2,1,3,33,-0.0027637601218838403,-0.8375030672375273,0.30303030303030304,0.30303030303030304,0.03254290591216082
prior5_bp_ge_0&close_loc_ge_0.9,prior5_bp_ge_0,close_loc_ge_0.9,2,1,1,33,-0.0027637601218838403,-0.8375030672375273,0.30303030303030304,0.30303030303030304,0.03254290591216082
green_ge_7.5&prior3_bp_ge_5,green_ge_7.5,prior3_bp_ge_5,5,5,1,47,-0.002764764757856031,-0.588247820820432,0.3829787234042553,0.44680851063829785,0.030355986655708468
green_ge_10&prior3_bp_ge_5,green_ge_10,prior3_bp_ge_5,1,1,3,27,-0.002765086246593773,-1.024106017256953,0.3333333333333333,0.3333333333333333,0.04753158397770652
green_ge_10&prior3_bp_ge_5,green_ge_10,prior3_bp_ge_5,1,1,1,27,-0.002765086246593773,-1.024106017256953,0.3333333333333333,0.3333333333333333,0.04753158397770652
prior5_bp_ge_0&close_loc_ge_0.9,prior5_bp_ge_0,close_loc_ge_0.9,1,2,3,33,-0.002765820613680803,-0.8381274586911523,0.5454545454545454,0.5454545454545454,0.048343294239080174
green_ge_10&close_loc_ge_0.75,green_ge_10,close_loc_ge_0.75,1,1,3,24,-0.0027670227719470697,-1.1529261549779457,0.2916666666666667,0.2916666666666667,0.052051105431761197
green_ge_10&close_loc_ge_0.75,green_ge_10,close_loc_ge_0.75,1,1,1,24,-0.0027670227719470697,-1.1529261549779457,0.2916666666666667,0.2916666666666667,0.052051105431761197
prior3_bp_ge_5&range_ge_10,prior3_bp_ge_5,range_ge_10,1,5,3,52,-0.002769108913071805,-0.5325209448215009,0.7692307692307693,0.7692307692307693,0.05869709847234808
rvol_ge_4&prior5_bp_ge_5,rvol_ge_4,prior5_bp_ge_5,2,1,1,27,-0.002771879381834097,-1.0266219932718879,0.25925925925925924,0.25925925925925924,0.04126904249290858
rvol_ge_4&prior5_bp_ge_5,rvol_ge_4,prior5_bp_ge_5,2,1,3,27,-0.002771879381834097,-1.0266219932718879,0.25925925925925924,0.25925925925925924,0.04126904249290858
prior5_bp_ge_0&prior5_bp_ge_10,prior5_bp_ge_0,prior5_bp_ge_10,1,5,3,55,-0.002775225221643862,-0.5045864039352477,0.7818181818181819,0.7818181818181819,0.05517646238952542
prior5_bp_ge_5&prior5_bp_ge_10,prior5_bp_ge_5,prior5_bp_ge_10,1,5,3,55,-0.002775225221643862,-0.5045864039352477,0.7818181818181819,0.7818181818181819,0.05517646238952542
close_loc_ge_0.75&rvol3_prior3_pos,close_loc_ge_0.75,rvol3_prior3_pos,5,2,1,27,-0.002777735833458972,-1.028791049429249,0.18518518518518517,0.2962962962962963,0.06055817457555237
range_ge_10&close_loc_ge_0.75,range_ge_10,close_loc_ge_0.75,1,3,1,42,-0.0027817891503577608,-0.6623307500851812,0.6666666666666666,0.6666666666666666,0.04963412904316023
range_ge_10&close_loc_ge_0.75,range_ge_10,close_loc_ge_0.75,1,3,3,42,-0.0027817891503577608,-0.6623307500851812,0.6666666666666666,0.6666666666666666,0.04963412904316023
green_ge_7.5&prior5_bp_ge_10,green_ge_7.5,prior5_bp_ge_10,3,5,1,39,-0.0027827744931451237,-0.7135319213192625,0.5384615384615384,0.5384615384615384,0.04195122777808198
prior3_bp_ge_5&prior3_bp_ge_10,prior3_bp_ge_5,prior3_bp_ge_10,2,3,1,48,-0.0027833040381548546,-0.5798550079489281,0.5416666666666666,0.5416666666666666,0.03162765036827802
prior3_bp_ge_0&prior3_bp_ge_10,prior3_bp_ge_0,prior3_bp_ge_10,2,3,1,48,-0.0027833040381548546,-0.5798550079489281,0.5416666666666666,0.5416666666666666,0.03162765036827802
prior5_bp_ge_0&close_loc_ge_0.75,prior5_bp_ge_0,close_loc_ge_0.75,2,3,3,55,-0.0027846523316914507,-0.5063004239439001,0.5818181818181818,0.5818181818181818,0.027488589924055104
prior5_bp_ge_0&range_ge_10,prior5_bp_ge_0,range_ge_10,1,5,3,52,-0.002784687858117141,-0.5355168957917579,0.7692307692307693,0.7692307692307693,0.05864027008665566
prior3_bp_ge_0&close_loc_ge_0.9,prior3_bp_ge_0,close_loc_ge_0.9,2,1,1,37,-0.002787880161747913,-0.7534811247967333,0.32432432432432434,0.32432432432432434,0.030647132045939406
prior3_bp_ge_0&close_loc_ge_0.9,prior3_bp_ge_0,close_loc_ge_0.9,2,1,3,37,-0.002787880161747913,-0.7534811247967333,0.32432432432432434,0.32432432432432434,0.030647132045939406
prior3_bp_ge_5&close_loc_ge_0.9,prior3_bp_ge_5,close_loc_ge_0.9,3,1,3,33,-0.0027900112649115183,-0.8454579590640965,0.24242424242424243,0.24242424242424243,0.040355735496592826
prior3_bp_ge_5&close_loc_ge_0.9,prior3_bp_ge_5,close_loc_ge_0.9,3,1,1,33,-0.0027900112649115183,-0.8454579590640965,0.24242424242424243,0.24242424242424243,0.040355735496592826
prior3_bp_ge_10&close_loc_ge_0.75,prior3_bp_ge_10,close_loc_ge_0.75,3,2,3,35,-0.0027930140909772083,-0.7980040259934881,0.37142857142857144,0.37142857142857144,0.02934517756755585
rvol_ge_4&prior5_bp_ge_0,rvol_ge_4,prior5_bp_ge_0,5,3,3,28,-0.0027962488398886043,-0.9986602999602159,0.2857142857142857,0.32142857142857145,0.04538915712029958
prior5_bp_ge_10&range_ge_10,prior5_bp_ge_10,range_ge_10,2,2,1,39,-0.0027963538585524805,-0.7170138098852513,0.46153846153846156,0.46153846153846156,0.03218292956531033
prior5_bp_ge_10&range_ge_10,prior5_bp_ge_10,range_ge_10,2,2,3,39,-0.0027963538585524805,-0.7170138098852513,0.46153846153846156,0.46153846153846156,0.03218292956531033
rvol_ge_3&close_loc_ge_0.75,rvol_ge_3,close_loc_ge_0.75,3,2,3,33,-0.0027975873371417492,-0.8477537385278028,0.36363636363636365,0.36363636363636365,0.030930233583250734
prior5_bp_ge_10&close_loc_ge_0.9,prior5_bp_ge_10,close_loc_ge_0.9,1,1,3,24,-0.0028011945402950378,-1.167164391789599,0.2916666666666667,0.2916666666666667,0.051276890745307585
prior5_bp_ge_10&close_loc_ge_0.9,prior5_bp_ge_10,close_loc_ge_0.9,1,1,1,24,-0.0028011945402950378,-1.167164391789599,0.2916666666666667,0.2916666666666667,0.051276890745307585
prior3_bp_ge_10&prior5_bp_ge_10,prior3_bp_ge_10,prior5_bp_ge_10,2,3,3,43,-0.002803388549661001,-0.6519508255025585,0.5581395348837209,0.5581395348837209,0.03363578788101323
rvol_ge_4&range_ge_10,rvol_ge_4,range_ge_10,2,3,1,24,-0.00280344297978552,-1.1681012415773,0.4583333333333333,0.4583333333333333,0.05901375248839057
rvol_ge_4&prior5_bp_ge_0,rvol_ge_4,prior5_bp_ge_0,5,3,1,28,-0.0028040412327045017,-1.001443297394465,0.25,0.39285714285714285,0.04862286455230043
prior5_bp_ge_0&close_loc_ge_0.9,prior5_bp_ge_0,close_loc_ge_0.9,3,1,1,33,-0.002804312897133565,-0.8497917870101712,0.24242424242424243,0.24242424242424243,0.04028115931949787
prior5_bp_ge_0&close_loc_ge_0.9,prior5_bp_ge_0,close_loc_ge_0.9,3,1,3,33,-0.002804312897133565,-0.8497917870101712,0.24242424242424243,0.24242424242424243,0.04028115931949787
close_loc_ge_0.75&rvol3_prior3_pos,close_loc_ge_0.75,rvol3_prior3_pos,2,3,1,27,-0.002806779670778692,-1.0395480262143304,0.48148148148148145,0.48148148148148145,0.0524032227557444
green_ge_7.5&prior5_bp_ge_0,green_ge_7.5,prior5_bp_ge_0,2,5,3,49,-0.002809810247533462,-0.573430662761931,0.6530612244897959,0.673469387755102,0.04084973548615699
prior3_bp_ge_10&prior5_bp_ge_5,prior3_bp_ge_10,prior5_bp_ge_5,2,5,1,46,-0.002810200861160572,-0.6109132306870808,0.6086956521739131,0.6086956521739131,0.04346706774829211
green_ge_7.5&close_loc_ge_0.75,green_ge_7.5,close_loc_ge_0.75,2,3,1,42,-0.0028123893282040457,-0.6696165067152491,0.5476190476190477,0.5476190476190477,0.0358907148980341
prior3_bp_ge_5&close_loc_ge_0.9,prior3_bp_ge_5,close_loc_ge_0.9,3,2,3,33,-0.002813145158553798,-0.8524682298647873,0.36363636363636365,0.36363636363636365,0.031121537918576882
rvol_ge_3&prior5_bp_ge_5,rvol_ge_3,prior5_bp_ge_5,5,5,3,40,-0.002815780098606502,-0.7039450246516255,0.4,0.475,0.03172533472769927
prior3_bp_ge_5&prior3_bp_ge_10,prior3_bp_ge_5,prior3_bp_ge_10,5,5,1,48,-0.002816818300360069,-0.5868371459083477,0.3541666666666667,0.4375,0.030525851423753185
prior3_bp_ge_0&prior3_bp_ge_10,prior3_bp_ge_0,prior3_bp_ge_10,5,5,1,48,-0.002816818300360069,-0.5868371459083477,0.3541666666666667,0.4375,0.030525851423753185
green_ge_7.5&green_ge_10,green_ge_7.5,green_ge_10,3,1,1,31,-0.0028179002230749317,-0.9090000719596555,0.22580645161290322,0.22580645161290322,0.043716057265261066
green_ge_10&range_ge_10,green_ge_10,range_ge_10,3,1,1,31,-0.0028179002230749317,-0.9090000719596555,0.22580645161290322,0.22580645161290322,0.043716057265261066
green_ge_7.5&green_ge_10,green_ge_7.5,green_ge_10,3,1,3,31,-0.0028179002230749317,-0.9090000719596555,0.22580645161290322,0.22580645161290322,0.043716057265261066
green_ge_10&range_ge_10,green_ge_10,range_ge_10,3,1,3,31,-0.0028179002230749317,-0.9090000719596555,0.22580645161290322,0.22580645161290322,0.043716057265261066
rvol_ge_3&close_loc_ge_0.75,rvol_ge_3,close_loc_ge_0.75,2,3,1,33,-0.0028187453838113274,-0.8541652678216144,0.5151515151515151,0.5151515151515151,0.04469525018769352
rvol_ge_4&prior5_bp_ge_5,rvol_ge_4,prior5_bp_ge_5,5,3,1,27,-0.0028198441164845045,-1.0443867098090758,0.25925925925925924,0.37037037037037035,0.048695061709182044
prior5_bp_ge_0&close_loc_ge_0.9,prior5_bp_ge_0,close_loc_ge_0.9,3,2,3,33,-0.002822396768266122,-0.855271747959431,0.36363636363636365,0.36363636363636365,0.031093369861770952
close_loc_ge_0.75&rvol3_prior3_pos,close_loc_ge_0.75,rvol3_prior3_pos,2,5,1,27,-0.0028232949268734986,-1.0456647877309255,0.5185185185185185,0.5185185185185185,0.07223798291110133
prior5_bp_ge_0&close_loc_ge_0.75,prior5_bp_ge_0,close_loc_ge_0.75,2,2,1,55,-0.002824080578438304,-0.5134691960796915,0.4909090909090909,0.4909090909090909,0.022474990954439552
close_loc_ge_0.75&rvol3_prior3_pos,close_loc_ge_0.75,rvol3_prior3_pos,3,3,3,27,-0.002824133006790297,-1.04597518770011,0.4074074074074074,0.4074074074074074,0.047198194100005496
prior3_bp_ge_10&range_ge_10,prior3_bp_ge_10,range_ge_10,3,2,1,37,-0.0028288433773572264,-0.7645522641506017,0.3783783783783784,0.3783783783783784,0.028710467740397188
prior3_bp_ge_10&range_ge_10,prior3_bp_ge_10,range_ge_10,3,2,3,37,-0.0028288433773572264,-0.7645522641506017,0.3783783783783784,0.3783783783783784,0.028710467740397188
prior5_bp_ge_5&close_loc_ge_0.75,prior5_bp_ge_5,close_loc_ge_0.75,3,5,3,51,-0.002829392190273672,-0.5547827824066024,0.5686274509803921,0.5882352941176471,0.03132663471128383
rvol_ge_3&close_loc_ge_0.75,rvol_ge_3,close_loc_ge_0.75,5,5,3,33,-0.002833604080053731,-0.8586679030465851,0.36363636363636365,0.45454545454545453,0.03901648099256755
close_loc_ge_0.75&rvol3_prior3_pos,close_loc_ge_0.75,rvol3_prior3_pos,5,1,1,27,-0.0028379842592163307,-1.0511052811912336,0.1111111111111111,0.18518518518518517,0.08273048564933495
prior5_bp_ge_5&range_ge_15,prior5_bp_ge_5,range_ge_15,3,1,3,21,-0.002839697197108526,-1.3522367605278696,0.14285714285714285,0.14285714285714285,0.0663848290254859
prior5_bp_ge_5&range_ge_15,prior5_bp_ge_5,range_ge_15,3,1,1,21,-0.002839697197108526,-1.3522367605278696,0.14285714285714285,0.14285714285714285,0.0663848290254859
prior5_bp_ge_10&close_loc_ge_0.75,prior5_bp_ge_10,close_loc_ge_0.75,1,2,1,38,-0.002841202666107545,-0.7476849121335645,0.5526315789473685,0.5526315789473685,0.04352609671868169
prior3_bp_ge_5&prior3_bp_ge_10,prior3_bp_ge_5,prior3_bp_ge_10,5,5,3,48,-0.0028430365410944125,-0.5922992793946693,0.4375,0.5,0.026073006848073864
prior3_bp_ge_0&prior3_bp_ge_10,prior3_bp_ge_0,prior3_bp_ge_10,5,5,3,48,-0.0028430365410944125,-0.5922992793946693,0.4375,0.5,0.026073006848073864
prior5_bp_ge_0&close_loc_ge_0.75,prior5_bp_ge_0,close_loc_ge_0.75,1,3,3,55,-0.002843113183691015,-0.5169296697620027,0.6909090909090909,0.6909090909090909,0.038948012674205355
prior3_bp_ge_5&range_ge_15,prior3_bp_ge_5,range_ge_15,3,1,1,21,-0.002852621719562465,-1.3583912950297452,0.14285714285714285,0.14285714285714285,0.06620262170651504
prior3_bp_ge_5&range_ge_15,prior3_bp_ge_5,range_ge_15,3,1,3,21,-0.002852621719562465,-1.3583912950297452,0.14285714285714285,0.14285714285714285,0.06620262170651504
prior5_bp_ge_5&close_loc_ge_0.75,prior5_bp_ge_5,close_loc_ge_0.75,2,2,3,51,-0.0028544025772554438,-0.5596867798540086,0.49019607843137253,0.49019607843137253,0.023888669393212193
prior5_bp_ge_10&rvol3_prior3_pos,prior5_bp_ge_10,rvol3_prior3_pos,5,5,1,32,-0.0028575099067975618,-0.8929718458742381,0.3125,0.40625,0.044981416735710565
rvol_ge_3&prior5_bp_ge_10,rvol_ge_3,prior5_bp_ge_10,5,5,1,32,-0.0028575099067975618,-0.8929718458742381,0.3125,0.40625,0.044981416735710565
rvol_ge_3&close_loc_ge_0.75,rvol_ge_3,close_loc_ge_0.75,3,1,3,33,-0.002857861834164699,-0.8660187376256663,0.24242424242424243,0.24242424242424243,0.04034703471659504
range_ge_10&close_loc_ge_0.9,range_ge_10,close_loc_ge_0.9,5,3,3,28,-0.002858174640775979,-1.0207766574199926,0.32142857142857145,0.32142857142857145,0.04315822662083393
prior3_bp_ge_10&prior5_bp_ge_5,prior3_bp_ge_10,prior5_bp_ge_5,1,2,1,46,-0.0028622186037869923,-0.6222214356058678,0.5869565217391305,0.5869565217391305,0.03833106751753129
green_ge_10&prior3_bp_ge_0,green_ge_10,prior3_bp_ge_0,3,3,3,28,-0.0028727435666741075,-1.0259798452407527,0.42857142857142855,0.42857142857142855,0.041852270144068074
green_ge_7.5&prior3_bp_ge_0,green_ge_7.5,prior3_bp_ge_0,5,5,3,50,-0.0028787104259671015,-0.5757420851934203,0.44,0.48,0.025388189741132546
rvol_ge_3&close_loc_ge_0.75,rvol_ge_3,close_loc_ge_0.75,3,1,1,33,-0.002879224917650025,-0.8724923992878864,0.21212121212121213,0.24242424242424243,0.04183857476425494
prior5_bp_ge_5&close_loc_ge_0.9,prior5_bp_ge_5,close_loc_ge_0.9,1,2,3,32,-0.002881635078907485,-0.9005109621585892,0.53125,0.53125,0.049210185837096035
prior5_bp_ge_5&prior5_bp_ge_10,prior5_bp_ge_5,prior5_bp_ge_10,1,5,1,55,-0.002886048992809087,-0.5247361805107431,0.7272727272727273,0.7272727272727273,0.05774509359011318
prior5_bp_ge_0&prior5_bp_ge_10,prior5_bp_ge_0,prior5_bp_ge_10,1,5,1,55,-0.002886048992809087,-0.5247361805107431,0.7272727272727273,0.7272727272727273,0.05774509359011318
prior3_bp_ge_10&close_loc_ge_0.75,prior3_bp_ge_10,close_loc_ge_0.75,3,3,3,35,-0.002886692069523078,-0.8247691627208795,0.45714285714285713,0.45714285714285713,0.0355626832311055
rvol_ge_4&prior3_bp_ge_5,rvol_ge_4,prior3_bp_ge_5,3,3,3,29,-0.0028867587236854897,-0.9954340426501688,0.41379310344827586,0.41379310344827586,0.04204108620391968
rvol_ge_4&prior3_bp_ge_0,rvol_ge_4,prior3_bp_ge_0,3,3,3,29,-0.0028867587236854897,-0.9954340426501688,0.41379310344827586,0.41379310344827586,0.04204108620391968
rvol_ge_4&rvol3_prior3_pos,rvol_ge_4,rvol3_prior3_pos,3,3,3,29,-0.0028867587236854897,-0.9954340426501688,0.41379310344827586,0.41379310344827586,0.04204108620391968
range_ge_10&range_ge_15,range_ge_10,range_ge_15,1,1,3,26,-0.002887588985110101,-1.1106111481192695,0.3076923076923077,0.3076923076923077,0.053536130975637766
range_ge_10&range_ge_15,range_ge_10,range_ge_15,1,1,1,26,-0.002887588985110101,-1.1106111481192695,0.3076923076923077,0.3076923076923077,0.053536130975637766
close_loc_ge_0.75&rvol3_prior3_pos,close_loc_ge_0.75,rvol3_prior3_pos,3,5,3,27,-0.0028888475306526606,-1.0699435298713558,0.48148148148148145,0.5185185185185185,0.057279014864761356
prior3_bp_ge_0&prior5_bp_ge_0,prior3_bp_ge_0,prior5_bp_ge_0,2,5,3,72,-0.0028889501564310915,-0.401243077282096,0.6805555555555556,0.6944444444444444,0.02825447282462138
green_ge_10&prior5_bp_ge_0,green_ge_10,prior5_bp_ge_0,3,3,3,28,-0.002892563187053443,-1.0330582810905153,0.42857142857142855,0.42857142857142855,0.04177169383742489
green_ge_7.5&prior3_bp_ge_10,green_ge_7.5,prior3_bp_ge_10,3,2,1,36,-0.0029105936080469075,-0.8084982244574743,0.3611111111111111,0.3611111111111111,0.030091664851304118
prior3_bp_ge_5&close_loc_ge_0.75,prior3_bp_ge_5,close_loc_ge_0.75,3,5,1,54,-0.002919871826759124,-0.5407170049553933,0.48148148148148145,0.5370370370370371,0.03342368320175998
prior3_bp_ge_10&prior5_bp_ge_0,prior3_bp_ge_10,prior5_bp_ge_0,5,5,1,47,-0.0029204348926994417,-0.6213691261062643,0.3617021276595745,0.425531914893617,0.030674297502962505
range_ge_10&rvol3_prior3_pos,range_ge_10,rvol3_prior3_pos,1,5,1,30,-0.002924682081060892,-0.9748940270202974,0.6666666666666666,0.6666666666666666,0.08799553356444774
prior5_bp_ge_5&close_loc_ge_0.9,prior5_bp_ge_5,close_loc_ge_0.9,3,2,1,32,-0.0029274029092205556,-0.9148134091314236,0.34375,0.34375,0.03273521618685279
green_ge_7.5&prior3_bp_ge_0,green_ge_7.5,prior3_bp_ge_0,1,5,3,50,-0.0029312427307457423,-0.5862485461491485,0.76,0.76,0.05925525467691742
prior5_bp_ge_10&range_ge_15,prior5_bp_ge_10,range_ge_15,2,1,3,20,-0.002933109358750241,-1.4665546793751205,0.15,0.15,0.058894829931980655
prior5_bp_ge_10&range_ge_15,prior5_bp_ge_10,range_ge_15,2,1,1,20,-0.002933109358750241,-1.4665546793751205,0.15,0.15,0.058894829931980655
prior3_bp_ge_10&range_ge_10,prior3_bp_ge_10,range_ge_10,2,3,1,37,-0.0029355961269105224,-0.7934043586244656,0.5135135135135135,0.5135135135135135,0.03985520553461752
prior5_bp_ge_0&range_ge_15,prior5_bp_ge_0,range_ge_15,2,1,3,22,-0.0029362868698852296,-1.3346758499478315,0.18181818181818182,0.18181818181818182,0.05340468206666623
prior5_bp_ge_0&range_ge_15,prior5_bp_ge_0,range_ge_15,2,1,1,22,-0.0029362868698852296,-1.3346758499478315,0.18181818181818182,0.18181818181818182,0.05340468206666623
prior3_bp_ge_0&range_ge_15,prior3_bp_ge_0,range_ge_15,2,1,1,22,-0.0029365556133924553,-1.3347980060874796,0.18181818181818182,0.18181818181818182,0.05340156178295468
prior3_bp_ge_0&range_ge_15,prior3_bp_ge_0,range_ge_15,2,1,3,22,-0.0029365556133924553,-1.3347980060874796,0.18181818181818182,0.18181818181818182,0.05340156178295468
green_ge_7.5&close_loc_ge_0.9,green_ge_7.5,close_loc_ge_0.9,5,2,1,28,-0.0029440470749674263,-1.051445383916938,0.25,0.25,0.05134883232498953
green_ge_7.5&close_loc_ge_0.9,green_ge_7.5,close_loc_ge_0.9,5,2,3,28,-0.0029440470749674263,-1.051445383916938,0.25,0.25,0.05134883232498953
rvol_ge_4&prior5_bp_ge_10,rvol_ge_4,prior5_bp_ge_10,2,1,3,22,-0.0029462580741953515,-1.3392082155433416,0.18181818181818182,0.18181818181818182,0.04851782863176467
rvol_ge_4&prior5_bp_ge_10,rvol_ge_4,prior5_bp_ge_10,2,1,1,22,-0.0029462580741953515,-1.3392082155433416,0.18181818181818182,0.18181818181818182,0.04851782863176467
close_loc_ge_0.75&close_loc_ge_0.9,close_loc_ge_0.75,close_loc_ge_0.9,1,2,3,43,-0.0029463050519378253,-0.6851872213808896,0.5813953488372093,0.5813953488372093,0.039764056572247894
green_ge_7.5&prior5_bp_ge_10,green_ge_7.5,prior5_bp_ge_10,1,2,3,39,-0.0029498041862502378,-0.7563600477564713,0.5641025641025641,0.5641025641025641,0.043201028303674185
green_ge_7.5&prior5_bp_ge_10,green_ge_7.5,prior5_bp_ge_10,1,2,1,39,-0.0029498041862502378,-0.7563600477564713,0.5641025641025641,0.5641025641025641,0.043201028303674185
green_ge_7.5&rvol3_prior3_pos,green_ge_7.5,rvol3_prior3_pos,3,5,3,27,-0.0029538465707644734,-1.0940172484312864,0.48148148148148145,0.5185185185185185,0.05710056753203437
prior5_bp_ge_0&close_loc_ge_0.9,prior5_bp_ge_0,close_loc_ge_0.9,1,2,1,33,-0.0029677470228134384,-0.8993172796404358,0.5151515151515151,0.5151515151515151,0.0483574638859513
green_ge_10&prior5_bp_ge_0,green_ge_10,prior5_bp_ge_0,1,1,1,28,-0.002968215501100935,-1.0600769646789052,0.32142857142857145,0.32142857142857145,0.04555921242549619
green_ge_10&prior5_bp_ge_0,green_ge_10,prior5_bp_ge_0,1,1,3,28,-0.002968215501100935,-1.0600769646789052,0.32142857142857145,0.32142857142857145,0.04555921242549619
green_ge_10&prior3_bp_ge_0,green_ge_10,prior3_bp_ge_0,1,1,3,28,-0.0029684842446081605,-1.0601729445029144,0.32142857142857145,0.32142857142857145,0.04555671136432141
green_ge_10&prior3_bp_ge_0,green_ge_10,prior3_bp_ge_0,1,1,1,28,-0.0029684842446081605,-1.0601729445029144,0.32142857142857145,0.32142857142857145,0.04555671136432141
rvol_ge_4&prior3_bp_ge_5,rvol_ge_4,prior3_bp_ge_5,2,3,1,29,-0.002971545188451663,-1.0246707546385045,0.4827586206896552,0.4827586206896552,0.049183024778548905
rvol_ge_4&rvol3_prior3_pos,rvol_ge_4,rvol3_prior3_pos,2,3,1,29,-0.002971545188451663,-1.0246707546385045,0.4827586206896552,0.4827586206896552,0.049183024778548905
rvol_ge_4&prior3_bp_ge_0,rvol_ge_4,prior3_bp_ge_0,2,3,1,29,-0.002971545188451663,-1.0246707546385045,0.4827586206896552,0.4827586206896552,0.049183024778548905
prior3_bp_ge_5&close_loc_ge_0.75,prior3_bp_ge_5,close_loc_ge_0.75,2,3,3,54,-0.002971882798190939,-0.5503486663316554,0.5740740740740741,0.5740740740740741,0.027182996068416867
prior5_bp_ge_5&close_loc_ge_0.75,prior5_bp_ge_5,close_loc_ge_0.75,2,3,3,51,-0.0029765418178254732,-0.5836356505540143,0.5686274509803921,0.5686274509803921,0.028662038999366216
green_ge_7.5&rvol_ge_3,green_ge_7.5,rvol_ge_3,5,5,3,30,-0.0029799362591531597,-0.9933120863843865,0.36666666666666664,0.43333333333333335,0.042310084938094725
prior3_bp_ge_10&prior5_bp_ge_0,prior3_bp_ge_10,prior5_bp_ge_0,2,3,1,47,-0.002986940994189613,-0.6355193604658751,0.5319148936170213,0.5319148936170213,0.03210855077987849
prior5_bp_ge_10&rvol3_prior3_pos,prior5_bp_ge_10,rvol3_prior3_pos,1,5,3,32,-0.002989703280461109,-0.9342822751440966,0.71875,0.71875,0.07893441929274517
rvol_ge_3&prior5_bp_ge_10,rvol_ge_3,prior5_bp_ge_10,1,5,3,32,-0.002989703280461109,-0.9342822751440966,0.71875,0.71875,0.07893441929274517
rvol_ge_4&prior5_bp_ge_10,rvol_ge_4,prior5_bp_ge_10,3,3,1,22,-0.0029924597448008905,-1.3602089749094957,0.36363636363636365,0.36363636363636365,0.05422755598061699
prior3_bp_ge_0&prior5_bp_ge_5,prior3_bp_ge_0,prior5_bp_ge_5,1,5,3,69,-0.002994218527930914,-0.43394471419288616,0.782608695652174,0.782608695652174,0.045122334316854966
green_ge_7.5&range_ge_15,green_ge_7.5,range_ge_15,5,3,1,23,-0.003000240234602325,-1.3044522759140544,0.30434782608695654,0.30434782608695654,0.05091668402745054
green_ge_7.5&range_ge_15,green_ge_7.5,range_ge_15,5,3,3,23,-0.003000240234602325,-1.3044522759140544,0.30434782608695654,0.30434782608695654,0.05091668402745054
prior3_bp_ge_5&prior3_bp_ge_10,prior3_bp_ge_5,prior3_bp_ge_10,2,3,3,48,-0.0030037778729673503,-0.6257870568681979,0.5625,0.5625,0.03023091884426559
prior3_bp_ge_0&prior3_bp_ge_10,prior3_bp_ge_0,prior3_bp_ge_10,2,3,3,48,-0.0030037778729673503,-0.6257870568681979,0.5625,0.5625,0.03023091884426559
rvol_ge_4&range_ge_10,rvol_ge_4,range_ge_10,3,3,3,24,-0.00300468514915464,-1.2519521454811,0.375,0.375,0.05065991703867538
rvol_ge_4&prior5_bp_ge_5,rvol_ge_4,prior5_bp_ge_5,5,3,3,27,-0.0030050565299689636,-1.112983899988505,0.2962962962962963,0.2962962962962963,0.046234678783686645
prior3_bp_ge_10&prior5_bp_ge_10,prior3_bp_ge_10,prior5_bp_ge_10,3,2,1,43,-0.00300543520287333,-0.6989384192728675,0.37209302325581395,0.37209302325581395,0.025525700480470565
rvol_ge_3&close_loc_ge_0.75,rvol_ge_3,close_loc_ge_0.75,5,1,3,33,-0.003006379926692726,-0.911024220209917,0.15151515151515152,0.18181818181818182,0.06072214955791971
prior5_bp_ge_10&range_ge_10,prior5_bp_ge_10,range_ge_10,5,2,1,39,-0.003008217227979615,-0.7713377507640038,0.28205128205128205,0.28205128205128205,0.03628341072788701
prior5_bp_ge_10&range_ge_10,prior5_bp_ge_10,range_ge_10,5,2,3,39,-0.003008217227979615,-0.7713377507640038,0.28205128205128205,0.28205128205128205,0.03628341072788701
green_ge_7.5&close_loc_ge_0.9,green_ge_7.5,close_loc_ge_0.9,5,1,1,28,-0.003027119398192557,-1.081114070783056,0.14285714285714285,0.14285714285714285,0.07275151041107543
green_ge_7.5&close_loc_ge_0.9,green_ge_7.5,close_loc_ge_0.9,5,1,3,28,-0.003027119398192557,-1.081114070783056,0.14285714285714285,0.14285714285714285,0.07275151041107543
range_ge_10&close_loc_ge_0.9,range_ge_10,close_loc_ge_0.9,1,1,1,28,-0.0030362094920054483,-1.0843605328590886,0.32142857142857145,0.32142857142857145,0.049052263877223265
range_ge_10&close_loc_ge_0.9,range_ge_10,close_loc_ge_0.9,1,1,3,28,-0.0030362094920054483,-1.0843605328590886,0.32142857142857145,0.32142857142857145,0.049052263877223265
green_ge_7.5&close_loc_ge_0.9,green_ge_7.5,close_loc_ge_0.9,1,1,1,28,-0.0030381563941174194,-1.0850558550419356,0.32142857142857145,0.32142857142857145,0.04881172868533422
green_ge_7.5&close_loc_ge_0.9,green_ge_7.5,close_loc_ge_0.9,1,1,3,28,-0.0030381563941174194,-1.0850558550419356,0.32142857142857145,0.32142857142857145,0.04881172868533422
close_loc_ge_0.75&rvol3_prior3_pos,close_loc_ge_0.75,rvol3_prior3_pos,2,3,3,27,-0.0030393010358156225,-1.1256670503020825,0.48148148148148145,0.48148148148148145,0.05097063110590548
prior3_bp_ge_0&close_loc_ge_0.75,prior3_bp_ge_0,close_loc_ge_0.75,2,2,1,59,-0.00304121532858459,-0.5154602251838288,0.4915254237288136,0.4915254237288136,0.020922001647919578
prior3_bp_ge_5&close_loc_ge_0.75,prior3_bp_ge_5,close_loc_ge_0.75,2,3,1,54,-0.0030432142514190685,-0.5635581947072349,0.5555555555555556,0.5555555555555556,0.027768670975595936
rvol_ge_4&range_ge_10,rvol_ge_4,range_ge_10,5,3,3,24,-0.0030442472522724806,-1.2684363551135336,0.2916666666666667,0.2916666666666667,0.050830022308870626
prior3_bp_ge_10&close_loc_ge_0.75,prior3_bp_ge_10,close_loc_ge_0.75,3,1,1,35,-0.0030445534939735897,-0.8698724268495971,0.22857142857142856,0.22857142857142856,0.039465002172499535
green_ge_7.5&close_loc_ge_0.75,green_ge_7.5,close_loc_ge_0.75,2,3,3,42,-0.0030449106932409764,-0.7249787364859468,0.5476190476190477,0.5476190476190477,0.035230825341752176
rvol_ge_4&prior5_bp_ge_0,rvol_ge_4,prior5_bp_ge_0,3,3,1,28,-0.003046867662213293,-1.0881670222190332,0.35714285714285715,0.42857142857142855,0.045339583335052426
green_ge_7.5&rvol3_prior3_pos,green_ge_7.5,rvol3_prior3_pos,2,5,1,27,-0.0030480375232664336,-1.1289027863949754,0.5185185185185185,0.5185185185185185,0.0710012741029936
prior3_bp_ge_0&prior5_bp_ge_0,prior3_bp_ge_0,prior5_bp_ge_0,5,5,3,72,-0.003048505439737781,-0.42340353329691405,0.4305555555555556,0.5138888888888888,0.01816128152609208
close_loc_ge_0.75&rvol3_prior3_pos,close_loc_ge_0.75,rvol3_prior3_pos,5,3,1,27,-0.003050552235755233,-1.129834161390827,0.2222222222222222,0.37037037037037035,0.0525393102492177
rvol_ge_3&close_loc_ge_0.75,rvol_ge_3,close_loc_ge_0.75,2,3,3,33,-0.003051266748848258,-0.9246262875297753,0.5151515151515151,0.5151515151515151,0.04367648205438678
rvol_ge_3&rvol_ge_4,rvol_ge_3,rvol_ge_4,2,3,3,30,-0.0030546388533418956,-1.0182129511139653,0.5,0.5,0.046540341595921665
prior5_bp_ge_0&range_ge_15,prior5_bp_ge_0,range_ge_15,3,1,3,22,-0.0030557509740696265,-1.388977715486194,0.13636363636363635,0.13636363636363635,0.06346490455171344
prior5_bp_ge_0&range_ge_15,prior5_bp_ge_0,range_ge_15,3,1,1,22,-0.0030557509740696265,-1.388977715486194,0.13636363636363635,0.13636363636363635,0.06346490455171344
prior3_bp_ge_0&range_ge_15,prior3_bp_ge_0,range_ge_15,3,1,1,22,-0.003056019717576852,-1.389099871625842,0.13636363636363635,0.13636363636363635,0.06346143247936702
prior3_bp_ge_0&range_ge_15,prior3_bp_ge_0,range_ge_15,3,1,3,22,-0.003056019717576852,-1.389099871625842,0.13636363636363635,0.13636363636363635,0.06346143247936702
prior3_bp_ge_10&prior5_bp_ge_10,prior3_bp_ge_10,prior5_bp_ge_10,3,5,1,43,-0.0030587618674898787,-0.7113399691836927,0.5116279069767442,0.5116279069767442,0.03916364614237686
range_ge_10&close_loc_ge_0.75,range_ge_10,close_loc_ge_0.75,1,5,1,42,-0.003059521022744205,-0.7284573863676678,0.7142857142857143,0.7142857142857143,0.06644142485678774
green_ge_7.5&prior3_bp_ge_10,green_ge_7.5,prior3_bp_ge_10,5,2,1,36,-0.003063101651007427,-0.8508615697242854,0.25,0.2777777777777778,0.04113552981573307
prior5_bp_ge_0&range_ge_15,prior5_bp_ge_0,range_ge_15,3,2,3,22,-0.003063333273563784,-1.3924242152562656,0.2727272727272727,0.2727272727272727,0.04610918636463584
prior5_bp_ge_0&range_ge_15,prior5_bp_ge_0,range_ge_15,3,2,1,22,-0.003063333273563784,-1.3924242152562656,0.2727272727272727,0.2727272727272727,0.04610918636463584
prior3_bp_ge_0&range_ge_15,prior3_bp_ge_0,range_ge_15,3,2,1,22,-0.0030638707605784576,-1.3926685275356625,0.2727272727272727,0.2727272727272727,0.04610553302560059
prior3_bp_ge_0&range_ge_15,prior3_bp_ge_0,range_ge_15,3,2,3,22,-0.0030638707605784576,-1.3926685275356625,0.2727272727272727,0.2727272727272727,0.04610553302560059
prior3_bp_ge_5&range_ge_15,prior3_bp_ge_5,range_ge_15,5,3,1,21,-0.0030672780572784664,-1.4606085987040318,0.2857142857142857,0.2857142857142857,0.05606657729755719
prior3_bp_ge_5&range_ge_15,prior3_bp_ge_5,range_ge_15,5,3,3,21,-0.0030672780572784664,-1.4606085987040318,0.2857142857142857,0.2857142857142857,0.05606657729755719
green_ge_7.5&prior5_bp_ge_0,green_ge_7.5,prior5_bp_ge_0,1,5,1,49,-0.0030744412128821397,-0.6274369822208449,0.7346938775510204,0.7346938775510204,0.06118679526150553
green_ge_7.5&prior5_bp_ge_10,green_ge_7.5,prior5_bp_ge_10,3,5,3,39,-0.0030781937722345054,-0.789280454419104,0.5641025641025641,0.5897435897435898,0.039567183479657646
prior5_bp_ge_5&close_loc_ge_0.9,prior5_bp_ge_5,close_loc_ge_0.9,1,2,1,32,-0.0030835614880401208,-0.9636129650125378,0.5,0.5,0.04922486829748525
green_ge_10&prior5_bp_ge_5,green_ge_10,prior5_bp_ge_5,1,1,1,27,-0.003084280884600221,-1.1423262535556375,0.2962962962962963,0.2962962962962963,0.046665668481695156
green_ge_10&prior5_bp_ge_5,green_ge_10,prior5_bp_ge_5,1,1,3,27,-0.003084280884600221,-1.1423262535556375,0.2962962962962963,0.2962962962962963,0.046665668481695156
prior5_bp_ge_5&range_ge_15,prior5_bp_ge_5,range_ge_15,5,3,3,21,-0.0030878149331384774,-1.470388063399275,0.2857142857142857,0.2857142857142857,0.0559426007299528
prior5_bp_ge_5&range_ge_15,prior5_bp_ge_5,range_ge_15,5,3,1,21,-0.0030878149331384774,-1.470388063399275,0.2857142857142857,0.2857142857142857,0.0559426007299528
green_ge_7.5&range_ge_10,green_ge_7.5,range_ge_10,1,5,3,49,-0.0030914049757255757,-0.6308989746378727,0.7551020408163265,0.7551020408163265,0.06009591322164203
prior5_bp_ge_10&close_loc_ge_0.75,prior5_bp_ge_10,close_loc_ge_0.75,5,3,1,38,-0.003092662325150486,-0.8138585066185489,0.3157894736842105,0.34210526315789475,0.03306672684814364
rvol_ge_4&range_ge_10,rvol_ge_4,range_ge_10,2,3,3,24,-0.003095248267826145,-1.2896867782608936,0.4583333333333333,0.4583333333333333,0.05675918078804772
green_ge_7.5&prior3_bp_ge_0,green_ge_7.5,prior3_bp_ge_0,2,2,3,50,-0.003096143656003969,-0.6192287312007938,0.48,0.48,0.02511943980010197
green_ge_7.5&prior3_bp_ge_0,green_ge_7.5,prior3_bp_ge_0,2,2,1,50,-0.003096143656003969,-0.6192287312007938,0.48,0.48,0.02511943980010197
green_ge_10&range_ge_10,green_ge_10,range_ge_10,2,1,3,31,-0.003101492786372728,-1.0004815439912027,0.25806451612903225,0.25806451612903225,0.03476352753324262
green_ge_7.5&green_ge_10,green_ge_7.5,green_ge_10,2,1,3,31,-0.003101492786372728,-1.0004815439912027,0.25806451612903225,0.25806451612903225,0.03476352753324262
green_ge_10&range_ge_10,green_ge_10,range_ge_10,2,1,1,31,-0.003101492786372728,-1.0004815439912027,0.25806451612903225,0.25806451612903225,0.03476352753324262
green_ge_7.5&green_ge_10,green_ge_7.5,green_ge_10,2,1,1,31,-0.003101492786372728,-1.0004815439912027,0.25806451612903225,0.25806451612903225,0.03476352753324262
prior3_bp_ge_5&prior5_bp_ge_0,prior3_bp_ge_5,prior5_bp_ge_0,2,5,3,71,-0.0031018396474313814,-0.43687882358188473,0.676056338028169,0.6901408450704225,0.028513669325002097
prior3_bp_ge_5&prior5_bp_ge_5,prior3_bp_ge_5,prior5_bp_ge_5,1,5,3,68,-0.003110340068476547,-0.457402951246551,0.7794117647058824,0.7794117647058824,0.04548248406577582
prior5_bp_ge_10&close_loc_ge_0.75,prior5_bp_ge_10,close_loc_ge_0.75,3,2,3,38,-0.003110968251739732,-0.8186758557209821,0.3684210526315789,0.3684210526315789,0.027023657029035926
prior5_bp_ge_0&rvol3_prior3_pos,prior5_bp_ge_0,rvol3_prior3_pos,5,5,3,40,-0.003113646870184561,-0.7784117175461402,0.375,0.475,0.03220931796598437
prior5_bp_ge_0&close_loc_ge_0.75,prior5_bp_ge_0,close_loc_ge_0.75,3,5,1,55,-0.0031170282414184625,-0.5667324075306296,0.4727272727272727,0.5272727272727272,0.03306881398695185
green_ge_7.5&rvol_ge_3,green_ge_7.5,rvol_ge_3,2,2,3,30,-0.003118184541243796,-1.0393948470812653,0.4,0.4,0.04062106539713177
green_ge_7.5&rvol_ge_3,green_ge_7.5,rvol_ge_3,2,2,1,30,-0.003118184541243796,-1.0393948470812653,0.4,0.4,0.04062106539713177
prior5_bp_ge_5&range_ge_10,prior5_bp_ge_5,range_ge_10,1,5,3,49,-0.0031182102503460873,-0.6363694388461402,0.7551020408163265,0.7551020408163265,0.06042626959749685
green_ge_7.5&range_ge_15,green_ge_7.5,range_ge_15,2,1,3,23,-0.0031219871365001373,-1.3573857115217989,0.17391304347826086,0.17391304347826086,0.05133213684466306
green_ge_7.5&range_ge_15,green_ge_7.5,range_ge_15,2,1,1,23,-0.0031219871365001373,-1.3573857115217989,0.17391304347826086,0.17391304347826086,0.05133213684466306
rvol_ge_3&prior3_bp_ge_10,rvol_ge_3,prior3_bp_ge_10,5,1,1,29,-0.003127998800959708,-1.0786202761930028,0.13793103448275862,0.13793103448275862,0.07169721343686476
prior3_bp_ge_10&rvol3_prior3_pos,prior3_bp_ge_10,rvol3_prior3_pos,5,1,1,29,-0.003127998800959708,-1.0786202761930028,0.13793103448275862,0.13793103448275862,0.07169721343686476
prior5_bp_ge_10&range_ge_15,prior5_bp_ge_10,range_ge_15,3,5,1,20,-0.0031309096125344826,-1.5654548062672413,0.5,0.5,0.0709138796408413
prior5_bp_ge_10&range_ge_15,prior5_bp_ge_10,range_ge_15,3,5,3,20,-0.0031309096125344826,-1.5654548062672413,0.5,0.5,0.0709138796408413
prior5_bp_ge_5&close_loc_ge_0.9,prior5_bp_ge_5,close_loc_ge_0.9,3,2,3,32,-0.003131235342203942,-0.9785110444387318,0.34375,0.34375,0.0320620982192581
prior3_bp_ge_10&range_ge_10,prior3_bp_ge_10,range_ge_10,3,1,3,37,-0.003133772249975797,-0.8469654729664317,0.24324324324324326,0.24324324324324326,0.03591759068101223
prior3_bp_ge_10&range_ge_10,prior3_bp_ge_10,range_ge_10,3,1,1,37,-0.003133772249975797,-0.8469654729664317,0.24324324324324326,0.24324324324324326,0.03591759068101223
prior3_bp_ge_0&close_loc_ge_0.9,prior3_bp_ge_0,close_loc_ge_0.9,3,1,3,37,-0.0031366340870566667,-0.8477389424477477,0.24324324324324326,0.24324324324324326,0.0358577994881985
prior3_bp_ge_0&close_loc_ge_0.9,prior3_bp_ge_0,close_loc_ge_0.9,3,1,1,37,-0.0031366340870566667,-0.8477389424477477,0.24324324324324326,0.24324324324324326,0.0358577994881985
prior5_bp_ge_10&range_ge_10,prior5_bp_ge_10,range_ge_10,5,1,1,39,-0.0031428511634904455,-0.8058592726898579,0.1794871794871795,0.1794871794871795,0.05030589472433327
prior5_bp_ge_10&range_ge_10,prior5_bp_ge_10,range_ge_10,5,1,3,39,-0.0031428511634904455,-0.8058592726898579,0.1794871794871795,0.1794871794871795,0.05030589472433327
green_ge_7.5&prior3_bp_ge_10,green_ge_7.5,prior3_bp_ge_10,5,5,1,36,-0.003144690457630994,-0.8735251271197206,0.3611111111111111,0.4166666666666667,0.038322513044762516
close_loc_ge_0.75&rvol3_prior3_pos,close_loc_ge_0.75,rvol3_prior3_pos,2,5,3,27,-0.0031466209387153166,-1.1654151624871543,0.5555555555555556,0.5925925925925926,0.0662728265575445
green_ge_7.5&prior3_bp_ge_10,green_ge_7.5,prior3_bp_ge_10,3,2,3,36,-0.0031471536805992573,-0.874209355722016,0.3611111111111111,0.3611111111111111,0.02945458661312776
close_loc_ge_0.75&close_loc_ge_0.9,close_loc_ge_0.75,close_loc_ge_0.9,1,2,1,43,-0.003148231461070461,-0.7321468514117351,0.5581395348837209,0.5581395348837209,0.039773285208138484
prior5_bp_ge_5&range_ge_15,prior5_bp_ge_5,range_ge_15,2,1,1,21,-0.00314907340630044,-1.4995587649049713,0.14285714285714285,0.14285714285714285,0.05599526559114348
prior5_bp_ge_5&range_ge_15,prior5_bp_ge_5,range_ge_15,2,1,3,21,-0.00314907340630044,-1.4995587649049713,0.14285714285714285,0.14285714285714285,0.05599526559114348
prior5_bp_ge_5&range_ge_10,prior5_bp_ge_5,range_ge_10,5,1,3,49,-0.003152869714771911,-0.643442798933043,0.20408163265306123,0.20408163265306123,0.03877122516191232
green_ge_7.5&prior5_bp_ge_10,green_ge_7.5,prior5_bp_ge_10,5,2,1,39,-0.003155095118099749,-0.8089987482307048,0.2564102564102564,0.28205128205128205,0.03780486232060903
green_ge_7.5&prior5_bp_ge_10,green_ge_7.5,prior5_bp_ge_10,2,3,1,39,-0.0031554226197518798,-0.8090827230133025,0.5128205128205128,0.5128205128205128,0.037565006622177474
prior3_bp_ge_0&prior5_bp_ge_5,prior3_bp_ge_0,prior5_bp_ge_5,5,5,3,69,-0.003156276112302736,-0.45743132062358494,0.43478260869565216,0.5072463768115942,0.01884052800898334
prior5_bp_ge_5&close_loc_ge_0.75,prior5_bp_ge_5,close_loc_ge_0.75,2,2,1,51,-0.003158255395520504,-0.6192657638275497,0.47058823529411764,0.47058823529411764,0.024076608125133698
prior3_bp_ge_0&close_loc_ge_0.75,prior3_bp_ge_0,close_loc_ge_0.75,2,3,3,59,-0.003158296918673753,-0.5353045624870768,0.576271186440678,0.576271186440678,0.024894400317446594
prior3_bp_ge_0&prior3_bp_ge_5,prior3_bp_ge_0,prior3_bp_ge_5,1,5,3,74,-0.0031592520604940555,-0.4269259541208183,0.7837837837837838,0.7837837837837838,0.04213489464264253
prior5_bp_ge_10&close_loc_ge_0.75,prior5_bp_ge_10,close_loc_ge_0.75,3,1,1,38,-0.003160039605378029,-0.8315893698363235,0.23684210526315788,0.23684210526315788,0.036173111121278474
prior3_bp_ge_10&prior5_bp_ge_10,prior3_bp_ge_10,prior5_bp_ge_10,5,5,3,43,-0.0031603514866562765,-0.7349654620130875,0.4186046511627907,0.4883720930232558,0.029257097331401014
green_ge_10&range_ge_10,green_ge_10,range_ge_10,3,3,1,31,-0.0031654513139688367,-1.0211133270867214,0.41935483870967744,0.41935483870967744,0.03841136106580656
green_ge_7.5&green_ge_10,green_ge_7.5,green_ge_10,3,3,1,31,-0.0031654513139688367,-1.0211133270867214,0.41935483870967744,0.41935483870967744,0.03841136106580656
prior3_bp_ge_0&close_loc_ge_0.9,prior3_bp_ge_0,close_loc_ge_0.9,1,2,3,37,-0.0031714275303523776,-0.8571425757709129,0.5405405405405406,0.5405405405405406,0.042851101784047406
prior3_bp_ge_10&close_loc_ge_0.75,prior3_bp_ge_10,close_loc_ge_0.75,5,3,1,35,-0.0031759342277427605,-0.9074097793550744,0.2857142857142857,0.34285714285714286,0.037161648827261334
rvol_ge_4&prior5_bp_ge_0,rvol_ge_4,prior5_bp_ge_0,2,3,1,28,-0.003179484303878488,-1.1355301085280314,0.4642857142857143,0.4642857142857143,0.050371297447513196
prior3_bp_ge_10&close_loc_ge_0.75,prior3_bp_ge_10,close_loc_ge_0.75,3,1,3,35,-0.003182546869629155,-0.9092991056083299,0.22857142857142856,0.22857142857142856,0.03879573930035689
rvol_ge_4&prior5_bp_ge_10,rvol_ge_4,prior5_bp_ge_10,2,3,1,22,-0.0031835688098624804,-1.447076731755673,0.4090909090909091,0.4090909090909091,0.062175127810269994
rvol_ge_4&prior5_bp_ge_10,rvol_ge_4,prior5_bp_ge_10,5,3,3,22,-0.003184071188203408,-1.4473050855470035,0.2727272727272727,0.2727272727272727,0.05550312647088464
green_ge_7.5&range_ge_15,green_ge_7.5,range_ge_15,1,1,3,23,-0.003196681548072844,-1.389861542640367,0.21739130434782608,0.21739130434782608,0.05740331960856456
green_ge_7.5&range_ge_15,green_ge_7.5,range_ge_15,1,1,1,23,-0.003196681548072844,-1.389861542640367,0.21739130434782608,0.21739130434782608,0.05740331960856456
prior3_bp_ge_10&range_ge_10,prior3_bp_ge_10,range_ge_10,2,5,3,37,-0.0031982718042217195,-0.864397784924789,0.6216216216216216,0.6486486486486487,0.04925037290800541
prior3_bp_ge_5&prior5_bp_ge_10,prior3_bp_ge_5,prior5_bp_ge_10,5,5,3,54,-0.0031984139058437444,-0.5922988714525452,0.4444444444444444,0.5,0.02320376419318924
prior3_bp_ge_0&prior5_bp_ge_10,prior3_bp_ge_0,prior5_bp_ge_10,5,5,3,54,-0.0031984139058437444,-0.5922988714525452,0.4444444444444444,0.5,0.02320376419318924
rvol_ge_4&prior5_bp_ge_0,rvol_ge_4,prior5_bp_ge_0,3,3,3,28,-0.0031986673968259494,-1.1423812131521247,0.39285714285714285,0.39285714285714285,0.04335236711563838
prior3_bp_ge_10&prior5_bp_ge_5,prior3_bp_ge_10,prior5_bp_ge_5,2,3,1,46,-0.0031997275306048234,-0.6955929414358313,0.5217391304347826,0.5217391304347826,0.03262693533151812
prior3_bp_ge_10&close_loc_ge_0.75,prior3_bp_ge_10,close_loc_ge_0.75,1,1,1,35,-0.003201049239539122,-0.9145854970111778,0.37142857142857144,0.37142857142857144,0.03709763444332187
prior3_bp_ge_10&close_loc_ge_0.75,prior3_bp_ge_10,close_loc_ge_0.75,1,1,3,35,-0.003201049239539122,-0.9145854970111778,0.37142857142857144,0.37142857142857144,0.03709763444332187
green_ge_7.5&prior5_bp_ge_10,green_ge_7.5,prior5_bp_ge_10,3,2,1,39,-0.0032067437041048974,-0.8222419754115122,0.358974358974359,0.358974358974359,0.027783496030316983
prior3_bp_ge_10&prior5_bp_ge_0,prior3_bp_ge_10,prior5_bp_ge_0,2,3,3,47,-0.0032074148290021087,-0.6824286870217252,0.5531914893617021,0.5531914893617021,0.030669987527793666
rvol_ge_4&rvol3_prior3_pos,rvol_ge_4,rvol3_prior3_pos,5,3,3,29,-0.0032081263221618306,-1.1062504559178725,0.27586206896551724,0.3103448275862069,0.04380885417631447
rvol_ge_4&prior3_bp_ge_0,rvol_ge_4,prior3_bp_ge_0,5,3,3,29,-0.0032081263221618306,-1.1062504559178725,0.27586206896551724,0.3103448275862069,0.04380885417631447
rvol_ge_4&prior3_bp_ge_5,rvol_ge_4,prior3_bp_ge_5,5,3,3,29,-0.0032081263221618306,-1.1062504559178725,0.27586206896551724,0.3103448275862069,0.04380885417631447
range_ge_10&rvol3_prior3_pos,range_ge_10,rvol3_prior3_pos,1,1,3,30,-0.0032146562082430163,-1.0715520694143388,0.3333333333333333,0.3333333333333333,0.04936920909732634
range_ge_10&rvol3_prior3_pos,range_ge_10,rvol3_prior3_pos,1,1,1,30,-0.0032146562082430163,-1.0715520694143388,0.3333333333333333,0.3333333333333333,0.04936920909732634
rvol_ge_4&prior3_bp_ge_0,rvol_ge_4,prior3_bp_ge_0,5,3,1,29,-0.003215918714977728,-1.1089374879233544,0.2413793103448276,0.3793103448275862,0.04681385330133309
rvol_ge_4&rvol3_prior3_pos,rvol_ge_4,rvol3_prior3_pos,5,3,1,29,-0.003215918714977728,-1.1089374879233544,0.2413793103448276,0.3793103448275862,0.04681385330133309
rvol_ge_4&prior3_bp_ge_5,rvol_ge_4,prior3_bp_ge_5,5,3,1,29,-0.003215918714977728,-1.1089374879233544,0.2413793103448276,0.3793103448275862,0.04681385330133309
prior3_bp_ge_5&range_ge_10,prior3_bp_ge_5,range_ge_10,2,2,3,52,-0.0032174756871630183,-0.6187453244544266,0.4807692307692308,0.4807692307692308,0.024263075354210083
prior3_bp_ge_5&range_ge_10,prior3_bp_ge_5,range_ge_10,2,2,1,52,-0.0032174756871630183,-0.6187453244544266,0.4807692307692308,0.4807692307692308,0.024263075354210083
green_ge_7.5&prior3_bp_ge_5,green_ge_7.5,prior3_bp_ge_5,1,3,1,47,-0.0032214086184937374,-0.6854060890412207,0.6595744680851063,0.6595744680851063,0.04176414785199054
green_ge_7.5&prior3_bp_ge_5,green_ge_7.5,prior3_bp_ge_5,1,3,3,47,-0.0032214086184937374,-0.6854060890412207,0.6595744680851063,0.6595744680851063,0.04176414785199054
green_ge_7.5&rvol3_prior3_pos,green_ge_7.5,rvol3_prior3_pos,2,1,3,27,-0.0032230502398336025,-1.1937223110494823,0.2222222222222222,0.2222222222222222,0.045885621853885034
green_ge_7.5&rvol3_prior3_pos,green_ge_7.5,rvol3_prior3_pos,2,1,1,27,-0.0032230502398336025,-1.1937223110494823,0.2222222222222222,0.2222222222222222,0.045885621853885034
rvol_ge_3&close_loc_ge_0.75,rvol_ge_3,close_loc_ge_0.75,2,5,1,33,-0.0032237113161904807,-0.9768822170274184,0.5454545454545454,0.5454545454545454,0.058280016820111843
prior3_bp_ge_10&rvol3_prior3_pos,prior3_bp_ge_10,rvol3_prior3_pos,3,2,1,29,-0.003228338058346991,-1.113220020119652,0.3103448275862069,0.3103448275862069,0.037458015249862586
rvol_ge_3&prior3_bp_ge_10,rvol_ge_3,prior3_bp_ge_10,3,2,1,29,-0.003228338058346991,-1.113220020119652,0.3103448275862069,0.3103448275862069,0.037458015249862586
green_ge_7.5&prior3_bp_ge_0,green_ge_7.5,prior3_bp_ge_0,2,5,1,50,-0.003229897510986457,-0.6459795021972913,0.62,0.62,0.04095085420000613
prior3_bp_ge_0&close_loc_ge_0.9,prior3_bp_ge_0,close_loc_ge_0.9,3,2,1,37,-0.0032351181180205746,-0.8743562481136687,0.35135135135135137,0.35135135135135137,0.028234262812138273
rvol_ge_3&prior5_bp_ge_0,rvol_ge_3,prior5_bp_ge_0,5,5,3,42,-0.0032354607806192037,-0.7703478049093342,0.38095238095238093,0.47619047619047616,0.03043961889077481
green_ge_7.5&rvol3_prior3_pos,green_ge_7.5,rvol3_prior3_pos,3,2,1,27,-0.0032387510713765,-1.1995374338431481,0.2962962962962963,0.2962962962962963,0.04030666538037444
green_ge_7.5&range_ge_15,green_ge_7.5,range_ge_15,3,1,1,23,-0.003241451240684534,-1.4093266263845803,0.13043478260869565,0.13043478260869565,0.061152993286961714
green_ge_7.5&range_ge_15,green_ge_7.5,range_ge_15,3,1,3,23,-0.003241451240684534,-1.4093266263845803,0.13043478260869565,0.13043478260869565,0.061152993286961714
green_ge_7.5&rvol3_prior3_pos,green_ge_7.5,rvol3_prior3_pos,3,5,1,27,-0.003244182058610323,-1.201548910596416,0.4074074074074074,0.4444444444444444,0.06251748501851456
prior5_bp_ge_0&close_loc_ge_0.75,prior5_bp_ge_0,close_loc_ge_0.75,2,3,1,55,-0.0032462798948477145,-0.5902327081541299,0.5454545454545454,0.5454545454545454,0.028134042125882875
close_loc_ge_0.75&close_loc_ge_0.9,close_loc_ge_0.75,close_loc_ge_0.9,2,1,3,43,-0.003247010323272348,-0.7551186798307786,0.32558139534883723,0.32558139534883723,0.02686421557631972
close_loc_ge_0.75&close_loc_ge_0.9,close_loc_ge_0.75,close_loc_ge_0.9,2,1,1,43,-0.003247010323272348,-0.7551186798307786,0.32558139534883723,0.32558139534883723,0.02686421557631972
green_ge_7.5&prior5_bp_ge_5,green_ge_7.5,prior5_bp_ge_5,2,5,1,46,-0.003253932933066639,-0.7073767245797041,0.6086956521739131,0.6086956521739131,0.0443964623000241
rvol_ge_4&prior3_bp_ge_0,rvol_ge_4,prior3_bp_ge_0,2,3,3,29,-0.0032633504764922883,-1.1252932677559615,0.4827586206896552,0.4827586206896552,0.04760700804377811
rvol_ge_4&prior3_bp_ge_5,rvol_ge_4,prior3_bp_ge_5,2,3,3,29,-0.0032633504764922883,-1.1252932677559615,0.4827586206896552,0.4827586206896552,0.04760700804377811
rvol_ge_4&rvol3_prior3_pos,rvol_ge_4,rvol3_prior3_pos,2,3,3,29,-0.0032633504764922883,-1.1252932677559615,0.4827586206896552,0.4827586206896552,0.04760700804377811
rvol_ge_3&close_loc_ge_0.75,rvol_ge_3,close_loc_ge_0.75,5,5,1,33,-0.0032644861360894284,-0.9892382230574025,0.2727272727272727,0.42424242424242425,0.0470988073126863
prior5_bp_ge_0&prior5_bp_ge_5,prior5_bp_ge_0,prior5_bp_ge_5,5,5,3,71,-0.003265247923180281,-0.45989407368736357,0.43661971830985913,0.5070422535211268,0.01825711410051209
rvol_ge_3&prior3_bp_ge_10,rvol_ge_3,prior3_bp_ge_10,5,1,3,29,-0.0032659921766152733,-1.1262041988328528,0.13793103448275862,0.13793103448275862,0.07035411359265464
prior3_bp_ge_10&rvol3_prior3_pos,prior3_bp_ge_10,rvol3_prior3_pos,5,1,3,29,-0.0032659921766152733,-1.1262041988328528,0.13793103448275862,0.13793103448275862,0.07035411359265464
prior5_bp_ge_0&range_ge_10,prior5_bp_ge_0,range_ge_10,1,2,3,52,-0.0032683630185944557,-0.628531349729703,0.5961538461538461,0.5961538461538461,0.033574485516481116
prior5_bp_ge_0&range_ge_10,prior5_bp_ge_0,range_ge_10,1,2,1,52,-0.0032683630185944557,-0.628531349729703,0.5961538461538461,0.5961538461538461,0.033574485516481116
prior3_bp_ge_0&range_ge_10,prior3_bp_ge_0,range_ge_10,1,5,3,54,-0.003269405980570128,-0.6054455519574311,0.7592592592592593,0.7592592592592593,0.0551104129793284
prior3_bp_ge_5&range_ge_10,prior3_bp_ge_5,range_ge_10,1,2,3,52,-0.003272328947627856,-0.6292940283899723,0.5961538461538461,0.5961538461538461,0.03354498739911033
prior3_bp_ge_5&range_ge_10,prior3_bp_ge_5,range_ge_10,1,2,1,52,-0.003272328947627856,-0.6292940283899723,0.5961538461538461,0.5961538461538461,0.03354498739911033
range_ge_10&rvol3_prior3_pos,range_ge_10,rvol3_prior3_pos,3,1,3,30,-0.0032742344353124953,-1.0914114784374984,0.2,0.2,0.04470802222200857
range_ge_10&rvol3_prior3_pos,range_ge_10,rvol3_prior3_pos,3,1,1,30,-0.0032742344353124953,-1.0914114784374984,0.2,0.2,0.04470802222200857
green_ge_7.5&prior5_bp_ge_5,green_ge_7.5,prior5_bp_ge_5,5,5,1,46,-0.0032793740128765902,-0.7129073941036066,0.3695652173913043,0.43478260869565216,0.031052759330687577
prior3_bp_ge_10&close_loc_ge_0.75,prior3_bp_ge_10,close_loc_ge_0.75,3,5,3,35,-0.0032832863839790116,-0.9380818239940033,0.5428571428571428,0.5714285714285714,0.04332947315188121
prior3_bp_ge_5&range_ge_10,prior3_bp_ge_5,range_ge_10,1,3,1,52,-0.0032834002193727896,-0.6314231191101519,0.6730769230769231,0.6730769230769231,0.040601424874610444
prior3_bp_ge_5&range_ge_10,prior3_bp_ge_5,range_ge_10,1,3,3,52,-0.0032834002193727896,-0.6314231191101519,0.6730769230769231,0.6730769230769231,0.040601424874610444
prior3_bp_ge_5&prior5_bp_ge_0,prior3_bp_ge_5,prior5_bp_ge_0,1,5,1,71,-0.0032842344023171766,-0.46256822567847555,0.7323943661971831,0.7323943661971831,0.04550815028889652
rvol_ge_4&prior5_bp_ge_10,rvol_ge_4,prior5_bp_ge_10,3,3,3,22,-0.0032842650328415157,-1.492847742200689,0.36363636363636365,0.36363636363636365,0.052302913831569944
prior3_bp_ge_10&rvol3_prior3_pos,prior3_bp_ge_10,rvol3_prior3_pos,1,1,3,29,-0.0032855082570136807,-1.1329338817288555,0.3103448275862069,0.3103448275862069,0.050319051152809255
prior3_bp_ge_10&rvol3_prior3_pos,prior3_bp_ge_10,rvol3_prior3_pos,1,1,1,29,-0.0032855082570136807,-1.1329338817288555,0.3103448275862069,0.3103448275862069,0.050319051152809255
rvol_ge_3&prior3_bp_ge_10,rvol_ge_3,prior3_bp_ge_10,1,1,3,29,-0.0032855082570136807,-1.1329338817288555,0.3103448275862069,0.3103448275862069,0.050319051152809255
rvol_ge_3&prior3_bp_ge_10,rvol_ge_3,prior3_bp_ge_10,1,1,1,29,-0.0032855082570136807,-1.1329338817288555,0.3103448275862069,0.3103448275862069,0.050319051152809255
prior5_bp_ge_10&rvol3_prior3_pos,prior5_bp_ge_10,rvol3_prior3_pos,1,2,3,32,-0.003290210587447162,-1.0281908085772382,0.5,0.5,0.04897839652921339
prior5_bp_ge_10&rvol3_prior3_pos,prior5_bp_ge_10,rvol3_prior3_pos,1,2,1,32,-0.003290210587447162,-1.0281908085772382,0.5,0.5,0.04897839652921339
rvol_ge_3&prior5_bp_ge_10,rvol_ge_3,prior5_bp_ge_10,1,2,1,32,-0.003290210587447162,-1.0281908085772382,0.5,0.5,0.04897839652921339
rvol_ge_3&prior5_bp_ge_10,rvol_ge_3,prior5_bp_ge_10,1,2,3,32,-0.003290210587447162,-1.0281908085772382,0.5,0.5,0.04897839652921339
prior5_bp_ge_5&close_loc_ge_0.75,prior5_bp_ge_5,close_loc_ge_0.75,1,3,3,51,-0.003292450041146644,-0.6455784394405185,0.6666666666666666,0.6666666666666666,0.04058641117230348
prior3_bp_ge_0&prior3_bp_ge_5,prior3_bp_ge_0,prior3_bp_ge_5,2,5,3,74,-0.0032926579176708604,-0.4449537726582244,0.6756756756756757,0.6891891891891891,0.02731997459833003
green_ge_7.5&prior5_bp_ge_0,green_ge_7.5,prior5_bp_ge_0,2,2,1,49,-0.003295485630971484,-0.6725480879533642,0.46938775510204084,0.46938775510204084,0.025565364238342683
green_ge_7.5&prior5_bp_ge_0,green_ge_7.5,prior5_bp_ge_0,2,2,3,49,-0.003295485630971484,-0.6725480879533642,0.46938775510204084,0.46938775510204084,0.025565364238342683
prior5_bp_ge_10&close_loc_ge_0.75,prior5_bp_ge_10,close_loc_ge_0.75,3,1,3,38,-0.003298032981033594,-0.867903416061472,0.23684210526315788,0.23684210526315788,0.035610045565247744
prior5_bp_ge_0&range_ge_10,prior5_bp_ge_0,range_ge_10,1,3,1,52,-0.0033065750992669063,-0.6358798267820973,0.6730769230769231,0.6730769230769231,0.0405311221113228
prior5_bp_ge_0&range_ge_10,prior5_bp_ge_0,range_ge_10,1,3,3,52,-0.0033065750992669063,-0.6358798267820973,0.6730769230769231,0.6730769230769231,0.0405311221113228
prior3_bp_ge_0&range_ge_10,prior3_bp_ge_0,range_ge_10,2,2,1,54,-0.0033103346584726356,-0.6130249367541918,0.48148148148148145,0.48148148148148145,0.023366062479909463
prior3_bp_ge_0&range_ge_10,prior3_bp_ge_0,range_ge_10,2,2,3,54,-0.0033103346584726356,-0.6130249367541918,0.48148148148148145,0.48148148148148145,0.023366062479909463
range_ge_10&range_ge_15,range_ge_10,range_ge_15,5,3,1,26,-0.0033134811721792223,-1.274415835453547,0.3076923076923077,0.3076923076923077,0.045103982496947484
range_ge_10&range_ge_15,range_ge_10,range_ge_15,5,3,3,26,-0.0033134811721792223,-1.274415835453547,0.3076923076923077,0.3076923076923077,0.045103982496947484
prior3_bp_ge_5&prior5_bp_ge_0,prior3_bp_ge_5,prior5_bp_ge_0,5,5,3,71,-0.0033161868796447447,-0.4670685745978514,0.43661971830985913,0.5070422535211268,0.01829569669898877
prior5_bp_ge_5&rvol3_prior3_pos,prior5_bp_ge_5,rvol3_prior3_pos,5,5,3,39,-0.0033224545602649203,-0.8519114257089538,0.38461538461538464,0.46153846153846156,0.03255749451374726
prior3_bp_ge_10&prior5_bp_ge_5,prior3_bp_ge_10,prior5_bp_ge_5,3,2,1,46,-0.0033267812196268176,-0.7232133086145256,0.3695652173913043,0.3695652173913043,0.02380606571605485
prior3_bp_ge_10&rvol3_prior3_pos,prior3_bp_ge_10,rvol3_prior3_pos,2,2,3,29,-0.0033294545987210267,-1.1480877926624231,0.3793103448275862,0.3793103448275862,0.04160997327771036
rvol_ge_3&prior3_bp_ge_10,rvol_ge_3,prior3_bp_ge_10,2,2,3,29,-0.0033294545987210267,-1.1480877926624231,0.3793103448275862,0.3793103448275862,0.04160997327771036
prior3_bp_ge_10&rvol3_prior3_pos,prior3_bp_ge_10,rvol3_prior3_pos,2,2,1,29,-0.0033294545987210267,-1.1480877926624231,0.3793103448275862,0.3793103448275862,0.04160997327771036
rvol_ge_3&prior3_bp_ge_10,rvol_ge_3,prior3_bp_ge_10,2,2,1,29,-0.0033294545987210267,-1.1480877926624231,0.3793103448275862,0.3793103448275862,0.04160997327771036
prior3_bp_ge_10&close_loc_ge_0.75,prior3_bp_ge_10,close_loc_ge_0.75,5,2,1,35,-0.003332926058342345,-0.9522645880978128,0.22857142857142856,0.2571428571428571,0.043784754602964174
prior5_bp_ge_0&close_loc_ge_0.75,prior5_bp_ge_0,close_loc_ge_0.75,1,3,1,55,-0.003338567752297128,-0.6070123185994778,0.6545454545454545,0.6545454545454545,0.03874141450144922
range_ge_10&range_ge_15,range_ge_10,range_ge_15,2,1,1,26,-0.0033386036110617523,-1.2840783119468278,0.19230769230769232,0.19230769230769232,0.04532623455713124
range_ge_10&range_ge_15,range_ge_10,range_ge_15,2,1,3,26,-0.0033386036110617523,-1.2840783119468278,0.19230769230769232,0.19230769230769232,0.04532623455713124
prior3_bp_ge_10&prior5_bp_ge_0,prior3_bp_ge_10,prior5_bp_ge_0,5,5,3,47,-0.0033521289311814195,-0.7132189215279615,0.425531914893617,0.48936170212765956,0.02661349559957818
range_ge_10&range_ge_15,range_ge_10,range_ge_15,3,1,1,26,-0.003353711903671175,-1.2898891937196828,0.15384615384615385,0.15384615384615385,0.053643223837120606
range_ge_10&range_ge_15,range_ge_10,range_ge_15,3,1,3,26,-0.003353711903671175,-1.2898891937196828,0.15384615384615385,0.15384615384615385,0.053643223837120606
rvol_ge_4&prior5_bp_ge_5,rvol_ge_4,prior5_bp_ge_5,3,3,1,27,-0.0033557062361511125,-1.2428541615374493,0.3333333333333333,0.4074074074074074,0.0468528901684897
prior5_bp_ge_0&prior5_bp_ge_10,prior5_bp_ge_0,prior5_bp_ge_10,5,5,1,55,-0.003357177026395264,-0.6103958229809571,0.36363636363636365,0.41818181818181815,0.02666998237787049
prior5_bp_ge_5&prior5_bp_ge_10,prior5_bp_ge_5,prior5_bp_ge_10,5,5,1,55,-0.003357177026395264,-0.6103958229809571,0.36363636363636365,0.41818181818181815,0.02666998237787049
close_loc_ge_0.75&rvol3_prior3_pos,close_loc_ge_0.75,rvol3_prior3_pos,5,3,3,27,-0.003358029368143556,-1.2437145807939096,0.25925925925925924,0.2962962962962963,0.04737778953940712
prior3_bp_ge_10&prior5_bp_ge_10,prior3_bp_ge_10,prior5_bp_ge_10,5,2,1,43,-0.003368920022130184,-0.7834697725884149,0.2558139534883721,0.27906976744186046,0.03466904029949759
prior3_bp_ge_0&close_loc_ge_0.9,prior3_bp_ge_0,close_loc_ge_0.9,1,2,1,37,-0.003373353939485013,-0.9117172809418954,0.5135135135135135,0.5135135135135135,0.04286223437032356
prior5_bp_ge_10&range_ge_10,prior5_bp_ge_10,range_ge_10,5,5,1,39,-0.0033787053953145962,-0.8663347167473324,0.41025641025641024,0.4358974358974359,0.03298686486333571
rvol_ge_3&prior3_bp_ge_10,rvol_ge_3,prior3_bp_ge_10,5,2,1,29,-0.00339135327834994,-1.1694321649482553,0.20689655172413793,0.2413793103448276,0.052638340725363726
prior3_bp_ge_10&rvol3_prior3_pos,prior3_bp_ge_10,rvol3_prior3_pos,5,2,1,29,-0.00339135327834994,-1.1694321649482553,0.20689655172413793,0.2413793103448276,0.052638340725363726
rvol_ge_4&prior5_bp_ge_5,rvol_ge_4,prior5_bp_ge_5,2,3,1,27,-0.003391810823460628,-1.2562262309113437,0.4444444444444444,0.4444444444444444,0.05164538851609741
rvol_ge_3&prior5_bp_ge_10,rvol_ge_3,prior5_bp_ge_10,5,5,3,32,-0.0033922930025931386,-1.0600915633103558,0.375,0.46875,0.03852369674545582
prior5_bp_ge_10&rvol3_prior3_pos,prior5_bp_ge_10,rvol3_prior3_pos,5,5,3,32,-0.0033922930025931386,-1.0600915633103558,0.375,0.46875,0.03852369674545582
green_ge_7.5&range_ge_15,green_ge_7.5,range_ge_15,3,2,1,23,-0.0033968789206491046,-1.4769038785430888,0.2608695652173913,0.2608695652173913,0.046389012563092115
green_ge_7.5&range_ge_15,green_ge_7.5,range_ge_15,3,2,3,23,-0.0033968789206491046,-1.4769038785430888,0.2608695652173913,0.2608695652173913,0.046389012563092115
green_ge_10&range_ge_10,green_ge_10,range_ge_10,3,3,3,31,-0.0033979726790057674,-1.0961202190341186,0.41935483870967744,0.41935483870967744,0.037629795640868074
green_ge_7.5&green_ge_10,green_ge_7.5,green_ge_10,3,3,3,31,-0.0033979726790057674,-1.0961202190341186,0.41935483870967744,0.41935483870967744,0.037629795640868074
prior5_bp_ge_10&close_loc_ge_0.75,prior5_bp_ge_10,close_loc_ge_0.75,3,3,3,38,-0.003401941773032102,-0.8952478350084478,0.4473684210526316,0.4473684210526316,0.03266894328240641
rvol_ge_3&close_loc_ge_0.75,rvol_ge_3,close_loc_ge_0.75,3,3,1,33,-0.0034044533319954606,-1.0316525248471093,0.36363636363636365,0.42424242424242425,0.03985112492097895
green_ge_7.5&prior5_bp_ge_5,green_ge_7.5,prior5_bp_ge_5,1,5,1,46,-0.003407963605111086,-0.7408616532850187,0.717391304347826,0.717391304347826,0.06313385652069436
green_ge_7.5&prior5_bp_ge_5,green_ge_7.5,prior5_bp_ge_5,2,2,1,46,-0.0034173339284715443,-0.7428986801025096,0.45652173913043476,0.45652173913043476,0.027098595455333344
green_ge_7.5&prior5_bp_ge_5,green_ge_7.5,prior5_bp_ge_5,2,2,3,46,-0.0034173339284715443,-0.7428986801025096,0.45652173913043476,0.45652173913043476,0.027098595455333344
rvol_ge_3&close_loc_ge_0.75,rvol_ge_3,close_loc_ge_0.75,5,1,1,33,-0.003418516980310149,-1.0359142364576208,0.12121212121212122,0.18181818181818182,0.06604723589780614
prior3_bp_ge_10&prior5_bp_ge_5,prior3_bp_ge_10,prior5_bp_ge_5,2,3,3,46,-0.003420201365417319,-0.7435220359602868,0.5434782608695652,0.5434782608695652,0.031142620280474705
prior5_bp_ge_10&range_ge_10,prior5_bp_ge_10,range_ge_10,3,2,3,39,-0.0034225052100281816,-0.8775654384687644,0.358974358974359,0.358974358974359,0.027291259090400165
prior5_bp_ge_10&range_ge_10,prior5_bp_ge_10,range_ge_10,3,2,1,39,-0.0034225052100281816,-0.8775654384687644,0.358974358974359,0.358974358974359,0.027291259090400165
prior3_bp_ge_5&prior5_bp_ge_5,prior3_bp_ge_5,prior5_bp_ge_5,5,5,3,68,-0.0034239575522097,-0.5035231694426029,0.4411764705882353,0.5,0.01898522572873058
prior3_bp_ge_10&rvol3_prior3_pos,prior3_bp_ge_10,rvol3_prior3_pos,3,1,1,29,-0.003426563261448301,-1.1815735384304487,0.1724137931034483,0.1724137931034483,0.04839610510570727
rvol_ge_3&prior3_bp_ge_10,rvol_ge_3,prior3_bp_ge_10,3,1,1,29,-0.003426563261448301,-1.1815735384304487,0.1724137931034483,0.1724137931034483,0.04839610510570727
green_ge_7.5&rvol_ge_3,green_ge_7.5,rvol_ge_3,2,5,3,30,-0.0034367422770971157,-1.1455807590323719,0.5666666666666667,0.6,0.059631758755384956
green_ge_7.5&rvol3_prior3_pos,green_ge_7.5,rvol3_prior3_pos,5,1,1,27,-0.00343708910890006,-1.2729959662592816,0.1111111111111111,0.1111111111111111,0.07959088979052319
prior5_bp_ge_5&close_loc_ge_0.75,prior5_bp_ge_5,close_loc_ge_0.75,2,3,1,51,-0.003438169380981737,-0.6741508590160269,0.5294117647058824,0.5294117647058824,0.029384446364613882
prior3_bp_ge_0&close_loc_ge_0.9,prior3_bp_ge_0,close_loc_ge_0.9,3,2,3,37,-0.003438950551003961,-0.9294460948659354,0.35135135135135137,0.35135135135135137,0.02773210148488599
prior5_bp_ge_0&close_loc_ge_0.75,prior5_bp_ge_0,close_loc_ge_0.75,3,5,3,55,-0.0034431031146554547,-0.6260187481191736,0.5636363636363636,0.5818181818181818,0.028776295911927305
green_ge_7.5&prior5_bp_ge_10,green_ge_7.5,prior5_bp_ge_10,3,2,3,39,-0.003443303776657247,-0.8828984042710891,0.358974358974359,0.358974358974359,0.02723951975209025
prior3_bp_ge_10&prior5_bp_ge_10,prior3_bp_ge_10,prior5_bp_ge_10,3,2,3,43,-0.003445827708409066,-0.8013552810253642,0.37209302325581395,0.37209302325581395,0.024682635037923503
prior5_bp_ge_10&close_loc_ge_0.75,prior5_bp_ge_10,close_loc_ge_0.75,5,2,1,38,-0.0034467235901392,-0.9070325237208421,0.23684210526315788,0.2631578947368421,0.039963705762204024
prior3_bp_ge_0&close_loc_ge_0.75,prior3_bp_ge_0,close_loc_ge_0.75,1,5,1,59,-0.003448169560779535,-0.5844355187761924,0.6949152542372882,0.6949152542372882,0.05049340650637478
prior3_bp_ge_5&close_loc_ge_0.9,prior3_bp_ge_5,close_loc_ge_0.9,1,1,1,33,-0.003455000228805738,-1.046969766304769,0.3333333333333333,0.3333333333333333,0.038854358644726694
prior3_bp_ge_5&close_loc_ge_0.9,prior3_bp_ge_5,close_loc_ge_0.9,1,1,3,33,-0.003455000228805738,-1.046969766304769,0.3333333333333333,0.3333333333333333,0.038854358644726694
rvol_ge_3&range_ge_10,rvol_ge_3,range_ge_10,1,1,3,34,-0.0034555395257430677,-1.0163351546303139,0.35294117647058826,0.35294117647058826,0.04397449626026968
rvol_ge_3&range_ge_10,rvol_ge_3,range_ge_10,1,1,1,34,-0.0034555395257430677,-1.0163351546303139,0.35294117647058826,0.35294117647058826,0.04397449626026968
green_ge_7.5&prior5_bp_ge_0,green_ge_7.5,prior5_bp_ge_0,2,5,1,49,-0.0034573082491623497,-0.7055731120739489,0.6122448979591837,0.6122448979591837,0.04146527318540438
prior3_bp_ge_10&range_ge_10,prior3_bp_ge_10,range_ge_10,2,3,3,37,-0.0034599227799880783,-0.9351142648616427,0.5135135135135135,0.5135135135135135,0.03800817155790136
prior3_bp_ge_0&prior5_bp_ge_0,prior3_bp_ge_0,prior5_bp_ge_0,1,5,1,72,-0.003461641021245021,-0.4807834751729196,0.7222222222222222,0.7222222222222222,0.044959600516828076
range_ge_10&rvol3_prior3_pos,range_ge_10,rvol3_prior3_pos,2,1,3,30,-0.003462303776480047,-1.1541012588266824,0.23333333333333334,0.23333333333333334,0.041335040242537716
range_ge_10&rvol3_prior3_pos,range_ge_10,rvol3_prior3_pos,2,1,1,30,-0.003462303776480047,-1.1541012588266824,0.23333333333333334,0.23333333333333334,0.041335040242537716
prior3_bp_ge_0&range_ge_10,prior3_bp_ge_0,range_ge_10,1,2,3,54,-0.003462432021082429,-0.6411911150152646,0.5925925925925926,0.5925925925925926,0.03215696365292225
prior3_bp_ge_0&range_ge_10,prior3_bp_ge_0,range_ge_10,1,2,1,54,-0.003462432021082429,-0.6411911150152646,0.5925925925925926,0.5925925925925926,0.03215696365292225
prior3_bp_ge_10&rvol3_prior3_pos,prior3_bp_ge_10,rvol3_prior3_pos,3,2,3,29,-0.003464898130899341,-1.1947924589308072,0.3103448275862069,0.3103448275862069,0.03647593975578672
rvol_ge_3&prior3_bp_ge_10,rvol_ge_3,prior3_bp_ge_10,3,2,3,29,-0.003464898130899341,-1.1947924589308072,0.3103448275862069,0.3103448275862069,0.03647593975578672
rvol_ge_4&prior5_bp_ge_0,rvol_ge_4,prior5_bp_ge_0,2,3,3,28,-0.0034712895919191133,-1.2397462828282548,0.4642857142857143,0.4642857142857143,0.04871948575896035
green_ge_7.5&rvol3_prior3_pos,green_ge_7.5,rvol3_prior3_pos,3,2,3,27,-0.0034753111439288498,-1.2871522755292035,0.2962962962962963,0.2962962962962963,0.03917180083093412
rvol_ge_4&prior5_bp_ge_10,rvol_ge_4,prior5_bp_ge_10,2,3,3,22,-0.0034753740979031056,-1.5797154990468663,0.4090909090909091,0.4090909090909091,0.05965808794825019
prior3_bp_ge_0&range_ge_15,prior3_bp_ge_0,range_ge_15,5,3,3,22,-0.0034774720513220947,-1.5806691142373157,0.2727272727272727,0.2727272727272727,0.05369003492663976
prior3_bp_ge_0&range_ge_15,prior3_bp_ge_0,range_ge_15,5,3,1,22,-0.0034774720513220947,-1.5806691142373157,0.2727272727272727,0.2727272727272727,0.05369003492663976
prior3_bp_ge_10&rvol3_prior3_pos,prior3_bp_ge_10,rvol3_prior3_pos,5,5,1,29,-0.0034798012095802466,-1.1999314515793955,0.27586206896551724,0.3793103448275862,0.049987802486418424
rvol_ge_3&prior3_bp_ge_10,rvol_ge_3,prior3_bp_ge_10,5,5,1,29,-0.0034798012095802466,-1.1999314515793955,0.27586206896551724,0.3793103448275862,0.049987802486418424
prior5_bp_ge_10&close_loc_ge_0.75,prior5_bp_ge_10,close_loc_ge_0.75,5,1,1,38,-0.0034828589156122858,-0.91654181989797,0.15789473684210525,0.15789473684210525,0.053855333164373624
range_ge_10&rvol3_prior3_pos,range_ge_10,rvol3_prior3_pos,5,1,1,30,-0.003484356192607674,-1.161452064202558,0.13333333333333333,0.13333333333333333,0.06836063909627152
range_ge_10&rvol3_prior3_pos,range_ge_10,rvol3_prior3_pos,5,1,3,30,-0.003484356192607674,-1.161452064202558,0.13333333333333333,0.13333333333333333,0.06836063909627152
prior3_bp_ge_5&close_loc_ge_0.75,prior3_bp_ge_5,close_loc_ge_0.75,1,3,3,54,-0.0034851494142289496,-0.6453980396720278,0.6666666666666666,0.6666666666666666,0.03834076167809847
prior3_bp_ge_10&prior5_bp_ge_5,prior3_bp_ge_10,prior5_bp_ge_5,5,2,1,46,-0.0034869272154020026,-0.7580276555221744,0.2608695652173913,0.2826086956521739,0.032228834212379834
prior5_bp_ge_0&prior5_bp_ge_5,prior5_bp_ge_0,prior5_bp_ge_5,1,5,3,71,-0.0034929399246993453,-0.4919633696759641,0.7746478873239436,0.7746478873239436,0.04297550766847287
prior3_bp_ge_0&close_loc_ge_0.75,prior3_bp_ge_0,close_loc_ge_0.75,5,5,3,59,-0.003493216009201938,-0.5920705100342268,0.4067796610169492,0.4915254237288136,0.022042155900640386
prior5_bp_ge_0&range_ge_15,prior5_bp_ge_0,range_ge_15,5,3,1,22,-0.00349729167170143,-1.5896780325915592,0.2727272727272727,0.2727272727272727,0.05358029802935932
prior5_bp_ge_0&range_ge_15,prior5_bp_ge_0,range_ge_15,5,3,3,22,-0.00349729167170143,-1.5896780325915592,0.2727272727272727,0.2727272727272727,0.05358029802935932
green_ge_7.5&rvol3_prior3_pos,green_ge_7.5,rvol3_prior3_pos,1,1,1,27,-0.0034978313013726003,-1.2954930745824444,0.25925925925925924,0.25925925925925924,0.05234075620025543
green_ge_7.5&rvol3_prior3_pos,green_ge_7.5,rvol3_prior3_pos,1,1,3,27,-0.0034978313013726003,-1.2954930745824444,0.25925925925925924,0.25925925925925924,0.05234075620025543
green_ge_7.5&close_loc_ge_0.9,green_ge_7.5,close_loc_ge_0.9,5,3,1,28,-0.0034981058411139854,-1.2493235146835664,0.2857142857142857,0.32142857142857145,0.044373373867306734
prior3_bp_ge_0&close_loc_ge_0.75,prior3_bp_ge_0,close_loc_ge_0.75,5,5,1,59,-0.0034993492683410565,-0.593110045481535,0.3220338983050847,0.4406779661016949,0.026935282153880424
rvol_ge_4&prior5_bp_ge_5,rvol_ge_4,prior5_bp_ge_5,3,3,3,27,-0.003507505970763769,-1.2990762854680624,0.37037037037037035,0.37037037037037035,0.04473390470703715
prior3_bp_ge_5&range_ge_10,prior3_bp_ge_5,range_ge_10,1,5,1,52,-0.003512271674773304,-0.6754368605333277,0.7307692307692307,0.7307692307692307,0.05728671420986024
prior3_bp_ge_10&prior5_bp_ge_10,prior3_bp_ge_10,prior5_bp_ge_10,3,3,1,43,-0.0035229667143434895,-0.8192945847310441,0.4186046511627907,0.4186046511627907,0.029321632988552945
prior3_bp_ge_0&prior5_bp_ge_5,prior3_bp_ge_0,prior5_bp_ge_5,2,5,3,69,-0.003526389732010582,-0.5110709756537075,0.6666666666666666,0.6811594202898551,0.029045028819072085
prior3_bp_ge_5&close_loc_ge_0.9,prior3_bp_ge_5,close_loc_ge_0.9,5,3,1,33,-0.003527128063466778,-1.0688266858990236,0.2727272727272727,0.3333333333333333,0.04005337113139682
prior5_bp_ge_0&range_ge_10,prior5_bp_ge_0,range_ge_10,1,5,1,52,-0.00352785061981864,-0.6784328115035846,0.7307692307692307,0.7307692307692307,0.05723258271984365
green_ge_7.5&prior3_bp_ge_10,green_ge_7.5,prior3_bp_ge_10,5,2,3,36,-0.0035308435662633197,-0.9807898795175889,0.25,0.25,0.04059922197809343
prior3_bp_ge_0&prior5_bp_ge_10,prior3_bp_ge_0,prior5_bp_ge_10,1,3,3,54,-0.003534613848153456,-0.6545581200284178,0.6666666666666666,0.6666666666666666,0.03683440587726323
prior3_bp_ge_5&prior5_bp_ge_10,prior3_bp_ge_5,prior5_bp_ge_10,1,3,3,54,-0.003534613848153456,-0.6545581200284178,0.6666666666666666,0.6666666666666666,0.03683440587726323
green_ge_7.5&rvol3_prior3_pos,green_ge_7.5,rvol3_prior3_pos,3,1,1,27,-0.0035383487531781554,-1.3104995382141316,0.14814814814814814,0.14814814814814814,0.051795864226016015
prior5_bp_ge_5&range_ge_10,prior5_bp_ge_5,range_ge_10,5,1,1,49,-0.0035394838396437533,-0.7223436407436232,0.1836734693877551,0.20408163265306123,0.03992300370645444
prior5_bp_ge_10&range_ge_10,prior5_bp_ge_10,range_ge_10,3,1,3,39,-0.003542546815036296,-0.9083453371887938,0.23076923076923078,0.23076923076923078,0.034292790480303426
prior5_bp_ge_10&range_ge_10,prior5_bp_ge_10,range_ge_10,3,1,1,39,-0.003542546815036296,-0.9083453371887938,0.23076923076923078,0.23076923076923078,0.034292790480303426
rvol_ge_3&close_loc_ge_0.75,rvol_ge_3,close_loc_ge_0.75,2,5,3,33,-0.0035470373280322987,-1.0748597963734239,0.5757575757575758,0.6060606060606061,0.05433439691068219
green_ge_7.5&prior5_bp_ge_0,green_ge_7.5,prior5_bp_ge_0,1,3,3,49,-0.0035497796894137235,-0.7244448345742293,0.6530612244897959,0.6530612244897959,0.04130313000813785
green_ge_7.5&prior5_bp_ge_0,green_ge_7.5,prior5_bp_ge_0,1,3,1,49,-0.0035497796894137235,-0.7244448345742293,0.6530612244897959,0.6530612244897959,0.04130313000813785
prior3_bp_ge_5&close_loc_ge_0.9,prior3_bp_ge_5,close_loc_ge_0.9,5,3,3,33,-0.003556583560389348,-1.0777525940573782,0.30303030303030304,0.3333333333333333,0.03769199210532853
prior5_bp_ge_5&close_loc_ge_0.9,prior5_bp_ge_5,close_loc_ge_0.9,1,1,1,32,-0.003557125751434742,-1.111601797323357,0.3125,0.3125,0.03954738237624064
prior5_bp_ge_5&close_loc_ge_0.9,prior5_bp_ge_5,close_loc_ge_0.9,1,1,3,32,-0.003557125751434742,-1.111601797323357,0.3125,0.3125,0.03954738237624064
green_ge_7.5&close_loc_ge_0.75,green_ge_7.5,close_loc_ge_0.75,5,5,3,42,-0.0035640994883644472,-0.8485951162772494,0.40476190476190477,0.4523809523809524,0.030266278600893582
prior3_bp_ge_10&rvol3_prior3_pos,prior3_bp_ge_10,rvol3_prior3_pos,3,1,3,29,-0.003564556637103866,-1.2291574610702987,0.1724137931034483,0.1724137931034483,0.04739350033616882
rvol_ge_3&prior3_bp_ge_10,rvol_ge_3,prior3_bp_ge_10,3,1,3,29,-0.003564556637103866,-1.2291574610702987,0.1724137931034483,0.1724137931034483,0.04739350033616882
prior3_bp_ge_10&close_loc_ge_0.75,prior3_bp_ge_10,close_loc_ge_0.75,5,1,1,35,-0.003571529433173515,-1.0204369809067186,0.14285714285714285,0.14285714285714285,0.05961520299587623
green_ge_7.5&range_ge_10,green_ge_7.5,range_ge_10,1,3,1,49,-0.0035732608715435266,-0.7292369125599033,0.6530612244897959,0.6530612244897959,0.041415753771257204
green_ge_7.5&range_ge_10,green_ge_7.5,range_ge_10,1,3,3,49,-0.0035732608715435266,-0.7292369125599033,0.6530612244897959,0.6530612244897959,0.041415753771257204
green_ge_7.5&rvol3_prior3_pos,green_ge_7.5,rvol3_prior3_pos,5,1,3,27,-0.003575082484555625,-1.324104623909491,0.1111111111111111,0.1111111111111111,0.07793917264309232
prior3_bp_ge_0&range_ge_10,prior3_bp_ge_0,range_ge_10,1,3,3,54,-0.003576901290841983,-0.6623891279337005,0.6666666666666666,0.6666666666666666,0.038692172459943566
prior3_bp_ge_0&range_ge_10,prior3_bp_ge_0,range_ge_10,1,3,1,54,-0.003576901290841983,-0.6623891279337005,0.6666666666666666,0.6666666666666666,0.038692172459943566
green_ge_7.5&green_ge_10,green_ge_7.5,green_ge_10,1,1,3,31,-0.0035792438654278502,-1.1545947952993065,0.2903225806451613,0.2903225806451613,0.04050344277372476
green_ge_10&range_ge_10,green_ge_10,range_ge_10,1,1,3,31,-0.0035792438654278502,-1.1545947952993065,0.2903225806451613,0.2903225806451613,0.04050344277372476
green_ge_7.5&green_ge_10,green_ge_7.5,green_ge_10,1,1,1,31,-0.0035792438654278502,-1.1545947952993065,0.2903225806451613,0.2903225806451613,0.04050344277372476
green_ge_10&range_ge_10,green_ge_10,range_ge_10,1,1,1,31,-0.0035792438654278502,-1.1545947952993065,0.2903225806451613,0.2903225806451613,0.04050344277372476
green_ge_7.5&rvol3_prior3_pos,green_ge_7.5,rvol3_prior3_pos,5,2,1,27,-0.003599071107589946,-1.3329892991073875,0.18518518518518517,0.2222222222222222,0.05740968547145753
prior5_bp_ge_5&range_ge_10,prior5_bp_ge_5,range_ge_10,1,2,3,49,-0.003601885410823402,-0.7350786552700821,0.5714285714285714,0.5714285714285714,0.034757063018378054
prior5_bp_ge_5&range_ge_10,prior5_bp_ge_5,range_ge_10,1,2,1,49,-0.003601885410823402,-0.7350786552700821,0.5714285714285714,0.5714285714285714,0.034757063018378054
rvol_ge_3&range_ge_10,rvol_ge_3,range_ge_10,3,1,1,34,-0.0036096810524141043,-1.0616708977688543,0.20588235294117646,0.20588235294117646,0.03943832664792776
rvol_ge_3&range_ge_10,rvol_ge_3,range_ge_10,3,1,3,34,-0.0036096810524141043,-1.0616708977688543,0.20588235294117646,0.20588235294117646,0.03943832664792776
prior3_bp_ge_10&prior5_bp_ge_5,prior3_bp_ge_10,prior5_bp_ge_5,3,5,1,46,-0.0036117215945364878,-0.7851568683774973,0.5,0.5,0.03661225283829922
prior3_bp_ge_0&close_loc_ge_0.75,prior3_bp_ge_0,close_loc_ge_0.75,2,3,1,59,-0.003619924481830017,-0.6135465223440706,0.5423728813559322,0.5423728813559322,0.025437569155536646
prior5_bp_ge_10&close_loc_ge_0.75,prior5_bp_ge_10,close_loc_ge_0.75,5,1,3,38,-0.003620852291267851,-0.9528558661231186,0.15789473684210525,0.15789473684210525,0.05309587083470162
prior3_bp_ge_10&range_ge_10,prior3_bp_ge_10,range_ge_10,2,1,1,37,-0.003622768664786946,-0.9791266661586342,0.2702702702702703,0.2702702702702703,0.0338657289348107
prior3_bp_ge_10&range_ge_10,prior3_bp_ge_10,range_ge_10,2,1,3,37,-0.003622768664786946,-0.9791266661586342,0.2702702702702703,0.2702702702702703,0.0338657289348107
green_ge_7.5&prior5_bp_ge_10,green_ge_7.5,prior5_bp_ge_10,5,2,3,39,-0.0036228370333556414,-0.9289325726552927,0.2564102564102564,0.2564102564102564,0.037351407554795726
rvol_ge_3&prior5_bp_ge_0,rvol_ge_3,prior5_bp_ge_0,1,5,1,42,-0.0036293696513991502,-0.864135631285512,0.6666666666666666,0.6666666666666666,0.06471865021871523
prior3_bp_ge_5&prior5_bp_ge_5,prior3_bp_ge_5,prior5_bp_ge_5,1,5,1,68,-0.0036319287162698277,-0.5341071641573276,0.7205882352941176,0.7205882352941176,0.04662301381815224
rvol_ge_3&range_ge_10,rvol_ge_3,range_ge_10,5,1,1,34,-0.003631962348873974,-1.068224220257051,0.14705882352941177,0.14705882352941177,0.05936064007065558
rvol_ge_3&range_ge_10,rvol_ge_3,range_ge_10,5,1,3,34,-0.003631962348873974,-1.068224220257051,0.14705882352941177,0.14705882352941177,0.05936064007065558
rvol_ge_3&prior3_bp_ge_10,rvol_ge_3,prior3_bp_ge_10,2,1,3,29,-0.0036389038414543773,-1.2547944280877161,0.20689655172413793,0.20689655172413793,0.042720962273870025
rvol_ge_3&prior3_bp_ge_10,rvol_ge_3,prior3_bp_ge_10,2,1,1,29,-0.0036389038414543773,-1.2547944280877161,0.20689655172413793,0.20689655172413793,0.042720962273870025
prior3_bp_ge_10&rvol3_prior3_pos,prior3_bp_ge_10,rvol3_prior3_pos,2,1,1,29,-0.0036389038414543773,-1.2547944280877161,0.20689655172413793,0.20689655172413793,0.042720962273870025
prior3_bp_ge_10&rvol3_prior3_pos,prior3_bp_ge_10,rvol3_prior3_pos,2,1,3,29,-0.0036389038414543773,-1.2547944280877161,0.20689655172413793,0.20689655172413793,0.042720962273870025
prior3_bp_ge_10&prior5_bp_ge_0,prior3_bp_ge_10,prior5_bp_ge_0,3,2,1,47,-0.003639546477388733,-0.7743715909337731,0.3617021276595745,0.3617021276595745,0.02327940587561784
prior5_bp_ge_5&range_ge_10,prior5_bp_ge_5,range_ge_10,1,3,3,49,-0.003640097491495853,-0.7428770390807863,0.6530612244897959,0.6530612244897959,0.041835613792130584
prior5_bp_ge_5&range_ge_10,prior5_bp_ge_5,range_ge_10,1,3,1,49,-0.003640097491495853,-0.7428770390807863,0.6530612244897959,0.6530612244897959,0.041835613792130584
range_ge_10&rvol3_prior3_pos,range_ge_10,rvol3_prior3_pos,2,2,3,30,-0.003649743113828152,-1.2165810379427173,0.36666666666666664,0.36666666666666664,0.040191160819556704
range_ge_10&rvol3_prior3_pos,range_ge_10,rvol3_prior3_pos,2,2,1,30,-0.003649743113828152,-1.2165810379427173,0.36666666666666664,0.36666666666666664,0.040191160819556704
prior3_bp_ge_0&range_ge_10,prior3_bp_ge_0,range_ge_10,5,5,3,54,-0.0036585128718872317,-0.6775023836828207,0.4444444444444444,0.48148148148148145,0.02291291043901028
rvol_ge_3&prior5_bp_ge_0,rvol_ge_3,prior5_bp_ge_0,1,5,3,42,-0.0036593132205723355,-0.8712650525172227,0.7142857142857143,0.7142857142857143,0.061578316469702965
prior5_bp_ge_5&range_ge_10,prior5_bp_ge_5,range_ge_10,5,2,3,49,-0.0036630391788416983,-0.7475590160901425,0.2857142857142857,0.2857142857142857,0.02880534208139462
green_ge_7.5&prior3_bp_ge_0,green_ge_7.5,prior3_bp_ge_0,1,5,1,50,-0.0036744054924472414,-0.7348810984894483,0.72,0.72,0.05781824826757536
prior3_bp_ge_10&range_ge_10,prior3_bp_ge_10,range_ge_10,1,1,1,37,-0.0036758587462556447,-0.9934753368258499,0.35135135135135137,0.35135135135135137,0.040905256208284134
prior3_bp_ge_10&range_ge_10,prior3_bp_ge_10,range_ge_10,1,1,3,37,-0.0036758587462556447,-0.9934753368258499,0.35135135135135137,0.35135135135135137,0.040905256208284134
green_ge_7.5&rvol3_prior3_pos,green_ge_7.5,rvol3_prior3_pos,3,1,3,27,-0.0036763421288337206,-1.361608195864341,0.14814814814814814,0.14814814814814814,0.05063204421166018
green_ge_7.5&prior5_bp_ge_10,green_ge_7.5,prior5_bp_ge_10,2,3,3,39,-0.0036797492728294356,-0.9435254545716502,0.5128205128205128,0.5128205128205128,0.03591976455773287
prior3_bp_ge_0&prior3_bp_ge_5,prior3_bp_ge_0,prior3_bp_ge_5,1,5,1,74,-0.0036808407082873362,-0.4974109065253157,0.7297297297297297,0.7297297297297297,0.043111909735354066
rvol_ge_4&prior5_bp_ge_5,rvol_ge_4,prior5_bp_ge_5,2,3,3,27,-0.0036836161115012533,-1.3643022635189825,0.4444444444444444,0.4444444444444444,0.04991039731013993
prior3_bp_ge_5&close_loc_ge_0.75,prior3_bp_ge_5,close_loc_ge_0.75,1,3,1,54,-0.0036870758233615852,-0.6827918191410343,0.6481481481481481,0.6481481481481481,0.03834729487190784
prior5_bp_ge_0&close_loc_ge_0.75,prior5_bp_ge_0,close_loc_ge_0.75,1,2,3,55,-0.003687530774683312,-0.6704601408515113,0.5818181818181818,0.5818181818181818,0.02990468884193837
range_ge_10&range_ge_15,range_ge_10,range_ge_15,3,2,3,26,-0.003693244041348742,-1.4204784774418238,0.2692307692307692,0.2692307692307692,0.041065856279461264
range_ge_10&range_ge_15,range_ge_10,range_ge_15,3,2,1,26,-0.003693244041348742,-1.4204784774418238,0.2692307692307692,0.2692307692307692,0.041065856279461264
prior3_bp_ge_0&close_loc_ge_0.75,prior3_bp_ge_0,close_loc_ge_0.75,3,5,1,59,-0.003706854901101564,-0.6282804917121295,0.4745762711864407,0.5254237288135594,0.030281422726268513
prior3_bp_ge_10&close_loc_ge_0.75,prior3_bp_ge_10,close_loc_ge_0.75,5,1,3,35,-0.00370952280882908,-1.0598636596654514,0.14285714285714285,0.14285714285714285,0.05868600482920667
prior3_bp_ge_5&range_ge_15,prior3_bp_ge_5,range_ge_15,3,5,3,21,-0.0037206739128795574,-1.7717494823235986,0.47619047619047616,0.47619047619047616,0.06669828370255845
prior3_bp_ge_5&range_ge_15,prior3_bp_ge_5,range_ge_15,3,5,1,21,-0.0037206739128795574,-1.7717494823235986,0.47619047619047616,0.47619047619047616,0.06669828370255845
prior5_bp_ge_0&range_ge_10,prior5_bp_ge_0,range_ge_10,2,2,1,52,-0.0037223866178432985,-0.7158435803544805,0.46153846153846156,0.46153846153846156,0.024104858713961074
prior5_bp_ge_0&range_ge_10,prior5_bp_ge_0,range_ge_10,2,2,3,52,-0.0037223866178432985,-0.7158435803544805,0.46153846153846156,0.46153846153846156,0.024104858713961074
prior3_bp_ge_5&close_loc_ge_0.75,prior3_bp_ge_5,close_loc_ge_0.75,3,5,3,54,-0.0037330107603793516,-0.6912982889591393,0.5555555555555556,0.5740740740740741,0.029216349411011287
prior5_bp_ge_5&range_ge_15,prior5_bp_ge_5,range_ge_15,3,5,3,21,-0.00373342048525116,-1.7778192786910285,0.47619047619047616,0.47619047619047616,0.06661269830084854
prior5_bp_ge_5&range_ge_15,prior5_bp_ge_5,range_ge_15,3,5,1,21,-0.00373342048525116,-1.7778192786910285,0.47619047619047616,0.47619047619047616,0.06661269830084854
prior3_bp_ge_5&rvol3_prior3_pos,prior3_bp_ge_5,rvol3_prior3_pos,5,5,3,41,-0.003733442673973242,-0.9105957741398151,0.36585365853658536,0.4634146341463415,0.031218347764124844
prior3_bp_ge_0&rvol3_prior3_pos,prior3_bp_ge_0,rvol3_prior3_pos,5,5,3,41,-0.003733442673973242,-0.9105957741398151,0.36585365853658536,0.4634146341463415,0.031218347764124844
rvol_ge_3&rvol3_prior3_pos,rvol_ge_3,rvol3_prior3_pos,5,5,3,41,-0.003733442673973242,-0.9105957741398151,0.36585365853658536,0.4634146341463415,0.031218347764124844
rvol_ge_3&prior3_bp_ge_0,rvol_ge_3,prior3_bp_ge_0,5,5,3,41,-0.003733442673973242,-0.9105957741398151,0.36585365853658536,0.4634146341463415,0.031218347764124844
rvol_ge_3&prior3_bp_ge_5,rvol_ge_3,prior3_bp_ge_5,5,5,3,41,-0.003733442673973242,-0.9105957741398151,0.36585365853658536,0.4634146341463415,0.031218347764124844
prior3_bp_ge_5&prior5_bp_ge_0,prior3_bp_ge_5,prior5_bp_ge_0,2,5,1,71,-0.0037336984313769417,-0.5258730185037946,0.6197183098591549,0.6197183098591549,0.029905204448574908
prior3_bp_ge_10&prior5_bp_ge_10,prior3_bp_ge_10,prior5_bp_ge_10,3,1,1,43,-0.0037344075856844405,-0.8684668803917304,0.23255813953488372,0.23255813953488372,0.03183282728433734
rvol_ge_3&close_loc_ge_0.75,rvol_ge_3,close_loc_ge_0.75,5,2,3,33,-0.0037362946055981006,-1.132210486544879,0.21212121212121213,0.24242424242424243,0.045791458288153765
prior3_bp_ge_0&prior5_bp_ge_10,prior3_bp_ge_0,prior5_bp_ge_10,1,3,1,54,-0.0037365402572860917,-0.6919518994974243,0.6481481481481481,0.6481481481481481,0.03684074153451703
prior3_bp_ge_5&prior5_bp_ge_10,prior3_bp_ge_5,prior5_bp_ge_10,1,3,1,54,-0.0037365402572860917,-0.6919518994974243,0.6481481481481481,0.6481481481481481,0.03684074153451703
rvol_ge_3&range_ge_10,rvol_ge_3,range_ge_10,5,5,3,34,-0.003738533192460314,-1.0995685860177393,0.38235294117647056,0.4411764705882353,0.03563793303257556
prior3_bp_ge_5&prior5_bp_ge_5,prior3_bp_ge_5,prior5_bp_ge_5,2,5,3,68,-0.003739279223010872,-0.5498940033839517,0.6617647058823529,0.6764705882352942,0.02931900312007064
green_ge_7.5&prior5_bp_ge_10,green_ge_7.5,prior5_bp_ge_10,5,1,1,39,-0.003742421460264822,-0.9595952462217492,0.15384615384615385,0.15384615384615385,0.052462130061170904
rvol_ge_3&prior3_bp_ge_5,rvol_ge_3,prior3_bp_ge_5,1,5,1,41,-0.0037439675129562477,-0.9131628080381092,0.6585365853658537,0.6585365853658537,0.06549098934553577
rvol_ge_3&prior3_bp_ge_0,rvol_ge_3,prior3_bp_ge_0,1,5,1,41,-0.0037439675129562477,-0.9131628080381092,0.6585365853658537,0.6585365853658537,0.06549098934553577
rvol_ge_3&rvol3_prior3_pos,rvol_ge_3,rvol3_prior3_pos,1,5,1,41,-0.0037439675129562477,-0.9131628080381092,0.6585365853658537,0.6585365853658537,0.06549098934553577
prior3_bp_ge_0&rvol3_prior3_pos,prior3_bp_ge_0,rvol3_prior3_pos,1,5,1,41,-0.0037439675129562477,-0.9131628080381092,0.6585365853658537,0.6585365853658537,0.06549098934553577
prior3_bp_ge_5&rvol3_prior3_pos,prior3_bp_ge_5,rvol3_prior3_pos,1,5,1,41,-0.0037439675129562477,-0.9131628080381092,0.6585365853658537,0.6585365853658537,0.06549098934553577
rvol_ge_3&prior5_bp_ge_0,rvol_ge_3,prior5_bp_ge_0,1,3,3,42,-0.003744458637645165,-0.8915377708678964,0.6190476190476191,0.6190476190476191,0.04613904990194725
rvol_ge_3&prior5_bp_ge_0,rvol_ge_3,prior5_bp_ge_0,1,3,1,42,-0.003744458637645165,-0.8915377708678964,0.6190476190476191,0.6190476190476191,0.04613904990194725
green_ge_7.5&prior3_bp_ge_5,green_ge_7.5,prior3_bp_ge_5,1,2,3,47,-0.003744757379362862,-0.7967568892261407,0.5531914893617021,0.5531914893617021,0.0352355270857719
green_ge_7.5&prior3_bp_ge_5,green_ge_7.5,prior3_bp_ge_5,1,2,1,47,-0.003744757379362862,-0.7967568892261407,0.5531914893617021,0.5531914893617021,0.0352355270857719
green_ge_7.5&close_loc_ge_0.9,green_ge_7.5,close_loc_ge_0.9,5,3,3,28,-0.0037499781118638387,-1.3392778970942283,0.2857142857142857,0.2857142857142857,0.043556254946121996
rvol_ge_3&prior5_bp_ge_10,rvol_ge_3,prior5_bp_ge_10,5,1,1,32,-0.0037608282119173664,-1.175258816224177,0.125,0.125,0.06592555020892886
prior5_bp_ge_10&rvol3_prior3_pos,prior5_bp_ge_10,rvol3_prior3_pos,5,1,1,32,-0.0037608282119173664,-1.175258816224177,0.125,0.125,0.06592555020892886
green_ge_7.5&rvol3_prior3_pos,green_ge_7.5,rvol3_prior3_pos,2,3,1,27,-0.0037634819966690936,-1.393882220988553,0.4074074074074074,0.4074074074074074,0.05159062204105807
range_ge_10&rvol3_prior3_pos,range_ge_10,rvol3_prior3_pos,3,2,1,30,-0.003765987742190613,-1.255329247396871,0.3,0.3,0.03533839547035597
range_ge_10&rvol3_prior3_pos,range_ge_10,rvol3_prior3_pos,3,2,3,30,-0.003765987742190613,-1.255329247396871,0.3,0.3,0.03533839547035597
prior3_bp_ge_10&prior5_bp_ge_5,prior3_bp_ge_10,prior5_bp_ge_5,3,2,3,46,-0.0037671737251625537,-0.8189508098179465,0.3695652173913043,0.3695652173913043,0.023071131249432532
prior5_bp_ge_0&close_loc_ge_0.9,prior5_bp_ge_0,close_loc_ge_0.9,1,1,3,33,-0.003772928635214945,-1.1433117076408925,0.30303030303030304,0.30303030303030304,0.03810259095583792
prior5_bp_ge_0&close_loc_ge_0.9,prior5_bp_ge_0,close_loc_ge_0.9,1,1,1,33,-0.003772928635214945,-1.1433117076408925,0.30303030303030304,0.30303030303030304,0.03810259095583792
prior5_bp_ge_0&rvol3_prior3_pos,prior5_bp_ge_0,rvol3_prior3_pos,5,1,3,40,-0.0037737953608554253,-0.9434488402138563,0.15,0.175,0.05010857618480197
rvol_ge_3&rvol3_prior3_pos,rvol_ge_3,rvol3_prior3_pos,1,5,3,41,-0.003773911082129433,-0.9204661175925447,0.7073170731707317,0.7073170731707317,0.06227711719455224
rvol_ge_3&prior3_bp_ge_0,rvol_ge_3,prior3_bp_ge_0,1,5,3,41,-0.003773911082129433,-0.9204661175925447,0.7073170731707317,0.7073170731707317,0.06227711719455224
rvol_ge_3&prior3_bp_ge_5,rvol_ge_3,prior3_bp_ge_5,1,5,3,41,-0.003773911082129433,-0.9204661175925447,0.7073170731707317,0.7073170731707317,0.06227711719455224
prior3_bp_ge_0&rvol3_prior3_pos,prior3_bp_ge_0,rvol3_prior3_pos,1,5,3,41,-0.003773911082129433,-0.9204661175925447,0.7073170731707317,0.7073170731707317,0.06227711719455224
prior3_bp_ge_5&rvol3_prior3_pos,prior3_bp_ge_5,rvol3_prior3_pos,1,5,3,41,-0.003773911082129433,-0.9204661175925447,0.7073170731707317,0.7073170731707317,0.06227711719455224
prior3_bp_ge_10&prior5_bp_ge_5,prior3_bp_ge_10,prior5_bp_ge_5,5,1,1,46,-0.0037762554707234663,-0.8209251023311883,0.17391304347826086,0.17391304347826086,0.04335703167037313
prior5_bp_ge_0&range_ge_10,prior5_bp_ge_0,range_ge_10,5,2,3,52,-0.003777206512451947,-0.7263858677792207,0.28846153846153844,0.28846153846153844,0.027124257558282388
prior5_bp_ge_10&close_loc_ge_0.75,prior5_bp_ge_10,close_loc_ge_0.75,2,1,1,38,-0.0037777366787224986,-0.9941412312427629,0.2631578947368421,0.2631578947368421,0.028056727662284574
prior5_bp_ge_10&close_loc_ge_0.75,prior5_bp_ge_10,close_loc_ge_0.75,2,1,3,38,-0.0037777366787224986,-0.9941412312427629,0.2631578947368421,0.2631578947368421,0.028056727662284574
prior3_bp_ge_5&prior5_bp_ge_10,prior3_bp_ge_5,prior5_bp_ge_10,2,5,3,54,-0.003781994334882466,-0.7003693212745307,0.6481481481481481,0.6666666666666666,0.035954436995149885
prior3_bp_ge_0&prior5_bp_ge_10,prior3_bp_ge_0,prior5_bp_ge_10,2,5,3,54,-0.003781994334882466,-0.7003693212745307,0.6481481481481481,0.6666666666666666,0.035954436995149885
prior5_bp_ge_0&range_ge_10,prior5_bp_ge_0,range_ge_10,5,1,3,52,-0.003786358754761965,-0.7281459143773009,0.19230769230769232,0.19230769230769232,0.03702114858408258
prior5_bp_ge_5&close_loc_ge_0.75,prior5_bp_ge_5,close_loc_ge_0.75,1,3,1,51,-0.003787904609752757,-0.742726394069168,0.6274509803921569,0.6274509803921569,0.04036211581965718
prior3_bp_ge_5&range_ge_10,prior3_bp_ge_5,range_ge_10,5,2,3,52,-0.0037881530187139356,-0.7284909651372954,0.28846153846153844,0.28846153846153844,0.027108765765905048
prior5_bp_ge_0&close_loc_ge_0.9,prior5_bp_ge_0,close_loc_ge_0.9,5,3,3,33,-0.0037979945105693913,-1.1509074274452702,0.2727272727272727,0.3333333333333333,0.038363864722343786
prior3_bp_ge_10&prior5_bp_ge_0,prior3_bp_ge_10,prior5_bp_ge_0,5,2,1,47,-0.003799692473163918,-0.8084452070561527,0.2553191489361702,0.2765957446808511,0.031615466058761504
prior3_bp_ge_5&range_ge_10,prior3_bp_ge_5,range_ge_10,5,1,3,52,-0.0038014934375411036,-0.731056430296366,0.19230769230769232,0.19230769230769232,0.036981267813563555
prior3_bp_ge_5&close_loc_ge_0.75,prior3_bp_ge_5,close_loc_ge_0.75,1,2,3,54,-0.0038039629661430485,-0.7044375863227867,0.5740740740740741,0.5740740740740741,0.030237753991074628
prior3_bp_ge_10&range_ge_10,prior3_bp_ge_10,range_ge_10,2,5,1,37,-0.003807066496386735,-1.0289368909153338,0.5675675675675675,0.5675675675675675,0.05035115351977144
green_ge_7.5&prior3_bp_ge_10,green_ge_7.5,prior3_bp_ge_10,2,1,3,36,-0.003807785756171911,-1.0577182656033086,0.25,0.25,0.03475059483726762
green_ge_7.5&prior3_bp_ge_10,green_ge_7.5,prior3_bp_ge_10,2,1,1,36,-0.003807785756171911,-1.0577182656033086,0.25,0.25,0.03475059483726762
prior5_bp_ge_0&close_loc_ge_0.9,prior5_bp_ge_0,close_loc_ge_0.9,5,3,1,33,-0.003808151274733995,-1.1539852347678774,0.2727272727272727,0.30303030303030304,0.03982681757717277
prior3_bp_ge_0&prior5_bp_ge_5,prior3_bp_ge_0,prior5_bp_ge_5,1,5,1,69,-0.003809335335197672,-0.5520775848112569,0.7101449275362319,0.7101449275362319,0.046047427937005704
prior5_bp_ge_0&prior5_bp_ge_10,prior5_bp_ge_0,prior5_bp_ge_10,5,5,3,55,-0.003814060178379708,-0.6934654869781287,0.43636363636363634,0.4909090909090909,0.02271341360612441
prior5_bp_ge_5&prior5_bp_ge_10,prior5_bp_ge_5,prior5_bp_ge_10,5,5,3,55,-0.003814060178379708,-0.6934654869781287,0.43636363636363634,0.4909090909090909,0.02271341360612441
rvol_ge_3&close_loc_ge_0.75,rvol_ge_3,close_loc_ge_0.75,5,2,1,33,-0.003818683119615196,-1.1571767029136957,0.18181818181818182,0.2727272727272727,0.04888856443282865
green_ge_7.5&prior3_bp_ge_10,green_ge_7.5,prior3_bp_ge_10,3,1,1,36,-0.0038200203877566397,-1.0611167743768444,0.19444444444444445,0.19444444444444445,0.03829209800614677
prior5_bp_ge_5&close_loc_ge_0.9,prior5_bp_ge_5,close_loc_ge_0.9,5,1,1,32,-0.003822443341826798,-1.1945135443208743,0.125,0.125,0.06546146361402153
prior5_bp_ge_5&close_loc_ge_0.9,prior5_bp_ge_5,close_loc_ge_0.9,5,1,3,32,-0.003822443341826798,-1.1945135443208743,0.125,0.125,0.06546146361402153
green_ge_7.5&prior3_bp_ge_10,green_ge_7.5,prior3_bp_ge_10,5,1,1,36,-0.00382929447321545,-1.063692909226514,0.1388888888888889,0.1388888888888889,0.05792437119219343
green_ge_7.5&range_ge_10,green_ge_7.5,range_ge_10,1,5,1,49,-0.003834567737427075,-0.7825648443728724,0.7142857142857143,0.7142857142857143,0.05861835211432932
green_ge_7.5&range_ge_10,green_ge_7.5,range_ge_10,2,2,1,49,-0.003836863567639681,-0.7830333811509553,0.4489795918367347,0.4489795918367347,0.02544742310935013
green_ge_7.5&range_ge_10,green_ge_7.5,range_ge_10,2,2,3,49,-0.003836863567639681,-0.7830333811509553,0.4489795918367347,0.4489795918367347,0.02544742310935013
close_loc_ge_0.75&close_loc_ge_0.9,close_loc_ge_0.75,close_loc_ge_0.9,5,3,3,43,-0.0038405221647777044,-0.893144689483187,0.3023255813953488,0.3488372093023256,0.02949111444422573
green_ge_7.5&rvol_ge_3,green_ge_7.5,rvol_ge_3,1,1,3,30,-0.003843070430447848,-1.2810234768159494,0.26666666666666666,0.26666666666666666,0.04718472932850964
green_ge_7.5&rvol_ge_3,green_ge_7.5,rvol_ge_3,1,1,1,30,-0.003843070430447848,-1.2810234768159494,0.26666666666666666,0.26666666666666666,0.04718472932850964
rvol_ge_3&range_ge_10,rvol_ge_3,range_ge_10,2,2,1,34,-0.0038437420420863733,-1.1305123653195215,0.38235294117647056,0.38235294117647056,0.03572562199278444
rvol_ge_3&range_ge_10,rvol_ge_3,range_ge_10,2,2,3,34,-0.0038437420420863733,-1.1305123653195215,0.38235294117647056,0.38235294117647056,0.03572562199278444
prior5_bp_ge_5&range_ge_10,prior5_bp_ge_5,range_ge_10,2,2,1,49,-0.0038442349153433586,-0.7845377378251753,0.4489795918367347,0.4489795918367347,0.025463258009552566
prior5_bp_ge_5&range_ge_10,prior5_bp_ge_5,range_ge_10,2,2,3,49,-0.0038442349153433586,-0.7845377378251753,0.4489795918367347,0.4489795918367347,0.025463258009552566
rvol_ge_3&prior5_bp_ge_5,rvol_ge_3,prior5_bp_ge_5,1,5,1,40,-0.0038468266601288104,-0.9617066650322026,0.65,0.65,0.06620008287848757
prior5_bp_ge_0&rvol3_prior3_pos,prior5_bp_ge_0,rvol3_prior3_pos,1,5,1,40,-0.0038479370706696603,-0.9619842676674151,0.65,0.65,0.06620782164830309
green_ge_7.5&close_loc_ge_0.75,green_ge_7.5,close_loc_ge_0.75,5,5,1,42,-0.0038500417323762415,-0.9166766029467242,0.35714285714285715,0.42857142857142855,0.033038910098754405
prior3_bp_ge_10&prior5_bp_ge_10,prior3_bp_ge_10,prior5_bp_ge_10,5,1,1,43,-0.0038520456647130885,-0.8958245731890903,0.16279069767441862,0.16279069767441862,0.04705136041851001
green_ge_7.5&prior3_bp_ge_10,green_ge_7.5,prior3_bp_ge_10,3,3,1,36,-0.003858849661213637,-1.0719026836704548,0.3888888888888889,0.3888888888888889,0.034384501601692236
rvol_ge_3&prior3_bp_ge_5,rvol_ge_3,prior3_bp_ge_5,1,3,1,41,-0.0038590564992022625,-0.9412332924883566,0.6097560975609756,0.6097560975609756,0.046708721656000006
rvol_ge_3&prior3_bp_ge_0,rvol_ge_3,prior3_bp_ge_0,1,3,1,41,-0.0038590564992022625,-0.9412332924883566,0.6097560975609756,0.6097560975609756,0.046708721656000006
prior3_bp_ge_0&rvol3_prior3_pos,prior3_bp_ge_0,rvol3_prior3_pos,1,3,3,41,-0.0038590564992022625,-0.9412332924883566,0.6097560975609756,0.6097560975609756,0.046708721656000006
prior3_bp_ge_0&rvol3_prior3_pos,prior3_bp_ge_0,rvol3_prior3_pos,1,3,1,41,-0.0038590564992022625,-0.9412332924883566,0.6097560975609756,0.6097560975609756,0.046708721656000006
prior3_bp_ge_5&rvol3_prior3_pos,prior3_bp_ge_5,rvol3_prior3_pos,1,3,1,41,-0.0038590564992022625,-0.9412332924883566,0.6097560975609756,0.6097560975609756,0.046708721656000006
rvol_ge_3&prior3_bp_ge_0,rvol_ge_3,prior3_bp_ge_0,1,3,3,41,-0.0038590564992022625,-0.9412332924883566,0.6097560975609756,0.6097560975609756,0.046708721656000006
prior3_bp_ge_5&rvol3_prior3_pos,prior3_bp_ge_5,rvol3_prior3_pos,1,3,3,41,-0.0038590564992022625,-0.9412332924883566,0.6097560975609756,0.6097560975609756,0.046708721656000006
rvol_ge_3&rvol3_prior3_pos,rvol_ge_3,rvol3_prior3_pos,1,3,3,41,-0.0038590564992022625,-0.9412332924883566,0.6097560975609756,0.6097560975609756,0.046708721656000006
rvol_ge_3&prior3_bp_ge_5,rvol_ge_3,prior3_bp_ge_5,1,3,3,41,-0.0038590564992022625,-0.9412332924883566,0.6097560975609756,0.6097560975609756,0.046708721656000006
rvol_ge_3&rvol3_prior3_pos,rvol_ge_3,rvol3_prior3_pos,1,3,1,41,-0.0038590564992022625,-0.9412332924883566,0.6097560975609756,0.6097560975609756,0.046708721656000006
prior3_bp_ge_10&rvol3_prior3_pos,prior3_bp_ge_10,rvol3_prior3_pos,5,2,3,29,-0.0038590951936058326,-1.3307224805537352,0.20689655172413793,0.20689655172413793,0.05176116754144708
rvol_ge_3&prior3_bp_ge_10,rvol_ge_3,prior3_bp_ge_10,5,2,3,29,-0.0038590951936058326,-1.3307224805537352,0.20689655172413793,0.20689655172413793,0.05176116754144708
prior5_bp_ge_5&range_ge_10,prior5_bp_ge_5,range_ge_10,1,5,1,49,-0.0038613730120475864,-0.78803530858114,0.7142857142857143,0.7142857142857143,0.05893262096087372
prior3_bp_ge_10&prior5_bp_ge_5,prior3_bp_ge_10,prior5_bp_ge_5,3,1,1,46,-0.0038619562151764875,-0.8395556989514102,0.2391304347826087,0.2391304347826087,0.029629201478751914
rvol_ge_3&prior5_bp_ge_0,rvol_ge_3,prior5_bp_ge_0,1,2,3,42,-0.0038664852099049574,-0.9205917166440374,0.5238095238095238,0.5238095238095238,0.03809784981066725
rvol_ge_3&prior5_bp_ge_0,rvol_ge_3,prior5_bp_ge_0,1,2,1,42,-0.0038664852099049574,-0.9205917166440374,0.5238095238095238,0.5238095238095238,0.03809784981066725
rvol_ge_3&close_loc_ge_0.75,rvol_ge_3,close_loc_ge_0.75,3,3,3,33,-0.0038715225918123375,-1.173188664185557,0.3939393939393939,0.3939393939393939,0.0381131697397009
green_ge_7.5&rvol_ge_3,green_ge_7.5,rvol_ge_3,2,1,1,30,-0.0038715642916605786,-1.2905214305535262,0.2,0.2,0.04121737080488569
green_ge_7.5&rvol_ge_3,green_ge_7.5,rvol_ge_3,2,1,3,30,-0.0038715642916605786,-1.2905214305535262,0.2,0.2,0.04121737080488569
prior3_bp_ge_10&prior5_bp_ge_10,prior3_bp_ge_10,prior5_bp_ge_10,3,1,3,43,-0.0038724009613400057,-0.9005583631023268,0.23255813953488372,0.23255813953488372,0.031395959973623606
close_loc_ge_0.75&close_loc_ge_0.9,close_loc_ge_0.75,close_loc_ge_0.9,3,2,1,43,-0.0038746611936615327,-0.9010839985259378,0.3488372093023256,0.3488372093023256,0.025124148824073975
range_ge_10&rvol3_prior3_pos,range_ge_10,rvol3_prior3_pos,3,5,3,30,-0.003875141485736089,-1.2917138285786962,0.4666666666666667,0.5,0.05008787263825014
rvol_ge_3&prior5_bp_ge_5,rvol_ge_3,prior5_bp_ge_5,1,5,3,40,-0.0038767702293019957,-0.9691925573254989,0.7,0.7,0.06291798245316435
prior5_bp_ge_0&rvol3_prior3_pos,prior5_bp_ge_0,rvol3_prior3_pos,1,5,3,40,-0.0038778806398428456,-0.9694701599607114,0.7,0.7,0.06292497285146248
green_ge_7.5&prior5_bp_ge_10,green_ge_7.5,prior5_bp_ge_10,5,1,3,39,-0.003880414835920387,-0.9949781630565095,0.15384615384615385,0.15384615384615385,0.051741190088868065
green_ge_7.5&prior5_bp_ge_5,green_ge_7.5,prior5_bp_ge_5,1,3,1,46,-0.00388330208164267,-0.8441961047049282,0.6304347826086957,0.6304347826086957,0.04267006889909494
green_ge_7.5&prior5_bp_ge_5,green_ge_7.5,prior5_bp_ge_5,1,3,3,46,-0.00388330208164267,-0.8441961047049282,0.6304347826086957,0.6304347826086957,0.04267006889909494
prior5_bp_ge_0&close_loc_ge_0.75,prior5_bp_ge_0,close_loc_ge_0.75,1,2,1,55,-0.0038894571838159475,-0.7071740334210813,0.5636363636363636,0.5636363636363636,0.029910110305866516
prior5_bp_ge_10&rvol3_prior3_pos,prior5_bp_ge_10,rvol3_prior3_pos,5,1,3,32,-0.0038988215875729315,-1.2183817461165412,0.125,0.125,0.06478827208154818
rvol_ge_3&prior5_bp_ge_10,rvol_ge_3,prior5_bp_ge_10,5,1,3,32,-0.0038988215875729315,-1.2183817461165412,0.125,0.125,0.06478827208154818
prior3_bp_ge_5&prior5_bp_ge_5,prior3_bp_ge_5,prior5_bp_ge_5,5,5,1,68,-0.00389975330477077,-0.573493133054525,0.3382352941176471,0.4411764705882353,0.022668359263190344
rvol_ge_3&range_ge_10,rvol_ge_3,range_ge_10,2,1,1,34,-0.00390210620515663,-1.147678295634303,0.23529411764705882,0.23529411764705882,0.036422947792461
rvol_ge_3&range_ge_10,rvol_ge_3,range_ge_10,2,1,3,34,-0.00390210620515663,-1.147678295634303,0.23529411764705882,0.23529411764705882,0.036422947792461
prior3_bp_ge_0&prior5_bp_ge_10,prior3_bp_ge_0,prior5_bp_ge_10,2,5,1,54,-0.003905917844190032,-0.7233181192944504,0.5925925925925926,0.5925925925925926,0.03837358321819601
prior3_bp_ge_5&prior5_bp_ge_10,prior3_bp_ge_5,prior5_bp_ge_10,2,5,1,54,-0.003905917844190032,-0.7233181192944504,0.5925925925925926,0.5925925925925926,0.03837358321819601
prior3_bp_ge_10&prior5_bp_ge_10,prior3_bp_ge_10,prior5_bp_ge_10,5,3,1,43,-0.003906373839926314,-0.9084590325410031,0.3023255813953488,0.32558139534883723,0.029540029406412385
prior5_bp_ge_0&rvol3_prior3_pos,prior5_bp_ge_0,rvol3_prior3_pos,5,5,1,40,-0.00390908976661708,-0.97727244165427,0.275,0.425,0.038269811852503645
prior3_bp_ge_0&prior3_bp_ge_10,prior3_bp_ge_0,prior3_bp_ge_10,3,5,1,48,-0.0039091658606486,-0.8144095543017916,0.5,0.5,0.03483948886445823
prior3_bp_ge_5&prior3_bp_ge_10,prior3_bp_ge_5,prior3_bp_ge_10,3,5,1,48,-0.0039091658606486,-0.8144095543017916,0.5,0.5,0.03483948886445823
prior3_bp_ge_0&prior5_bp_ge_0,prior3_bp_ge_0,prior5_bp_ge_0,2,5,1,72,-0.003911105050304786,-0.5432090347645536,0.6111111111111112,0.6111111111111112,0.0296673398590648
prior3_bp_ge_10&prior5_bp_ge_5,prior3_bp_ge_10,prior5_bp_ge_5,5,1,3,46,-0.0039142488463790315,-0.8509236622563112,0.17391304347826086,0.17391304347826086,0.04286344504042127
prior3_bp_ge_10&close_loc_ge_0.75,prior3_bp_ge_10,close_loc_ge_0.75,5,3,3,35,-0.003914463735418705,-1.11841821011963,0.3142857142857143,0.3142857142857143,0.034115030053449256
prior5_bp_ge_10&rvol3_prior3_pos,prior5_bp_ge_10,rvol3_prior3_pos,1,1,1,32,-0.003918337667971339,-1.2244805212410435,0.28125,0.28125,0.044879701651161404
prior5_bp_ge_10&rvol3_prior3_pos,prior5_bp_ge_10,rvol3_prior3_pos,1,1,3,32,-0.003918337667971339,-1.2244805212410435,0.28125,0.28125,0.044879701651161404
rvol_ge_3&prior5_bp_ge_10,rvol_ge_3,prior5_bp_ge_10,1,1,3,32,-0.003918337667971339,-1.2244805212410435,0.28125,0.28125,0.044879701651161404
rvol_ge_3&prior5_bp_ge_10,rvol_ge_3,prior5_bp_ge_10,1,1,1,32,-0.003918337667971339,-1.2244805212410435,0.28125,0.28125,0.044879701651161404
prior5_bp_ge_10&range_ge_15,prior5_bp_ge_10,range_ge_15,3,3,1,20,-0.003918514431899056,-1.959257215949528,0.3,0.3,0.056297736045963866
prior5_bp_ge_10&range_ge_15,prior5_bp_ge_10,range_ge_15,3,3,3,20,-0.003918514431899056,-1.959257215949528,0.3,0.3,0.056297736045963866
close_loc_ge_0.75&close_loc_ge_0.9,close_loc_ge_0.75,close_loc_ge_0.9,3,1,1,43,-0.003920134289306154,-0.9116591370479428,0.23255813953488372,0.23255813953488372,0.030986271640791006
close_loc_ge_0.75&close_loc_ge_0.9,close_loc_ge_0.75,close_loc_ge_0.9,3,1,3,43,-0.003920134289306154,-0.9116591370479428,0.23255813953488372,0.23255813953488372,0.030986271640791006
green_ge_7.5&prior3_bp_ge_5,green_ge_7.5,prior3_bp_ge_5,2,3,1,47,-0.003924281958896048,-0.8349536082757548,0.5106382978723404,0.5106382978723404,0.03090071379915438
prior3_bp_ge_0&prior3_bp_ge_5,prior3_bp_ge_0,prior3_bp_ge_5,2,5,1,74,-0.003924516701616421,-0.5303400948130298,0.6216216216216216,0.6216216216216216,0.028594833594502062
prior5_bp_ge_5&rvol3_prior3_pos,prior5_bp_ge_5,rvol3_prior3_pos,5,5,1,39,-0.003924892650397083,-1.006382730871047,0.28205128205128205,0.41025641025641024,0.038306649115772834
rvol_ge_3&prior5_bp_ge_5,rvol_ge_3,prior5_bp_ge_5,5,5,1,40,-0.003927464997663943,-0.9818662494159858,0.275,0.4,0.03830064802211668
prior5_bp_ge_0&prior5_bp_ge_5,prior5_bp_ge_0,prior5_bp_ge_5,2,5,3,71,-0.003927673732306403,-0.553193483423437,0.6619718309859155,0.676056338028169,0.028024042890440092
green_ge_7.5&prior3_bp_ge_0,green_ge_7.5,prior3_bp_ge_0,1,3,1,50,-0.003931014884485884,-0.7862029768971768,0.64,0.64,0.03844816252812896
green_ge_7.5&prior3_bp_ge_0,green_ge_7.5,prior3_bp_ge_0,1,3,3,50,-0.003931014884485884,-0.7862029768971768,0.64,0.64,0.03844816252812896
green_ge_7.5&prior3_bp_ge_10,green_ge_7.5,prior3_bp_ge_10,3,5,3,36,-0.003932675196724356,-1.0924097768678764,0.5277777777777778,0.5555555555555556,0.0415628513196894
green_ge_7.5&prior5_bp_ge_10,green_ge_7.5,prior5_bp_ge_10,3,1,1,39,-0.00393730400377168,-1.0095651291722256,0.20512820512820512,0.20512820512820512,0.03514203300508162
prior3_bp_ge_0&prior3_bp_ge_10,prior3_bp_ge_0,prior3_bp_ge_10,3,2,1,48,-0.003943163069727862,-0.8214923061933045,0.3541666666666667,0.3541666666666667,0.022789972730575574
prior3_bp_ge_5&prior3_bp_ge_10,prior3_bp_ge_5,prior3_bp_ge_10,3,2,1,48,-0.003943163069727862,-0.8214923061933045,0.3541666666666667,0.3541666666666667,0.022789972730575574
green_ge_7.5&prior5_bp_ge_0,green_ge_7.5,prior5_bp_ge_0,1,2,3,49,-0.0039493733448742185,-0.805994560178412,0.5510204081632653,0.5510204081632653,0.033761161596807476
green_ge_7.5&prior5_bp_ge_0,green_ge_7.5,prior5_bp_ge_0,1,2,1,49,-0.0039493733448742185,-0.805994560178412,0.5510204081632653,0.5510204081632653,0.033761161596807476
prior3_bp_ge_10&range_ge_10,prior3_bp_ge_10,range_ge_10,5,5,1,37,-0.003955789310328028,-1.0691322460346022,0.3783783783783784,0.40540540540540543,0.03519383579597588
green_ge_7.5&prior3_bp_ge_10,green_ge_7.5,prior3_bp_ge_10,3,1,3,36,-0.003958013763412205,-1.0994482676145012,0.19444444444444445,0.19444444444444445,0.037653857796469375
rvol_ge_3&prior5_bp_ge_5,rvol_ge_3,prior5_bp_ge_5,1,3,1,40,-0.003961915646374825,-0.9904789115937063,0.6,0.6,0.04723215356302589
rvol_ge_3&prior5_bp_ge_5,rvol_ge_3,prior5_bp_ge_5,1,3,3,40,-0.003961915646374825,-0.9904789115937063,0.6,0.6,0.04723215356302589
prior3_bp_ge_0&close_loc_ge_0.75,prior3_bp_ge_0,close_loc_ge_0.75,1,3,3,59,-0.003962420383840426,-0.6715966752271908,0.6610169491525424,0.6610169491525424,0.03473069955767727
prior5_bp_ge_0&rvol3_prior3_pos,prior5_bp_ge_0,rvol3_prior3_pos,1,3,1,40,-0.003963026056915675,-0.9907565142289187,0.6,0.6,0.04723786825936489
prior5_bp_ge_0&rvol3_prior3_pos,prior5_bp_ge_0,rvol3_prior3_pos,1,3,3,40,-0.003963026056915675,-0.9907565142289187,0.6,0.6,0.04723786825936489
prior5_bp_ge_5&rvol3_prior3_pos,prior5_bp_ge_5,rvol3_prior3_pos,1,5,1,39,-0.003963751535896343,-1.016346547665729,0.6410256410256411,0.6410256410256411,0.06702502399371706
prior5_bp_ge_0&prior5_bp_ge_10,prior5_bp_ge_0,prior5_bp_ge_10,1,3,3,55,-0.00396462746257642,-0.7208413568320764,0.6545454545454545,0.6545454545454545,0.036968963357176705
prior5_bp_ge_5&prior5_bp_ge_10,prior5_bp_ge_5,prior5_bp_ge_10,1,3,3,55,-0.00396462746257642,-0.7208413568320764,0.6545454545454545,0.6545454545454545,0.036968963357176705
green_ge_7.5&range_ge_10,green_ge_7.5,range_ge_10,5,5,3,49,-0.003967049598614492,-0.8096019589009166,0.42857142857142855,0.46938775510204084,0.025347559563846298
green_ge_7.5&prior3_bp_ge_10,green_ge_7.5,prior3_bp_ge_10,5,1,3,36,-0.003967287848871015,-1.1020244024641708,0.1388888888888889,0.1388888888888889,0.05704674620739059
rvol_ge_3&prior3_bp_ge_5,rvol_ge_3,prior3_bp_ge_5,5,1,3,41,-0.003977754521613197,-0.9701840296617553,0.14634146341463414,0.17073170731707318,0.049139529805823375
prior3_bp_ge_5&rvol3_prior3_pos,prior3_bp_ge_5,rvol3_prior3_pos,5,1,3,41,-0.003977754521613197,-0.9701840296617553,0.14634146341463414,0.17073170731707318,0.049139529805823375
rvol_ge_3&prior3_bp_ge_0,rvol_ge_3,prior3_bp_ge_0,5,1,3,41,-0.003977754521613197,-0.9701840296617553,0.14634146341463414,0.17073170731707318,0.049139529805823375
prior3_bp_ge_0&rvol3_prior3_pos,prior3_bp_ge_0,rvol3_prior3_pos,5,1,3,41,-0.003977754521613197,-0.9701840296617553,0.14634146341463414,0.17073170731707318,0.049139529805823375
rvol_ge_3&rvol3_prior3_pos,rvol_ge_3,rvol3_prior3_pos,5,1,3,41,-0.003977754521613197,-0.9701840296617553,0.14634146341463414,0.17073170731707318,0.049139529805823375
prior3_bp_ge_10&rvol3_prior3_pos,prior3_bp_ge_10,rvol3_prior3_pos,2,5,3,29,-0.003980813112519188,-1.3726941767307546,0.5517241379310345,0.5862068965517241,0.05875638262457856
rvol_ge_3&prior3_bp_ge_10,rvol_ge_3,prior3_bp_ge_10,2,5,3,29,-0.003980813112519188,-1.3726941767307546,0.5517241379310345,0.5862068965517241,0.05875638262457856
rvol_ge_3&prior3_bp_ge_5,rvol_ge_3,prior3_bp_ge_5,1,2,3,41,-0.003981083071462055,-0.970995871088306,0.5121951219512195,0.5121951219512195,0.03861003779185209
prior3_bp_ge_0&rvol3_prior3_pos,prior3_bp_ge_0,rvol3_prior3_pos,1,2,3,41,-0.003981083071462055,-0.970995871088306,0.5121951219512195,0.5121951219512195,0.03861003779185209
prior3_bp_ge_5&rvol3_prior3_pos,prior3_bp_ge_5,rvol3_prior3_pos,1,2,3,41,-0.003981083071462055,-0.970995871088306,0.5121951219512195,0.5121951219512195,0.03861003779185209
rvol_ge_3&prior3_bp_ge_0,rvol_ge_3,prior3_bp_ge_0,1,2,1,41,-0.003981083071462055,-0.970995871088306,0.5121951219512195,0.5121951219512195,0.03861003779185209
rvol_ge_3&rvol3_prior3_pos,rvol_ge_3,rvol3_prior3_pos,1,2,3,41,-0.003981083071462055,-0.970995871088306,0.5121951219512195,0.5121951219512195,0.03861003779185209
prior3_bp_ge_5&rvol3_prior3_pos,prior3_bp_ge_5,rvol3_prior3_pos,1,2,1,41,-0.003981083071462055,-0.970995871088306,0.5121951219512195,0.5121951219512195,0.03861003779185209
prior3_bp_ge_0&rvol3_prior3_pos,prior3_bp_ge_0,rvol3_prior3_pos,1,2,1,41,-0.003981083071462055,-0.970995871088306,0.5121951219512195,0.5121951219512195,0.03861003779185209
rvol_ge_3&prior3_bp_ge_5,rvol_ge_3,prior3_bp_ge_5,1,2,1,41,-0.003981083071462055,-0.970995871088306,0.5121951219512195,0.5121951219512195,0.03861003779185209
rvol_ge_3&rvol3_prior3_pos,rvol_ge_3,rvol3_prior3_pos,1,2,1,41,-0.003981083071462055,-0.970995871088306,0.5121951219512195,0.5121951219512195,0.03861003779185209
rvol_ge_3&prior3_bp_ge_0,rvol_ge_3,prior3_bp_ge_0,1,2,3,41,-0.003981083071462055,-0.970995871088306,0.5121951219512195,0.5121951219512195,0.03861003779185209
prior5_bp_ge_5&rvol3_prior3_pos,prior5_bp_ge_5,rvol3_prior3_pos,5,1,3,39,-0.003982603050935785,-1.0211802694707142,0.15384615384615385,0.15384615384615385,0.05114106803637444
prior3_bp_ge_5&prior5_bp_ge_0,prior3_bp_ge_5,prior5_bp_ge_0,5,5,1,71,-0.003984987438506171,-0.5612658364093199,0.3380281690140845,0.4507042253521127,0.021830343095129358
prior3_bp_ge_10&prior5_bp_ge_10,prior3_bp_ge_10,prior5_bp_ge_10,5,1,3,43,-0.003990039040368654,-0.9279160558996868,0.16279069767441862,0.16279069767441862,0.0464706393207476
green_ge_7.5&range_ge_10,green_ge_7.5,range_ge_10,1,2,1,49,-0.003991478324358644,-0.8145874131344171,0.5510204081632653,0.5510204081632653,0.033907512403390856
green_ge_7.5&range_ge_10,green_ge_7.5,range_ge_10,1,2,3,49,-0.003991478324358644,-0.8145874131344171,0.5510204081632653,0.5510204081632653,0.033907512403390856
prior3_bp_ge_10&prior5_bp_ge_0,prior3_bp_ge_10,prior5_bp_ge_0,5,1,1,47,-0.003992309247684567,-0.8494274995073546,0.1702127659574468,0.1702127659574468,0.04258917672975656
prior5_bp_ge_5&rvol3_prior3_pos,prior5_bp_ge_5,rvol3_prior3_pos,1,5,3,39,-0.003993695105069528,-1.0240243859152636,0.6923076923076923,0.6923076923076923,0.06366269252708699
prior3_bp_ge_0&close_loc_ge_0.9,prior3_bp_ge_0,close_loc_ge_0.9,1,1,3,37,-0.0039961112552412414,-1.0800300689841194,0.32432432432432434,0.32432432432432434,0.036285542297926784
prior3_bp_ge_0&close_loc_ge_0.9,prior3_bp_ge_0,close_loc_ge_0.9,1,1,1,37,-0.0039961112552412414,-1.0800300689841194,0.32432432432432434,0.32432432432432434,0.036285542297926784
prior3_bp_ge_10&prior5_bp_ge_5,prior3_bp_ge_10,prior5_bp_ge_5,3,1,3,46,-0.003999949590832053,-0.8695542588765331,0.2391304347826087,0.2391304347826087,0.02925036498685877
prior3_bp_ge_10&close_loc_ge_0.75,prior3_bp_ge_10,close_loc_ge_0.75,5,2,3,35,-0.004004500406581624,-1.1441429733090354,0.22857142857142856,0.22857142857142856,0.04245844442265827
prior3_bp_ge_5&close_loc_ge_0.75,prior3_bp_ge_5,close_loc_ge_0.75,1,2,1,54,-0.004005889375275684,-0.7418313657917934,0.5555555555555556,0.5555555555555556,0.030243296902418157
green_ge_7.5&prior5_bp_ge_0,green_ge_7.5,prior5_bp_ge_0,5,5,1,49,-0.0040088994024850555,-0.8181427352010318,0.3673469387755102,0.42857142857142855,0.02871696436933481
green_ge_7.5&range_ge_15,green_ge_7.5,range_ge_15,3,5,1,23,-0.004010658843357162,-1.7437647145031139,0.4782608695652174,0.4782608695652174,0.06105100793115289
green_ge_7.5&range_ge_15,green_ge_7.5,range_ge_15,3,5,3,23,-0.004010658843357162,-1.7437647145031139,0.4782608695652174,0.4782608695652174,0.06105100793115289
prior3_bp_ge_0&range_ge_10,prior3_bp_ge_0,range_ge_10,1,5,1,54,-0.004012568742271627,-0.7430682856058569,0.7222222222222222,0.7222222222222222,0.05386529749297611
rvol_ge_3&close_loc_ge_0.75,rvol_ge_3,close_loc_ge_0.75,5,3,3,33,-0.004022703699384622,-1.219001121025643,0.2727272727272727,0.30303030303030304,0.03805486829090109
prior3_bp_ge_5&close_loc_ge_0.9,prior3_bp_ge_5,close_loc_ge_0.9,5,1,3,33,-0.004023944593384954,-1.219377149510592,0.12121212121212122,0.12121212121212122,0.06384070016498242
prior3_bp_ge_5&close_loc_ge_0.9,prior3_bp_ge_5,close_loc_ge_0.9,5,1,1,33,-0.004023944593384954,-1.219377149510592,0.12121212121212122,0.12121212121212122,0.06384070016498242
prior3_bp_ge_0&prior3_bp_ge_5,prior3_bp_ge_0,prior3_bp_ge_5,5,5,3,74,-0.004029284635047481,-0.544497923655065,0.43243243243243246,0.5,0.017459913603250058
prior3_bp_ge_0&close_loc_ge_0.75,prior3_bp_ge_0,close_loc_ge_0.75,3,5,3,59,-0.004032929774338556,-0.6835474193794163,0.559322033898305,0.576271186440678,0.02664222693321988
prior3_bp_ge_10&prior5_bp_ge_5,prior3_bp_ge_10,prior5_bp_ge_5,3,3,1,46,-0.004038110118358973,-0.8778500257302115,0.41304347826086957,0.41304347826086957,0.02723234481574691
prior5_bp_ge_0&close_loc_ge_0.9,prior5_bp_ge_0,close_loc_ge_0.9,5,1,1,33,-0.004038246225607001,-1.2237109774566668,0.12121212121212122,0.12121212121212122,0.06372871076616442
prior5_bp_ge_0&close_loc_ge_0.9,prior5_bp_ge_0,close_loc_ge_0.9,5,1,3,33,-0.004038246225607001,-1.2237109774566668,0.12121212121212122,0.12121212121212122,0.06372871076616442
prior3_bp_ge_10&prior5_bp_ge_10,prior3_bp_ge_10,prior5_bp_ge_10,5,2,3,43,-0.004040494370369463,-0.9396498535742936,0.2558139534883721,0.2558139534883721,0.033832223358597424
prior5_bp_ge_5&range_ge_10,prior5_bp_ge_5,range_ge_10,5,2,1,49,-0.004049653303713541,-0.8264598579007226,0.2653061224489796,0.2857142857142857,0.02943628829003191
rvol_ge_3&prior5_bp_ge_10,rvol_ge_3,prior5_bp_ge_10,3,5,1,32,-0.004057158145778561,-1.2678619205558004,0.4375,0.4375,0.0494937817286871
prior5_bp_ge_10&rvol3_prior3_pos,prior5_bp_ge_10,rvol3_prior3_pos,3,5,1,32,-0.004057158145778561,-1.2678619205558004,0.4375,0.4375,0.0494937817286871
rvol_ge_3&prior5_bp_ge_10,rvol_ge_3,prior5_bp_ge_10,3,1,1,32,-0.004059392672405959,-1.2685602101268623,0.15625,0.15625,0.044116169869587434
prior5_bp_ge_10&rvol3_prior3_pos,prior5_bp_ge_10,rvol3_prior3_pos,3,1,1,32,-0.004059392672405959,-1.2685602101268623,0.15625,0.15625,0.044116169869587434
green_ge_7.5&rvol3_prior3_pos,green_ge_7.5,rvol3_prior3_pos,3,3,1,27,-0.004061550036802641,-1.5042777914083856,0.2962962962962963,0.3333333333333333,0.04767258546910141
rvol_ge_3&prior3_bp_ge_0,rvol_ge_3,prior3_bp_ge_0,3,1,3,41,-0.004062675860502796,-0.9908965513421453,0.21951219512195122,0.21951219512195122,0.03280119131351522
rvol_ge_3&rvol3_prior3_pos,rvol_ge_3,rvol3_prior3_pos,3,1,3,41,-0.004062675860502796,-0.9908965513421453,0.21951219512195122,0.21951219512195122,0.03280119131351522
prior3_bp_ge_5&rvol3_prior3_pos,prior3_bp_ge_5,rvol3_prior3_pos,3,1,3,41,-0.004062675860502796,-0.9908965513421453,0.21951219512195122,0.21951219512195122,0.03280119131351522
prior3_bp_ge_0&rvol3_prior3_pos,prior3_bp_ge_0,rvol3_prior3_pos,3,1,3,41,-0.004062675860502796,-0.9908965513421453,0.21951219512195122,0.21951219512195122,0.03280119131351522
rvol_ge_3&prior3_bp_ge_5,rvol_ge_3,prior3_bp_ge_5,3,1,3,41,-0.004062675860502796,-0.9908965513421453,0.21951219512195122,0.21951219512195122,0.03280119131351522
green_ge_7.5&rvol3_prior3_pos,green_ge_7.5,rvol3_prior3_pos,5,2,3,27,-0.004066813022845839,-1.5062270454984588,0.18518518518518517,0.18518518518518517,0.0563678580330917
prior3_bp_ge_5&close_loc_ge_0.9,prior3_bp_ge_5,close_loc_ge_0.9,5,2,1,33,-0.0040704701328748705,-1.2334757978408697,0.21212121212121213,0.21212121212121213,0.046205076641017785
prior5_bp_ge_5&range_ge_10,prior5_bp_ge_5,range_ge_10,5,5,1,49,-0.0040708249587836365,-0.8307806038333951,0.3877551020408163,0.4489795918367347,0.027481382495109622
green_ge_7.5&prior5_bp_ge_10,green_ge_7.5,prior5_bp_ge_10,3,1,3,39,-0.004075297379427245,-1.0449480460069858,0.20512820512820512,0.20512820512820512,0.034603744017925556
range_ge_10&close_loc_ge_0.75,range_ge_10,close_loc_ge_0.75,2,3,1,42,-0.004076838905657132,-0.9706759299183647,0.5,0.5,0.03478127350567591
prior3_bp_ge_0&prior5_bp_ge_5,prior3_bp_ge_0,prior5_bp_ge_5,5,5,1,69,-0.0040771599236986145,-0.5908927425650166,0.3333333333333333,0.43478260869565216,0.02253142467756806
prior3_bp_ge_10&prior5_bp_ge_0,prior3_bp_ge_10,prior5_bp_ge_0,3,1,1,47,-0.004078009992137588,-0.8676617004548058,0.23404255319148937,0.23404255319148937,0.029040323132154607
close_loc_ge_0.75&close_loc_ge_0.9,close_loc_ge_0.75,close_loc_ge_0.9,3,2,3,43,-0.004078493626644919,-0.948486889917423,0.3488372093023256,0.3488372093023256,0.02474037290312877
prior5_bp_ge_5&rvol3_prior3_pos,prior5_bp_ge_5,rvol3_prior3_pos,1,3,3,39,-0.004078840522142357,-1.045856544139066,0.5897435897435898,0.5897435897435898,0.04784159482937356
prior5_bp_ge_5&rvol3_prior3_pos,prior5_bp_ge_5,rvol3_prior3_pos,1,3,1,39,-0.004078840522142357,-1.045856544139066,0.5897435897435898,0.5897435897435898,0.04784159482937356
prior5_bp_ge_0&close_loc_ge_0.9,prior5_bp_ge_0,close_loc_ge_0.9,5,2,1,33,-0.0040797217425871946,-1.2362793159355134,0.21212121212121213,0.21212121212121213,0.046167092871696416
prior3_bp_ge_10&prior5_bp_ge_0,prior3_bp_ge_10,prior5_bp_ge_0,3,2,3,47,-0.004079938982924469,-0.8680721240264828,0.3617021276595745,0.3617021276595745,0.022576149211450847
rvol_ge_3&prior5_bp_ge_5,rvol_ge_3,prior5_bp_ge_5,1,2,1,40,-0.0040839422186346175,-1.0209855546586544,0.5,0.5,0.03908163150731747
rvol_ge_3&prior5_bp_ge_5,rvol_ge_3,prior5_bp_ge_5,1,2,3,40,-0.0040839422186346175,-1.0209855546586544,0.5,0.5,0.03908163150731747
rvol_ge_3&rvol3_prior3_pos,rvol_ge_3,rvol3_prior3_pos,3,1,1,41,-0.004084038943988122,-0.996107059509298,0.1951219512195122,0.21951219512195122,0.03376492192099269
rvol_ge_3&prior3_bp_ge_0,rvol_ge_3,prior3_bp_ge_0,3,1,1,41,-0.004084038943988122,-0.996107059509298,0.1951219512195122,0.21951219512195122,0.03376492192099269
rvol_ge_3&prior3_bp_ge_5,rvol_ge_3,prior3_bp_ge_5,3,1,1,41,-0.004084038943988122,-0.996107059509298,0.1951219512195122,0.21951219512195122,0.03376492192099269
prior3_bp_ge_5&rvol3_prior3_pos,prior3_bp_ge_5,rvol3_prior3_pos,3,1,1,41,-0.004084038943988122,-0.996107059509298,0.1951219512195122,0.21951219512195122,0.03376492192099269
prior3_bp_ge_0&rvol3_prior3_pos,prior3_bp_ge_0,rvol3_prior3_pos,3,1,1,41,-0.004084038943988122,-0.996107059509298,0.1951219512195122,0.21951219512195122,0.03376492192099269
green_ge_7.5&rvol_ge_3,green_ge_7.5,rvol_ge_3,2,5,1,30,-0.0040842402787260035,-1.3614134262420012,0.5,0.5,0.06102311649371211
prior5_bp_ge_0&rvol3_prior3_pos,prior5_bp_ge_0,rvol3_prior3_pos,1,2,1,40,-0.004085052629175467,-1.0212631572938669,0.5,0.5,0.03908678543586883
prior5_bp_ge_0&rvol3_prior3_pos,prior5_bp_ge_0,rvol3_prior3_pos,1,2,3,40,-0.004085052629175467,-1.0212631572938669,0.5,0.5,0.03908678543586883
green_ge_7.5&rvol_ge_3,green_ge_7.5,rvol_ge_3,5,1,1,30,-0.004085603160727036,-1.3618677202423453,0.1,0.1,0.07238195122363456
prior3_bp_ge_5&prior3_bp_ge_10,prior3_bp_ge_5,prior3_bp_ge_10,5,2,1,48,-0.004103309065503047,-0.8548560553131347,0.25,0.2708333333333333,0.03104196680963051
prior3_bp_ge_0&prior3_bp_ge_10,prior3_bp_ge_0,prior3_bp_ge_10,5,2,1,48,-0.004103309065503047,-0.8548560553131347,0.25,0.2708333333333333,0.03104196680963051
rvol_ge_3&close_loc_ge_0.75,rvol_ge_3,close_loc_ge_0.75,3,5,1,33,-0.004105679198291412,-1.2441452116034584,0.3939393939393939,0.45454545454545453,0.05028761492491448
prior3_bp_ge_0&rvol3_prior3_pos,prior3_bp_ge_0,rvol3_prior3_pos,2,1,3,41,-0.0041096457897561445,-1.0023526316478402,0.2682926829268293,0.2682926829268293,0.030091850972886844
prior3_bp_ge_5&rvol3_prior3_pos,prior3_bp_ge_5,rvol3_prior3_pos,2,1,1,41,-0.0041096457897561445,-1.0023526316478402,0.2682926829268293,0.2682926829268293,0.030091850972886844
prior3_bp_ge_5&rvol3_prior3_pos,prior3_bp_ge_5,rvol3_prior3_pos,2,1,3,41,-0.0041096457897561445,-1.0023526316478402,0.2682926829268293,0.2682926829268293,0.030091850972886844
rvol_ge_3&prior3_bp_ge_0,rvol_ge_3,prior3_bp_ge_0,2,1,3,41,-0.0041096457897561445,-1.0023526316478402,0.2682926829268293,0.2682926829268293,0.030091850972886844
rvol_ge_3&rvol3_prior3_pos,rvol_ge_3,rvol3_prior3_pos,2,1,1,41,-0.0041096457897561445,-1.0023526316478402,0.2682926829268293,0.2682926829268293,0.030091850972886844
rvol_ge_3&prior3_bp_ge_5,rvol_ge_3,prior3_bp_ge_5,2,1,1,41,-0.0041096457897561445,-1.0023526316478402,0.2682926829268293,0.2682926829268293,0.030091850972886844
rvol_ge_3&prior3_bp_ge_0,rvol_ge_3,prior3_bp_ge_0,2,1,1,41,-0.0041096457897561445,-1.0023526316478402,0.2682926829268293,0.2682926829268293,0.030091850972886844
rvol_ge_3&rvol3_prior3_pos,rvol_ge_3,rvol3_prior3_pos,2,1,3,41,-0.0041096457897561445,-1.0023526316478402,0.2682926829268293,0.2682926829268293,0.030091850972886844
rvol_ge_3&prior3_bp_ge_5,rvol_ge_3,prior3_bp_ge_5,2,1,3,41,-0.0041096457897561445,-1.0023526316478402,0.2682926829268293,0.2682926829268293,0.030091850972886844
prior3_bp_ge_0&rvol3_prior3_pos,prior3_bp_ge_0,rvol3_prior3_pos,2,1,1,41,-0.0041096457897561445,-1.0023526316478402,0.2682926829268293,0.2682926829268293,0.030091850972886844
prior5_bp_ge_10&range_ge_10,prior5_bp_ge_10,range_ge_10,1,1,3,39,-0.004110137592532426,-1.0538814339826732,0.3333333333333333,0.3333333333333333,0.03844854691707421
prior5_bp_ge_10&range_ge_10,prior5_bp_ge_10,range_ge_10,1,1,1,39,-0.004110137592532426,-1.0538814339826732,0.3333333333333333,0.3333333333333333,0.03844854691707421
prior5_bp_ge_10&close_loc_ge_0.75,prior5_bp_ge_10,close_loc_ge_0.75,5,2,3,38,-0.004118297938378479,-1.0837626153627575,0.23684210526315788,0.23684210526315788,0.03885585731582911
range_ge_10&close_loc_ge_0.75,range_ge_10,close_loc_ge_0.75,5,5,3,42,-0.004118709600808623,-0.9806451430496721,0.40476190476190477,0.4523809523809524,0.029541776304009983
green_ge_7.5&prior3_bp_ge_10,green_ge_7.5,prior3_bp_ge_10,5,3,1,36,-0.004126710559654745,-1.1463084887929846,0.2777777777777778,0.3055555555555556,0.03527502108016378
prior3_bp_ge_10&prior5_bp_ge_0,prior3_bp_ge_10,prior5_bp_ge_0,5,1,3,47,-0.004130302623340132,-0.878787792200028,0.1702127659574468,0.1702127659574468,0.04211282213003929
prior5_bp_ge_5&close_loc_ge_0.75,prior5_bp_ge_5,close_loc_ge_0.75,1,2,3,51,-0.004136867632138941,-0.8111505161056746,0.5490196078431373,0.5490196078431373,0.031224835663360217
rvol_ge_3&prior5_bp_ge_0,rvol_ge_3,prior5_bp_ge_0,1,1,3,42,-0.004140025958891291,-0.9857204664026884,0.35714285714285715,0.35714285714285715,0.03541530051593785
rvol_ge_3&prior5_bp_ge_0,rvol_ge_3,prior5_bp_ge_0,1,1,1,42,-0.004140025958891291,-0.9857204664026884,0.35714285714285715,0.35714285714285715,0.03541530051593785
prior3_bp_ge_5&prior3_bp_ge_10,prior3_bp_ge_5,prior3_bp_ge_10,3,3,1,48,-0.004142131422869677,-0.8629440464311827,0.4166666666666667,0.4166666666666667,0.02605279803330034
prior3_bp_ge_0&prior3_bp_ge_10,prior3_bp_ge_0,prior3_bp_ge_10,3,3,1,48,-0.004142131422869677,-0.8629440464311827,0.4166666666666667,0.4166666666666667,0.02605279803330034
range_ge_10&rvol3_prior3_pos,range_ge_10,rvol3_prior3_pos,5,5,1,30,-0.0041508178640973226,-1.3836059546991075,0.3,0.36666666666666664,0.04617076239177942
prior3_bp_ge_5&close_loc_ge_0.9,prior3_bp_ge_5,close_loc_ge_0.9,5,2,3,33,-0.004151612940303417,-1.258064527364672,0.21212121212121213,0.24242424242424243,0.04585589882519605
green_ge_7.5&rvol_ge_3,green_ge_7.5,rvol_ge_3,3,2,1,30,-0.004153574217575673,-1.384524739191891,0.26666666666666666,0.26666666666666666,0.03624575552896029
prior5_bp_ge_10&rvol3_prior3_pos,prior5_bp_ge_10,rvol3_prior3_pos,3,2,1,32,-0.004155547088203537,-1.2986084650636054,0.28125,0.28125,0.033882415069401206
rvol_ge_3&prior5_bp_ge_10,rvol_ge_3,prior5_bp_ge_10,3,2,1,32,-0.004155547088203537,-1.2986084650636054,0.28125,0.28125,0.033882415069401206
prior5_bp_ge_10&close_loc_ge_0.75,prior5_bp_ge_10,close_loc_ge_0.75,1,1,1,38,-0.0041564379145567765,-1.0937994511991518,0.3157894736842105,0.3157894736842105,0.033111204929835616
prior5_bp_ge_10&close_loc_ge_0.75,prior5_bp_ge_10,close_loc_ge_0.75,1,1,3,38,-0.0041564379145567765,-1.0937994511991518,0.3157894736842105,0.3157894736842105,0.033111204929835616
prior3_bp_ge_10&prior5_bp_ge_5,prior3_bp_ge_10,prior5_bp_ge_5,5,2,3,46,-0.004158501563641281,-0.9040220790524525,0.2608695652173913,0.2608695652173913,0.031504440825908656
prior5_bp_ge_0&close_loc_ge_0.9,prior5_bp_ge_0,close_loc_ge_0.9,5,2,3,33,-0.0041608645500157415,-1.2608680454593155,0.21212121212121213,0.24242424242424243,0.04581848675083027
prior3_bp_ge_0&prior5_bp_ge_0,prior3_bp_ge_0,prior5_bp_ge_0,5,5,1,72,-0.004162394057434016,-0.5781102857547243,0.3333333333333333,0.4444444444444444,0.02170331754117965
prior5_bp_ge_0&range_ge_10,prior5_bp_ge_0,range_ge_10,5,2,1,52,-0.00416382063732379,-0.8007347379468827,0.2692307692307692,0.28846153846153844,0.02768299422420481
prior5_bp_ge_5&range_ge_10,prior5_bp_ge_5,range_ge_10,3,1,3,49,-0.004165098912810139,-0.8500201862877835,0.24489795918367346,0.24489795918367346,0.02698885881398288
prior5_bp_ge_5&range_ge_10,prior5_bp_ge_5,range_ge_10,3,1,1,49,-0.004165098912810139,-0.8500201862877835,0.24489795918367346,0.24489795918367346,0.02698885881398288
prior5_bp_ge_5&prior5_bp_ge_10,prior5_bp_ge_5,prior5_bp_ge_10,1,3,1,55,-0.0041665538717090556,-0.7575552494016464,0.6363636363636364,0.6363636363636364,0.036975087041581964
prior5_bp_ge_0&prior5_bp_ge_10,prior5_bp_ge_0,prior5_bp_ge_10,1,3,1,55,-0.0041665538717090556,-0.7575552494016464,0.6363636363636364,0.6363636363636364,0.036975087041581964
green_ge_7.5&rvol_ge_3,green_ge_7.5,rvol_ge_3,5,5,1,30,-0.004172381859995022,-1.3907939533316742,0.26666666666666666,0.36666666666666664,0.04867196251289602
prior5_bp_ge_0&range_ge_10,prior5_bp_ge_0,range_ge_10,5,1,1,52,-0.004172972879633807,-0.8024947845449629,0.17307692307692307,0.19230769230769232,0.03806988836551869
prior3_bp_ge_5&range_ge_10,prior3_bp_ge_5,range_ge_10,5,2,1,52,-0.004174767143585778,-0.8028398353049574,0.2692307692307692,0.28846153846153844,0.027666857812590002
prior5_bp_ge_0&rvol3_prior3_pos,prior5_bp_ge_0,rvol3_prior3_pos,5,1,1,40,-0.004185932414472848,-1.046483103618212,0.125,0.175,0.053680070910655436
green_ge_7.5&rvol_ge_3,green_ge_7.5,rvol_ge_3,3,1,1,30,-0.0041868628050051315,-1.3956209350017104,0.13333333333333333,0.13333333333333333,0.046746144136084675
prior3_bp_ge_5&range_ge_10,prior3_bp_ge_5,range_ge_10,5,1,1,52,-0.004188107562412946,-0.805405300464028,0.17307692307692307,0.19230769230769232,0.03802771738324352
prior3_bp_ge_0&range_ge_10,prior3_bp_ge_0,range_ge_10,3,1,1,54,-0.0041900716728306975,-0.7759391986723515,0.25925925925925924,0.25925925925925924,0.024326340278891665
prior3_bp_ge_0&range_ge_10,prior3_bp_ge_0,range_ge_10,3,1,3,54,-0.0041900716728306975,-0.7759391986723515,0.25925925925925924,0.25925925925925924,0.024326340278891665
rvol_ge_3&prior5_bp_ge_0,rvol_ge_3,prior5_bp_ge_0,5,1,3,42,-0.0041923409233837194,-0.998176410329457,0.14285714285714285,0.16666666666666666,0.04815964558580162
prior3_bp_ge_5&prior3_bp_ge_10,prior3_bp_ge_5,prior3_bp_ge_10,5,1,1,48,-0.004194117543854237,-0.8737744883029659,0.16666666666666666,0.16666666666666666,0.04189611715222917
prior3_bp_ge_0&prior3_bp_ge_10,prior3_bp_ge_0,prior3_bp_ge_10,5,1,1,48,-0.004194117543854237,-0.8737744883029659,0.16666666666666666,0.16666666666666666,0.04189611715222917
prior5_bp_ge_10&rvol3_prior3_pos,prior5_bp_ge_10,rvol3_prior3_pos,3,1,3,32,-0.004197386048061524,-1.3116831400192264,0.15625,0.15625,0.043281526515707935
rvol_ge_3&prior5_bp_ge_10,rvol_ge_3,prior5_bp_ge_10,3,1,3,32,-0.004197386048061524,-1.3116831400192264,0.15625,0.15625,0.043281526515707935
rvol_ge_3&prior5_bp_ge_5,rvol_ge_3,prior5_bp_ge_5,5,1,3,40,-0.004199516234215328,-1.049879058553832,0.15,0.15,0.05006933685010635
prior5_bp_ge_5&rvol3_prior3_pos,prior5_bp_ge_5,rvol3_prior3_pos,1,2,3,39,-0.00420086709440215,-1.0771454088210641,0.48717948717948717,0.48717948717948717,0.03963190260446826
prior5_bp_ge_5&rvol3_prior3_pos,prior5_bp_ge_5,rvol3_prior3_pos,1,2,1,39,-0.00420086709440215,-1.0771454088210641,0.48717948717948717,0.48717948717948717,0.03963190260446826
green_ge_7.5&prior3_bp_ge_5,green_ge_7.5,prior3_bp_ge_5,3,5,3,47,-0.004201666613378396,-0.8939716198677439,0.5319148936170213,0.5531914893617021,0.03358054946658192
prior5_bp_ge_5&rvol3_prior3_pos,prior5_bp_ge_5,rvol3_prior3_pos,5,1,1,39,-0.004201735298252851,-1.0773680251930386,0.1282051282051282,0.15384615384615385,0.05376808095724599
green_ge_7.5&prior3_bp_ge_10,green_ge_7.5,prior3_bp_ge_10,3,5,1,36,-0.004203658280819256,-1.1676828557831265,0.4722222222222222,0.4722222222222222,0.0444031197499665
range_ge_10&close_loc_ge_0.75,range_ge_10,close_loc_ge_0.75,3,1,1,42,-0.00420961510538409,-1.0022893108057358,0.21428571428571427,0.21428571428571427,0.0320172176906909
range_ge_10&close_loc_ge_0.75,range_ge_10,close_loc_ge_0.75,3,1,3,42,-0.00420961510538409,-1.0022893108057358,0.21428571428571427,0.21428571428571427,0.0320172176906909
prior3_bp_ge_10&prior5_bp_ge_0,prior3_bp_ge_10,prior5_bp_ge_0,3,5,1,47,-0.004214621294700849,-0.8967279350427337,0.48936170212765956,0.48936170212765956,0.03541614636966748
range_ge_10&close_loc_ge_0.75,range_ge_10,close_loc_ge_0.75,2,5,3,42,-0.004215485399324037,-1.0036869998390565,0.5952380952380952,0.6190476190476191,0.04287260949989478
prior3_bp_ge_10&prior5_bp_ge_0,prior3_bp_ge_10,prior5_bp_ge_0,3,1,3,47,-0.004216003367793153,-0.8970219931474793,0.23404255319148937,0.23404255319148937,0.02867630318907099
prior3_bp_ge_10&prior5_bp_ge_5,prior3_bp_ge_10,prior5_bp_ge_5,5,3,1,46,-0.004218178420460128,-0.91699530879568,0.30434782608695654,0.32608695652173914,0.027465506643647032
prior3_bp_ge_0&range_ge_10,prior3_bp_ge_0,range_ge_10,5,1,3,54,-0.004221572688837383,-0.7817727201550709,0.18518518518518517,0.18518518518518517,0.03590762879260927
green_ge_7.5&rvol_ge_3,green_ge_7.5,rvol_ge_3,5,1,3,30,-0.004223596536382601,-1.4078655121275336,0.1,0.1,0.0710133194245862
rvol_ge_3&close_loc_ge_0.75,rvol_ge_3,close_loc_ge_0.75,5,3,1,33,-0.004224473375921578,-1.280143447248963,0.21212121212121213,0.3333333333333333,0.0430448507826138
prior3_bp_ge_10&rvol3_prior3_pos,prior3_bp_ge_10,rvol3_prior3_pos,3,5,3,29,-0.004224790677591295,-1.456824371583205,0.4827586206896552,0.5172413793103449,0.048668151554778744
rvol_ge_3&prior3_bp_ge_10,rvol_ge_3,prior3_bp_ge_10,3,5,3,29,-0.004224790677591295,-1.456824371583205,0.4827586206896552,0.5172413793103449,0.048668151554778744
prior5_bp_ge_10&close_loc_ge_0.75,prior5_bp_ge_10,close_loc_ge_0.75,5,3,3,38,-0.004236667630574065,-1.114912534361596,0.3157894736842105,0.3157894736842105,0.03138278849715776
green_ge_7.5&prior3_bp_ge_0,green_ge_7.5,prior3_bp_ge_0,1,2,1,50,-0.004252182774051927,-0.8504365548103854,0.54,0.54,0.03264627603364999
green_ge_7.5&prior3_bp_ge_0,green_ge_7.5,prior3_bp_ge_0,1,2,3,50,-0.004252182774051927,-0.8504365548103854,0.54,0.54,0.03264627603364999
prior3_bp_ge_0&rvol3_prior3_pos,prior3_bp_ge_0,rvol3_prior3_pos,1,1,1,41,-0.004254623820448389,-1.0377131269386315,0.34146341463414637,0.34146341463414637,0.03597094524771777
rvol_ge_3&prior3_bp_ge_0,rvol_ge_3,prior3_bp_ge_0,1,1,1,41,-0.004254623820448389,-1.0377131269386315,0.34146341463414637,0.34146341463414637,0.03597094524771777
rvol_ge_3&prior3_bp_ge_5,rvol_ge_3,prior3_bp_ge_5,1,1,1,41,-0.004254623820448389,-1.0377131269386315,0.34146341463414637,0.34146341463414637,0.03597094524771777
rvol_ge_3&rvol3_prior3_pos,rvol_ge_3,rvol3_prior3_pos,1,1,1,41,-0.004254623820448389,-1.0377131269386315,0.34146341463414637,0.34146341463414637,0.03597094524771777
prior3_bp_ge_5&rvol3_prior3_pos,prior3_bp_ge_5,rvol3_prior3_pos,1,1,3,41,-0.004254623820448389,-1.0377131269386315,0.34146341463414637,0.34146341463414637,0.03597094524771777
prior3_bp_ge_0&rvol3_prior3_pos,prior3_bp_ge_0,rvol3_prior3_pos,1,1,3,41,-0.004254623820448389,-1.0377131269386315,0.34146341463414637,0.34146341463414637,0.03597094524771777
rvol_ge_3&prior3_bp_ge_0,rvol_ge_3,prior3_bp_ge_0,1,1,3,41,-0.004254623820448389,-1.0377131269386315,0.34146341463414637,0.34146341463414637,0.03597094524771777
rvol_ge_3&rvol3_prior3_pos,rvol_ge_3,rvol3_prior3_pos,1,1,3,41,-0.004254623820448389,-1.0377131269386315,0.34146341463414637,0.34146341463414637,0.03597094524771777
rvol_ge_3&prior3_bp_ge_5,rvol_ge_3,prior3_bp_ge_5,1,1,3,41,-0.004254623820448389,-1.0377131269386315,0.34146341463414637,0.34146341463414637,0.03597094524771777
prior3_bp_ge_5&rvol3_prior3_pos,prior3_bp_ge_5,rvol3_prior3_pos,1,1,1,41,-0.004254623820448389,-1.0377131269386315,0.34146341463414637,0.34146341463414637,0.03597094524771777
rvol_ge_3&prior5_bp_ge_10,rvol_ge_3,prior5_bp_ge_10,2,2,1,32,-0.004256663628577573,-1.3302073839304915,0.34375,0.34375,0.037243977399813985
prior5_bp_ge_10&rvol3_prior3_pos,prior5_bp_ge_10,rvol3_prior3_pos,2,2,3,32,-0.004256663628577573,-1.3302073839304915,0.34375,0.34375,0.037243977399813985
prior5_bp_ge_10&rvol3_prior3_pos,prior5_bp_ge_10,rvol3_prior3_pos,2,2,1,32,-0.004256663628577573,-1.3302073839304915,0.34375,0.34375,0.037243977399813985
rvol_ge_3&prior5_bp_ge_10,rvol_ge_3,prior5_bp_ge_10,2,2,3,32,-0.004256663628577573,-1.3302073839304915,0.34375,0.34375,0.037243977399813985
green_ge_7.5&close_loc_ge_0.75,green_ge_7.5,close_loc_ge_0.75,2,1,1,42,-0.004259043329940093,-1.0140579357000221,0.2619047619047619,0.2619047619047619,0.02746411068617501
green_ge_7.5&close_loc_ge_0.75,green_ge_7.5,close_loc_ge_0.75,2,1,3,42,-0.004259043329940093,-1.0140579357000221,0.2619047619047619,0.2619047619047619,0.02746411068617501
range_ge_10&rvol3_prior3_pos,range_ge_10,rvol3_prior3_pos,2,5,3,30,-0.004261127053030944,-1.4203756843436481,0.5333333333333333,0.5666666666666667,0.05756055179158243
rvol_ge_3&prior5_bp_ge_0,rvol_ge_3,prior5_bp_ge_0,3,1,3,42,-0.004264417244179253,-1.0153374390902983,0.21428571428571427,0.21428571428571427,0.032129998663262806
range_ge_10&close_loc_ge_0.75,range_ge_10,close_loc_ge_0.75,2,1,1,42,-0.004266964721326705,-1.0159439812682631,0.2619047619047619,0.2619047619047619,0.02753465291195206
range_ge_10&close_loc_ge_0.75,range_ge_10,close_loc_ge_0.75,2,1,3,42,-0.004266964721326705,-1.0159439812682631,0.2619047619047619,0.2619047619047619,0.02753465291195206
prior3_bp_ge_0&prior3_bp_ge_10,prior3_bp_ge_0,prior3_bp_ge_10,2,1,3,48,-0.0042674898234145164,-0.8890603798780243,0.2916666666666667,0.2916666666666667,0.02604325060752444
prior3_bp_ge_5&prior3_bp_ge_10,prior3_bp_ge_5,prior3_bp_ge_10,2,1,1,48,-0.0042674898234145164,-0.8890603798780243,0.2916666666666667,0.2916666666666667,0.02604325060752444
prior3_bp_ge_0&prior3_bp_ge_10,prior3_bp_ge_0,prior3_bp_ge_10,2,1,1,48,-0.0042674898234145164,-0.8890603798780243,0.2916666666666667,0.2916666666666667,0.02604325060752444
prior3_bp_ge_5&prior3_bp_ge_10,prior3_bp_ge_5,prior3_bp_ge_10,2,1,3,48,-0.0042674898234145164,-0.8890603798780243,0.2916666666666667,0.2916666666666667,0.02604325060752444
rvol_ge_3&prior5_bp_ge_10,rvol_ge_3,prior5_bp_ge_10,2,1,1,32,-0.0042717332524120355,-1.334916641378761,0.1875,0.1875,0.03873520001976811
prior5_bp_ge_10&rvol3_prior3_pos,prior5_bp_ge_10,rvol3_prior3_pos,2,1,3,32,-0.0042717332524120355,-1.334916641378761,0.1875,0.1875,0.03873520001976811
rvol_ge_3&prior5_bp_ge_10,rvol_ge_3,prior5_bp_ge_10,2,1,3,32,-0.0042717332524120355,-1.334916641378761,0.1875,0.1875,0.03873520001976811
prior5_bp_ge_10&rvol3_prior3_pos,prior5_bp_ge_10,rvol3_prior3_pos,2,1,1,32,-0.0042717332524120355,-1.334916641378761,0.1875,0.1875,0.03873520001976811
prior3_bp_ge_5&close_loc_ge_0.75,prior3_bp_ge_5,close_loc_ge_0.75,2,1,3,54,-0.004278026556613801,-0.7922271401136668,0.3148148148148148,0.3148148148148148,0.02065361949660383
prior3_bp_ge_5&close_loc_ge_0.75,prior3_bp_ge_5,close_loc_ge_0.75,2,1,1,54,-0.004278026556613801,-0.7922271401136668,0.3148148148148148,0.3148148148148148,0.02065361949660383
prior3_bp_ge_0&prior3_bp_ge_10,prior3_bp_ge_0,prior3_bp_ge_10,3,1,1,48,-0.004279818288307258,-0.891628810064012,0.22916666666666666,0.22916666666666666,0.028511030670919583
prior3_bp_ge_5&prior3_bp_ge_10,prior3_bp_ge_5,prior3_bp_ge_10,3,1,1,48,-0.004279818288307258,-0.891628810064012,0.22916666666666666,0.22916666666666666,0.028511030670919583
rvol_ge_3&prior3_bp_ge_10,rvol_ge_3,prior3_bp_ge_10,3,5,1,29,-0.004282641567755374,-1.4767729543984047,0.41379310344827586,0.41379310344827586,0.05373745586839455
prior3_bp_ge_10&rvol3_prior3_pos,prior3_bp_ge_10,rvol3_prior3_pos,3,5,1,29,-0.004282641567755374,-1.4767729543984047,0.41379310344827586,0.41379310344827586,0.05373745586839455
green_ge_7.5&prior5_bp_ge_5,green_ge_7.5,prior5_bp_ge_5,1,2,1,46,-0.004282895737103165,-0.9310642906746011,0.5217391304347826,0.5217391304347826,0.034957160279122636
green_ge_7.5&prior5_bp_ge_5,green_ge_7.5,prior5_bp_ge_5,1,2,3,46,-0.004282895737103165,-0.9310642906746011,0.5217391304347826,0.5217391304347826,0.034957160279122636
rvol_ge_3&prior5_bp_ge_0,rvol_ge_3,prior5_bp_ge_0,3,1,1,42,-0.004285780327664579,-1.0204238875391856,0.19047619047619047,0.21428571428571427,0.03305249912017427
green_ge_7.5&rvol3_prior3_pos,green_ge_7.5,rvol3_prior3_pos,2,3,3,27,-0.0042878086497466494,-1.5880772776839442,0.4074074074074074,0.4074074074074074,0.04853738850529449
prior3_bp_ge_5&range_ge_10,prior3_bp_ge_5,range_ge_10,3,1,3,52,-0.0042978548016811,-0.8265105387848269,0.25,0.25,0.025343448585135767
prior3_bp_ge_5&range_ge_10,prior3_bp_ge_5,range_ge_10,3,1,1,52,-0.0042978548016811,-0.8265105387848269,0.25,0.25,0.025343448585135767
prior5_bp_ge_5&close_loc_ge_0.9,prior5_bp_ge_5,close_loc_ge_0.9,5,3,3,32,-0.004299857193218348,-1.3437053728807338,0.25,0.3125,0.039840208121323314
rvol_ge_3&prior5_bp_ge_0,rvol_ge_3,prior5_bp_ge_0,2,1,3,42,-0.004304855012191577,-1.0249654790932328,0.2619047619047619,0.2619047619047619,0.029391480942887648
rvol_ge_3&prior5_bp_ge_0,rvol_ge_3,prior5_bp_ge_0,2,1,1,42,-0.004304855012191577,-1.0249654790932328,0.2619047619047619,0.2619047619047619,0.029391480942887648
prior3_bp_ge_5&prior5_bp_ge_10,prior3_bp_ge_5,prior5_bp_ge_10,3,5,1,54,-0.00430690196151684,-0.7975744373179333,0.5,0.5,0.03146853497788544
prior3_bp_ge_0&prior5_bp_ge_10,prior3_bp_ge_0,prior5_bp_ge_10,3,5,1,54,-0.00430690196151684,-0.7975744373179333,0.5,0.5,0.03146853497788544
prior3_bp_ge_5&range_ge_15,prior3_bp_ge_5,range_ge_15,3,3,1,21,-0.004307215016172483,-2.0510547696059445,0.2857142857142857,0.2857142857142857,0.05357157530019941
prior3_bp_ge_5&range_ge_15,prior3_bp_ge_5,range_ge_15,3,3,3,21,-0.004307215016172483,-2.0510547696059445,0.2857142857142857,0.2857142857142857,0.05357157530019941
prior5_bp_ge_0&prior5_bp_ge_5,prior5_bp_ge_0,prior5_bp_ge_5,1,5,1,71,-0.004308056731966103,-0.6067685537980427,0.704225352112676,0.704225352112676,0.04381384958021014
range_ge_10&close_loc_ge_0.75,range_ge_10,close_loc_ge_0.75,2,3,3,42,-0.004309360270694063,-1.0260381596890624,0.5,0.5,0.03416119754475266
prior5_bp_ge_5&close_loc_ge_0.9,prior5_bp_ge_5,close_loc_ge_0.9,5,3,1,32,-0.004310013957382952,-1.3468793616821726,0.25,0.28125,0.041420242780493034
rvol_ge_3&prior5_bp_ge_5,rvol_ge_3,prior5_bp_ge_5,2,1,1,40,-0.004315549152524967,-1.0788872881312417,0.25,0.25,0.030818632039741337
rvol_ge_3&prior5_bp_ge_5,rvol_ge_3,prior5_bp_ge_5,2,1,3,40,-0.004315549152524967,-1.0788872881312417,0.25,0.25,0.030818632039741337
prior5_bp_ge_0&rvol3_prior3_pos,prior5_bp_ge_0,rvol3_prior3_pos,2,1,1,40,-0.0043175849051829696,-1.0793962262957424,0.25,0.25,0.030825992980948524
prior5_bp_ge_0&rvol3_prior3_pos,prior5_bp_ge_0,rvol3_prior3_pos,2,1,3,40,-0.0043175849051829696,-1.0793962262957424,0.25,0.25,0.030825992980948524
prior5_bp_ge_10&rvol3_prior3_pos,prior5_bp_ge_10,rvol3_prior3_pos,5,2,1,32,-0.004318562308206486,-1.349550721314527,0.1875,0.21875,0.04810776578118198
rvol_ge_3&prior5_bp_ge_10,rvol_ge_3,prior5_bp_ge_10,5,2,1,32,-0.004318562308206486,-1.349550721314527,0.1875,0.21875,0.04810776578118198
close_loc_ge_0.75&close_loc_ge_0.9,close_loc_ge_0.75,close_loc_ge_0.9,1,1,1,43,-0.004323738203418581,-1.0055205124229258,0.3488372093023256,0.3488372093023256,0.03222152752847034
close_loc_ge_0.75&close_loc_ge_0.9,close_loc_ge_0.75,close_loc_ge_0.9,1,1,3,43,-0.004323738203418581,-1.0055205124229258,0.3488372093023256,0.3488372093023256,0.03222152752847034
green_ge_7.5&rvol_ge_3,green_ge_7.5,rvol_ge_3,3,1,3,30,-0.004324856180660697,-1.441618726886899,0.13333333333333333,0.13333333333333333,0.045796109037396296
prior5_bp_ge_5&range_ge_15,prior5_bp_ge_5,range_ge_15,3,3,3,21,-0.004327751892032494,-2.0608342343011876,0.2857142857142857,0.2857142857142857,0.05343486399726402
prior5_bp_ge_5&range_ge_15,prior5_bp_ge_5,range_ge_15,3,3,1,21,-0.004327751892032494,-2.0608342343011876,0.2857142857142857,0.2857142857142857,0.05343486399726402
prior3_bp_ge_0&prior3_bp_ge_5,prior3_bp_ge_0,prior3_bp_ge_5,2,2,3,74,-0.004328853559932178,-0.5849802108016456,0.4864864864864865,0.4864864864864865,0.017033186972127873
prior3_bp_ge_0&prior3_bp_ge_10,prior3_bp_ge_0,prior3_bp_ge_10,5,1,3,48,-0.004332110919509802,-0.9025231082312086,0.16666666666666666,0.16666666666666666,0.04143505605641591
prior3_bp_ge_5&prior3_bp_ge_10,prior3_bp_ge_5,prior3_bp_ge_10,5,1,3,48,-0.004332110919509802,-0.9025231082312086,0.16666666666666666,0.16666666666666666,0.04143505605641591
prior5_bp_ge_0&range_ge_15,prior5_bp_ge_0,range_ge_15,3,5,3,22,-0.004336320185415521,-1.9710546297343277,0.45454545454545453,0.45454545454545453,0.06280112637366188
prior5_bp_ge_0&range_ge_15,prior5_bp_ge_0,range_ge_15,3,5,1,22,-0.004336320185415521,-1.9710546297343277,0.45454545454545453,0.45454545454545453,0.06280112637366188
prior3_bp_ge_0&range_ge_15,prior3_bp_ge_0,range_ge_15,3,5,1,22,-0.004337663902952316,-1.9716654104328708,0.45454545454545453,0.45454545454545453,0.06279311841058212
prior3_bp_ge_0&range_ge_15,prior3_bp_ge_0,range_ge_15,3,5,3,22,-0.004337663902952316,-1.9716654104328708,0.45454545454545453,0.45454545454545453,0.06279311841058212
prior5_bp_ge_5&close_loc_ge_0.75,prior5_bp_ge_5,close_loc_ge_0.75,1,2,1,51,-0.004338794041271576,-0.8507439296610934,0.5294117647058824,0.5294117647058824,0.031230746402529302
prior3_bp_ge_0&rvol3_prior3_pos,prior3_bp_ge_0,rvol3_prior3_pos,5,5,1,41,-0.0043417590810418405,-1.0589656295224001,0.2682926829268293,0.4146341463414634,0.0372880577910113
rvol_ge_3&prior3_bp_ge_5,rvol_ge_3,prior3_bp_ge_5,5,5,1,41,-0.0043417590810418405,-1.0589656295224001,0.2682926829268293,0.4146341463414634,0.0372880577910113
prior3_bp_ge_5&rvol3_prior3_pos,prior3_bp_ge_5,rvol3_prior3_pos,5,5,1,41,-0.0043417590810418405,-1.0589656295224001,0.2682926829268293,0.4146341463414634,0.0372880577910113
rvol_ge_3&prior3_bp_ge_0,rvol_ge_3,prior3_bp_ge_0,5,5,1,41,-0.0043417590810418405,-1.0589656295224001,0.2682926829268293,0.4146341463414634,0.0372880577910113
rvol_ge_3&rvol3_prior3_pos,rvol_ge_3,rvol3_prior3_pos,5,5,1,41,-0.0043417590810418405,-1.0589656295224001,0.2682926829268293,0.4146341463414634,0.0372880577910113
green_ge_7.5&prior3_bp_ge_0,green_ge_7.5,prior3_bp_ge_0,5,5,1,50,-0.004348235071139572,-0.8696470142279145,0.36,0.42,0.028300198528281247
prior5_bp_ge_10&rvol3_prior3_pos,prior5_bp_ge_10,rvol3_prior3_pos,2,5,1,32,-0.004349396129179617,-1.3591862903686303,0.5,0.5,0.05708832147320004
rvol_ge_3&prior5_bp_ge_10,rvol_ge_3,prior5_bp_ge_10,2,5,1,32,-0.004349396129179617,-1.3591862903686303,0.5,0.5,0.05708832147320004
range_ge_10&close_loc_ge_0.75,range_ge_10,close_loc_ge_0.75,3,2,3,42,-0.004351322480311892,-1.0360291619790218,0.3333333333333333,0.3333333333333333,0.025387492049540973
range_ge_10&close_loc_ge_0.75,range_ge_10,close_loc_ge_0.75,3,2,1,42,-0.004351322480311892,-1.0360291619790218,0.3333333333333333,0.3333333333333333,0.025387492049540973
rvol_ge_3&prior5_bp_ge_5,rvol_ge_3,prior5_bp_ge_5,1,1,1,40,-0.0043574829676209514,-1.0893707419052379,0.325,0.325,0.03648473312040069
rvol_ge_3&prior5_bp_ge_5,rvol_ge_3,prior5_bp_ge_5,1,1,3,40,-0.0043574829676209514,-1.0893707419052379,0.325,0.325,0.03648473312040069
prior5_bp_ge_0&rvol3_prior3_pos,prior5_bp_ge_0,rvol3_prior3_pos,1,1,3,40,-0.004358593378161801,-1.0896483445404503,0.325,0.325,0.036490359782054636
prior5_bp_ge_0&rvol3_prior3_pos,prior5_bp_ge_0,rvol3_prior3_pos,1,1,1,40,-0.004358593378161801,-1.0896483445404503,0.325,0.325,0.036490359782054636
rvol_ge_3&range_ge_10,rvol_ge_3,range_ge_10,3,2,3,34,-0.004367743453664419,-1.2846304275483584,0.29411764705882354,0.29411764705882354,0.031221980740480302
rvol_ge_3&range_ge_10,rvol_ge_3,range_ge_10,3,2,1,34,-0.004367743453664419,-1.2846304275483584,0.29411764705882354,0.29411764705882354,0.031221980740480302
prior3_bp_ge_5&prior5_bp_ge_5,prior3_bp_ge_5,prior5_bp_ge_5,2,5,1,68,-0.004371138006956432,-0.6428144127877106,0.6029411764705882,0.6029411764705882,0.030792283425955774
rvol_ge_3&prior5_bp_ge_5,rvol_ge_3,prior5_bp_ge_5,3,1,3,40,-0.004371623438868322,-1.0929058597170804,0.2,0.2,0.03388642071451864
prior5_bp_ge_0&rvol3_prior3_pos,prior5_bp_ge_0,rvol3_prior3_pos,3,1,3,40,-0.004374584533643255,-1.0936461334108138,0.2,0.2,0.03389716958630412
rvol_ge_3&prior3_bp_ge_10,rvol_ge_3,prior3_bp_ge_10,2,5,1,29,-0.004376475610753383,-1.5091295209494424,0.4827586206896552,0.4827586206896552,0.061589125521913264
prior3_bp_ge_10&rvol3_prior3_pos,prior3_bp_ge_10,rvol3_prior3_pos,2,5,1,29,-0.004376475610753383,-1.5091295209494424,0.4827586206896552,0.4827586206896552,0.061589125521913264
prior3_bp_ge_0&prior3_bp_ge_10,prior3_bp_ge_0,prior3_bp_ge_10,3,2,3,48,-0.004383555575263598,-0.9132407448465829,0.3541666666666667,0.3541666666666667,0.022115547817907505
prior3_bp_ge_5&prior3_bp_ge_10,prior3_bp_ge_5,prior3_bp_ge_10,3,2,3,48,-0.004383555575263598,-0.9132407448465829,0.3541666666666667,0.3541666666666667,0.022115547817907505
prior3_bp_ge_0&range_ge_10,prior3_bp_ge_0,range_ge_10,3,2,1,54,-0.004383786530474332,-0.8118123204582096,0.37037037037037035,0.37037037037037035,0.019681447995988952
prior3_bp_ge_0&range_ge_10,prior3_bp_ge_0,range_ge_10,3,2,3,54,-0.004383786530474332,-0.8118123204582096,0.37037037037037035,0.37037037037037035,0.019681447995988952
range_ge_10&rvol3_prior3_pos,range_ge_10,rvol3_prior3_pos,5,2,1,30,-0.004383822052730579,-1.4612740175768597,0.2,0.2,0.04920015590067156
range_ge_10&rvol3_prior3_pos,range_ge_10,rvol3_prior3_pos,5,2,3,30,-0.004383822052730579,-1.4612740175768597,0.2,0.2,0.04920015590067156
green_ge_7.5&prior3_bp_ge_10,green_ge_7.5,prior3_bp_ge_10,1,1,1,36,-0.004385441275532198,-1.2181781320922773,0.2777777777777778,0.2777777777777778,0.040102706769032916
green_ge_7.5&prior3_bp_ge_10,green_ge_7.5,prior3_bp_ge_10,1,1,3,36,-0.004385441275532198,-1.2181781320922773,0.2777777777777778,0.2777777777777778,0.040102706769032916
prior3_bp_ge_5&range_ge_10,prior3_bp_ge_5,range_ge_10,3,2,1,52,-0.004388171661310114,-0.8438791656365604,0.36538461538461536,0.36538461538461536,0.020436700913914276
prior3_bp_ge_5&range_ge_10,prior3_bp_ge_5,range_ge_10,3,2,3,52,-0.004388171661310114,-0.8438791656365604,0.36538461538461536,0.36538461538461536,0.020436700913914276
rvol_ge_3&prior3_bp_ge_5,rvol_ge_3,prior3_bp_ge_5,5,1,1,41,-0.00438989157523062,-1.0707052622513709,0.12195121951219512,0.17073170731707318,0.0525694946474871
prior3_bp_ge_0&rvol3_prior3_pos,prior3_bp_ge_0,rvol3_prior3_pos,5,1,1,41,-0.00438989157523062,-1.0707052622513709,0.12195121951219512,0.17073170731707318,0.0525694946474871
prior3_bp_ge_5&rvol3_prior3_pos,prior3_bp_ge_5,rvol3_prior3_pos,5,1,1,41,-0.00438989157523062,-1.0707052622513709,0.12195121951219512,0.17073170731707318,0.0525694946474871
rvol_ge_3&rvol3_prior3_pos,rvol_ge_3,rvol3_prior3_pos,5,1,1,41,-0.00438989157523062,-1.0707052622513709,0.12195121951219512,0.17073170731707318,0.0525694946474871
rvol_ge_3&prior3_bp_ge_0,rvol_ge_3,prior3_bp_ge_0,5,1,1,41,-0.00438989157523062,-1.0707052622513709,0.12195121951219512,0.17073170731707318,0.0525694946474871
green_ge_7.5&rvol_ge_3,green_ge_7.5,rvol_ge_3,3,2,3,30,-0.004390134290128023,-1.4633780967093408,0.26666666666666666,0.26666666666666666,0.0353254366770375
rvol_ge_3&prior5_bp_ge_10,rvol_ge_3,prior5_bp_ge_10,3,2,3,32,-0.004392107160755887,-1.3725334877362148,0.28125,0.28125,0.03307686539477477
prior5_bp_ge_10&rvol3_prior3_pos,prior5_bp_ge_10,rvol3_prior3_pos,3,2,3,32,-0.004392107160755887,-1.3725334877362148,0.28125,0.28125,0.03307686539477477
rvol_ge_3&prior5_bp_ge_5,rvol_ge_3,prior5_bp_ge_5,3,1,1,40,-0.004392986522353648,-1.098246630588412,0.175,0.2,0.034918778743328556
prior5_bp_ge_0&rvol3_prior3_pos,prior5_bp_ge_0,rvol3_prior3_pos,3,1,1,40,-0.004395947617128582,-1.0989869042821454,0.175,0.2,0.03493021950661008
green_ge_7.5&prior5_bp_ge_10,green_ge_7.5,prior5_bp_ge_10,3,3,1,39,-0.004396099977860168,-1.1272051225282482,0.38461538461538464,0.38461538461538464,0.03148960516975963
prior5_bp_ge_5&prior5_bp_ge_10,prior5_bp_ge_5,prior5_bp_ge_10,2,5,3,55,-0.004397640607418429,-0.7995710195306235,0.6363636363636364,0.6545454545454545,0.03479063085721651
prior5_bp_ge_0&prior5_bp_ge_10,prior5_bp_ge_0,prior5_bp_ge_10,2,5,3,55,-0.004397640607418429,-0.7995710195306235,0.6363636363636364,0.6545454545454545,0.03479063085721651
prior5_bp_ge_10&range_ge_10,prior5_bp_ge_10,range_ge_10,2,3,1,39,-0.0043990511454571335,-1.1279618321684959,0.46153846153846156,0.46153846153846156,0.03635280561034745
prior3_bp_ge_0&range_ge_10,prior3_bp_ge_0,range_ge_10,5,2,3,54,-0.004408864645760069,-0.8164564158814942,0.2777777777777778,0.2777777777777778,0.026258360832424797
green_ge_7.5&rvol_ge_3,green_ge_7.5,rvol_ge_3,2,3,1,30,-0.004411234075844317,-1.4704113586147722,0.4,0.4,0.04742351880888412
prior3_bp_ge_0&prior3_bp_ge_10,prior3_bp_ge_0,prior3_bp_ge_10,3,1,3,48,-0.004417811663962823,-0.9203774299922547,0.22916666666666666,0.22916666666666666,0.028160078967139002
prior3_bp_ge_5&prior3_bp_ge_10,prior3_bp_ge_5,prior3_bp_ge_10,3,1,3,48,-0.004417811663962823,-0.9203774299922547,0.22916666666666666,0.22916666666666666,0.028160078967139002
rvol_ge_3&prior5_bp_ge_5,rvol_ge_3,prior5_bp_ge_5,5,1,1,40,-0.0044186484815323945,-1.1046621203830986,0.125,0.15,0.05258469041744845
prior3_bp_ge_5&prior5_bp_ge_0,prior3_bp_ge_5,prior5_bp_ge_0,2,2,3,71,-0.0044278781791355915,-0.6236448139627594,0.4788732394366197,0.4788732394366197,0.0176963921051468
green_ge_7.5&range_ge_15,green_ge_7.5,range_ge_15,3,3,1,23,-0.004428489289410198,-1.9254301258305206,0.30434782608695654,0.30434782608695654,0.04899955236871546
green_ge_7.5&range_ge_15,green_ge_7.5,range_ge_15,3,3,3,23,-0.004428489289410198,-1.9254301258305206,0.30434782608695654,0.30434782608695654,0.04899955236871546
range_ge_10&close_loc_ge_0.75,range_ge_10,close_loc_ge_0.75,1,1,3,42,-0.004437624298342047,-1.0565772138909635,0.3333333333333333,0.3333333333333333,0.03274238539769988
range_ge_10&close_loc_ge_0.75,range_ge_10,close_loc_ge_0.75,1,1,1,42,-0.004437624298342047,-1.0565772138909635,0.3333333333333333,0.3333333333333333,0.03274238539769988
prior3_bp_ge_10&prior5_bp_ge_0,prior3_bp_ge_10,prior5_bp_ge_0,3,3,1,47,-0.004447586856921926,-0.9462950759408353,0.40425531914893614,0.40425531914893614,0.026544022378145814
green_ge_7.5&prior3_bp_ge_5,green_ge_7.5,prior3_bp_ge_5,2,3,3,47,-0.0044486086119736035,-0.9465124706326816,0.5106382978723404,0.5106382978723404,0.029778727631413402
prior3_bp_ge_0&rvol3_prior3_pos,prior3_bp_ge_0,rvol3_prior3_pos,2,2,3,41,-0.0044491624974595245,-1.0851615847462255,0.3902439024390244,0.3902439024390244,0.029544630452128663
prior3_bp_ge_5&rvol3_prior3_pos,prior3_bp_ge_5,rvol3_prior3_pos,2,2,3,41,-0.0044491624974595245,-1.0851615847462255,0.3902439024390244,0.3902439024390244,0.029544630452128663
rvol_ge_3&prior3_bp_ge_0,rvol_ge_3,prior3_bp_ge_0,2,2,3,41,-0.0044491624974595245,-1.0851615847462255,0.3902439024390244,0.3902439024390244,0.029544630452128663
rvol_ge_3&rvol3_prior3_pos,rvol_ge_3,rvol3_prior3_pos,2,2,3,41,-0.0044491624974595245,-1.0851615847462255,0.3902439024390244,0.3902439024390244,0.029544630452128663
rvol_ge_3&prior3_bp_ge_0,rvol_ge_3,prior3_bp_ge_0,2,2,1,41,-0.0044491624974595245,-1.0851615847462255,0.3902439024390244,0.3902439024390244,0.029544630452128663
rvol_ge_3&prior3_bp_ge_5,rvol_ge_3,prior3_bp_ge_5,2,2,3,41,-0.0044491624974595245,-1.0851615847462255,0.3902439024390244,0.3902439024390244,0.029544630452128663
prior3_bp_ge_0&rvol3_prior3_pos,prior3_bp_ge_0,rvol3_prior3_pos,2,2,1,41,-0.0044491624974595245,-1.0851615847462255,0.3902439024390244,0.3902439024390244,0.029544630452128663
prior3_bp_ge_5&rvol3_prior3_pos,prior3_bp_ge_5,rvol3_prior3_pos,2,2,1,41,-0.0044491624974595245,-1.0851615847462255,0.3902439024390244,0.3902439024390244,0.029544630452128663
rvol_ge_3&rvol3_prior3_pos,rvol_ge_3,rvol3_prior3_pos,2,2,1,41,-0.0044491624974595245,-1.0851615847462255,0.3902439024390244,0.3902439024390244,0.029544630452128663
rvol_ge_3&prior3_bp_ge_5,rvol_ge_3,prior3_bp_ge_5,2,2,1,41,-0.0044491624974595245,-1.0851615847462255,0.3902439024390244,0.3902439024390244,0.029544630452128663
prior3_bp_ge_10&prior5_bp_ge_10,prior3_bp_ge_10,prior5_bp_ge_10,2,1,1,43,-0.004454695274631604,-1.0359756452631637,0.2558139534883721,0.2558139534883721,0.02907614593538991
prior3_bp_ge_10&prior5_bp_ge_10,prior3_bp_ge_10,prior5_bp_ge_10,2,1,3,43,-0.004454695274631604,-1.0359756452631637,0.2558139534883721,0.2558139534883721,0.02907614593538991
green_ge_7.5&prior5_bp_ge_10,green_ge_7.5,prior5_bp_ge_10,2,1,3,39,-0.004455988000045985,-1.1425610256528167,0.23076923076923078,0.23076923076923078,0.03207399788985119
green_ge_7.5&prior5_bp_ge_10,green_ge_7.5,prior5_bp_ge_10,2,1,1,39,-0.004455988000045985,-1.1425610256528167,0.23076923076923078,0.23076923076923078,0.03207399788985119
prior3_bp_ge_0&close_loc_ge_0.75,prior3_bp_ge_0,close_loc_ge_0.75,1,3,1,59,-0.004457874952446539,-0.7555720258383964,0.6271186440677966,0.6271186440677966,0.03456632581253155
green_ge_7.5&prior5_bp_ge_10,green_ge_7.5,prior5_bp_ge_10,5,3,1,39,-0.004459804247335608,-1.143539550598874,0.28205128205128205,0.3076923076923077,0.03230553114338787
prior5_bp_ge_10&range_ge_10,prior5_bp_ge_10,range_ge_10,2,1,3,39,-0.0044607924459656445,-1.1437929348629858,0.23076923076923078,0.23076923076923078,0.032149769264987964
prior5_bp_ge_10&range_ge_10,prior5_bp_ge_10,range_ge_10,2,1,1,39,-0.0044607924459656445,-1.1437929348629858,0.23076923076923078,0.23076923076923078,0.032149769264987964
prior5_bp_ge_0&close_loc_ge_0.75,prior5_bp_ge_0,close_loc_ge_0.75,2,1,3,55,-0.0044691063922716046,-0.8125647985948371,0.3090909090909091,0.3090909090909091,0.020275636889924623
prior5_bp_ge_0&close_loc_ge_0.75,prior5_bp_ge_0,close_loc_ge_0.75,2,1,1,55,-0.0044691063922716046,-0.8125647985948371,0.3090909090909091,0.3090909090909091,0.020275636889924623
prior3_bp_ge_10&prior5_bp_ge_0,prior3_bp_ge_10,prior5_bp_ge_0,2,1,1,47,-0.004471126779449275,-0.9513035700955903,0.2765957446808511,0.2765957446808511,0.02657976430962506
prior3_bp_ge_10&prior5_bp_ge_0,prior3_bp_ge_10,prior5_bp_ge_0,2,1,3,47,-0.004471126779449275,-0.9513035700955903,0.2765957446808511,0.2765957446808511,0.02657976430962506
prior3_bp_ge_10&prior5_bp_ge_0,prior3_bp_ge_10,prior5_bp_ge_0,5,2,3,47,-0.004471266821403197,-0.9513333662559994,0.2553191489361702,0.2553191489361702,0.030918084792457355
green_ge_7.5&range_ge_10,green_ge_7.5,range_ge_10,2,5,3,49,-0.004474041731738709,-0.9130697411711651,0.6122448979591837,0.6326530612244898,0.03893339118920237
prior5_bp_ge_5&rvol3_prior3_pos,prior5_bp_ge_5,rvol3_prior3_pos,1,1,3,39,-0.004474407843388484,-1.1472840624073035,0.3076923076923077,0.3076923076923077,0.037086899528076964
prior5_bp_ge_5&rvol3_prior3_pos,prior5_bp_ge_5,rvol3_prior3_pos,1,1,1,39,-0.004474407843388484,-1.1472840624073035,0.3076923076923077,0.3076923076923077,0.037086899528076964
prior5_bp_ge_5&close_loc_ge_0.75,prior5_bp_ge_5,close_loc_ge_0.75,2,1,3,51,-0.0044767841852400014,-0.8778008206352944,0.29411764705882354,0.29411764705882354,0.021861750120430543
prior5_bp_ge_5&close_loc_ge_0.75,prior5_bp_ge_5,close_loc_ge_0.75,2,1,1,51,-0.0044767841852400014,-0.8778008206352944,0.29411764705882354,0.29411764705882354,0.021861750120430543
green_ge_7.5&prior3_bp_ge_5,green_ge_7.5,prior3_bp_ge_5,3,5,1,47,-0.004492002101224246,-0.9557451279200523,0.48936170212765956,0.5106382978723404,0.03528961653319513
prior3_bp_ge_0&close_loc_ge_0.75,prior3_bp_ge_0,close_loc_ge_0.75,1,2,3,59,-0.004508042807048529,-0.7640750520421236,0.559322033898305,0.559322033898305,0.027209281956518522
prior3_bp_ge_10&range_ge_10,prior3_bp_ge_10,range_ge_10,5,3,1,37,-0.004508045421384277,-1.2183906544281828,0.2972972972972973,0.2972972972972973,0.03285191691568128
green_ge_7.5&rvol_ge_3,green_ge_7.5,rvol_ge_3,5,2,1,30,-0.004513894253789119,-1.5046314179297064,0.16666666666666666,0.2,0.052127126162236394
prior5_bp_ge_0&prior5_bp_ge_10,prior5_bp_ge_0,prior5_bp_ge_10,2,5,1,55,-0.004521564116725996,-0.8221025666774538,0.5818181818181818,0.5818181818181818,0.03705077907768167
prior5_bp_ge_5&prior5_bp_ge_10,prior5_bp_ge_5,prior5_bp_ge_10,2,5,1,55,-0.004521564116725996,-0.8221025666774538,0.5818181818181818,0.5818181818181818,0.03705077907768167
green_ge_7.5&prior5_bp_ge_5,green_ge_7.5,prior5_bp_ge_5,3,5,3,46,-0.0045232517596878186,-0.9833155999321346,0.5217391304347826,0.5434782608695652,0.03409283510914065
prior3_bp_ge_0&prior3_bp_ge_10,prior3_bp_ge_0,prior3_bp_ge_10,5,3,1,48,-0.004524038566683708,-0.9425080347257725,0.2916666666666667,0.3333333333333333,0.026740223554218723
prior3_bp_ge_5&prior3_bp_ge_10,prior3_bp_ge_5,prior3_bp_ge_10,5,3,1,48,-0.004524038566683708,-0.9425080347257725,0.2916666666666667,0.3333333333333333,0.026740223554218723
prior3_bp_ge_10&prior5_bp_ge_5,prior3_bp_ge_10,prior5_bp_ge_5,3,5,3,46,-0.0045252282646632835,-0.9837452749268008,0.5434782608695652,0.5652173913043478,0.032610935829112835
prior5_bp_ge_10&range_ge_10,prior5_bp_ge_10,range_ge_10,2,5,3,39,-0.004525826319771831,-1.1604682871209822,0.5897435897435898,0.6153846153846154,0.04702923643971799
prior3_bp_ge_0&close_loc_ge_0.9,prior3_bp_ge_0,close_loc_ge_0.9,5,3,3,37,-0.00452635131780077,-1.2233381940002082,0.2702702702702703,0.32432432432432434,0.03398155503938962
range_ge_10&close_loc_ge_0.75,range_ge_10,close_loc_ge_0.75,2,5,1,42,-0.004529517769325975,-1.0784566117442798,0.5714285714285714,0.5714285714285714,0.04330351583113629
prior5_bp_ge_5&rvol3_prior3_pos,prior5_bp_ge_5,rvol3_prior3_pos,2,1,3,39,-0.0045299114247651096,-1.1615157499397717,0.23076923076923078,0.23076923076923078,0.03161353229990558
prior5_bp_ge_5&rvol3_prior3_pos,prior5_bp_ge_5,rvol3_prior3_pos,2,1,1,39,-0.0045299114247651096,-1.1615157499397717,0.23076923076923078,0.23076923076923078,0.03161353229990558
green_ge_7.5&prior3_bp_ge_0,green_ge_7.5,prior3_bp_ge_0,2,3,1,50,-0.004536644122743239,-0.9073288245486477,0.5,0.5,0.028751535518780222
prior3_bp_ge_10&prior5_bp_ge_10,prior3_bp_ge_10,prior5_bp_ge_10,3,5,3,43,-0.004538670900800956,-1.055504860651385,0.5348837209302325,0.5581395348837209,0.03472187792461363
rvol_ge_3&prior5_bp_ge_0,rvol_ge_3,prior5_bp_ge_0,5,5,1,42,-0.0045401504859770014,-1.0809882109469051,0.2619047619047619,0.40476190476190477,0.0368545427557073
prior3_bp_ge_0&prior5_bp_ge_5,prior3_bp_ge_0,prior5_bp_ge_5,2,5,1,69,-0.0045485446258842765,-0.659209366070185,0.5942028985507246,0.5942028985507246,0.03054015745776344
prior5_bp_ge_5&close_loc_ge_0.75,prior5_bp_ge_5,close_loc_ge_0.75,3,1,3,51,-0.004555104476267613,-0.89315774044463,0.23529411764705882,0.23529411764705882,0.02638643399449853
range_ge_10&close_loc_ge_0.75,range_ge_10,close_loc_ge_0.75,5,1,1,42,-0.00455927923332089,-1.085542674600212,0.14285714285714285,0.14285714285714285,0.048558988320408315
range_ge_10&close_loc_ge_0.75,range_ge_10,close_loc_ge_0.75,5,1,3,42,-0.00455927923332089,-1.085542674600212,0.14285714285714285,0.14285714285714285,0.048558988320408315
prior3_bp_ge_10&range_ge_10,prior3_bp_ge_10,range_ge_10,3,5,3,37,-0.004570529897002684,-1.2352783505412661,0.5135135135135135,0.5405405405405406,0.03997438191643063
prior5_bp_ge_5&close_loc_ge_0.75,prior5_bp_ge_5,close_loc_ge_0.75,3,1,1,51,-0.004576467559752939,-0.8973465803437135,0.21568627450980393,0.23529411764705882,0.026993800684530937
rvol_ge_3&prior3_bp_ge_10,rvol_ge_3,prior3_bp_ge_10,2,3,1,29,-0.004576849778087366,-1.5782240614094367,0.3793103448275862,0.3793103448275862,0.04696125210423849
prior3_bp_ge_10&rvol3_prior3_pos,prior3_bp_ge_10,rvol3_prior3_pos,2,3,1,29,-0.004576849778087366,-1.5782240614094367,0.3793103448275862,0.3793103448275862,0.04696125210423849
rvol_ge_3&prior3_bp_ge_10,rvol_ge_3,prior3_bp_ge_10,3,3,1,29,-0.004579489593425579,-1.5791343425605444,0.3103448275862069,0.3103448275862069,0.04241923793092233
prior3_bp_ge_10&rvol3_prior3_pos,prior3_bp_ge_10,rvol3_prior3_pos,3,3,1,29,-0.004579489593425579,-1.5791343425605444,0.3103448275862069,0.3103448275862069,0.04241923793092233
prior5_bp_ge_5&close_loc_ge_0.9,prior5_bp_ge_5,close_loc_ge_0.9,5,2,1,32,-0.0045815844252361515,-1.4317451328862973,0.1875,0.1875,0.048321960054539224
prior3_bp_ge_5&range_ge_10,prior3_bp_ge_5,range_ge_10,5,5,1,52,-0.0045912793598889,-0.8829383384401731,0.38461538461538464,0.4423076923076923,0.025845350518174173
prior3_bp_ge_10&range_ge_10,prior3_bp_ge_10,range_ge_10,3,3,1,37,-0.004599200533767389,-1.2430271712884835,0.3783783783783784,0.3783783783783784,0.03249458719804347
rvol_ge_3&prior5_bp_ge_0,rvol_ge_3,prior5_bp_ge_0,5,1,1,42,-0.004604477977001142,-1.0963042802383671,0.11904761904761904,0.16666666666666666,0.05144960221857484
prior3_bp_ge_0&range_ge_10,prior3_bp_ge_0,range_ge_10,5,1,1,54,-0.004608186813709225,-0.8533679284646714,0.16666666666666666,0.18518518518518517,0.03689338957222148
prior3_bp_ge_10&prior5_bp_ge_10,prior3_bp_ge_10,prior5_bp_ge_10,1,1,1,43,-0.004609246799132216,-1.0719178602633062,0.32558139534883723,0.32558139534883723,0.03457259660301217
prior3_bp_ge_10&prior5_bp_ge_10,prior3_bp_ge_10,prior5_bp_ge_10,1,1,3,43,-0.004609246799132216,-1.0719178602633062,0.32558139534883723,0.32558139534883723,0.03457259660301217
prior3_bp_ge_10&prior5_bp_ge_0,prior3_bp_ge_10,prior5_bp_ge_0,5,3,1,47,-0.004627655159023081,-0.9846074806432087,0.2978723404255319,0.3191489361702128,0.026883587549823652
green_ge_7.5&close_loc_ge_0.75,green_ge_7.5,close_loc_ge_0.75,3,5,1,42,-0.0046304742667798715,-1.1024938730428266,0.47619047619047616,0.5,0.038331133317174415
rvol_ge_3&prior3_bp_ge_0,rvol_ge_3,prior3_bp_ge_0,3,2,1,41,-0.004631534219888267,-1.1296424926556747,0.2926829268292683,0.3170731707317073,0.02663058542868443
rvol_ge_3&rvol3_prior3_pos,rvol_ge_3,rvol3_prior3_pos,3,2,1,41,-0.004631534219888267,-1.1296424926556747,0.2926829268292683,0.3170731707317073,0.02663058542868443
prior3_bp_ge_0&rvol3_prior3_pos,prior3_bp_ge_0,rvol3_prior3_pos,3,2,1,41,-0.004631534219888267,-1.1296424926556747,0.2926829268292683,0.3170731707317073,0.02663058542868443
prior3_bp_ge_5&rvol3_prior3_pos,prior3_bp_ge_5,rvol3_prior3_pos,3,2,1,41,-0.004631534219888267,-1.1296424926556747,0.2926829268292683,0.3170731707317073,0.02663058542868443
rvol_ge_3&prior3_bp_ge_5,rvol_ge_3,prior3_bp_ge_5,3,2,1,41,-0.004631534219888267,-1.1296424926556747,0.2926829268292683,0.3170731707317073,0.02663058542868443
prior3_bp_ge_0&prior3_bp_ge_5,prior3_bp_ge_0,prior3_bp_ge_5,2,2,1,74,-0.004632706378197238,-0.6260414024590862,0.47297297297297297,0.47297297297297297,0.01712523253439824
range_ge_10&close_loc_ge_0.75,range_ge_10,close_loc_ge_0.75,5,5,1,42,-0.00463820542432547,-1.1043346248393977,0.38095238095238093,0.42857142857142855,0.030741580821463603
green_ge_7.5&rvol3_prior3_pos,green_ge_7.5,rvol3_prior3_pos,5,3,1,27,-0.004647885345225977,-1.721439016750362,0.18518518518518517,0.25925925925925924,0.05127004507815285
close_loc_ge_0.75&close_loc_ge_0.9,close_loc_ge_0.75,close_loc_ge_0.9,5,3,1,43,-0.0046479159562174965,-1.080910687492441,0.2558139534883721,0.32558139534883723,0.03123836960663679
rvol_ge_3&prior5_bp_ge_5,rvol_ge_3,prior5_bp_ge_5,2,2,1,40,-0.004655065860228347,-1.1637664650570867,0.375,0.375,0.030101015338374355
rvol_ge_3&prior5_bp_ge_5,rvol_ge_3,prior5_bp_ge_5,2,2,3,40,-0.004655065860228347,-1.1637664650570867,0.375,0.375,0.030101015338374355
prior5_bp_ge_0&rvol3_prior3_pos,prior5_bp_ge_0,rvol3_prior3_pos,2,2,1,40,-0.00465710161288635,-1.1642754032215874,0.375,0.375,0.030106620915694167
prior5_bp_ge_0&rvol3_prior3_pos,prior5_bp_ge_0,rvol3_prior3_pos,2,2,3,40,-0.00465710161288635,-1.1642754032215874,0.375,0.375,0.030106620915694167
prior5_bp_ge_5&close_loc_ge_0.9,prior5_bp_ge_5,close_loc_ge_0.9,5,2,3,32,-0.0046627272326646985,-1.4571022602077184,0.1875,0.21875,0.04794018636194886
prior5_bp_ge_10&range_ge_10,prior5_bp_ge_10,range_ge_10,2,5,1,39,-0.004665389046762725,-1.196253601734032,0.5641025641025641,0.5641025641025641,0.048126692393273045
prior3_bp_ge_0&prior5_bp_ge_0,prior3_bp_ge_0,prior5_bp_ge_0,1,3,3,72,-0.004675270957712585,-0.6493431885711924,0.6666666666666666,0.6666666666666666,0.028852229537668528
prior5_bp_ge_5&rvol3_prior3_pos,prior5_bp_ge_5,rvol3_prior3_pos,3,1,3,39,-0.004683423107581075,-1.2008777198925833,0.1794871794871795,0.1794871794871795,0.03505699080352614
prior3_bp_ge_10&prior5_bp_ge_5,prior3_bp_ge_10,prior5_bp_ge_5,2,1,1,46,-0.004683913315864485,-1.0182420251879316,0.2608695652173913,0.2608695652173913,0.02716452103962553
prior3_bp_ge_10&prior5_bp_ge_5,prior3_bp_ge_10,prior5_bp_ge_5,2,1,3,46,-0.004683913315864485,-1.0182420251879316,0.2608695652173913,0.2608695652173913,0.02716452103962553
prior3_bp_ge_5&range_ge_10,prior3_bp_ge_5,range_ge_10,2,5,3,52,-0.004688988761151425,-0.9017286079137355,0.6153846153846154,0.6346153846153846,0.03675554875406695
prior5_bp_ge_5&range_ge_10,prior5_bp_ge_5,range_ge_10,3,2,1,49,-0.004689860707382643,-0.9571144300780903,0.3469387755102041,0.3469387755102041,0.021703261373336034
prior5_bp_ge_5&range_ge_10,prior5_bp_ge_5,range_ge_10,3,2,3,49,-0.004689860707382643,-0.9571144300780903,0.3469387755102041,0.3469387755102041,0.021703261373336034
prior5_bp_ge_0&prior5_bp_ge_5,prior5_bp_ge_0,prior5_bp_ge_5,5,5,1,71,-0.004695378543501438,-0.661320921619921,0.323943661971831,0.4225352112676056,0.02206690223814749
range_ge_10&rvol3_prior3_pos,range_ge_10,rvol3_prior3_pos,3,5,1,30,-0.004697737136824864,-1.5659123789416214,0.4,0.43333333333333335,0.05183007817050361
prior5_bp_ge_5&rvol3_prior3_pos,prior5_bp_ge_5,rvol3_prior3_pos,3,1,1,39,-0.004704786191066401,-1.2063554336067694,0.15384615384615385,0.1794871794871795,0.03616610113527265
rvol_ge_3&rvol3_prior3_pos,rvol_ge_3,rvol3_prior3_pos,3,5,1,41,-0.00470828007462476,-1.148360993810917,0.4146341463414634,0.4634146341463415,0.04042008707479311
prior3_bp_ge_5&rvol3_prior3_pos,prior3_bp_ge_5,rvol3_prior3_pos,3,5,1,41,-0.00470828007462476,-1.148360993810917,0.4146341463414634,0.4634146341463415,0.04042008707479311
rvol_ge_3&prior3_bp_ge_5,rvol_ge_3,prior3_bp_ge_5,3,5,1,41,-0.00470828007462476,-1.148360993810917,0.4146341463414634,0.4634146341463415,0.04042008707479311
rvol_ge_3&prior3_bp_ge_0,rvol_ge_3,prior3_bp_ge_0,3,5,1,41,-0.00470828007462476,-1.148360993810917,0.4146341463414634,0.4634146341463415,0.04042008707479311
prior3_bp_ge_0&rvol3_prior3_pos,prior3_bp_ge_0,rvol3_prior3_pos,3,5,1,41,-0.00470828007462476,-1.148360993810917,0.4146341463414634,0.4634146341463415,0.04042008707479311
prior3_bp_ge_0&rvol3_prior3_pos,prior3_bp_ge_0,rvol3_prior3_pos,3,2,3,41,-0.004708737833299725,-1.1484726422682257,0.3170731707317073,0.3170731707317073,0.0258039339457971
rvol_ge_3&rvol3_prior3_pos,rvol_ge_3,rvol3_prior3_pos,3,2,3,41,-0.004708737833299725,-1.1484726422682257,0.3170731707317073,0.3170731707317073,0.0258039339457971
rvol_ge_3&prior3_bp_ge_0,rvol_ge_3,prior3_bp_ge_0,3,2,3,41,-0.004708737833299725,-1.1484726422682257,0.3170731707317073,0.3170731707317073,0.0258039339457971
prior3_bp_ge_5&rvol3_prior3_pos,prior3_bp_ge_5,rvol3_prior3_pos,3,2,3,41,-0.004708737833299725,-1.1484726422682257,0.3170731707317073,0.3170731707317073,0.0258039339457971
rvol_ge_3&prior3_bp_ge_5,rvol_ge_3,prior3_bp_ge_5,3,2,3,41,-0.004708737833299725,-1.1484726422682257,0.3170731707317073,0.3170731707317073,0.0258039339457971
prior3_bp_ge_0&close_loc_ge_0.75,prior3_bp_ge_0,close_loc_ge_0.75,1,2,1,59,-0.004709969216181165,-0.7982998671493499,0.5423728813559322,0.5423728813559322,0.02721377008274
prior3_bp_ge_0&range_ge_15,prior3_bp_ge_0,range_ge_15,3,3,3,22,-0.0047174090102161115,-2.144276822825505,0.2727272727272727,0.2727272727272727,0.05096707538978233
prior3_bp_ge_0&range_ge_15,prior3_bp_ge_0,range_ge_15,3,3,1,22,-0.0047174090102161115,-2.144276822825505,0.2727272727272727,0.2727272727272727,0.05096707538978233
green_ge_7.5&close_loc_ge_0.75,green_ge_7.5,close_loc_ge_0.75,1,1,3,42,-0.004721201154779919,-1.1240955130428378,0.30952380952380953,0.30952380952380953,0.032161306826823104
green_ge_7.5&close_loc_ge_0.75,green_ge_7.5,close_loc_ge_0.75,1,1,1,42,-0.004721201154779919,-1.1240955130428378,0.30952380952380953,0.30952380952380953,0.032161306826823104
prior3_bp_ge_5&prior3_bp_ge_10,prior3_bp_ge_5,prior3_bp_ge_10,1,1,1,48,-0.0047222503905891555,-0.9838021647060741,0.3541666666666667,0.3541666666666667,0.03145917015956167
prior3_bp_ge_5&prior3_bp_ge_10,prior3_bp_ge_5,prior3_bp_ge_10,1,1,3,48,-0.0047222503905891555,-0.9838021647060741,0.3541666666666667,0.3541666666666667,0.03145917015956167
prior3_bp_ge_0&prior3_bp_ge_10,prior3_bp_ge_0,prior3_bp_ge_10,1,1,1,48,-0.0047222503905891555,-0.9838021647060741,0.3541666666666667,0.3541666666666667,0.03145917015956167
prior3_bp_ge_0&prior3_bp_ge_10,prior3_bp_ge_0,prior3_bp_ge_10,1,1,3,48,-0.0047222503905891555,-0.9838021647060741,0.3541666666666667,0.3541666666666667,0.03145917015956167
prior3_bp_ge_0&prior5_bp_ge_10,prior3_bp_ge_0,prior5_bp_ge_10,1,2,3,54,-0.0047223516888371675,-0.8745095720068828,0.5370370370370371,0.5370370370370371,0.030309819630222612
prior3_bp_ge_5&prior5_bp_ge_10,prior3_bp_ge_5,prior5_bp_ge_10,1,2,3,54,-0.0047223516888371675,-0.8745095720068828,0.5370370370370371,0.5370370370370371,0.030309819630222612
rvol_ge_3&close_loc_ge_0.75,rvol_ge_3,close_loc_ge_0.75,3,5,3,33,-0.004724089421938027,-1.4315422490721295,0.45454545454545453,0.48484848484848486,0.044710803572506244
prior3_bp_ge_10&prior5_bp_ge_10,prior3_bp_ge_10,prior5_bp_ge_10,3,3,3,43,-0.004727595465104151,-1.0994408058381746,0.4186046511627907,0.4186046511627907,0.028659892625117186
prior3_bp_ge_5&prior5_bp_ge_0,prior3_bp_ge_5,prior5_bp_ge_0,2,2,1,71,-0.004731730997400652,-0.6664409855493876,0.4647887323943662,0.4647887323943662,0.01779576590134531
prior5_bp_ge_0&range_ge_15,prior5_bp_ge_0,range_ge_15,3,3,3,22,-0.004737228630595447,-2.1532857411797486,0.2727272727272727,0.2727272727272727,0.05084763074426529
prior5_bp_ge_0&range_ge_15,prior5_bp_ge_0,range_ge_15,3,3,1,22,-0.004737228630595447,-2.1532857411797486,0.2727272727272727,0.2727272727272727,0.05084763074426529
prior3_bp_ge_0&prior5_bp_ge_0,prior3_bp_ge_0,prior5_bp_ge_0,2,2,3,72,-0.004740746381187044,-0.6584369973870895,0.4722222222222222,0.4722222222222222,0.017403614541530193
rvol_ge_3&prior5_bp_ge_0,rvol_ge_3,prior5_bp_ge_0,2,2,3,42,-0.004746004099143497,-1.130000975986547,0.38095238095238093,0.38095238095238093,0.02874548713664001
rvol_ge_3&prior5_bp_ge_0,rvol_ge_3,prior5_bp_ge_0,2,2,1,42,-0.004746004099143497,-1.130000975986547,0.38095238095238093,0.38095238095238093,0.02874548713664001
green_ge_7.5&prior3_bp_ge_10,green_ge_7.5,prior3_bp_ge_10,3,3,3,36,-0.004757729762499108,-1.3215916006941966,0.3888888888888889,0.3888888888888889,0.03393035700302202
prior3_bp_ge_0&range_ge_10,prior3_bp_ge_0,range_ge_10,2,1,1,54,-0.004757970738243911,-0.8811056922673909,0.2962962962962963,0.2962962962962963,0.023068130673498142
prior3_bp_ge_0&range_ge_10,prior3_bp_ge_0,range_ge_10,2,1,3,54,-0.004757970738243911,-0.8811056922673909,0.2962962962962963,0.2962962962962963,0.023068130673498142
green_ge_7.5&close_loc_ge_0.75,green_ge_7.5,close_loc_ge_0.75,3,2,1,42,-0.004762945354008119,-1.1340346080971713,0.30952380952380953,0.30952380952380953,0.025809055524059453
prior3_bp_ge_5&range_ge_10,prior3_bp_ge_5,range_ge_10,2,1,1,52,-0.004768509764948914,-0.917021108644022,0.28846153846153844,0.28846153846153844,0.023945534819345887
prior3_bp_ge_5&range_ge_10,prior3_bp_ge_5,range_ge_10,2,1,3,52,-0.004768509764948914,-0.917021108644022,0.28846153846153844,0.28846153846153844,0.023945534819345887
green_ge_7.5&close_loc_ge_0.75,green_ge_7.5,close_loc_ge_0.75,3,5,3,42,-0.004770882567723622,-1.1359244208865766,0.5,0.5238095238095238,0.0366904423018243
prior3_bp_ge_5&prior3_bp_ge_10,prior3_bp_ge_5,prior3_bp_ge_10,5,2,3,48,-0.004774883413742326,-0.9947673778629845,0.25,0.25,0.030369387705030594
prior3_bp_ge_0&prior3_bp_ge_10,prior3_bp_ge_0,prior3_bp_ge_10,5,2,3,48,-0.004774883413742326,-0.9947673778629845,0.25,0.25,0.030369387705030594
green_ge_7.5&prior5_bp_ge_5,green_ge_7.5,prior5_bp_ge_5,2,3,1,46,-0.004779408629316362,-1.0390018759383395,0.4782608695652174,0.4782608695652174,0.030889836010801672
prior5_bp_ge_10&rvol3_prior3_pos,prior5_bp_ge_10,rvol3_prior3_pos,5,2,3,32,-0.004786304223462379,-1.4957200698319935,0.1875,0.1875,0.04737403846507333
rvol_ge_3&prior5_bp_ge_10,rvol_ge_3,prior5_bp_ge_10,5,2,3,32,-0.004786304223462379,-1.4957200698319935,0.1875,0.1875,0.04737403846507333
prior3_bp_ge_5&prior5_bp_ge_0,prior3_bp_ge_5,prior5_bp_ge_0,1,3,3,71,-0.004791392498258218,-0.6748440138391857,0.6619718309859155,0.6619718309859155,0.029076939540375886
prior3_bp_ge_0&range_ge_10,prior3_bp_ge_0,range_ge_10,5,2,1,54,-0.004795478770631911,-0.8880516241910946,0.25925925925925924,0.2777777777777778,0.026781649321224676
rvol_ge_3&range_ge_10,rvol_ge_3,range_ge_10,5,2,1,34,-0.004797737303369076,-1.4110992068732577,0.20588235294117646,0.20588235294117646,0.043371008445492486
rvol_ge_3&range_ge_10,rvol_ge_3,range_ge_10,5,2,3,34,-0.004797737303369076,-1.4110992068732577,0.20588235294117646,0.20588235294117646,0.043371008445492486
range_ge_10&close_loc_ge_0.75,range_ge_10,close_loc_ge_0.75,5,2,1,42,-0.004798086340242813,-1.1424015095816222,0.23809523809523808,0.23809523809523808,0.03456637018140836
range_ge_10&close_loc_ge_0.75,range_ge_10,close_loc_ge_0.75,5,2,3,42,-0.004798086340242813,-1.1424015095816222,0.23809523809523808,0.23809523809523808,0.03456637018140836
prior5_bp_ge_0&range_ge_10,prior5_bp_ge_0,range_ge_10,3,1,3,52,-0.004798587952800193,-0.9228053755384986,0.23076923076923078,0.23076923076923078,0.025585634498940857
prior5_bp_ge_0&range_ge_10,prior5_bp_ge_0,range_ge_10,3,1,1,52,-0.004798587952800193,-0.9228053755384986,0.23076923076923078,0.23076923076923078,0.025585634498940857
green_ge_7.5&prior5_bp_ge_0,green_ge_7.5,prior5_bp_ge_0,2,3,1,49,-0.004799845662764479,-0.9795603393396897,0.4897959183673469,0.4897959183673469,0.030121504600719627
prior5_bp_ge_0&range_ge_10,prior5_bp_ge_0,range_ge_10,5,5,1,52,-0.004800350348392102,-0.9231442977677119,0.38461538461538464,0.4423076923076923,0.025636006208883757
green_ge_7.5&rvol_ge_3,green_ge_7.5,rvol_ge_3,3,5,3,30,-0.004811230912112552,-1.6037436373708507,0.43333333333333335,0.4666666666666667,0.048860664599289116
green_ge_7.5&prior5_bp_ge_5,green_ge_7.5,prior5_bp_ge_5,3,5,1,46,-0.004813587247533668,-1.0464320103334062,0.4782608695652174,0.5,0.035855813830300655
prior3_bp_ge_0&prior3_bp_ge_10,prior3_bp_ge_0,prior3_bp_ge_10,3,5,3,48,-0.004822672530775396,-1.004723443911541,0.5416666666666666,0.5625,0.031197002850188962
prior3_bp_ge_5&prior3_bp_ge_10,prior3_bp_ge_5,prior3_bp_ge_10,3,5,3,48,-0.004822672530775396,-1.004723443911541,0.5416666666666666,0.5625,0.031197002850188962
prior3_bp_ge_10&prior5_bp_ge_0,prior3_bp_ge_10,prior5_bp_ge_0,1,1,1,47,-0.004824068868606646,-1.0263976316184353,0.3404255319148936,0.3404255319148936,0.03184743333875832
prior3_bp_ge_10&prior5_bp_ge_0,prior3_bp_ge_10,prior5_bp_ge_0,1,1,3,47,-0.004824068868606646,-1.0263976316184353,0.3404255319148936,0.3404255319148936,0.03184743333875832
green_ge_7.5&prior3_bp_ge_5,green_ge_7.5,prior3_bp_ge_5,5,2,1,47,-0.004849408969569313,-1.031789142461556,0.23404255319148937,0.2553191489361702,0.03160108206916224
prior5_bp_ge_5&rvol3_prior3_pos,prior5_bp_ge_5,rvol3_prior3_pos,2,2,1,39,-0.00486942813246849,-1.2485713160175613,0.358974358974359,0.358974358974359,0.030702967569343192
prior5_bp_ge_5&rvol3_prior3_pos,prior5_bp_ge_5,rvol3_prior3_pos,2,2,3,39,-0.00486942813246849,-1.2485713160175613,0.358974358974359,0.358974358974359,0.030702967569343192
prior3_bp_ge_5&prior5_bp_ge_10,prior3_bp_ge_5,prior5_bp_ge_10,2,2,3,54,-0.004869618353434468,-0.9017811765619386,0.42592592592592593,0.42592592592592593,0.022840095435361186
prior3_bp_ge_0&prior5_bp_ge_10,prior3_bp_ge_0,prior5_bp_ge_10,2,2,3,54,-0.004869618353434468,-0.9017811765619386,0.42592592592592593,0.42592592592592593,0.022840095435361186
prior5_bp_ge_0&close_loc_ge_0.75,prior5_bp_ge_0,close_loc_ge_0.75,3,1,3,55,-0.004879754942319847,-0.8872281713308813,0.23636363636363636,0.23636363636363636,0.024464081711570627
prior3_bp_ge_0&close_loc_ge_0.9,prior3_bp_ge_0,close_loc_ge_0.9,5,1,3,37,-0.004898429795676784,-1.3238999447775093,0.10810810810810811,0.10810810810810811,0.057646547024938204
prior3_bp_ge_0&close_loc_ge_0.9,prior3_bp_ge_0,close_loc_ge_0.9,5,1,1,37,-0.004898429795676784,-1.3238999447775093,0.10810810810810811,0.10810810810810811,0.057646547024938204
prior5_bp_ge_0&close_loc_ge_0.75,prior5_bp_ge_0,close_loc_ge_0.75,3,1,1,55,-0.004901118025805173,-0.8911123683282134,0.21818181818181817,0.23636363636363636,0.024980925654557166
range_ge_10&rvol3_prior3_pos,range_ge_10,rvol3_prior3_pos,2,5,1,30,-0.004908625054659832,-1.6362083515532775,0.4666666666666667,0.4666666666666667,0.05885588545467505
prior3_bp_ge_0&prior3_bp_ge_5,prior3_bp_ge_0,prior3_bp_ge_5,5,5,1,74,-0.0049164345022926215,-0.6643830408503543,0.32432432432432434,0.44594594594594594,0.021039952618611173
range_ge_10&rvol3_prior3_pos,range_ge_10,rvol3_prior3_pos,3,3,1,30,-0.004918576473352365,-1.639525491117455,0.3,0.3333333333333333,0.04129619813353114
prior5_bp_ge_5&prior5_bp_ge_10,prior5_bp_ge_5,prior5_bp_ge_10,3,5,1,55,-0.004922548234052804,-0.8950087698277824,0.4909090909090909,0.4909090909090909,0.03057340484160147
prior5_bp_ge_0&prior5_bp_ge_10,prior5_bp_ge_0,prior5_bp_ge_10,3,5,1,55,-0.004922548234052804,-0.8950087698277824,0.4909090909090909,0.4909090909090909,0.03057340484160147
prior5_bp_ge_10&range_ge_10,prior5_bp_ge_10,range_ge_10,2,3,3,39,-0.004923377798534689,-1.2624045637268433,0.46153846153846156,0.46153846153846156,0.034809851674683846
prior3_bp_ge_5&prior5_bp_ge_10,prior3_bp_ge_5,prior5_bp_ge_10,1,2,1,54,-0.004924278097969803,-0.9119033514758895,0.5185185185185185,0.5185185185185185,0.030315197923319912
prior3_bp_ge_0&prior5_bp_ge_10,prior3_bp_ge_0,prior5_bp_ge_10,1,2,1,54,-0.004924278097969803,-0.9119033514758895,0.5185185185185185,0.5185185185185185,0.030315197923319912
range_ge_10&range_ge_15,range_ge_10,range_ge_15,3,3,3,26,-0.004929570687822404,-1.8959887260855401,0.3076923076923077,0.3076923076923077,0.04342226806403073
range_ge_10&range_ge_15,range_ge_10,range_ge_15,3,3,1,26,-0.004929570687822404,-1.8959887260855401,0.3076923076923077,0.3076923076923077,0.04342226806403073
green_ge_7.5&prior3_bp_ge_5,green_ge_7.5,prior3_bp_ge_5,2,1,1,47,-0.004931176356400724,-1.0491864588086646,0.2553191489361702,0.2553191489361702,0.026426734106361403
green_ge_7.5&prior3_bp_ge_5,green_ge_7.5,prior3_bp_ge_5,2,1,3,47,-0.004931176356400724,-1.0491864588086646,0.2553191489361702,0.2553191489361702,0.026426734106361403
rvol_ge_3&prior5_bp_ge_0,rvol_ge_3,prior5_bp_ge_0,3,2,1,42,-0.004934907982813264,-1.174978091146015,0.2857142857142857,0.30952380952380953,0.025992976025300964
green_ge_7.5&rvol_ge_3,green_ge_7.5,rvol_ge_3,2,3,3,30,-0.004935560728921873,-1.6451869096406242,0.4,0.4,0.04491678707906561
prior3_bp_ge_0&close_loc_ge_0.75,prior3_bp_ge_0,close_loc_ge_0.75,2,1,1,59,-0.004938095615363514,-0.8369653585361888,0.3050847457627119,0.3050847457627119,0.01908132391155784
prior3_bp_ge_0&close_loc_ge_0.75,prior3_bp_ge_0,close_loc_ge_0.75,2,1,3,59,-0.004938095615363514,-0.8369653585361888,0.3050847457627119,0.3050847457627119,0.01908132391155784
prior3_bp_ge_10&prior5_bp_ge_5,prior3_bp_ge_10,prior5_bp_ge_5,1,1,3,46,-0.004940134252105932,-1.0739422287186808,0.32608695652173914,0.32608695652173914,0.032301879932087746
prior3_bp_ge_10&prior5_bp_ge_5,prior3_bp_ge_10,prior5_bp_ge_5,1,1,1,46,-0.004940134252105932,-1.0739422287186808,0.32608695652173914,0.32608695652173914,0.032301879932087746
rvol_ge_3&prior5_bp_ge_5,rvol_ge_3,prior5_bp_ge_5,3,2,1,40,-0.004940481798253793,-1.2351204495634482,0.275,0.3,0.027313384957093585
range_ge_10&range_ge_15,range_ge_10,range_ge_15,3,5,3,26,-0.004941504232736871,-1.9005785510526425,0.46153846153846156,0.46153846153846156,0.05338252200597917
range_ge_10&range_ge_15,range_ge_10,range_ge_15,3,5,1,26,-0.004941504232736871,-1.9005785510526425,0.46153846153846156,0.46153846153846156,0.05338252200597917
prior3_bp_ge_0&close_loc_ge_0.9,prior3_bp_ge_0,close_loc_ge_0.9,5,3,1,37,-0.004941983879713008,-1.3356713188413536,0.24324324324324326,0.2972972972972973,0.036114339493822534
prior5_bp_ge_0&rvol3_prior3_pos,prior5_bp_ge_0,rvol3_prior3_pos,3,2,1,40,-0.004943442893028727,-1.2358607232571817,0.275,0.3,0.027320098662405874
prior5_bp_ge_0&prior5_bp_ge_5,prior5_bp_ge_0,prior5_bp_ge_5,2,5,1,71,-0.004949828626180097,-0.6971589614338165,0.5915492957746479,0.5915492957746479,0.02941339196516119
prior5_bp_ge_5&range_ge_10,prior5_bp_ge_5,range_ge_10,2,1,3,49,-0.004960624631740629,-1.0123723738246182,0.2653061224489796,0.2653061224489796,0.025451760502340392
prior5_bp_ge_5&range_ge_10,prior5_bp_ge_5,range_ge_10,2,1,1,49,-0.004960624631740629,-1.0123723738246182,0.2653061224489796,0.2653061224489796,0.025451760502340392
rvol_ge_3&prior3_bp_ge_10,rvol_ge_3,prior3_bp_ge_10,5,3,1,29,-0.004968520085638417,-1.7132827881511783,0.20689655172413793,0.2413793103448276,0.04537040954340956
prior3_bp_ge_10&rvol3_prior3_pos,prior3_bp_ge_10,rvol3_prior3_pos,5,3,1,29,-0.004968520085638417,-1.7132827881511783,0.20689655172413793,0.2413793103448276,0.04537040954340956
prior5_bp_ge_10&range_ge_10,prior5_bp_ge_10,range_ge_10,3,5,3,39,-0.004972995164380101,-1.275126965225667,0.5128205128205128,0.5384615384615384,0.038094470575948065
green_ge_7.5&rvol3_prior3_pos,green_ge_7.5,rvol3_prior3_pos,3,3,3,27,-0.004979781043801035,-1.844363349555939,0.2962962962962963,0.2962962962962963,0.04591419224983102
green_ge_7.5&rvol_ge_3,green_ge_7.5,rvol_ge_3,5,2,3,30,-0.004981636169045012,-1.6605453896816706,0.16666666666666666,0.16666666666666666,0.051266768915904
prior5_bp_ge_10&rvol3_prior3_pos,prior5_bp_ge_10,rvol3_prior3_pos,2,5,3,32,-0.004982939733063407,-1.5571686665823148,0.53125,0.5625,0.05193133224315448
rvol_ge_3&prior5_bp_ge_10,rvol_ge_3,prior5_bp_ge_10,2,5,3,32,-0.004982939733063407,-1.5571686665823148,0.53125,0.5625,0.05193133224315448
prior3_bp_ge_5&prior5_bp_ge_0,prior3_bp_ge_5,prior5_bp_ge_0,1,3,1,71,-0.0049933189073908535,-0.7032843531536412,0.647887323943662,0.647887323943662,0.029080696907023185
prior3_bp_ge_0&prior3_bp_ge_5,prior3_bp_ge_0,prior3_bp_ge_5,1,3,3,74,-0.004994770211266597,-0.674968947468459,0.6621621621621622,0.6621621621621622,0.027925162479523265
prior5_bp_ge_0&range_ge_10,prior5_bp_ge_0,range_ge_10,3,2,1,52,-0.004997052149704029,-0.9609715672507748,0.34615384615384615,0.34615384615384615,0.020455673913957608
prior5_bp_ge_0&range_ge_10,prior5_bp_ge_0,range_ge_10,3,2,3,52,-0.004997052149704029,-0.9609715672507748,0.34615384615384615,0.34615384615384615,0.020455673913957608
green_ge_7.5&close_loc_ge_0.75,green_ge_7.5,close_loc_ge_0.75,3,2,3,42,-0.004999505426560469,-1.1903584348953498,0.30952380952380953,0.30952380952380953,0.025340421065227766
prior5_bp_ge_0&range_ge_10,prior5_bp_ge_0,range_ge_10,1,1,1,52,-0.0050110957133170375,-0.9636722525609688,0.36538461538461536,0.36538461538461536,0.029145694863443903
prior5_bp_ge_0&range_ge_10,prior5_bp_ge_0,range_ge_10,1,1,3,52,-0.0050110957133170375,-0.9636722525609688,0.36538461538461536,0.36538461538461536,0.029145694863443903
rvol_ge_3&prior5_bp_ge_0,rvol_ge_3,prior5_bp_ge_0,3,2,3,42,-0.005012111596224722,-1.1933599038630291,0.30952380952380953,0.30952380952380953,0.025204849527745453
prior5_bp_ge_5&range_ge_10,prior5_bp_ge_5,range_ge_10,1,1,3,49,-0.005013000756539099,-1.0230613788855305,0.3469387755102041,0.3469387755102041,0.030618111272857195
prior5_bp_ge_5&range_ge_10,prior5_bp_ge_5,range_ge_10,1,1,1,49,-0.005013000756539099,-1.0230613788855305,0.3469387755102041,0.3469387755102041,0.030618111272857195
rvol_ge_3&prior5_bp_ge_5,rvol_ge_3,prior5_bp_ge_5,3,5,1,40,-0.005017227652990286,-1.2543069132475715,0.4,0.45,0.04123894798354253
rvol_ge_3&prior5_bp_ge_5,rvol_ge_3,prior5_bp_ge_5,3,2,3,40,-0.005017685411665251,-1.2544213529163128,0.3,0.3,0.026444491435918496
prior5_bp_ge_0&rvol3_prior3_pos,prior5_bp_ge_0,rvol3_prior3_pos,3,5,1,40,-0.00502018874776522,-1.255047186941305,0.4,0.45,0.04124695687336924
prior5_bp_ge_0&rvol3_prior3_pos,prior5_bp_ge_0,rvol3_prior3_pos,3,2,3,40,-0.005020646506440185,-1.2551616266100463,0.3,0.3,0.026450784733469315
prior3_bp_ge_5&range_ge_10,prior3_bp_ge_5,range_ge_10,1,1,1,52,-0.00502157660037672,-0.9656878077647539,0.36538461538461536,0.36538461538461536,0.029096843330624872
prior3_bp_ge_5&range_ge_10,prior3_bp_ge_5,range_ge_10,1,1,3,52,-0.00502157660037672,-0.9656878077647539,0.36538461538461536,0.36538461538461536,0.029096843330624872
prior3_bp_ge_0&prior5_bp_ge_5,prior3_bp_ge_0,prior5_bp_ge_5,1,3,3,69,-0.005022965271665236,-0.727965981400759,0.6521739130434783,0.6521739130434783,0.029535677492695537
range_ge_10&rvol3_prior3_pos,range_ge_10,rvol3_prior3_pos,2,3,1,30,-0.0050275408863976745,-1.6758469621325582,0.36666666666666664,0.36666666666666664,0.04531724526964255
prior5_bp_ge_5&prior5_bp_ge_10,prior5_bp_ge_5,prior5_bp_ge_10,1,2,3,55,-0.005028610197851502,-0.9142927632457276,0.5272727272727272,0.5272727272727272,0.029478386358134857
prior5_bp_ge_0&prior5_bp_ge_10,prior5_bp_ge_0,prior5_bp_ge_10,1,2,3,55,-0.005028610197851502,-0.9142927632457276,0.5272727272727272,0.5272727272727272,0.029478386358134857
rvol_ge_3&prior3_bp_ge_0,rvol_ge_3,prior3_bp_ge_0,3,5,3,41,-0.005031694458512703,-1.227242550856757,0.4878048780487805,0.5121951219512195,0.03604862938404938
rvol_ge_3&rvol3_prior3_pos,rvol_ge_3,rvol3_prior3_pos,3,5,3,41,-0.005031694458512703,-1.227242550856757,0.4878048780487805,0.5121951219512195,0.03604862938404938
prior3_bp_ge_0&rvol3_prior3_pos,prior3_bp_ge_0,rvol3_prior3_pos,3,5,3,41,-0.005031694458512703,-1.227242550856757,0.4878048780487805,0.5121951219512195,0.03604862938404938
prior3_bp_ge_5&rvol3_prior3_pos,prior3_bp_ge_5,rvol3_prior3_pos,3,5,3,41,-0.005031694458512703,-1.227242550856757,0.4878048780487805,0.5121951219512195,0.03604862938404938
rvol_ge_3&prior3_bp_ge_5,rvol_ge_3,prior3_bp_ge_5,3,5,3,41,-0.005031694458512703,-1.227242550856757,0.4878048780487805,0.5121951219512195,0.03604862938404938
prior3_bp_ge_10&range_ge_10,prior3_bp_ge_10,range_ge_10,5,3,3,37,-0.005032372074461833,-1.36010056066536,0.2972972972972973,0.2972972972972973,0.03179773075232208
green_ge_7.5&prior5_bp_ge_10,green_ge_7.5,prior5_bp_ge_10,1,1,3,39,-0.0050390006809732935,-1.2920514566598187,0.2564102564102564,0.2564102564102564,0.03660724063387181
green_ge_7.5&prior5_bp_ge_10,green_ge_7.5,prior5_bp_ge_10,1,1,1,39,-0.0050390006809732935,-1.2920514566598187,0.2564102564102564,0.2564102564102564,0.03660724063387181
prior5_bp_ge_0&close_loc_ge_0.75,prior5_bp_ge_0,close_loc_ge_0.75,3,2,1,55,-0.005042242481587467,-0.9167713602886303,0.32727272727272727,0.34545454545454546,0.020507951155047516
prior5_bp_ge_5&close_loc_ge_0.75,prior5_bp_ge_5,close_loc_ge_0.75,3,2,1,51,-0.0050438896132039,-0.9889979633733138,0.3137254901960784,0.3333333333333333,0.022167542494421336
prior3_bp_ge_0&prior5_bp_ge_0,prior3_bp_ge_0,prior5_bp_ge_0,2,2,1,72,-0.0050445991994521044,-0.7006387777016811,0.4583333333333333,0.4583333333333333,0.017499718434643385
prior3_bp_ge_5&rvol3_prior3_pos,prior3_bp_ge_5,rvol3_prior3_pos,2,5,1,41,-0.005045995192343056,-1.2307305347178183,0.5121951219512195,0.5121951219512195,0.04549586201253738
prior3_bp_ge_0&rvol3_prior3_pos,prior3_bp_ge_0,rvol3_prior3_pos,2,5,1,41,-0.005045995192343056,-1.2307305347178183,0.5121951219512195,0.5121951219512195,0.04549586201253738
rvol_ge_3&rvol3_prior3_pos,rvol_ge_3,rvol3_prior3_pos,2,5,1,41,-0.005045995192343056,-1.2307305347178183,0.5121951219512195,0.5121951219512195,0.04549586201253738
rvol_ge_3&prior3_bp_ge_0,rvol_ge_3,prior3_bp_ge_0,2,5,1,41,-0.005045995192343056,-1.2307305347178183,0.5121951219512195,0.5121951219512195,0.04549586201253738
rvol_ge_3&prior3_bp_ge_5,rvol_ge_3,prior3_bp_ge_5,2,5,1,41,-0.005045995192343056,-1.2307305347178183,0.5121951219512195,0.5121951219512195,0.04549586201253738
green_ge_7.5&prior3_bp_ge_0,green_ge_7.5,prior3_bp_ge_0,2,3,3,50,-0.0050609707758207945,-1.012194155164159,0.5,0.5,0.02777773342664415
prior3_bp_ge_5&prior5_bp_ge_5,prior3_bp_ge_5,prior5_bp_ge_5,2,2,3,68,-0.005065317754715082,-0.7448996698110414,0.45588235294117646,0.45588235294117646,0.018324460785746188
prior5_bp_ge_10&rvol3_prior3_pos,prior5_bp_ge_10,rvol3_prior3_pos,3,3,1,32,-0.005085025413008704,-1.58907044156522,0.3125,0.3125,0.038193445573216744
rvol_ge_3&prior5_bp_ge_10,rvol_ge_3,prior5_bp_ge_10,3,3,1,32,-0.005085025413008704,-1.58907044156522,0.3125,0.3125,0.038193445573216744
rvol_ge_3&range_ge_10,rvol_ge_3,range_ge_10,2,5,3,34,-0.005088618185340121,-1.496652407452977,0.5294117647058824,0.5588235294117647,0.04998036554349041
prior3_bp_ge_0&range_ge_10,prior3_bp_ge_0,range_ge_10,2,5,3,54,-0.005092041726504792,-0.9429706900934801,0.6111111111111112,0.6296296296296297,0.03513393586856309
green_ge_7.5&prior3_bp_ge_5,green_ge_7.5,prior3_bp_ge_5,3,2,1,47,-0.005094081664285599,-1.0838471626139572,0.3191489361702128,0.3191489361702128,0.02293369932618749
prior3_bp_ge_10&rvol3_prior3_pos,prior3_bp_ge_10,rvol3_prior3_pos,2,3,3,29,-0.005101176431164922,-1.759026355574111,0.3793103448275862,0.3793103448275862,0.044417877539172264
rvol_ge_3&prior3_bp_ge_10,rvol_ge_3,prior3_bp_ge_10,2,3,3,29,-0.005101176431164922,-1.759026355574111,0.3793103448275862,0.3793103448275862,0.044417877539172264
green_ge_7.5&rvol_ge_3,green_ge_7.5,rvol_ge_3,3,5,1,30,-0.0051015663999584016,-1.700522133319467,0.36666666666666664,0.4,0.052773441474035586
prior3_bp_ge_0&range_ge_10,prior3_bp_ge_0,range_ge_10,1,1,1,54,-0.005108281675816673,-0.9459780881141986,0.37037037037037035,0.37037037037037035,0.028100716738368555
prior3_bp_ge_0&range_ge_10,prior3_bp_ge_0,range_ge_10,1,1,3,54,-0.005108281675816673,-0.9459780881141986,0.37037037037037035,0.37037037037037035,0.028100716738368555
prior5_bp_ge_0&rvol3_prior3_pos,prior5_bp_ge_0,rvol3_prior3_pos,5,2,3,40,-0.0051126188568474396,-1.2781547142118599,0.2,0.225,0.037734042840124576
green_ge_7.5&prior3_bp_ge_0,green_ge_7.5,prior3_bp_ge_0,3,5,3,50,-0.005121146417686129,-1.0242292835372258,0.52,0.54,0.031143680308705443
green_ge_7.5&range_ge_10,green_ge_7.5,range_ge_10,2,5,1,49,-0.005121539733367597,-1.045212190483183,0.5714285714285714,0.5714285714285714,0.03949213630253329
prior3_bp_ge_10&range_ge_10,prior3_bp_ge_10,range_ge_10,3,3,3,37,-0.005123527186844945,-1.3847370775256609,0.3783783783783784,0.3783783783783784,0.0312561901225391
rvol_ge_3&prior5_bp_ge_10,rvol_ge_3,prior5_bp_ge_10,3,5,3,32,-0.005125683755742627,-1.601776173669571,0.46875,0.5,0.043582368964899025
prior5_bp_ge_10&rvol3_prior3_pos,prior5_bp_ge_10,rvol3_prior3_pos,3,5,3,32,-0.005125683755742627,-1.601776173669571,0.46875,0.5,0.043582368964899025
prior3_bp_ge_10&prior5_bp_ge_0,prior3_bp_ge_10,prior5_bp_ge_0,3,5,3,47,-0.0051281279648276445,-1.0910910563463074,0.5319148936170213,0.5531914893617021,0.03165858525570563
green_ge_7.5&prior5_bp_ge_5,green_ge_7.5,prior5_bp_ge_5,2,1,3,46,-0.005131289263542893,-1.1154976659875855,0.2391304347826087,0.2391304347826087,0.027039926457165544
green_ge_7.5&prior5_bp_ge_5,green_ge_7.5,prior5_bp_ge_5,2,1,1,46,-0.005131289263542893,-1.1154976659875855,0.2391304347826087,0.2391304347826087,0.027039926457165544
green_ge_7.5&close_loc_ge_0.75,green_ge_7.5,close_loc_ge_0.75,3,1,1,42,-0.005133222021874384,-1.222195719493901,0.16666666666666666,0.16666666666666666,0.03294957038132834
prior3_bp_ge_5&prior5_bp_ge_5,prior3_bp_ge_5,prior5_bp_ge_5,1,3,3,68,-0.005139086812210869,-0.7557480606192454,0.6470588235294118,0.6470588235294118,0.029771202839434307
green_ge_7.5&prior3_bp_ge_0,green_ge_7.5,prior3_bp_ge_0,2,1,1,50,-0.005158933352299555,-1.031786670459911,0.26,0.26,0.024791839848288026
green_ge_7.5&prior3_bp_ge_0,green_ge_7.5,prior3_bp_ge_0,2,1,3,50,-0.005158933352299555,-1.031786670459911,0.26,0.26,0.024791839848288026
prior5_bp_ge_0&range_ge_10,prior5_bp_ge_0,range_ge_10,2,1,1,52,-0.005165273358354372,-0.9933217996835331,0.2692307692307692,0.2692307692307692,0.023987322694617657
prior5_bp_ge_0&range_ge_10,prior5_bp_ge_0,range_ge_10,2,1,3,52,-0.005165273358354372,-0.9933217996835331,0.2692307692307692,0.2692307692307692,0.023987322694617657
prior3_bp_ge_0&prior5_bp_ge_0,prior3_bp_ge_0,prior5_bp_ge_0,1,3,1,72,-0.005170725526318698,-0.7181563230998191,0.6388888888888888,0.6388888888888888,0.028738699133360565
rvol_ge_3&prior3_bp_ge_0,rvol_ge_3,prior3_bp_ge_0,2,5,3,41,-0.005171603521588852,-1.2613667125826469,0.5609756097560976,0.5853658536585366,0.04238782258752784
prior3_bp_ge_5&rvol3_prior3_pos,prior3_bp_ge_5,rvol3_prior3_pos,2,5,3,41,-0.005171603521588852,-1.2613667125826469,0.5609756097560976,0.5853658536585366,0.04238782258752784
prior3_bp_ge_0&rvol3_prior3_pos,prior3_bp_ge_0,rvol3_prior3_pos,2,5,3,41,-0.005171603521588852,-1.2613667125826469,0.5609756097560976,0.5853658536585366,0.04238782258752784
rvol_ge_3&prior3_bp_ge_5,rvol_ge_3,prior3_bp_ge_5,2,5,3,41,-0.005171603521588852,-1.2613667125826469,0.5609756097560976,0.5853658536585366,0.04238782258752784
rvol_ge_3&rvol3_prior3_pos,rvol_ge_3,rvol3_prior3_pos,2,5,3,41,-0.005171603521588852,-1.2613667125826469,0.5609756097560976,0.5853658536585366,0.04238782258752784
prior3_bp_ge_5&prior5_bp_ge_10,prior3_bp_ge_5,prior5_bp_ge_10,2,2,1,54,-0.0051734711716995285,-0.9580502169813941,0.4074074074074074,0.4074074074074074,0.0230059042775723
prior3_bp_ge_0&prior5_bp_ge_10,prior3_bp_ge_0,prior5_bp_ge_10,2,2,1,54,-0.0051734711716995285,-0.9580502169813941,0.4074074074074074,0.4074074074074074,0.0230059042775723
prior5_bp_ge_5&prior5_bp_ge_10,prior5_bp_ge_5,prior5_bp_ge_10,2,2,3,55,-0.005175876862448803,-0.9410685204452369,0.41818181818181815,0.41818181818181815,0.022364757528197943
prior5_bp_ge_0&prior5_bp_ge_10,prior5_bp_ge_0,prior5_bp_ge_10,2,2,3,55,-0.005175876862448803,-0.9410685204452369,0.41818181818181815,0.41818181818181815,0.022364757528197943
rvol_ge_3&prior5_bp_ge_10,rvol_ge_3,prior5_bp_ge_10,2,3,1,32,-0.00517864866538198,-1.6183277079318685,0.375,0.375,0.04223224863366159
prior5_bp_ge_10&rvol3_prior3_pos,prior5_bp_ge_10,rvol3_prior3_pos,2,3,1,32,-0.00517864866538198,-1.6183277079318685,0.375,0.375,0.04223224863366159
prior5_bp_ge_5&close_loc_ge_0.75,prior5_bp_ge_5,close_loc_ge_0.75,3,3,1,51,-0.005182763011997937,-1.016228041568223,0.37254901960784315,0.4117647058823529,0.025078348244413542
prior3_bp_ge_5&close_loc_ge_0.75,prior3_bp_ge_5,close_loc_ge_0.75,3,1,3,54,-0.005191557755339082,-0.9613995843220523,0.2222222222222222,0.2222222222222222,0.0250683750575687
prior5_bp_ge_0&rvol3_prior3_pos,prior5_bp_ge_0,rvol3_prior3_pos,5,2,1,40,-0.005195007370864535,-1.2987518427161338,0.175,0.25,0.039812379024318424
prior3_bp_ge_0&prior3_bp_ge_5,prior3_bp_ge_0,prior3_bp_ge_5,1,3,1,74,-0.005196696620399233,-0.7022563000539503,0.6486486486486487,0.6486486486486487,0.027928628055173446
prior5_bp_ge_10&range_ge_10,prior5_bp_ge_10,range_ge_10,3,5,1,39,-0.005209836048533645,-1.335855397059909,0.48717948717948717,0.48717948717948717,0.03903407969571756
prior5_bp_ge_5&rvol3_prior3_pos,prior5_bp_ge_5,rvol3_prior3_pos,5,2,1,39,-0.005210810254644538,-1.3361051934985995,0.1794871794871795,0.23076923076923078,0.03986076933833503
prior3_bp_ge_5&close_loc_ge_0.75,prior3_bp_ge_5,close_loc_ge_0.75,3,3,1,54,-0.005212665967157193,-0.9653085124365173,0.3888888888888889,0.42592592592592593,0.023384006614949854
prior3_bp_ge_5&close_loc_ge_0.75,prior3_bp_ge_5,close_loc_ge_0.75,3,1,1,54,-0.005212920838824409,-0.9653557108934089,0.2037037037037037,0.2222222222222222,0.025612872298362805
prior5_bp_ge_0&close_loc_ge_0.75,prior5_bp_ge_0,close_loc_ge_0.75,1,1,3,55,-0.005229463212489849,-0.9508114931799725,0.36363636363636365,0.36363636363636365,0.024489741014508914
prior5_bp_ge_0&close_loc_ge_0.75,prior5_bp_ge_0,close_loc_ge_0.75,1,1,1,55,-0.005229463212489849,-0.9508114931799725,0.36363636363636365,0.36363636363636365,0.024489741014508914
prior5_bp_ge_5&prior5_bp_ge_10,prior5_bp_ge_5,prior5_bp_ge_10,1,2,1,55,-0.0052305366069841375,-0.9510066558152978,0.509090909090909,0.509090909090909,0.029483473607912158
prior5_bp_ge_0&prior5_bp_ge_10,prior5_bp_ge_0,prior5_bp_ge_10,1,2,1,55,-0.0052305366069841375,-0.9510066558152978,0.509090909090909,0.509090909090909,0.029483473607912158
prior3_bp_ge_10&prior5_bp_ge_5,prior3_bp_ge_10,prior5_bp_ge_5,3,3,3,46,-0.005242738869119634,-1.139725841112964,0.41304347826086957,0.41304347826086957,0.02676250198999717
rvol_ge_3&prior5_bp_ge_5,rvol_ge_3,prior5_bp_ge_5,2,5,1,40,-0.005251898555111878,-1.3129746387779695,0.5,0.5,0.04618379393918396
prior5_bp_ge_5&rvol3_prior3_pos,prior5_bp_ge_5,rvol3_prior3_pos,3,2,1,39,-0.005252281466966546,-1.34673883768373,0.2564102564102564,0.28205128205128205,0.028038930702901234
prior5_bp_ge_0&rvol3_prior3_pos,prior5_bp_ge_0,rvol3_prior3_pos,2,5,1,40,-0.005253934307769881,-1.3134835769424702,0.5,0.5,0.04619069935247087
green_ge_7.5&prior3_bp_ge_10,green_ge_7.5,prior3_bp_ge_10,5,3,3,36,-0.0052567725036437585,-1.4602145843454883,0.2777777777777778,0.2777777777777778,0.03339505306305329
green_ge_7.5&close_loc_ge_0.75,green_ge_7.5,close_loc_ge_0.75,3,1,3,42,-0.005271215397529949,-1.2550512851261786,0.16666666666666666,0.16666666666666666,0.03247589973722475
green_ge_7.5&prior5_bp_ge_5,green_ge_7.5,prior5_bp_ge_5,5,1,1,46,-0.005274320270653998,-1.1465913631856517,0.13043478260869565,0.13043478260869565,0.04543434033179403
prior5_bp_ge_10&rvol3_prior3_pos,prior5_bp_ge_10,rvol3_prior3_pos,5,3,1,32,-0.005281529769798787,-1.650478053062121,0.21875,0.25,0.04068924313311975
rvol_ge_3&prior5_bp_ge_10,rvol_ge_3,prior5_bp_ge_10,5,3,1,32,-0.005281529769798787,-1.650478053062121,0.21875,0.25,0.04068924313311975
green_ge_7.5&prior5_bp_ge_10,green_ge_7.5,prior5_bp_ge_10,3,3,3,39,-0.005294980079145639,-1.3576871997809332,0.38461538461538464,0.38461538461538464,0.03125011813485319
green_ge_7.5&prior5_bp_ge_5,green_ge_7.5,prior5_bp_ge_5,2,3,3,46,-0.005303735282393918,-1.1529859309551995,0.4782608695652174,0.4782608695652174,0.029768625304752144
green_ge_7.5&prior3_bp_ge_5,green_ge_7.5,prior3_bp_ge_5,5,2,3,47,-0.005317150884825206,-1.13130869889898,0.23404255319148937,0.23404255319148937,0.031283615332080336
prior3_bp_ge_0&close_loc_ge_0.9,prior3_bp_ge_0,close_loc_ge_0.9,5,2,1,37,-0.005321372283206949,-1.4382087251910673,0.1891891891891892,0.1891891891891892,0.04157964425604886
prior5_bp_ge_5&rvol3_prior3_pos,prior5_bp_ge_5,rvol3_prior3_pos,5,2,3,39,-0.005321426546927799,-1.3644683453661022,0.20512820512820512,0.20512820512820512,0.03831658166072169
prior5_bp_ge_0&close_loc_ge_0.75,prior5_bp_ge_0,close_loc_ge_0.75,3,2,3,55,-0.005323278527982311,-0.9678688232695112,0.34545454545454546,0.34545454545454546,0.019787776190358937
green_ge_7.5&prior5_bp_ge_0,green_ge_7.5,prior5_bp_ge_0,2,3,3,49,-0.005324172315842035,-1.0865657787432725,0.4897959183673469,0.4897959183673469,0.029090333435484787
green_ge_7.5&rvol_ge_3,green_ge_7.5,rvol_ge_3,3,3,1,30,-0.005324437707801111,-1.774812569267037,0.26666666666666666,0.3,0.04332806612237732
prior5_bp_ge_5&close_loc_ge_0.75,prior5_bp_ge_5,close_loc_ge_0.75,3,2,3,51,-0.005324925659598745,-1.0441030705095578,0.3333333333333333,0.3333333333333333,0.021328476462822727
prior5_bp_ge_5&rvol3_prior3_pos,prior5_bp_ge_5,rvol3_prior3_pos,3,5,1,39,-0.005329027321703039,-1.3664172619751382,0.38461538461538464,0.4358974358974359,0.04209970951078841
prior5_bp_ge_5&rvol3_prior3_pos,prior5_bp_ge_5,rvol3_prior3_pos,3,2,3,39,-0.005329485080378005,-1.3665346359943602,0.28205128205128205,0.28205128205128205,0.027124035062232404
green_ge_7.5&prior3_bp_ge_5,green_ge_7.5,prior3_bp_ge_5,3,2,3,47,-0.005330641736837949,-1.1341790929442443,0.3191489361702128,0.3191489361702128,0.0225617864446619
prior5_bp_ge_5&range_ge_10,prior5_bp_ge_5,range_ge_10,2,5,3,49,-0.005335292863410501,-1.088835278247041,0.5918367346938775,0.6122448979591837,0.038066080062919526
green_ge_7.5&prior5_bp_ge_0,green_ge_7.5,prior5_bp_ge_0,2,1,1,49,-0.005335937990156636,-1.0889669367666603,0.24489795918367346,0.24489795918367346,0.025392940742193747
green_ge_7.5&prior5_bp_ge_0,green_ge_7.5,prior5_bp_ge_0,2,1,3,49,-0.005335937990156636,-1.0889669367666603,0.24489795918367346,0.24489795918367346,0.025392940742193747
prior5_bp_ge_0&prior5_bp_ge_5,prior5_bp_ge_0,prior5_bp_ge_5,1,3,3,71,-0.005336054010320668,-0.7515569028620659,0.647887323943662,0.647887323943662,0.028474653000451485
prior3_bp_ge_5&range_ge_10,prior3_bp_ge_5,range_ge_10,2,5,1,52,-0.0053364867627803125,-1.0262474543808293,0.5769230769230769,0.5769230769230769,0.03725313296464788
rvol_ge_3&prior5_bp_ge_0,rvol_ge_3,prior5_bp_ge_0,3,5,1,42,-0.0053368774511455275,-1.2706851074156016,0.40476190476190477,0.4523809523809524,0.03885101792085578
rvol_ge_3&prior5_bp_ge_5,rvol_ge_3,prior5_bp_ge_5,3,5,3,40,-0.005340642036878229,-1.3351605092195573,0.475,0.5,0.03669852359138112
prior3_bp_ge_5&prior5_bp_ge_5,prior3_bp_ge_5,prior5_bp_ge_5,1,3,1,68,-0.005341013221343505,-0.7854431207858096,0.6323529411764706,0.6323529411764706,0.02977514178784246
prior3_bp_ge_10&prior5_bp_ge_10,prior3_bp_ge_10,prior5_bp_ge_10,5,3,3,43,-0.005342184433390518,-1.2423684728815156,0.3023255813953488,0.3023255813953488,0.027749472464212135
prior5_bp_ge_0&rvol3_prior3_pos,prior5_bp_ge_0,rvol3_prior3_pos,3,5,3,40,-0.005343603131653163,-1.3359007829132907,0.475,0.5,0.03670486586629224
green_ge_7.5&prior5_bp_ge_5,green_ge_7.5,prior5_bp_ge_5,5,2,1,46,-0.005344764903470689,-1.1619054137979759,0.21739130434782608,0.2391304347826087,0.032609364622071896
prior3_bp_ge_5&close_loc_ge_0.75,prior3_bp_ge_5,close_loc_ge_0.75,1,1,1,54,-0.005346039381128431,-0.9900072928015613,0.35185185185185186,0.35185185185185186,0.024791220112171157
prior3_bp_ge_5&close_loc_ge_0.75,prior3_bp_ge_5,close_loc_ge_0.75,1,1,3,54,-0.005346039381128431,-0.9900072928015613,0.35185185185185186,0.35185185185185186,0.024791220112171157
prior3_bp_ge_5&prior3_bp_ge_10,prior3_bp_ge_5,prior3_bp_ge_10,3,3,3,48,-0.005346760173630338,-1.1139083695063206,0.4166666666666667,0.4166666666666667,0.025682152623630047
prior3_bp_ge_0&prior3_bp_ge_10,prior3_bp_ge_0,prior3_bp_ge_10,3,3,3,48,-0.005346760173630338,-1.1139083695063206,0.4166666666666667,0.4166666666666667,0.025682152623630047
prior5_bp_ge_5&close_loc_ge_0.75,prior5_bp_ge_5,close_loc_ge_0.75,1,1,3,51,-0.0053471827209385925,-1.0484672001840378,0.3333333333333333,0.3333333333333333,0.025973720430523976
prior5_bp_ge_5&close_loc_ge_0.75,prior5_bp_ge_5,close_loc_ge_0.75,1,1,1,51,-0.0053471827209385925,-1.0484672001840378,0.3333333333333333,0.3333333333333333,0.025973720430523976
prior5_bp_ge_10&range_ge_10,prior5_bp_ge_10,range_ge_10,5,3,1,39,-0.005348010456726837,-1.371284732494061,0.28205128205128205,0.28205128205128205,0.031187471053808667
prior3_bp_ge_5&close_loc_ge_0.75,prior3_bp_ge_5,close_loc_ge_0.75,3,2,1,54,-0.005354077234348775,-0.9914957841386621,0.3148148148148148,0.3333333333333333,0.020903423131636657
prior3_bp_ge_5&prior5_bp_ge_5,prior3_bp_ge_5,prior5_bp_ge_5,2,2,1,68,-0.005369170572980142,-0.7895839077911975,0.4411764705882353,0.4411764705882353,0.018431034815503327
prior3_bp_ge_5&prior5_bp_ge_0,prior3_bp_ge_5,prior5_bp_ge_0,1,2,3,71,-0.005370038650518549,-0.7563434719040211,0.5633802816901409,0.5633802816901409,0.023580191281524915
prior3_bp_ge_10&range_ge_10,prior3_bp_ge_10,range_ge_10,3,5,1,37,-0.00537377314434051,-1.4523711200920297,0.4594594594594595,0.4594594594594595,0.04116686121446989
rvol_ge_3&prior5_bp_ge_5,rvol_ge_3,prior5_bp_ge_5,2,5,3,40,-0.0053775068843576745,-1.3443767210894186,0.55,0.575,0.04298435700139368
prior3_bp_ge_0&prior5_bp_ge_5,prior3_bp_ge_0,prior5_bp_ge_5,2,2,3,69,-0.005378185956766535,-0.779447240111092,0.4492753623188406,0.4492753623188406,0.01801071651883722
prior5_bp_ge_0&rvol3_prior3_pos,prior5_bp_ge_0,rvol3_prior3_pos,2,5,3,40,-0.005379542637015677,-1.3448856592539193,0.55,0.575,0.04299033873176505
green_ge_7.5&prior5_bp_ge_5,green_ge_7.5,prior5_bp_ge_5,3,2,1,46,-0.0053964134894758375,-1.173133367277356,0.30434782608695654,0.30434782608695654,0.023448971250749216
prior3_bp_ge_5&range_ge_10,prior3_bp_ge_5,range_ge_10,2,3,1,52,-0.005402123853563534,-1.0388699718391412,0.4807692307692308,0.4807692307692308,0.027527257781317736
prior3_bp_ge_0&close_loc_ge_0.9,prior3_bp_ge_0,close_loc_ge_0.9,5,2,3,37,-0.005402515090635496,-1.4601392136852693,0.1891891891891892,0.21621621621621623,0.04129666313096055
green_ge_7.5&prior3_bp_ge_0,green_ge_7.5,prior3_bp_ge_0,3,2,1,50,-0.005407018854684309,-1.0814037709368618,0.32,0.32,0.021530464460921772
green_ge_7.5&prior3_bp_ge_0,green_ge_7.5,prior3_bp_ge_0,3,5,1,50,-0.0054114819055319785,-1.0822963811063957,0.48,0.5,0.03260829149032088
green_ge_7.5&prior5_bp_ge_5,green_ge_7.5,prior5_bp_ge_5,5,1,3,46,-0.005412313646309563,-1.1765899231107746,0.13043478260869565,0.13043478260869565,0.04489261899504932
rvol_ge_3&range_ge_10,rvol_ge_3,range_ge_10,3,5,3,34,-0.0054194583923588,-1.5939583506937647,0.4411764705882353,0.47058823529411764,0.042705629042035606
prior5_bp_ge_0&close_loc_ge_0.75,prior5_bp_ge_0,close_loc_ge_0.75,3,3,1,55,-0.0054201126921307186,-0.9854750349328579,0.38181818181818183,0.41818181818181815,0.023750384823779724
rvol_ge_3&prior3_bp_ge_5,rvol_ge_3,prior3_bp_ge_5,5,2,3,41,-0.005420537178362883,-1.3220822386250934,0.1951219512195122,0.21951219512195122,0.0369066126864268
rvol_ge_3&prior3_bp_ge_0,rvol_ge_3,prior3_bp_ge_0,5,2,3,41,-0.005420537178362883,-1.3220822386250934,0.1951219512195122,0.21951219512195122,0.0369066126864268
rvol_ge_3&rvol3_prior3_pos,rvol_ge_3,rvol3_prior3_pos,5,2,3,41,-0.005420537178362883,-1.3220822386250934,0.1951219512195122,0.21951219512195122,0.0369066126864268
prior3_bp_ge_0&rvol3_prior3_pos,prior3_bp_ge_0,rvol3_prior3_pos,5,2,3,41,-0.005420537178362883,-1.3220822386250934,0.1951219512195122,0.21951219512195122,0.0369066126864268
prior3_bp_ge_5&rvol3_prior3_pos,prior3_bp_ge_5,rvol3_prior3_pos,5,2,3,41,-0.005420537178362883,-1.3220822386250934,0.1951219512195122,0.21951219512195122,0.0369066126864268
green_ge_7.5&range_ge_10,green_ge_7.5,range_ge_10,2,3,1,49,-0.005424219272183728,-1.1069835249354547,0.46938775510204084,0.46938775510204084,0.029744795711778117
prior3_bp_ge_0&prior3_bp_ge_5,prior3_bp_ge_0,prior3_bp_ge_5,3,5,1,74,-0.005427341628313154,-0.7334245443666423,0.4864864864864865,0.527027027027027,0.023439397029269556
prior5_bp_ge_10&range_ge_10,prior5_bp_ge_10,range_ge_10,3,3,1,39,-0.0054399833745939485,-1.3948675319471664,0.358974358974359,0.358974358974359,0.030548083706749142
prior3_bp_ge_5&prior5_bp_ge_0,prior3_bp_ge_5,prior5_bp_ge_0,3,5,1,71,-0.0054423113938047996,-0.7665227315218027,0.4788732394366197,0.5211267605633803,0.024497878702413052
green_ge_7.5&prior5_bp_ge_0,green_ge_7.5,prior5_bp_ge_0,3,5,3,49,-0.005445801258007421,-1.1113880118382493,0.5102040816326531,0.5306122448979592,0.03158626092919834
prior3_bp_ge_5&prior5_bp_ge_5,prior3_bp_ge_5,prior5_bp_ge_5,3,5,1,68,-0.005457088841516078,-0.802513064928835,0.47058823529411764,0.5147058823529411,0.025657294069627603
green_ge_7.5&prior5_bp_ge_0,green_ge_7.5,prior5_bp_ge_0,5,2,1,49,-0.005458932237080938,-1.1140678034859057,0.22448979591836735,0.24489795918367346,0.03047143273490775
range_ge_10&rvol3_prior3_pos,range_ge_10,rvol3_prior3_pos,3,3,3,30,-0.005462254032142844,-1.8207513440476146,0.3,0.3,0.0393777086981492
prior5_bp_ge_5&rvol3_prior3_pos,prior5_bp_ge_5,rvol3_prior3_pos,2,5,1,39,-0.005466260827352021,-1.401605340346672,0.48717948717948717,0.48717948717948717,0.04692244463331017
rvol_ge_3&range_ge_10,rvol_ge_3,range_ge_10,2,3,1,34,-0.005466581342422505,-1.607818041888972,0.38235294117647056,0.38235294117647056,0.04112084944520199
prior3_bp_ge_5&range_ge_10,prior3_bp_ge_5,range_ge_10,3,5,3,52,-0.005467427822539395,-1.051428427411422,0.5192307692307693,0.5384615384615384,0.02982815438856619
prior5_bp_ge_5&close_loc_ge_0.75,prior5_bp_ge_5,close_loc_ge_0.75,3,3,3,51,-0.005468516860906769,-1.072258208020935,0.4117647058823529,0.4117647058823529,0.024614469212763373
green_ge_7.5&prior5_bp_ge_5,green_ge_7.5,prior5_bp_ge_5,3,1,1,46,-0.005469202814160856,-1.1889571335132296,0.17391304347826086,0.17391304347826086,0.029967057022900253
prior5_bp_ge_0&prior5_bp_ge_5,prior5_bp_ge_0,prior5_bp_ge_5,2,2,3,71,-0.005470082193540726,-0.7704341117662995,0.4507042253521127,0.4507042253521127,0.01751179154117492
prior3_bp_ge_0&prior3_bp_ge_5,prior3_bp_ge_0,prior3_bp_ge_5,1,2,3,74,-0.005476802067045816,-0.7401083874386238,0.5675675675675675,0.5675675675675675,0.02273583693667533
prior3_bp_ge_10&rvol3_prior3_pos,prior3_bp_ge_10,rvol3_prior3_pos,3,3,3,29,-0.005478369694711049,-1.8890929981762241,0.3103448275862069,0.3103448275862069,0.04121320362918283
rvol_ge_3&prior3_bp_ge_10,rvol_ge_3,prior3_bp_ge_10,3,3,3,29,-0.005478369694711049,-1.8890929981762241,0.3103448275862069,0.3103448275862069,0.04121320362918283
prior5_bp_ge_0&prior5_bp_ge_10,prior5_bp_ge_0,prior5_bp_ge_10,2,2,1,55,-0.005479729680713863,-0.9963144874025205,0.4,0.4,0.022523712690573013
prior5_bp_ge_5&prior5_bp_ge_10,prior5_bp_ge_5,prior5_bp_ge_10,2,2,1,55,-0.005479729680713863,-0.9963144874025205,0.4,0.4,0.022523712690573013
prior3_bp_ge_0&prior5_bp_ge_10,prior3_bp_ge_0,prior5_bp_ge_10,5,1,1,54,-0.0054816188985298275,-1.015114610838857,0.14814814814814814,0.14814814814814814,0.03794424384036613
prior3_bp_ge_5&prior5_bp_ge_10,prior3_bp_ge_5,prior5_bp_ge_10,5,1,1,54,-0.0054816188985298275,-1.015114610838857,0.14814814814814814,0.14814814814814814,0.03794424384036613
close_loc_ge_0.75&close_loc_ge_0.9,close_loc_ge_0.75,close_loc_ge_0.9,5,1,3,43,-0.005494089537090963,-1.2776952411839448,0.11627906976744186,0.11627906976744186,0.048967467108047565
close_loc_ge_0.75&close_loc_ge_0.9,close_loc_ge_0.75,close_loc_ge_0.9,5,1,1,43,-0.005494089537090963,-1.2776952411839448,0.11627906976744186,0.11627906976744186,0.048967467108047565
prior5_bp_ge_5&range_ge_10,prior5_bp_ge_5,range_ge_10,3,5,3,49,-0.005498527300288214,-1.1221484286302477,0.5102040816326531,0.5306122448979592,0.03154955242927669
green_ge_7.5&close_loc_ge_0.75,green_ge_7.5,close_loc_ge_0.75,3,3,1,42,-0.005498785340299683,-1.3092346048332582,0.35714285714285715,0.38095238095238093,0.03008820348987046
rvol_ge_3&prior3_bp_ge_0,rvol_ge_3,prior3_bp_ge_0,5,2,1,41,-0.0055029256923799785,-1.3421769981414582,0.17073170731707318,0.24390243902439024,0.03889240255241864
prior3_bp_ge_0&rvol3_prior3_pos,prior3_bp_ge_0,rvol3_prior3_pos,5,2,1,41,-0.0055029256923799785,-1.3421769981414582,0.17073170731707318,0.24390243902439024,0.03889240255241864
prior3_bp_ge_5&rvol3_prior3_pos,prior3_bp_ge_5,rvol3_prior3_pos,5,2,1,41,-0.0055029256923799785,-1.3421769981414582,0.17073170731707318,0.24390243902439024,0.03889240255241864
rvol_ge_3&prior3_bp_ge_5,rvol_ge_3,prior3_bp_ge_5,5,2,1,41,-0.0055029256923799785,-1.3421769981414582,0.17073170731707318,0.24390243902439024,0.03889240255241864
rvol_ge_3&rvol3_prior3_pos,rvol_ge_3,rvol3_prior3_pos,5,2,1,41,-0.0055029256923799785,-1.3421769981414582,0.17073170731707318,0.24390243902439024,0.03889240255241864
green_ge_7.5&prior3_bp_ge_5,green_ge_7.5,prior3_bp_ge_5,5,1,1,47,-0.00550304767688814,-1.1708612078485403,0.1276595744680851,0.1276595744680851,0.044543408628757865
rvol_ge_3&range_ge_10,rvol_ge_3,range_ge_10,5,5,1,34,-0.005507294309884725,-1.6197924440837426,0.29411764705882354,0.35294117647058826,0.03935672997392437
prior3_bp_ge_0&prior5_bp_ge_5,prior3_bp_ge_0,prior5_bp_ge_5,1,3,1,69,-0.005518419840271349,-0.7997709913436738,0.6231884057971014,0.6231884057971014,0.0294167158854104
rvol_ge_3&prior5_bp_ge_5,rvol_ge_3,prior5_bp_ge_5,5,2,1,40,-0.005525151090657321,-1.3812877726643302,0.175,0.225,0.03891980022037528
prior5_bp_ge_0&range_ge_10,prior5_bp_ge_0,range_ge_10,2,5,3,52,-0.005538668179506212,-1.065128496058887,0.5961538461538461,0.6153846153846154,0.035890719435785194
range_ge_10&rvol3_prior3_pos,range_ge_10,rvol3_prior3_pos,2,3,3,30,-0.00555186753947523,-1.8506225131584102,0.36666666666666664,0.36666666666666664,0.042962538073228314
prior3_bp_ge_5&prior3_bp_ge_10,prior3_bp_ge_5,prior3_bp_ge_10,5,3,3,48,-0.005554373362400278,-1.1571611171667247,0.3125,0.3125,0.02477602006537241
prior3_bp_ge_0&prior3_bp_ge_10,prior3_bp_ge_0,prior3_bp_ge_10,5,3,3,48,-0.005554373362400278,-1.1571611171667247,0.3125,0.3125,0.02477602006537241
prior3_bp_ge_0&range_ge_10,prior3_bp_ge_0,range_ge_10,5,5,1,54,-0.005561078732072677,-1.0298293948282735,0.37037037037037035,0.42592592592592593,0.024902083597671383
prior3_bp_ge_0&prior5_bp_ge_10,prior3_bp_ge_0,prior5_bp_ge_10,3,1,1,54,-0.005568137448466848,-1.0311365645308979,0.2037037037037037,0.2037037037037037,0.025534365114978457
prior3_bp_ge_5&prior5_bp_ge_10,prior3_bp_ge_5,prior5_bp_ge_10,3,1,1,54,-0.005568137448466848,-1.0311365645308979,0.2037037037037037,0.2037037037037037,0.025534365114978457
prior3_bp_ge_5&prior5_bp_ge_0,prior3_bp_ge_5,prior5_bp_ge_0,1,2,1,71,-0.005571965059651185,-0.7847838112184768,0.5492957746478874,0.5492957746478874,0.02358344631380503
green_ge_7.5&prior5_bp_ge_10,green_ge_7.5,prior5_bp_ge_10,5,3,3,39,-0.005589866191324622,-1.4332990234165697,0.28205128205128205,0.28205128205128205,0.030721650431691887
prior5_bp_ge_5&rvol3_prior3_pos,prior5_bp_ge_5,rvol3_prior3_pos,2,5,3,39,-0.005591869156597817,-1.4338126042558506,0.5384615384615384,0.5641025641025641,0.04362350265645963
prior3_bp_ge_0&close_loc_ge_0.75,prior3_bp_ge_0,close_loc_ge_0.75,3,3,1,59,-0.005595287298893692,-0.9483537794735071,0.3898305084745763,0.423728813559322,0.021499785327466676
prior3_bp_ge_0&range_ge_10,prior3_bp_ge_0,range_ge_10,2,3,1,54,-0.005598380822887772,-1.0367371894236614,0.48148148148148145,0.48148148148148145,0.026477945990145663
green_ge_7.5&prior5_bp_ge_5,green_ge_7.5,prior5_bp_ge_5,3,1,3,46,-0.005607196189816421,-1.2189556934383525,0.17391304347826086,0.17391304347826086,0.029574745885375488
prior3_bp_ge_5&prior5_bp_ge_10,prior3_bp_ge_5,prior5_bp_ge_10,5,1,3,54,-0.005619612274185393,-1.0406689396639617,0.14814814814814814,0.14814814814814814,0.037565667227134995
prior3_bp_ge_0&prior5_bp_ge_10,prior3_bp_ge_0,prior5_bp_ge_10,5,1,3,54,-0.005619612274185393,-1.0406689396639617,0.14814814814814814,0.14814814814814814,0.037565667227134995
prior3_bp_ge_0&prior5_bp_ge_0,prior3_bp_ge_0,prior5_bp_ge_0,3,5,1,72,-0.005619718012732644,-0.7805163906573116,0.4722222222222222,0.5138888888888888,0.024338026636429245
green_ge_7.5&prior5_bp_ge_5,green_ge_7.5,prior5_bp_ge_5,3,2,3,46,-0.005632973562028187,-1.2245594700061277,0.30434782608695654,0.30434782608695654,0.02306030004274764
prior3_bp_ge_0&prior5_bp_ge_5,prior3_bp_ge_0,prior5_bp_ge_5,3,5,1,69,-0.005634495460443922,-0.8165935449918729,0.463768115942029,0.5072463768115942,0.025482007395498427
prior3_bp_ge_5&close_loc_ge_0.75,prior3_bp_ge_5,close_loc_ge_0.75,3,2,3,54,-0.00563511328074362,-1.0435394964340037,0.3333333333333333,0.3333333333333333,0.02015571122705278
rvol_ge_3&prior5_bp_ge_5,rvol_ge_3,prior5_bp_ge_5,5,2,3,40,-0.005635767382940582,-1.4089418457351455,0.2,0.2,0.037446309930220176
green_ge_7.5&prior3_bp_ge_5,green_ge_7.5,prior3_bp_ge_5,5,1,3,47,-0.005641041052543705,-1.2002215005412138,0.1276595744680851,0.1276595744680851,0.0440226026813845
green_ge_7.5&prior3_bp_ge_0,green_ge_7.5,prior3_bp_ge_0,3,2,3,50,-0.005643578927236659,-1.1287157854473318,0.32,0.32,0.02120234579718729
rvol_ge_3&prior3_bp_ge_0,rvol_ge_3,prior3_bp_ge_0,3,3,1,41,-0.005647676296518411,-1.377482023541076,0.3170731707317073,0.36585365853658536,0.030915644106015012
prior3_bp_ge_0&rvol3_prior3_pos,prior3_bp_ge_0,rvol3_prior3_pos,3,3,1,41,-0.005647676296518411,-1.377482023541076,0.3170731707317073,0.36585365853658536,0.030915644106015012
prior3_bp_ge_5&rvol3_prior3_pos,prior3_bp_ge_5,rvol3_prior3_pos,3,3,1,41,-0.005647676296518411,-1.377482023541076,0.3170731707317073,0.36585365853658536,0.030915644106015012
rvol_ge_3&rvol3_prior3_pos,rvol_ge_3,rvol3_prior3_pos,3,3,1,41,-0.005647676296518411,-1.377482023541076,0.3170731707317073,0.36585365853658536,0.030915644106015012
rvol_ge_3&prior3_bp_ge_5,rvol_ge_3,prior3_bp_ge_5,3,3,1,41,-0.005647676296518411,-1.377482023541076,0.3170731707317073,0.36585365853658536,0.030915644106015012
prior3_bp_ge_0&prior5_bp_ge_0,prior3_bp_ge_0,prior5_bp_ge_0,3,5,3,72,-0.005650797046210965,-0.7848329230848562,0.5555555555555556,0.5694444444444444,0.02172094012794956
prior3_bp_ge_10&prior5_bp_ge_0,prior3_bp_ge_10,prior5_bp_ge_0,3,3,3,47,-0.005652215607682587,-1.2025990654643801,0.40425531914893614,0.40425531914893614,0.02613287351642475
prior5_bp_ge_5&rvol3_prior3_pos,prior5_bp_ge_5,rvol3_prior3_pos,3,5,3,39,-0.005652441705590983,-1.449344027074611,0.46153846153846156,0.48717948717948717,0.03737861608429714
prior3_bp_ge_10&prior5_bp_ge_5,prior3_bp_ge_10,prior5_bp_ge_5,5,3,3,46,-0.005653989013924332,-1.2291280465052896,0.30434782608695654,0.30434782608695654,0.02591099429783859
rvol_ge_3&prior5_bp_ge_0,rvol_ge_3,prior5_bp_ge_0,3,5,3,42,-0.005660291835033471,-1.3476885321508263,0.47619047619047616,0.5,0.03479533744185861
prior3_bp_ge_0&prior5_bp_ge_5,prior3_bp_ge_0,prior5_bp_ge_5,3,5,3,69,-0.005665574493922243,-0.8210977527423541,0.5507246376811594,0.5652173913043478,0.02262754005843679
rvol_ge_3&prior5_bp_ge_0,rvol_ge_3,prior5_bp_ge_0,2,5,1,42,-0.005668060407622799,-1.3495381922911425,0.5,0.5,0.04349795851562946
prior3_bp_ge_0&close_loc_ge_0.75,prior3_bp_ge_0,close_loc_ge_0.75,3,2,1,59,-0.005669979277905801,-0.9610134369331865,0.3220338983050847,0.3389830508474576,0.019065983357008695
green_ge_7.5&range_ge_10,green_ge_7.5,range_ge_10,5,5,1,49,-0.005670127823292015,-1.1571689435289827,0.3673469387755102,0.40816326530612246,0.027150040994366412
prior3_bp_ge_0&prior3_bp_ge_5,prior3_bp_ge_0,prior3_bp_ge_5,1,2,1,74,-0.005678728476178452,-0.767395740024115,0.5540540540540541,0.5540540540540541,0.022738863016619662
prior3_bp_ge_0&prior5_bp_ge_5,prior3_bp_ge_0,prior5_bp_ge_5,2,2,1,69,-0.005682038775031595,-0.8234838804393615,0.43478260869565216,0.43478260869565216,0.018113662101673086
prior3_bp_ge_0&prior5_bp_ge_0,prior3_bp_ge_0,prior5_bp_ge_0,1,2,3,72,-0.005682906852570002,-0.7892926184125003,0.5555555555555556,0.5555555555555556,0.02306320317436419
prior5_bp_ge_0&prior5_bp_ge_10,prior5_bp_ge_0,prior5_bp_ge_10,5,1,1,55,-0.005684748153036989,-1.0335905732794526,0.14545454545454545,0.14545454545454545,0.03738958296617792
prior5_bp_ge_5&prior5_bp_ge_10,prior5_bp_ge_5,prior5_bp_ge_10,5,1,1,55,-0.005684748153036989,-1.0335905732794526,0.14545454545454545,0.14545454545454545,0.03738958296617792
green_ge_7.5&prior3_bp_ge_5,green_ge_7.5,prior3_bp_ge_5,3,1,1,47,-0.005697930220394998,-1.2123255788074463,0.1702127659574468,0.1702127659574468,0.029322341350499687
prior5_bp_ge_10&rvol3_prior3_pos,prior5_bp_ge_10,rvol3_prior3_pos,2,3,3,32,-0.0057029753184595355,-1.782179787018605,0.375,0.375,0.04016403953056602
rvol_ge_3&prior5_bp_ge_10,rvol_ge_3,prior5_bp_ge_10,2,3,3,32,-0.0057029753184595355,-1.782179787018605,0.375,0.375,0.04016403953056602
green_ge_7.5&prior5_bp_ge_0,green_ge_7.5,prior5_bp_ge_0,3,2,1,49,-0.005703604931797224,-1.1640010064892294,0.30612244897959184,0.30612244897959184,0.02199931459934024
range_ge_10&close_loc_ge_0.75,range_ge_10,close_loc_ge_0.75,3,5,3,42,-0.005704791893580974,-1.358283784185946,0.47619047619047616,0.5,0.03605933784409727
prior5_bp_ge_0&close_loc_ge_0.75,prior5_bp_ge_0,close_loc_ge_0.75,3,3,3,55,-0.00570586654103955,-1.0374302801890092,0.41818181818181815,0.41818181818181815,0.022797551010764267
prior3_bp_ge_0&prior5_bp_ge_10,prior3_bp_ge_0,prior5_bp_ge_10,3,1,3,54,-0.005706130824122413,-1.0566908933560024,0.2037037037037037,0.2037037037037037,0.025252507262753406
prior3_bp_ge_5&prior5_bp_ge_10,prior3_bp_ge_5,prior5_bp_ge_10,3,1,3,54,-0.005706130824122413,-1.0566908933560024,0.2037037037037037,0.2037037037037037,0.025252507262753406
green_ge_7.5&range_ge_10,green_ge_7.5,range_ge_10,3,1,1,49,-0.005714201105582628,-1.16616349093523,0.1836734693877551,0.1836734693877551,0.027660760439625513
green_ge_7.5&range_ge_10,green_ge_7.5,range_ge_10,3,1,3,49,-0.005714201105582628,-1.16616349093523,0.1836734693877551,0.1836734693877551,0.027660760439625513
prior3_bp_ge_5&prior5_bp_ge_5,prior3_bp_ge_5,prior5_bp_ge_5,1,2,3,68,-0.0057177329644712005,-0.8408430830104706,0.5441176470588235,0.5441176470588235,0.024182612566049106
prior5_bp_ge_5&close_loc_ge_0.75,prior5_bp_ge_5,close_loc_ge_0.75,5,1,3,51,-0.005717863568652115,-1.121149719343552,0.13725490196078433,0.13725490196078433,0.040242627338620426
rvol_ge_3&prior5_bp_ge_0,rvol_ge_3,prior5_bp_ge_0,5,2,3,42,-0.005730224451357513,-1.3643391550851223,0.19047619047619047,0.21428571428571427,0.03611024026719363
rvol_ge_3&range_ge_10,rvol_ge_3,range_ge_10,2,5,1,34,-0.005736116186969009,-1.6870929961673558,0.47058823529411764,0.47058823529411764,0.05095411104209322
green_ge_7.5&prior5_bp_ge_0,green_ge_7.5,prior5_bp_ge_0,3,5,1,49,-0.005736136745853271,-1.1706401522149532,0.46938775510204084,0.4897959183673469,0.033093802357785446
prior3_bp_ge_0&range_ge_10,prior3_bp_ge_0,range_ge_10,2,5,1,54,-0.00573953972813368,-1.062877727432163,0.5740740740740741,0.5740740740740741,0.035588311534915394
prior3_bp_ge_5&prior5_bp_ge_5,prior3_bp_ge_5,prior5_bp_ge_5,5,1,3,68,-0.00575226657366712,-0.845921554951047,0.17647058823529413,0.17647058823529413,0.028777504899701996
prior3_bp_ge_0&close_loc_ge_0.75,prior3_bp_ge_0,close_loc_ge_0.75,3,1,3,59,-0.0057543827119433955,-0.9753191037192196,0.22033898305084745,0.22033898305084745,0.022916654825908975
green_ge_7.5&close_loc_ge_0.75,green_ge_7.5,close_loc_ge_0.75,5,2,1,42,-0.005760189070817767,-1.3714735882899447,0.19047619047619047,0.21428571428571427,0.036414558458131706
green_ge_7.5&range_ge_10,green_ge_7.5,range_ge_10,2,1,1,49,-0.0057694572860163,-1.177440262452306,0.22448979591836735,0.22448979591836735,0.02538392600389882
green_ge_7.5&range_ge_10,green_ge_7.5,range_ge_10,2,1,3,49,-0.0057694572860163,-1.177440262452306,0.22448979591836735,0.22448979591836735,0.02538392600389882
prior5_bp_ge_5&prior5_bp_ge_10,prior5_bp_ge_5,prior5_bp_ge_10,3,1,1,55,-0.0057712667029740095,-1.0493212187225471,0.2,0.2,0.025121614792254058
prior5_bp_ge_0&prior5_bp_ge_10,prior5_bp_ge_0,prior5_bp_ge_10,3,1,1,55,-0.0057712667029740095,-1.0493212187225471,0.2,0.2,0.025121614792254058
prior3_bp_ge_0&range_ge_10,prior3_bp_ge_0,range_ge_10,3,5,3,54,-0.005773236685747363,-1.0691179047680301,0.5185185185185185,0.5370370370370371,0.028630271156091156
prior5_bp_ge_0&prior5_bp_ge_5,prior5_bp_ge_0,prior5_bp_ge_5,2,2,1,71,-0.005773935011805786,-0.8132302833529277,0.43661971830985913,0.43661971830985913,0.01760909720813735
prior3_bp_ge_0&close_loc_ge_0.75,prior3_bp_ge_0,close_loc_ge_0.75,3,1,1,59,-0.005775745795428722,-0.978939965326902,0.2033898305084746,0.22033898305084745,0.023366030424558405
rvol_ge_3&prior3_bp_ge_0,rvol_ge_3,prior3_bp_ge_0,2,3,1,41,-0.005786776683208927,-1.4114089471241287,0.4146341463414634,0.4146341463414634,0.03360493479083106
rvol_ge_3&prior3_bp_ge_5,rvol_ge_3,prior3_bp_ge_5,2,3,1,41,-0.005786776683208927,-1.4114089471241287,0.4146341463414634,0.4146341463414634,0.03360493479083106
rvol_ge_3&rvol3_prior3_pos,rvol_ge_3,rvol3_prior3_pos,2,3,1,41,-0.005786776683208927,-1.4114089471241287,0.4146341463414634,0.4146341463414634,0.03360493479083106
prior3_bp_ge_5&rvol3_prior3_pos,prior3_bp_ge_5,rvol3_prior3_pos,2,3,1,41,-0.005786776683208927,-1.4114089471241287,0.4146341463414634,0.4146341463414634,0.03360493479083106
prior3_bp_ge_0&rvol3_prior3_pos,prior3_bp_ge_0,rvol3_prior3_pos,2,3,1,41,-0.005786776683208927,-1.4114089471241287,0.4146341463414634,0.4146341463414634,0.03360493479083106
green_ge_7.5&prior3_bp_ge_0,green_ge_7.5,prior3_bp_ge_0,5,2,1,50,-0.005787442917849939,-1.1574885835699877,0.22,0.24,0.02989545451274374
prior3_bp_ge_5&prior5_bp_ge_10,prior3_bp_ge_5,prior5_bp_ge_10,3,5,3,54,-0.005789162349752797,-1.0720671018060735,0.5370370370370371,0.5555555555555556,0.02781584009169206
prior3_bp_ge_0&prior5_bp_ge_10,prior3_bp_ge_0,prior5_bp_ge_10,3,5,3,54,-0.005789162349752797,-1.0720671018060735,0.5370370370370371,0.5555555555555556,0.02781584009169206
rvol_ge_3&prior5_bp_ge_0,rvol_ge_3,prior5_bp_ge_0,2,5,3,42,-0.005793668736868596,-1.3794449373496658,0.5476190476190477,0.5714285714285714,0.040648349329731305
green_ge_7.5&rvol3_prior3_pos,green_ge_7.5,rvol3_prior3_pos,5,3,3,27,-0.005797298194927913,-2.147147479602931,0.18518518518518517,0.18518518518518517,0.047439046548415256
prior3_bp_ge_0&prior5_bp_ge_10,prior3_bp_ge_0,prior5_bp_ge_10,3,2,1,54,-0.0057991667493414445,-1.0739197683965638,0.3148148148148148,0.3148148148148148,0.020191505606426078
prior3_bp_ge_5&prior5_bp_ge_10,prior3_bp_ge_5,prior5_bp_ge_10,3,2,1,54,-0.0057991667493414445,-1.0739197683965638,0.3148148148148148,0.3148148148148148,0.020191505606426078
green_ge_7.5&prior3_bp_ge_5,green_ge_7.5,prior3_bp_ge_5,1,1,1,47,-0.005804033931932739,-1.234900836581434,0.2765957446808511,0.2765957446808511,0.030416962351873623
green_ge_7.5&prior3_bp_ge_5,green_ge_7.5,prior3_bp_ge_5,1,1,3,47,-0.005804033931932739,-1.234900836581434,0.2765957446808511,0.2765957446808511,0.030416962351873623
green_ge_7.5&prior5_bp_ge_5,green_ge_7.5,prior5_bp_ge_5,5,2,3,46,-0.005812506818726582,-1.2635884388536045,0.21739130434782608,0.21739130434782608,0.032271424458547616
rvol_ge_3&prior5_bp_ge_0,rvol_ge_3,prior5_bp_ge_0,5,2,1,42,-0.005812612965374608,-1.3839554679463353,0.16666666666666666,0.23809523809523808,0.0380090512635717
close_loc_ge_0.75&close_loc_ge_0.9,close_loc_ge_0.75,close_loc_ge_0.9,5,2,1,43,-0.005815195402269491,-1.3523710237836026,0.18604651162790697,0.20930232558139536,0.035770837378810205
prior5_bp_ge_5&prior5_bp_ge_10,prior5_bp_ge_5,prior5_bp_ge_10,5,1,3,55,-0.005822741528692554,-1.058680277944101,0.14545454545454545,0.14545454545454545,0.03702193974472456
prior5_bp_ge_0&prior5_bp_ge_10,prior5_bp_ge_0,prior5_bp_ge_10,5,1,3,55,-0.005822741528692554,-1.058680277944101,0.14545454545454545,0.14545454545454545,0.03702193974472456
green_ge_7.5&prior3_bp_ge_0,green_ge_7.5,prior3_bp_ge_0,3,1,1,50,-0.005828443114148429,-1.1656886228296859,0.18,0.18,0.02738318490334383
prior5_bp_ge_0&prior5_bp_ge_5,prior5_bp_ge_0,prior5_bp_ge_5,1,3,1,71,-0.005831508578926781,-0.8213392364685607,0.6197183098591549,0.6197183098591549,0.028364068904411753
green_ge_7.5&prior3_bp_ge_5,green_ge_7.5,prior3_bp_ge_5,3,1,3,47,-0.005835923596050563,-1.2416858715001198,0.1702127659574468,0.1702127659574468,0.028946623286232424
range_ge_10&close_loc_ge_0.75,range_ge_10,close_loc_ge_0.75,3,3,1,42,-0.005838823314059938,-1.390196027157128,0.35714285714285715,0.38095238095238093,0.029406702148464955
prior3_bp_ge_5&prior5_bp_ge_10,prior3_bp_ge_5,prior5_bp_ge_10,2,3,1,54,-0.005860544387669142,-1.0852859977165077,0.46296296296296297,0.46296296296296297,0.02643687776047249
prior3_bp_ge_0&prior5_bp_ge_10,prior3_bp_ge_0,prior5_bp_ge_10,2,3,1,54,-0.005860544387669142,-1.0852859977165077,0.46296296296296297,0.46296296296296297,0.02643687776047249
range_ge_10&rvol3_prior3_pos,range_ge_10,rvol3_prior3_pos,5,3,1,30,-0.005866385216860004,-1.9554617389533346,0.2,0.23333333333333334,0.04301447833400369
rvol_ge_3&range_ge_10,rvol_ge_3,range_ge_10,3,3,1,34,-0.0058683967096254674,-1.7259990322427845,0.29411764705882354,0.3235294117647059,0.03690161716926808
prior5_bp_ge_10&range_ge_10,prior5_bp_ge_10,range_ge_10,5,3,3,39,-0.005872337109804393,-1.5057274640524085,0.28205128205128205,0.28205128205128205,0.030235852616443213
green_ge_7.5&close_loc_ge_0.75,green_ge_7.5,close_loc_ge_0.75,5,1,1,42,-0.005875539718685485,-1.3989380282584487,0.09523809523809523,0.09523809523809523,0.05200825532105975
prior3_bp_ge_0&close_loc_ge_0.75,prior3_bp_ge_0,close_loc_ge_0.75,3,3,3,59,-0.005881041147802524,-0.9967866352207667,0.423728813559322,0.423728813559322,0.021298075102482387
prior3_bp_ge_0&prior5_bp_ge_0,prior3_bp_ge_0,prior5_bp_ge_0,1,2,1,72,-0.005884833261702638,-0.8173379530142553,0.5416666666666666,0.5416666666666666,0.023066317030815676
green_ge_7.5&prior5_bp_ge_0,green_ge_7.5,prior5_bp_ge_0,1,1,3,49,-0.005905520642936923,-1.2052082944769231,0.2857142857142857,0.2857142857142857,0.02938032899904233
green_ge_7.5&prior5_bp_ge_0,green_ge_7.5,prior5_bp_ge_0,1,1,1,49,-0.005905520642936923,-1.2052082944769231,0.2857142857142857,0.2857142857142857,0.02938032899904233
green_ge_7.5&prior5_bp_ge_5,green_ge_7.5,prior5_bp_ge_5,1,1,1,46,-0.005907425686158985,-1.2842229752519532,0.2608695652173913,0.2608695652173913,0.030877156637196267
green_ge_7.5&prior5_bp_ge_5,green_ge_7.5,prior5_bp_ge_5,1,1,3,46,-0.005907425686158985,-1.2842229752519532,0.2608695652173913,0.2608695652173913,0.030877156637196267
green_ge_7.5&prior5_bp_ge_0,green_ge_7.5,prior5_bp_ge_0,5,1,1,49,-0.005907809310644052,-1.2056753695191944,0.12244897959183673,0.12244897959183673,0.04304954854536336
prior5_bp_ge_5&prior5_bp_ge_10,prior5_bp_ge_5,prior5_bp_ge_10,3,1,3,55,-0.005909260078629575,-1.0744109233871952,0.2,0.2,0.024848746789498884
prior5_bp_ge_0&prior5_bp_ge_10,prior5_bp_ge_0,prior5_bp_ge_10,3,1,3,55,-0.005909260078629575,-1.0744109233871952,0.2,0.2,0.024848746789498884
green_ge_7.5&rvol_ge_3,green_ge_7.5,rvol_ge_3,5,3,1,30,-0.0059107730162244465,-1.9702576720748155,0.16666666666666666,0.23333333333333334,0.045575976506561026
prior3_bp_ge_5&prior5_bp_ge_5,prior3_bp_ge_5,prior5_bp_ge_5,1,2,1,68,-0.005919659373603836,-0.8705381431770347,0.5294117647058824,0.5294117647058824,0.024186036052551648
prior3_bp_ge_5&close_loc_ge_0.75,prior3_bp_ge_5,close_loc_ge_0.75,5,1,3,54,-0.005925634879588748,-1.0973397925164348,0.12962962962962962,0.14814814814814814,0.038383381869164124
prior3_bp_ge_5&range_ge_10,prior3_bp_ge_5,range_ge_10,2,3,3,52,-0.00592645050664109,-1.139702020507902,0.4807692307692308,0.4807692307692308,0.026640334406654816
green_ge_7.5&prior5_bp_ge_0,green_ge_7.5,prior5_bp_ge_0,5,2,3,49,-0.0059266741523368305,-1.209525337211598,0.22448979591836735,0.22448979591836735,0.030176151355091677
green_ge_7.5&range_ge_10,green_ge_7.5,range_ge_10,3,2,3,49,-0.005935070919411478,-1.2112389631451996,0.30612244897959184,0.30612244897959184,0.02172302407021765
green_ge_7.5&range_ge_10,green_ge_7.5,range_ge_10,3,2,1,49,-0.005935070919411478,-1.2112389631451996,0.30612244897959184,0.30612244897959184,0.02172302407021765
prior5_bp_ge_5&close_loc_ge_0.75,prior5_bp_ge_5,close_loc_ge_0.75,5,1,1,51,-0.005936995815969182,-1.1641168266606239,0.11764705882352941,0.13725490196078433,0.04184743617649554
prior5_bp_ge_0&prior5_bp_ge_5,prior5_bp_ge_0,prior5_bp_ge_5,3,5,1,71,-0.0059383420642671325,-0.8363862062348073,0.4647887323943662,0.5070422535211268,0.024603288443754763
green_ge_7.5&prior5_bp_ge_0,green_ge_7.5,prior5_bp_ge_0,3,2,3,49,-0.0059401650043495735,-1.2122785723162395,0.30612244897959184,0.30612244897959184,0.021656863680755856
prior3_bp_ge_0&prior3_bp_ge_5,prior3_bp_ge_0,prior3_bp_ge_5,3,5,3,74,-0.00594548472217471,-0.8034438813749608,0.5540540540540541,0.5675675675675675,0.02109085815123627
green_ge_7.5&range_ge_10,green_ge_7.5,range_ge_10,2,3,3,49,-0.005948545925261284,-1.2139889643390376,0.46938775510204084,0.46938775510204084,0.028738824862967374
prior3_bp_ge_0&close_loc_ge_0.75,prior3_bp_ge_0,close_loc_ge_0.75,3,2,3,59,-0.005951015324300646,-1.0086466651357027,0.3389830508474576,0.3389830508474576,0.018441981964942285
rvol_ge_3&prior5_bp_ge_5,rvol_ge_3,prior5_bp_ge_5,3,3,1,40,-0.005956623874883937,-1.4891559687209843,0.3,0.35,0.03161210716200748
prior3_bp_ge_5&prior5_bp_ge_10,prior3_bp_ge_5,prior5_bp_ge_10,5,2,1,54,-0.00595849493963263,-1.1034249888208574,0.2222222222222222,0.24074074074074073,0.027938452723115483
prior3_bp_ge_0&prior5_bp_ge_10,prior3_bp_ge_0,prior5_bp_ge_10,5,2,1,54,-0.00595849493963263,-1.1034249888208574,0.2222222222222222,0.24074074074074073,0.027938452723115483
prior5_bp_ge_0&rvol3_prior3_pos,prior5_bp_ge_0,rvol3_prior3_pos,3,3,1,40,-0.005959584969658871,-1.4898962424147177,0.3,0.35,0.03161893423466367
prior3_bp_ge_5&prior5_bp_ge_0,prior3_bp_ge_5,prior5_bp_ge_0,3,5,3,71,-0.005960454487666356,-0.8395006320656839,0.5492957746478874,0.5633802816901409,0.021943994332761434
prior5_bp_ge_10&range_ge_10,prior5_bp_ge_10,range_ge_10,3,3,3,39,-0.005964310027671504,-1.5293102635055138,0.358974358974359,0.358974358974359,0.029451104459274707
green_ge_7.5&prior3_bp_ge_0,green_ge_7.5,prior3_bp_ge_0,3,1,3,50,-0.0059664364898039945,-1.193287297960799,0.18,0.18,0.027055240010689725
prior3_bp_ge_0&prior5_bp_ge_5,prior3_bp_ge_0,prior5_bp_ge_5,5,1,3,69,-0.005968376502058836,-0.8649821017476574,0.17391304347826086,0.17391304347826086,0.02843711867207746
prior5_bp_ge_0&prior5_bp_ge_5,prior5_bp_ge_0,prior5_bp_ge_5,3,5,3,71,-0.005969421097745453,-0.8407635348937258,0.5492957746478874,0.5633802816901409,0.02193197418518069
prior3_bp_ge_5&prior5_bp_ge_5,prior3_bp_ge_5,prior5_bp_ge_5,3,5,3,68,-0.005975231935377634,-0.878710578732005,0.5441176470588235,0.5588235294117647,0.022869706548988872
prior3_bp_ge_5&prior5_bp_ge_0,prior3_bp_ge_5,prior5_bp_ge_0,5,1,3,71,-0.005975315544328064,-0.8415937386377554,0.16901408450704225,0.18309859154929578,0.027791335229533004
prior5_bp_ge_5&range_ge_10,prior5_bp_ge_5,range_ge_10,2,5,1,49,-0.005982790865039389,-1.220977727559059,0.5510204081632653,0.5510204081632653,0.0386000376504386
prior5_bp_ge_10&rvol3_prior3_pos,prior5_bp_ge_10,rvol3_prior3_pos,3,3,3,32,-0.005983905514294174,-1.8699704732169296,0.3125,0.3125,0.037411102532822565
rvol_ge_3&prior5_bp_ge_10,rvol_ge_3,prior5_bp_ge_10,3,3,3,32,-0.005983905514294174,-1.8699704732169296,0.3125,0.3125,0.037411102532822565
prior3_bp_ge_5&close_loc_ge_0.75,prior3_bp_ge_5,close_loc_ge_0.75,3,3,3,54,-0.00598548387644926,-1.1084229400831964,0.4074074074074074,0.4074074074074074,0.02320744873566589
rvol_ge_3&range_ge_10,rvol_ge_3,range_ge_10,2,3,3,34,-0.005990907995500061,-1.7620317633823708,0.38235294117647056,0.38235294117647056,0.03922280605049217
rvol_ge_3&prior5_bp_ge_5,rvol_ge_3,prior5_bp_ge_5,2,3,1,40,-0.00599268004597775,-1.4981700114944374,0.4,0.4,0.034149987610940784
prior5_bp_ge_0&rvol3_prior3_pos,prior5_bp_ge_0,rvol3_prior3_pos,2,3,1,40,-0.0059947157986357524,-1.498678949658938,0.4,0.4,0.03415546479461177
green_ge_7.5&close_loc_ge_0.75,green_ge_7.5,close_loc_ge_0.75,5,1,3,42,-0.00601353309434105,-1.4317935938907262,0.09523809523809523,0.09523809523809523,0.05129965152880031
prior3_bp_ge_0&prior3_bp_ge_5,prior3_bp_ge_0,prior3_bp_ge_5,2,3,1,74,-0.0060254855790713435,-0.814254807982614,0.5135135135135135,0.5135135135135135,0.019810244810854572
prior3_bp_ge_5&prior5_bp_ge_0,prior3_bp_ge_5,prior5_bp_ge_0,2,3,1,71,-0.006027895901793645,-0.8489994227878372,0.5070422535211268,0.5070422535211268,0.020582158731179048
prior3_bp_ge_0&prior5_bp_ge_5,prior3_bp_ge_0,prior5_bp_ge_5,1,2,3,69,-0.006030601166522653,-0.8740001690612541,0.5362318840579711,0.5362318840579711,0.023639175634501575
prior3_bp_ge_0&prior5_bp_ge_0,prior3_bp_ge_0,prior5_bp_ge_0,2,3,3,72,-0.006035480245605851,-0.8382611452230349,0.5277777777777778,0.5277777777777778,0.019791861050756806
green_ge_7.5&prior5_bp_ge_0,green_ge_7.5,prior5_bp_ge_0,5,1,3,49,-0.006045802686299617,-1.233837282918289,0.12244897959183673,0.12244897959183673,0.042562898720736715
green_ge_7.5&range_ge_10,green_ge_7.5,range_ge_10,5,1,1,49,-0.006047180942222452,-1.234118559637235,0.12244897959183673,0.12244897959183673,0.042558093628105996
green_ge_7.5&range_ge_10,green_ge_7.5,range_ge_10,5,1,3,49,-0.006047180942222452,-1.234118559637235,0.12244897959183673,0.12244897959183673,0.042558093628105996
prior5_bp_ge_5&range_ge_10,prior5_bp_ge_5,range_ge_10,2,3,1,49,-0.0060560238906713915,-1.2359232429941616,0.4489795918367347,0.4489795918367347,0.028640584816700607
prior3_bp_ge_10&prior5_bp_ge_0,prior3_bp_ge_10,prior5_bp_ge_0,5,3,3,47,-0.006063465752487285,-1.2900990962738903,0.2978723404255319,0.2978723404255319,0.025392461009630423
prior3_bp_ge_0&prior3_bp_ge_5,prior3_bp_ge_0,prior3_bp_ge_5,2,1,1,74,-0.006070320667868834,-0.8203136037660587,0.3108108108108108,0.3108108108108108,0.016785749741685452
prior3_bp_ge_0&prior3_bp_ge_5,prior3_bp_ge_0,prior3_bp_ge_5,2,1,3,74,-0.006070320667868834,-0.8203136037660587,0.3108108108108108,0.3108108108108108,0.016785749741685452
prior5_bp_ge_0&range_ge_10,prior5_bp_ge_0,range_ge_10,2,3,1,52,-0.006076460924119509,-1.1685501777152902,0.46153846153846156,0.46153846153846156,0.027833745959828293
prior3_bp_ge_5&prior5_bp_ge_10,prior3_bp_ge_5,prior5_bp_ge_10,2,3,3,54,-0.006081018222481638,-1.1261144856447478,0.48148148148148145,0.48148148148148145,0.025453866302084866
prior3_bp_ge_0&prior5_bp_ge_10,prior3_bp_ge_0,prior5_bp_ge_10,2,3,3,54,-0.006081018222481638,-1.1261144856447478,0.48148148148148145,0.48148148148148145,0.025453866302084866
range_ge_10&close_loc_ge_0.75,range_ge_10,close_loc_ge_0.75,3,3,3,42,-0.006090695584809791,-1.4501656154309028,0.35714285714285715,0.35714285714285715,0.02898646084798083
rvol_ge_3&prior5_bp_ge_0,rvol_ge_3,prior5_bp_ge_0,3,3,1,42,-0.0060933353903915854,-1.4507941405694251,0.30952380952380953,0.35714285714285715,0.030794669563579038
range_ge_10&close_loc_ge_0.75,range_ge_10,close_loc_ge_0.75,3,5,1,42,-0.006096643755880149,-1.4515818466381307,0.4523809523809524,0.47619047619047616,0.03652322869623607
rvol_ge_3&prior3_bp_ge_10,rvol_ge_3,prior3_bp_ge_10,5,3,3,29,-0.006098582029627431,-2.102959320561183,0.20689655172413793,0.20689655172413793,0.04229988428644348
prior3_bp_ge_10&rvol3_prior3_pos,prior3_bp_ge_10,rvol3_prior3_pos,5,3,3,29,-0.006098582029627431,-2.102959320561183,0.20689655172413793,0.20689655172413793,0.04229988428644348
green_ge_7.5&prior5_bp_ge_0,green_ge_7.5,prior5_bp_ge_0,3,1,1,49,-0.00610269185415091,-1.2454473171736553,0.16326530612244897,0.16326530612244897,0.028246925452943286
prior3_bp_ge_0&close_loc_ge_0.75,prior3_bp_ge_0,close_loc_ge_0.75,1,1,3,59,-0.006103352542023099,-1.034466532546288,0.3389830508474576,0.3389830508474576,0.022719785803708325
prior3_bp_ge_0&close_loc_ge_0.75,prior3_bp_ge_0,close_loc_ge_0.75,1,1,1,59,-0.006103352542023099,-1.034466532546288,0.3389830508474576,0.3389830508474576,0.022719785803708325
prior5_bp_ge_0&prior5_bp_ge_10,prior5_bp_ge_0,prior5_bp_ge_10,3,2,1,55,-0.006105425258355779,-1.1100773197010507,0.3090909090909091,0.3090909090909091,0.019819119556955433
prior5_bp_ge_5&prior5_bp_ge_10,prior5_bp_ge_5,prior5_bp_ge_10,3,2,1,55,-0.006105425258355779,-1.1100773197010507,0.3090909090909091,0.3090909090909091,0.019819119556955433
prior3_bp_ge_0&range_ge_10,prior3_bp_ge_0,range_ge_10,2,3,3,54,-0.006122707475965328,-1.133834717771357,0.48148148148148145,0.48148148148148145,0.025656342060215127
green_ge_7.5&close_loc_ge_0.75,green_ge_7.5,close_loc_ge_0.75,3,3,3,42,-0.006125211059257452,-1.4583835855374883,0.35714285714285715,0.35714285714285715,0.029530571719451653
green_ge_7.5&prior3_bp_ge_0,green_ge_7.5,prior3_bp_ge_0,1,1,3,50,-0.006129035029976526,-1.2258070059953052,0.28,0.28,0.028570075104351018
green_ge_7.5&prior3_bp_ge_0,green_ge_7.5,prior3_bp_ge_0,1,1,1,50,-0.006129035029976526,-1.2258070059953052,0.28,0.28,0.028570075104351018
prior3_bp_ge_5&prior5_bp_ge_5,prior3_bp_ge_5,prior5_bp_ge_5,3,1,3,68,-0.006140091739938569,-0.9029546676380248,0.23529411764705882,0.23529411764705882,0.019753244071802303
prior5_bp_ge_0&close_loc_ge_0.75,prior5_bp_ge_0,close_loc_ge_0.75,5,1,3,55,-0.00614254491856181,-1.1168263488294201,0.12727272727272726,0.14545454545454545,0.03777801238195318
green_ge_7.5&range_ge_10,green_ge_7.5,range_ge_10,5,2,3,49,-0.006157668694572682,-1.2566670805250373,0.22448979591836735,0.22448979591836735,0.02977666662790395
green_ge_7.5&range_ge_10,green_ge_7.5,range_ge_10,5,2,1,49,-0.006157668694572682,-1.2566670805250373,0.22448979591836735,0.22448979591836735,0.02977666662790395
green_ge_7.5&prior3_bp_ge_0,green_ge_7.5,prior3_bp_ge_0,5,1,1,50,-0.006161422950788253,-1.2322845901576507,0.12,0.12,0.042163542201079256
prior3_bp_ge_5&prior5_bp_ge_5,prior3_bp_ge_5,prior5_bp_ge_5,3,1,1,68,-0.006161454823423895,-0.9060962975623376,0.22058823529411764,0.23529411764705882,0.02007958454453532
close_loc_ge_0.75&close_loc_ge_0.9,close_loc_ge_0.75,close_loc_ge_0.9,5,2,3,43,-0.006166586670092844,-1.4340899232774054,0.18604651162790697,0.20930232558139536,0.03621377764248867
prior5_bp_ge_0&range_ge_10,prior5_bp_ge_0,range_ge_10,2,5,1,52,-0.0061861661811351,-1.1896473425259808,0.5576923076923077,0.5576923076923077,0.03636501250941472
prior3_bp_ge_0&prior5_bp_ge_0,prior3_bp_ge_0,prior5_bp_ge_0,5,1,3,72,-0.00619142547271978,-0.8599202045444139,0.16666666666666666,0.18055555555555555,0.027473749774445864
prior3_bp_ge_0&prior5_bp_ge_0,prior3_bp_ge_0,prior5_bp_ge_0,2,3,1,72,-0.00620530252072149,-0.861847572322429,0.5,0.5,0.020410252874957603
prior5_bp_ge_5&rvol3_prior3_pos,prior5_bp_ge_5,rvol3_prior3_pos,2,3,1,39,-0.006207042318217892,-1.591549312363562,0.38461538461538464,0.38461538461538464,0.03473654026920225
prior5_bp_ge_0&prior5_bp_ge_5,prior5_bp_ge_0,prior5_bp_ge_5,1,2,3,71,-0.006219934799769455,-0.8760471548971064,0.5352112676056338,0.5352112676056338,0.022941840777896374
rvol_ge_3&prior5_bp_ge_0,rvol_ge_3,prior5_bp_ge_0,2,3,1,42,-0.006225903615841077,-1.4823580037716853,0.40476190476190477,0.40476190476190477,0.033367699265149056
green_ge_7.5&close_loc_ge_0.75,green_ge_7.5,close_loc_ge_0.75,5,2,3,42,-0.00622793098607366,-1.4828407109699189,0.19047619047619047,0.19047619047619047,0.03599365706777293
prior3_bp_ge_0&prior5_bp_ge_5,prior3_bp_ge_0,prior5_bp_ge_5,1,2,1,69,-0.006232527575655289,-0.9032648660369984,0.5217391304347826,0.5217391304347826,0.02364244697279224
prior3_bp_ge_0&prior5_bp_ge_10,prior3_bp_ge_0,prior5_bp_ge_10,3,2,3,54,-0.0062395592548771805,-1.1554739360883668,0.3148148148148148,0.3148148148148148,0.019660313944083418
prior3_bp_ge_5&prior5_bp_ge_10,prior3_bp_ge_5,prior5_bp_ge_10,3,2,3,54,-0.0062395592548771805,-1.1554739360883668,0.3148148148148148,0.3148148148148148,0.019660313944083418
green_ge_7.5&prior5_bp_ge_0,green_ge_7.5,prior5_bp_ge_0,3,1,3,49,-0.006240685229806475,-1.2736092305727502,0.16326530612244897,0.16326530612244897,0.02789809748897909
green_ge_7.5&range_ge_10,green_ge_7.5,range_ge_10,1,1,1,49,-0.006241347949685672,-1.2737444795276882,0.2653061224489796,0.2653061224489796,0.029051029792418942
green_ge_7.5&range_ge_10,green_ge_7.5,range_ge_10,1,1,3,49,-0.006241347949685672,-1.2737444795276882,0.2653061224489796,0.2653061224489796,0.029051029792418942
rvol_ge_3&range_ge_10,rvol_ge_3,range_ge_10,3,5,1,34,-0.006242054043447576,-1.8358982480728165,0.38235294117647056,0.4117647058823529,0.043965667297028124
green_ge_7.5&rvol_ge_3,green_ge_7.5,rvol_ge_3,3,3,3,30,-0.006242668714799504,-2.0808895715998346,0.26666666666666666,0.26666666666666666,0.040722728923574474
prior5_bp_ge_0&rvol3_prior3_pos,prior5_bp_ge_0,rvol3_prior3_pos,5,3,1,40,-0.006244638584281814,-1.5611596460704535,0.2,0.3,0.034320568218696966
prior3_bp_ge_0&prior3_bp_ge_5,prior3_bp_ge_0,prior3_bp_ge_5,2,3,3,74,-0.006245959413883839,-0.844048569443762,0.527027027027027,0.527027027027027,0.01925746243806746
prior5_bp_ge_0&prior5_bp_ge_5,prior5_bp_ge_0,prior5_bp_ge_5,3,1,3,71,-0.006247531254124694,-0.8799339794541823,0.23943661971830985,0.23943661971830985,0.018891142280715496
prior3_bp_ge_5&prior5_bp_ge_0,prior3_bp_ge_5,prior5_bp_ge_0,2,3,3,71,-0.006248369736606141,-0.8800520755783297,0.5211267605633803,0.5211267605633803,0.019986106384974566
green_ge_7.5&prior3_bp_ge_0,green_ge_7.5,prior3_bp_ge_0,5,2,3,50,-0.006255184833105831,-1.2510369666211665,0.22,0.22,0.029611178516262646
prior5_bp_ge_5&close_loc_ge_0.75,prior5_bp_ge_5,close_loc_ge_0.75,5,3,3,51,-0.006257088147951451,-1.2268800290100883,0.27450980392156865,0.3137254901960784,0.024556747308263755
prior5_bp_ge_5&rvol3_prior3_pos,prior5_bp_ge_5,rvol3_prior3_pos,5,3,1,39,-0.006260441468061817,-1.6052414020671326,0.20512820512820512,0.28205128205128205,0.034356523137328406
rvol_ge_3&prior5_bp_ge_5,rvol_ge_3,prior5_bp_ge_5,5,3,1,40,-0.006263013815328677,-1.5657534538321694,0.2,0.275,0.03435066536826247
prior3_bp_ge_5&prior5_bp_ge_0,prior3_bp_ge_5,prior5_bp_ge_0,3,1,3,71,-0.006263109826742053,-0.8821281446115566,0.23943661971830985,0.23943661971830985,0.01888025794150449
prior5_bp_ge_0&prior5_bp_ge_10,prior5_bp_ge_0,prior5_bp_ge_10,5,2,1,55,-0.006264753448646965,-1.1390460815721755,0.21818181818181817,0.23636363636363636,0.02748580790311798
prior5_bp_ge_5&prior5_bp_ge_10,prior5_bp_ge_5,prior5_bp_ge_10,5,2,1,55,-0.006264753448646965,-1.1390460815721755,0.21818181818181817,0.23636363636363636,0.02748580790311798
prior3_bp_ge_5&prior5_bp_ge_0,prior3_bp_ge_5,prior5_bp_ge_0,2,1,3,71,-0.006265959583553138,-0.8825295188103012,0.29577464788732394,0.29577464788732394,0.017486804580128967
prior3_bp_ge_5&prior5_bp_ge_0,prior3_bp_ge_5,prior5_bp_ge_0,2,1,1,71,-0.006265959583553138,-0.8825295188103012,0.29577464788732394,0.29577464788732394,0.017486804580128967
prior5_bp_ge_5&rvol3_prior3_pos,prior5_bp_ge_5,rvol3_prior3_pos,3,3,1,39,-0.006268423543596691,-1.6072880881017155,0.28205128205128205,0.3333333333333333,0.032347555387019826
prior5_bp_ge_0&prior5_bp_ge_5,prior5_bp_ge_0,prior5_bp_ge_5,3,1,1,71,-0.00626889433761002,-0.8829428644521155,0.22535211267605634,0.23943661971830985,0.019187402069225784
prior3_bp_ge_5&prior5_bp_ge_0,prior3_bp_ge_5,prior5_bp_ge_0,3,1,1,71,-0.006284472910227379,-0.8851370296094899,0.22535211267605634,0.23943661971830985,0.019176147358131335
prior3_bp_ge_5&range_ge_10,prior3_bp_ge_5,range_ge_10,3,5,1,52,-0.00629002347362817,-1.209619898774648,0.4807692307692308,0.5,0.030406641714902427
prior5_bp_ge_5&prior5_bp_ge_10,prior5_bp_ge_5,prior5_bp_ge_10,2,3,1,55,-0.006290558002092106,-1.1437378185622011,0.45454545454545453,0.45454545454545453,0.02575598082326436
prior5_bp_ge_0&prior5_bp_ge_10,prior5_bp_ge_0,prior5_bp_ge_10,2,3,1,55,-0.006290558002092106,-1.1437378185622011,0.45454545454545453,0.45454545454545453,0.02575598082326436
green_ge_7.5&prior3_bp_ge_0,green_ge_7.5,prior3_bp_ge_0,5,1,3,50,-0.0062994163264438185,-1.2598832652887637,0.12,0.12,0.04169660916672943
prior3_bp_ge_5&rvol3_prior3_pos,prior3_bp_ge_5,rvol3_prior3_pos,2,3,3,41,-0.006311103336286483,-1.5392934966552398,0.4146341463414634,0.4146341463414634,0.03229246959604326
rvol_ge_3&prior3_bp_ge_0,rvol_ge_3,prior3_bp_ge_0,2,3,3,41,-0.006311103336286483,-1.5392934966552398,0.4146341463414634,0.4146341463414634,0.03229246959604326
rvol_ge_3&rvol3_prior3_pos,rvol_ge_3,rvol3_prior3_pos,2,3,3,41,-0.006311103336286483,-1.5392934966552398,0.4146341463414634,0.4146341463414634,0.03229246959604326
rvol_ge_3&prior3_bp_ge_5,rvol_ge_3,prior3_bp_ge_5,2,3,3,41,-0.006311103336286483,-1.5392934966552398,0.4146341463414634,0.4146341463414634,0.03229246959604326
prior3_bp_ge_0&rvol3_prior3_pos,prior3_bp_ge_0,rvol3_prior3_pos,2,3,3,41,-0.006311103336286483,-1.5392934966552398,0.4146341463414634,0.4146341463414634,0.03229246959604326
prior5_bp_ge_5&range_ge_10,prior5_bp_ge_5,range_ge_10,3,5,1,49,-0.0063211229513769895,-1.2900250921177532,0.46938775510204084,0.4897959183673469,0.03219746117220238
prior3_bp_ge_5&close_loc_ge_0.75,prior3_bp_ge_5,close_loc_ge_0.75,5,1,1,54,-0.006337771933206171,-1.1736614691122538,0.1111111111111111,0.14814814814814814,0.04043913125618606
prior3_bp_ge_0&prior5_bp_ge_10,prior3_bp_ge_0,prior5_bp_ge_10,1,1,3,54,-0.006339700606152188,-1.1740186307689238,0.2962962962962963,0.2962962962962963,0.0269705569376816
prior3_bp_ge_5&prior5_bp_ge_10,prior3_bp_ge_5,prior5_bp_ge_10,1,1,3,54,-0.006339700606152188,-1.1740186307689238,0.2962962962962963,0.2962962962962963,0.0269705569376816
prior3_bp_ge_0&prior5_bp_ge_10,prior3_bp_ge_0,prior5_bp_ge_10,1,1,1,54,-0.006339700606152188,-1.1740186307689238,0.2962962962962963,0.2962962962962963,0.0269705569376816
prior3_bp_ge_5&prior5_bp_ge_10,prior3_bp_ge_5,prior5_bp_ge_10,1,1,1,54,-0.006339700606152188,-1.1740186307689238,0.2962962962962963,0.2962962962962963,0.0269705569376816
prior3_bp_ge_0&prior5_bp_ge_5,prior3_bp_ge_0,prior5_bp_ge_5,3,1,3,69,-0.006356201668330286,-0.9211886475840995,0.2318840579710145,0.2318840579710145,0.01949030613548621
prior3_bp_ge_5&prior5_bp_ge_5,prior3_bp_ge_5,prior5_bp_ge_5,5,1,1,68,-0.006358012945856029,-0.9350019038023571,0.14705882352941177,0.17647058823529413,0.03025507129977057
prior3_bp_ge_0&prior3_bp_ge_5,prior3_bp_ge_0,prior3_bp_ge_5,3,1,3,74,-0.006368946605548542,-0.8606684602092625,0.24324324324324326,0.24324324324324326,0.018092583087469936
prior3_bp_ge_0&prior5_bp_ge_5,prior3_bp_ge_0,prior5_bp_ge_5,3,1,1,69,-0.006377564751815612,-0.9242847466399438,0.21739130434782608,0.2318840579710145,0.019807316041074562
green_ge_7.5&prior3_bp_ge_5,green_ge_7.5,prior3_bp_ge_5,5,3,1,47,-0.006378477178227593,-1.3571228038782113,0.2553191489361702,0.2978723404255319,0.02729173564805301
green_ge_7.5&range_ge_10,green_ge_7.5,range_ge_10,3,5,3,49,-0.006384443330786249,-1.3029476185278062,0.4897959183673469,0.5102040816326531,0.03110226825912052
prior5_bp_ge_0&prior5_bp_ge_5,prior5_bp_ge_0,prior5_bp_ge_5,5,1,3,71,-0.0063884189398455415,-0.8997773154712031,0.16901408450704225,0.16901408450704225,0.027798044106056956
prior3_bp_ge_0&prior3_bp_ge_5,prior3_bp_ge_0,prior3_bp_ge_5,3,1,1,74,-0.006390309689033868,-0.8635553633829552,0.22972972972972974,0.24324324324324326,0.018362291293820894
prior3_bp_ge_5&prior5_bp_ge_10,prior3_bp_ge_5,prior5_bp_ge_10,2,1,3,54,-0.006390503451896734,-1.1834265651660618,0.2222222222222222,0.2222222222222222,0.02308702782089936
prior3_bp_ge_0&prior5_bp_ge_10,prior3_bp_ge_0,prior5_bp_ge_10,2,1,3,54,-0.006390503451896734,-1.1834265651660618,0.2222222222222222,0.2222222222222222,0.02308702782089936
prior3_bp_ge_5&prior5_bp_ge_10,prior3_bp_ge_5,prior5_bp_ge_10,2,1,1,54,-0.006390503451896734,-1.1834265651660618,0.2222222222222222,0.2222222222222222,0.02308702782089936
prior3_bp_ge_0&prior5_bp_ge_10,prior3_bp_ge_0,prior5_bp_ge_10,2,1,1,54,-0.006390503451896734,-1.1834265651660618,0.2222222222222222,0.2222222222222222,0.02308702782089936
prior5_bp_ge_0&close_loc_ge_0.75,prior5_bp_ge_0,close_loc_ge_0.75,5,3,3,55,-0.006401444603230555,-1.1638990187691918,0.2727272727272727,0.32727272727272727,0.022864735710058478
prior5_bp_ge_5&prior5_bp_ge_10,prior5_bp_ge_5,prior5_bp_ge_10,3,5,3,55,-0.00640480862228876,-1.1645106585979565,0.5272727272727272,0.5454545454545454,0.02711413633230405
prior5_bp_ge_0&prior5_bp_ge_10,prior5_bp_ge_0,prior5_bp_ge_10,3,5,3,55,-0.00640480862228876,-1.1645106585979565,0.5272727272727272,0.5454545454545454,0.02711413633230405
prior3_bp_ge_0&rvol3_prior3_pos,prior3_bp_ge_0,rvol3_prior3_pos,3,3,3,41,-0.006406550844375913,-1.5625733766770522,0.34146341463414637,0.34146341463414637,0.030185127339550206
rvol_ge_3&prior3_bp_ge_0,rvol_ge_3,prior3_bp_ge_0,3,3,3,41,-0.006406550844375913,-1.5625733766770522,0.34146341463414637,0.34146341463414637,0.030185127339550206
prior3_bp_ge_5&rvol3_prior3_pos,prior3_bp_ge_5,rvol3_prior3_pos,3,3,3,41,-0.006406550844375913,-1.5625733766770522,0.34146341463414637,0.34146341463414637,0.030185127339550206
rvol_ge_3&rvol3_prior3_pos,rvol_ge_3,rvol3_prior3_pos,3,3,3,41,-0.006406550844375913,-1.5625733766770522,0.34146341463414637,0.34146341463414637,0.030185127339550206
rvol_ge_3&prior3_bp_ge_5,rvol_ge_3,prior3_bp_ge_5,3,3,3,41,-0.006406550844375913,-1.5625733766770522,0.34146341463414637,0.34146341463414637,0.030185127339550206
range_ge_10&rvol3_prior3_pos,range_ge_10,rvol3_prior3_pos,5,3,3,30,-0.0064100627756504824,-2.136687591883494,0.2,0.2,0.04126282074033843
rvol_ge_3&prior5_bp_ge_10,rvol_ge_3,prior5_bp_ge_10,5,3,3,32,-0.006411591713787801,-2.003622410558688,0.21875,0.21875,0.03820227815676569
prior5_bp_ge_10&rvol3_prior3_pos,prior5_bp_ge_10,rvol3_prior3_pos,5,3,3,32,-0.006411591713787801,-2.003622410558688,0.21875,0.21875,0.03820227815676569
rvol_ge_3&range_ge_10,rvol_ge_3,range_ge_10,3,3,3,34,-0.006412074268415946,-1.8859041965929255,0.29411764705882354,0.29411764705882354,0.03540195490517594
prior5_bp_ge_0&range_ge_10,prior5_bp_ge_0,range_ge_10,3,5,3,52,-0.0064210767986078165,-1.234822461270734,0.5,0.5192307692307693,0.029391165807703085
prior5_bp_ge_0&prior5_bp_ge_5,prior5_bp_ge_0,prior5_bp_ge_5,1,2,1,71,-0.006421861208902091,-0.904487494211562,0.5211267605633803,0.5211267605633803,0.022944921947125514
prior3_bp_ge_5&prior5_bp_ge_5,prior3_bp_ge_5,prior5_bp_ge_5,2,1,3,68,-0.006475269755770285,-0.9522455523191596,0.27941176470588236,0.27941176470588236,0.01826597469504493
prior3_bp_ge_5&prior5_bp_ge_5,prior3_bp_ge_5,prior5_bp_ge_5,2,1,1,68,-0.006475269755770285,-0.9522455523191596,0.27941176470588236,0.27941176470588236,0.01826597469504493
prior3_bp_ge_0&prior5_bp_ge_0,prior3_bp_ge_0,prior5_bp_ge_0,3,1,3,72,-0.006479219755133769,-0.899891632657468,0.2361111111111111,0.2361111111111111,0.018639905909270876
prior3_bp_ge_0&prior5_bp_ge_0,prior3_bp_ge_0,prior5_bp_ge_0,2,1,3,72,-0.006482069511944855,-0.9002874322145632,0.2916666666666667,0.2916666666666667,0.01723885042901545
prior3_bp_ge_0&prior5_bp_ge_0,prior3_bp_ge_0,prior5_bp_ge_0,2,1,1,72,-0.006482069511944855,-0.9002874322145632,0.2916666666666667,0.2916666666666667,0.01723885042901545
prior3_bp_ge_0&prior5_bp_ge_0,prior3_bp_ge_0,prior5_bp_ge_0,3,1,1,72,-0.006500582838619096,-0.9028587275859855,0.2222222222222222,0.2361111111111111,0.018927676356907643
green_ge_7.5&prior3_bp_ge_5,green_ge_7.5,prior3_bp_ge_5,3,3,1,47,-0.00650779701746329,-1.3846376632900619,0.3404255319148936,0.3617021276595745,0.026192754488430885
prior5_bp_ge_0&prior5_bp_ge_10,prior5_bp_ge_0,prior5_bp_ge_10,2,3,3,55,-0.006511031836904602,-1.1838239703462912,0.4727272727272727,0.4727272727272727,0.024822058934884483
prior5_bp_ge_5&prior5_bp_ge_10,prior5_bp_ge_5,prior5_bp_ge_10,2,3,3,55,-0.006511031836904602,-1.1838239703462912,0.4727272727272727,0.4727272727272727,0.024822058934884483
range_ge_10&close_loc_ge_0.75,range_ge_10,close_loc_ge_0.75,5,3,1,42,-0.006516824519993136,-1.5516248857126516,0.2619047619047619,0.2857142857142857,0.029211677164682703
rvol_ge_3&prior5_bp_ge_5,rvol_ge_3,prior5_bp_ge_5,2,3,3,40,-0.0065170066990553055,-1.6292516747638264,0.4,0.4,0.03279546031767783
prior5_bp_ge_0&rvol3_prior3_pos,prior5_bp_ge_0,rvol3_prior3_pos,2,3,3,40,-0.006519042451713308,-1.629760612928327,0.4,0.4,0.0328005115914011
green_ge_7.5&close_loc_ge_0.75,green_ge_7.5,close_loc_ge_0.75,5,3,1,42,-0.006520304194410742,-1.5524533796216051,0.23809523809523808,0.2857142857142857,0.030384779853443008
prior5_bp_ge_5&close_loc_ge_0.75,prior5_bp_ge_5,close_loc_ge_0.75,5,3,1,51,-0.006527882053102507,-1.2799768731573544,0.23529411764705882,0.29411764705882354,0.026652302910478712
prior5_bp_ge_0&prior5_bp_ge_10,prior5_bp_ge_0,prior5_bp_ge_10,1,1,3,55,-0.006542829860659349,-1.1896054292107907,0.2909090909090909,0.2909090909090909,0.02641966352759609
prior5_bp_ge_0&prior5_bp_ge_10,prior5_bp_ge_0,prior5_bp_ge_10,1,1,1,55,-0.006542829860659349,-1.1896054292107907,0.2909090909090909,0.2909090909090909,0.02641966352759609
prior5_bp_ge_5&prior5_bp_ge_10,prior5_bp_ge_5,prior5_bp_ge_10,1,1,3,55,-0.006542829860659349,-1.1896054292107907,0.2909090909090909,0.2909090909090909,0.02641966352759609
prior5_bp_ge_5&prior5_bp_ge_10,prior5_bp_ge_5,prior5_bp_ge_10,1,1,1,55,-0.006542829860659349,-1.1896054292107907,0.2909090909090909,0.2909090909090909,0.02641966352759609
prior3_bp_ge_5&close_loc_ge_0.75,prior3_bp_ge_5,close_loc_ge_0.75,5,3,1,54,-0.006545263415441704,-1.2120858176743898,0.24074074074074073,0.3333333333333333,0.02503429562741799
prior5_bp_ge_0&prior5_bp_ge_10,prior5_bp_ge_0,prior5_bp_ge_10,3,2,3,55,-0.006545817763891515,-1.1901486843439117,0.3090909090909091,0.3090909090909091,0.019307092016360033
prior5_bp_ge_5&prior5_bp_ge_10,prior5_bp_ge_5,prior5_bp_ge_10,3,2,3,55,-0.006545817763891515,-1.1901486843439117,0.3090909090909091,0.3090909090909091,0.019307092016360033
rvol_ge_3&prior5_bp_ge_5,rvol_ge_3,prior5_bp_ge_5,5,3,3,40,-0.006546054233132703,-1.6365135582831758,0.25,0.25,0.030913407619133765
prior5_bp_ge_0&close_loc_ge_0.75,prior5_bp_ge_0,close_loc_ge_0.75,5,1,1,55,-0.006554681972179233,-1.1917603585780423,0.10909090909090909,0.14545454545454545,0.0397677472474059
prior3_bp_ge_0&prior5_bp_ge_5,prior3_bp_ge_0,prior5_bp_ge_5,5,1,1,69,-0.006574122874247745,-0.9527714310503979,0.14492753623188406,0.17391304347826086,0.029879062165298058
prior5_bp_ge_5&range_ge_10,prior5_bp_ge_5,range_ge_10,2,3,3,49,-0.006580350543748947,-1.3429286823977442,0.4489795918367347,0.4489795918367347,0.027681717762675296
prior3_bp_ge_0&prior5_bp_ge_10,prior3_bp_ge_0,prior5_bp_ge_10,5,3,1,54,-0.006588979366164316,-1.220181364104503,0.2777777777777778,0.2962962962962963,0.023306180136731507
prior3_bp_ge_5&prior5_bp_ge_10,prior3_bp_ge_5,prior5_bp_ge_10,5,3,1,54,-0.006588979366164316,-1.220181364104503,0.2777777777777778,0.2962962962962963,0.023306180136731507
prior5_bp_ge_0&prior5_bp_ge_10,prior5_bp_ge_0,prior5_bp_ge_10,2,1,1,55,-0.006593632706403896,-1.1988423102552537,0.21818181818181817,0.21818181818181817,0.0226821695654302
prior5_bp_ge_5&prior5_bp_ge_10,prior5_bp_ge_5,prior5_bp_ge_10,2,1,1,55,-0.006593632706403896,-1.1988423102552537,0.21818181818181817,0.21818181818181817,0.0226821695654302
prior5_bp_ge_0&prior5_bp_ge_10,prior5_bp_ge_0,prior5_bp_ge_10,2,1,3,55,-0.006593632706403896,-1.1988423102552537,0.21818181818181817,0.21818181818181817,0.0226821695654302
prior5_bp_ge_5&prior5_bp_ge_10,prior5_bp_ge_5,prior5_bp_ge_10,2,1,3,55,-0.006593632706403896,-1.1988423102552537,0.21818181818181817,0.21818181818181817,0.0226821695654302
prior3_bp_ge_0&range_ge_10,prior3_bp_ge_0,range_ge_10,3,5,1,54,-0.006595832336836138,-1.221450432747433,0.48148148148148145,0.5,0.02916281318264555
prior3_bp_ge_0&prior3_bp_ge_5,prior3_bp_ge_0,prior3_bp_ge_5,5,1,3,74,-0.006597020157032785,-0.8914892104098358,0.16216216216216217,0.17567567567567569,0.026896889301091166
prior5_bp_ge_0&range_ge_10,prior5_bp_ge_0,range_ge_10,2,3,3,52,-0.006600787577197065,-1.269382226384051,0.46153846153846156,0.46153846153846156,0.02695096810751145
prior3_bp_ge_5&prior5_bp_ge_10,prior3_bp_ge_5,prior5_bp_ge_10,3,3,1,54,-0.006602255004969915,-1.2226398157351694,0.37037037037037035,0.37037037037037035,0.02266428993470059
prior3_bp_ge_0&prior5_bp_ge_10,prior3_bp_ge_0,prior5_bp_ge_10,3,3,1,54,-0.006602255004969915,-1.2226398157351694,0.37037037037037035,0.37037037037037035,0.02266428993470059
rvol_ge_3&range_ge_10,rvol_ge_3,range_ge_10,5,3,1,34,-0.006628364992297797,-1.949519115381705,0.20588235294117646,0.23529411764705882,0.037521571709587594
prior3_bp_ge_5&prior5_bp_ge_10,prior3_bp_ge_5,prior5_bp_ge_10,5,2,3,54,-0.006630069287871909,-1.2277906088651682,0.2222222222222222,0.2222222222222222,0.027392454284721587
prior3_bp_ge_0&prior5_bp_ge_10,prior3_bp_ge_0,prior5_bp_ge_10,5,2,3,54,-0.006630069287871909,-1.2277906088651682,0.2222222222222222,0.2222222222222222,0.027392454284721587
prior3_bp_ge_5&close_loc_ge_0.75,prior3_bp_ge_5,close_loc_ge_0.75,5,3,3,54,-0.006630323774002744,-1.227837735926434,0.2777777777777778,0.3148148148148148,0.023172341766376597
prior3_bp_ge_5&close_loc_ge_0.75,prior3_bp_ge_5,close_loc_ge_0.75,5,2,3,54,-0.006656193963428647,-1.2326285117460458,0.2037037037037037,0.24074074074074073,0.028293043280934026
prior3_bp_ge_5&rvol3_prior3_pos,prior3_bp_ge_5,rvol3_prior3_pos,5,3,1,41,-0.0066565160665550405,-1.6235405040378148,0.1951219512195122,0.2926829268292683,0.033409295999494305
rvol_ge_3&rvol3_prior3_pos,rvol_ge_3,rvol3_prior3_pos,5,3,1,41,-0.0066565160665550405,-1.6235405040378148,0.1951219512195122,0.2926829268292683,0.033409295999494305
prior3_bp_ge_0&rvol3_prior3_pos,prior3_bp_ge_0,rvol3_prior3_pos,5,3,1,41,-0.0066565160665550405,-1.6235405040378148,0.1951219512195122,0.2926829268292683,0.033409295999494305
rvol_ge_3&prior3_bp_ge_0,rvol_ge_3,prior3_bp_ge_0,5,3,1,41,-0.0066565160665550405,-1.6235405040378148,0.1951219512195122,0.2926829268292683,0.033409295999494305
rvol_ge_3&prior3_bp_ge_5,rvol_ge_3,prior3_bp_ge_5,5,3,1,41,-0.0066565160665550405,-1.6235405040378148,0.1951219512195122,0.2926829268292683,0.033409295999494305
prior3_bp_ge_5&close_loc_ge_0.75,prior3_bp_ge_5,close_loc_ge_0.75,5,2,1,54,-0.006657439670017196,-1.2328591981513326,0.18518518518518517,0.24074074074074073,0.029586129863374295
prior3_bp_ge_5&prior5_bp_ge_5,prior3_bp_ge_5,prior5_bp_ge_5,2,3,1,68,-0.0066653354773731355,-0.9801963937313435,0.4852941176470588,0.4852941176470588,0.021224474275425353
prior5_bp_ge_5&range_ge_10,prior5_bp_ge_5,range_ge_10,5,3,1,49,-0.006669572823764125,-1.3611373109722704,0.2653061224489796,0.30612244897959184,0.02559103999396853
prior3_bp_ge_0&prior5_bp_ge_5,prior3_bp_ge_0,prior5_bp_ge_5,2,3,3,69,-0.006672919821185341,-0.9670898291572958,0.5072463768115942,0.5072463768115942,0.02038508647944254
prior5_bp_ge_0&prior5_bp_ge_5,prior5_bp_ge_0,prior5_bp_ge_5,2,1,3,71,-0.006680146666429021,-0.9408657276660594,0.28169014084507044,0.28169014084507044,0.017495321724870866
prior5_bp_ge_0&prior5_bp_ge_5,prior5_bp_ge_0,prior5_bp_ge_5,2,1,1,71,-0.006680146666429021,-0.9408657276660594,0.28169014084507044,0.28169014084507044,0.017495321724870866
prior3_bp_ge_0&prior5_bp_ge_5,prior3_bp_ge_0,prior5_bp_ge_5,2,1,1,69,-0.006691379684162002,-0.9697651716176815,0.2753623188405797,0.2753623188405797,0.017995602597238293
prior3_bp_ge_0&prior5_bp_ge_5,prior3_bp_ge_0,prior5_bp_ge_5,2,1,3,69,-0.006691379684162002,-0.9697651716176815,0.2753623188405797,0.2753623188405797,0.017995602597238293
rvol_ge_3&prior5_bp_ge_0,rvol_ge_3,prior5_bp_ge_0,5,3,1,42,-0.006692761020994142,-1.5935145288081292,0.19047619047619047,0.2857142857142857,0.033331415822175546
rvol_ge_3&prior5_bp_ge_5,rvol_ge_3,prior5_bp_ge_5,3,3,3,40,-0.006715498422741439,-1.6788746056853598,0.325,0.325,0.030816970064611513
prior5_bp_ge_0&rvol3_prior3_pos,prior5_bp_ge_0,rvol3_prior3_pos,3,3,3,40,-0.006718459517516373,-1.6796148793790933,0.325,0.325,0.03082315393765649
prior5_bp_ge_5&rvol3_prior3_pos,prior5_bp_ge_5,rvol3_prior3_pos,2,3,3,39,-0.006731368971295448,-1.7259920439219099,0.38461538461538464,0.38461538461538464,0.033336037364354684
rvol_ge_3&prior5_bp_ge_0,rvol_ge_3,prior5_bp_ge_0,2,3,3,42,-0.006750230268918633,-1.607197683075865,0.40476190476190477,0.40476190476190477,0.03210694444062814
prior3_bp_ge_5&range_ge_10,prior3_bp_ge_5,range_ge_10,3,3,1,52,-0.006755346789052763,-1.299105151740916,0.36538461538461536,0.38461538461538464,0.023429574421383974
range_ge_10&close_loc_ge_0.75,range_ge_10,close_loc_ge_0.75,5,3,3,42,-0.00676869679074299,-1.6115944739864263,0.2619047619047619,0.2619047619047619,0.028855312561331736
prior3_bp_ge_5&prior5_bp_ge_0,prior3_bp_ge_5,prior5_bp_ge_0,5,1,1,71,-0.006774066722817329,-0.954093904622159,0.14084507042253522,0.18309859154929578,0.0294864247538043
rvol_ge_3&prior5_bp_ge_0,rvol_ge_3,prior5_bp_ge_0,5,3,3,42,-0.006782796632497812,-1.6149515791661457,0.23809523809523808,0.2619047619047619,0.029752123708022424
prior5_bp_ge_5&range_ge_10,prior5_bp_ge_5,range_ge_10,5,3,3,49,-0.006826636257682761,-1.393191072996482,0.2857142857142857,0.2857142857142857,0.024506983903974582
green_ge_7.5&prior5_bp_ge_5,green_ge_7.5,prior5_bp_ge_5,3,3,1,46,-0.006837172467261121,-1.4863418407089395,0.32608695652173914,0.34782608695652173,0.0266609364656437
prior3_bp_ge_0&prior5_bp_ge_5,prior3_bp_ge_0,prior5_bp_ge_5,2,3,1,69,-0.00684274209630098,-0.9917017530870985,0.4782608695652174,0.4782608695652174,0.02104171916721151
prior5_bp_ge_0&rvol3_prior3_pos,prior5_bp_ge_0,rvol3_prior3_pos,5,3,3,40,-0.006843921004710762,-1.7109802511776906,0.225,0.25,0.031472598168856586
rvol_ge_3&prior5_bp_ge_0,rvol_ge_3,prior5_bp_ge_0,3,3,3,42,-0.0068522099382490875,-1.6314785567259733,0.3333333333333333,0.3333333333333333,0.029318434311412157
prior3_bp_ge_0&range_ge_10,prior3_bp_ge_0,range_ge_10,3,3,1,54,-0.006854359656231601,-1.2693258622651113,0.37037037037037035,0.3888888888888889,0.022550426673739108
prior5_bp_ge_0&close_loc_ge_0.75,prior5_bp_ge_0,close_loc_ge_0.75,5,3,1,55,-0.006865243314681968,-1.248226057214903,0.23636363636363636,0.3090909090909091,0.02489903223581254
prior5_bp_ge_5&close_loc_ge_0.75,prior5_bp_ge_5,close_loc_ge_0.75,5,2,1,51,-0.006873380972151177,-1.3477217592453288,0.17647058823529413,0.21568627450980393,0.031034158799085027
prior3_bp_ge_5&prior5_bp_ge_5,prior3_bp_ge_5,prior5_bp_ge_5,2,3,3,68,-0.006885809312185631,-1.012619016497887,0.5,0.5,0.020591211266690397
prior5_bp_ge_0&prior5_bp_ge_5,prior5_bp_ge_0,prior5_bp_ge_5,2,3,3,71,-0.006888571163368162,-0.9702212906152341,0.5070422535211268,0.5070422535211268,0.019785595693065133
green_ge_7.5&prior5_bp_ge_5,green_ge_7.5,prior5_bp_ge_5,5,3,1,46,-0.006900876736736561,-1.5001905949427308,0.2391304347826087,0.2826086956521739,0.027999651208063876
prior5_bp_ge_5&prior5_bp_ge_10,prior5_bp_ge_5,prior5_bp_ge_10,5,2,3,55,-0.006936327796886244,-1.2611505085247714,0.21818181818181817,0.21818181818181817,0.026957190759880893
prior5_bp_ge_0&prior5_bp_ge_10,prior5_bp_ge_0,prior5_bp_ge_10,5,2,3,55,-0.006936327796886244,-1.2611505085247714,0.21818181818181817,0.21818181818181817,0.026957190759880893
prior3_bp_ge_5&prior5_bp_ge_0,prior3_bp_ge_5,prior5_bp_ge_0,3,2,1,71,-0.006947699873150026,-0.9785492779084544,0.323943661971831,0.3380281690140845,0.015756044379753205
prior3_bp_ge_5&range_ge_10,prior3_bp_ge_5,range_ge_10,5,3,1,52,-0.006968216496267665,-1.3400416338976278,0.2692307692307692,0.3076923076923077,0.024048392882631397
prior5_bp_ge_0&close_loc_ge_0.75,prior5_bp_ge_0,close_loc_ge_0.75,5,2,3,55,-0.006970499715392875,-1.2673635846168863,0.2,0.23636363636363636,0.027816941394987006
prior5_bp_ge_0&close_loc_ge_0.75,prior5_bp_ge_0,close_loc_ge_0.75,5,2,1,55,-0.0069717454219814234,-1.2675900767238952,0.18181818181818182,0.23636363636363636,0.029065914689124468
prior5_bp_ge_5&range_ge_10,prior5_bp_ge_5,range_ge_10,3,3,1,49,-0.0069874651632517715,-1.4260132986228107,0.3469387755102041,0.3673469387755102,0.02478141365679845
prior3_bp_ge_0&prior5_bp_ge_0,prior3_bp_ge_0,prior5_bp_ge_0,5,1,1,72,-0.006990176651209046,-0.9708578682234786,0.1388888888888889,0.18055555555555555,0.02912916555982382
prior5_bp_ge_0&prior5_bp_ge_5,prior5_bp_ge_0,prior5_bp_ge_5,5,1,1,71,-0.0069941653120344505,-0.9850937059203452,0.14084507042253522,0.16901408450704225,0.029174337188958024
prior3_bp_ge_0&close_loc_ge_0.75,prior3_bp_ge_0,close_loc_ge_0.75,5,1,3,59,-0.007016322216339743,-1.1892071553118209,0.11864406779661017,0.13559322033898305,0.03552124608533368
prior5_bp_ge_5&prior5_bp_ge_10,prior5_bp_ge_5,prior5_bp_ge_10,5,3,1,55,-0.00701899298058728,-1.27618054192496,0.2727272727272727,0.2909090909090909,0.022865132439121895
prior5_bp_ge_0&prior5_bp_ge_10,prior5_bp_ge_0,prior5_bp_ge_10,5,3,1,55,-0.00701899298058728,-1.27618054192496,0.2727272727272727,0.2909090909090909,0.022865132439121895
prior3_bp_ge_5&prior5_bp_ge_0,prior3_bp_ge_5,prior5_bp_ge_0,5,2,3,71,-0.007020463402093502,-0.9887976622666904,0.23943661971830985,0.2676056338028169,0.020887275982663375
prior5_bp_ge_0&range_ge_10,prior5_bp_ge_0,range_ge_10,5,3,1,52,-0.007022736969123589,-1.3505263402160748,0.2692307692307692,0.3076923076923077,0.023987859394475133
green_ge_7.5&prior3_bp_ge_0,green_ge_7.5,prior3_bp_ge_0,3,3,1,50,-0.007022915079165082,-1.4045830158330164,0.34,0.36,0.024495590185724937
prior5_bp_ge_5&rvol3_prior3_pos,prior5_bp_ge_5,rvol3_prior3_pos,3,3,3,39,-0.007027298091454193,-1.801871305501075,0.3076923076923077,0.3076923076923077,0.03148204372586204
prior5_bp_ge_0&prior5_bp_ge_10,prior5_bp_ge_0,prior5_bp_ge_10,3,3,1,55,-0.0070322686193928785,-1.2785942944350688,0.36363636363636365,0.36363636363636365,0.02216201162926842
prior5_bp_ge_5&prior5_bp_ge_10,prior5_bp_ge_5,prior5_bp_ge_10,3,3,1,55,-0.0070322686193928785,-1.2785942944350688,0.36363636363636365,0.36363636363636365,0.02216201162926842
prior5_bp_ge_5&rvol3_prior3_pos,prior5_bp_ge_5,rvol3_prior3_pos,5,3,3,39,-0.007052728694791122,-1.8083919730233646,0.23076923076923078,0.23076923076923078,0.03187681302257614
prior5_bp_ge_0&prior5_bp_ge_5,prior5_bp_ge_0,prior5_bp_ge_5,2,3,1,71,-0.007058393438483801,-0.9941399209132115,0.4788732394366197,0.4788732394366197,0.020403589947593087
green_ge_7.5&rvol_ge_3,green_ge_7.5,rvol_ge_3,5,3,3,30,-0.007060185865926383,-2.3533952886421274,0.16666666666666666,0.16666666666666666,0.0425233361172584
prior5_bp_ge_5&close_loc_ge_0.75,prior5_bp_ge_5,close_loc_ge_0.75,5,2,3,51,-0.007065140071862985,-1.3853215827182324,0.19607843137254902,0.21568627450980393,0.02994384776313951
prior3_bp_ge_0&close_loc_ge_0.75,prior3_bp_ge_0,close_loc_ge_0.75,5,3,3,59,-0.0070964985894629296,-1.2027963710954117,0.2711864406779661,0.3220338983050847,0.02126707255713212
prior3_bp_ge_5&prior5_bp_ge_0,prior3_bp_ge_5,prior5_bp_ge_0,1,1,3,71,-0.0071089166217179756,-1.0012558622137993,0.352112676056338,0.352112676056338,0.02103166304739173
prior3_bp_ge_5&prior5_bp_ge_0,prior3_bp_ge_5,prior5_bp_ge_0,1,1,1,71,-0.0071089166217179756,-1.0012558622137993,0.352112676056338,0.352112676056338,0.02103166304739173
prior3_bp_ge_0&prior3_bp_ge_5,prior3_bp_ge_0,prior3_bp_ge_5,1,1,3,74,-0.007119065741764352,-0.9620359110492368,0.36486486486486486,0.36486486486486486,0.020344854558200745
prior3_bp_ge_0&prior3_bp_ge_5,prior3_bp_ge_0,prior3_bp_ge_5,1,1,1,74,-0.007119065741764352,-0.9620359110492368,0.36486486486486486,0.36486486486486486,0.020344854558200745
prior3_bp_ge_5&prior5_bp_ge_5,prior3_bp_ge_5,prior5_bp_ge_5,1,1,3,68,-0.0071249935866637415,-1.0477931745093738,0.3382352941176471,0.3382352941176471,0.02181337122437494
prior3_bp_ge_5&prior5_bp_ge_5,prior3_bp_ge_5,prior5_bp_ge_5,1,1,1,68,-0.0071249935866637415,-1.0477931745093738,0.3382352941176471,0.3382352941176471,0.02181337122437494
prior3_bp_ge_5&range_ge_10,prior3_bp_ge_5,range_ge_10,5,3,3,52,-0.007125279930186301,-1.3702461404204425,0.28846153846153844,0.28846153846153844,0.023088642253343276
rvol_ge_3&range_ge_10,rvol_ge_3,range_ge_10,5,3,3,34,-0.007172042551088276,-2.109424279731846,0.20588235294117646,0.20588235294117646,0.036181752312768295
prior5_bp_ge_0&range_ge_10,prior5_bp_ge_0,range_ge_10,5,3,3,52,-0.007179800403042225,-1.3807308467388895,0.28846153846153844,0.28846153846153844,0.023032838423873717
green_ge_7.5&range_ge_10,green_ge_7.5,range_ge_10,3,5,1,49,-0.007207038981875025,-1.470824282015311,0.4489795918367347,0.46938775510204084,0.03173175289736852
prior3_bp_ge_5&prior5_bp_ge_0,prior3_bp_ge_5,prior5_bp_ge_0,3,2,3,71,-0.007228735919544871,-1.018131819654207,0.3380281690140845,0.3380281690140845,0.015327460187992937
prior5_bp_ge_0&range_ge_10,prior5_bp_ge_0,range_ge_10,3,5,1,52,-0.007243672449696592,-1.3930139326339601,0.46153846153846156,0.4807692307692308,0.02995266784050617
prior3_bp_ge_0&prior3_bp_ge_5,prior3_bp_ge_0,prior3_bp_ge_5,3,2,1,74,-0.007251959244606865,-0.9799944925144412,0.32432432432432434,0.33783783783783783,0.015102566229253999
prior3_bp_ge_5&prior5_bp_ge_5,prior3_bp_ge_5,prior5_bp_ge_5,3,2,1,68,-0.00725261176326375,-1.0665605534211398,0.3088235294117647,0.3235294117647059,0.016470530037420075
green_ge_7.5&prior5_bp_ge_0,green_ge_7.5,prior5_bp_ge_0,5,3,1,49,-0.0072540408820960245,-1.480416506550209,0.24489795918367346,0.2857142857142857,0.02609173785933324
rvol_ge_3&rvol3_prior3_pos,rvol_ge_3,rvol3_prior3_pos,5,3,3,41,-0.007255798486983989,-1.7697069480448753,0.21951219512195122,0.24390243902439024,0.03070459621610799
rvol_ge_3&prior3_bp_ge_0,rvol_ge_3,prior3_bp_ge_0,5,3,3,41,-0.007255798486983989,-1.7697069480448753,0.21951219512195122,0.24390243902439024,0.03070459621610799
rvol_ge_3&prior3_bp_ge_5,rvol_ge_3,prior3_bp_ge_5,5,3,3,41,-0.007255798486983989,-1.7697069480448753,0.21951219512195122,0.24390243902439024,0.03070459621610799
prior3_bp_ge_0&rvol3_prior3_pos,prior3_bp_ge_0,rvol3_prior3_pos,5,3,3,41,-0.007255798486983989,-1.7697069480448753,0.21951219512195122,0.24390243902439024,0.03070459621610799
prior3_bp_ge_5&rvol3_prior3_pos,prior3_bp_ge_5,rvol3_prior3_pos,5,3,3,41,-0.007255798486983989,-1.7697069480448753,0.21951219512195122,0.24390243902439024,0.03070459621610799
prior3_bp_ge_0&prior5_bp_ge_0,prior3_bp_ge_0,prior5_bp_ge_0,3,2,1,72,-0.007260568075201479,-1.008412232666872,0.3194444444444444,0.3333333333333333,0.015529519509894976
prior3_bp_ge_5&range_ge_10,prior3_bp_ge_5,range_ge_10,3,3,3,52,-0.0072990243478432415,-1.4036585284313925,0.36538461538461536,0.36538461538461536,0.022799363363106243
prior3_bp_ge_0&prior5_bp_ge_0,prior3_bp_ge_0,prior5_bp_ge_0,1,1,3,72,-0.007325026550109692,-1.017364798626346,0.3472222222222222,0.3472222222222222,0.020674018878278407
prior3_bp_ge_0&prior5_bp_ge_0,prior3_bp_ge_0,prior5_bp_ge_0,1,1,1,72,-0.007325026550109692,-1.017364798626346,0.3472222222222222,0.3472222222222222,0.020674018878278407
prior3_bp_ge_0&prior5_bp_ge_0,prior3_bp_ge_0,prior5_bp_ge_0,5,2,3,72,-0.007333331604144955,-1.0185182783534659,0.2361111111111111,0.2638888888888889,0.020627825068800235
prior3_bp_ge_0&prior5_bp_ge_5,prior3_bp_ge_0,prior5_bp_ge_5,1,1,3,69,-0.007341103515055458,-1.0639280456602114,0.3333333333333333,0.3333333333333333,0.021428890039562786
prior3_bp_ge_0&prior5_bp_ge_5,prior3_bp_ge_0,prior5_bp_ge_5,1,1,1,69,-0.007341103515055458,-1.0639280456602114,0.3333333333333333,0.3333333333333333,0.021428890039562786
green_ge_7.5&close_loc_ge_0.75,green_ge_7.5,close_loc_ge_0.75,5,3,3,42,-0.007377911756072053,-1.7566456562076316,0.23809523809523808,0.23809523809523808,0.029480511422256262
green_ge_7.5&prior5_bp_ge_0,green_ge_7.5,prior5_bp_ge_0,3,3,1,49,-0.007383360721331722,-1.5068083104758618,0.32653061224489793,0.3469387755102041,0.025764620783194532
prior3_bp_ge_0&prior3_bp_ge_5,prior3_bp_ge_0,prior3_bp_ge_5,5,1,1,74,-0.00739577133552205,-0.9994285588543311,0.13513513513513514,0.17567567567567569,0.02848151328909036
prior3_bp_ge_0&range_ge_10,prior3_bp_ge_0,range_ge_10,3,3,3,54,-0.00739803721502208,-1.3700068916707557,0.37037037037037035,0.37037037037037035,0.02196603327717192
prior3_bp_ge_0&close_loc_ge_0.75,prior3_bp_ge_0,close_loc_ge_0.75,5,2,3,59,-0.007403503171809489,-1.254831046069405,0.2033898305084746,0.23728813559322035,0.02582563320619989
prior3_bp_ge_0&close_loc_ge_0.75,prior3_bp_ge_0,close_loc_ge_0.75,5,2,1,59,-0.0074047488783980375,-1.2550421827793283,0.1864406779661017,0.23728813559322035,0.026898739365663074
prior3_bp_ge_5&prior5_bp_ge_0,prior3_bp_ge_5,prior5_bp_ge_0,5,2,1,71,-0.007408323233553893,-1.0434258075428018,0.2112676056338028,0.2676056338028169,0.02193599501312809
prior3_bp_ge_5&prior5_bp_ge_5,prior3_bp_ge_5,prior5_bp_ge_5,5,2,3,68,-0.007418368517060903,-1.0909365466266034,0.23529411764705882,0.25,0.021783525725611583
green_ge_7.5&prior3_bp_ge_5,green_ge_7.5,prior3_bp_ge_5,3,3,3,47,-0.007426028024461684,-1.580005962651422,0.3404255319148936,0.3404255319148936,0.026285936435696478
prior5_bp_ge_0&prior5_bp_ge_5,prior5_bp_ge_0,prior5_bp_ge_5,1,1,1,71,-0.007427307893795088,-1.0460997033514208,0.3380281690140845,0.3380281690140845,0.020883748260009237
prior5_bp_ge_0&prior5_bp_ge_5,prior5_bp_ge_0,prior5_bp_ge_5,1,1,3,71,-0.007427307893795088,-1.0460997033514208,0.3380281690140845,0.3380281690140845,0.020883748260009237
prior3_bp_ge_0&close_loc_ge_0.75,prior3_bp_ge_0,close_loc_ge_0.75,5,1,1,59,-0.007428459269957166,-1.2590608932130791,0.1016949152542373,0.13559322033898305,0.03727484028034752
prior3_bp_ge_0&close_loc_ge_0.75,prior3_bp_ge_0,close_loc_ge_0.75,5,3,1,59,-0.007456526289736698,-1.26381801520961,0.23728813559322035,0.3220338983050847,0.02291601626352498
green_ge_7.5&prior3_bp_ge_5,green_ge_7.5,prior3_bp_ge_5,5,3,3,47,-0.007527890027929529,-1.6016787293467083,0.2553191489361702,0.2553191489361702,0.026169611244830852
prior5_bp_ge_5&range_ge_10,prior5_bp_ge_5,range_ge_10,3,3,3,49,-0.00753114272204225,-1.536967902457602,0.3469387755102041,0.3469387755102041,0.02407747326491987
prior3_bp_ge_0&prior3_bp_ge_5,prior3_bp_ge_0,prior3_bp_ge_5,3,2,3,74,-0.0075329952910017095,-1.0179723366218527,0.33783783783783783,0.33783783783783783,0.01470835091835083
prior3_bp_ge_5&prior5_bp_ge_5,prior3_bp_ge_5,prior5_bp_ge_5,3,2,3,68,-0.007533647809658595,-1.1078893837733228,0.3235294117647059,0.3235294117647059,0.016002771696119696
prior5_bp_ge_0&range_ge_10,prior5_bp_ge_0,range_ge_10,3,3,1,52,-0.007533653417322372,-1.4487795033312254,0.34615384615384615,0.36538461538461536,0.023879846232890956
prior3_bp_ge_0&prior5_bp_ge_0,prior3_bp_ge_0,prior5_bp_ge_0,3,2,3,72,-0.007541604121596324,-1.0474450168883782,0.3333333333333333,0.3333333333333333,0.015113007365636333
prior5_bp_ge_0&prior5_bp_ge_5,prior5_bp_ge_0,prior5_bp_ge_5,3,2,1,71,-0.007559938805616784,-1.0647801134671526,0.30985915492957744,0.323943661971831,0.015755688866334078
prior3_bp_ge_0&prior5_bp_ge_5,prior3_bp_ge_0,prior5_bp_ge_5,3,2,1,69,-0.007565479965315203,-1.096446371784812,0.30434782608695654,0.3188405797101449,0.01622315629290614
prior3_bp_ge_5&prior5_bp_ge_5,prior3_bp_ge_5,prior5_bp_ge_5,5,2,1,68,-0.007613223542220937,-1.119591697385432,0.20588235294117646,0.25,0.022733028616474426
green_ge_7.5&prior3_bp_ge_0,green_ge_7.5,prior3_bp_ge_0,5,3,1,50,-0.007615926375545978,-1.5231852751091957,0.24,0.28,0.025626029497246985
green_ge_7.5&range_ge_10,green_ge_7.5,range_ge_10,3,3,1,49,-0.007703358751267264,-1.57211403087087,0.32653061224489793,0.3469387755102041,0.02527838899412417
prior3_bp_ge_0&prior5_bp_ge_0,prior3_bp_ge_0,prior5_bp_ge_0,5,2,1,72,-0.007721191435605346,-1.0723876993896313,0.20833333333333334,0.2638888888888889,0.021650015118012865
prior3_bp_ge_0&prior5_bp_ge_5,prior3_bp_ge_0,prior5_bp_ge_5,5,2,3,69,-0.0077312367191123554,-1.1204690897264282,0.2318840579710145,0.2463768115942029,0.021501481945577706
green_ge_7.5&prior5_bp_ge_5,green_ge_7.5,prior5_bp_ge_5,3,3,3,46,-0.007755403474259515,-1.6859572770129378,0.32608695652173914,0.32608695652173914,0.026731318036521803
prior3_bp_ge_0&range_ge_10,prior3_bp_ge_0,range_ge_10,5,3,1,54,-0.007789560499063097,-1.4425112035302032,0.25925925925925924,0.2962962962962963,0.0231676450696928
prior3_bp_ge_5&prior5_bp_ge_10,prior3_bp_ge_5,prior5_bp_ge_10,3,3,3,54,-0.007806883755730576,-1.4457192140241806,0.37037037037037035,0.37037037037037035,0.022541267074126112
prior3_bp_ge_0&prior5_bp_ge_10,prior3_bp_ge_0,prior5_bp_ge_10,3,3,3,54,-0.007806883755730576,-1.4457192140241806,0.37037037037037035,0.37037037037037035,0.022541267074126112
prior5_bp_ge_0&prior5_bp_ge_5,prior5_bp_ge_0,prior5_bp_ge_5,3,2,3,71,-0.007840974852011628,-1.1043626552129053,0.323943661971831,0.323943661971831,0.01532712375214281
prior3_bp_ge_0&prior5_bp_ge_5,prior3_bp_ge_0,prior5_bp_ge_5,3,2,3,69,-0.007846516011710047,-1.1371762335811662,0.3188405797101449,0.3188405797101449,0.015769149471736757
prior3_bp_ge_0&prior5_bp_ge_5,prior3_bp_ge_0,prior5_bp_ge_5,5,2,1,69,-0.00792609174427239,-1.148708948445274,0.2028985507246377,0.2463768115942029,0.022426034714702475
green_ge_7.5&prior3_bp_ge_0,green_ge_7.5,prior3_bp_ge_0,3,3,3,50,-0.007941146086163475,-1.5882292172326953,0.34,0.34,0.024664566642646713
prior3_bp_ge_0&prior3_bp_ge_5,prior3_bp_ge_0,prior3_bp_ge_5,5,2,3,74,-0.007944549768206244,-1.0735878065143574,0.22972972972972974,0.25675675675675674,0.020139117944004133
prior3_bp_ge_0&range_ge_10,prior3_bp_ge_0,range_ge_10,5,3,3,54,-0.007946623932981733,-1.4715970246262469,0.2777777777777778,0.2777777777777778,0.022275603047079272
prior3_bp_ge_0&prior5_bp_ge_10,prior3_bp_ge_0,prior5_bp_ge_10,5,3,3,54,-0.00802478995962852,-1.4860722147460224,0.2777777777777778,0.2777777777777778,0.022177165385683126
prior3_bp_ge_5&prior5_bp_ge_10,prior3_bp_ge_5,prior5_bp_ge_10,5,3,3,54,-0.00802478995962852,-1.4860722147460224,0.2777777777777778,0.2777777777777778,0.022177165385683126
green_ge_7.5&prior5_bp_ge_5,green_ge_7.5,prior5_bp_ge_5,5,3,3,46,-0.008050289586438497,-1.7500629535735865,0.2391304347826087,0.2391304347826087,0.026819816927872914
prior5_bp_ge_0&range_ge_10,prior5_bp_ge_0,range_ge_10,3,3,3,52,-0.008077330976112851,-1.5533328800217021,0.34615384615384615,0.34615384615384615,0.023242700281479303
prior3_bp_ge_0&prior3_bp_ge_5,prior3_bp_ge_0,prior3_bp_ge_5,3,3,1,74,-0.008095093668935682,-1.0939315768832003,0.3783783783783784,0.40540540540540543,0.016846642729889772
green_ge_7.5&range_ge_10,green_ge_7.5,range_ge_10,5,3,1,49,-0.008157193872430746,-1.6647334433532135,0.24489795918367346,0.2653061224489796,0.025363457990535677
prior5_bp_ge_5&prior5_bp_ge_10,prior5_bp_ge_5,prior5_bp_ge_10,3,3,3,55,-0.00823689737015354,-1.49761770366428,0.36363636363636365,0.36363636363636365,0.0220709160070307
prior5_bp_ge_0&prior5_bp_ge_10,prior5_bp_ge_0,prior5_bp_ge_10,3,3,3,55,-0.00823689737015354,-1.49761770366428,0.36363636363636365,0.36363636363636365,0.0220709160070307
green_ge_7.5&range_ge_10,green_ge_7.5,range_ge_10,3,3,3,49,-0.008247036310057743,-1.6830686347056616,0.32653061224489793,0.32653061224489793,0.02456554161630255
green_ge_7.5&prior5_bp_ge_0,green_ge_7.5,prior5_bp_ge_0,3,3,3,49,-0.008301591728330115,-1.6942023935367583,0.32653061224489793,0.32653061224489793,0.025019922715723484
prior3_bp_ge_5&prior5_bp_ge_0,prior3_bp_ge_5,prior5_bp_ge_0,3,3,1,71,-0.008303292027389109,-1.1694777503364941,0.36619718309859156,0.39436619718309857,0.017546579758932437
prior3_bp_ge_0&prior3_bp_ge_5,prior3_bp_ge_0,prior3_bp_ge_5,5,2,1,74,-0.008332409599666635,-1.126001297252248,0.20270270270270271,0.25675675675675674,0.021112304478255538
prior5_bp_ge_0&prior5_bp_ge_5,prior5_bp_ge_0,prior5_bp_ge_5,5,2,3,71,-0.008351836064139473,-1.1763149386111933,0.22535211267605634,0.23943661971830985,0.020963096061523148
green_ge_7.5&prior5_bp_ge_0,green_ge_7.5,prior5_bp_ge_0,5,3,3,49,-0.00840345373179796,-1.714990557509788,0.24489795918367346,0.24489795918367346,0.02506426454218082
prior5_bp_ge_5&prior5_bp_ge_10,prior5_bp_ge_5,prior5_bp_ge_10,5,3,3,55,-0.008454803574051484,-1.5372370134639062,0.2727272727272727,0.2727272727272727,0.02177744734787101
prior5_bp_ge_0&prior5_bp_ge_10,prior5_bp_ge_0,prior5_bp_ge_10,5,3,3,55,-0.008454803574051484,-1.5372370134639062,0.2727272727272727,0.2727272727272727,0.02177744734787101
prior3_bp_ge_0&prior5_bp_ge_0,prior3_bp_ge_0,prior5_bp_ge_0,3,3,1,72,-0.008480698646316953,-1.1778748119884657,0.3611111111111111,0.3888888888888889,0.01742148788993995
prior3_bp_ge_5&prior5_bp_ge_5,prior3_bp_ge_5,prior5_bp_ge_5,3,3,1,68,-0.008511492436701795,-1.2516900642208524,0.35294117647058826,0.38235294117647056,0.01830768180281499
prior5_bp_ge_0&prior5_bp_ge_5,prior5_bp_ge_0,prior5_bp_ge_5,5,2,1,71,-0.008546691089299507,-1.2037593083520433,0.19718309859154928,0.23943661971830985,0.0218409826579554
prior3_bp_ge_5&prior5_bp_ge_0,prior3_bp_ge_5,prior5_bp_ge_0,5,3,1,71,-0.00859131155869619,-1.2100438815065058,0.2535211267605634,0.323943661971831,0.01857814984434495
prior3_bp_ge_0&prior5_bp_ge_5,prior3_bp_ge_0,prior5_bp_ge_5,3,3,1,69,-0.00868889905562964,-1.2592607326999479,0.34782608695652173,0.37681159420289856,0.01817154468088122
prior3_bp_ge_5&prior5_bp_ge_5,prior3_bp_ge_5,prior5_bp_ge_5,5,3,1,68,-0.008699500386562198,-1.2793382921414997,0.25,0.3088235294117647,0.01921516764887003
green_ge_7.5&range_ge_10,green_ge_7.5,range_ge_10,5,3,3,49,-0.008700871431221224,-1.7756880471880048,0.24489795918367346,0.24489795918367346,0.024745608781485205
prior3_bp_ge_0&prior5_bp_ge_0,prior3_bp_ge_0,prior5_bp_ge_0,5,3,3,72,-0.008719357438266684,-1.2110218664259282,0.2777777777777778,0.3194444444444444,0.01721855069253894
green_ge_7.5&prior3_bp_ge_0,green_ge_7.5,prior3_bp_ge_0,5,3,3,50,-0.008765339225247915,-1.753067845049583,0.24,0.24,0.02463421022015201
prior3_bp_ge_0&prior5_bp_ge_0,prior3_bp_ge_0,prior5_bp_ge_0,5,3,1,72,-0.008768718177624035,-1.2178775246700049,0.25,0.3194444444444444,0.018461041722016843
prior5_bp_ge_0&prior5_bp_ge_5,prior5_bp_ge_0,prior5_bp_ge_5,3,3,1,71,-0.00880711300133985,-1.2404384508929367,0.352112676056338,0.38028169014084506,0.017623568297216927
prior3_bp_ge_0&prior5_bp_ge_5,prior3_bp_ge_0,prior5_bp_ge_5,5,3,1,69,-0.008876907005490042,-1.2865082616652235,0.2463768115942029,0.30434782608695654,0.0190899179781322
prior5_bp_ge_0&prior5_bp_ge_5,prior5_bp_ge_0,prior5_bp_ge_5,5,3,3,71,-0.008943890225197593,-1.2597028486193793,0.28169014084507044,0.30985915492957744,0.01732387760145102
prior3_bp_ge_5&prior5_bp_ge_0,prior3_bp_ge_5,prior5_bp_ge_0,5,3,3,71,-0.008987038878173648,-1.2657801236864292,0.28169014084507044,0.30985915492957744,0.01737266388036872
prior3_bp_ge_0&prior5_bp_ge_5,prior3_bp_ge_0,prior5_bp_ge_5,5,3,3,69,-0.009020551072433047,-1.307326242381601,0.2753623188405797,0.30434782608695654,0.017882378551264372
prior3_bp_ge_0&prior5_bp_ge_0,prior3_bp_ge_0,prior5_bp_ge_0,3,3,3,72,-0.00905825778326641,-1.2580913587870013,0.3888888888888889,0.3888888888888889,0.01724962086112144
prior3_bp_ge_0&prior3_bp_ge_5,prior3_bp_ge_0,prior3_bp_ge_5,3,3,3,74,-0.009159716866268375,-1.2377995765227534,0.3918918918918919,0.3918918918918919,0.016793066315591416
prior3_bp_ge_0&prior5_bp_ge_5,prior3_bp_ge_0,prior5_bp_ge_5,3,3,3,69,-0.009266458192579097,-1.342964955446246,0.37681159420289856,0.37681159420289856,0.017948805476584315
prior3_bp_ge_5&prior5_bp_ge_5,prior3_bp_ge_5,prior5_bp_ge_5,5,3,3,68,-0.009288232512340011,-1.3659165459323543,0.27941176470588236,0.29411764705882354,0.01804866125265712
prior3_bp_ge_0&prior3_bp_ge_5,prior3_bp_ge_0,prior3_bp_ge_5,5,3,3,74,-0.009298989719099149,-1.2566202323106959,0.28378378378378377,0.3108108108108108,0.01663290696618202
prior3_bp_ge_0&prior3_bp_ge_5,prior3_bp_ge_0,prior3_bp_ge_5,5,3,1,74,-0.009308738197369326,-1.2579375942390982,0.24324324324324326,0.32432432432432434,0.017983558457646875
prior5_bp_ge_0&prior5_bp_ge_5,prior5_bp_ge_0,prior5_bp_ge_5,5,3,1,71,-0.009309492967179867,-1.3111961925605446,0.23943661971830985,0.29577464788732394,0.01879124862854346
prior3_bp_ge_5&prior5_bp_ge_0,prior3_bp_ge_5,prior5_bp_ge_0,3,3,3,71,-0.009367915224721801,-1.3194246795382818,0.38028169014084506,0.38028169014084506,0.01745460122103485
prior5_bp_ge_0&prior5_bp_ge_5,prior5_bp_ge_0,prior5_bp_ge_5,3,3,3,71,-0.009384672138289307,-1.3217848082097616,0.38028169014084506,0.38028169014084506,0.017438328389352144
prior3_bp_ge_5&prior5_bp_ge_5,prior3_bp_ge_5,prior5_bp_ge_5,3,3,3,68,-0.009576115634034488,-1.4082522991227189,0.36764705882352944,0.36764705882352944,0.018170846632736475
