date,gross_pnl,cost,utilization,net_pnl,equity,qqq_open_return
2019-01-02,0.0,0.0,0.0,0.0,1.0,0.0
2019-01-03,0.0,0.0,0.0,0.0,1.0,0.01066295781177562
2019-01-04,0.0,0.0,0.0,0.0,1.0,-0.0027522935779815683
2019-01-07,0.0,0.0,0.0,0.0,1.0,0.028650282560126028
2019-01-08,0.0,0.0,0.0,0.0,1.0,0.019292193688514203
2019-01-09,0.0,0.0,0.0,0.0,1.0,0.003697668588618752
2019-01-10,0.0,0.0,0.0,0.0,1.0,-0.0034967218232906383
2019-01-11,0.0,0.0,0.0,0.0,1.0,0.004574221442446236
2019-01-14,0.0,0.0,0.0,0.0,1.0,-0.006237524950099771
2019-01-15,0.0,0.0,0.0,0.0,1.0,0.0040798393170977665
2019-01-16,0.0,0.0,0.0,0.0,1.0,0.016628117772082174
2019-01-17,0.0,0.0,0.0,0.0,1.0,-0.004857652339666729
2019-01-18,0.0,0.0,0.0,0.0,1.0,0.018598615916954886
2019-01-22,0.0,0.0,0.0,0.0,1.0,-0.004852896572641652
2019-01-23,0.0,0.0,0.0,0.0,1.0,-0.007802499238037219
2019-01-24,0.0,0.0,0.0,0.0,1.0,-0.0006758002088838033
2019-01-25,0.0,0.0,0.0,0.0,1.0,0.01118898315504735
2019-01-28,0.0,0.0,0.0,0.0,1.0,-0.008815661478599135
2019-01-29,0.0,0.0,0.0,0.0,1.0,0.0010427528675702735
2019-01-30,0.0,0.0,0.0,0.0,1.0,0.0011642156862745612
2019-01-31,0.0,0.0,0.0,0.0,1.0,0.019952261460309817
2019-02-01,0.0,0.0,0.0,0.0,1.0,0.004320432043204203
2019-02-04,0.0,0.0,0.0,0.0,1.0,0.0008364700961940308
2019-02-05,0.0,0.0,0.0,0.0,1.0,0.013372335979941585
2019-02-06,0.0,0.0,0.0,0.0,1.0,0.0077172312223858786
2019-02-07,0.0,0.0005,1.0,-0.0005,0.9995,-0.011867181106044677
2019-02-08,-0.058393684755664685,0.0,1.0,-0.058393684755664685,0.9411063152443353,-0.013607052002603148
2019-02-11,0.04916794784273619,0.0,1.0,0.04916794784273619,0.9902742630870716,0.014454507287230856
2019-02-12,0.021635214045692873,0.0,1.0,0.021635214045692873,1.0119094771327644,0.0026605179141541146
2019-02-13,0.040134789968645765,0.0,1.0,0.040134789968645765,1.05204426710141,0.011970045403620455
2019-02-14,-0.024623570159831066,0.0,1.0,-0.024623570159831066,1.0274206969415791,-0.007225265120615387
2019-02-15,0.04419489493616747,0.0,1.0,0.04419489493616747,1.0716155918777466,0.01250146730836943
2019-02-19,-0.024475808196823427,0.0,1.0,-0.024475808196823427,1.047139783680923,-0.006492377253492609
2019-02-20,0.01992760026444845,0.0,1.0,0.01992760026444845,1.0670673839453715,0.006068031973860855
2019-02-21,0.005462467746797355,0.0,1.0,0.005462467746797355,1.0725298516921689,-0.0038276402018210254
2019-02-22,0.0013781944085397226,0.001,1.0,0.00037819440853972255,1.0729080461007086,0.0012225650579262837
2019-02-25,0.047819637791776476,0.0,1.0,0.047819637791776476,1.1207276838924851,0.012908477729968615
2019-02-26,-0.02811093920573058,0.0,1.0,-0.02811093920573058,1.0926167446867545,-0.006659012629161909
2019-02-27,-0.013658324356278343,0.0,1.0,-0.013658324356278343,1.0789584203304763,-0.0006934812760055475
2019-02-28,-0.016035455179674807,0.0,1.0,-0.016035455179674807,1.0629229651508014,0.000693962526023606
2019-03-01,0.03398981480033217,0.0,1.0,0.03398981480033217,1.0969127799511336,0.00791724456773002
2019-03-04,0.017840905397426006,0.0,1.0,0.017840905397426006,1.1147536853485596,0.005504271544062966
2019-03-05,-0.020209938290442674,0.0,1.0,-0.020209938290442674,1.094543747058117,-0.004846895135998119
2019-03-06,-0.0059088268439514225,0.0,1.0,-0.0059088268439514225,1.0886349202141654,0.0009168003667201496
2019-03-07,-0.04477503783009183,0.0,1.0,-0.04477503783009183,1.0438598823840737,-0.009102358598580329
2019-03-08,-0.0635425184053201,0.0005,0.0,-0.0640425184053201,0.9798173639787535,-0.020682881737824288
2019-03-11,0.0,0.0,0.0,0.0,0.9798173639787535,0.013863488879712227
2019-03-12,0.0,0.0005,1.0,-0.0005,0.9793173639787536,0.019259862678924655
2019-03-13,0.023559811521507868,0.0,1.0,0.023559811521507868,1.0028771755002615,0.00816349831592178
2019-03-14,0.008511931904544773,0.0,1.0,0.008511931904544773,1.0113891074048063,0.0029161947904869923
2019-03-15,0.0054719562243501435,0.0,1.0,0.0054719562243501435,1.0168610636291564,0.0017785054907828446
2019-03-18,0.014439884480924252,0.0,1.0,0.014439884480924252,1.0313009481100806,0.0029307332469141745
2019-03-19,0.022343821249429907,0.0,1.0,0.022343821249429907,1.0536447693595106,0.006799662826636688
2019-03-20,-0.0036479708162334736,0.0,1.0,-0.0036479708162334736,1.049996798543277,-0.0005581603036391991
2019-03-21,0.002431980544155649,0.0,1.0,0.002431980544155649,1.0524287790874327,0.0010052496369932218
2019-03-22,0.04544763641890871,0.0,1.0,0.04544763641890871,1.0978764155063414,0.014059361749609423
2019-03-25,-0.0723514211886305,0.0,1.0,-0.0723514211886305,1.025524994317711,-0.021071742957746387
2019-03-26,0.030855753153974815,0.0005,0.0,0.030355753153974815,1.0558807474716856,0.009273309728544898
2019-03-27,0.0,0.0,0.0,0.0,1.0558807474716856,-0.0017262501392136809
2019-03-28,0.0,0.0,0.0,0.0,1.0558807474716856,-0.005076142131979711
2019-03-29,0.0,0.0,0.0,0.0,1.0558807474716856,0.007120430589818261
2019-04-01,0.0,0.0005,1.0,-0.0005,1.0553807474716856,0.009964927907365029
2019-04-02,0.013446761800219519,0.0,1.0,0.013446761800219519,1.0688275092719053,0.004464777863521174
2019-04-03,0.024972557628979073,0.0,1.0,0.024972557628979073,1.0938000669008843,0.008286231685233014
2019-04-04,0.0006860592755215122,0.0,1.0,0.0006860592755215122,1.0944861261764058,0.00038097311418305857
2019-04-05,0.008232711306256807,0.0,1.0,0.008232711306256807,1.1027188374826626,0.002611392198465845
2019-04-08,0.0002744237102085318,0.0,1.0,0.0002744237102085318,1.102993261192871,0.00037983612784220355
2019-04-09,0.0027442371020856833,0.0,1.0,0.0027442371020856833,1.1057374982949568,0.0007593838142763154
2019-04-10,0.00384193194291981,0.0,1.0,0.00384193194291981,1.1095794302378765,0.0013550135501354532
2019-04-11,0.0161909989023052,0.0,1.0,0.0161909989023052,1.1257704291401818,0.005520974289580538
2019-04-12,0.0016465422612513124,0.0,1.0,0.0016465422612513124,1.127416971401433,0.0004844700436024141
2019-04-15,-0.0005488474204170636,0.001,1.0,-0.0015488474204170635,1.125868123981016,-0.00026901969224157884
2019-04-16,0.004106730287118709,0.0,1.0,0.004106730287118709,1.1299748542681347,0.0037672891663527164
2019-04-17,0.077789435597691,0.0,1.0,0.077789435597691,1.2077642898658256,0.0066484370811217275
2019-04-18,-0.008029071645646715,0.0,1.0,-0.008029071645646715,1.199735218220179,-0.0014380825565912803
2019-04-22,-0.014996339018829654,0.0,1.0,-0.014996339018829654,1.1847388792013493,-0.005013868145935518
2019-04-23,0.03043791401272608,0.0,1.0,0.03043791401272608,1.2151767932140753,0.009810228369250718
2019-04-24,0.025234998957182057,0.0,1.0,0.025234998957182057,1.2404117921712574,0.01098901098901095
2019-04-25,0.01822622411955424,0.0,1.0,0.01822622411955424,1.2586380162908117,0.0037282083595884252
2019-04-26,-0.06689982686597999,0.0,1.0,-0.06689982686597999,1.1917381894248318,-0.004969918911849391
2019-04-29,0.023240017939434796,0.0,1.0,0.023240017939434796,1.2149782073642665,0.00220820189274451
2019-04-30,-0.017240307807496937,0.001,1.0,-0.018240307807496938,1.1967378995567697,-0.005980484734025904
2019-05-01,0.019999999999999896,0.0,1.0,0.019999999999999896,1.2167378995567695,0.006755330377876234
2019-05-02,-0.029818181818181657,0.0,1.0,-0.029818181818181657,1.1869197177385877,-0.00985531557978614
2019-05-03,0.012000000000000025,0.0,1.0,0.012000000000000025,1.1989197177385877,0.004288437102922593
2019-05-06,-0.04290909090909103,0.0,1.0,-0.04290909090909103,1.1560106268294967,-0.013653856291844568
2019-05-07,0.013818181818181912,0.0,1.0,0.013818181818181912,1.1698288086476787,0.004061998931053079
2019-05-08,-0.035636363636363695,0.0,1.0,-0.035636363636363695,1.134192445011315,-0.011604386245076204
2019-05-09,-0.028969696969696954,0.0,1.0,-0.028969696969696954,1.1052227480416181,-0.010340370529944076
2019-05-10,0.004242424242424259,0.0,1.0,0.004242424242424259,1.1094651722840423,0.0016325642141925556
2019-05-13,-0.05696969696969705,0.0,1.0,-0.05696969696969705,1.0524954753143454,-0.020428121264804866
2019-05-14,-0.012969696969696888,0.0005,0.0,-0.013469696969696889,1.0390257783446484,-0.004381586245147062
2019-05-15,0.0,0.0,0.0,0.0,1.0390257783446484,-0.0006684864352961561
2019-05-16,0.0,0.0,0.0,0.0,1.0390257783446484,0.02079268632588227
2019-05-17,0.0,0.0,0.0,0.0,1.0390257783446484,-0.00010921799912633201
2019-05-20,0.0,0.0,0.0,0.0,1.0390257783446484,-0.01414527580557079
2019-05-21,0.0,0.0,0.0,0.0,1.0390257783446484,0.005484460694698434
2019-05-22,0.0,0.0,0.0,0.0,1.0390257783446484,-0.0038016528925619575
2019-05-23,0.0,0.0,0.0,0.0,1.0390257783446484,-0.01001050826834804
2019-05-24,0.0,0.0,0.0,0.0,1.0390257783446484,0.0016759776536312554
2019-05-28,0.0,0.0,0.0,0.0,1.0390257783446484,-0.0035136642498606596
2019-05-29,0.0,0.0,0.0,0.0,1.0390257783446484,-0.01242514132199024
2019-05-30,0.0,0.0,0.0,0.0,1.0390257783446484,0.0005100595069424951
2019-05-31,0.0,0.0,0.0,0.0,1.0390257783446484,-0.01036592273705672
2019-06-03,0.0,0.0,0.0,0.0,1.0390257783446484,-0.006811287276057398
2019-06-04,0.0,0.0,0.0,0.0,1.0390257783446484,-0.008875057630244432
2019-06-05,0.0,0.0,0.0,0.0,1.0390257783446484,0.02686358878939421
2019-06-06,0.0,0.0,0.0,0.0,1.0390257783446484,-0.00045300113250279495
2019-06-07,0.0,0.0,0.0,0.0,1.0390257783446484,0.011216859279401747
2019-06-10,0.0,0.0,0.0,0.0,1.0390257783446484,0.020896358543417204
2019-06-11,0.0,0.0,0.0,0.0,1.0390257783446484,0.015584700653020978
2019-06-12,0.0,0.0,0.0,0.0,1.0390257783446484,-0.011833360350137823
2019-06-13,0.0,0.0,0.0,0.0,1.0390257783446484,0.001312335958005395
2019-06-14,0.0,0.0005,1.0,-0.0005,1.0385257783446484,-0.003713411970292735
2019-06-17,0.010826727924878597,0.0,1.0,0.010826727924878597,1.049352506269527,0.0031243148432360535
2019-06-18,0.030862015454037852,0.0,1.0,0.030862015454037852,1.0802145217235648,0.015682203158297492
2019-06-19,0.06268968016379937,0.0,1.0,0.06268968016379937,1.1429042018873643,0.004572842694211321
2019-06-20,0.053596841251494706,0.0,1.0,0.053596841251494706,1.196501043138859,0.016012424356022015
2019-06-21,-0.039223883866468606,0.0,1.0,-0.039223883866468606,1.1572771592723903,-0.006061564410710596
2019-06-24,0.003460241704116119,0.0,1.0,0.003460241704116119,1.1607374009765066,-0.00026515352389022695
2019-06-25,-0.0036914374338312557,0.0,1.0,-0.0036914374338312557,1.1570459635426753,-0.002440059410142248
2019-06-26,-0.006715212973800368,0.0,1.0,-0.006715212973800368,1.150330750568875,-0.010209507603956225
2019-06-27,0.028599101270467574,0.0,1.0,0.028599101270467574,1.1789298518393425,0.0017728591382830672
2019-06-28,0.037322028769901226,0.001,1.0,0.036322028769901225,1.2152518806092436,0.0025741406124308863
2019-07-01,0.10365251727541942,0.0,1.0,0.10365251727541942,1.318904397884663,0.017919229740572362
2019-07-02,-0.06120434353405717,0.0,1.0,-0.06120434353405717,1.2577000543506058,-0.005832895428271256
2019-07-03,-0.02764067127344532,0.0,1.0,-0.02764067127344532,1.2300593830771605,0.006659971457265046
2019-07-05,-0.05231984205330694,0.0,1.0,-0.05231984205330694,1.1777395410238536,-0.0015752165922813255
2019-07-08,-0.010365251727541996,0.0,1.0,-0.010365251727541996,1.1673742892963117,-0.001525111753878483
2019-07-09,-0.01076011846001974,0.0,1.0,-0.01076011846001974,1.1566141708362918,-0.005635731591699278
2019-07-10,0.06850937808489642,0.0,1.0,0.06850937808489642,1.2251235489211882,0.01589067217543305
2019-07-11,0.0029615004935833523,0.0,1.0,0.0029615004935833523,1.2280850494147717,0.005683299442098111
2019-07-12,0.0029615004935833523,0.0,1.0,0.0029615004935833523,1.231046549908355,-0.0012961426793861586
2019-07-15,0.06317867719644625,0.001,1.0,0.06217867719644625,1.2932252271048013,0.006956341172195346
2019-07-16,-0.0040142607565970085,0.0,1.0,-0.0040142607565970085,1.2892109663482043,-0.0005670980048460006
2019-07-17,-0.0034485961072676387,0.0,1.0,-0.0034485961072676387,1.2857623702409366,-0.003404518724853145
2019-07-18,-0.019307744070577858,0.0,1.0,-0.019307744070577858,1.2664546261703586,-0.00983436853002062
2019-07-19,0.04641490989910481,0.0,1.0,0.04641490989910481,1.3128695360694635,0.013173026659696774
2019-07-22,-0.01969525540085296,0.0,1.0,-0.01969525540085296,1.2931742806686106,-0.011969868950572615
2019-07-23,0.046826302371344365,0.0,1.0,0.046826302371344365,1.3400005830399548,0.010861618798955641
2019-07-24,0.018297041073441437,0.0,1.0,0.018297041073441437,1.3582976241133964,-0.0026345696869511936
2019-07-25,0.038809721429132436,0.0,1.0,0.038809721429132436,1.397107345542529,0.007303050706997549
2019-07-26,-0.008066784409541358,0.0,1.0,-0.008066784409541358,1.3890405611329875,0.00020567667626503194
2019-07-29,-0.012169511529815448,0.001,1.0,-0.013169511529815447,1.375871049603172,0.0033929673041332986
2019-07-30,-0.020821421764817914,0.0,1.0,-0.020821421764817914,1.3550496278383541,-0.01034942104723846
2019-07-31,0.010220806447221497,0.0,1.0,0.010220806447221497,1.3652704342855757,0.005953613584593009
2019-08-01,-0.06719349832557384,0.0,1.0,-0.06719349832557384,1.2980769359600017,-0.01440996346044987
2019-08-02,-0.05583666857251757,0.0,1.0,-0.05583666857251757,1.2422402673874842,-0.014046263902668277
2019-08-05,-0.07931035421601457,0.0,1.0,-0.07931035421601457,1.1629299131714697,-0.02812202097235461
2019-08-06,-0.007993887663699007,0.0,1.0,-0.007993887663699007,1.1549360255077705,-0.006157702577516133
2019-08-07,-0.02897914454518227,0.0,1.0,-0.02897914454518227,1.1259568809625884,-0.0058120407939467045
2019-08-08,0.06188788151052302,0.0,1.0,0.06188788151052302,1.1878447624731114,0.021122876682108993
2019-08-09,0.020598709466633988,0.0,1.0,0.020598709466633988,1.2084434719397454,0.011720226843100034
2019-08-12,-0.033385880367012455,0.0005,0.0,-0.033885880367012455,1.1745575915727329,-0.010570147341447789
2019-08-13,0.0,0.0,0.0,0.0,1.1745575915727329,-0.005773173626847927
2019-08-14,0.0,0.0,0.0,0.0,1.1745575915727329,0.005643892114831406
2019-08-15,0.0,0.0,0.0,0.0,1.1745575915727329,-0.011871998273163875
2019-08-16,0.0,0.0,0.0,0.0,1.1745575915727329,0.005461198186882177
2019-08-19,0.0,0.0,0.0,0.0,1.1745575915727329,0.021291619140731077
2019-08-20,0.0,0.0,0.0,0.0,1.1745575915727329,-0.00015954900813697215
2019-08-21,0.0,0.0,0.0,0.0,1.1745575915727329,0.0035106382978722372
2019-08-22,0.0,0.0,0.0,0.0,1.1745575915727329,0.001696173009646973
2019-08-23,0.0,0.0,0.0,0.0,1.1745575915727329,-0.011747274843898814
2019-08-26,0.0,0.0,0.0,0.0,1.1745575915727329,-0.0137609766545298
2019-08-27,0.0,0.0,0.0,0.0,1.1745575915727329,0.010261143384548754
2019-08-28,0.0,0.0,0.0,0.0,1.1745575915727329,-0.012037833190025826
2019-08-29,0.0,0.0,0.0,0.0,1.1745575915727329,0.019201479547432454
2019-08-30,0.0,0.0,0.0,0.0,1.1745575915727329,0.008379142872391387
2019-09-03,0.0,0.0,0.0,0.0,1.1745575915727329,-0.014184397163120588
2019-09-04,0.0,0.0,0.0,0.0,1.1745575915727329,0.006281541930634793
2019-09-05,0.0,0.0005,1.0,-0.0005,1.174057591572733,0.015792562556687706
2019-09-06,0.029258485848993647,0.0,1.0,0.029258485848993647,1.2033160774217264,0.008613897788749547
2019-09-09,0.010265776892649457,0.0,1.0,0.010265776892649457,1.213581854314376,0.0007811279487579537
2019-09-10,-0.026654317135642355,0.0,1.0,-0.026654317135642355,1.1869275371787336,-0.010354875637423322
2019-09-11,0.029016420370281577,0.0,1.0,0.029016420370281577,1.2159439575490152,0.004153740995846311
2019-09-12,0.05098346959995541,0.0,1.0,0.05098346959995541,1.2669274271489706,0.013928160016755564
2019-09-13,-0.01425081913228967,0.0,1.0,-0.01425081913228967,1.252676608016681,-0.003563313365007259
2019-09-16,-0.03439098133187876,0.0,1.0,-0.03439098133187876,1.2182856266848021,-0.008551438196423788
2019-09-17,0.0033539429558552803,0.0,1.0,0.0033539429558552803,1.2216395696406575,0.00209095661265013
2019-09-18,0.01064066401390145,0.0,1.0,0.01064066401390145,1.2322802336545589,0.002608242044861653
2019-09-19,0.01323697345846345,0.001,1.0,0.01223697345846345,1.2445172071130224,0.0034339229968782803
2019-09-20,0.003418386033451189,0.0,1.0,0.003418386033451189,1.2479355931464735,0.001296277092191156
2019-09-23,-0.03772433158344515,0.0,1.0,-0.03772433158344515,1.2102112615630285,-0.01424058826575525
2019-09-24,0.016359418874374355,0.0,1.0,0.016359418874374355,1.2265706804374028,0.0053057364992645795
2019-09-25,-0.054816261750702075,0.0,1.0,-0.054816261750702075,1.1717544186867008,-0.018707216387103598
2019-09-26,0.03003296300817976,0.0,1.0,0.03003296300817976,1.2017873816948805,0.011076202140689162
2019-09-27,-0.0025637895250885004,0.0,1.0,-0.0025637895250885004,1.199223592169792,-0.0008953494496235503
2019-09-30,-0.029910877792699315,0.0,1.0,-0.029910877792699315,1.1693127143770927,-0.010279388508170784
2019-10-01,0.026248321328287125,0.0,1.0,0.026248321328287125,1.1955610357053796,0.009533954727030558
2019-10-02,-0.051764131363691894,0.0,1.0,-0.051764131363691894,1.1437969043416878,-0.01862403714255567
2019-10-03,-0.02905628128433641,0.0005,0.0,-0.02955628128433641,1.1142406230573514,-0.01042954679855923
2019-10-04,0.0,0.0,0.0,0.0,1.1142406230573514,0.01586353017873643
2019-10-07,0.0,0.0,0.0,0.0,1.1142406230573514,0.006631370661532632
2019-10-08,0.0,0.0,0.0,0.0,1.1142406230573514,-0.0064814322902831956
2019-10-09,0.0,0.0,0.0,0.0,1.1142406230573514,-0.00026736538153027123
2019-10-10,0.0,0.0,0.0,0.0,1.1142406230573514,0.0015511339323919238
2019-10-11,0.0,0.0,0.0,0.0,1.1142406230573514,0.018958611481975973
2019-10-14,0.0,0.0,0.0,0.0,1.1142406230573514,0.00010482180293491794
2019-10-15,0.0,0.0,0.0,0.0,1.1142406230573514,0.004349648883764878
2019-10-16,0.0,0.0,0.0,0.0,1.1142406230573514,0.00641794938690321
2019-10-17,0.0,0.0,0.0,0.0,1.1142406230573514,0.0067399419328080246
2019-10-18,0.0,0.0005,1.0,-0.0005,1.1137406230573514,-0.0047378720774540195
2019-10-21,-0.006149889184884334,0.0,1.0,-0.006149889184884334,1.107590733872467,-0.0031563696574562483
2019-10-22,0.028970708437336984,0.0,1.0,0.028970708437336984,1.136561442309804,0.007318972229431564
2019-10-23,-0.06279849635179446,0.0,1.0,-0.06279849635179446,1.0737629459580096,-0.013552509533134027
2019-10-24,0.0336705083905728,0.0,1.0,0.0336705083905728,1.1074334543485824,0.011440213132737798
2019-10-25,0.014402867403568878,0.0,1.0,0.014402867403568878,1.1218363217521512,-0.002737320524739184
2019-10-28,0.0657707196287644,0.0,1.0,0.0657707196287644,1.1876070413809157,0.018022683722616284
2019-10-29,0.025733787918454484,0.0,1.0,0.025733787918454484,1.2133408292993701,0.0034084550033068872
2019-10-30,-0.013506054362358487,0.0,1.0,-0.013506054362358487,1.1998347749370117,-0.0041573717298722945
2019-10-31,-0.00943837020842033,0.0,1.0,-0.00943837020842033,1.1903964047285913,0.005803889624274694
2019-11-01,0.014827841873125145,0.001,1.0,0.013827841873125146,1.2042242466017166,0.0018728487548087536
2019-11-04,0.057224617144360806,0.0,1.0,0.057224617144360806,1.2614488637460775,0.011418178143788094
2019-11-05,0.02065346244879926,0.0,1.0,0.02065346244879926,1.2821023261948765,0.0007992407213146535
2019-11-06,-0.00811726451709905,0.0,1.0,-0.00811726451709905,1.2739850616777777,-0.001846768155727485
2019-11-07,0.022550707311277274,0.0,1.0,0.022550707311277274,1.2965357689890549,0.003900390039003998
2019-11-08,-0.02832777638303953,0.0,1.0,-0.02832777638303953,1.2682079926060155,-0.0036859932257420347
2019-11-11,0.0025289046442097374,0.0,1.0,0.0025289046442097374,1.270736897250225,0.0010498950104989024
2019-11-12,0.020771017623375052,0.0,1.0,0.020771017623375052,1.2915079148736002,0.004494830944413941
2019-11-13,-0.01751496583935567,0.0,1.0,-0.01751496583935567,1.2739929490342445,-0.0014418535275692035
2019-11-14,0.005974336891482011,0.0,1.0,0.005974336891482011,1.2799672859257265,-4.979087831102902e-05
2019-11-15,0.03429221212491421,0.001,1.0,0.03329221212491421,1.3132594980506407,0.008913011004332061
2019-11-18,0.0,0.0,1.0,0.0,1.3132594980506407,-4.9353469548818474e-05
2019-11-19,0.0181062946000639,0.0,1.0,0.0181062946000639,1.3313657926507045,0.006070776368392483
2019-11-20,-0.01491106614122897,0.0,1.0,-0.01491106614122897,1.3164547265094757,-0.004856750392464693
2019-11-21,-0.013739482372989813,0.0,1.0,-0.013739482372989813,1.3027152441364858,-0.004486073453290551
2019-11-22,0.003195228458834928,0.0,1.0,0.003195228458834928,1.3059104725953208,0.001138952164009055
2019-11-25,0.007468482785849744,0.0,1.0,0.007468482785849744,1.3133789553811706,0.002473166147301864
2019-11-26,0.02395126372602585,0.0,1.0,0.02395126372602585,1.3373302191071963,0.008141313465239053
2019-11-27,0.011502822451805363,0.0,1.0,0.011502822451805363,1.3488330415590017,0.003964369616288099
2019-11-29,0.005644903610608058,0.0,1.0,0.005644903610608058,1.3544779451696098,0.002242480378296774
2019-12-02,-0.006177441687080609,0.001,1.0,-0.007177441687080609,1.3473005034825292,-0.002334743907777548
2019-12-03,-0.08982751646533807,0.0,1.0,-0.08982751646533807,1.257472987017191,-0.023353322607381544
2019-12-04,0.046476584155235874,0.0,1.0,0.046476584155235874,1.303949571172427,0.010832667731629497
2019-12-05,0.013196585136182274,0.0,1.0,0.013196585136182274,1.317146156308609,0.003259420218282294
2019-12-06,0.02297285133381534,0.0,1.0,0.02297285133381534,1.3401190076424245,0.005414718188530676
2019-12-09,0.008378905305651795,0.0,1.0,0.008378905305651795,1.3484979129480763,0.0018604651162790198
2019-12-10,-0.005808693442136602,0.0,1.0,-0.005808693442136602,1.3426892195059397,-0.0022479597321996003
2019-12-11,0.00623141305185379,0.0,1.0,0.00623141305185379,1.3489206325577934,0.000979575843659708
2019-12-12,0.026916457785934357,0.0,1.0,0.026916457785934357,1.3758370903437278,0.00195723442775364
2019-12-13,0.05646743237148101,0.0,1.0,0.05646743237148101,1.432304522715209,0.007764809298236974
2019-12-16,0.02542845689193546,0.001,1.0,0.02442845689193546,1.4567329796071444,0.010370226788137149
2019-12-17,0.01351211941543848,0.0,1.0,0.01351211941543848,1.4702450990225828,0.004796163069544335
2019-12-18,0.0010681931805685543,0.0,1.0,0.0010681931805685543,1.4713132922031513,0.0004773269689737347
2019-12-19,0.0025966532025390484,0.0,1.0,0.0025966532025390484,1.4739099454056905,0.00019083969465638617
2019-12-20,0.03129701155315118,0.0,1.0,0.03129701155315118,1.5052069569588415,0.01044647967945056
2019-12-23,0.024530748885893478,0.0,1.0,0.024530748885893478,1.529737705844735,0.0009441533305007965
2019-12-24,-0.00683853363065509,0.0,1.0,-0.00683853363065509,1.5228991722140799,-0.0002829788237513897
2019-12-26,0.00658090890230879,0.0,1.0,0.00658090890230879,1.5294800811163887,0.0013681181299241008
2019-12-27,0.02180684210466657,0.0,1.0,0.02180684210466657,1.5512869232210553,0.010788655422595106
2019-12-30,-0.021707363249166396,0.0,1.0,-0.021707363249166396,1.5295795599718889,-0.004847354928921077
2019-12-31,-0.03138288646260001,0.001,1.0,-0.03238288646260001,1.4971966735092888,-0.008852044400730619
2020-01-02,0.04033771106941836,0.0,1.0,0.04033771106941836,1.537534384578707,0.01313675456006047
2020-01-03,-0.016885553470919298,0.0,1.0,-0.016885553470919298,1.520648831107788,-0.005177238805970208
2020-01-06,-0.012195121951219585,0.0,1.0,-0.012195121951219585,1.5084537091565682,-0.003750761873505426
2020-01-07,0.04596622889305818,0.0,1.0,0.04596622889305818,1.5544199380496264,0.0148242270224479
2020-01-08,-0.0018761726078798848,0.0,1.0,-0.0018761726078798848,1.5525437654417464,-0.0007883509552958357
2020-01-09,0.04971857410881795,0.0,1.0,0.04971857410881795,1.6022623395505646,0.015965099549821282
2020-01-10,0.013133208255159528,0.0,1.0,0.013133208255159528,1.615395547805724,0.003882874240555445
2020-01-13,-0.007504690431519706,0.0,1.0,-0.007504690431519706,1.6078908573742043,-0.002047688387331603
2020-01-14,0.021575984990619176,0.0,1.0,0.021575984990619176,1.6294668423648235,0.00656604805982397
2020-01-15,-0.009380863039399591,0.001,1.0,-0.010380863039399592,1.619085979325424,-0.002582106455266131
2020-01-16,0.0012247447096706034,0.0,1.0,0.0012247447096706034,1.6203107240350945,0.0048142428921791325
2020-01-17,0.03227323973363827,0.0,1.0,0.03227323973363827,1.6525839637687327,0.009039956608208222
2020-01-21,-0.005641125467390157,0.0,1.0,-0.005641125467390157,1.6469428383013427,-0.0022845368213583184
2020-01-22,0.027629753996642085,0.0,1.0,0.027629753996642085,1.6745725922979848,0.007408072554213607
2020-01-23,0.0020480002595485375,0.0,1.0,0.0020480002595485375,1.6766205925575335,-0.0029860058828772296
2020-01-24,0.04044901898759842,0.0,1.0,0.04044901898759842,1.7170696115451318,0.008537839166778305
2020-01-27,-0.14140123772213703,0.0,1.0,-0.14140123772213703,1.5756683738229948,-0.03501462636291108
2020-01-28,0.01622084375856079,0.0,1.0,0.01622084375856079,1.5918892175815555,0.008634943964725306
2020-01-29,0.030737166152949434,0.0,1.0,0.030737166152949434,1.622626383734505,0.013934426229508245
2020-01-30,-0.04704317427873901,0.0005,0.0,-0.04754317427873901,1.575083209455766,-0.010284739064043813
2020-01-31,0.0,0.0,0.0,0.0,1.575083209455766,0.014203385215773467
2020-02-03,0.0,0.0,0.0,0.0,1.575083209455766,-0.01503355704697995
2020-02-04,0.0,0.0005,1.0,-0.0005,1.5745832094557661,0.02384846007086394
2020-02-05,0.0643137254901961,0.0,1.0,0.0643137254901961,1.6388969349459623,0.021429522161586556
2020-02-06,-0.020392156862745082,0.0,1.0,-0.020392156862745082,1.6185047780832171,-0.006298323342889378
2020-02-07,0.004705882352941076,0.0,1.0,0.004705882352941076,1.6232106604361582,0.0017047689819469358
2020-02-10,-0.009411764705882291,0.0,1.0,-0.009411764705882291,1.6137988957302758,-0.0031855472159190157
2020-02-11,0.06588235294117646,0.0,1.0,0.06588235294117646,1.6796812486714523,0.020925447620715243
2020-02-12,0.0015686274509803587,0.0,1.0,0.0015686274509803587,1.6812498761224328,0.0005574375026800027
2020-02-13,-0.01098039215686265,0.0,1.0,-0.01098039215686265,1.67026948396557,-0.0030856261249678774
2020-02-14,0.02431372549019598,0.0,1.0,0.02431372549019598,1.6945832094557662,0.007136101796922034
2020-02-18,-0.012549019607843149,0.0,1.0,-0.012549019607843149,1.682034189847923,-0.0034574014000341435
2020-02-19,0.03764705882352944,0.001,1.0,0.03664705882352944,1.7186812486714524,0.011136334432689354
2020-02-20,0.013488810718737587,0.0,1.0,0.013488810718737587,1.73217005939019,0.0016520523573517742
2020-02-21,-0.045068264731411525,0.0,1.0,-0.045068264731411525,1.6871017946587785,-0.011925907130170055
2020-02-24,-0.16971731483354768,0.0,1.0,-0.16971731483354768,1.517384479825231,-0.050505050505050386
2020-02-25,0.02280929601179956,0.0,1.0,0.02280929601179956,1.5401937758370305,0.006085467003245526
2020-02-26,-0.0803402794546653,0.0,1.0,-0.0803402794546653,1.459853496382365,-0.029212778350284574
2020-02-27,-0.068685226939216,0.0,1.0,-0.068685226939216,1.391168269443149,-0.025938062491346225
2020-02-28,-0.10641920961569924,0.0,1.0,-0.10641920961569924,1.2847490598274498,-0.05747453210139786
2020-03-02,0.11630198985818427,0.0,1.0,0.11630198985818427,1.401051049685634,0.05007038005228237
2020-03-03,0.05837024480019841,0.0,1.0,0.05837024480019841,1.4594212944858325,0.039400612792033884
2020-03-04,-0.042329191330509684,0.0005,0.0,-0.042829191330509685,1.4165921031553228,-0.01745658882594081
2020-03-05,0.0,0.0,0.0,0.0,1.4165921031553228,-0.0029533095818488064
2020-03-06,0.0,0.0,0.0,0.0,1.4165921031553228,-0.037707461563778355
2020-03-09,0.0,0.0,0.0,0.0,1.4165921031553228,-0.0546733766551033
2020-03-10,0.0,0.0,0.0,0.0,1.4165921031553228,0.03943560057887141
2020-03-11,0.0,0.0,0.0,0.0,1.4165921031553228,-0.008751429565909352
2020-03-12,0.0,0.0,0.0,0.0,1.4165921031553228,-0.08658138951592675
2020-03-13,0.0,0.0,0.0,0.0,1.4165921031553228,0.027349113075951337
2020-03-16,0.0,0.0,0.0,0.0,1.4165921031553228,-0.06906505586144218
2020-03-17,0.0,0.0,0.0,0.0,1.4165921031553228,0.0075796726959518335
2020-03-18,0.0,0.0,0.0,0.0,1.4165921031553228,-0.02202655724625302
2020-03-19,0.0,0.0,0.0,0.0,1.4165921031553228,0.02380466769616274
2020-03-20,0.0,0.0,0.0,0.0,1.4165921031553228,0.0344356537082362
2020-03-23,0.0,0.0,0.0,0.0,1.4165921031553228,-0.05953560030813265
2020-03-24,0.0,0.0,0.0,0.0,1.4165921031553228,0.05259770652937057
2020-03-25,0.0,0.0,0.0,0.0,1.4165921031553228,0.02506808960035567
2020-03-26,0.0,0.0,0.0,0.0,1.4165921031553228,-0.002982322958464234
2020-03-27,0.0,0.0,0.0,0.0,1.4165921031553228,0.016642192853646653
2020-03-30,0.0,0.0,0.0,0.0,1.4165921031553228,0.0009094313379338637
2020-03-31,0.0,0.0,0.0,0.0,1.4165921031553228,0.023677177979690045
2020-04-01,0.0,0.0,0.0,0.0,1.4165921031553228,-0.035085887328355825
2020-04-02,0.0,0.0,0.0,0.0,1.4165921031553228,-0.017423299604999776
2020-04-03,0.0,0.0,0.0,0.0,1.4165921031553228,0.021532022688474095
2020-04-06,0.0,0.0,0.0,0.0,1.4165921031553228,0.02630727762803242
2020-04-07,0.0,0.0,0.0,0.0,1.4165921031553228,0.0617711944531989
2020-04-08,0.0,0.0,0.0,0.0,1.4165921031553228,-0.02006777480953792
2020-04-09,0.0,0.0,0.0,0.0,1.4165921031553228,0.021135026390386003
2020-04-13,0.0,0.0,0.0,0.0,1.4165921031553228,-0.011618134177090123
2020-04-14,0.0,0.0005,1.0,-0.0005,1.4160921031553229,0.03626450580232099
2020-04-15,0.007194244604316524,0.0,1.0,0.007194244604316524,1.4232863477596394,0.006323309359463236
2020-04-16,0.035652986035436894,0.0,1.0,0.035652986035436894,1.4589393337950762,0.015828856485034626
2020-04-17,0.07607241686896306,0.0,1.0,0.07607241686896306,1.5350117506640393,0.01973746340542082
2020-04-20,-0.06178899014656743,0.0,1.0,-0.06178899014656743,1.473222760517472,-0.01245601037229116
2020-04-21,-0.05604292852352172,0.0,1.0,-0.05604292852352172,1.4171798319939501,-0.012378674919116706
2020-04-22,-0.022870453167128928,0.0,1.0,-0.022870453167128928,1.3943093788268213,-0.007074016047096898
2020-04-23,0.05506770636001754,0.0,1.0,0.05506770636001754,1.4493770851868386,0.01271875298842895
2020-04-24,-0.019362570920497705,0.0,1.0,-0.019362570920497705,1.430014514266341,-0.004060434372049171
2020-04-27,0.08901860661704603,0.0,1.0,0.08901860661704603,1.5190331208833872,0.024841187067412562
2020-04-28,0.03788336862597384,0.001,1.0,0.03688336862597384,1.555916489509361,0.005042094550837373
2020-04-29,-0.01748760473996014,0.0,1.0,-0.01748760473996014,1.5384288847694008,-0.004878722327058549
2020-04-30,0.0604289919100456,0.0,1.0,0.0604289919100456,1.5988578766794463,0.017575505295777116
2020-05-01,-0.11897074378647512,0.0,1.0,-0.11897074378647512,1.4798871328929712,-0.024862506249715866
2020-05-04,-0.07098916491316865,0.0,1.0,-0.07098916491316865,1.4088979679798026,-0.013657126876106873
2020-05-05,0.08414769857118762,0.0,1.0,0.08414769857118762,1.4930456665509904,0.02736165587637629
2020-05-06,0.025134348533830557,0.0,1.0,0.025134348533830557,1.5181800150848208,0.009061637534498512
2020-05-07,0.04113049568303631,0.0,1.0,0.04113049568303631,1.559310510767857,0.010849250125358978
2020-05-08,0.016492537884491697,0.0,1.0,0.016492537884491697,1.5758030486523489,0.008117249154453221
2020-05-11,0.00926807030727272,0.0,1.0,0.00926807030727272,1.5850711189596214,-0.00022366360993075762
2020-05-12,0.05515555613531869,0.001,1.0,0.05415555613531869,1.6392266750949402,0.017807606263982034
2020-05-13,-0.07124087787765895,0.0,1.0,-0.07124087787765895,1.5679857972172813,-0.02123263583611734
2020-05-14,-0.07558927285037059,0.0,1.0,-0.07558927285037059,1.4923965243669106,-0.020345834269032137
2020-05-15,0.002959202368780318,0.0,1.0,0.002959202368780318,1.495355726735691,0.002980011003117511
2020-05-18,0.09367121878055616,0.0,1.0,0.09367121878055616,1.5890269455162471,0.03432828998491555
2020-05-19,0.036436233959741514,0.0,1.0,0.036436233959741514,1.6254631794759886,0.006098638854516558
2020-05-20,0.03779213282821414,0.0,1.0,0.03779213282821414,1.6632553123042026,0.007994377580602618
2020-05-21,0.03845244216444747,0.0,1.0,0.03845244216444747,1.70170775446865,0.008758933240369693
2020-05-22,-0.057763531079734955,0.0,1.0,-0.057763531079734955,1.6439442233889152,-0.013089118320445792
2020-05-26,0.07440826459523166,0.0,1.0,0.07440826459523166,1.7183524879841467,0.021798126586710875
2020-05-27,-0.04945209806351297,0.001,1.0,-0.05045209806351297,1.6679003899206337,-0.021118917066483944
2020-05-28,0.009829376739680066,0.0,1.0,0.009829376739680066,1.6777297666603137,0.0023631350925561456
2020-05-29,-0.009332514148464652,0.0,1.0,-0.009332514148464652,1.6683972525118491,0.006024885396201718
2020-06-01,0.03261659029262836,0.0,1.0,0.03261659029262836,1.7010138428044774,0.00854923404070651
2020-06-02,0.021893256429016288,0.0,1.0,0.021893256429016288,1.7229070992334936,0.008691910499139421
2020-06-03,0.06472525732527125,0.0,1.0,0.06472525732527125,1.787632356558765,0.007721184199300346
2020-06-04,0.019166920342571364,0.0,1.0,0.019166920342571364,1.8067992769013363,0.0003809846336197964
2020-06-05,0.0629914897500132,0.0,1.0,0.0629914897500132,1.8697907666513496,-0.00110020311442105
2020-06-08,0.04019401590348599,0.0,1.0,0.04019401590348599,1.9099847825548357,0.014742014742014753
2020-06-09,-0.034662338953667736,0.0,1.0,-0.034662338953667736,1.875322443601168,0.004675628287551081
2020-06-10,0.06957893903256104,0.001,1.0,0.06857893903256104,1.943901382633729,0.018033740546829602
2020-06-11,-0.06129566210045663,0.0,1.0,-0.06129566210045663,1.8826057205332722,-0.011061224489795962
2020-06-12,-0.0414897260273973,0.0,1.0,-0.0414897260273973,1.8411159945058748,-0.013207313549878252
2020-06-15,-0.08430365296803648,0.0,1.0,-0.08430365296803648,1.7568123415378385,-0.02781379396879835
2020-06-16,0.14556126331811262,0.0,1.0,0.14556126331811262,1.902373604855951,0.04878678368611267
2020-06-17,-1.902587519025164e-05,0.0,1.0,-1.902587519025164e-05,1.902354578980761,0.002543276724915833
2020-06-18,-0.009674657534246584,0.0,1.0,-0.009674657534246584,1.8926799214465144,-0.004541734860883828
2020-06-19,0.041000761035007584,0.0,1.0,0.041000761035007584,1.9336806824815218,0.014180607505446252
2020-06-22,-0.039044901065448945,0.0,1.0,-0.039044901065448945,1.894635781416073,-0.012036961984274952
2020-06-23,0.04697869101978684,0.0,1.0,0.04697869101978684,1.9416144724358597,0.018952291094064044
2020-06-24,-0.0161986301369863,0.001,1.0,-0.0171986301369863,1.9244158422988735,-0.0016103707878738494
2020-06-25,-0.04995855704609402,0.0,1.0,-0.04995855704609402,1.8744572852527797,-0.016452276301463842
2020-06-26,0.016635254491413135,0.0,1.0,0.016635254491413135,1.8910925397441927,0.007543766143249586
2020-06-29,-0.05681578211037026,0.0,1.0,-0.05681578211037026,1.8342767576338224,-0.02347914547304175
2020-06-30,0.03657604650057804,0.0,1.0,0.03657604650057804,1.8708528041344004,0.011625968830736078
2020-07-01,0.06053904876542241,0.0,1.0,0.06053904876542241,1.9313918528998228,0.02014252172838482
2020-07-02,0.031543499263529576,0.0,1.0,0.031543499263529576,1.9629353521633524,0.021440684809819865
2020-07-06,0.03862179740994741,0.0,1.0,0.03862179740994741,2.0015571495732996,0.00984306439498761
2020-07-07,0.02433453702677168,0.0,1.0,0.02433453702677168,2.0258916866000716,0.01033429891176696
2020-07-08,-0.0008090614886731221,0.0,1.0,-0.0008090614886731221,2.0250826251113985,-0.000387446726075269
2020-07-09,0.038943838198260944,0.001,1.0,0.03794383819826094,2.063026463309659,0.015077519379844917
2020-07-10,0.016140865737344075,0.0,1.0,0.016140865737344075,2.079167329047003,0.00042002367406168695
2020-07-13,0.04416671878153903,0.0,1.0,0.04416671878153903,2.1233340478285423,0.01858778625954205
2020-07-14,-0.11812941673543281,0.0,1.0,-0.11812941673543281,2.0052046310931093,-0.04046914227901233
2020-07-15,0.07630608767806117,0.0,1.0,0.07630608767806117,2.0815107187711708,0.02190807201155942
2020-07-16,-0.052704914407042024,0.0,1.0,-0.052704914407042024,2.028805804364129,-0.014177621522470152
2020-07-17,0.028084577607688368,0.0,1.0,0.028084577607688368,2.056890381971817,0.00674497034538879
2020-07-20,0.0053398677756711635,0.0,1.0,0.0053398677756711635,2.062230249747488,0.0015786839166764821
2020-07-21,0.08529552183257247,0.0,1.0,0.08529552183257247,2.1475257715800606,0.03186990619713992
2020-07-22,-0.03970288929936769,0.0,1.0,-0.03970288929936769,2.107822882280693,-0.014716292239484563
2020-07-23,0.0014266764083345502,0.001,1.0,0.00042667640833455017,2.1082495586890273,0.0003403161158588297
2020-07-24,-0.1062517861748325,0.0,1.0,-0.1062517861748325,2.001997772514195,-0.03942543942543941
2020-07-27,0.03682900817632421,0.0,1.0,0.03682900817632421,2.0388267806905196,0.012749881945537611
2020-07-28,0.02800025093578136,0.0,1.0,0.02800025093578136,2.0668270316263007,0.007654647186819963
2020-07-29,-0.01227075970807802,0.0,1.0,-0.01227075970807802,2.054556271918223,-0.003856090695253167
2020-07-30,0.005554045293908476,0.0,1.0,0.005554045293908476,2.060110317212131,-0.0020903495528973304
2020-07-31,0.08414922314464357,0.0,1.0,0.08414922314464357,2.144259540356775,0.031188176422669578
2020-08-03,0.009421244502066713,0.0,1.0,0.009421244502066713,2.1536807848588415,0.008351201895948623
2020-08-04,0.023289628684747973,0.0,1.0,0.023289628684747973,2.1769704135435894,0.0025741466144375558
2020-08-05,0.03588730195241975,0.0,1.0,0.03588730195241975,2.212857715496009,0.0077770335640394705
2020-08-06,-0.00343084976614178,0.001,1.0,-0.00443084976614178,2.2084268657298676,-0.00018461765683275289
2020-08-07,0.015967674120268296,0.0,1.0,0.015967674120268296,2.2243945398501355,0.012039293891720426
2020-08-10,-0.023905284220993132,0.0,1.0,-0.023905284220993132,2.200489255629143,-0.00839293533790697
2020-08-11,-0.018523775618558967,0.0,1.0,-0.018523775618558967,2.1819654800105837,-0.009715168911459404
2020-08-12,-0.012253405066321261,0.0,1.0,-0.012253405066321261,2.1697120749442624,-0.006428836863619503
2020-08-13,0.06297032574469519,0.0,1.0,0.06297032574469519,2.2326824006889576,0.01971051352058928
2020-08-14,-0.010777978627416175,0.0,1.0,-0.010777978627416175,2.2219044220615416,0.0013571009389672373
2020-08-17,0.01110712992345899,0.0,1.0,0.01110712992345899,2.2330115519850002,0.003296582542764215
2020-08-18,0.026973143095648786,0.0,1.0,0.026973143095648786,2.2599846950806493,0.009127085539045732
2020-08-19,-0.005641990805246867,0.0,1.0,-0.005641990805246867,2.2543427042754023,0.005499077457400192
2020-08-20,-0.04031911563414945,0.001,1.0,-0.04131911563414945,2.213023588641253,-0.009462814377721007
2020-08-21,0.052216150576806286,0.0,1.0,0.052216150576806286,2.265239739218059,0.017326552851434807
2020-08-24,0.05768063145112343,0.0,1.0,0.05768063145112343,2.3229203706691823,0.01781697432784668
2020-08-25,-0.026108075288403143,0.0,1.0,-0.026108075288403143,2.2968122953807795,-0.007998316143969841
2020-08-26,0.04918032786885239,0.0,1.0,0.04918032786885239,2.3459926232496313,0.01531225687813853
2020-08-27,0.07043108682452946,0.0,1.0,0.07043108682452946,2.4164237100741612,0.02079342412315821
2020-08-28,-0.009714632665452347,0.0,1.0,-0.009714632665452347,2.406709077408709,-0.0027637505118056627
2020-08-31,0.009714632665452347,0.0,1.0,0.009714632665452347,2.4164237100741612,0.0030451295035414105
2020-09-01,0.05585913782635083,0.0,1.0,0.05585913782635083,2.472282847900512,0.01514531313958245
2020-09-02,0.0728597449908927,0.0,1.0,0.0728597449908927,2.5451425928914047,0.019018817204300875
2020-09-03,-0.06678809957498491,0.001,1.0,-0.06778809957498491,2.4773544933164198,-0.016685352502802897
2020-09-04,-0.1386634866520792,0.0,1.0,-0.1386634866520792,2.3386910066643405,-0.04171696847753181
2020-09-08,-0.11074608399200861,0.0,1.0,-0.11074608399200861,2.227944922672332,-0.047312430011198114
2020-09-09,0.025010739537287767,0.0,1.0,0.025010739537287767,2.2529556622096196,0.012121657361152005
2020-09-10,0.0391754045961296,0.0,1.0,0.0391754045961296,2.2921310668057493,0.019706757639544215
2020-09-11,-0.04977236104068562,0.0,1.0,-0.04977236104068562,2.2423587057650636,-0.02363241627220003
2020-09-14,0.013285641287685267,0.0,1.0,0.013285641287685267,2.2556443470527485,-0.00018226223890938087
2020-09-15,0.03428352084205816,0.0,1.0,0.03428352084205816,2.289927867894807,0.0168441009187692
2020-09-16,0.014840544842717268,0.0,1.0,0.014840544842717268,2.3047684127375243,0.0031193976335603946
2020-09-17,-0.0990740704415568,0.0,1.0,-0.0990740704415568,2.2056943422959674,-0.04378596704435789
2020-09-18,0.04922667975680589,0.0005,0.0,0.04872667975680589,2.254421022052773,0.015325956937799035
2020-09-21,0.0,0.0,0.0,0.0,2.254421022052773,-0.03350268757823438
2020-09-22,0.0,0.0,0.0,0.0,2.254421022052773,0.028683528873990616
2020-09-23,0.0,0.0,0.0,0.0,2.254421022052773,0.00777633771523778
2020-09-24,0.0,0.0,0.0,0.0,2.254421022052773,-0.038838875620062496
2020-09-25,0.0,0.0,0.0,0.0,2.254421022052773,0.016209190305069177
2020-09-28,0.0,0.0,0.0,0.0,2.254421022052773,0.040610187344819915
2020-09-29,0.0,0.0,0.0,0.0,2.254421022052773,0.00037958895938405846
2020-09-30,0.0,0.0,0.0,0.0,2.254421022052773,-0.0022766695576758034
2020-10-01,0.0,0.0,0.0,0.0,2.254421022052773,0.020645441703792455
2020-10-02,0.0,0.0,0.0,0.0,2.254421022052773,-0.020511728592214173
2020-10-05,0.0,0.0,0.0,0.0,2.254421022052773,0.001195608854751562
2020-10-06,0.0,0.0,0.0,0.0,2.254421022052773,0.010675255120503824
2020-10-07,0.0,0.0,0.0,0.0,2.254421022052773,-0.005227541265351521
2020-10-08,0.0,0.0,0.0,0.0,2.254421022052773,0.016160961739193125
2020-10-09,0.0,0.0,0.0,0.0,2.254421022052773,0.002727401530178364
2020-10-12,0.0,0.0005,1.0,-0.0005,2.253921022052773,0.02652866579533031
2020-10-13,0.033442862638493165,0.0,1.0,0.033442862638493165,2.2873638846912665,0.019752236751548358
2020-10-14,-0.002987581140510576,0.0,1.0,-0.002987581140510576,2.284376303550756,-0.0034419923061347335
2020-10-15,-0.0790977954830984,0.0,1.0,-0.0790977954830984,2.205278508067657,-0.02732629012596499
2020-10-16,0.05714784155697768,0.0,1.0,0.05714784155697768,2.262426349624635,0.015839860748476875
2020-10-19,-0.014799236745612114,0.0,1.0,-0.014799236745612114,2.247627112879023,-0.0044893762851268
2020-10-20,-0.04281880121006243,0.0,1.0,-0.04281880121006243,2.2048083116689607,-0.02041378360700885
2020-10-21,-0.004202500131000622,0.0,1.0,-0.004202500131000622,2.20060581153796,0.00038656170930573275
2020-10-22,-0.009018850031759677,0.0,1.0,-0.009018850031759677,2.1915869615062005,0.0013348789826816976
2020-10-23,-0.006024367394774548,0.0,1.0,-0.006024367394774548,2.185562594111426,-0.000912120680582329
2020-10-26,-0.026623672899740485,0.0005,0.0,-0.027123672899740485,2.1584389212116855,-0.008673057340496615
2020-10-27,0.0,0.0,0.0,0.0,2.1584389212116855,-0.003187871918390428
2020-10-28,0.0,0.0,0.0,0.0,2.1584389212116855,-0.011690711392225217
2020-10-29,0.0,0.0,0.0,0.0,2.1584389212116855,-0.018300794592456704
2020-10-30,0.0,0.0,0.0,0.0,2.1584389212116855,0.004889393495458361
2020-11-02,0.0,0.0,0.0,0.0,2.1584389212116855,-0.009640091116173033
2020-11-03,0.0,0.0,0.0,0.0,2.1584389212116855,0.00047841607478016357
2020-11-04,0.0,0.0,0.0,0.0,2.1584389212116855,0.04303685720591477
2020-11-05,0.0,0.0,0.0,0.0,2.1584389212116855,0.03473691634927367
2020-11-06,0.0,0.0005,1.0,-0.0005,2.1579389212116853,0.0005793940220168992
2020-11-09,0.08291860452503746,0.0,1.0,0.08291860452503746,2.2408575257367227,0.012705225151577126
2020-11-10,-0.12874988399966739,0.0,1.0,-0.12874988399966739,2.1121076417370555,-0.04053008644176115
2020-11-11,-0.007406063834531048,0.0,1.0,-0.007406063834531048,2.1047015779025244,0.00231367874921129
2020-11-12,0.05226197635642042,0.0,1.0,0.05226197635642042,2.1569635542589447,0.01678791270285407
2020-11-13,-0.007800525225402213,0.0,1.0,-0.007800525225402213,2.1491630290335424,-0.0024422124380848453
2020-11-16,0.016973168671112253,0.0,1.0,0.016973168671112253,2.166136197704655,0.002310265163270264
2020-11-17,0.03370481561069209,0.0,1.0,0.03370481561069209,2.199841013315347,0.00935736892803063
2020-11-18,-0.013960052498436227,0.0,1.0,-0.013960052498436227,2.1858809608169105,-0.005794137695978141
2020-11-19,-0.027464781093813936,0.0,1.0,-0.027464781093813936,2.1584161797230967,-0.007610558793280653
2020-11-20,0.04029230878625691,0.001,1.0,0.03929230878625691,2.1977084885093534,0.009741605637695105
2020-11-23,-0.0028495005588043826,0.0,1.0,-0.0028495005588043826,2.1948589879505493,-0.003044816968867603
2020-11-24,0.022568732047599536,0.0,1.0,0.022568732047599536,2.217427719998149,0.00027452729830823586
2020-11-25,0.016847852052350305,0.0,1.0,0.016847852052350305,2.234275572050499,0.013516758722426081
2020-11-27,0.021870840501642508,0.0,1.0,0.021870840501642508,2.256146412552142,0.009680804251430253
2020-11-30,0.016381586379371618,0.0,1.0,0.016381586379371618,2.2725279989315137,0.0033859666767239727
2020-12-01,0.044582455015464824,0.0,1.0,0.044582455015464824,2.3171104539469782,0.008586702305379168
2020-12-02,0.010864872033123774,0.0,1.0,0.010864872033123774,2.327975325980102,0.0011594394938219121
2020-12-03,0.03146986318557351,0.0,1.0,0.03146986318557351,2.359445189165675,0.0061213685394745365
2020-12-04,0.000882968990486205,0.0,1.0,0.000882968990486205,2.3603281581561615,0.0008550662676356513
2020-12-07,0.05815573117199793,0.001,1.0,0.05715573117199793,2.4174838893281594,0.004534551309433921
2020-12-08,0.0017672721594612813,0.0,1.0,0.0017672721594612813,2.4192511614876206,0.0034346275882373156
2020-12-09,0.008957684000966967,0.0,1.0,0.008957684000966967,2.4282088454885873,0.004270439431477424
2020-12-10,-0.09127416140694601,0.0,1.0,-0.09127416140694601,2.3369346840816414,-0.028759697471353984
2020-12-11,0.005492714364862886,0.0,1.0,0.005492714364862886,2.342427398446504,0.0053474148591290405
2020-12-14,0.018690843655834365,0.0,1.0,0.018690843655834365,2.3611182421023384,0.007546291679132899
2020-12-15,0.03632625817728179,0.0,1.0,0.03632625817728179,2.3974445002796205,0.010855219743961975
2020-12-16,0.01345860186026909,0.0,1.0,0.01345860186026909,2.4109031021398897,0.0043411561184187875
2020-12-17,0.017846169398482114,0.0,1.0,0.017846169398482114,2.428749271538372,0.009522261943451404
2020-12-18,0.002717323855330935,0.0,1.0,0.002717323855330935,2.4314665953937027,0.003315841998519309
2020-12-21,-0.051923172100085874,0.001,1.0,-0.052923172100085875,2.3785434232936167,-0.016684848873772862
2020-12-22,0.029698650894515614,0.0,1.0,0.029698650894515614,2.4082420741881325,0.01106180251908917
2020-12-23,-0.002089239743213736,0.0,1.0,-0.002089239743213736,2.406152834444919,-0.00012909472325328686
2020-12-24,-0.014139945253690465,0.0,1.0,-0.014139945253690465,2.3920128891912285,-0.004325231593557244
2020-12-28,0.04367525336461691,0.0,1.0,0.04367525336461691,2.435688142555845,0.012254027944370582
2020-12-29,-0.003755254668100486,0.0,1.0,-0.003755254668100486,2.4319328878877444,0.005764611689351495
2020-12-30,-0.004191514322025616,0.0,1.0,-0.004191514322025616,2.427741373565719,0.00035026269702287394
2020-12-31,0.013603480301104729,0.0,1.0,0.013603480301104729,2.4413448538668234,-0.0041061879297173975
2021-01-04,0.02686479616775838,0.0,1.0,0.02686479616775838,2.468209650034582,0.007159523124620426
2021-01-05,-0.05591333463681696,0.0,1.0,-0.05591333463681696,2.4122963153977652,-0.02164323569547144
2021-01-06,0.011750089614494719,0.001,1.0,0.01075008961449472,2.4230464050122595,-0.004184371857666513
2021-01-07,0.06723755153821749,0.0,1.0,0.06723755153821749,2.4902839565504773,0.010684039087947683
2021-01-08,0.12147161433555338,0.0,1.0,0.12147161433555338,2.6117555708860305,0.02275364187185769
2021-01-11,-0.0796835357817919,0.0,1.0,-0.0796835357817919,2.532072035104239,-0.00428562425159118
2021-01-12,0.08570954275927382,0.0,1.0,0.08570954275927382,2.6177815778635125,-0.004810431039939389
2021-01-13,0.03013003488740868,0.0,1.0,0.03013003488740868,2.6479116127509212,-0.0008586147681739487
2021-01-14,0.019029495718363508,0.0,1.0,0.019029495718363508,2.6669411084692847,0.007352239090995916
2021-01-15,0.030764351411354227,0.0,1.0,0.030764351411354227,2.697705459880639,-0.0074881516587678165
2021-01-19,-0.021566761814145248,0.0,1.0,-0.021566761814145248,2.6761386980664934,0.00038200744914518303
2021-01-20,0.11576276562004435,0.0,1.0,0.11576276562004435,2.7919014636865382,0.018743038981702487
2021-01-21,-0.024421186171899652,0.001,1.0,-0.025421186171899653,2.7664802775146384,0.015649403386018612
2021-01-22,-0.004037961640352834,0.0,1.0,-0.004037961640352834,2.762442315874286,0.00043057050592043566
2021-01-25,0.01711363357806799,0.0,1.0,0.01711363357806799,2.7795559494523534,0.011128531464231983
2021-01-26,-0.011522946485406051,0.0,1.0,-0.011522946485406051,2.7680330029669475,-0.00018242072299412548
2021-01-27,-0.061474871254965896,0.0,1.0,-0.061474871254965896,2.7065581317119816,-0.007875931275657666
2021-01-28,-0.048992444083715475,0.0,1.0,-0.048992444083715475,2.6575656876282663,-0.017133574449825217
2021-01-29,-0.0007781277752454494,0.0,1.0,-0.0007781277752454494,2.6567875598530204,-0.0033991330651449436
2021-02-01,-0.009732527755514623,0.0,1.0,-0.009732527755514623,2.647055032097506,-0.00459978722072707
2021-02-02,0.07917708986989842,0.0,1.0,0.07917708986989842,2.7262321219674046,0.023168086510955366
2021-02-03,0.02416201587998192,0.0,1.0,0.02416201587998192,2.7503941378473864,0.0133341526361066
2021-02-04,-0.04629657870415078,0.001,1.0,-0.04729657870415078,2.7030975591432354,-0.005912315808622837
2021-02-05,0.04286442106616646,0.0,1.0,0.04286442106616646,2.745961980209402,0.010217464238875262
2021-02-08,-0.003346211689891656,0.0,1.0,-0.003346211689891656,2.74261576851951,0.00567598574965289
2021-02-09,0.027642477606524257,0.0,1.0,0.027642477606524257,2.7702582461260343,-0.0014410087060943155
2021-02-10,0.025539802557275698,0.0,1.0,0.025539802557275698,2.7957980486833103,0.007125248030785958
2021-02-11,-0.0002466469924384514,0.0,1.0,-0.0002466469924384514,2.795551401690872,-0.0019702080659125265
2021-02-12,0.033166820095155126,0.0,1.0,0.033166820095155126,2.828718221786027,-0.0018544551790147246
2021-02-16,0.06943606346869488,0.0,1.0,0.06943606346869488,2.898154285254722,0.010667945221899178
2021-02-17,-0.05394821804694418,0.0,1.0,-0.05394821804694418,2.844206067207778,-0.014231921012838211
2021-02-18,-0.05048502028082264,0.0,1.0,-0.05048502028082264,2.793721046926955,-0.006737449995488309
2021-02-19,0.05101596123721107,0.001,1.0,0.05001596123721107,2.843737008164166,0.010992338673045943
2021-02-22,-0.014336917562724026,0.0,1.0,-0.014336917562724026,2.829400090601442,-0.022045168633558987
2021-02-23,-0.1232078853046595,0.0,1.0,-0.1232078853046595,2.706192205296783,-0.029096477794793296
2021-02-24,0.01075268817204294,0.0,1.0,0.01075268817204294,2.716944893468826,0.005488958990536252
2021-02-25,0.06922043010752696,0.0,1.0,0.06922043010752696,2.786165323576353,0.008313986321139444
2021-02-26,-0.09251792114695347,0.0,1.0,-0.09251792114695347,2.693647402429399,-0.017237624070443935
2021-03-01,0.05936379928315425,0.0,1.0,0.05936379928315425,2.753011201712553,0.010827924647775822
2021-03-02,0.05376344086021502,0.0,1.0,0.05376344086021502,2.806774642572768,0.015598083127133844
2021-03-03,-0.09162186379928323,0.0,1.0,-0.09162186379928323,2.715152778773485,-0.021526599845798078
2021-03-04,-0.0925179211469533,0.0,1.0,-0.0925179211469533,2.6226348576265317,-0.026759542345636267
2021-03-05,-0.05712365591397859,0.0005,0.0,-0.05762365591397859,2.565011201712553,-0.006347561370555033
2021-03-08,0.0,0.0,0.0,0.0,2.565011201712553,0.004237011928818202
2021-03-09,0.0,0.0,0.0,0.0,2.565011201712553,-0.0021095677008956537
2021-03-10,0.0,0.0,0.0,0.0,2.565011201712553,0.028262919959670896
2021-03-11,0.0,0.0,0.0,0.0,2.565011201712553,-0.0012335526315790935
2021-03-12,0.0,0.0,0.0,0.0,2.565011201712553,-0.006048706336890697
2021-03-15,0.0,0.0,0.0,0.0,2.565011201712553,0.0061492385139871875
2021-03-16,0.0,0.0,0.0,0.0,2.565011201712553,0.016783305361157685
2021-03-17,0.0,0.0,0.0,0.0,2.565011201712553,-0.011336385437104801
2021-03-18,0.0,0.0,0.0,0.0,2.565011201712553,-0.0018270593794297296
2021-03-19,0.0,0.0,0.0,0.0,2.565011201712553,-0.01577934168586481
2021-03-22,0.0,0.0,0.0,0.0,2.565011201712553,0.010709590534517588
2021-03-23,0.0,0.0,0.0,0.0,2.565011201712553,0.014339646584816679
2021-03-24,0.0,0.0,0.0,0.0,2.565011201712553,-0.003440402839896217
2021-03-25,0.0,0.0,0.0,0.0,2.565011201712553,-0.027185136365062812
2021-03-26,0.0,0.0,0.0,0.0,2.565011201712553,0.0036842512775512315
2021-03-29,0.0,0.0,0.0,0.0,2.565011201712553,0.013950049821606525
2021-03-30,0.0,0.0,0.0,0.0,2.565011201712553,-0.004945316214931106
2021-03-31,0.0,0.0,0.0,0.0,2.565011201712553,0.007231832807671701
2021-04-01,0.0,0.0,0.0,0.0,2.565011201712553,0.0218560222672064
2021-04-05,0.0,0.0005,1.0,-0.0005,2.564511201712553,0.012566935958151504
2021-04-06,0.011528130721316091,0.0,1.0,0.011528130721316091,2.5760393324338695,0.011004799315257108
2021-04-07,-0.0030757063413194407,0.0,1.0,-0.0030757063413194407,2.57296362609255,-0.0012094457714753037
2021-04-08,0.028290131976932295,0.0,1.0,0.028290131976932295,2.601253758069482,0.01280537644174018
2021-04-09,-0.0148119262960121,0.0,1.0,-0.0148119262960121,2.5864418317734703,-0.0026303204208512065
2021-04-12,0.010373700214186574,0.0,1.0,0.010373700214186574,2.596815531987657,0.007072644449772181
2021-04-13,0.013734932319082127,0.0,1.0,0.013734932319082127,2.6105504643067388,0.006546839661945025
2021-04-14,-0.005859771221687205,0.0,1.0,-0.005859771221687205,2.6046906930850513,0.007716414380321668
2021-04-15,-0.00778116141072715,0.0,1.0,-0.00778116141072715,2.5969095316743243,-0.004048701774974295
2021-04-16,0.026061012886648013,0.0,1.0,0.026061012886648013,2.622970544560973,0.007894659321884046
2021-04-19,-0.028500887965409914,0.001,1.0,-0.029500887965409915,2.5934696565955626,-0.005143942715183369
2021-04-20,-0.019244734931009356,0.0,1.0,-0.019244734931009356,2.574224921664553,-0.006433796527512525
2021-04-21,-0.027596223674655106,0.0,1.0,-0.027596223674655106,2.546628697989898,-0.009195742164399778
2021-04-22,0.03340595497458249,0.0,1.0,0.03340595497458249,2.58003465296448,0.011310394222447728
2021-04-23,-0.026870007262164198,0.0,1.0,-0.026870007262164198,2.5531646457023163,-0.008941218130311568
2021-04-26,0.03267973856209146,0.0,1.0,0.03267973856209146,2.5858443842644077,0.0113741253535804
2021-04-27,0.019607843137255002,0.0,1.0,0.019607843137255002,2.6054522274016625,0.00665351664851177
2021-04-28,-0.018881626724763966,0.0,1.0,-0.018881626724763966,2.5865706006768985,-0.006200099435556994
2021-04-29,0.022512708787218498,0.0,1.0,0.022512708787218498,2.6090833094641175,0.007533621729790108
2021-04-30,-0.04175744371822798,0.0,1.0,-0.04175744371822798,2.5673258657458895,-0.013640213803779555
2021-05-03,0.013435003631082099,0.0005,0.0,0.012935003631082099,2.5802608693769713,0.004530648504589951
2021-05-04,0.0,0.0,0.0,0.0,2.5802608693769713,-0.016714323615246385
2021-05-05,0.0,0.0,0.0,0.0,2.5802608693769713,-0.003927329415997161
2021-05-06,0.0,0.0,0.0,0.0,2.5802608693769713,-0.010504138449962452
2021-05-07,0.0,0.0,0.0,0.0,2.5802608693769713,0.01706411972259403
2021-05-10,0.0,0.0,0.0,0.0,2.5802608693769713,-0.004755211292879258
2021-05-11,0.0,0.0,0.0,0.0,2.5802608693769713,-0.03930524670953783
2021-05-12,0.0,0.0,0.0,0.0,2.5802608693769713,0.0016578041914294683
2021-05-13,0.0,0.0,0.0,0.0,2.5802608693769713,-0.0009680542110358514
2021-05-14,0.0,0.0,0.0,0.0,2.5802608693769713,0.008377094273568364
2021-05-17,0.0,0.0,0.0,0.0,2.5802608693769713,0.006292622442653384
2021-05-18,0.0,0.0,0.0,0.0,2.5802608693769713,0.0023411268213042735
2021-05-19,0.0,0.0,0.0,0.0,2.5802608693769713,-0.026829343249638815
2021-05-20,0.0,0.0,0.0,0.0,2.5802608693769713,0.023558390702962173
2021-05-21,0.0,0.0,0.0,0.0,2.5802608693769713,0.019498951005800347
2021-05-24,0.0,0.0,0.0,0.0,2.5802608693769713,-0.0032381067667351937
2021-05-25,0.0,0.0,0.0,0.0,2.5802608693769713,0.014269666332695774
2021-05-26,0.0,0.0,0.0,0.0,2.5802608693769713,-0.0012272876941957778
2021-05-27,0.0,0.0,0.0,0.0,2.5802608693769713,2.9970628783848596e-05
2021-05-28,0.0,0.0,0.0,0.0,2.5802608693769713,0.001348637875745462
2021-06-01,0.0,0.0,0.0,0.0,2.5802608693769713,0.003531665269962847
2021-06-02,0.0,0.0,0.0,0.0,2.5802608693769713,-0.0061139278258276475
2021-06-03,0.0,0.0,0.0,0.0,2.5802608693769713,-0.008102025506376509
2021-06-04,0.0,0.0,0.0,0.0,2.5802608693769713,0.003932839207381633
2021-06-07,0.0,0.0005,1.0,-0.0005,2.5797608693769716,0.009642910953744144
2021-06-08,0.022159425394547825,0.0,1.0,0.022159425394547825,2.601920294771519,0.009983584539620782
2021-06-09,-0.016959889037684386,0.0,1.0,-0.016959889037684386,2.5849604057338347,-0.0006649034412445909
2021-06-10,-0.014126085087656125,0.0,1.0,-0.014126085087656125,2.5708343206461786,-0.002897950734837562
2021-06-11,0.03042067104543096,0.0,1.0,0.03042067104543096,2.6012549916916097,0.009401227794418654
2021-06-14,0.015479526696318158,0.0,1.0,0.015479526696318158,2.616734518387928,0.0038782465624631612
2021-06-15,0.024209180748723743,0.0,1.0,0.024209180748723743,2.6409436991366517,0.007228986185904951
2021-06-16,-0.010715246759560735,0.0,1.0,-0.010715246759560735,2.6302284523770907,-0.004097050704634508
2021-06-17,-0.03587846545468595,0.0,1.0,-0.03587846545468595,2.5943499869224045,-0.008081927992063864
2021-06-18,0.024269362163678553,0.0,1.0,0.024269362163678553,2.6186193490860834,0.010765655793158135
2021-06-21,-0.025833586469563227,0.001,1.0,-0.026833586469563228,2.59178576261652,-0.003492128161103447
2021-06-22,0.015184381778741799,0.0,1.0,0.015184381778741799,2.6069701443952615,0.005022924393306649
2021-06-23,0.029284164859002253,0.0,1.0,0.029284164859002253,2.636254309254264,0.009763184657852753
2021-06-24,0.019884309472161993,0.0,1.0,0.019884309472161993,2.656138618726426,0.006388305372507341
2021-06-25,0.006507592190889361,0.0,1.0,0.006507592190889361,2.6626462109173152,0.002115917993881
2021-06-28,0.002530730296456988,0.0,1.0,0.002530730296456988,2.6651769412137725,0.0008845264929948637
2021-06-29,0.02530730296456975,0.0,1.0,0.02530730296456975,2.690484244178342,0.007839671589030095
2021-06-30,0.011930585683297119,0.0,1.0,0.011930585683297119,2.702414829861639,0.0036771985404351337
2021-07-01,-0.007230657989877053,0.0,1.0,-0.007230657989877053,2.6951841718717624,-0.0021418707550093785
2021-07-02,0.023138105567606673,0.0,1.0,0.023138105567606673,2.718322277439369,0.006919535685034006
2021-07-06,0.02530730296456975,0.001,1.0,0.02430730296456975,2.7426295804039387,0.007685403343431041
2021-07-07,0.015486664560752941,0.0,1.0,0.015486664560752941,2.7581162449646914,0.008879363135333662
2021-07-08,-0.08855676156511955,0.0,1.0,-0.08855676156511955,2.6695594833995724,-0.01851289833080416
2021-07-09,0.02887640588436003,0.0,1.0,0.02887640588436003,2.698435889283932,0.006830831506156265
2021-07-12,0.04041944506298466,0.0,1.0,0.04041944506298466,2.738855334346917,0.011949632855906334
2021-07-13,0.005033550771794384,0.0,1.0,0.005033550771794384,2.7438888851187113,-0.0011587805214512414
2021-07-14,0.020821573877004278,0.0,1.0,0.020821573877004278,2.7647104589957157,0.00773416567687768
2021-07-15,-0.027740305748741517,0.0,1.0,-0.027740305748741517,2.736970153246974,-0.005125674971904748
2021-07-16,-0.027070196546186594,0.0,1.0,-0.027070196546186594,2.7098999567007875,-0.004270443024024573
2021-07-19,-0.08598413775206948,0.0,1.0,-0.08598413775206948,2.623915818948718,-0.020364682770260933
2021-07-20,0.029692878962325447,0.0005,0.0,0.029192878962325447,2.653108697911043,0.004462646518853308
2021-07-21,0.0,0.0,0.0,0.0,2.653108697911043,0.007648398616539653
2021-07-22,0.0,0.0,0.0,0.0,2.653108697911043,0.009543742151527645
2021-07-23,0.0,0.0005,1.0,-0.0005,2.6526086979110435,0.00978522265527837
2021-07-26,0.00027170939475983265,0.0,1.0,0.00027170939475983265,2.652880407305803,0.005967534422818943
2021-07-27,0.00561392039694131,0.0,1.0,0.00561392039694131,2.6584943277027446,0.001986448610846514
2021-07-28,-0.026329146544003763,0.0,1.0,-0.026329146544003763,2.632165181158741,-0.007115311498560706
2021-07-29,0.018968893519136464,0.0,1.0,0.018968893519136464,2.651134074677877,-0.0009573304157549645
2021-07-30,-4.4568065871936416e-05,0.0,1.0,-4.4568065871936416e-05,2.6510895066120055,-0.007693360711841235
2021-08-02,0.0520375650095897,0.0,1.0,0.0520375650095897,2.703127071621595,0.0106224478534378
2021-08-03,-0.002978161357849103,0.0,1.0,-0.002978161357849103,2.700148910263746,-0.0027573780337984966
2021-08-04,0.01666929002273916,0.0,1.0,0.01666929002273916,2.716818200286485,0.004079062636881403
2021-08-05,0.029875641327221085,0.0,1.0,0.029875641327221085,2.7466938416137063,0.00384437113177194
2021-08-06,-0.021383758005402962,0.001,1.0,-0.022383758005402963,2.7243100836083034,0.0005160519311206979
2021-08-09,0.006590118183436059,0.0,1.0,0.006590118183436059,2.7309002017917394,0.0004071992833292182
2021-08-10,-0.0026874330224438223,0.0,1.0,-0.0026874330224438223,2.7282127687692954,0.002008032128514081
2021-08-11,-0.01863209898983007,0.0,1.0,-0.01863209898983007,2.7095806697794655,-0.003033093213453908
2021-08-12,-0.027424792645690824,0.0,1.0,-0.027424792645690824,2.682155877133775,-0.006655076872928767
2021-08-13,-0.0013726848959221445,0.0,1.0,-0.0013726848959221445,2.6807831922378527,0.005988678935710645
2021-08-16,0.0035475857786058406,0.0,1.0,0.0035475857786058406,2.6843307780164585,-0.0005708383168423481
2021-08-17,-0.017009048991281753,0.0,1.0,-0.017009048991281753,2.6673217290251765,-0.004134142029537435
2021-08-18,-0.02164648346530037,0.0,1.0,-0.02164648346530037,2.645675245559876,-0.0026491874914651437
2021-08-19,-0.04236206567934332,0.0,1.0,-0.04236206567934332,2.603313179880533,-0.013582342954159499
2021-08-20,0.03821586306221704,0.0005,0.0,0.03771586306221704,2.6410290429427503,0.013436233412914333
2021-08-23,0.0,0.0,0.0,0.0,2.6410290429427503,0.01024489125075334
2021-08-24,0.0,0.0005,1.0,-0.0005,2.64052904294275,0.01366594360086748
2021-08-25,0.0053593147975587695,0.0,1.0,0.0053593147975587695,2.6458883577403087,0.0021132035095228208
2021-08-26,0.0010603442722595152,0.0,1.0,0.0010603442722595152,2.646948702012568,-0.0018952032672235886
2021-08-27,0.00024539396015144576,0.0,1.0,0.00024539396015144576,2.64719409597272,-0.002273213521608919
2021-08-30,0.04845786080246853,0.0,1.0,0.04845786080246853,2.6956519567751887,0.010132146782105389
2021-08-31,0.01475307212828481,0.0,1.0,0.01475307212828481,2.710405028903473,0.009712087037282657
2021-09-01,-0.004035367344713072,0.0,1.0,-0.004035367344713072,2.7063696615587602,0.0013928674673464592
2021-09-02,-0.006077478797897996,0.0,1.0,-0.006077478797897996,2.700292182760862,0.0024406886416123985
2021-09-03,-0.013888150102654097,0.0,1.0,-0.013888150102654097,2.686404032658208,-0.007199518286776452
2021-09-07,0.02398062328471374,0.0,1.0,0.02398062328471374,2.7103846559429217,0.006486999630821
2021-09-08,-0.013495684000186196,0.001,1.0,-0.014495684000186197,2.6958889719427352,0.0006549989520017174
2021-09-09,-0.007114624505928936,0.0,1.0,-0.007114624505928936,2.6887743474368064,-0.002408818369858401
2021-09-10,0.0018445322793148955,0.0,1.0,0.0018445322793148955,2.690618879716121,0.0005774126663342649
2021-09-13,-0.017918313570487475,0.0,1.0,-0.017918313570487475,2.672700566145634,-0.00590194895469931
2021-09-14,-0.008695652173912998,0.0,1.0,-0.008695652173912998,2.664004913971721,-0.002955301071296601
2021-09-15,-0.016337285902503412,0.0,1.0,-0.016337285902503412,2.6476676280692173,-0.005637008415815381
2021-09-16,0.007114624505928936,0.0,1.0,0.007114624505928936,2.6547822525751466,0.0025284113592207724
2021-09-17,0.008959156785243644,0.0,1.0,0.008959156785243644,2.66374140936039,0.003026441541892355
2021-09-20,-0.07588932806324099,0.0,1.0,-0.07588932806324099,2.5878520812971493,-0.027314594251230728
2021-09-21,0.0,0.0,1.0,0.0,2.5878520812971493,0.00021768707482983096
2021-09-22,-0.0034255599472991453,0.0005,0.0,-0.003925559947299146,2.58392652134985,-0.0013330431470700566
2021-09-23,0.0,0.0,0.0,0.0,2.58392652134985,0.00999754828516175
2021-09-24,0.0,0.0,0.0,0.0,2.58392652134985,-0.00029668788434566995
2021-09-27,0.0,0.0,0.0,0.0,2.58392652134985,-0.001214083367057861
2021-09-28,0.0,0.0,0.0,0.0,2.58392652134985,-0.01223662884927057
2021-09-29,0.0,0.0,0.0,0.0,2.58392652134985,-0.012306177701206011
2021-09-30,0.0,0.0,0.0,0.0,2.58392652134985,-0.0005537558490461558
2021-10-01,0.0,0.0,0.0,0.0,2.58392652134985,-0.0065656425741751345
2021-10-04,0.0,0.0,0.0,0.0,2.58392652134985,-0.00022308979364205062
2021-10-05,0.0,0.0,0.0,0.0,2.58392652134985,-0.01341626687493025
2021-10-06,0.0,0.0,0.0,0.0,2.58392652134985,0.0010460546775608037
2021-10-07,0.0,0.0,0.0,0.0,2.58392652134985,0.02462720289200182
2021-10-08,0.0,0.0,0.0,0.0,2.58392652134985,0.0035281146637264893
2021-10-11,0.0,0.0,0.0,0.0,2.58392652134985,-0.012359920896506282
2021-10-12,0.0,0.0,0.0,0.0,2.58392652134985,0.0008343066911395969
2021-10-13,0.0,0.0,0.0,0.0,2.58392652134985,-0.0010281204846059877
2021-10-14,0.0,0.0,0.0,0.0,2.58392652134985,0.011626936663792442
2021-10-15,0.0,0.0,0.0,0.0,2.58392652134985,0.011520800681899424
2021-10-18,0.0,0.0,0.0,0.0,2.58392652134985,-0.0007339349787973681
2021-10-19,0.0,0.0,0.0,0.0,2.58392652134985,0.016702483610347985
2021-10-20,0.0,0.0,0.0,0.0,2.58392652134985,0.005859531772575144
2021-10-21,0.0,0.0005,1.0,-0.0005,2.5834265213498497,-0.004734798106080684
2021-10-22,0.024635955724404864,0.0,1.0,0.024635955724404864,2.608062477074255,0.004864229206756443
2021-10-25,-0.004466276382554997,0.0,1.0,-0.004466276382554997,2.6035962006917,-0.001117080695781758
2021-10-26,0.03519243692257566,0.0,1.0,0.03519243692257566,2.6387886376142755,0.012434764085632155
2021-10-27,-0.02334208661717456,0.0,1.0,-0.02334208661717456,2.6154465509971008,-0.0017094916234910995
2021-10-28,0.028335139511253778,0.0,1.0,0.028335139511253778,2.643781690508355,0.006243743084461739
2021-10-29,-0.002432620121492206,0.0,1.0,-0.002432620121492206,2.6413490703868625,-0.0023301479251210955
2021-11-01,0.04430652296957068,0.0,1.0,0.04430652296957068,2.6856555933564334,0.014433422558127296
2021-11-02,0.024273295126426307,0.0,1.0,0.024273295126426307,2.70992888848286,0.0006208609271523002
2021-11-03,0.03769996099595556,0.0,1.0,0.03769996099595556,2.7476288494788155,0.00710961737331961
2021-11-04,0.060150032425049016,0.001,1.0,0.059150032425049015,2.8067788819038646,0.012655628289051535
2021-11-05,0.0629582991008699,0.0,1.0,0.0629582991008699,2.8697371810047345,0.014094504157371679
2021-11-08,0.012661750570812595,0.0,1.0,0.012661750570812595,2.882398931575547,-0.0036746325367463806
2021-11-09,0.030775798945558642,0.0,1.0,0.030775798945558642,2.9131747305211055,0.0014802920440575296
2021-11-10,-0.07284442802527144,0.0,1.0,-0.07284442802527144,2.8403303024958344,-0.016760196412466177
2021-11-11,0.00616563893656808,0.0,1.0,0.00616563893656808,2.8464959414324023,0.0002547965449588574
2021-11-12,0.010631666605007577,0.0,1.0,0.010631666605007577,2.85712760803741,-0.0020378531217363216
2021-11-15,0.038119142235100045,0.0,1.0,0.038119142235100045,2.89524675027251,0.010567424764530209
2021-11-16,-0.029180455630888277,0.0,1.0,-0.029180455630888277,2.8660662946416218,-0.0051779444823318865
2021-11-17,0.04752912871429493,0.0,1.0,0.04752912871429493,2.9135954233559165,0.00987660590057371
2021-11-18,0.024366330054229904,0.001,1.0,0.023366330054229903,2.936961753410147,0.004978001257071041
2021-11-19,0.013789330680014124,0.0,1.0,0.013789330680014124,2.950751084090161,0.009256247967377895
2021-11-22,0.020647804564699498,0.0,1.0,0.020647804564699498,2.97139888865486,0.005304513794214483
2021-11-23,-0.06335665698265604,0.0,1.0,-0.06335665698265604,2.908042231672204,-0.018393865423971145
2021-11-24,-0.025554394392766924,0.0,1.0,-0.025554394392766924,2.882487837279437,-0.007987742081334348
2021-11-26,0.005120717599061134,0.0,1.0,0.005120717599061134,2.887608554878498,0.0029878712683260034
2021-11-29,0.004514534323677508,0.0,1.0,0.004514534323677508,2.8921230892021756,-0.0005554012774230399
2021-11-30,0.03466732903523831,0.0,1.0,0.03466732903523831,2.926790418237414,0.0071989694106948665
2021-12-01,-0.0004144895722607634,0.0,1.0,-0.0004144895722607634,2.926375928665153,-0.0011536339469329082
2021-12-02,-0.09134879520644906,0.0,1.0,-0.09134879520644906,2.835027133458704,-0.03133473937933107
2021-12-03,0.05340480492076092,0.0005,0.0,0.05290480492076092,2.887931938379465,0.014282011404872952
2021-12-06,0.0,0.0,0.0,0.0,2.887931938379465,-0.0196263831744653
2021-12-07,0.0,0.0,0.0,0.0,2.887931938379465,0.024502776112399927
2021-12-08,0.0,0.0,0.0,0.0,2.887931938379465,0.013077882095514415
2021-12-09,0.0,0.0,0.0,0.0,2.887931938379465,0.00045206821207033343
2021-12-10,0.0,0.0,0.0,0.0,2.887931938379465,-0.004342914522404984
2021-12-13,0.0,0.0005,1.0,-0.0005,2.887431938379465,0.0034794009379255364
2021-12-14,-0.09886130158354756,0.0,1.0,-0.09886130158354756,2.7885706367959173,-0.026884422110552753
2021-12-15,0.016032499895295885,0.0,1.0,0.016032499895295885,2.804603136691213,0.0017557449005938253
2021-12-16,0.08876638255725516,0.0,1.0,0.08876638255725516,2.8933695192484685,0.025929171606783763
2021-12-17,-0.14011402520598373,0.0,1.0,-0.14011402520598373,2.7532554940424845,-0.0370063310220079
2021-12-20,-0.020165119322998318,0.0,1.0,-0.020165119322998318,2.7330903747194863,-0.009770159922777966
2021-12-21,0.052257924063595765,0.0,1.0,0.052257924063595765,2.785348298783082,0.011816157970308216
2021-12-22,0.02579626641728599,0.0,1.0,0.02579626641728599,2.811144565200368,0.012654602265329995
2021-12-23,0.045531343395637275,0.0,1.0,0.045531343395637275,2.8566759085960056,0.013884960530714086
2021-12-27,0.03014988942210927,0.0,1.0,0.03014988942210927,2.8868257980181147,0.009992138165402897
2021-12-28,0.06678427817313136,0.0005,0.0,0.06628427817313136,2.953110076191246,0.015442561205273098
2021-12-29,0.0,0.0,0.0,0.0,2.953110076191246,-0.006552917903066224
2021-12-30,0.0,0.0005,1.0,-0.0005,2.952610076191246,-0.001045426260112059
2021-12-31,-0.01897350019686707,0.0,1.0,-0.01897350019686707,2.933636575994379,-0.004161164129270034
2022-01-03,0.00013980054125985924,0.0,1.0,0.00013980054125985924,2.933776376535639,-0.0015262973527498946
2022-01-04,0.03674780580433906,0.0,1.0,0.03674780580433906,2.970524182339978,0.007993985716075569
2022-01-05,-0.04886311957058058,0.0,1.0,-0.04886311957058058,2.921661062769397,-0.018645584725537012
2022-01-06,-0.08396689343759814,0.0,1.0,-0.08396689343759814,2.837694169331799,-0.031210416983330824
2022-01-07,0.012526787876975497,0.0,1.0,0.012526787876975497,2.8502209572087747,0.00421003085612659
2022-01-10,-0.08581420732345497,0.0,1.0,-0.08581420732345497,2.7644067498853198,-0.02398250136708069
2022-01-11,0.027286025428248137,0.0,1.0,0.027286025428248137,2.791692775313568,0.012099140920975415
2022-01-12,0.07264743848526983,0.0,1.0,0.07264743848526983,2.8643402137988376,0.02400126530558433
2022-01-13,0.01873840602463083,0.0005,0.0,0.01823840602463083,2.8825786198234686,0.0007980229624671153
2022-01-14,0.0,0.0,0.0,0.0,2.8825786198234686,-0.03523934459963474
2022-01-18,0.0,0.0,0.0,0.0,2.8825786198234686,-0.0027461540512436766
2022-01-19,0.0,0.0,0.0,0.0,2.8825786198234686,-0.005052935514918255
2022-01-20,0.0,0.0,0.0,0.0,2.8825786198234686,-0.0063415289533789165
2022-01-21,0.0,0.0,0.0,0.0,2.8825786198234686,-0.02790773141512748
2022-01-24,0.0,0.0,0.0,0.0,2.8825786198234686,-0.03773611149748257
2022-01-25,0.0,0.0,0.0,0.0,2.8825786198234686,0.002211589887396892
2022-01-26,0.0,0.0,0.0,0.0,2.8825786198234686,0.017999826924741225
2022-01-27,0.0,0.0,0.0,0.0,2.8825786198234686,-0.009945878552605647
2022-01-28,0.0,0.0,0.0,0.0,2.8825786198234686,-0.0182312535775615
2022-01-31,0.0,0.0,0.0,0.0,2.8825786198234686,0.029647552692184442
2022-02-01,0.0,0.0,0.0,0.0,2.8825786198234686,0.0317950169875425
2022-02-02,0.0,0.0,0.0,0.0,2.8825786198234686,0.014625579672365108
2022-02-03,0.0,0.0,0.0,0.0,2.8825786198234686,-0.030371051492860235
2022-02-04,0.0,0.0,0.0,0.0,2.8825786198234686,-0.012411792597551097
2022-02-07,0.0,0.0,0.0,0.0,2.8825786198234686,0.01282196113872569
2022-02-08,0.0,0.0,0.0,0.0,2.8825786198234686,-0.012994255758184248
2022-02-09,0.0,0.0,0.0,0.0,2.8825786198234686,0.027686744264888707
2022-02-10,0.0,0.0,0.0,0.0,2.8825786198234686,-0.011656036947437887
2022-02-11,0.0,0.0,0.0,0.0,2.8825786198234686,-0.0030318202047173726
2022-02-14,0.0,0.0,0.0,0.0,2.8825786198234686,-0.03331194375470803
2022-02-15,0.0,0.0,0.0,0.0,2.8825786198234686,0.018528673266183793
2022-02-16,0.0,0.0,0.0,0.0,2.8825786198234686,0.002578561106231003
2022-02-17,0.0,0.0,0.0,0.0,2.8825786198234686,-0.0030523995251822145
2022-02-18,0.0,0.0,0.0,0.0,2.8825786198234686,-0.01794522878040483
2022-02-22,0.0,0.0,0.0,0.0,2.8825786198234686,-0.022863081319823397
2022-02-23,0.0,0.0,0.0,0.0,2.8825786198234686,0.008360660580814638
2022-02-24,0.0,0.0,0.0,0.0,2.8825786198234686,-0.06586194773233334
2022-02-25,0.0,0.0,0.0,0.0,2.8825786198234686,0.07047421904403461
2022-02-28,0.0,0.0,0.0,0.0,2.8825786198234686,0.0035158653423572606
2022-03-01,0.0,0.0,0.0,0.0,2.8825786198234686,0.009459577822545251
2022-03-02,0.0,0.0,0.0,0.0,2.8825786198234686,-0.007722342733188725
2022-03-03,0.0,0.0,0.0,0.0,2.8825786198234686,0.01996618864404809
2022-03-04,0.0,0.0,0.0,0.0,2.8825786198234686,-0.02883433829623072
2022-03-07,0.0,0.0,0.0,0.0,2.8825786198234686,-0.007503531073446146
2022-03-08,0.0,0.0,0.0,0.0,2.8825786198234686,-0.039254054374573855
2022-03-09,0.0,0.0,0.0,0.0,2.8825786198234686,0.023761765159697523
2022-03-10,0.0,0.0,0.0,0.0,2.8825786198234686,-0.00280331574981163
2022-03-11,0.0,0.0,0.0,0.0,2.8825786198234686,0.010579771476936006
2022-03-14,0.0,0.0,0.0,0.0,2.8825786198234686,-0.0334709260588657
2022-03-15,0.0,0.0,0.0,0.0,2.8825786198234686,-0.006963141769566472
2022-03-16,0.0,0.0,0.0,0.0,2.8825786198234686,0.03518449264522561
2022-03-17,0.0,0.0,0.0,0.0,2.8825786198234686,0.018665141343288116
2022-03-18,0.0,0.0,0.0,0.0,2.8825786198234686,0.01291485651801283
2022-03-21,0.0,0.0,0.0,0.0,2.8825786198234686,0.02176576997140689
2022-03-22,0.0,0.0,0.0,0.0,2.8825786198234686,0.0011136493432324368
2022-03-23,0.0,0.0005,1.0,-0.0005,2.8820786198234685,0.009754984454776183
2022-03-24,-0.010058418767719256,0.0,1.0,-0.010058418767719256,2.872020201055749,-0.0005932035818196901
2022-03-25,0.07900745207665909,0.0,1.0,0.07900745207665909,2.9510276531324084,0.016365178066704233
2022-03-28,-0.012431828271744123,0.0,1.0,-0.012431828271744123,2.938595824860664,-0.0006952362412747659
2022-03-29,0.08945223124435062,0.0,1.0,0.08945223124435062,3.0280480561050145,0.02660433016085051
2022-03-30,-0.00022159761984363673,0.0,1.0,-0.00022159761984363673,3.027826458485171,0.0010165356465166031
2022-03-31,-0.054324351903112376,0.0,1.0,-0.054324351903112376,2.9735021065820586,-0.005510798185633936
2022-04-01,-0.04859546326467361,0.0,1.0,-0.04859546326467361,2.9249066433173847,-0.012062956104999523
2022-04-04,-0.03287911849837532,0.0,1.0,-0.03287911849837532,2.8920275248190093,-0.0002756263609051679
2022-04-05,0.028982360524858957,0.0,1.0,0.028982360524858957,2.921009885343868,0.014060819938794156
2022-04-06,-0.1360032546674475,0.0005,0.0,-0.1365032546674475,2.784506630676421,-0.033060547565319065
2022-04-07,0.0,0.0,0.0,0.0,2.784506630676421,-0.009588078166736902
2022-04-08,0.0,0.0,0.0,0.0,2.784506630676421,0.00022711787417661888
2022-04-11,0.0,0.0,0.0,0.0,2.784506630676421,-0.02131584922797458
2022-04-12,0.0,0.0,0.0,0.0,2.784506630676421,0.0027551405121661876
2022-04-13,0.0,0.0,0.0,0.0,2.784506630676421,-0.017237390097177174
2022-04-14,0.0,0.0,0.0,0.0,2.784506630676421,0.019540906415538517
2022-04-18,0.0,0.0,0.0,0.0,2.784506630676421,-0.026238309664010973
2022-04-19,0.0,0.0,0.0,0.0,2.784506630676421,0.002015710686230854
2022-04-20,0.0,0.0,0.0,0.0,2.784506630676421,0.026802354820578023
2022-04-21,0.0,0.0,0.0,0.0,2.784506630676421,-0.005474084531389534
2022-04-22,0.0,0.0,0.0,0.0,2.784506630676421,-0.03151887366377937
2022-04-25,0.0,0.0,0.0,0.0,2.784506630676421,-0.03164727348867813
2022-04-26,0.0,0.0,0.0,0.0,2.784506630676421,0.011552837240910607
2022-04-27,0.0,0.0,0.0,0.0,2.784506630676421,-0.031239502855223478
2022-04-28,0.0,0.0,0.0,0.0,2.784506630676421,0.01453158491993456
2022-04-29,0.0,0.0,0.0,0.0,2.784506630676421,0.005748019263632109
2022-05-02,0.0,0.0,0.0,0.0,2.784506630676421,-0.03358047574915046
2022-05-03,0.0,0.0,0.0,0.0,2.784506630676421,0.018124860147683997
2022-05-04,0.0,0.0,0.0,0.0,2.784506630676421,0.002543171114599785
2022-05-05,0.0,0.0,0.0,0.0,2.784506630676421,0.018352071654505142
2022-05-06,0.0,0.0,0.0,0.0,2.784506630676421,-0.043730971491835136
2022-05-09,0.0,0.0,0.0,0.0,2.784506630676421,-0.02402315484804618
2022-05-10,0.0,0.0,0.0,0.0,2.784506630676421,0.003393963358376162
2022-05-11,0.0,0.0,0.0,0.0,2.784506630676421,-0.019933663919083133
2022-05-12,0.0,0.0,0.0,0.0,2.784506630676421,-0.03682482240986462
2022-05-13,0.0,0.0,0.0,0.0,2.784506630676421,0.02877022090798409
2022-05-16,0.0,0.0,0.0,0.0,2.784506630676421,0.014980386852427863
2022-05-17,0.0,0.0,0.0,0.0,2.784506630676421,0.014326170248209369
2022-05-18,0.0,0.0,0.0,0.0,2.784506630676421,-0.009558219740515628
2022-05-19,0.0,0.0,0.0,0.0,2.784506630676421,-0.04062479273064934
2022-05-20,0.0,0.0,0.0,0.0,2.784506630676421,0.013273877424038183
2022-05-23,0.0,0.0,0.0,0.0,2.784506630676421,-0.011530720158291485
2022-05-24,0.0,0.0,0.0,0.0,2.784506630676421,-0.005608283002588421
2022-05-25,0.0,0.0,0.0,0.0,2.784506630676421,-0.008381778741865631
2022-05-26,0.0,0.0,0.0,0.0,2.784506630676421,0.016555248328725014
2022-05-27,0.0,0.0,0.0,0.0,2.784506630676421,0.04166092824679812
2022-05-31,0.0,0.0,0.0,0.0,2.784506630676421,0.021583922787069332
2022-06-01,0.0,0.0,0.0,0.0,2.784506630676421,0.0045297181868186875
2022-06-02,0.0,0.0,0.0,0.0,2.784506630676421,-0.01810158791509653
2022-06-03,0.0,0.0,0.0,0.0,2.784506630676421,0.013711661472855408
2022-06-06,0.0,0.0,0.0,0.0,2.784506630676421,0.0055658026728797605
2022-06-07,0.0,0.0,0.0,0.0,2.784506630676421,-0.022333065164923616
2022-06-08,0.0,0.0,0.0,0.0,2.784506630676421,0.01724762186893125
2022-06-09,0.0,0.0,0.0,0.0,2.784506630676421,-0.010160168257563496
2022-06-10,0.0,0.0,0.0,0.0,2.784506630676421,-0.04007714687326358
2022-06-13,0.0,0.0,0.0,0.0,2.784506630676421,-0.04733526306827851
2022-06-14,0.0,0.0,0.0,0.0,2.784506630676421,-0.007470956210902546
2022-06-15,0.0,0.0,0.0,0.0,2.784506630676421,0.006320679968306653
2022-06-16,0.0,0.0,0.0,0.0,2.784506630676421,-0.013689315176350747
2022-06-17,0.0,0.0,0.0,0.0,2.784506630676421,-0.01237345331833506
2022-06-21,0.0,0.0,0.0,0.0,2.784506630676421,0.024138437798515655
2022-06-22,0.0,0.0,0.0,0.0,2.784506630676421,-0.0008251121076233714
2022-06-23,0.0,0.0,0.0,0.0,2.784506630676421,0.01683900617549905
2022-06-24,0.0,0.0,0.0,0.0,2.784506630676421,0.015995197909678405
2022-06-27,0.0,0.0,0.0,0.0,2.784506630676421,0.02870647111976088
2022-06-28,0.0,0.0,0.0,0.0,2.784506630676421,-0.010135135135135087
2022-06-29,0.0,0.0,0.0,0.0,2.784506630676421,-0.03276450511945406
2022-06-30,0.0,0.0,0.0,0.0,2.784506630676421,-0.00935074100211708
2022-07-01,0.0,0.0,0.0,0.0,2.784506630676421,-0.006411398040961802
2022-07-05,0.0,0.0,0.0,0.0,2.784506630676421,-0.0022943179781322875
2022-07-06,0.0,0.0,0.0,0.0,2.784506630676421,0.03248176493837818
2022-07-07,0.0,0.0,0.0,0.0,2.784506630676421,0.007934574560640284
2022-07-08,0.0,0.0,0.0,0.0,2.784506630676421,0.008459068466664332
2022-07-11,0.0,0.0,0.0,0.0,2.784506630676421,0.0027389756231170903
2022-07-12,0.0,0.0,0.0,0.0,2.784506630676421,-0.008740781207320358
2022-07-13,0.0,0.0,0.0,0.0,2.784506630676421,-0.03348029760264526
2022-07-14,0.0,0.0,0.0,0.0,2.784506630676421,0.008517462580185375
2022-07-15,0.0,0.0,0.0,0.0,2.784506630676421,0.023817096010459782
2022-07-18,0.0,0.0005,1.0,-0.0005,2.784006630676421,0.017222931695026533
2022-07-19,-0.013897662665824423,0.0,1.0,-0.013897662665824423,2.7701089680105966,-0.005462812160694996
2022-07-20,0.0770688566013897,0.0,1.0,0.0770688566013897,2.847177824611986,0.019173689058715082
2022-07-21,0.10675931775110556,0.0,1.0,0.10675931775110556,2.953937142363092,0.01596759615706489
2022-07-22,0.020214782059380938,0.0,1.0,0.020214782059380938,2.974151924422473,0.009654036243821995
2022-07-25,-0.10202147820593799,0.0,1.0,-0.10202147820593799,2.8721304462165347,-0.01439154129817588
2022-07-26,-0.01889450410612778,0.0,1.0,-0.01889450410612778,2.853235942110407,-0.011555526124097826
2022-07-27,0.02489576753000642,0.0,1.0,0.02489576753000642,2.8781317096404133,0.0017083710179883749
2022-07-28,0.09696778269109287,0.0,1.0,0.09696778269109287,2.9750994923315064,0.025247458533975253
2022-07-29,-0.017744788376500252,0.0,1.0,-0.017744788376500252,2.957354703955006,0.015639779510094876
2022-08-01,0.05280480101073902,0.001,1.0,0.05180480101073902,3.0091595049657447,0.007273953465966487
2022-08-02,-0.003145570410074668,0.0,1.0,-0.003145570410074668,3.00601393455567,-0.0023274350390561915
2022-08-03,0.029421157835211355,0.0,1.0,0.029421157835211355,3.0354350923908813,0.010002556563978082
2022-08-04,0.07133177202142899,0.0,1.0,0.07133177202142899,3.10676686441231,0.021895269735801248
2022-08-05,-0.032359169949130864,0.0,1.0,-0.032359169949130864,3.0744076944631793,-0.011703873424776412
2022-08-08,0.009708141234131088,0.0,1.0,0.009708141234131088,3.08411583569731,0.010965255803753182
2022-08-09,-0.05671588712661081,0.0,1.0,-0.05671588712661081,3.0273999485706993,-0.012147881868046828
2022-08-10,0.024509546257676432,0.0,1.0,0.024509546257676432,3.051909494828376,0.018257677949618856
2022-08-11,0.05405860939194973,0.0,1.0,0.05405860939194973,3.1059681042203255,0.011445207800610202
2022-08-12,-0.017160631553337243,0.0,1.0,-0.017160631553337243,3.0888074726669883,-0.0064878695115822005
2022-08-15,0.04192831293128994,0.001,1.0,0.04092831293128994,3.129735785598278,0.009948647198589677
2022-08-16,0.01755165406006578,0.0,1.0,0.01755165406006578,3.147287439658344,0.007998907170177816
2022-08-17,-0.04436330914026085,0.0,1.0,-0.04436330914026085,3.1029241305180832,-0.008989474635226147
2022-08-18,-0.0142805636315813,0.0,1.0,-0.0142805636315813,3.088643566886502,-0.0019144862795149598
2022-08-19,-0.0023520487101862126,0.0,1.0,-0.0023520487101862126,3.0862915181763158,-0.006911460236268319
2022-08-22,-0.080393209937662,0.0,1.0,-0.080393209937662,3.005898308238654,-0.023515344758868073
2022-08-23,-0.04339526119817226,0.0,1.0,-0.04339526119817226,2.9625030470404816,-0.013751962323390932
2022-08-24,0.002143147179691854,0.0,1.0,0.002143147179691854,2.9646461942201734,-0.0016235833439449676
2022-08-25,0.017954655241215707,0.0,1.0,0.017954655241215707,2.982600849461389,0.010267529734383274
2022-08-26,0.05621076376699842,0.0,1.0,0.05621076376699842,3.0388116132283876,0.010889120348451797
2022-08-29,-0.15486554292395138,0.0005,0.0,-0.15536554292395138,2.8834460703044362,-0.048894717122517695
2022-08-30,0.0,0.0,0.0,0.0,2.8834460703044362,0.004858512244763968
2022-08-31,0.0,0.0,0.0,0.0,2.8834460703044362,-0.006893172165958861
2022-09-01,0.0,0.0,0.0,0.0,2.8834460703044362,-0.02391526037040681
2022-09-02,0.0,0.0,0.0,0.0,2.8834460703044362,0.01894041520625489
2022-09-06,0.0,0.0,0.0,0.0,2.8834460703044362,-0.02209433088575763
2022-09-07,0.0,0.0,0.0,0.0,2.8834460703044362,-0.007170398430629832
2022-09-08,0.0,0.0,0.0,0.0,2.8834460703044362,0.011276146351434146
2022-09-09,0.0,0.0,0.0,0.0,2.8834460703044362,0.020144854303520088
2022-09-12,0.0,0.0,0.0,0.0,2.8834460703044362,0.01872337615163633
2022-09-13,0.0,0.0,0.0,0.0,2.8834460703044362,-0.021717990275526677
2022-09-14,0.0,0.0,0.0,0.0,2.8834460703044362,-0.022978793903247197
2022-09-15,0.0,0.0,0.0,0.0,2.8834460703044362,-0.0026961490851745706
2022-09-16,0.0,0.0,0.0,0.0,2.8834460703044362,-0.02159349814669964
2022-09-19,0.0,0.0,0.0,0.0,2.8834460703044362,-0.005630474072014446
2022-09-20,0.0,0.0,0.0,0.0,2.8834460703044362,0.008353722474659264
2022-09-21,0.0,0.0,0.0,0.0,2.8834460703044362,0.0038129571215639313
2022-09-22,0.0,0.0,0.0,0.0,2.8834460703044362,-0.026209468558997084
2022-09-23,0.0,0.0,0.0,0.0,2.8834460703044362,-0.015780141843971585
2022-09-26,0.0,0.0,0.0,0.0,2.8834460703044362,-0.009079445145019016
2022-09-27,0.0,0.0,0.0,0.0,2.8834460703044362,0.010107988219467012
2022-09-28,0.0,0.0,0.0,0.0,2.8834460703044362,-0.012058601202260655
2022-09-29,0.0,0.0,0.0,0.0,2.8834460703044362,0.005100925453618066
2022-09-30,0.0,0.0,0.0,0.0,2.8834460703044362,-0.017508881316609992
2022-10-03,0.0,0.0,0.0,0.0,2.8834460703044362,-0.007231671770652648
2022-10-04,0.0,0.0,0.0,0.0,2.8834460703044362,0.036867729587096276
2022-10-05,0.0,0.0,0.0,0.0,2.8834460703044362,-0.0025448940822252464
2022-10-06,0.0,0.0,0.0,0.0,2.8834460703044362,0.009630587897082155
2022-10-07,0.0,0.0,0.0,0.0,2.8834460703044362,-0.021141799544419082
2022-10-10,0.0,0.0,0.0,0.0,2.8834460703044362,-0.02079848738273571
2022-10-11,0.0,0.0,0.0,0.0,2.8834460703044362,-0.017081321945785488
2022-10-12,0.0,0.0,0.0,0.0,2.8834460703044362,-0.004911220249338877
2022-10-13,0.0,0.0,0.0,0.0,2.8834460703044362,-0.03128321943811685
2022-10-14,0.0,0.0,0.0,0.0,2.8834460703044362,0.06286251763599315
2022-10-17,0.0,0.0,0.0,0.0,2.8834460703044362,-0.016076696165191806
2022-10-18,0.0,0.0,0.0,0.0,2.8834460703044362,0.036313895967621024
2022-10-19,0.0,0.0,0.0,0.0,2.8834460703044362,-0.0238672115141213
2022-10-20,0.0,0.0,0.0,0.0,2.8834460703044362,-0.001296632460267566
2022-10-21,0.0,0.0,0.0,0.0,2.8834460703044362,-0.005935158394539508
2022-10-24,0.0,0.0,0.0,0.0,2.8834460703044362,0.02877080379132768
2022-10-25,0.0,0.0,0.0,0.0,2.8834460703044362,0.013493416518553625
2022-10-26,0.0,0.0,0.0,0.0,2.8834460703044362,-0.003400021473820014
2022-10-27,0.0,0.0005,1.0,-0.0005,2.8829460703044365,-0.005997270703152924
2022-10-28,-0.05799147631844138,0.0,1.0,-0.05799147631844138,2.8249545939859946,-0.01647458361935039
2022-10-31,0.07476801310043668,0.0,1.0,0.07476801310043668,2.8997226070864315,0.02457480806670831
2022-11-01,0.019465905273765474,0.0,1.0,0.019465905273765474,2.919188512360197,0.009232037860318343
2022-11-02,-0.04273807524353372,0.0,1.0,-0.04273807524353372,2.876450437116663,-0.02278903710545488
2022-11-03,-0.14454001511588846,0.0,1.0,-0.14454001511588846,2.731910422000775,-0.043878144539770236
2022-11-04,0.0628354887470608,0.0,1.0,0.0628354887470608,2.7947459107478356,0.009581384738222898
2022-11-07,0.030633817601612393,0.0,1.0,0.030633817601612393,2.825379728349448,0.0008285316160132616
2022-11-08,0.06249265199865636,0.0,1.0,0.06249265199865636,2.8878723803481043,0.012756349952963264
2022-11-09,-0.02787243869667451,0.0,1.0,-0.02787243869667451,2.85999994165143,-0.005127442966485818
2022-11-10,0.09660039469264362,0.0005,0.0,0.09610039469264361,2.9561003363440737,0.03081117418583812
2022-11-11,0.0,0.0005,1.0,-0.0005,2.9556003363440735,0.02373102423825224
2022-11-14,0.04608482425008505,0.0,1.0,0.04608482425008505,3.0016851605941586,0.011678935447338556
2022-11-15,0.08909736739754001,0.0,1.0,0.08909736739754001,3.0907825279916987,0.022213671027775606
2022-11-16,-0.0840776775730468,0.0,1.0,-0.0840776775730468,3.006704850418652,-0.01649498648232428
2022-11-17,-0.1005721595605037,0.0,1.0,-0.1005721595605037,2.9061326908581484,-0.022652145168586157
2022-11-18,0.10449584325927364,0.0,1.0,0.10449584325927364,3.010628534117422,0.02495727712902296
2022-11-21,-0.06171301473090571,0.0,1.0,-0.06171301473090571,2.9489155193865164,-0.015596234672965448
2022-11-22,-0.0013883149399582205,0.0,1.0,-0.0013883149399582205,2.947527204446558,-0.0026817219477769383
2022-11-23,0.04777638679566339,0.0,1.0,0.04777638679566339,2.9953035912422212,0.011781771865270407
2022-11-25,0.015894671593174238,0.0,1.0,0.015894671593174238,3.0111982628353955,0.004266181767318189
2022-11-28,-0.043945075113034214,0.001,1.0,-0.044945075113034215,2.9662531877223612,-0.007973815244263438
2022-11-29,-0.027594934829725977,0.0,1.0,-0.027594934829725977,2.938658252892635,-0.006879606879606759
2022-11-30,-0.015202562275466836,0.0,1.0,-0.015202562275466836,2.9234556906171685,-0.007422068283028271
2022-12-01,0.1563592975267955,0.0,1.0,0.1563592975267955,3.079814988143964,0.04575559037174193
2022-12-02,-0.09362400166265841,0.0,1.0,-0.09362400166265841,2.986190986481305,-0.017535496612073875
2022-12-05,0.02263219619369968,0.0,1.0,0.02263219619369968,3.008823182675005,0.006376932141124225
2022-12-06,-0.02657284522431049,0.0,1.0,-0.02657284522431049,2.9822503374506946,-0.0099869136992905
2022-12-07,-0.08294884356165197,0.0,1.0,-0.08294884356165197,2.8993014938890425,-0.024384304995130113
2022-12-08,0.02683783141830711,0.0,1.0,0.02683783141830711,2.9261393253073495,0.00513423895603804
2022-12-09,0.0284286021792702,0.0,1.0,0.0284286021792702,2.95456792748662,0.003192508247312986
2022-12-12,-0.01731699622932808,0.0005,0.0,-0.01781699622932808,2.9367509312572917,-0.002086206286906367
2022-12-13,0.0,0.0,0.0,0.0,2.9367509312572917,0.05113032386081762
2022-12-14,0.0,0.0005,1.0,-0.0005,2.936250931257292,-0.02899039271869197
2022-12-15,-0.07797537710839919,0.0,1.0,-0.07797537710839919,2.8582755541488925,-0.019857663600069575
2022-12-16,-0.06917301648743707,0.0,1.0,-0.06917301648743707,2.7891025376614555,-0.021712180781355173
2022-12-19,-0.01151162488565657,0.0,1.0,-0.01151162488565657,2.777590912775799,-0.008435916002896393
2022-12-20,-0.05695084682413468,0.0,1.0,-0.05695084682413468,2.720640065951664,-0.019388761091028606
2022-12-21,0.02328957914296244,0.0,1.0,0.02328957914296244,2.7439296450946262,0.0075960679177837775
2022-12-22,-0.007381271065670648,0.0,1.0,-0.007381271065670648,2.736548374028956,-0.0008130081300814496
2022-12-23,-0.058111436606280875,0.0,1.0,-0.058111436606280875,2.678436937422675,-0.018159627191360217
2022-12-27,0.005255466331237128,0.0,1.0,0.005255466331237128,2.683692403753912,0.004783968056654153
2022-12-28,-0.03374121646065424,0.0,1.0,-0.03374121646065424,2.649951187293258,-0.01338381944965128
2022-12-29,0.004861552032331315,0.0005,0.0,0.004361552032331314,2.654312739325589,-0.0007979632936886416
2022-12-30,0.0,0.0,0.0,0.0,2.654312739325589,0.002509887435351521
2023-01-03,0.0,0.0,0.0,0.0,2.654312739325589,0.019080494651392055
2023-01-04,0.0,0.0,0.0,0.0,2.654312739325589,-0.0074818537130094676
2023-01-05,0.0,0.0,0.0,0.0,2.654312739325589,-0.009750975097509662
2023-01-06,0.0,0.0,0.0,0.0,2.654312739325589,-0.002613240418118501
2023-01-09,0.0,0.0,0.0,0.0,2.654312739325589,0.028403265616100182
2023-01-10,0.0,0.0,0.0,0.0,2.654312739325589,-0.004947753203116245
2023-01-11,0.0,0.0,0.0,0.0,2.654312739325589,0.016438457827748776
2023-01-12,0.0,0.0,0.0,0.0,2.654312739325589,0.015332943925233655
2023-01-13,0.0,0.0,0.0,0.0,2.654312739325589,-0.005824823817057401
2023-01-17,0.0,0.0,0.0,0.0,2.654312739325589,0.015443037974683493
2023-01-18,0.0,0.0,0.0,0.0,2.654312739325589,0.008334223741852886
2023-01-19,0.0,0.0,0.0,0.0,2.654312739325589,-0.0243368302073399
2023-01-20,0.0,0.0,0.0,0.0,2.654312739325589,0.0020635725146622708
2023-01-23,0.0,0.0005,1.0,-0.0005,2.653812739325589,0.024386719173380644
2023-01-24,0.03891050583657591,0.0,1.0,0.03891050583657591,2.692723245162165,0.013296183959935037
2023-01-25,-0.03891050583657591,0.0,1.0,-0.03891050583657591,2.653812739325589,-0.012321186175211496
2023-01-26,0.08073929961089495,0.0,1.0,0.08073929961089495,2.734552038936484,0.026253656129964664
2023-01-27,0.006809338521400806,0.0,1.0,0.006809338521400806,2.741361377457885,0.0026783874733877777
2023-01-30,0.009727626459143934,0.0,1.0,0.009727626459143934,2.751089003917029,0.0031849315068492867
2023-01-31,-0.03015564202334618,0.0,1.0,-0.03015564202334618,2.7209333618936826,-0.008944116341788155
2023-02-01,0.04474708171206217,0.0,1.0,0.04474708171206217,2.7656804436057447,0.014122834211704793
2023-02-02,0.1507782101167316,0.0,1.0,0.1507782101167316,2.916458653722476,0.04469956862878277
2023-02-03,-0.03599221789883278,0.0,1.0,-0.03599221789883278,2.880466435823643,-0.008550898982345512
2023-02-06,-0.018482490272373493,0.001,1.0,-0.019482490272373493,2.86098394555127,-0.0046894471043483765
2023-02-07,0.0031017369727046485,0.0,1.0,0.0031017369727046485,2.8640856825239744,-0.00016473921781823275
2023-02-08,0.058986446258535975,0.0,1.0,0.058986446258535975,2.9230721287825103,0.01674026230804726
2023-02-09,0.0,0.0,1.0,0.0,2.9230721287825103,0.0009723212549423987
2023-02-10,-0.0856883558496461,0.0,1.0,-0.0856883558496461,2.8373837729328644,-0.03030695505763492
2023-02-13,0.0054777374202339395,0.0,1.0,0.0054777374202339395,2.842861510353098,0.0055095498864699
2023-02-14,0.01022274567155345,0.0,1.0,0.01022274567155345,2.853084256024651,0.00584465181151006
2023-02-15,0.032924863044077636,0.0,1.0,0.032924863044077636,2.886009119068729,0.006636072501568169
2023-02-16,-0.008585967562124644,0.0,1.0,-0.008585967562124644,2.8774231515066044,-0.0017054772056411815
2023-02-17,-0.036884697298441994,0.0,1.0,-0.036884697298441994,2.840538454208162,-0.01087456468887571
2023-02-21,-0.05586278235296465,0.001,1.0,-0.05686278235296465,2.783675671855198,-0.012654864317268366
2023-02-22,-0.02770562770562773,0.0,1.0,-0.02770562770562773,2.75597004414957,-0.008881114176142013
2023-02-23,0.031168831168831117,0.0,1.0,0.031168831168831117,2.7871388753184014,0.011370579050981044
2023-02-24,-0.061471861471861386,0.0,1.0,-0.061471861471861386,2.7256670138465395,-0.02084102426418777
2023-02-27,0.031168831168831117,0.0,1.0,0.031168831168831117,2.756835845015371,0.011344941047436219
2023-02-28,-0.017316017316017406,0.0,1.0,-0.017316017316017406,2.7395198276993535,-0.005998576608940209
2023-03-01,-0.0008658008658008473,0.0,1.0,-0.0008658008658008473,2.7386540268335526,-0.00013637913399255908
2023-03-02,-0.04502164502164498,0.0,1.0,-0.04502164502164498,2.6936323818119075,-0.01568573961672226
2023-03-03,0.06406926406926408,0.0,1.0,0.06406926406926408,2.7577016458811716,0.023314626203838396
2023-03-06,0.05454545454545461,0.0,1.0,0.05454545454545461,2.8122471004266263,0.018788719997291814
2023-03-07,-0.008658008658008781,0.0005,0.0,-0.009158008658008782,2.8030890917686175,-0.0028909417159567186
2023-03-08,0.0,0.0,0.0,0.0,2.8030890917686175,-0.010997433932082523
2023-03-09,0.0,0.0,0.0,0.0,2.8030890917686175,0.005256596017117587
2023-03-10,0.0,0.0,0.0,0.0,2.8030890917686175,-0.01843596017832605
2023-03-13,0.0,0.0,0.0,0.0,2.8030890917686175,-0.020831198989174515
2023-03-14,0.0,0.0,0.0,0.0,2.8030890917686175,0.026436019949080958
2023-03-15,0.0,0.0,0.0,0.0,2.8030890917686175,0.001359111141313596
2023-03-16,0.0,0.0,0.0,0.0,2.8030890917686175,0.011163516677411778
2023-03-17,0.0,0.0,0.0,0.0,2.8030890917686175,0.02926174496644296
2023-03-20,0.0,0.0,0.0,0.0,2.8030890917686175,-0.008020344287950065
2023-03-21,0.0,0.0,0.0,0.0,2.8030890917686175,0.012094918819430811
2023-03-22,0.0,0.0005,1.0,-0.0005,2.802589091768618,0.007566409040722144
2023-03-23,0.007859031592766267,0.0,1.0,0.007859031592766267,2.8104481233613843,-0.0011280497631094288
2023-03-24,-0.0007123383719151678,0.0,1.0,-0.0007123383719151678,2.809735784989469,-0.0019359834796076614
2023-03-27,0.0003058206622881983,0.0,1.0,0.0003058206622881983,2.810041605651757,0.0073710073710073765
2023-03-28,-0.043008361584449456,0.0,1.0,-0.043008361584449456,2.7670332440673073,-0.011007702182284973
2023-03-29,0.026141606155200295,0.0,1.0,0.026141606155200295,2.793174850222508,0.008793847551676004
2023-03-30,0.0631724791240103,0.0,1.0,0.0631724791240103,2.856347329346518,0.014024704065877636
2023-03-31,-0.0024959814419072183,0.0,1.0,-0.0024959814419072183,2.8538513479046106,0.0021253648014212256
2023-04-03,0.024010651509896366,0.0,1.0,0.024010651509896366,2.877861999414507,0.009053211357665125
2023-04-04,0.00783245876082958,0.0,1.0,0.00783245876082958,2.8856944581753368,0.0057408162625092185
2023-04-05,-0.06178043568255818,0.001,1.0,-0.06278043568255817,2.8229140224927787,-0.007797878976918304
2023-04-06,-0.04317433658045013,0.0,1.0,-0.04317433658045013,2.7797396859123285,-0.012134548883998786
2023-04-10,-0.003801813906617364,0.0,1.0,-0.003801813906617364,2.775937872005711,0.0026412932790222943
2023-04-11,0.05925428283506878,0.0,1.0,0.05925428283506878,2.83519215484078,0.008759958104548105
2023-04-12,-0.002163901018922804,0.0,1.0,-0.002163901018922804,2.8330282538218574,-3.146336091619517e-05
2023-04-13,-0.05367911767999105,0.0,1.0,-0.05367911767999105,2.779349136141866,-0.009407840916241916
2023-04-14,0.01970104131676184,0.0,1.0,0.01970104131676184,2.7990501774586276,0.008766635962265346
2023-04-17,-0.01370417646400182,0.0,1.0,-0.01370417646400182,2.7853460009946263,0.0017632797002424816
2023-04-18,0.04134659052737656,0.0,1.0,0.04134659052737656,2.8266925915220025,0.008926606946409121
2023-04-19,-0.04700329190460198,0.0,1.0,-0.04700329190460198,2.7796892996174005,-0.014268357269696774
2023-04-20,-0.01625439480461314,0.001,1.0,-0.01725439480461314,2.7624349048127876,-0.0022755285863279573
2023-04-21,0.0007496251874062809,0.0,1.0,0.0007496251874062809,2.763184530000194,0.0006968861858152042
2023-04-24,0.004497751124437819,0.0,1.0,0.004497751124437819,2.7676822811246318,0.0014877655028329162
2023-04-25,-0.020239880059969986,0.0,1.0,-0.020239880059969986,2.747442401064662,-0.0066059801504518845
2023-04-26,-0.009745127436281918,0.0,1.0,-0.009745127436281918,2.73769727362838,-0.0027045085748831355
2023-04-27,0.020239880059969986,0.0,1.0,0.020239880059969986,2.7579371536883497,0.007210311383358814
2023-04-28,0.0404797601199401,0.0,1.0,0.0404797601199401,2.79841691380829,0.01396895787139707
2023-05-01,0.018740629685157422,0.0,1.0,0.018740629685157422,2.817157543493447,0.006185373777763736
2023-05-02,0.0,0.0,1.0,0.0,2.817157543493447,9.314166847773642e-05
2023-05-03,-0.023988005997001523,0.0,1.0,-0.023988005997001523,2.7931695374964454,-0.0073575065193095535
2023-05-04,-0.026986506746626646,0.0005,0.0,-0.027486506746626647,2.765683030749819,-0.0084128225175919
2023-05-05,0.0,0.0,0.0,0.0,2.765683030749819,0.004447107802939554
2023-05-08,0.0,0.0005,1.0,-0.0005,2.765183030749819,0.012403052092818667
2023-05-09,-0.02697095435684651,0.0,1.0,-0.02697095435684651,2.7382120763929727,-0.0013026487190621605
2023-05-10,0.021438450899031843,0.0,1.0,0.021438450899031843,2.7596505272920044,0.0065838509316771265
2023-05-11,-0.003457814661134212,0.0,1.0,-0.003457814661134212,2.7561927126308703,0.004874737751449976
2023-05-12,-0.010373443983402513,0.0,1.0,-0.010373443983402513,2.745819268647468,0.0031931225053731804
2023-05-15,-0.005532503457814665,0.0,1.0,-0.005532503457814665,2.740286765189653,-0.0037644610393585687
2023-05-16,0.06085753803596132,0.0,1.0,0.06085753803596132,2.8011443032256143,0.0016896562317594288
2023-05-17,0.03457814661134163,0.0,1.0,0.03457814661134163,2.8357224498369558,0.006685886033245492
2023-05-18,0.05947441217150756,0.0,1.0,0.05947441217150756,2.8951968620084636,0.00999268827687061
2023-05-19,0.08644536652835406,0.0,1.0,0.08644536652835406,2.981642228536818,0.018007963320463505
2023-05-22,-0.04633471645919765,0.001,1.0,-0.04733471645919765,2.93430751207762,-0.0036741829387537672
2023-05-23,0.006380292284547517,0.0,1.0,0.006380292284547517,2.9406878043621676,-0.0010706319702602496
2023-05-24,-0.058913604126370006,0.0,1.0,-0.058913604126370006,2.8817742002357973,-0.013456786447944236
2023-05-25,0.0999086610788738,0.0,1.0,0.0999086610788738,2.9816828613146713,0.023448109364154757
2023-05-26,0.06311116483988827,0.0,1.0,0.06311116483988827,3.0447940261545594,0.004776788346995353
2023-05-30,0.18880963894261765,0.0,1.0,0.18880963894261765,3.233603665097177,0.03506867003169378
2023-05-31,-0.10566435632924998,0.0,1.0,-0.10566435632924998,3.127939308767927,-0.012304726262368448
2023-06-01,-0.010584569095207325,0.0,1.0,-0.010584569095207325,3.1173547396727197,-0.0018371271923529608
2023-06-02,0.06448124865678061,0.0,1.0,0.06448124865678061,3.1818359883295004,0.017456072239956377
2023-06-05,-0.024621212121212224,0.0,1.0,-0.024621212121212224,3.157214776208288,0.0017806670435274174
2023-06-06,-0.03640796260477101,0.001,1.0,-0.037407962604771014,3.119806813603517,-0.0004232147391587393
2023-06-07,0.006539509536784601,0.0,1.0,0.006539509536784601,3.1263463231403015,0.002399232245681393
2023-06-08,-0.05231607629427777,0.0,1.0,-0.05231607629427777,3.0740302468460237,-0.016923380170641766
2023-06-09,0.04523160762942769,0.0,1.0,0.04523160762942769,3.1192618544754516,0.015782538955086967
2023-06-12,0.013079019073569396,0.0,1.0,0.013079019073569396,3.132340873549021,0.004398951019372266
2023-06-13,0.05994550408719353,0.0,1.0,0.05994550408719353,3.1922863776362145,0.01993318172885261
2023-06-14,0.0,0.0,1.0,0.0,3.1922863776362145,-5.505243744674537e-05
2023-06-15,0.010354223433242575,0.0,1.0,0.010354223433242575,3.202640601069457,0.0036887163817547197
2023-06-16,0.07302452316076292,0.0,1.0,0.07302452316076292,3.27566512423022,0.02224294451605835
2023-06-20,-0.057765667574932,0.0,1.0,-0.057765667574932,3.217899456655288,-0.01816376904915229
2023-06-21,-0.005994550408719314,0.001,1.0,-0.006994550408719314,3.2109049062465687,-0.0005738488864598379
2023-06-22,-0.060555141268972185,0.0,1.0,-0.060555141268972185,3.1503497649775967,-0.0139716738666813
2023-06-23,-0.0008386206486489045,0.0,1.0,-0.0008386206486489045,3.149511144328948,0.004381221750825004
2023-06-26,0.006656112681546252,0.0,1.0,0.006656112681546252,3.156167257010494,-0.000579774164158886
2023-06-27,-0.012097649962796745,0.0,1.0,-0.012097649962796745,3.1440696070476974,-0.007596685082872923
2023-06-28,0.028890295536357948,0.0,1.0,0.028890295536357948,3.1729599025840556,0.0075991649269311345
2023-06-29,0.02772175962514358,0.0,1.0,0.02772175962514358,3.2006816622091994,0.006243438864025563
2023-06-30,0.022489980733609326,0.0,1.0,0.022489980733609326,3.2231716429428086,0.00908741489128051
2023-07-03,0.024253933176262364,0.0,1.0,0.024253933176262364,3.247425576119071,0.006856210039450472
2023-07-05,-0.011573460443614333,0.0,1.0,-0.011573460443614333,3.2358521156754567,-0.0037155132812710656
2023-07-06,-0.05867299327699582,0.001,1.0,-0.05967299327699582,3.176179122398461,-0.0059263076526668845
2023-07-07,0.005502751375687994,0.0,1.0,0.005502751375687994,3.181681873774149,0.0019644757305394833
2023-07-10,-0.01100550275137581,0.0,1.0,-0.01100550275137581,3.1706763710227728,-0.0034583231217494292
2023-07-11,0.006503251625813035,0.0,1.0,0.006503251625813035,3.1771796226485858,0.002268007432506325
2023-07-12,0.045522761380690356,0.0,1.0,0.045522761380690356,3.2227023840292763,0.015131274026009223
2023-07-13,0.02951475737868934,0.0,1.0,0.02951475737868934,3.2522171414079657,0.00996401138744174
2023-07-14,0.030015007503751773,0.0,1.0,0.030015007503751773,3.2822321489117177,0.009400345698710177
2023-07-17,0.0015007503751876508,0.0,1.0,0.0015007503751876508,3.2837328992869055,0.0005664080508978042
2023-07-18,0.018509254627313707,0.0,1.0,0.018509254627313707,3.3022421539142193,0.005687203791469031
2023-07-19,0.04302151075537766,0.0,1.0,0.04302151075537766,3.345263664669597,0.012723845428840752
2023-07-20,-0.03951975987994011,0.001,1.0,-0.04051975987994011,3.3047439047896567,-0.010883615118142731
2023-07-21,-0.029293973845438845,0.0,1.0,-0.029293973845438845,3.2754499309442178,-0.008964742165651685
2023-07-24,-0.011903306360462105,0.0,1.0,-0.011903306360462105,3.2635466245837557,-0.006751410939395575
2023-07-25,0.008862118267357342,0.0,1.0,0.008862118267357342,3.272408742851113,0.0008762147522700658
2023-07-26,0.0005246092390985501,0.0,1.0,0.0005246092390985501,3.2729333520902117,0.0020427112349119536
2023-07-27,0.05482638782755449,0.0,1.0,0.05482638782755449,3.327759739917766,0.01416393095414592
2023-07-28,0.010114655023489752,0.0,1.0,0.010114655023489752,3.337874394941256,-0.006082439240869819
2023-07-31,0.020626673640850055,0.0,1.0,0.020626673640850055,3.358501068582106,0.008010715974155591
2023-08-01,-0.018580525886847308,0.0,1.0,-0.018580525886847308,3.3399205426952587,-0.003856275567367673
2023-08-02,-0.018189000824606644,0.0,1.0,-0.018189000824606644,3.321731541870652,-0.007977819047369938
2023-08-03,-0.09079852566773061,0.0005,0.0,-0.09129852566773061,3.2304330162029213,-0.01930074355323519
2023-08-04,0.0,0.0,0.0,0.0,3.2304330162029213,0.010243587675431431
2023-08-07,0.0,0.0,0.0,0.0,3.2304330162029213,-0.004976713240186337
2023-08-08,0.0,0.0,0.0,0.0,3.2304330162029213,-0.003316572162191056
2023-08-09,0.0,0.0,0.0,0.0,3.2304330162029213,-0.0009392443108628967
2023-08-10,0.0,0.0,0.0,0.0,3.2304330162029213,-0.003545623035805412
2023-08-11,0.0,0.0,0.0,0.0,3.2304330162029213,-0.01342426611316283
2023-08-14,0.0,0.0,0.0,0.0,3.2304330162029213,-0.0015300964507226622
2023-08-15,0.0,0.0,0.0,0.0,3.2304330162029213,0.010754453657335183
2023-08-16,0.0,0.0,0.0,0.0,3.2304330162029213,-0.009448776261641756
2023-08-17,0.0,0.0,0.0,0.0,3.2304330162029213,-0.005220433487304277
2023-08-18,0.0,0.0,0.0,0.0,3.2304330162029213,-0.02390372568414112
2023-08-21,0.0,0.0,0.0,0.0,3.2304330162029213,0.012272701683274212
2023-08-22,0.0,0.0,0.0,0.0,3.2304330162029213,0.01927034091541069
2023-08-23,0.0,0.0,0.0,0.0,3.2304330162029213,-0.005374437320965875
2023-08-24,0.0,0.0,0.0,0.0,3.2304330162029213,0.022107630698337877
2023-08-25,0.0,0.0,0.0,0.0,3.2304330162029213,-0.0283651781880635
2023-08-28,0.0,0.0,0.0,0.0,3.2304330162029213,0.013588532604192682
2023-08-29,0.0,0.0,0.0,0.0,3.2304330162029213,-0.0011716940516091068
2023-08-30,0.0,0.0,0.0,0.0,3.2304330162029213,0.022697512003492015
2023-08-31,0.0,0.0,0.0,0.0,3.2304330162029213,0.005495091762697468
2023-09-01,0.0,0.0,0.0,0.0,3.2304330162029213,0.00917917971029869
2023-09-05,0.0,0.0,0.0,0.0,3.2304330162029213,-0.009542586750788673
2023-09-06,0.0,0.0005,1.0,-0.0005,3.229933016202921,0.0013536109562863885
2023-09-07,-0.070579565113913,0.0,1.0,-0.070579565113913,3.1593534510890082,-0.01873939779474132
2023-09-08,0.003949271176792311,0.0,1.0,0.003949271176792311,3.1633027222658003,0.004862105291591368
2023-09-11,0.02489328268987468,0.0,1.0,0.02489328268987468,3.188196004955675,0.009811564205263412
2023-09-12,-0.027872459766147398,0.0,1.0,-0.027872459766147398,3.1603235451895277,-0.0010381728158441739
2023-09-13,-0.011531175929418429,0.0,1.0,-0.011531175929418429,3.1487923692601094,-0.005969035627681474
2023-09-14,0.031443853542235306,0.0,1.0,0.031443853542235306,3.180236222802345,0.00793501863120949
2023-09-15,-0.013461621435043371,0.0,1.0,-0.013461621435043371,3.1667746013673015,-0.00021277161626631624
2023-09-18,-0.06481397714920382,0.0,1.0,-0.06481397714920382,3.1019606242180977,-0.017530791944880497
2023-09-19,0.009370385267931143,0.0,1.0,0.009370385267931143,3.1113310094860287,0.0
2023-09-20,0.00241410074225421,0.0005,0.0,0.00191410074225421,3.113245110228283,0.004413516733456024
2023-09-21,0.0,0.0,0.0,0.0,3.113245110228283,-0.027362178191130848
2023-09-22,0.0,0.0,0.0,0.0,3.113245110228283,-0.0032427937915743277
2023-09-25,0.0,0.0,0.0,0.0,3.113245110228283,-0.007507716263937869
2023-09-26,0.0,0.0,0.0,0.0,3.113245110228283,0.00016810018771185042
2023-09-27,0.0,0.0,0.0,0.0,3.113245110228283,-0.004509930250147121
2023-09-28,0.0,0.0,0.0,0.0,3.113245110228283,-0.0035736394844954056
2023-09-29,0.0,0.0,0.0,0.0,3.113245110228283,0.02098218067832036
2023-10-02,0.0,0.0,0.0,0.0,3.113245110228283,-0.008297837030480704
2023-10-03,0.0,0.0,0.0,0.0,3.113245110228283,0.0006693813800411341
2023-10-04,0.0,0.0,0.0,0.0,3.113245110228283,-0.008389542337922884
2023-10-05,0.0,0.0,0.0,0.0,3.113245110228283,0.011158894791578833
2023-10-06,0.0,0.0,0.0,0.0,3.113245110228283,-0.011369322288319439
2023-10-09,0.0,0.0,0.0,0.0,3.113245110228283,0.018698158301701184
2023-10-10,0.0,0.0,0.0,0.0,3.113245110228283,0.012696660226331646
2023-10-11,0.0,0.0,0.0,0.0,3.113245110228283,0.008285636413191577
2023-10-12,0.0,0.0,0.0,0.0,3.113245110228283,0.0048386224793210975
2023-10-13,0.0,0.0,0.0,0.0,3.113245110228283,-0.003120544481209575
2023-10-16,0.0,0.0,0.0,0.0,3.113245110228283,-0.010659254661737338
2023-10-17,0.0,0.0,0.0,0.0,3.113245110228283,-0.0022093721019038615
2023-10-18,0.0,0.0,0.0,0.0,3.113245110228283,-0.00038271233700548635
2023-10-19,0.0,0.0,0.0,0.0,3.113245110228283,-0.00235184729400828
2023-10-20,0.0,0.0,0.0,0.0,3.113245110228283,-0.01466516816973229
2023-10-23,0.0,0.0,0.0,0.0,3.113245110228283,-0.01724809436376784
2023-10-24,0.0,0.0,0.0,0.0,3.113245110228283,0.012030798845043211
2023-10-25,0.0,0.0,0.0,0.0,3.113245110228283,-0.0022656708903247003
2023-10-26,0.0,0.0,0.0,0.0,3.113245110228283,-0.021250350434538823
2023-10-27,0.0,0.0,0.0,0.0,3.113245110228283,-0.007705087076076977
2023-10-30,0.0,0.0,0.0,0.0,3.113245110228283,0.0040412204485753556
2023-10-31,0.0,0.0,0.0,0.0,3.113245110228283,0.004024954719259455
2023-11-01,0.0,0.0,0.0,0.0,3.113245110228283,0.007129971651919975
2023-11-02,0.0,0.0,0.0,0.0,3.113245110228283,0.02791993631297629
2023-11-03,0.0,0.0,0.0,0.0,3.113245110228283,0.008878685622614402
2023-11-06,0.0,0.0,0.0,0.0,3.113245110228283,0.010253598355037807
2023-11-07,0.0,0.0005,1.0,-0.0005,3.112745110228283,0.004830524573258277
2023-11-08,0.024715424933277642,0.0,1.0,0.024715424933277642,3.1374605351615603,0.007589056634347946
2023-11-09,0.012287372584327449,0.0,1.0,0.012287372584327449,3.149747907745888,0.0015010185483006477
2023-11-10,-0.007009297496933837,0.0,1.0,-0.007009297496933837,3.142738610248954,-0.004870998822395833
2023-11-13,0.0484613078969007,0.0,1.0,0.0484613078969007,3.1911999181458546,0.013366682803507057
2023-11-14,0.06748264758168618,0.0,1.0,0.06748264758168618,3.2586825657275407,0.01836566787865901
2023-11-15,0.045145571975212746,0.0,1.0,0.045145571975212746,3.3038281377027534,0.009225717338615214
2023-11-16,-0.017817522841800097,0.0,1.0,-0.017817522841800097,3.2860106148609534,-0.006223369916074972
2023-11-17,0.004317433266113288,0.0,1.0,0.004317433266113288,3.2903280481270665,0.0009614385199043785
2023-11-20,0.020720119617994096,0.0,1.0,0.020720119617994096,3.3110481677450605,0.0021806287479557707
2023-11-21,0.02546820522478911,0.001,1.0,0.02446820522478911,3.33551637296985,0.007667400595777751
2023-11-22,-0.001770381466120634,0.0,1.0,-0.001770381466120634,3.3337459915037293,0.00401017968689743
2023-11-24,-0.00914360370084963,0.0,1.0,-0.00914360370084963,3.3246023878028796,-0.0023555316588576014
2023-11-27,-0.006766259042154522,0.0,1.0,-0.006766259042154522,3.317836128760725,-0.0016424996791992719
2023-11-28,-0.008419461689356847,0.0,1.0,-0.008419461689356847,3.309416667071368,-0.0015423768026527895
2023-11-29,0.036788982882079505,0.0,1.0,0.036788982882079505,3.3462056499534474,0.011019283746556363
2023-11-30,-0.010967312112230072,0.0,1.0,-0.010967312112230072,3.335238337841217,-0.006646464132012531
2023-12-01,-0.03177076147953167,0.0,1.0,-0.03177076147953167,3.3034675763616854,-0.005973133716160706
2023-12-04,-0.0069981105155964,0.0,1.0,-0.0069981105155964,3.296469465846089,-0.004281108961960101
2023-12-05,-0.021227837762173185,0.0,1.0,-0.021227837762173185,3.275241628083916,-0.004403118443886078
2023-12-06,0.046617640126337595,0.0005,0.0,0.046117640126337595,3.3213592682102533,0.015296964020916182
2023-12-07,0.0,0.0,0.0,0.0,3.3213592682102533,-0.00563712301739816
2023-12-08,0.0,0.0005,1.0,-0.0005,3.320859268210253,0.0015461128146985192
2023-12-11,0.04166813488847389,0.0,1.0,0.04166813488847389,3.362527403098727,0.007898731571770456
2023-12-12,0.0444401376604766,0.0,1.0,0.0444401376604766,3.4069675407592035,0.009751365701740955
2023-12-13,0.0366761807439774,0.0,1.0,0.0366761807439774,3.443643721503181,0.01026392961876832
2023-12-14,0.06325099545438527,0.0,1.0,0.06325099545438527,3.506894716957566,0.013412742104999875
2023-12-15,0.03631793462301936,0.0,1.0,0.03631793462301936,3.5432126515805855,-0.001975406192898488
2023-12-18,0.008586161128533991,0.0,1.0,0.008586161128533991,3.5517988127091193,0.001855608887129545
2023-12-19,0.005538132656776735,0.0,1.0,0.005538132656776735,3.557336945365896,0.00644555849159123
2023-12-20,-0.002137730951290307,0.0,1.0,-0.002137730951290307,3.5551992144146056,0.0019875349658928787
2023-12-21,-0.016420592691779097,0.0,1.0,-0.016420592691779097,3.5387786217228263,-0.0031590547324599205
2023-12-22,0.026921315056908333,0.001,1.0,0.025921315056908333,3.5646999367797347,0.004765882179531333
2023-12-26,0.005457307864089421,0.0,1.0,0.005457307864089421,3.5701572446438243,0.0006112469437653534
2023-12-27,0.03373121496967807,0.0,1.0,0.03373121496967807,3.6038884596135023,0.004153940134392187
2023-12-28,0.0060234727360505185,0.0,1.0,0.0060234727360505185,3.609911932349553,0.004185424017520534
2023-12-29,-0.012194230952928046,0.0,1.0,-0.012194230952928046,3.597717701396625,-0.0033683088181841736
2024-01-02,-0.05719104256434225,0.0,1.0,-0.05719104256434225,3.540526658832283,-0.013226998638397158
2024-01-03,-0.07542785076792405,0.0,1.0,-0.07542785076792405,3.4650988080643588,-0.014562389118864538
2024-01-04,-0.03946244026612068,0.0,1.0,-0.03946244026612068,3.425636367798238,-0.008726527142249862
2024-01-05,0.011069517197935613,0.0,1.0,0.011069517197935613,3.4367058849961736,2.5224498032550002e-05
2024-01-08,0.0190524935264094,0.0,1.0,0.0190524935264094,3.455758378522583,0.003884474713078623
2024-01-09,0.028943081454937878,0.0005,0.0,0.028443081454937878,3.4842014599775206,0.009849493705871959
2024-01-10,0.0,0.0005,1.0,-0.0005,3.4837014599775205,0.010350575999601874
2024-01-11,0.006204760871590169,0.0,1.0,0.006204760871590169,3.4899062208491105,0.009160982096682924
2024-01-12,0.007997854762234686,0.0,1.0,0.007997854762234686,3.4979040756113453,0.0014885673149660494
2024-01-16,-0.01564037079614047,0.0,1.0,-0.01564037079614047,3.482263704815205,-0.0050925925925925375
2024-01-17,-0.004292605433012012,0.0,1.0,-0.004292605433012012,3.477971099382193,-0.005241115818863107
2024-01-18,0.056392682166298246,0.0,1.0,0.056392682166298246,3.534363781548491,0.010709801314720435
2024-01-19,0.04725284469773562,0.0,1.0,0.04725284469773562,3.581616626246227,0.011448894085550165
2024-01-22,0.08843028460040755,0.0,1.0,0.08843028460040755,3.6700469108466343,0.019724483406386994
2024-01-23,-0.011922839029355203,0.0,1.0,-0.011922839029355203,3.658124071817279,-0.0023145414609953008
2024-01-24,0.05237011286779161,0.0,1.0,0.05237011286779161,3.710494184685071,0.011859953128328993
2024-01-25,0.04494946167425096,0.001,1.0,0.043949461674250956,3.754443646359322,0.002152348867677345
2024-01-26,-0.07240431166741093,0.0,1.0,-0.07240431166741093,3.6820393346919107,-0.009151181249416385
2024-01-29,-0.00862519177458365,0.0,1.0,-0.00862519177458365,3.673414142917327,-0.0004005277542173946
2024-01-30,0.013607882322252157,0.0,1.0,0.013607882322252157,3.687022025239579,0.006670280717467669
2024-01-31,-0.05524796951060454,0.0,1.0,-0.05524796951060454,3.6317740557289744,-0.014633575275111221
2024-02-01,-0.0033019272516657885,0.0,1.0,-0.0033019272516657885,3.6284721284773087,-0.004894855649281271
2024-02-02,0.01730242243906324,0.0,1.0,0.01730242243906324,3.645774550916372,0.011963036366675395
2024-02-05,0.04548694164304945,0.0,1.0,0.04548694164304945,3.6912614925594216,0.012435110901368507
2024-02-06,0.011951524690839476,0.0,1.0,0.011951524690839476,3.703213017250261,0.0012585359032326604
2024-02-07,-0.008977880155807172,0.0,1.0,-0.008977880155807172,3.694235137094454,0.0018621540466934317
2024-02-08,0.021869597704452737,0.001,1.0,0.020869597704452736,3.715104734798907,0.003949722357751817
2024-02-09,0.03583148528121476,0.0,1.0,0.03583148528121476,3.7509362200801215,0.004235032746291445
2024-02-12,0.03180098532074735,0.0,1.0,0.03180098532074735,3.7827372054008688,0.006913398165645068
2024-02-13,-0.08588481588181054,0.0,1.0,-0.08588481588181054,3.696852389519058,-0.02210829862223651
2024-02-14,0.047397988674491805,0.0,1.0,0.047397988674491805,3.74425037819355,0.009314735068339353
2024-02-15,0.03473814080199703,0.0,1.0,0.03473814080199703,3.778988518995547,0.006167972916570008
2024-02-16,0.000676563628645553,0.0,1.0,0.000676563628645553,3.7796650826241924,0.002235435103244754
2024-02-20,-0.058493152419969566,0.0,1.0,-0.058493152419969566,3.721171930204223,-0.014578399135413478
2024-02-21,-0.04351596617239433,0.0,1.0,-0.04351596617239433,3.6776559640318287,-0.009333800023334504
2024-02-22,0.10728508669916789,0.0,1.0,0.10728508669916789,3.7849410507309966,0.02341302555647151
2024-02-23,0.04130415675473603,0.001,1.0,0.04030415675473603,3.825245207485733,0.01187599254298144
2024-02-26,-0.018312444008840703,0.0,1.0,-0.018312444008840703,3.806932763476892,-0.004662799954509134
2024-02-27,0.00716484015742903,0.0,1.0,0.00716484015742903,3.814097603634321,0.00015996343692870063
2024-02-28,-0.03212180243869486,0.0,1.0,-0.03212180243869486,3.7819758011956264,-0.005118011287042812
2024-02-29,0.025988869012124806,0.0,1.0,0.025988869012124806,3.807964670207751,0.006430425097030623
2024-03-01,0.04343845239577411,0.0,1.0,0.04343845239577411,3.8514031226035255,0.0038107842913537304
2024-03-04,0.08567595195502177,0.0,1.0,0.08567595195502177,3.937079074558547,0.012980222777904116
2024-03-05,-0.04004832518760454,0.0,1.0,-0.04004832518760454,3.8970307493709426,-0.010480016157626615
2024-03-06,0.01786486577567593,0.0,1.0,0.01786486577567593,3.9148956151466185,-0.0014060869959632294
2024-03-07,0.035037516222029365,0.0,1.0,0.035037516222029365,3.949933131368648,0.004769258720930258
2024-03-08,0.05614600778158149,0.001,1.0,0.05514600778158149,4.005079139150229,0.007662402242213151
2024-03-11,-0.10825642813649444,0.0,1.0,-0.10825642813649444,3.896822711013735,-0.01861779681927278
2024-03-12,0.02040022901660367,0.0,1.0,0.02040022901660367,3.9172229400303387,0.005074169733263245
2024-03-13,0.004273243286899256,0.0,1.0,0.004273243286899256,3.9214961833172377,0.006640438450867592
2024-03-14,-0.02594237111684868,0.0,1.0,-0.02594237111684868,3.895553812200389,-0.0025979893821302946
2024-03-15,-0.05030535168345157,0.0,1.0,-0.05030535168345157,3.8452484605169377,-0.012298980747451838
2024-03-18,0.03520823441517692,0.0,1.0,0.03520823441517692,3.8804566949321146,0.00609993808333531
2024-03-19,-0.046311653049391575,0.0,1.0,-0.046311653049391575,3.834145041882723,-0.007476124267772999
2024-03-20,0.020103332491605657,0.0,1.0,0.020103332491605657,3.8542483743743285,0.009943736364680156
2024-03-21,0.08314051632379706,0.0,1.0,0.08314051632379706,3.937388890698126,0.020692164263950152
2024-03-22,-0.029100973456939218,0.001,1.0,-0.03010097345693922,3.9072879172411867,-0.007864017109249666
2024-03-25,-0.01933854453139151,0.0,1.0,-0.01933854453139151,3.8879493727097953,-0.004041764904008094
2024-03-26,0.03454626133376526,0.0,1.0,0.03454626133376526,3.9224956340435604,0.0061999774546275255
2024-03-27,-0.006779098855291146,0.0,1.0,-0.006779098855291146,3.9157165351882695,0.00031369034281869546
2024-03-28,-0.004583559699318422,0.0,1.0,-0.004583559699318422,3.9111329754889512,-0.0037183048113968997
2024-04-01,0.004757763087890708,0.0,1.0,0.004757763087890708,3.915890738576842,0.0004271774810020723
2024-04-02,-0.026228787679391505,0.0,1.0,-0.026228787679391505,3.8896619508974504,-0.010989504910443482
2024-04-03,-0.020709956841426853,0.0,1.0,-0.020709956841426853,3.8689519940560233,-0.0025449918196691623
2024-04-04,0.06579517168383678,0.0,1.0,0.06579517168383678,3.9347471657398603,0.01678968470931297
2024-04-05,-0.09122710891550165,0.0,1.0,-0.09122710891550165,3.843520056824359,-0.02139672439674678
2024-04-08,0.034313708949020666,0.0005,0.0,0.033813708949020665,3.8773337657733795,0.010600302211639878
2024-04-09,0.0,0.0,0.0,0.0,3.8773337657733795,0.0035114745927822266
2024-04-10,0.0,0.0005,1.0,-0.0005,3.8768337657733793,-0.01345493949792298
2024-04-11,0.02159013022618228,0.0,1.0,0.02159013022618228,3.898423895999562,0.007459954233409505
2024-04-12,0.004455106237148819,0.0,1.0,0.004455106237148819,3.902879002236711,0.0019079634761278719
2024-04-15,0.005483207676490752,0.0,1.0,0.005483207676490752,3.9083622099132014,0.0021763772387213276
2024-04-16,-0.07710760795065112,0.0,1.0,-0.07710760795065112,3.8312546019625504,-0.02524544179523147
2024-04-17,0.014393420150788146,0.0,1.0,0.014393420150788146,3.8456480221133384,0.005105592944999016
2024-04-18,-0.04523646333104867,0.0,1.0,-0.04523646333104867,3.8004115587822898,-0.015262064188409141
2024-04-19,-0.027758738862234362,0.0,1.0,-0.027758738862234362,3.7726528199200553,-0.010011958076390992
2024-04-22,-0.032556545579163786,0.0,1.0,-0.032556545579163786,3.7400962743408916,-0.011629008573729394
2024-04-23,0.021247429746401557,0.0,1.0,0.021247429746401557,3.761343704087293,0.008291198389686283
2024-04-24,0.046264564770390725,0.0005,0.0,0.045764564770390724,3.8071082688576836,0.017658103001639835
2024-04-25,0.0,0.0,0.0,0.0,3.8071082688576836,-0.02092480149462861
2024-04-26,0.0,0.0,0.0,0.0,3.8071082688576836,0.01998855071080996
2024-04-29,0.0,0.0,0.0,0.0,3.8071082688576836,0.012885271970441092
2024-04-30,0.0,0.0,0.0,0.0,3.8071082688576836,-0.0045713757994135795
2024-05-01,0.0,0.0,0.0,0.0,3.8071082688576836,-0.01855502725269631
2024-05-02,0.0,0.0,0.0,0.0,3.8071082688576836,0.005080940564811565
2024-05-03,0.0,0.0,0.0,0.0,3.8071082688576836,0.021490712438278825
2024-05-06,0.0,0.0,0.0,0.0,3.8071082688576836,0.00658318755179077
2024-05-07,0.0,0.0,0.0,0.0,3.8071082688576836,0.0077749828493025586
2024-05-08,0.0,0.0,0.0,0.0,3.8071082688576836,-0.006875425459496154
2024-05-09,0.0,0.0,0.0,0.0,3.8071082688576836,0.0060776384033631725
2024-05-10,0.0,0.0,0.0,0.0,3.8071082688576836,0.005018963050439584
2024-05-13,0.0,0.0,0.0,0.0,3.8071082688576836,0.00327653997378774
2024-05-14,0.0,0.0005,1.0,-0.0005,3.8066082688576834,-0.0030180859929278547
2024-05-15,0.03942048517520221,0.0,1.0,0.03942048517520221,3.8460287540328855,0.013057720546707507
2024-05-16,0.027964959568733093,0.0,1.0,0.027964959568733093,3.8739937136016187,0.009544410498851574
2024-05-17,-0.004380053908355761,0.0,1.0,-0.004380053908355761,3.869613659693263,-0.0013253517704490125
2024-05-20,-0.0013477088948786774,0.0,1.0,-0.0013477088948786774,3.868265950798384,-0.0002875406427639282
2024-05-21,0.007075471698113116,0.0,1.0,0.007075471698113116,3.875341422496497,0.002345236514889937
2024-05-22,0.021226415094339708,0.0,1.0,0.021226415094339708,3.896567837590837,0.006666078050503232
2024-05-23,0.03032345013477084,0.0,1.0,0.03032345013477084,3.9268912877256077,0.009845195807569151
2024-05-24,-0.03773584905660368,0.0,1.0,-0.03773584905660368,3.889155438669004,-0.011421126913472968
2024-05-28,0.026954177897574025,0.0,1.0,0.026954177897574025,3.916109616566578,0.008544004919941006
2024-05-29,-0.027291105121293874,0.001,1.0,-0.028291105121293875,3.887818511445284,-0.008057842240515645
2024-05-30,-0.002874636778746241,0.0,1.0,-0.002874636778746241,3.8849438746665377,4.3909721612278574e-05
2024-05-31,-0.01819889125456965,0.0,1.0,-0.01819889125456965,3.866744983411968,-0.008166849615806826
2024-06-03,0.01385831358213158,0.0,1.0,0.01385831358213158,3.8806032969941,0.0061755721811500575
2024-06-04,-0.028731303311506612,0.0,1.0,-0.028731303311506612,3.851871993682593,-0.0037397980509051854
2024-06-05,0.03184764123783129,0.0,1.0,0.03184764123783129,3.8837196349204244,0.011283591317596597
2024-06-06,0.057146922160178804,0.0,1.0,0.057146922160178804,3.940866557080603,0.01362504912878304
2024-06-07,-0.020094471002557516,0.0,1.0,-0.020094471002557516,3.9207720860780455,-0.0026280642798673925
2024-06-10,-0.020743314720336435,0.0,1.0,-0.020743314720336435,3.900028771357709,-0.0025485961123110634
2024-06-11,0.033560974303351664,0.0,1.0,0.033560974303351664,3.933589745661061,0.003724394785847407
2024-06-12,0.06657929270611548,0.001,1.0,0.06557929270611548,3.9991690383671763,0.018229279026621192
2024-06-13,0.0425569307535268,0.0,1.0,0.0425569307535268,4.041725969120703,0.01214008771372277
2024-06-14,-0.014006675964488789,0.0,1.0,-0.014006675964488789,4.027719293156215,-0.0025119316754584897
2024-06-17,0.027198650786824187,0.0,1.0,0.027198650786824187,4.054917943943039,0.00616973054646186
2024-06-18,0.03916030931094788,0.0,1.0,0.03916030931094788,4.094078253253986,0.011575522462770715
2024-06-20,0.022707180908493732,0.0,1.0,0.022707180908493732,4.11678543416248,0.002907156553473067
2024-06-21,-0.08003724179413402,0.0,1.0,-0.08003724179413402,4.036748192368346,-0.010752024998972098
2024-06-24,-0.024810234921074155,0.0,1.0,-0.024810234921074155,4.011937957447272,-0.006255325339263096
2024-06-25,-0.02657141552097425,0.0,1.0,-0.02657141552097425,3.985366541926298,-0.004412564306328193
2024-06-26,0.013755196450045887,0.0,1.0,0.013755196450045887,3.9991217383763438,0.005209317957443282
2024-06-27,-0.002180546795273113,0.0005,0.0,-0.0026805467952731132,3.9964411915810705,0.0032807439139066474
2024-06-28,0.0,0.0,0.0,0.0,3.9964411915810705,0.004769640923102614
2024-07-01,0.0,0.0,0.0,0.0,3.9964411915810705,-0.004912833481892975
2024-07-02,0.0,0.0005,1.0,-0.0005,3.9959411915810703,0.0007707691025748975
2024-07-03,0.05230069810257522,0.0,1.0,0.05230069810257522,4.048241889683645,0.012093836514643685
2024-07-05,0.05209928426907211,0.0,1.0,0.05209928426907211,4.100341173952717,0.01166138784912163
2024-07-08,0.018869393713412404,0.0,1.0,0.018869393713412404,4.11921056766613,0.009433003313749078
2024-07-09,0.033800509439586776,0.0,1.0,0.033800509439586776,4.153011077105717,0.004712706180895587
2024-07-10,0.009682224183128862,0.0,1.0,0.009682224183128862,4.162693301288845,0.0016838054002044078
2024-07-11,0.04906644007300922,0.0,1.0,0.04906644007300922,4.211759741361854,0.006723899861919902
2024-07-12,-0.10269216142421252,0.0,1.0,-0.10269216142421252,4.109067579937642,-0.020991114556622392
2024-07-15,0.032551434185337326,0.0,1.0,0.032551434185337326,4.14161901412298,0.00832470406692254
2024-07-16,0.0037854040210470487,0.0,1.0,0.0037854040210470487,4.145404418144027,0.00203378909003038
2024-07-17,-0.09000635809126525,0.001,1.0,-0.09100635809126525,4.054398060052762,-0.018769342068244876
2024-07-18,-0.07576791808873728,0.0,1.0,-0.07576791808873728,3.978630141964024,-0.00563201441795691
2024-07-19,-0.04061433447098969,0.0,1.0,-0.04061433447098969,3.9380158074930343,-0.013140279694354606
2024-07-22,-0.029522184300341366,0.0,1.0,-0.029522184300341366,3.908493623192693,0.00419492851925285
2024-07-23,0.007679180887372063,0.0,1.0,0.007679180887372063,3.916172804080065,0.0005195776872557456
2024-07-24,-0.035324232081911267,0.0,1.0,-0.035324232081911267,3.880848571998154,-0.015766186826198125
2024-07-25,-0.11808873720136522,0.0,1.0,-0.11808873720136522,3.762759834796789,-0.021316111603562504
2024-07-26,0.012457337883959113,0.0,1.0,0.012457337883959113,3.775217172680748,-0.002307426895540532
2024-07-29,0.019197952218430035,0.0,1.0,0.019197952218430035,3.794415124899178,0.006614071112071684
2024-07-30,-0.016808873720136508,0.0,1.0,-0.016808873720136508,3.7776062511790416,0.00030061626333988123
2024-07-31,-0.0013651877133106724,0.0005,0.0,-0.0018651877133106724,3.775741063465731,0.00433615970806045
2024-08-01,0.0,0.0,0.0,0.0,3.775741063465731,0.00831427533289153
2024-08-02,0.0,0.0,0.0,0.0,3.775741063465731,-0.04423859589621848
2024-08-05,0.0,0.0,0.0,0.0,3.775741063465731,-0.058062942181019817
2024-08-06,0.0,0.0,0.0,0.0,3.775741063465731,0.029478938569847735
2024-08-07,0.0,0.0,0.0,0.0,3.775741063465731,0.021178784621366242
2024-08-08,0.0,0.0,0.0,0.0,3.775741063465731,-0.012161526573943426
2024-08-09,0.0,0.0,0.0,0.0,3.775741063465731,0.012878066476216476
2024-08-12,0.0,0.0,0.0,0.0,3.775741063465731,0.010408738863768585
2024-08-13,0.0,0.0,0.0,0.0,3.775741063465731,0.009814129688296092
2024-08-14,0.0,0.0,0.0,0.0,3.775741063465731,0.016870694572418854
2024-08-15,0.0,0.0,0.0,0.0,3.775741063465731,0.011326616469979012
2024-08-16,0.0,0.0,0.0,0.0,3.775741063465731,0.008234490997525379
2024-08-19,0.0,0.0,0.0,0.0,3.775741063465731,0.005395455122508608
2024-08-20,0.0,0.0,0.0,0.0,3.775741063465731,0.010901361617947192
2024-08-21,0.0,0.0,0.0,0.0,3.775741063465731,0.0014572707400852813
2024-08-22,0.0,0.0005,1.0,-0.0005,3.7752410634657307,0.007878598898243272
2024-08-23,-0.05765667964128251,0.0,1.0,-0.05765667964128251,3.7175843838244482,-0.01155020212853719
2024-08-26,0.007488541715298097,0.0,1.0,0.007488541715298097,3.725072925539746,0.0004381938068607205
2024-08-27,-0.05553936930310377,0.0,1.0,-0.05553936930310377,3.6695335562366425,-0.012013765773281837
2024-08-28,0.025858087160774056,0.0,1.0,0.025858087160774056,3.6953916433974165,0.0054888218032891345
2024-08-29,-0.021310514333453927,0.0,1.0,-0.021310514333453927,3.674081129063963,-0.006319679187050009
2024-08-30,0.023583574302938115,0.0,1.0,0.023583574302938115,3.697664703366901,0.0037187288708588895
2024-09-03,-0.02801417347474008,0.0,1.0,-0.02801417347474008,3.6696505298921607,-0.003873358033007812
2024-09-04,-0.13360438418423193,0.0,1.0,-0.13360438418423193,3.5360461457079286,-0.03070583262890947
2024-09-05,0.00045100883078456216,0.0,1.0,0.00045100883078456216,3.536497154538713,0.0006540650140625104
2024-09-06,0.003999704773086892,0.0005,0.0,0.003499704773086892,3.5399968593118,0.002963156633331021
2024-09-09,0.0,0.0,0.0,0.0,3.5399968593118,-0.01579301805226685
2024-09-10,0.0,0.0,0.0,0.0,3.5399968593118,0.007018937889021304
2024-09-11,0.0,0.0,0.0,0.0,3.5399968593118,0.008044011923548977
2024-09-12,0.0,0.0,0.0,0.0,3.5399968593118,0.019003718118762336
2024-09-13,0.0,0.0005,1.0,-0.0005,3.5394968593117997,0.008172410114157813
2024-09-16,-0.005568891843694728,0.0,1.0,-0.005568891843694728,3.533927967468105,0.001502709109380218
2024-09-17,0.029353715544410606,0.0,1.0,0.029353715544410606,3.563281683012516,0.0065512796128406325
2024-09-18,-0.016977925220606597,0.0,1.0,-0.016977925220606597,3.546303757791909,-0.003338302294820461
2024-09-19,0.057691220805799366,0.0,1.0,0.057691220805799366,3.603994978597709,0.016663155677269836
2024-09-20,-0.010744387975923333,0.0,1.0,-0.010744387975923333,3.5932505906217855,-0.00024864797662704774
2024-09-23,0.002246408497942382,0.0,1.0,0.002246408497942382,3.595496999119728,0.0009533876349767656
2024-09-24,0.018364291865409627,0.0,1.0,0.018364291865409627,3.6138612909851378,0.003126617662283948
2024-09-25,-0.003056811100154576,0.0,1.0,-0.003056811100154576,3.610804479884983,0.0005779630929283464
2024-09-26,0.1129767041322167,0.0,1.0,0.1129767041322167,3.7237811840172,0.01780335850146475
2024-09-27,-0.012899698223100754,0.001,1.0,-0.013899698223100755,3.7098814857940994,-0.005817135212923374
2024-09-30,-0.06154492665036682,0.0,1.0,-0.06154492665036682,3.6483365591437327,-0.009622833843017431
2024-10-01,0.009819138820972654,0.0,1.0,0.009819138820972654,3.6581556979647054,0.003952406439128753
2024-10-02,-0.05639072262972024,0.0,1.0,-0.05639072262972024,3.601764975334985,-0.015050235800697087
2024-10-03,0.0008483428416191036,0.0,1.0,0.0008483428416191036,3.602613318176604,-0.0012906986426847178
2024-10-04,0.06264072262972024,0.0,1.0,0.06264072262972024,3.665254040806324,0.01607120523616956
2024-10-07,-0.02375913474599293,0.0,1.0,-0.02375913474599293,3.641494906060331,-0.004226074469176333
2024-10-08,0.003533346916598712,0.0,1.0,0.003533346916598712,3.6450282529769296,-0.001503945281114083
2024-10-09,0.023507436837815775,0.0,1.0,0.023507436837815775,3.668535689814745,0.008954731151735285
2024-10-10,0.003058306166802508,0.0,1.0,0.003058306166802508,3.6715939959815476,0.003783231083844596
2024-10-11,-0.003075828579190366,0.001,1.0,-0.004075828579190366,3.667518167402357,-0.00022410104920034257
2024-10-14,0.049424588906706625,0.0,1.0,0.049424588906706625,3.716942756309064,0.01024982679219133
2024-10-15,0.020365305582820153,0.0,1.0,0.020365305582820153,3.737308061891884,0.004155152590919142
2024-10-16,-0.08535611755086173,0.0,1.0,-0.08535611755086173,3.651951944341022,-0.013357973605447548
2024-10-17,0.03521353673033355,0.0,1.0,0.03521353673033355,3.687165481071356,0.010708905085711873
2024-10-18,-0.020108361867628603,0.0,1.0,-0.020108361867628603,3.667057119203727,-0.004794134235758585
2024-10-21,-0.021823157747974078,0.0,1.0,-0.021823157747974078,3.645233961455753,-0.0016394769866008296
2024-10-22,-0.007733658005991063,0.0,1.0,-0.007733658005991063,3.637500303449762,-0.0010542321338063987
2024-10-23,0.0027317290780139087,0.0,1.0,0.0027317290780139087,3.6402320325277757,0.0017453777931117909
2024-10-24,-0.0028910238207989396,0.0,1.0,-0.0028910238207989396,3.6373410087069766,-0.0029984400008102874
2024-10-25,0.01700442702476569,0.001,1.0,0.016004427024765688,3.6533454357317425,0.0061571599845562375
2024-10-28,0.020080321285140562,0.0,1.0,0.020080321285140562,3.673425757016883,0.006705174294139082
2024-10-29,-0.016867469879518142,0.0,1.0,-0.016867469879518142,3.656558287137365,-0.005496930546081802
2024-10-30,0.02168674698795187,0.0,1.0,0.02168674698795187,3.678245034125317,0.007403372871782388
2024-10-31,-0.04337349397590374,0.0,1.0,-0.04337349397590374,3.634871540149413,-0.014037125292857278
2024-11-01,-0.043373493975903545,0.0,1.0,-0.043373493975903545,3.5914980461735095,-0.013972947723303153
2024-11-04,0.00749665327978584,0.0,1.0,0.00749665327978584,3.5989946994532955,0.0027188465499485837
2024-11-05,0.004283801874163228,0.0,1.0,0.004283801874163228,3.6032785013274586,0.0016227763855223287
2024-11-06,0.07630522088353417,0.0,1.0,0.07630522088353417,3.679583722210993,0.02655810996493102
2024-11-07,0.04685408299866131,0.0,1.0,0.04685408299866131,3.7264378052096543,0.015662458046987293
2024-11-08,0.0275769745649264,0.001,1.0,0.0265769745649264,3.7530147797745808,0.00911683713611322
2024-11-11,-0.010202503420957063,0.0,1.0,-0.010202503420957063,3.742812276353624,0.004551346399368494
2024-11-12,-0.03270526631750699,0.0,1.0,-0.03270526631750699,3.7101070100361166,-0.0031045656518617903
2024-11-13,-0.025788790205651467,0.0,1.0,-0.025788790205651467,3.684318219830465,-0.0026665628588667944
2024-11-14,-0.0049557019918849326,0.0,1.0,-0.0049557019918849326,3.6793625178385803,-0.0009562841530054156
2024-11-15,-0.0625476957073384,0.0,1.0,-0.0625476957073384,3.616814822131242,-0.01752261139653455
2024-11-18,-0.03264968688084513,0.0,1.0,-0.03264968688084513,3.5841651352503967,-0.009563765061438745
2024-11-19,0.007109824145978398,0.0,1.0,0.007109824145978398,3.591274959396375,-0.0014253307369561652
2024-11-20,0.01531911215731939,0.0,1.0,0.01531911215731939,3.6065940715536944,0.011539544047284078
2024-11-21,0.018567174435839676,0.0,1.0,0.018567174435839676,3.625161245989534,0.006121313299944253
2024-11-22,-0.002782597322500847,0.0005,0.0,-0.003282597322500847,3.621878648667033,-0.003595132743362872
2024-11-25,0.0,0.0005,1.0,-0.0005,3.621378648667033,0.010863962570873298
2024-11-26,0.0024112525456187195,0.0,1.0,0.0024112525456187195,3.6237899012126515,-0.003569327319082105
2024-11-27,-0.0398918187964841,0.0,1.0,-0.0398918187964841,3.5838980824161673,0.00017713745866809738
2024-11-29,-0.009432959638532228,0.0,1.0,-0.009432959638532228,3.574465122777635,-0.004407973709585344
2024-12-02,0.03166815456308477,0.0,1.0,0.03166815456308477,3.60613327734072,0.01004091475105251
2024-12-03,0.025474912244476514,0.0,1.0,0.025474912244476514,3.6316081895851964,0.005753312068257133
2024-12-04,0.052342070423048434,0.0,1.0,0.052342070423048434,3.683950260008245,0.012394201770600244
2024-12-05,-0.004745832877854763,0.0,1.0,-0.004745832877854763,3.67920442713039,0.00574646371463694
2024-12-06,-0.029194147202552333,0.0,1.0,-0.029194147202552333,3.6500102799278378,-0.0015860579771070915
2024-12-09,0.00703410622973125,0.0,1.0,0.00703410622973125,3.657044386157569,0.005875822998009372
2024-12-10,-0.00015233225233104736,0.001,1.0,-0.0011523322523310474,3.6558920539052377,-0.0036723432594424343
2024-12-11,0.0071875724553673815,0.0,1.0,0.0071875724553673815,3.663079626360605,0.0026354990260111233
2024-12-12,0.014607002086714642,0.0,1.0,0.014607002086714642,3.6776866284473195,0.005104761904761723
2024-12-13,0.014838859262694192,0.0,1.0,0.014838859262694192,3.6925254877100135,0.005268344451182738
2024-12-16,0.015070716438673743,0.0,1.0,0.015070716438673743,3.7075962041486874,0.0049391094521735734
2024-12-17,0.018780431254347373,0.0,1.0,0.018780431254347373,3.7263766354030348,0.006152922638253067
2024-12-18,-0.007883143983306362,0.0,1.0,-0.007883143983306362,3.7184934914197285,-0.002255947497949218
2024-12-19,-0.08555529793647107,0.0,1.0,-0.08555529793647107,3.6329381934832576,-0.026086144071755468
2024-12-20,-0.06051472293067469,0.0,1.0,-0.06051472293067469,3.572423470552583,-0.02062587540052585
2024-12-23,0.05100857871551114,0.0,1.0,0.05100857871551114,3.623432049268094,0.017847347386568346
2024-12-24,0.028982146997449568,0.0005,0.0,0.028482146997449567,3.6519141962655435,0.010162640746800289
2024-12-26,0.0,0.0,0.0,0.0,3.6519141962655435,0.006649772307223412
2024-12-27,0.0,0.0005,1.0,-0.0005,3.6514141962655433,-0.004372350090854127
2024-12-30,-0.05900313877539104,0.0,1.0,-0.05900313877539104,3.5924110574901524,-0.019961597688256894
2024-12-31,0.0028059147558586765,0.0,1.0,0.0028059147558586765,3.595216972246011,0.0026963589455102355
2025-01-02,-0.008460799906582732,0.0,1.0,-0.008460799906582732,3.5867561723394283,-0.005029986457728786
2025-01-03,-7.271189977542305e-05,0.0,1.0,-7.271189977542305e-05,3.586683460439653,-0.0018471709119189939
2025-01-06,0.08714735500907372,0.0,1.0,0.08714735500907372,3.6738308154487265,0.020785039446771236
2025-01-07,0.03363630086956172,0.0,1.0,0.03363630086956172,3.707467116318288,0.002996068852334055
2025-01-08,-0.07603514300559351,0.0,1.0,-0.07603514300559351,3.6314319733126945,-0.01999657527730736
2025-01-10,-0.039237236620493596,0.0,1.0,-0.039237236620493596,3.592194736692201,-0.006989205560301359
2025-01-13,-0.07113270388949576,0.0,1.0,-0.07113270388949576,3.5210620328027056,-0.020098537577226905
2025-01-14,0.05365215306770073,0.0005,0.0,0.05315215306770073,3.574214185870406,0.01504389465283329
2025-01-15,0.0,0.0,0.0,0.0,3.574214185870406,0.008432598183748086
2025-01-16,0.0,0.0,0.0,0.0,3.574214185870406,0.011597762314094817
2025-01-17,0.0,0.0,0.0,0.0,3.574214185870406,0.007456934756638001
2025-01-21,0.0,0.0,0.0,0.0,3.574214185870406,0.003117528927990776
2025-01-22,0.0,0.0,0.0,0.0,3.574214185870406,0.009704850518609032
2025-01-23,0.0,0.0,0.0,0.0,3.574214185870406,-0.0010008119795307246
2025-01-24,0.0,0.0005,1.0,-0.0005,3.573714185870406,0.0075230606381371246
2025-01-27,-0.16557614953799454,0.0,1.0,-0.16557614953799454,3.4081380363324114,-0.04131177066526581
2025-01-28,-0.020461645563098787,0.0,1.0,-0.020461645563098787,3.387676390769313,0.008258317025440443
2025-01-29,0.02847072334637371,0.0,1.0,0.02847072334637371,3.4161471141156867,0.014052249524475036
2025-01-30,0.009891803924644869,0.0,1.0,0.009891803924644869,3.4260389180403314,0.0023925276576197696
2025-01-31,0.023166871061769775,0.0,1.0,0.023166871061769775,3.449205789102101,0.0061293463939964266
2025-02-03,-0.07656764830683441,0.0,1.0,-0.07656764830683441,3.372638140795267,-0.02552569650041736
2025-02-04,0.02118298293618028,0.0,1.0,0.02118298293618028,3.3938211237314473,0.010049272596256875
2025-02-05,0.018873797220899706,0.0,1.0,0.018873797220899706,3.412694920952347,0.006150820430750326
2025-02-06,0.030154296944273788,0.0,1.0,0.030154296944273788,3.4428492178966206,0.010616687746732412
2025-02-07,0.017366787853934317,0.001,1.0,0.016366787853934316,3.4592160057505548,0.005271541262135804
2025-02-10,-0.02585398854657168,0.0,1.0,-0.02585398854657168,3.433362017203983,-0.0055079790244085824
2025-02-11,-0.008131348462866804,0.0,1.0,-0.008131348462866804,3.4252306687411163,-0.0023898941618299974
2025-02-12,-0.01940379179242234,0.0,1.0,-0.01940379179242234,3.405826876948694,-0.0069587040839609315
2025-02-13,0.04494876222626481,0.0,1.0,0.04494876222626481,3.450775639174959,0.014704192992533116
2025-02-14,0.03431259505249892,0.0,1.0,0.03431259505249892,3.4850882342274576,0.011368353522774433
2025-02-18,0.023376914495948614,0.0,1.0,0.023376914495948614,3.508465148723406,0.0069495620376676115
2025-02-19,0.014051318553540696,0.0,1.0,0.014051318553540696,3.522516467276947,-0.002149222759527891
2025-02-20,0.03389640435026293,0.0,1.0,0.03389640435026293,3.55641287162721,0.0002970830161352911
2025-02-21,-0.0044037680825927605,0.0,1.0,-0.0044037680825927605,3.5520091035446173,-0.0006496760900637222
2025-02-24,-0.07985164884394616,0.0005,0.0,-0.08035164884394616,3.4716574547006713,-0.019502953304357473
2025-02-25,0.0,0.0,0.0,0.0,3.4716574547006713,-0.016367356217322104
2025-02-26,0.0,0.0,0.0,0.0,3.4716574547006713,-0.007145058161929008
2025-02-27,0.0,0.0,0.0,0.0,3.4716574547006713,0.005043353442088838
2025-02-28,0.0,0.0,0.0,0.0,3.4716574547006713,-0.03474031613687689
2025-03-03,0.0,0.0,0.0,0.0,3.4716574547006713,0.022774078739527637
2025-03-04,0.0,0.0,0.0,0.0,3.4716574547006713,-0.03389896778229584
2025-03-05,0.0,0.0,0.0,0.0,3.4716574547006713,0.00408757942450122
2025-03-06,0.0,0.0,0.0,0.0,3.4716574547006713,-0.0050584441757355325
2025-03-07,0.0,0.0,0.0,0.0,3.4716574547006713,-0.013226923778079325
2025-03-10,0.0,0.0,0.0,0.0,3.4716574547006713,-0.007615567780606014
2025-03-11,0.0,0.0,0.0,0.0,3.4716574547006713,-0.02295997517840509
2025-03-12,0.0,0.0,0.0,0.0,3.4716574547006713,0.014417275325500079
2025-03-13,0.0,0.0,0.0,0.0,3.4716574547006713,-0.006073127973954429
2025-03-14,0.0,0.0,0.0,0.0,3.4716574547006713,-0.005291338582677163
2025-03-17,0.0,0.0,0.0,0.0,3.4716574547006713,0.012412133493762356
2025-03-18,0.0,0.0,0.0,0.0,3.4716574547006713,-0.00041700548362211265
2025-03-19,0.0,0.0,0.0,0.0,3.4716574547006713,-0.005423332846623996
2025-03-20,0.0,0.0,0.0,0.0,3.4716574547006713,0.00014680900148911213
2025-03-21,0.0,0.0,0.0,0.0,3.4716574547006713,-0.005871498070793568
2025-03-24,0.0,0.0,0.0,0.0,3.4716574547006713,0.028813702328720936
2025-03-25,0.0,0.0,0.0,0.0,3.4716574547006713,0.007483495304875465
2025-03-26,0.0,0.0,0.0,0.0,3.4716574547006713,0.0018518895378416556
2025-03-27,0.0,0.0,0.0,0.0,3.4716574547006713,-0.02008937639650621
2025-03-28,0.0,0.0,0.0,0.0,3.4716574547006713,-0.00538960635144381
2025-03-31,0.0,0.0,0.0,0.0,3.4716574547006713,-0.03728559221358452
2025-04-01,0.0,0.0,0.0,0.0,3.4716574547006713,0.01164703844821613
2025-04-02,0.0,0.0,0.0,0.0,3.4716574547006713,-0.0025251444468221695
2025-04-03,0.0,0.0,0.0,0.0,3.4716574547006713,-0.020767184416030204
2025-04-04,0.0,0.0,0.0,0.0,3.4716574547006713,-0.040092892822715
2025-04-07,0.0,0.0,0.0,0.0,3.4716574547006713,-0.06728442963436332
2025-04-08,0.0,0.0,0.0,0.0,3.4716574547006713,0.07218714824059114
2025-04-09,0.0,0.0,0.0,0.0,3.4716574547006713,-0.05155650903779452
2025-04-10,0.0,0.0,0.0,0.0,3.4716574547006713,0.09141660851360789
2025-04-11,0.0,0.0,0.0,0.0,3.4716574547006713,-0.01964458946997094
2025-04-14,0.0,0.0,0.0,0.0,3.4716574547006713,0.04455189474867871
2025-04-15,0.0,0.0,0.0,0.0,3.4716574547006713,-0.012745984584248249
2025-04-16,0.0,0.0,0.0,0.0,3.4716574547006713,-0.020739739172155214
2025-04-17,0.0,0.0,0.0,0.0,3.4716574547006713,-0.004142262209651859
2025-04-21,0.0,0.0,0.0,0.0,3.4716574547006713,-0.01999239662768071
2025-04-22,0.0,0.0,0.0,0.0,3.4716574547006713,0.0013463249891609852
2025-04-23,0.0,0.0,0.0,0.0,3.4716574547006713,0.044095528918463245
2025-04-24,0.0,0.0,0.0,0.0,3.4716574547006713,-0.0036885872056223734
2025-04-25,0.0,0.0,0.0,0.0,3.4716574547006713,0.022980196284612786
2025-04-28,0.0,0.0,0.0,0.0,3.4716574547006713,0.012977279054328772
2025-04-29,0.0,0.0,0.0,0.0,3.4716574547006713,-0.006046128152548347
2025-04-30,0.0,0.0,0.0,0.0,3.4716574547006713,-0.006465746432141595
2025-05-01,0.0,0.0,0.0,0.0,3.4716574547006713,0.034851112110119375
2025-05-02,0.0,0.0005,1.0,-0.0005,3.471157454700671,0.006474835026168302
2025-05-05,-0.004952044638387373,0.0,1.0,-0.004952044638387373,3.4662054100622837,-0.003987339170469006
2025-05-06,-0.03876885642708741,0.0,1.0,-0.03876885642708741,3.427436553635196,-0.010400330169211713
2025-05-07,0.018535075362205295,0.0,1.0,0.018535075362205295,3.4459716289974014,0.005254816915505778
2025-05-08,0.06661704611483257,0.0,1.0,0.06661704611483257,3.512588675112234,0.013379522071025551
2025-05-09,0.01966212161462766,0.0,1.0,0.01966212161462766,3.5322507967268617,0.0034388880928499788
2025-05-12,0.15545723759759622,0.0,1.0,0.15545723759759622,3.6877080343244577,0.03423022786152874
2025-05-13,0.025393533487786765,0.0,1.0,0.025393533487786765,3.7131015678122443,0.004280163316830787
2025-05-14,0.0875197256246315,0.0,1.0,0.0875197256246315,3.8006212934368757,0.014946185874774143
2025-05-15,-0.026601016894977562,0.0,1.0,-0.026601016894977562,3.774020276541898,-0.0004837742128993572
2025-05-16,0.02232342721548796,0.001,1.0,0.02132342721548796,3.795343703757386,0.008015178502284392
2025-05-19,-0.05579709309137228,0.0,1.0,-0.05579709309137228,3.7395466106660136,-0.012330503591595154
2025-05-20,0.02744591660257257,0.0,1.0,0.02744591660257257,3.7669925272685862,0.010170348475420088
2025-05-21,-0.011174609987027448,0.0,1.0,-0.011174609987027448,3.7558179172815587,-0.006160124742526141
2025-05-22,-0.023512930419585285,0.0,1.0,-0.023512930419585285,3.7323049868619735,-0.005055494218141665
2025-05-23,-0.06886857538652244,0.0,1.0,-0.06886857538652244,3.663436411475451,-0.014562161741229485
2025-05-27,0.06856224393969101,0.0,1.0,0.06856224393969101,3.731998655415142,0.019696550634161758
2025-05-28,0.035210132597429666,0.0,1.0,0.035210132597429666,3.7672087880125718,0.011682650392327742
2025-05-29,0.03190786897725208,0.0,1.0,0.03190786897725208,3.799116656989824,0.007947451070512201
2025-05-30,-0.05464544771892722,0.0,1.0,-0.05464544771892722,3.744471209270897,-0.013090646552543106
2025-06-02,-0.029274496044173624,0.001,1.0,-0.030274496044173625,3.7141967132267233,-0.004235330355767841
2025-06-03,0.03699421965317922,0.0,1.0,0.03699421965317922,3.7511909328799025,0.012218699249864517
2025-06-04,0.02630057803468198,0.0,1.0,0.02630057803468198,3.7774915109145843,0.008499503399801434
2025-06-05,0.012716763005780281,0.0,1.0,0.012716763005780281,3.7902082739203644,0.0041097706482831065
2025-06-06,-0.002601156069364055,0.0,1.0,-0.002601156069364055,3.7876071178510005,-0.0003395073371307289
2025-06-09,0.0005780346820808099,0.0,1.0,0.0005780346820808099,3.788185152533081,0.00026415094339626854
2025-06-10,0.005491329479768926,0.0,1.0,0.005491329479768926,3.79367648201285,0.0019428830120344909
2025-06-11,0.027456647398843806,0.0,1.0,0.027456647398843806,3.821133129411694,0.008377732176139574
2025-06-12,-0.028901734104046242,0.0,1.0,-0.028901734104046242,3.7922313953076476,-0.008457488517979117
2025-06-13,-0.02167630057803468,0.0,1.0,-0.02167630057803468,3.770555094729613,-0.006420757310437231
2025-06-16,0.01618497109826596,0.001,1.0,0.01518497109826596,3.785740065827879,0.00534414796846594
2025-06-17,0.03744599135861744,0.0,1.0,0.03744599135861744,3.823186057186496,0.002280867106503326
2025-06-18,0.005040806529044668,0.0,1.0,0.005040806529044668,3.8282268637155408,-0.0030279663726467954
2025-06-20,0.02040326452232361,0.0,1.0,0.02040326452232361,3.8486301282378643,0.004074702886247783
2025-06-23,-0.04608737397983682,0.0,1.0,-0.04608737397983682,3.8025427542580275,-0.010239356705369684
2025-06-24,0.07105136821891506,0.0,1.0,0.07105136821891506,3.8735941224769426,0.01913403314287887
2025-06-25,0.08353336533845408,0.0,1.0,0.08353336533845408,3.957127487815397,0.00962953305146308
2025-06-26,0.03744599135861744,0.0,1.0,0.03744599135861744,3.994573479174014,0.0023798103530976444
2025-06-27,0.0014402304368699539,0.0,1.0,0.0014402304368699539,3.9960137096108843,0.007196098279193874
2025-06-30,0.013442150744118945,0.0,1.0,0.013442150744118945,4.009455860355003,0.0073091400796696515
2025-07-01,-0.053528564570331186,0.001,1.0,-0.05452856457033119,3.954927295784672,-0.002775459855603457
2025-07-02,-0.007337929484057135,0.0,1.0,-0.007337929484057135,3.947589366300615,-0.006494097102213936
2025-07-03,0.057278729064408535,0.0,1.0,0.057278729064408535,4.0048680953650235,0.012853376299985397
2025-07-07,-0.01313472466809047,0.0,1.0,-0.01313472466809047,3.991733370696933,0.0006146281499692652
2025-07-08,-0.0027819201418811446,0.0,1.0,-0.0027819201418811446,3.988951450555052,-0.0002529267235149568
2025-07-09,0.02355714589031686,0.0,1.0,0.02355714589031686,4.012508596445369,0.0019877841627815585
2025-07-10,0.022043713390035892,0.0,1.0,0.022043713390035892,4.034552309835405,0.004346414658779274
2025-07-11,-0.02154940237551057,0.0,1.0,-0.02154940237551057,4.013002907459894,-0.0064465154698415406
2025-07-14,-0.0024618881686587005,0.0,1.0,-0.0024618881686587005,4.010541019291235,0.0012470630760890167
2025-07-15,0.04607386313962053,0.0,1.0,0.04607386313962053,4.056614882430856,0.01129984295745401
2025-07-16,-0.03814592778547962,0.001,1.0,-0.03914592778547962,4.017468954645377,-0.0053012048192772054
2025-07-17,0.00864794245194453,0.0,1.0,0.00864794245194453,4.026116897097321,0.0013278782658627808
2025-07-18,0.026442634920242073,0.0,1.0,0.026442634920242073,4.052559532017563,0.009139457367119519
2025-07-21,-0.004701236986187597,0.0,1.0,-0.004701236986187597,4.047858295031375,-0.0018290950419093122
2025-07-22,-0.002510037143175296,0.0,1.0,-0.002510037143175296,4.0453482578882,0.003931754701204326
2025-07-23,-0.03327465442350292,0.0,1.0,-0.03327465442350292,4.012073603464698,-0.003473329789119073
2025-07-24,0.007712070559657972,0.0,1.0,0.007712070559657972,4.019785674024355,0.004961411245865355
2025-07-25,-0.01012745978513179,0.0,1.0,-0.01012745978513179,4.009658214239224,-0.0003539008723657533
2025-07-28,0.03036244649950765,0.0,1.0,0.03036244649950765,4.0400206607387315,0.0049740675835945325
2025-07-29,0.02759038732500195,0.0,1.0,0.02759038732500195,4.067611048063733,0.0053193363159191875
2025-07-30,-0.0010155591188175323,0.001,1.0,-0.0020155591188175323,4.065595488944915,-0.004520288737823286
2025-07-31,-0.002315397635210416,0.0,1.0,-0.002315397635210416,4.063280091309705,0.011193635819634729
2025-08-01,-0.09778073593986228,0.0,1.0,-0.09778073593986228,3.9654993553698428,-0.027343614021651974
2025-08-04,0.01797533214069875,0.0,1.0,0.01797533214069875,3.9834746875105416,0.0003936796521302188
2025-08-05,0.030778445037415447,0.0,1.0,0.030778445037415447,4.014253132547957,0.01134066720329141
2025-08-06,-0.039723204372190346,0.0,1.0,-0.039723204372190346,3.974529928175767,-0.007569995932011464
2025-08-07,0.05662777553573187,0.0,1.0,0.05662777553573187,4.031157703711498,0.018819839247206316
2025-08-08,-0.009443055714506638,0.0,1.0,-0.009443055714506638,4.021714647996992,-0.0021340983434496863
2025-08-11,0.026818978550647833,0.0,1.0,0.026818978550647833,4.0485336265476395,0.007432728547637879
2025-08-12,0.004246140501990769,0.0,1.0,0.004246140501990769,4.05277976704963,0.0008178322225893542
2025-08-13,0.06424477519641322,0.001,1.0,0.06324477519641322,4.116024542246044,0.013213714444676228
2025-08-14,-0.020804841651105882,0.0,1.0,-0.020804841651105882,4.095219700594939,-0.007687555769098853
2025-08-15,0.013627935419943686,0.0,1.0,0.013627935419943686,4.1088476360148825,0.002628484471190351
2025-08-18,-0.036842265904926376,0.0,1.0,-0.036842265904926376,4.072005370109956,-0.00579510175922715
2025-08-19,0.008098341677812624,0.0,1.0,0.008098341677812624,4.080103711787768,-8.673929637093014e-05
2025-08-20,-0.04598794601541576,0.0,1.0,-0.04598794601541576,4.034115765772352,-0.013983587501517958
2025-08-21,-0.022202726562618187,0.0,1.0,-0.022202726562618187,4.011913039209734,-0.00700297362447877
2025-08-22,0.003130876835189926,0.0,1.0,0.003130876835189926,4.015043916044924,0.0005670240099227009
2025-08-25,0.044772300907046626,0.0,1.0,0.044772300907046626,4.059816216951971,0.010147519790320025
2025-08-26,0.0015798372090741074,0.0,1.0,0.0015798372090741074,4.061396054161045,-0.0009992987377277496
2025-08-27,0.0056643262882164706,0.001,1.0,0.0046643262882164705,4.066060380449262,0.003088640471719639
2025-08-28,0.02081100131012752,0.0,1.0,0.02081100131012752,4.086871381759389,0.0044087545268460815
2025-08-29,-0.01905320204146198,0.0,1.0,-0.01905320204146198,4.067818179717927,0.0009492954311891566
2025-09-02,-0.09352948654782814,0.0,1.0,-0.09352948654782814,3.974288693170099,-0.023222629229711744
2025-09-03,0.04416535202554646,0.0,1.0,0.04416535202554646,4.018454045195646,0.014109850171919458
2025-09-04,-0.01444840883757057,0.0,1.0,-0.01444840883757057,4.004005636358075,0.0026527062874408536
2025-09-05,0.0688266559797078,0.0,1.0,0.0688266559797078,4.072832292337782,0.017083085117566732
2025-09-08,-0.0031225522502040244,0.0,1.0,-0.0031225522502040244,4.069709740087578,-0.0036520870299230346
2025-09-09,0.0069296406965477335,0.0,1.0,0.0069296406965477335,4.076639380784126,0.0022476961114856753
2025-09-10,0.03468581249160727,0.0,1.0,0.03468581249160727,4.111325193275734,0.007021236220608351
2025-09-11,0.008970692858394807,0.001,1.0,0.007970692858394808,4.119295886134129,-0.0008565457224106732
2025-09-12,0.009412350381556831,0.0,1.0,0.009412350381556831,4.128708236515686,0.003086208079006836
2025-09-15,0.004865518742344668,0.0,1.0,0.004865518742344668,4.1335737552580305,0.005811568439765047
2025-09-16,0.031192688743024305,0.0,1.0,0.031192688743024305,4.164766444001055,0.007086533886207613
2025-09-17,-0.004957075757509982,0.0,1.0,-0.004957075757509982,4.159809368243545,-0.0025480501510267706
2025-09-18,0.05244658782459803,0.0,1.0,0.05244658782459803,4.212255956068143,0.0064456098798848505
2025-09-19,0.019649346573941937,0.0,1.0,0.019649346573941937,4.231905302642085,0.0040678421946178656
2025-09-22,-0.0034450563911677234,0.0,1.0,-0.0034450563911677234,4.228460246250917,0.0006863877588603184
2025-09-23,0.03839915677164001,0.0,1.0,0.03839915677164001,4.266859403022557,0.007745842674072412
2025-09-24,-0.021032788438039154,0.0,1.0,-0.021032788438039154,4.245826614584518,-0.004631704766173583
2025-09-25,-0.0462203131123384,0.001,1.0,-0.0472203131123384,4.198606301472179,-0.012308616031221797
2025-09-26,0.027995655809083884,0.0,1.0,0.027995655809083884,4.226601957281263,0.0036305302262749084
2025-09-29,0.028926208297876035,0.0,1.0,0.028926208297876035,4.255528165579139,0.008008749053587838
2025-09-30,-0.016684478014821407,0.0,1.0,-0.016684478014821407,4.238843687564318,-0.0011350169417970735
2025-10-01,-0.0016480200562189447,0.0,1.0,-0.0016480200562189447,4.237195667508098,-0.0021055094163059396
2025-10-02,0.09922779587512748,0.0,1.0,0.09922779587512748,4.336423463383227,0.01656144816383942
2025-10-03,0.006026262383177022,0.0,1.0,0.006026262383177022,4.342449725766404,-0.0009060059961123468
2025-10-06,0.056539824644538,0.0,1.0,0.056539824644538,4.398989550410941,0.0031986282171769798
2025-10-07,0.000738400811775739,0.0,1.0,0.000738400811775739,4.399727951222717,0.0009368066398223185
2025-10-08,-0.07022486336018585,0.0,1.0,-0.07022486336018585,4.329503087862531,-0.005927555745295798
2025-10-09,0.07307786298555823,0.001,1.0,0.07207786298555822,4.401580950848089,0.010026263193538387
2025-10-10,-0.0013474657549138065,0.0,1.0,-0.0013474657549138065,4.400233485093176,-0.00013083011709302816
2025-10-13,-0.08105173681800162,0.0,1.0,-0.08105173681800162,4.319181748275174,-0.01916912005233895
2025-10-14,-0.02955952041176589,0.0,1.0,-0.02955952041176589,4.289622227863408,-0.007287219850587001
2025-10-15,0.05461155541075988,0.0,1.0,0.05461155541075988,4.344233783274168,0.014614234600460296
2025-10-16,0.024790738374133724,0.0,1.0,0.024790738374133724,4.369024521648302,0.0018211619012931113
2025-10-17,-0.038873103625832614,0.0,1.0,-0.038873103625832614,4.330151418022469,-0.011832559369370776
2025-10-20,0.039784427911811575,0.0,1.0,0.039784427911811575,4.369935845934281,0.015369178024918329
2025-10-21,0.018044220862385028,0.0,1.0,0.018044220862385028,4.387980066796666,0.007411799584939205
2025-10-22,-0.02233527484591396,0.0,1.0,-0.02233527484591396,4.365644791950752,-0.001340657903341702
2025-10-23,-0.042139634983670834,0.001,1.0,-0.043139634983670835,4.322505156967081,-0.009675518155921714
2025-10-24,0.054852320675105475,0.0,1.0,0.054852320675105475,4.377357477642186,0.01831677439619117
2025-10-27,0.04334484081319521,0.0,1.0,0.04334484081319521,4.4207023184553815,0.013847627396548656
2025-10-28,0.030111238971998473,0.0,1.0,0.030111238971998473,4.45081355742738,0.009351181707551559
2025-10-29,0.02800153433064827,0.0,1.0,0.02800153433064827,4.478815091758028,0.008296846246589329
2025-10-30,-0.018987341772151937,0.0,1.0,-0.018987341772151937,4.459827749985877,-0.005380827262858268
2025-10-31,0.008630609896432736,0.0,1.0,0.008630609896432736,4.468458359882309,0.0031637059651676847
2025-11-03,0.004794783275795934,0.0,1.0,0.004794783275795934,4.473253143158105,0.0014822523928916809
2025-11-04,-0.06367472190257001,0.0,1.0,-0.06367472190257001,4.409578421255535,-0.0186266945883391
2025-11-05,-0.025700038358266137,0.0,1.0,-0.025700038358266137,4.383878382897269,-0.007685149531510671
2025-11-06,0.016302263137706066,0.0005,0.0,0.015802263137706066,4.399680646034975,0.005335575352875432
2025-11-07,0.0,0.0,0.0,0.0,4.399680646034975,-0.021679345116518478
2025-11-10,0.0,0.0,0.0,0.0,4.399680646034975,0.017441764889612132
2025-11-11,0.0,0.0,0.0,0.0,4.399680646034975,0.00266593420797534
2025-11-12,0.0,0.0005,1.0,-0.0005,4.399180646034974,0.00688077090416872
2025-11-13,-0.03487757618460462,0.0,1.0,-0.03487757618460462,4.36430306985037,-0.011682990845656605
2025-11-14,-0.08455169984146552,0.0,1.0,-0.08455169984146552,4.2797513700089045,-0.029131716164135124
2025-11-17,0.030297692443191807,0.0,1.0,0.030297692443191807,4.310049062452096,0.011258443832874665
2025-11-18,-0.030297692443191807,0.0,1.0,-0.030297692443191807,4.2797513700089045,-0.011017648029028493
2025-11-19,-0.01162585872820158,0.0,1.0,-0.01162585872820158,4.268125511280703,-0.004252693372469141
2025-11-20,0.0637660736304387,0.0,1.0,0.0637660736304387,4.331891584911142,0.02436900195956926
2025-11-21,-0.10745111854852918,0.0,1.0,-0.10745111854852918,4.224440466362613,-0.039485301330891676
2025-11-24,0.03258763431389821,0.0,1.0,0.03258763431389821,4.257028100676511,0.013294295878938378
2025-11-25,0.03417297868592563,0.0,1.0,0.03417297868592563,4.291201079362437,0.013825426689961118
2025-11-26,0.03998590805002635,0.0005,0.0,0.03948590805002635,4.330686987412463,0.014912760351941223
2025-11-28,0.0,0.0,0.0,0.0,4.330686987412463,0.005877455061958248
2025-12-01,0.0,0.0,0.0,0.0,4.330686987412463,-0.004025255230397207
2025-12-02,0.0,0.0,0.0,0.0,4.330686987412463,0.009500839267962746
2025-12-03,0.0,0.0,0.0,0.0,4.330686987412463,0.000258289477932383
2025-12-04,0.0,0.0,0.0,0.0,4.330686987412463,0.00856976856783187
2025-12-05,0.0,0.0,0.0,0.0,4.330686987412463,-0.0008800985710398779
2025-12-08,0.0,0.0,0.0,0.0,4.330686987412463,0.004532496236266503
2025-12-09,0.0,0.0005,1.0,-0.0005,4.330186987412462,-0.006696321806093697
2025-12-10,0.00823412378928127,0.0,1.0,0.00823412378928127,4.338421111201744,0.0013482929647998798
2025-12-11,0.00369933421971131,0.0,1.0,0.00369933421971131,4.342120445421456,-4.808848280835054e-05
2025-12-12,-0.016274793280702714,0.0,1.0,-0.016274793280702714,4.325845652140753,-0.002789266134461843
2025-12-15,-0.0500185844175362,0.0,1.0,-0.0500185844175362,4.275827067723217,-0.005963863168724326
2025-12-16,-0.048746946366463616,0.0,1.0,-0.048746946366463616,4.227080121356753,-0.016349434804405205
2025-12-17,0.013658214638425242,0.0,1.0,0.013658214638425242,4.240738335995178,0.00789136224640763
2025-12-18,-0.019784919152512206,0.0,1.0,-0.019784919152512206,4.220953416842665,-0.0053175871855936085
2025-12-19,0.0008462571232280489,0.0,1.0,0.0008462571232280489,4.221799673965894,0.003525746146277653
2025-12-22,0.07508658670862395,0.0,1.0,0.07508658670862395,4.296886260674517,0.015360732085954787
2025-12-23,-0.02707906821430109,0.001,1.0,-0.02807906821430109,4.2688071924602164,-0.005069606501971524
2025-12-24,0.02130288399235181,0.0,1.0,0.02130288399235181,4.290110076452568,0.00613070203817534
2025-12-26,0.018106810613559413,0.0,1.0,0.018106810613559413,4.308216887066127,0.004292673515651213
2025-12-29,-0.032162555011691615,0.0,1.0,-0.032162555011691615,4.276054332054436,-0.007299971184324239
2025-12-30,0.012893764164416165,0.0,1.0,0.012893764164416165,4.288948096218852,-0.00041928721174000483
2025-12-31,-0.003699077479066693,0.0,1.0,-0.003699077479066693,4.285249018739785,-0.00030653071760466943
2026-01-02,0.014919444015627349,0.0,1.0,0.014919444015627349,4.300168462755412,0.0006616638424916665
2026-01-05,0.05914920598397805,0.0,1.0,0.05914920598397805,4.35931766873939,-0.0011934328935907512
2026-01-06,0.008639115803250719,0.0,1.0,0.008639115803250719,4.367956784542641,-0.00014532067428796314
2026-01-07,0.021834062844174704,0.0,1.0,0.021834062844174704,4.389790847386816,0.006152802674288971
2026-01-08,-0.004901937190261203,0.0005,0.0,-0.005401937190261203,4.384388910196554,-1.6050333846884257e-05
2026-01-09,0.0,0.0,0.0,0.0,4.384388910196554,-0.0026001958172158224
2026-01-12,0.0,0.0,0.0,0.0,4.384388910196554,0.0014483191451697408
2026-01-13,0.0,0.0,0.0,0.0,4.384388910196554,0.007970304189230504
2026-01-14,0.0,0.0005,1.0,-0.0005,4.383888910196554,-0.008018875444385953
2026-01-15,0.06532935047663863,0.0,1.0,0.06532935047663863,4.449218260673193,0.007006942658781101
2026-01-16,-0.0008841030114557819,0.0,1.0,-0.0008841030114557819,4.448334157661737,-0.001755505904883492
2026-01-20,-0.07109213844738049,0.0,1.0,-0.07109213844738049,4.377242019214357,-0.02393285371702647
2026-01-21,0.023483380392983266,0.0,1.0,0.023483380392983266,4.4007253996073405,-0.0017361964195042878
2026-01-22,0.09045597235634509,0.0,1.0,0.09045597235634509,4.491181371963686,0.021133115657866686
2026-01-23,-0.046953451941797154,0.0,1.0,-0.046953451941797154,4.444227920021888,-0.004209849762995099
2026-01-26,-0.007692795807430224,0.0,1.0,-0.007692795807430224,4.436535124214458,0.0056153486195602564
2026-01-27,0.03715987929529587,0.0,1.0,0.03715987929529587,4.473695003509754,0.009146194701625365
2026-01-28,0.06759628748372509,0.0,1.0,0.06759628748372509,4.541291290993479,0.010414844731360784
2026-01-29,0.005860132898076761,0.001,1.0,0.004860132898076761,4.546151423891557,-0.0044219935165078494
2026-01-30,-0.040270497897305836,0.0,1.0,-0.040270497897305836,4.5058809259942505,-0.010969730498695873
2026-02-02,-0.07069117066514162,0.0,1.0,-0.07069117066514162,4.435189755329109,-0.011203273081779042
2026-02-03,0.07397667310416503,0.0,1.0,0.07397667310416503,4.509166428433273,0.015516405366090114
2026-02-04,-0.08307394647480436,0.0,1.0,-0.08307394647480436,4.426092481958469,-0.021136399809008388
2026-02-05,-0.09070224728279527,0.0,1.0,-0.09070224728279527,4.335390234675674,-0.024080517706741134
2026-02-06,0.03574812602550941,0.0,1.0,0.03574812602550941,4.371138360701183,-3.3321670748542864e-05
2026-02-09,0.04059884922203649,0.0,1.0,0.04059884922203649,4.41173720992322,0.012246122061347009
2026-02-10,0.05000867636788604,0.0,1.0,0.05000867636788604,4.461745886291106,0.012781051453402137
2026-02-11,0.02014739673669291,0.0,1.0,0.02014739673669291,4.481893283027799,0.001747101031196019
2026-02-12,0.013872438460456927,0.0005,0.0,0.013372438460456926,4.495265721488256,-0.002709367597910295
2026-02-13,0.0,0.0,0.0,0.0,4.495265721488256,-0.023230466398789784
2026-02-17,0.0,0.0,0.0,0.0,4.495265721488256,-0.003422547174524837
2026-02-18,0.0,0.0,0.0,0.0,4.495265721488256,0.006241905159807937
2026-02-19,0.0,0.0,0.0,0.0,4.495265721488256,0.0011625782664295148
2026-02-20,0.0,0.0,0.0,0.0,4.495265721488256,-0.004462434266186643
2026-02-23,0.0,0.0,0.0,0.0,4.495265721488256,0.010806172098913658
2026-02-24,0.0,0.0,0.0,0.0,4.495265721488256,-0.006932023310061819
2026-02-25,0.0,0.0,0.0,0.0,4.495265721488256,0.014392430278884483
2026-02-26,0.0,0.0,0.0,0.0,4.495265721488256,0.007396861243392783
2026-02-27,0.0,0.0,0.0,0.0,4.495265721488256,-0.020484413327052087
2026-03-02,0.0,0.0,0.0,0.0,4.495265721488256,-0.006832730770506501
2026-03-03,0.0,0.0,0.0,0.0,4.495265721488256,-0.004224693584477079
2026-03-04,0.0,0.0,0.0,0.0,4.495265721488256,0.013130313752452327
2026-03-05,0.0,0.0,0.0,0.0,4.495265721488256,0.005362817796610075
2026-03-06,0.0,0.0,0.0,0.0,4.495265721488256,-0.011672703325650402
2026-03-09,0.0,0.0,0.0,0.0,4.495265721488256,-0.01013642951141902
2026-03-10,0.0,0.0,0.0,0.0,4.495265721488256,0.022811224704446964
2026-03-11,0.0,0.0,0.0,0.0,4.495265721488256,0.0019250386653066887
2026-03-12,0.0,0.0,0.0,0.0,4.495265721488256,-0.01016503818047465
2026-03-13,0.0,0.0,0.0,0.0,4.495265721488256,-0.005026876368703914
2026-03-16,0.0,0.0,0.0,0.0,4.495265721488256,0.0005168992713386888
2026-03-17,0.0,0.0,0.0,0.0,4.495265721488256,0.005166322245183652
2026-03-18,0.0,0.0,0.0,0.0,4.495265721488256,-0.0027356832576184154
2026-03-19,0.0,0.0,0.0,0.0,4.495265721488256,-0.019917205606078237
2026-03-20,0.0,0.0,0.0,0.0,4.495265721488256,0.002629302301911718
2026-03-23,0.0,0.0,0.0,0.0,4.495265721488256,-0.0009136128311846292
2026-03-24,0.0,0.0,0.0,0.0,4.495265721488256,-0.009669443879970263
2026-03-25,0.0,0.0,0.0,0.0,4.495265721488256,0.007404114156734698
2026-03-26,0.0,0.0,0.0,0.0,4.495265721488256,-0.0111009267746206
2026-03-27,0.0,0.0,0.0,0.0,4.495265721488256,-0.020236869207003183
2026-03-30,0.0,0.0,0.0,0.0,4.495265721488256,-0.006009004747639213
2026-03-31,0.0,0.0,0.0,0.0,4.495265721488256,-0.005446085515880106
2026-04-01,0.0,0.0,0.0,0.0,4.495265721488256,0.030463059774229695
2026-04-02,0.0,0.0,0.0,0.0,4.495265721488256,-0.012915319529476443
2026-04-06,0.0,0.0,0.0,0.0,4.495265721488256,0.02136000139380112
2026-04-07,0.0,0.0,0.0,0.0,4.495265721488256,-0.0010064309230166657
2026-04-08,0.0,0.0,0.0,0.0,4.495265721488256,0.03939280103818055
2026-04-09,0.0,0.0,0.0,0.0,4.495265721488256,-0.004567035205598868
2026-04-10,0.0,0.0,0.0,0.0,4.495265721488256,0.009753601901209885
2026-04-13,0.0,0.0,0.0,0.0,4.495265721488256,-0.0038572175732217717
2026-04-14,0.0,0.0005,1.0,-0.0005,4.494765721488255,0.017621579050994374
2026-04-15,0.02955669542944874,0.0,1.0,0.02955669542944874,4.524322416917704,0.014285253619683358
2026-04-16,0.02700916677994606,0.0,1.0,0.02700916677994606,4.55133158369765,0.01610288039676977
2026-04-17,0.06520105893438725,0.0,1.0,0.06520105893438725,4.616532642632038,0.009981070383754842
2026-04-20,0.02269496562863551,0.0,1.0,0.02269496562863551,4.639227608260673,0.0037949782369615104
2026-04-21,0.012787488485411185,0.0,1.0,0.012787488485411185,4.652015096746084,0.0005709524103449937
2026-04-22,0.034220964149916835,0.0,1.0,0.034220964149916835,4.686236060896,0.0026834872997023584
2026-04-23,0.04257060234429657,0.0,1.0,0.04257060234429657,4.728806663240297,0.005229562408674893
2026-04-24,0.11206949272106459,0.0,1.0,0.11206949272106459,4.840876155961362,0.0075893198684109375
2026-04-27,0.031644475954673554,0.0,1.0,0.031644475954673554,4.872520631916036,0.007425855340085885
2026-04-28,-0.1340308652088721,0.0005,0.0,-0.1345308652088721,4.737989766707163,-0.009029243292131506
2026-04-29,0.0,0.0,0.0,0.0,4.737989766707163,0.0018557673293684296
2026-04-30,0.0,0.0,0.0,0.0,4.737989766707163,0.010202997130407176
