variant,month,net_pnl
q40_all_always_next_0934_close_both_reversal_c10,2024-11,-0.012925067441877602
q40_all_always_next_0934_close_both_reversal_c10,2024-12,-0.029035956989037826
q40_all_always_next_0934_close_both_reversal_c10,2025-01,-0.19964215715219924
q40_all_always_next_0934_close_both_reversal_c10,2025-02,-0.15642016660605107
q40_all_always_next_0934_close_both_reversal_c10,2025-03,0.31185103045289453
q40_all_always_next_0934_close_both_reversal_c10,2025-04,0.1048073920610425
q40_all_always_next_0934_close_both_reversal_c10,2025-05,0.0851593586380941
q40_all_always_next_0934_close_both_reversal_c10,2025-06,0.048306537922343185
q40_all_always_next_0934_close_both_reversal_c10,2025-07,0.007399443086116508
q40_all_always_next_0934_close_both_reversal_c10,2025-08,-0.07038656341416394
q40_all_always_next_0934_close_both_reversal_c10,2025-09,-0.17279515262798806
q40_all_always_next_0934_close_both_reversal_c10,2025-10,0.24516627539490143
q40_all_always_next_0934_close_both_reversal_c10,2025-11,0.14261647356723894
q40_all_always_next_0934_close_both_reversal_c10,2025-12,0.14864411280873768
q40_all_always_next_0934_close_both_reversal_c10,2026-01,0.12259313372192049
q40_all_always_next_0934_close_both_reversal_c10,2026-02,0.24331615682990104
q40_all_always_next_0934_close_both_reversal_c10,2026-03,-0.0573574732870451
q40_all_always_next_0934_close_both_reversal_c10,2026-04,-0.2241569631768291
q40_all_always_next_0934_close_both_reversal_c5,2024-11,-0.003925067441877594
q40_all_always_next_0934_close_both_reversal_c5,2024-12,-0.018035956989037816
q40_all_always_next_0934_close_both_reversal_c5,2025-01,-0.18664215715219923
q40_all_always_next_0934_close_both_reversal_c5,2025-02,-0.14242016660605106
q40_all_always_next_0934_close_both_reversal_c5,2025-03,0.32785103045289454
q40_all_always_next_0934_close_both_reversal_c5,2025-04,0.11680739206104251
q40_all_always_next_0934_close_both_reversal_c5,2025-05,0.0921593586380941
q40_all_always_next_0934_close_both_reversal_c5,2025-06,0.05830653792234319
q40_all_always_next_0934_close_both_reversal_c5,2025-07,0.016399443086116516
q40_all_always_next_0934_close_both_reversal_c5,2025-08,-0.06038656341416393
q40_all_always_next_0934_close_both_reversal_c5,2025-09,-0.15979515262798805
q40_all_always_next_0934_close_both_reversal_c5,2025-10,0.26416627539490145
q40_all_always_next_0934_close_both_reversal_c5,2025-11,0.15761647356723896
q40_all_always_next_0934_close_both_reversal_c5,2025-12,0.1606441128087377
q40_all_always_next_0934_close_both_reversal_c5,2026-01,0.1315931337219205
q40_all_always_next_0934_close_both_reversal_c5,2026-02,0.25831615682990106
q40_all_always_next_0934_close_both_reversal_c5,2026-03,-0.04235747328704509
q40_all_always_next_0934_close_both_reversal_c5,2026-04,-0.21215696317682908
q40_all_always_next_0934_close_negative_signal_bull_c10,2024-11,-0.016964068374091368
q40_all_always_next_0934_close_negative_signal_bull_c10,2024-12,-0.002377542940290911
q40_all_always_next_0934_close_negative_signal_bull_c10,2025-01,-0.09325670640551764
q40_all_always_next_0934_close_negative_signal_bull_c10,2025-02,-0.03510327098258148
q40_all_always_next_0934_close_negative_signal_bull_c10,2025-03,-0.007466690442921142
q40_all_always_next_0934_close_negative_signal_bull_c10,2025-04,-0.1267097036450755
q40_all_always_next_0934_close_negative_signal_bull_c10,2025-05,0.09407734481871866
q40_all_always_next_0934_close_negative_signal_bull_c10,2025-06,0.07905211532792356
q40_all_always_next_0934_close_negative_signal_bull_c10,2025-07,-0.06473402957129515
q40_all_always_next_0934_close_negative_signal_bull_c10,2025-08,-0.09769743494677241
q40_all_always_next_0934_close_negative_signal_bull_c10,2025-09,-0.004763931075451694
q40_all_always_next_0934_close_negative_signal_bull_c10,2025-10,0.33662609374902086
q40_all_always_next_0934_close_negative_signal_bull_c10,2025-11,0.03811406934485629
q40_all_always_next_0934_close_negative_signal_bull_c10,2025-12,0.16397673742359287
q40_all_always_next_0934_close_negative_signal_bull_c10,2026-01,0.1647088163900976
q40_all_always_next_0934_close_negative_signal_bull_c10,2026-02,0.12246815823546786
q40_all_always_next_0934_close_negative_signal_bull_c10,2026-03,0.029841046890886846
q40_all_always_next_0934_close_negative_signal_bull_c10,2026-04,0.0792128282697111
q40_all_always_next_0934_close_negative_signal_bull_c5,2024-11,-0.012964068374091364
q40_all_always_next_0934_close_negative_signal_bull_c5,2024-12,0.006622457059709097
q40_all_always_next_0934_close_negative_signal_bull_c5,2025-01,-0.08625670640551764
q40_all_always_next_0934_close_negative_signal_bull_c5,2025-02,-0.028103270982581474
q40_all_always_next_0934_close_negative_signal_bull_c5,2025-03,0.0015333095570788657
q40_all_always_next_0934_close_negative_signal_bull_c5,2025-04,-0.1227097036450755
q40_all_always_next_0934_close_negative_signal_bull_c5,2025-05,0.09907734481871866
q40_all_always_next_0934_close_negative_signal_bull_c5,2025-06,0.08305211532792356
q40_all_always_next_0934_close_negative_signal_bull_c5,2025-07,-0.059734029571295144
q40_all_always_next_0934_close_negative_signal_bull_c5,2025-08,-0.0936974349467724
q40_all_always_next_0934_close_negative_signal_bull_c5,2025-09,-0.001763931075451696
q40_all_always_next_0934_close_negative_signal_bull_c5,2025-10,0.34462609374902087
q40_all_always_next_0934_close_negative_signal_bull_c5,2025-11,0.04611406934485629
q40_all_always_next_0934_close_negative_signal_bull_c5,2025-12,0.16897673742359287
q40_all_always_next_0934_close_negative_signal_bull_c5,2026-01,0.1707088163900976
q40_all_always_next_0934_close_negative_signal_bull_c5,2026-02,0.13046815823546787
q40_all_always_next_0934_close_negative_signal_bull_c5,2026-03,0.039841046890886855
q40_all_always_next_0934_close_negative_signal_bull_c5,2026-04,0.0812128282697111
q40_all_always_next_0934_close_positive_signal_inverse_c10,2024-11,0.0040390009322137654
q40_all_always_next_0934_close_positive_signal_inverse_c10,2024-12,-0.02665841404874691
q40_all_always_next_0934_close_positive_signal_inverse_c10,2025-01,-0.1063854507466816
q40_all_always_next_0934_close_positive_signal_inverse_c10,2025-02,-0.12131689562346959
q40_all_always_next_0934_close_positive_signal_inverse_c10,2025-03,0.31931772089581567
q40_all_always_next_0934_close_positive_signal_inverse_c10,2025-04,0.231517095706118
q40_all_always_next_0934_close_positive_signal_inverse_c10,2025-05,-0.008917986180624558
q40_all_always_next_0934_close_positive_signal_inverse_c10,2025-06,-0.030745577405580364
q40_all_always_next_0934_close_positive_signal_inverse_c10,2025-07,0.07213347265741166
q40_all_always_next_0934_close_positive_signal_inverse_c10,2025-08,0.02731087153260847
q40_all_always_next_0934_close_positive_signal_inverse_c10,2025-09,-0.16803122155253636
q40_all_always_next_0934_close_positive_signal_inverse_c10,2025-10,-0.09145981835411943
q40_all_always_next_0934_close_positive_signal_inverse_c10,2025-11,0.10450240422238266
q40_all_always_next_0934_close_positive_signal_inverse_c10,2025-12,-0.015332624614855184
q40_all_always_next_0934_close_positive_signal_inverse_c10,2026-01,-0.04211568266817711
q40_all_always_next_0934_close_positive_signal_inverse_c10,2026-02,0.12084799859443318
q40_all_always_next_0934_close_positive_signal_inverse_c10,2026-03,-0.08719852017793195
q40_all_always_next_0934_close_positive_signal_inverse_c10,2026-04,-0.3033697914465402
q40_all_always_next_0934_close_positive_signal_inverse_c5,2024-11,0.00903900093221377
q40_all_always_next_0934_close_positive_signal_inverse_c5,2024-12,-0.024658414048746913
q40_all_always_next_0934_close_positive_signal_inverse_c5,2025-01,-0.10038545074668159
q40_all_always_next_0934_close_positive_signal_inverse_c5,2025-02,-0.11431689562346958
q40_all_always_next_0934_close_positive_signal_inverse_c5,2025-03,0.3263177208958157
q40_all_always_next_0934_close_positive_signal_inverse_c5,2025-04,0.239517095706118
q40_all_always_next_0934_close_positive_signal_inverse_c5,2025-05,-0.006917986180624558
q40_all_always_next_0934_close_positive_signal_inverse_c5,2025-06,-0.024745577405580366
q40_all_always_next_0934_close_positive_signal_inverse_c5,2025-07,0.07613347265741166
q40_all_always_next_0934_close_positive_signal_inverse_c5,2025-08,0.03331087153260848
q40_all_always_next_0934_close_positive_signal_inverse_c5,2025-09,-0.15803122155253635
q40_all_always_next_0934_close_positive_signal_inverse_c5,2025-10,-0.08045981835411942
q40_all_always_next_0934_close_positive_signal_inverse_c5,2025-11,0.11150240422238267
q40_all_always_next_0934_close_positive_signal_inverse_c5,2025-12,-0.008332624614855177
q40_all_always_next_0934_close_positive_signal_inverse_c5,2026-01,-0.03911568266817711
q40_all_always_next_0934_close_positive_signal_inverse_c5,2026-02,0.1278479985944332
q40_all_always_next_0934_close_positive_signal_inverse_c5,2026-03,-0.08219852017793194
q40_all_always_next_0934_close_positive_signal_inverse_c5,2026-04,-0.2933697914465402
q40_all_always_next_open_both_reversal_c10,2024-11,-0.08723135963883444
q40_all_always_next_open_both_reversal_c10,2024-12,-0.04444456985279244
q40_all_always_next_open_both_reversal_c10,2025-01,-0.27415585562984035
q40_all_always_next_open_both_reversal_c10,2025-02,-0.14360450756341536
q40_all_always_next_open_both_reversal_c10,2025-03,0.2807912978222199
q40_all_always_next_open_both_reversal_c10,2025-04,0.15767630052163362
q40_all_always_next_open_both_reversal_c10,2025-05,0.019155292939112778
q40_all_always_next_open_both_reversal_c10,2025-06,0.030778029445645116
q40_all_always_next_open_both_reversal_c10,2025-07,0.0037765533584018865
q40_all_always_next_open_both_reversal_c10,2025-08,-0.06805679675402332
q40_all_always_next_open_both_reversal_c10,2025-09,-0.15167286980159955
q40_all_always_next_open_both_reversal_c10,2025-10,0.2764411374896837
q40_all_always_next_open_both_reversal_c10,2025-11,0.08573912770551573
q40_all_always_next_open_both_reversal_c10,2025-12,0.11203417914523663
q40_all_always_next_open_both_reversal_c10,2026-01,0.11934408255512441
q40_all_always_next_open_both_reversal_c10,2026-02,0.2889433451744319
q40_all_always_next_open_both_reversal_c10,2026-03,-0.06937462931497929
q40_all_always_next_open_both_reversal_c10,2026-04,-0.09136307080178874
q40_all_always_next_open_both_reversal_c5,2024-11,-0.07823135963883443
q40_all_always_next_open_both_reversal_c5,2024-12,-0.03344456985279243
q40_all_always_next_open_both_reversal_c5,2025-01,-0.26115585562984034
q40_all_always_next_open_both_reversal_c5,2025-02,-0.12960450756341535
q40_all_always_next_open_both_reversal_c5,2025-03,0.2967912978222199
q40_all_always_next_open_both_reversal_c5,2025-04,0.16967630052163363
q40_all_always_next_open_both_reversal_c5,2025-05,0.026155292939112784
q40_all_always_next_open_both_reversal_c5,2025-06,0.040778029445645125
q40_all_always_next_open_both_reversal_c5,2025-07,0.012776553358401888
q40_all_always_next_open_both_reversal_c5,2025-08,-0.05805679675402331
q40_all_always_next_open_both_reversal_c5,2025-09,-0.13867286980159954
q40_all_always_next_open_both_reversal_c5,2025-10,0.2954411374896837
q40_all_always_next_open_both_reversal_c5,2025-11,0.10073912770551574
q40_all_always_next_open_both_reversal_c5,2025-12,0.12403417914523662
q40_all_always_next_open_both_reversal_c5,2026-01,0.12834408255512442
q40_all_always_next_open_both_reversal_c5,2026-02,0.3039433451744319
q40_all_always_next_open_both_reversal_c5,2026-03,-0.05437462931497927
q40_all_always_next_open_both_reversal_c5,2026-04,-0.07936307080178873
q40_all_always_next_open_negative_signal_bull_c10,2024-11,-0.03596129805581394
q40_all_always_next_open_negative_signal_bull_c10,2024-12,0.0015428260980835384
q40_all_always_next_open_negative_signal_bull_c10,2025-01,-0.11070414534088457
q40_all_always_next_open_negative_signal_bull_c10,2025-02,-0.0038252052504683647
q40_all_always_next_open_negative_signal_bull_c10,2025-03,0.00014838957388063623
q40_all_always_next_open_negative_signal_bull_c10,2025-04,-0.041178770230233974
q40_all_always_next_open_negative_signal_bull_c10,2025-05,0.03557403362726019
q40_all_always_next_open_negative_signal_bull_c10,2025-06,0.07970401689971318
q40_all_always_next_open_negative_signal_bull_c10,2025-07,-0.04876331357603614
q40_all_always_next_open_negative_signal_bull_c10,2025-08,-0.062393303807380285
q40_all_always_next_open_negative_signal_bull_c10,2025-09,-0.005205840054369632
q40_all_always_next_open_negative_signal_bull_c10,2025-10,0.3384936806061838
q40_all_always_next_open_negative_signal_bull_c10,2025-11,-0.032504175178715504
q40_all_always_next_open_negative_signal_bull_c10,2025-12,0.12368880818619954
q40_all_always_next_open_negative_signal_bull_c10,2026-01,0.1398245691130493
q40_all_always_next_open_negative_signal_bull_c10,2026-02,0.10121827052976695
q40_all_always_next_open_negative_signal_bull_c10,2026-03,-0.03155780852809098
q40_all_always_next_open_negative_signal_bull_c10,2026-04,0.09366007716025515
q40_all_always_next_open_negative_signal_bull_c5,2024-11,-0.031961298055813936
q40_all_always_next_open_negative_signal_bull_c5,2024-12,0.010542826098083546
q40_all_always_next_open_negative_signal_bull_c5,2025-01,-0.10370414534088457
q40_all_always_next_open_negative_signal_bull_c5,2025-02,0.0031747947495316406
q40_all_always_next_open_negative_signal_bull_c5,2025-03,0.009148389573880644
q40_all_always_next_open_negative_signal_bull_c5,2025-04,-0.03717877023023397
q40_all_always_next_open_negative_signal_bull_c5,2025-05,0.0405740336272602
q40_all_always_next_open_negative_signal_bull_c5,2025-06,0.08370401689971319
q40_all_always_next_open_negative_signal_bull_c5,2025-07,-0.043763313576036134
q40_all_always_next_open_negative_signal_bull_c5,2025-08,-0.05839330380738028
q40_all_always_next_open_negative_signal_bull_c5,2025-09,-0.0022058400543696326
q40_all_always_next_open_negative_signal_bull_c5,2025-10,0.3464936806061838
q40_all_always_next_open_negative_signal_bull_c5,2025-11,-0.024504175178715504
q40_all_always_next_open_negative_signal_bull_c5,2025-12,0.12868880818619954
q40_all_always_next_open_negative_signal_bull_c5,2026-01,0.1458245691130493
q40_all_always_next_open_negative_signal_bull_c5,2026-02,0.10921827052976696
q40_all_always_next_open_negative_signal_bull_c5,2026-03,-0.02155780852809097
q40_all_always_next_open_negative_signal_bull_c5,2026-04,0.09566007716025515
q40_all_always_next_open_positive_signal_inverse_c10,2024-11,-0.0512700615830205
q40_all_always_next_open_positive_signal_inverse_c10,2024-12,-0.045987395950875976
q40_all_always_next_open_positive_signal_inverse_c10,2025-01,-0.16345171028895578
q40_all_always_next_open_positive_signal_inverse_c10,2025-02,-0.139779302312947
q40_all_always_next_open_positive_signal_inverse_c10,2025-03,0.28064290824833926
q40_all_always_next_open_positive_signal_inverse_c10,2025-04,0.1988550707518676
q40_all_always_next_open_positive_signal_inverse_c10,2025-05,-0.016418740688147415
q40_all_always_next_open_positive_signal_inverse_c10,2025-06,-0.048925987454068065
q40_all_always_next_open_positive_signal_inverse_c10,2025-07,0.05253986693443802
q40_all_always_next_open_positive_signal_inverse_c10,2025-08,-0.005663492946643032
q40_all_always_next_open_positive_signal_inverse_c10,2025-09,-0.14646702974722992
q40_all_always_next_open_positive_signal_inverse_c10,2025-10,-0.0620525431165001
q40_all_always_next_open_positive_signal_inverse_c10,2025-11,0.11824330288423124
q40_all_always_next_open_positive_signal_inverse_c10,2025-12,-0.011654629040962925
q40_all_always_next_open_positive_signal_inverse_c10,2026-01,-0.020480486557924893
q40_all_always_next_open_positive_signal_inverse_c10,2026-02,0.18772507464466492
q40_all_always_next_open_positive_signal_inverse_c10,2026-03,-0.037816820786888306
q40_all_always_next_open_positive_signal_inverse_c10,2026-04,-0.1850231479620439
q40_all_always_next_open_positive_signal_inverse_c5,2024-11,-0.046270061583020494
q40_all_always_next_open_positive_signal_inverse_c5,2024-12,-0.043987395950875974
q40_all_always_next_open_positive_signal_inverse_c5,2025-01,-0.15745171028895577
q40_all_always_next_open_positive_signal_inverse_c5,2025-02,-0.132779302312947
q40_all_always_next_open_positive_signal_inverse_c5,2025-03,0.28764290824833927
q40_all_always_next_open_positive_signal_inverse_c5,2025-04,0.2068550707518676
q40_all_always_next_open_positive_signal_inverse_c5,2025-05,-0.014418740688147413
q40_all_always_next_open_positive_signal_inverse_c5,2025-06,-0.04292598745406806
q40_all_always_next_open_positive_signal_inverse_c5,2025-07,0.05653986693443802
q40_all_always_next_open_positive_signal_inverse_c5,2025-08,0.0003365070533569714
q40_all_always_next_open_positive_signal_inverse_c5,2025-09,-0.1364670297472299
q40_all_always_next_open_positive_signal_inverse_c5,2025-10,-0.05105254311650009
q40_all_always_next_open_positive_signal_inverse_c5,2025-11,0.12524330288423124
q40_all_always_next_open_positive_signal_inverse_c5,2025-12,-0.004654629040962921
q40_all_always_next_open_positive_signal_inverse_c5,2026-01,-0.01748048655792489
q40_all_always_next_open_positive_signal_inverse_c5,2026-02,0.19472507464466493
q40_all_always_next_open_positive_signal_inverse_c5,2026-03,-0.0328168207868883
q40_all_always_next_open_positive_signal_inverse_c5,2026-04,-0.17502314796204388
q40_all_edge10_next_0934_close_both_reversal_c10,2024-11,-0.07655244230499136
q40_all_edge10_next_0934_close_both_reversal_c10,2024-12,-0.012331822755842992
q40_all_edge10_next_0934_close_both_reversal_c10,2025-01,-0.08210376132727493
q40_all_edge10_next_0934_close_both_reversal_c10,2025-02,-0.06020040790789449
q40_all_edge10_next_0934_close_both_reversal_c10,2025-03,0.20789651573772128
q40_all_edge10_next_0934_close_both_reversal_c10,2025-04,0.12569434184280548
q40_all_edge10_next_0934_close_both_reversal_c10,2025-05,0.08983149991689932
q40_all_edge10_next_0934_close_both_reversal_c10,2025-06,0.030065421171074136
q40_all_edge10_next_0934_close_both_reversal_c10,2025-07,-0.008274363753417613
q40_all_edge10_next_0934_close_both_reversal_c10,2025-08,-0.10630046451732744
q40_all_edge10_next_0934_close_both_reversal_c10,2025-09,0.0
q40_all_edge10_next_0934_close_both_reversal_c10,2025-10,0.12651546675934056
q40_all_edge10_next_0934_close_both_reversal_c10,2025-11,0.006406503044407487
q40_all_edge10_next_0934_close_both_reversal_c10,2025-12,0.046664014767888506
q40_all_edge10_next_0934_close_both_reversal_c10,2026-01,0.034760667259172595
q40_all_edge10_next_0934_close_both_reversal_c10,2026-02,0.24331615682990104
q40_all_edge10_next_0934_close_both_reversal_c10,2026-03,-0.030815431105977398
q40_all_edge10_next_0934_close_both_reversal_c10,2026-04,-0.19945917227541488
q40_all_edge10_next_0934_close_both_reversal_c5,2024-11,-0.07055244230499136
q40_all_edge10_next_0934_close_both_reversal_c5,2024-12,-0.007331822755842987
q40_all_edge10_next_0934_close_both_reversal_c5,2025-01,-0.08010376132727492
q40_all_edge10_next_0934_close_both_reversal_c5,2025-02,-0.05720040790789449
q40_all_edge10_next_0934_close_both_reversal_c5,2025-03,0.2208965157377213
q40_all_edge10_next_0934_close_both_reversal_c5,2025-04,0.1356943418428055
q40_all_edge10_next_0934_close_both_reversal_c5,2025-05,0.09383149991689932
q40_all_edge10_next_0934_close_both_reversal_c5,2025-06,0.039065421171074144
q40_all_edge10_next_0934_close_both_reversal_c5,2025-07,-0.00027436375341760577
q40_all_edge10_next_0934_close_both_reversal_c5,2025-08,-0.10230046451732744
q40_all_edge10_next_0934_close_both_reversal_c5,2025-09,0.0
q40_all_edge10_next_0934_close_both_reversal_c5,2025-10,0.13751546675934057
q40_all_edge10_next_0934_close_both_reversal_c5,2025-11,0.013406503044407492
q40_all_edge10_next_0934_close_both_reversal_c5,2025-12,0.054664014767888514
q40_all_edge10_next_0934_close_both_reversal_c5,2026-01,0.0417606672591726
q40_all_edge10_next_0934_close_both_reversal_c5,2026-02,0.25831615682990106
q40_all_edge10_next_0934_close_both_reversal_c5,2026-03,-0.018815431105977387
q40_all_edge10_next_0934_close_both_reversal_c5,2026-04,-0.19645917227541487
q40_all_edge10_next_0934_close_negative_signal_bull_c10,2024-11,-0.05471982161558364
q40_all_edge10_next_0934_close_negative_signal_bull_c10,2024-12,-0.00028379201616934857
q40_all_edge10_next_0934_close_negative_signal_bull_c10,2025-01,-0.09287543957060895
q40_all_edge10_next_0934_close_negative_signal_bull_c10,2025-02,-0.010593750000000067
q40_all_edge10_next_0934_close_negative_signal_bull_c10,2025-03,0.0008804708195592204
q40_all_edge10_next_0934_close_negative_signal_bull_c10,2025-04,-0.1267097036450755
q40_all_edge10_next_0934_close_negative_signal_bull_c10,2025-05,0.10808925930206026
q40_all_edge10_next_0934_close_negative_signal_bull_c10,2025-06,0.07905211532792356
q40_all_edge10_next_0934_close_negative_signal_bull_c10,2025-07,-0.08040783641082927
q40_all_edge10_next_0934_close_negative_signal_bull_c10,2025-08,-0.11251401687872387
q40_all_edge10_next_0934_close_negative_signal_bull_c10,2025-09,0.0
q40_all_edge10_next_0934_close_negative_signal_bull_c10,2025-10,0.16527850716494163
q40_all_edge10_next_0934_close_negative_signal_bull_c10,2025-11,0.07842932930356383
q40_all_edge10_next_0934_close_negative_signal_bull_c10,2025-12,0.13227545021837261
q40_all_edge10_next_0934_close_negative_signal_bull_c10,2026-01,0.07687634992734971
q40_all_edge10_next_0934_close_negative_signal_bull_c10,2026-02,0.12246815823546786
q40_all_edge10_next_0934_close_negative_signal_bull_c10,2026-03,0.029841046890886846
q40_all_edge10_next_0934_close_negative_signal_bull_c10,2026-04,0.033320892125625834
q40_all_edge10_next_0934_close_negative_signal_bull_c5,2024-11,-0.05271982161558364
q40_all_edge10_next_0934_close_negative_signal_bull_c5,2024-12,0.003716207983830655
q40_all_edge10_next_0934_close_negative_signal_bull_c5,2025-01,-0.09187543957060895
q40_all_edge10_next_0934_close_negative_signal_bull_c5,2025-02,-0.009593750000000068
q40_all_edge10_next_0934_close_negative_signal_bull_c5,2025-03,0.007880470819559227
q40_all_edge10_next_0934_close_negative_signal_bull_c5,2025-04,-0.1227097036450755
q40_all_edge10_next_0934_close_negative_signal_bull_c5,2025-05,0.11108925930206026
q40_all_edge10_next_0934_close_negative_signal_bull_c5,2025-06,0.08305211532792356
q40_all_edge10_next_0934_close_negative_signal_bull_c5,2025-07,-0.07640783641082927
q40_all_edge10_next_0934_close_negative_signal_bull_c5,2025-08,-0.10951401687872386
q40_all_edge10_next_0934_close_negative_signal_bull_c5,2025-09,0.0
q40_all_edge10_next_0934_close_negative_signal_bull_c5,2025-10,0.16827850716494164
q40_all_edge10_next_0934_close_negative_signal_bull_c5,2025-11,0.08242932930356384
q40_all_edge10_next_0934_close_negative_signal_bull_c5,2025-12,0.13527545021837262
q40_all_edge10_next_0934_close_negative_signal_bull_c5,2026-01,0.08087634992734971
q40_all_edge10_next_0934_close_negative_signal_bull_c5,2026-02,0.13046815823546787
q40_all_edge10_next_0934_close_negative_signal_bull_c5,2026-03,0.039841046890886855
q40_all_edge10_next_0934_close_negative_signal_bull_c5,2026-04,0.034320892125625835
q40_all_edge10_next_0934_close_positive_signal_inverse_c10,2024-11,-0.021832620689407722
q40_all_edge10_next_0934_close_positive_signal_inverse_c10,2024-12,-0.012048030739673641
q40_all_edge10_next_0934_close_positive_signal_inverse_c10,2025-01,0.010771678243334028
q40_all_edge10_next_0934_close_positive_signal_inverse_c10,2025-02,-0.049606657907894425
q40_all_edge10_next_0934_close_positive_signal_inverse_c10,2025-03,0.20701604491816206
q40_all_edge10_next_0934_close_positive_signal_inverse_c10,2025-04,0.252404045487881
q40_all_edge10_next_0934_close_positive_signal_inverse_c10,2025-05,-0.018257759385160943
q40_all_edge10_next_0934_close_positive_signal_inverse_c10,2025-06,-0.04898669415684941
q40_all_edge10_next_0934_close_positive_signal_inverse_c10,2025-07,0.07213347265741166
q40_all_edge10_next_0934_close_positive_signal_inverse_c10,2025-08,0.006213552361396426
q40_all_edge10_next_0934_close_positive_signal_inverse_c10,2025-09,0.0
q40_all_edge10_next_0934_close_positive_signal_inverse_c10,2025-10,-0.03876304040560108
q40_all_edge10_next_0934_close_positive_signal_inverse_c10,2025-11,-0.07202282625915635
q40_all_edge10_next_0934_close_positive_signal_inverse_c10,2025-12,-0.08561143545048411
q40_all_edge10_next_0934_close_positive_signal_inverse_c10,2026-01,-0.04211568266817711
q40_all_edge10_next_0934_close_positive_signal_inverse_c10,2026-02,0.12084799859443318
q40_all_edge10_next_0934_close_positive_signal_inverse_c10,2026-03,-0.060656477996864244
q40_all_edge10_next_0934_close_positive_signal_inverse_c10,2026-04,-0.2327800644010407
q40_all_edge10_next_0934_close_positive_signal_inverse_c5,2024-11,-0.01783262068940772
q40_all_edge10_next_0934_close_positive_signal_inverse_c5,2024-12,-0.011048030739673642
q40_all_edge10_next_0934_close_positive_signal_inverse_c5,2025-01,0.011771678243334027
q40_all_edge10_next_0934_close_positive_signal_inverse_c5,2025-02,-0.04760665790789442
q40_all_edge10_next_0934_close_positive_signal_inverse_c5,2025-03,0.21301604491816206
q40_all_edge10_next_0934_close_positive_signal_inverse_c5,2025-04,0.258404045487881
q40_all_edge10_next_0934_close_positive_signal_inverse_c5,2025-05,-0.017257759385160942
q40_all_edge10_next_0934_close_positive_signal_inverse_c5,2025-06,-0.043986694156849415
q40_all_edge10_next_0934_close_positive_signal_inverse_c5,2025-07,0.07613347265741166
q40_all_edge10_next_0934_close_positive_signal_inverse_c5,2025-08,0.007213552361396426
q40_all_edge10_next_0934_close_positive_signal_inverse_c5,2025-09,0.0
q40_all_edge10_next_0934_close_positive_signal_inverse_c5,2025-10,-0.030763040405601072
q40_all_edge10_next_0934_close_positive_signal_inverse_c5,2025-11,-0.06902282625915634
q40_all_edge10_next_0934_close_positive_signal_inverse_c5,2025-12,-0.0806114354504841
q40_all_edge10_next_0934_close_positive_signal_inverse_c5,2026-01,-0.03911568266817711
q40_all_edge10_next_0934_close_positive_signal_inverse_c5,2026-02,0.1278479985944332
q40_all_edge10_next_0934_close_positive_signal_inverse_c5,2026-03,-0.05865647799686424
q40_all_edge10_next_0934_close_positive_signal_inverse_c5,2026-04,-0.2307800644010407
q40_all_edge10_next_open_both_reversal_c10,2024-11,-0.1182236560564961
q40_all_edge10_next_open_both_reversal_c10,2024-12,-0.044366473996831024
q40_all_edge10_next_open_both_reversal_c10,2025-01,-0.10010755163820706
q40_all_edge10_next_open_both_reversal_c10,2025-02,-0.047947228862844526
q40_all_edge10_next_open_both_reversal_c10,2025-03,0.1549669241548851
q40_all_edge10_next_open_both_reversal_c10,2025-04,0.20893057977761054
q40_all_edge10_next_open_both_reversal_c10,2025-05,0.04045336885871764
q40_all_edge10_next_open_both_reversal_c10,2025-06,0.004859247719756987
q40_all_edge10_next_open_both_reversal_c10,2025-07,-0.023535735254901373
q40_all_edge10_next_open_both_reversal_c10,2025-08,-0.0765689358111108
q40_all_edge10_next_open_both_reversal_c10,2025-09,0.0
q40_all_edge10_next_open_both_reversal_c10,2025-10,0.16358311815367155
q40_all_edge10_next_open_both_reversal_c10,2025-11,-0.022862213572800383
q40_all_edge10_next_open_both_reversal_c10,2025-12,0.03223848357838177
q40_all_edge10_next_open_both_reversal_c10,2026-01,0.029521966567261027
q40_all_edge10_next_open_both_reversal_c10,2026-02,0.2889433451744319
q40_all_edge10_next_open_both_reversal_c10,2026-03,-0.09978750401528469
q40_all_edge10_next_open_both_reversal_c10,2026-04,-0.15919313890585918
q40_all_edge10_next_open_both_reversal_c5,2024-11,-0.11222365605649609
q40_all_edge10_next_open_both_reversal_c5,2024-12,-0.03936647399683102
q40_all_edge10_next_open_both_reversal_c5,2025-01,-0.09810755163820706
q40_all_edge10_next_open_both_reversal_c5,2025-02,-0.044947228862844524
q40_all_edge10_next_open_both_reversal_c5,2025-03,0.16796692415488512
q40_all_edge10_next_open_both_reversal_c5,2025-04,0.21893057977761055
q40_all_edge10_next_open_both_reversal_c5,2025-05,0.044453368858717646
q40_all_edge10_next_open_both_reversal_c5,2025-06,0.013859247719756995
q40_all_edge10_next_open_both_reversal_c5,2025-07,-0.015535735254901373
q40_all_edge10_next_open_both_reversal_c5,2025-08,-0.07256893581111079
q40_all_edge10_next_open_both_reversal_c5,2025-09,0.0
q40_all_edge10_next_open_both_reversal_c5,2025-10,0.17458311815367156
q40_all_edge10_next_open_both_reversal_c5,2025-11,-0.015862213572800377
q40_all_edge10_next_open_both_reversal_c5,2025-12,0.04023848357838178
q40_all_edge10_next_open_both_reversal_c5,2026-01,0.03652196656726103
q40_all_edge10_next_open_both_reversal_c5,2026-02,0.3039433451744319
q40_all_edge10_next_open_both_reversal_c5,2026-03,-0.08778750401528468
q40_all_edge10_next_open_both_reversal_c5,2026-04,-0.15619313890585917
q40_all_edge10_next_open_negative_signal_bull_c10,2024-11,-0.0533285944734756
q40_all_edge10_next_open_negative_signal_bull_c10,2024-12,-0.020272333747070936
q40_all_edge10_next_open_negative_signal_bull_c10,2025-01,-0.0839914862113641
q40_all_edge10_next_open_negative_signal_bull_c10,2025-02,-0.012156250000000089
q40_all_edge10_next_open_negative_signal_bull_c10,2025-03,-0.023679421996333105
q40_all_edge10_next_open_negative_signal_bull_c10,2025-04,-0.041178770230233974
q40_all_edge10_next_open_negative_signal_bull_c10,2025-05,0.07881163075644138
q40_all_edge10_next_open_negative_signal_bull_c10,2025-06,0.07970401689971318
q40_all_edge10_next_open_negative_signal_bull_c10,2025-07,-0.0760756021893394
q40_all_edge10_next_open_negative_signal_bull_c10,2025-08,-0.08620480165642208
q40_all_edge10_next_open_negative_signal_bull_c10,2025-09,0.0
q40_all_edge10_next_open_negative_signal_bull_c10,2025-10,0.1638149073124644
q40_all_edge10_next_open_negative_signal_bull_c10,2025-11,0.04255702763195091
q40_all_edge10_next_open_negative_signal_bull_c10,2025-12,0.09131069755965715
q40_all_edge10_next_open_negative_signal_bull_c10,2026-01,0.05000245312518592
q40_all_edge10_next_open_negative_signal_bull_c10,2026-02,0.10121827052976695
q40_all_edge10_next_open_negative_signal_bull_c10,2026-03,-0.03155780852809098
q40_all_edge10_next_open_negative_signal_bull_c10,2026-04,0.04224214838416018
q40_all_edge10_next_open_negative_signal_bull_c5,2024-11,-0.0513285944734756
q40_all_edge10_next_open_negative_signal_bull_c5,2024-12,-0.016272333747070933
q40_all_edge10_next_open_negative_signal_bull_c5,2025-01,-0.0829914862113641
q40_all_edge10_next_open_negative_signal_bull_c5,2025-02,-0.01115625000000009
q40_all_edge10_next_open_negative_signal_bull_c5,2025-03,-0.0166794219963331
q40_all_edge10_next_open_negative_signal_bull_c5,2025-04,-0.03717877023023397
q40_all_edge10_next_open_negative_signal_bull_c5,2025-05,0.08181163075644138
q40_all_edge10_next_open_negative_signal_bull_c5,2025-06,0.08370401689971319
q40_all_edge10_next_open_negative_signal_bull_c5,2025-07,-0.0720756021893394
q40_all_edge10_next_open_negative_signal_bull_c5,2025-08,-0.08320480165642208
q40_all_edge10_next_open_negative_signal_bull_c5,2025-09,0.0
q40_all_edge10_next_open_negative_signal_bull_c5,2025-10,0.1668149073124644
q40_all_edge10_next_open_negative_signal_bull_c5,2025-11,0.04655702763195091
q40_all_edge10_next_open_negative_signal_bull_c5,2025-12,0.09431069755965715
q40_all_edge10_next_open_negative_signal_bull_c5,2026-01,0.05400245312518592
q40_all_edge10_next_open_negative_signal_bull_c5,2026-02,0.10921827052976696
q40_all_edge10_next_open_negative_signal_bull_c5,2026-03,-0.02155780852809097
q40_all_edge10_next_open_negative_signal_bull_c5,2026-04,0.043242148384160184
q40_all_edge10_next_open_positive_signal_inverse_c10,2024-11,-0.0648950615830205
q40_all_edge10_next_open_positive_signal_inverse_c10,2024-12,-0.024094140249760088
q40_all_edge10_next_open_positive_signal_inverse_c10,2025-01,-0.016116065426842963
q40_all_edge10_next_open_positive_signal_inverse_c10,2025-02,-0.035790978862844436
q40_all_edge10_next_open_positive_signal_inverse_c10,2025-03,0.17864634615121822
q40_all_edge10_next_open_positive_signal_inverse_c10,2025-04,0.2501093500078445
q40_all_edge10_next_open_positive_signal_inverse_c10,2025-05,-0.03835826189772373
q40_all_edge10_next_open_positive_signal_inverse_c10,2025-06,-0.0748447691799562
q40_all_edge10_next_open_positive_signal_inverse_c10,2025-07,0.05253986693443802
q40_all_edge10_next_open_positive_signal_inverse_c10,2025-08,0.009635865845311288
q40_all_edge10_next_open_positive_signal_inverse_c10,2025-09,0.0
q40_all_edge10_next_open_positive_signal_inverse_c10,2025-10,-0.00023178915879285
q40_all_edge10_next_open_positive_signal_inverse_c10,2025-11,-0.06541924120475129
q40_all_edge10_next_open_positive_signal_inverse_c10,2025-12,-0.05907221398127538
q40_all_edge10_next_open_positive_signal_inverse_c10,2026-01,-0.020480486557924893
q40_all_edge10_next_open_positive_signal_inverse_c10,2026-02,0.18772507464466492
q40_all_edge10_next_open_positive_signal_inverse_c10,2026-03,-0.06822969548719371
q40_all_edge10_next_open_positive_signal_inverse_c10,2026-04,-0.20143528729001936
q40_all_edge10_next_open_positive_signal_inverse_c5,2024-11,-0.06089506158302049
q40_all_edge10_next_open_positive_signal_inverse_c5,2024-12,-0.023094140249760087
q40_all_edge10_next_open_positive_signal_inverse_c5,2025-01,-0.015116065426842962
q40_all_edge10_next_open_positive_signal_inverse_c5,2025-02,-0.033790978862844434
q40_all_edge10_next_open_positive_signal_inverse_c5,2025-03,0.18464634615121822
q40_all_edge10_next_open_positive_signal_inverse_c5,2025-04,0.2561093500078445
q40_all_edge10_next_open_positive_signal_inverse_c5,2025-05,-0.03735826189772373
q40_all_edge10_next_open_positive_signal_inverse_c5,2025-06,-0.06984476917995619
q40_all_edge10_next_open_positive_signal_inverse_c5,2025-07,0.05653986693443802
q40_all_edge10_next_open_positive_signal_inverse_c5,2025-08,0.010635865845311288
q40_all_edge10_next_open_positive_signal_inverse_c5,2025-09,0.0
q40_all_edge10_next_open_positive_signal_inverse_c5,2025-10,0.007768210841207157
q40_all_edge10_next_open_positive_signal_inverse_c5,2025-11,-0.062419241204751286
q40_all_edge10_next_open_positive_signal_inverse_c5,2025-12,-0.054072213981275374
q40_all_edge10_next_open_positive_signal_inverse_c5,2026-01,-0.01748048655792489
q40_all_edge10_next_open_positive_signal_inverse_c5,2026-02,0.19472507464466493
q40_all_edge10_next_open_positive_signal_inverse_c5,2026-03,-0.06622969548719371
q40_all_edge10_next_open_positive_signal_inverse_c5,2026-04,-0.19943528729001936
q40_all_edge20_next_0934_close_both_reversal_c10,2024-11,0.017908746330695058
q40_all_edge20_next_0934_close_both_reversal_c10,2024-12,-0.05625926330564712
q40_all_edge20_next_0934_close_both_reversal_c10,2025-01,-0.10573235579112883
q40_all_edge20_next_0934_close_both_reversal_c10,2025-02,-0.12411347086431168
q40_all_edge20_next_0934_close_both_reversal_c10,2025-03,0.13200706850154065
q40_all_edge20_next_0934_close_both_reversal_c10,2025-04,0.1048073920610425
q40_all_edge20_next_0934_close_both_reversal_c10,2025-05,0.0944555092973246
q40_all_edge20_next_0934_close_both_reversal_c10,2025-06,0.06362212502675024
q40_all_edge20_next_0934_close_both_reversal_c10,2025-07,0.08793334551515897
q40_all_edge20_next_0934_close_both_reversal_c10,2025-08,-0.09694220529519637
q40_all_edge20_next_0934_close_both_reversal_c10,2025-09,0.024773761713520637
q40_all_edge20_next_0934_close_both_reversal_c10,2025-10,0.08732338624081637
q40_all_edge20_next_0934_close_both_reversal_c10,2025-11,-0.03258123127552626
q40_all_edge20_next_0934_close_both_reversal_c10,2025-12,0.1787439935227877
q40_all_edge20_next_0934_close_both_reversal_c10,2026-01,0.12259313372192049
q40_all_edge20_next_0934_close_both_reversal_c10,2026-02,0.24331615682990104
q40_all_edge20_next_0934_close_both_reversal_c10,2026-03,-0.0573574732870451
q40_all_edge20_next_0934_close_both_reversal_c10,2026-04,-0.14063318422434268
q40_all_edge20_next_0934_close_both_reversal_c5,2024-11,0.024908746330695064
q40_all_edge20_next_0934_close_both_reversal_c5,2024-12,-0.05325926330564712
q40_all_edge20_next_0934_close_both_reversal_c5,2025-01,-0.10273235579112883
q40_all_edge20_next_0934_close_both_reversal_c5,2025-02,-0.11411347086431167
q40_all_edge20_next_0934_close_both_reversal_c5,2025-03,0.14400706850154066
q40_all_edge20_next_0934_close_both_reversal_c5,2025-04,0.11680739206104251
q40_all_edge20_next_0934_close_both_reversal_c5,2025-05,0.0994555092973246
q40_all_edge20_next_0934_close_both_reversal_c5,2025-06,0.07262212502675025
q40_all_edge20_next_0934_close_both_reversal_c5,2025-07,0.09393334551515897
q40_all_edge20_next_0934_close_both_reversal_c5,2025-08,-0.08994220529519636
q40_all_edge20_next_0934_close_both_reversal_c5,2025-09,0.025773761713520638
q40_all_edge20_next_0934_close_both_reversal_c5,2025-10,0.09832338624081638
q40_all_edge20_next_0934_close_both_reversal_c5,2025-11,-0.028581231275526253
q40_all_edge20_next_0934_close_both_reversal_c5,2025-12,0.1877439935227877
q40_all_edge20_next_0934_close_both_reversal_c5,2026-01,0.1315931337219205
q40_all_edge20_next_0934_close_both_reversal_c5,2026-02,0.25831615682990106
q40_all_edge20_next_0934_close_both_reversal_c5,2026-03,-0.04235747328704509
q40_all_edge20_next_0934_close_both_reversal_c5,2026-04,-0.13763318422434268
q40_all_edge20_next_0934_close_negative_signal_bull_c10,2024-11,-0.01812214758895292
q40_all_edge20_next_0934_close_negative_signal_bull_c10,2024-12,-0.029600849256900208
q40_all_edge20_next_0934_close_negative_signal_bull_c10,2025-01,-0.09287543957060895
q40_all_edge20_next_0934_close_negative_signal_bull_c10,2025-02,-0.03877125594142106
q40_all_edge20_next_0934_close_negative_signal_bull_c10,2025-03,0.0008804708195592204
q40_all_edge20_next_0934_close_negative_signal_bull_c10,2025-04,-0.1267097036450755
q40_all_edge20_next_0934_close_negative_signal_bull_c10,2025-05,0.10337349547794916
q40_all_edge20_next_0934_close_negative_signal_bull_c10,2025-06,0.09436770243233061
q40_all_edge20_next_0934_close_negative_signal_bull_c10,2025-07,-0.006381818267339856
q40_all_edge20_next_0934_close_negative_signal_bull_c10,2025-08,-0.11251401687872387
q40_all_edge20_next_0934_close_negative_signal_bull_c10,2025-09,0.0
q40_all_edge20_next_0934_close_negative_signal_bull_c10,2025-10,0.1941322687879341
q40_all_edge20_next_0934_close_negative_signal_bull_c10,2025-11,-0.03258123127552626
q40_all_edge20_next_0934_close_negative_signal_bull_c10,2025-12,0.1685509044706034
q40_all_edge20_next_0934_close_negative_signal_bull_c10,2026-01,0.1647088163900976
q40_all_edge20_next_0934_close_negative_signal_bull_c10,2026-02,0.12246815823546786
q40_all_edge20_next_0934_close_negative_signal_bull_c10,2026-03,0.029841046890886846
q40_all_edge20_next_0934_close_negative_signal_bull_c10,2026-04,0.0
q40_all_edge20_next_0934_close_negative_signal_bull_c5,2024-11,-0.015122147588952917
q40_all_edge20_next_0934_close_negative_signal_bull_c5,2024-12,-0.028600849256900207
q40_all_edge20_next_0934_close_negative_signal_bull_c5,2025-01,-0.09187543957060895
q40_all_edge20_next_0934_close_negative_signal_bull_c5,2025-02,-0.03377125594142105
q40_all_edge20_next_0934_close_negative_signal_bull_c5,2025-03,0.007880470819559227
q40_all_edge20_next_0934_close_negative_signal_bull_c5,2025-04,-0.1227097036450755
q40_all_edge20_next_0934_close_negative_signal_bull_c5,2025-05,0.10637349547794916
q40_all_edge20_next_0934_close_negative_signal_bull_c5,2025-06,0.09736770243233062
q40_all_edge20_next_0934_close_negative_signal_bull_c5,2025-07,-0.0033818182673398534
q40_all_edge20_next_0934_close_negative_signal_bull_c5,2025-08,-0.10951401687872386
q40_all_edge20_next_0934_close_negative_signal_bull_c5,2025-09,0.0
q40_all_edge20_next_0934_close_negative_signal_bull_c5,2025-10,0.1981322687879341
q40_all_edge20_next_0934_close_negative_signal_bull_c5,2025-11,-0.028581231275526253
q40_all_edge20_next_0934_close_negative_signal_bull_c5,2025-12,0.1725509044706034
q40_all_edge20_next_0934_close_negative_signal_bull_c5,2026-01,0.1707088163900976
q40_all_edge20_next_0934_close_negative_signal_bull_c5,2026-02,0.13046815823546787
q40_all_edge20_next_0934_close_negative_signal_bull_c5,2026-03,0.039841046890886855
q40_all_edge20_next_0934_close_negative_signal_bull_c5,2026-04,0.0
q40_all_edge20_next_0934_close_positive_signal_inverse_c10,2024-11,0.03603089391964798
q40_all_edge20_next_0934_close_positive_signal_inverse_c10,2024-12,-0.02665841404874691
q40_all_edge20_next_0934_close_positive_signal_inverse_c10,2025-01,-0.012856916220519874
q40_all_edge20_next_0934_close_positive_signal_inverse_c10,2025-02,-0.08534221492289062
q40_all_edge20_next_0934_close_positive_signal_inverse_c10,2025-03,0.13112659768198143
q40_all_edge20_next_0934_close_positive_signal_inverse_c10,2025-04,0.231517095706118
q40_all_edge20_next_0934_close_positive_signal_inverse_c10,2025-05,-0.008917986180624558
q40_all_edge20_next_0934_close_positive_signal_inverse_c10,2025-06,-0.030745577405580364
q40_all_edge20_next_0934_close_positive_signal_inverse_c10,2025-07,0.09431516378249882
q40_all_edge20_next_0934_close_positive_signal_inverse_c10,2025-08,0.015571811583527497
q40_all_edge20_next_0934_close_positive_signal_inverse_c10,2025-09,0.024773761713520637
q40_all_edge20_next_0934_close_positive_signal_inverse_c10,2025-10,-0.10680888254711773
q40_all_edge20_next_0934_close_positive_signal_inverse_c10,2025-11,0.0
q40_all_edge20_next_0934_close_positive_signal_inverse_c10,2025-12,0.010193089052184301
q40_all_edge20_next_0934_close_positive_signal_inverse_c10,2026-01,-0.04211568266817711
q40_all_edge20_next_0934_close_positive_signal_inverse_c10,2026-02,0.12084799859443318
q40_all_edge20_next_0934_close_positive_signal_inverse_c10,2026-03,-0.08719852017793195
q40_all_edge20_next_0934_close_positive_signal_inverse_c10,2026-04,-0.14063318422434268
q40_all_edge20_next_0934_close_positive_signal_inverse_c5,2024-11,0.04003089391964798
q40_all_edge20_next_0934_close_positive_signal_inverse_c5,2024-12,-0.024658414048746913
q40_all_edge20_next_0934_close_positive_signal_inverse_c5,2025-01,-0.010856916220519874
q40_all_edge20_next_0934_close_positive_signal_inverse_c5,2025-02,-0.08034221492289062
q40_all_edge20_next_0934_close_positive_signal_inverse_c5,2025-03,0.13612659768198143
q40_all_edge20_next_0934_close_positive_signal_inverse_c5,2025-04,0.239517095706118
q40_all_edge20_next_0934_close_positive_signal_inverse_c5,2025-05,-0.006917986180624558
q40_all_edge20_next_0934_close_positive_signal_inverse_c5,2025-06,-0.024745577405580366
q40_all_edge20_next_0934_close_positive_signal_inverse_c5,2025-07,0.09731516378249883
q40_all_edge20_next_0934_close_positive_signal_inverse_c5,2025-08,0.0195718115835275
q40_all_edge20_next_0934_close_positive_signal_inverse_c5,2025-09,0.025773761713520638
q40_all_edge20_next_0934_close_positive_signal_inverse_c5,2025-10,-0.09980888254711773
q40_all_edge20_next_0934_close_positive_signal_inverse_c5,2025-11,0.0
q40_all_edge20_next_0934_close_positive_signal_inverse_c5,2025-12,0.015193089052184305
q40_all_edge20_next_0934_close_positive_signal_inverse_c5,2026-01,-0.03911568266817711
q40_all_edge20_next_0934_close_positive_signal_inverse_c5,2026-02,0.1278479985944332
q40_all_edge20_next_0934_close_positive_signal_inverse_c5,2026-03,-0.08219852017793194
q40_all_edge20_next_0934_close_positive_signal_inverse_c5,2026-04,-0.13763318422434268
q40_all_edge20_next_open_both_reversal_c10,2024-11,-0.03734092308629522
q40_all_edge20_next_open_both_reversal_c10,2024-12,-0.06872886255221511
q40_all_edge20_next_open_both_reversal_c10,2025-01,-0.13462569192307694
q40_all_edge20_next_open_both_reversal_c10,2025-02,-0.11169005409333244
q40_all_edge20_next_open_both_reversal_c10,2025-03,0.0807525187947512
q40_all_edge20_next_open_both_reversal_c10,2025-04,0.15767630052163362
q40_all_edge20_next_open_both_reversal_c10,2025-05,0.03311238163635921
q40_all_edge20_next_open_both_reversal_c10,2025-06,0.031299177035115755
q40_all_edge20_next_open_both_reversal_c10,2025-07,0.05896384996257409
q40_all_edge20_next_open_both_reversal_c10,2025-08,-0.08911043135227414
q40_all_edge20_next_open_both_reversal_c10,2025-09,0.016741633199464534
q40_all_edge20_next_open_both_reversal_c10,2025-10,0.12536733074729334
q40_all_edge20_next_open_both_reversal_c10,2025-11,-0.04839714725973998
q40_all_edge20_next_open_both_reversal_c10,2025-12,0.1275087626320236
q40_all_edge20_next_open_both_reversal_c10,2026-01,0.11934408255512441
q40_all_edge20_next_open_both_reversal_c10,2026-02,0.2889433451744319
q40_all_edge20_next_open_both_reversal_c10,2026-03,-0.06937462931497929
q40_all_edge20_next_open_both_reversal_c10,2026-04,-0.08347393996809771
q40_all_edge20_next_open_both_reversal_c5,2024-11,-0.030340923086295213
q40_all_edge20_next_open_both_reversal_c5,2024-12,-0.0657288625522151
q40_all_edge20_next_open_both_reversal_c5,2025-01,-0.13162569192307694
q40_all_edge20_next_open_both_reversal_c5,2025-02,-0.10169005409333243
q40_all_edge20_next_open_both_reversal_c5,2025-03,0.09275251879475122
q40_all_edge20_next_open_both_reversal_c5,2025-04,0.16967630052163363
q40_all_edge20_next_open_both_reversal_c5,2025-05,0.038112381636359216
q40_all_edge20_next_open_both_reversal_c5,2025-06,0.04029917703511576
q40_all_edge20_next_open_both_reversal_c5,2025-07,0.0649638499625741
q40_all_edge20_next_open_both_reversal_c5,2025-08,-0.08211043135227414
q40_all_edge20_next_open_both_reversal_c5,2025-09,0.017741633199464535
q40_all_edge20_next_open_both_reversal_c5,2025-10,0.13636733074729335
q40_all_edge20_next_open_both_reversal_c5,2025-11,-0.04439714725973998
q40_all_edge20_next_open_both_reversal_c5,2025-12,0.1365087626320236
q40_all_edge20_next_open_both_reversal_c5,2026-01,0.12834408255512442
q40_all_edge20_next_open_both_reversal_c5,2026-02,0.3039433451744319
q40_all_edge20_next_open_both_reversal_c5,2026-03,-0.05437462931497927
q40_all_edge20_next_open_both_reversal_c5,2026-04,-0.08047393996809771
q40_all_edge20_next_open_negative_signal_bull_c10,2024-11,-0.024147067421393942
q40_all_edge20_next_open_negative_signal_bull_c10,2024-12,-0.022741466601339133
q40_all_edge20_next_open_negative_signal_bull_c10,2025-01,-0.0839914862113641
q40_all_edge20_next_open_negative_signal_bull_c10,2025-02,-0.03983299237736748
q40_all_edge20_next_open_negative_signal_bull_c10,2025-03,-0.023679421996333105
q40_all_edge20_next_open_negative_signal_bull_c10,2025-04,-0.041178770230233974
q40_all_edge20_next_open_negative_signal_bull_c10,2025-05,0.04953112232450663
q40_all_edge20_next_open_negative_signal_bull_c10,2025-06,0.08022516448918382
q40_all_edge20_next_open_negative_signal_bull_c10,2025-07,-0.0032629491870977967
q40_all_edge20_next_open_negative_signal_bull_c10,2025-08,-0.08620480165642208
q40_all_edge20_next_open_negative_signal_bull_c10,2025-09,0.0
q40_all_edge20_next_open_negative_signal_bull_c10,2025-10,0.1924573418010529
q40_all_edge20_next_open_negative_signal_bull_c10,2025-11,-0.04839714725973998
q40_all_edge20_next_open_negative_signal_bull_c10,2025-12,0.11199643027656925
q40_all_edge20_next_open_negative_signal_bull_c10,2026-01,0.1398245691130493
q40_all_edge20_next_open_negative_signal_bull_c10,2026-02,0.10121827052976695
q40_all_edge20_next_open_negative_signal_bull_c10,2026-03,-0.03155780852809098
q40_all_edge20_next_open_negative_signal_bull_c10,2026-04,0.0
q40_all_edge20_next_open_negative_signal_bull_c5,2024-11,-0.02114706742139394
q40_all_edge20_next_open_negative_signal_bull_c5,2024-12,-0.021741466601339132
q40_all_edge20_next_open_negative_signal_bull_c5,2025-01,-0.0829914862113641
q40_all_edge20_next_open_negative_signal_bull_c5,2025-02,-0.03483299237736748
q40_all_edge20_next_open_negative_signal_bull_c5,2025-03,-0.0166794219963331
q40_all_edge20_next_open_negative_signal_bull_c5,2025-04,-0.03717877023023397
q40_all_edge20_next_open_negative_signal_bull_c5,2025-05,0.05253112232450663
q40_all_edge20_next_open_negative_signal_bull_c5,2025-06,0.08322516448918382
q40_all_edge20_next_open_negative_signal_bull_c5,2025-07,-0.000262949187097794
q40_all_edge20_next_open_negative_signal_bull_c5,2025-08,-0.08320480165642208
q40_all_edge20_next_open_negative_signal_bull_c5,2025-09,0.0
q40_all_edge20_next_open_negative_signal_bull_c5,2025-10,0.1964573418010529
q40_all_edge20_next_open_negative_signal_bull_c5,2025-11,-0.04439714725973998
q40_all_edge20_next_open_negative_signal_bull_c5,2025-12,0.11599643027656925
q40_all_edge20_next_open_negative_signal_bull_c5,2026-01,0.1458245691130493
q40_all_edge20_next_open_negative_signal_bull_c5,2026-02,0.10921827052976696
q40_all_edge20_next_open_negative_signal_bull_c5,2026-03,-0.02155780852809097
q40_all_edge20_next_open_negative_signal_bull_c5,2026-04,0.0
q40_all_edge20_next_open_positive_signal_inverse_c10,2024-11,-0.013193855664901274
q40_all_edge20_next_open_positive_signal_inverse_c10,2024-12,-0.045987395950875976
q40_all_edge20_next_open_positive_signal_inverse_c10,2025-01,-0.05063420571171284
q40_all_edge20_next_open_positive_signal_inverse_c10,2025-02,-0.07185706171596495
q40_all_edge20_next_open_positive_signal_inverse_c10,2025-03,0.10443194079108431
q40_all_edge20_next_open_positive_signal_inverse_c10,2025-04,0.1988550707518676
q40_all_edge20_next_open_positive_signal_inverse_c10,2025-05,-0.016418740688147415
q40_all_edge20_next_open_positive_signal_inverse_c10,2025-06,-0.048925987454068065
q40_all_edge20_next_open_positive_signal_inverse_c10,2025-07,0.062226799149671885
q40_all_edge20_next_open_positive_signal_inverse_c10,2025-08,-0.0029056296958520616
q40_all_edge20_next_open_positive_signal_inverse_c10,2025-09,0.016741633199464534
q40_all_edge20_next_open_positive_signal_inverse_c10,2025-10,-0.06709001105375956
q40_all_edge20_next_open_positive_signal_inverse_c10,2025-11,0.0
q40_all_edge20_next_open_positive_signal_inverse_c10,2025-12,0.01551233235545435
q40_all_edge20_next_open_positive_signal_inverse_c10,2026-01,-0.020480486557924893
q40_all_edge20_next_open_positive_signal_inverse_c10,2026-02,0.18772507464466492
q40_all_edge20_next_open_positive_signal_inverse_c10,2026-03,-0.037816820786888306
q40_all_edge20_next_open_positive_signal_inverse_c10,2026-04,-0.08347393996809771
q40_all_edge20_next_open_positive_signal_inverse_c5,2024-11,-0.009193855664901274
q40_all_edge20_next_open_positive_signal_inverse_c5,2024-12,-0.043987395950875974
q40_all_edge20_next_open_positive_signal_inverse_c5,2025-01,-0.04863420571171284
q40_all_edge20_next_open_positive_signal_inverse_c5,2025-02,-0.06685706171596495
q40_all_edge20_next_open_positive_signal_inverse_c5,2025-03,0.10943194079108431
q40_all_edge20_next_open_positive_signal_inverse_c5,2025-04,0.2068550707518676
q40_all_edge20_next_open_positive_signal_inverse_c5,2025-05,-0.014418740688147413
q40_all_edge20_next_open_positive_signal_inverse_c5,2025-06,-0.04292598745406806
q40_all_edge20_next_open_positive_signal_inverse_c5,2025-07,0.06522679914967189
q40_all_edge20_next_open_positive_signal_inverse_c5,2025-08,0.0010943703041479402
q40_all_edge20_next_open_positive_signal_inverse_c5,2025-09,0.017741633199464535
q40_all_edge20_next_open_positive_signal_inverse_c5,2025-10,-0.06009001105375955
q40_all_edge20_next_open_positive_signal_inverse_c5,2025-11,0.0
q40_all_edge20_next_open_positive_signal_inverse_c5,2025-12,0.020512332355454355
q40_all_edge20_next_open_positive_signal_inverse_c5,2026-01,-0.01748048655792489
q40_all_edge20_next_open_positive_signal_inverse_c5,2026-02,0.19472507464466493
q40_all_edge20_next_open_positive_signal_inverse_c5,2026-03,-0.0328168207868883
q40_all_edge20_next_open_positive_signal_inverse_c5,2026-04,-0.08047393996809771
q40_all_edge40_next_0934_close_both_reversal_c10,2024-11,-0.012925067441877602
q40_all_edge40_next_0934_close_both_reversal_c10,2024-12,0.015523066930062559
q40_all_edge40_next_0934_close_both_reversal_c10,2025-01,-0.08210376132727493
q40_all_edge40_next_0934_close_both_reversal_c10,2025-02,-0.08773804476920821
q40_all_edge40_next_0934_close_both_reversal_c10,2025-03,0.13200706850154065
q40_all_edge40_next_0934_close_both_reversal_c10,2025-04,0.1048073920610425
q40_all_edge40_next_0934_close_both_reversal_c10,2025-05,0.0851593586380941
q40_all_edge40_next_0934_close_both_reversal_c10,2025-06,0.048306537922343185
q40_all_edge40_next_0934_close_both_reversal_c10,2025-07,0.007399443086116508
q40_all_edge40_next_0934_close_both_reversal_c10,2025-08,-0.12421251887633533
q40_all_edge40_next_0934_close_both_reversal_c10,2025-09,0.030858000843955402
q40_all_edge40_next_0934_close_both_reversal_c10,2025-10,-0.06034247757999245
q40_all_edge40_next_0934_close_both_reversal_c10,2025-11,0.08982361605940381
q40_all_edge40_next_0934_close_both_reversal_c10,2025-12,0.14864411280873768
q40_all_edge40_next_0934_close_both_reversal_c10,2026-01,0.12259313372192049
q40_all_edge40_next_0934_close_both_reversal_c10,2026-02,0.24331615682990104
q40_all_edge40_next_0934_close_both_reversal_c10,2026-03,-0.0573574732870451
q40_all_edge40_next_0934_close_both_reversal_c10,2026-04,-0.21233108196902517
q40_all_edge40_next_0934_close_both_reversal_c5,2024-11,-0.003925067441877594
q40_all_edge40_next_0934_close_both_reversal_c5,2024-12,0.01852306693006256
q40_all_edge40_next_0934_close_both_reversal_c5,2025-01,-0.08010376132727492
q40_all_edge40_next_0934_close_both_reversal_c5,2025-02,-0.08473804476920821
q40_all_edge40_next_0934_close_both_reversal_c5,2025-03,0.14400706850154066
q40_all_edge40_next_0934_close_both_reversal_c5,2025-04,0.11680739206104251
q40_all_edge40_next_0934_close_both_reversal_c5,2025-05,0.0921593586380941
q40_all_edge40_next_0934_close_both_reversal_c5,2025-06,0.05830653792234319
q40_all_edge40_next_0934_close_both_reversal_c5,2025-07,0.016399443086116516
q40_all_edge40_next_0934_close_both_reversal_c5,2025-08,-0.11621251887633532
q40_all_edge40_next_0934_close_both_reversal_c5,2025-09,0.032858000843955404
q40_all_edge40_next_0934_close_both_reversal_c5,2025-10,-0.05334247757999244
q40_all_edge40_next_0934_close_both_reversal_c5,2025-11,0.10282361605940382
q40_all_edge40_next_0934_close_both_reversal_c5,2025-12,0.1606441128087377
q40_all_edge40_next_0934_close_both_reversal_c5,2026-01,0.1315931337219205
q40_all_edge40_next_0934_close_both_reversal_c5,2026-02,0.25831615682990106
q40_all_edge40_next_0934_close_both_reversal_c5,2026-03,-0.04235747328704509
q40_all_edge40_next_0934_close_both_reversal_c5,2026-04,-0.20733108196902517
q40_all_edge40_next_0934_close_negative_signal_bull_c10,2024-11,-0.016964068374091368
q40_all_edge40_next_0934_close_negative_signal_bull_c10,2024-12,0.03013345023913583
q40_all_edge40_next_0934_close_negative_signal_bull_c10,2025-01,-0.09287543957060895
q40_all_edge40_next_0934_close_negative_signal_bull_c10,2025-02,-0.03813138686131379
q40_all_edge40_next_0934_close_negative_signal_bull_c10,2025-03,0.0008804708195592204
q40_all_edge40_next_0934_close_negative_signal_bull_c10,2025-04,-0.1267097036450755
q40_all_edge40_next_0934_close_negative_signal_bull_c10,2025-05,0.09407734481871866
q40_all_edge40_next_0934_close_negative_signal_bull_c10,2025-06,0.07905211532792356
q40_all_edge40_next_0934_close_negative_signal_bull_c10,2025-07,-0.06473402957129515
q40_all_edge40_next_0934_close_negative_signal_bull_c10,2025-08,-0.09769743494677241
q40_all_edge40_next_0934_close_negative_signal_bull_c10,2025-09,0.0
q40_all_edge40_next_0934_close_negative_signal_bull_c10,2025-10,0.08974655387011543
q40_all_edge40_next_0934_close_negative_signal_bull_c10,2025-11,0.011435794248443995
q40_all_edge40_next_0934_close_negative_signal_bull_c10,2025-12,0.16397673742359287
q40_all_edge40_next_0934_close_negative_signal_bull_c10,2026-01,0.1647088163900976
q40_all_edge40_next_0934_close_negative_signal_bull_c10,2026-02,0.12246815823546786
q40_all_edge40_next_0934_close_negative_signal_bull_c10,2026-03,0.029841046890886846
q40_all_edge40_next_0934_close_negative_signal_bull_c10,2026-04,0.0
q40_all_edge40_next_0934_close_negative_signal_bull_c5,2024-11,-0.012964068374091364
q40_all_edge40_next_0934_close_negative_signal_bull_c5,2024-12,0.03213345023913583
q40_all_edge40_next_0934_close_negative_signal_bull_c5,2025-01,-0.09187543957060895
q40_all_edge40_next_0934_close_negative_signal_bull_c5,2025-02,-0.037131386861313787
q40_all_edge40_next_0934_close_negative_signal_bull_c5,2025-03,0.007880470819559227
q40_all_edge40_next_0934_close_negative_signal_bull_c5,2025-04,-0.1227097036450755
q40_all_edge40_next_0934_close_negative_signal_bull_c5,2025-05,0.09907734481871866
q40_all_edge40_next_0934_close_negative_signal_bull_c5,2025-06,0.08305211532792356
q40_all_edge40_next_0934_close_negative_signal_bull_c5,2025-07,-0.059734029571295144
q40_all_edge40_next_0934_close_negative_signal_bull_c5,2025-08,-0.0936974349467724
q40_all_edge40_next_0934_close_negative_signal_bull_c5,2025-09,0.0
q40_all_edge40_next_0934_close_negative_signal_bull_c5,2025-10,0.09174655387011543
q40_all_edge40_next_0934_close_negative_signal_bull_c5,2025-11,0.018435794248443993
q40_all_edge40_next_0934_close_negative_signal_bull_c5,2025-12,0.16897673742359287
q40_all_edge40_next_0934_close_negative_signal_bull_c5,2026-01,0.1707088163900976
q40_all_edge40_next_0934_close_negative_signal_bull_c5,2026-02,0.13046815823546787
q40_all_edge40_next_0934_close_negative_signal_bull_c5,2026-03,0.039841046890886855
q40_all_edge40_next_0934_close_negative_signal_bull_c5,2026-04,0.0
q40_all_edge40_next_0934_close_positive_signal_inverse_c10,2024-11,0.0040390009322137654
q40_all_edge40_next_0934_close_positive_signal_inverse_c10,2024-12,-0.01461038330907327
q40_all_edge40_next_0934_close_positive_signal_inverse_c10,2025-01,0.010771678243334028
q40_all_edge40_next_0934_close_positive_signal_inverse_c10,2025-02,-0.049606657907894425
q40_all_edge40_next_0934_close_positive_signal_inverse_c10,2025-03,0.13112659768198143
q40_all_edge40_next_0934_close_positive_signal_inverse_c10,2025-04,0.231517095706118
q40_all_edge40_next_0934_close_positive_signal_inverse_c10,2025-05,-0.008917986180624558
q40_all_edge40_next_0934_close_positive_signal_inverse_c10,2025-06,-0.030745577405580364
q40_all_edge40_next_0934_close_positive_signal_inverse_c10,2025-07,0.07213347265741166
q40_all_edge40_next_0934_close_positive_signal_inverse_c10,2025-08,-0.02651508392956292
q40_all_edge40_next_0934_close_positive_signal_inverse_c10,2025-09,0.030858000843955402
q40_all_edge40_next_0934_close_positive_signal_inverse_c10,2025-10,-0.15008903145010788
q40_all_edge40_next_0934_close_positive_signal_inverse_c10,2025-11,0.07838782181095982
q40_all_edge40_next_0934_close_positive_signal_inverse_c10,2025-12,-0.015332624614855184
q40_all_edge40_next_0934_close_positive_signal_inverse_c10,2026-01,-0.04211568266817711
q40_all_edge40_next_0934_close_positive_signal_inverse_c10,2026-02,0.12084799859443318
q40_all_edge40_next_0934_close_positive_signal_inverse_c10,2026-03,-0.08719852017793195
q40_all_edge40_next_0934_close_positive_signal_inverse_c10,2026-04,-0.21233108196902517
q40_all_edge40_next_0934_close_positive_signal_inverse_c5,2024-11,0.00903900093221377
q40_all_edge40_next_0934_close_positive_signal_inverse_c5,2024-12,-0.01361038330907327
q40_all_edge40_next_0934_close_positive_signal_inverse_c5,2025-01,0.011771678243334027
q40_all_edge40_next_0934_close_positive_signal_inverse_c5,2025-02,-0.04760665790789442
q40_all_edge40_next_0934_close_positive_signal_inverse_c5,2025-03,0.13612659768198143
q40_all_edge40_next_0934_close_positive_signal_inverse_c5,2025-04,0.239517095706118
q40_all_edge40_next_0934_close_positive_signal_inverse_c5,2025-05,-0.006917986180624558
q40_all_edge40_next_0934_close_positive_signal_inverse_c5,2025-06,-0.024745577405580366
q40_all_edge40_next_0934_close_positive_signal_inverse_c5,2025-07,0.07613347265741166
q40_all_edge40_next_0934_close_positive_signal_inverse_c5,2025-08,-0.022515083929562918
q40_all_edge40_next_0934_close_positive_signal_inverse_c5,2025-09,0.032858000843955404
q40_all_edge40_next_0934_close_positive_signal_inverse_c5,2025-10,-0.14508903145010787
q40_all_edge40_next_0934_close_positive_signal_inverse_c5,2025-11,0.08438782181095983
q40_all_edge40_next_0934_close_positive_signal_inverse_c5,2025-12,-0.008332624614855177
q40_all_edge40_next_0934_close_positive_signal_inverse_c5,2026-01,-0.03911568266817711
q40_all_edge40_next_0934_close_positive_signal_inverse_c5,2026-02,0.1278479985944332
q40_all_edge40_next_0934_close_positive_signal_inverse_c5,2026-03,-0.08219852017793194
q40_all_edge40_next_0934_close_positive_signal_inverse_c5,2026-04,-0.20733108196902517
q40_all_edge40_next_open_both_reversal_c10,2024-11,-0.08723135963883444
q40_all_edge40_next_open_both_reversal_c10,2024-12,0.01841410062622617
q40_all_edge40_next_open_both_reversal_c10,2025-01,-0.10010755163820706
q40_all_edge40_next_open_both_reversal_c10,2025-02,-0.08231652630809982
q40_all_edge40_next_open_both_reversal_c10,2025-03,0.0807525187947512
q40_all_edge40_next_open_both_reversal_c10,2025-04,0.15767630052163362
q40_all_edge40_next_open_both_reversal_c10,2025-05,0.019155292939112778
q40_all_edge40_next_open_both_reversal_c10,2025-06,0.030778029445645116
q40_all_edge40_next_open_both_reversal_c10,2025-07,0.0037765533584018865
q40_all_edge40_next_open_both_reversal_c10,2025-08,-0.1004988641497222
q40_all_edge40_next_open_both_reversal_c10,2025-09,0.010665546242942693
q40_all_edge40_next_open_both_reversal_c10,2025-10,-0.029385290979335066
q40_all_edge40_next_open_both_reversal_c10,2025-11,0.04726598705545304
q40_all_edge40_next_open_both_reversal_c10,2025-12,0.11203417914523663
q40_all_edge40_next_open_both_reversal_c10,2026-01,0.11934408255512441
q40_all_edge40_next_open_both_reversal_c10,2026-02,0.2889433451744319
q40_all_edge40_next_open_both_reversal_c10,2026-03,-0.06937462931497929
q40_all_edge40_next_open_both_reversal_c10,2026-04,-0.13147470766155744
q40_all_edge40_next_open_both_reversal_c5,2024-11,-0.07823135963883443
q40_all_edge40_next_open_both_reversal_c5,2024-12,0.021414100626226173
q40_all_edge40_next_open_both_reversal_c5,2025-01,-0.09810755163820706
q40_all_edge40_next_open_both_reversal_c5,2025-02,-0.07931652630809982
q40_all_edge40_next_open_both_reversal_c5,2025-03,0.09275251879475122
q40_all_edge40_next_open_both_reversal_c5,2025-04,0.16967630052163363
q40_all_edge40_next_open_both_reversal_c5,2025-05,0.026155292939112784
q40_all_edge40_next_open_both_reversal_c5,2025-06,0.040778029445645125
q40_all_edge40_next_open_both_reversal_c5,2025-07,0.012776553358401888
q40_all_edge40_next_open_both_reversal_c5,2025-08,-0.0924988641497222
q40_all_edge40_next_open_both_reversal_c5,2025-09,0.012665546242942693
q40_all_edge40_next_open_both_reversal_c5,2025-10,-0.02238529097933506
q40_all_edge40_next_open_both_reversal_c5,2025-11,0.06026598705545305
q40_all_edge40_next_open_both_reversal_c5,2025-12,0.12403417914523662
q40_all_edge40_next_open_both_reversal_c5,2026-01,0.12834408255512442
q40_all_edge40_next_open_both_reversal_c5,2026-02,0.3039433451744319
q40_all_edge40_next_open_both_reversal_c5,2026-03,-0.05437462931497927
q40_all_edge40_next_open_both_reversal_c5,2026-04,-0.12647470766155744
q40_all_edge40_next_open_negative_signal_bull_c10,2024-11,-0.03596129805581394
q40_all_edge40_next_open_negative_signal_bull_c10,2024-12,0.04030735632734206
q40_all_edge40_next_open_negative_signal_bull_c10,2025-01,-0.0839914862113641
q40_all_edge40_next_open_negative_signal_bull_c10,2025-02,-0.04652554744525539
q40_all_edge40_next_open_negative_signal_bull_c10,2025-03,-0.023679421996333105
q40_all_edge40_next_open_negative_signal_bull_c10,2025-04,-0.041178770230233974
q40_all_edge40_next_open_negative_signal_bull_c10,2025-05,0.03557403362726019
q40_all_edge40_next_open_negative_signal_bull_c10,2025-06,0.07970401689971318
q40_all_edge40_next_open_negative_signal_bull_c10,2025-07,-0.04876331357603614
q40_all_edge40_next_open_negative_signal_bull_c10,2025-08,-0.062393303807380285
q40_all_edge40_next_open_negative_signal_bull_c10,2025-09,0.0
q40_all_edge40_next_open_negative_signal_bull_c10,2025-10,0.07885321583322824
q40_all_edge40_next_open_negative_signal_bull_c10,2025-11,-0.04043756304829615
q40_all_edge40_next_open_negative_signal_bull_c10,2025-12,0.12368880818619954
q40_all_edge40_next_open_negative_signal_bull_c10,2026-01,0.1398245691130493
q40_all_edge40_next_open_negative_signal_bull_c10,2026-02,0.10121827052976695
q40_all_edge40_next_open_negative_signal_bull_c10,2026-03,-0.03155780852809098
q40_all_edge40_next_open_negative_signal_bull_c10,2026-04,0.0
q40_all_edge40_next_open_negative_signal_bull_c5,2024-11,-0.031961298055813936
q40_all_edge40_next_open_negative_signal_bull_c5,2024-12,0.04230735632734206
q40_all_edge40_next_open_negative_signal_bull_c5,2025-01,-0.0829914862113641
q40_all_edge40_next_open_negative_signal_bull_c5,2025-02,-0.04552554744525539
q40_all_edge40_next_open_negative_signal_bull_c5,2025-03,-0.0166794219963331
q40_all_edge40_next_open_negative_signal_bull_c5,2025-04,-0.03717877023023397
q40_all_edge40_next_open_negative_signal_bull_c5,2025-05,0.0405740336272602
q40_all_edge40_next_open_negative_signal_bull_c5,2025-06,0.08370401689971319
q40_all_edge40_next_open_negative_signal_bull_c5,2025-07,-0.043763313576036134
q40_all_edge40_next_open_negative_signal_bull_c5,2025-08,-0.05839330380738028
q40_all_edge40_next_open_negative_signal_bull_c5,2025-09,0.0
q40_all_edge40_next_open_negative_signal_bull_c5,2025-10,0.08085321583322824
q40_all_edge40_next_open_negative_signal_bull_c5,2025-11,-0.03343756304829615
q40_all_edge40_next_open_negative_signal_bull_c5,2025-12,0.12868880818619954
q40_all_edge40_next_open_negative_signal_bull_c5,2026-01,0.1458245691130493
q40_all_edge40_next_open_negative_signal_bull_c5,2026-02,0.10921827052976696
q40_all_edge40_next_open_negative_signal_bull_c5,2026-03,-0.02155780852809097
q40_all_edge40_next_open_negative_signal_bull_c5,2026-04,0.0
q40_all_edge40_next_open_positive_signal_inverse_c10,2024-11,-0.0512700615830205
q40_all_edge40_next_open_positive_signal_inverse_c10,2024-12,-0.021893255701115888
q40_all_edge40_next_open_positive_signal_inverse_c10,2025-01,-0.016116065426842963
q40_all_edge40_next_open_positive_signal_inverse_c10,2025-02,-0.035790978862844436
q40_all_edge40_next_open_positive_signal_inverse_c10,2025-03,0.10443194079108431
q40_all_edge40_next_open_positive_signal_inverse_c10,2025-04,0.1988550707518676
q40_all_edge40_next_open_positive_signal_inverse_c10,2025-05,-0.016418740688147415
q40_all_edge40_next_open_positive_signal_inverse_c10,2025-06,-0.048925987454068065
q40_all_edge40_next_open_positive_signal_inverse_c10,2025-07,0.05253986693443802
q40_all_edge40_next_open_positive_signal_inverse_c10,2025-08,-0.038105560342341915
q40_all_edge40_next_open_positive_signal_inverse_c10,2025-09,0.010665546242942693
q40_all_edge40_next_open_positive_signal_inverse_c10,2025-10,-0.1082385068125633
q40_all_edge40_next_open_positive_signal_inverse_c10,2025-11,0.0877035501037492
q40_all_edge40_next_open_positive_signal_inverse_c10,2025-12,-0.011654629040962925
q40_all_edge40_next_open_positive_signal_inverse_c10,2026-01,-0.020480486557924893
q40_all_edge40_next_open_positive_signal_inverse_c10,2026-02,0.18772507464466492
q40_all_edge40_next_open_positive_signal_inverse_c10,2026-03,-0.037816820786888306
q40_all_edge40_next_open_positive_signal_inverse_c10,2026-04,-0.13147470766155744
q40_all_edge40_next_open_positive_signal_inverse_c5,2024-11,-0.046270061583020494
q40_all_edge40_next_open_positive_signal_inverse_c5,2024-12,-0.020893255701115887
q40_all_edge40_next_open_positive_signal_inverse_c5,2025-01,-0.015116065426842962
q40_all_edge40_next_open_positive_signal_inverse_c5,2025-02,-0.033790978862844434
q40_all_edge40_next_open_positive_signal_inverse_c5,2025-03,0.10943194079108431
q40_all_edge40_next_open_positive_signal_inverse_c5,2025-04,0.2068550707518676
q40_all_edge40_next_open_positive_signal_inverse_c5,2025-05,-0.014418740688147413
q40_all_edge40_next_open_positive_signal_inverse_c5,2025-06,-0.04292598745406806
q40_all_edge40_next_open_positive_signal_inverse_c5,2025-07,0.05653986693443802
q40_all_edge40_next_open_positive_signal_inverse_c5,2025-08,-0.03410556034234191
q40_all_edge40_next_open_positive_signal_inverse_c5,2025-09,0.012665546242942693
q40_all_edge40_next_open_positive_signal_inverse_c5,2025-10,-0.1032385068125633
q40_all_edge40_next_open_positive_signal_inverse_c5,2025-11,0.0937035501037492
q40_all_edge40_next_open_positive_signal_inverse_c5,2025-12,-0.004654629040962921
q40_all_edge40_next_open_positive_signal_inverse_c5,2026-01,-0.01748048655792489
q40_all_edge40_next_open_positive_signal_inverse_c5,2026-02,0.19472507464466493
q40_all_edge40_next_open_positive_signal_inverse_c5,2026-03,-0.0328168207868883
q40_all_edge40_next_open_positive_signal_inverse_c5,2026-04,-0.12647470766155744
q40_edge20_always_next_0934_close_both_reversal_c10,2024-11,0.09726974974578095
q40_edge20_always_next_0934_close_both_reversal_c10,2024-12,-0.03460756252989017
q40_edge20_always_next_0934_close_both_reversal_c10,2025-01,-0.00702274058804786
q40_edge20_always_next_0934_close_both_reversal_c10,2025-02,-0.09245171215573
q40_edge20_always_next_0934_close_both_reversal_c10,2025-03,0.29069813889429275
q40_edge20_always_next_0934_close_both_reversal_c10,2025-04,0.30378058378641903
q40_edge20_always_next_0934_close_both_reversal_c10,2025-05,0.0057573669859107834
q40_edge20_always_next_0934_close_both_reversal_c10,2025-06,-0.03069932592099777
q40_edge20_always_next_0934_close_both_reversal_c10,2025-07,0.02068582739215785
q40_edge20_always_next_0934_close_both_reversal_c10,2025-08,-0.08239501769481272
q40_edge20_always_next_0934_close_both_reversal_c10,2025-09,-0.09038977418411509
q40_edge20_always_next_0934_close_both_reversal_c10,2025-10,0.23767594380684187
q40_edge20_always_next_0934_close_both_reversal_c10,2025-11,0.09513030706673986
q40_edge20_always_next_0934_close_both_reversal_c10,2025-12,-0.043962184403573135
q40_edge20_always_next_0934_close_both_reversal_c10,2026-01,0.08101944195536903
q40_edge20_always_next_0934_close_both_reversal_c10,2026-02,0.18454962804556996
q40_edge20_always_next_0934_close_both_reversal_c10,2026-03,-0.08310622962740755
q40_edge20_always_next_0934_close_both_reversal_c10,2026-04,-0.3163038433535271
q40_edge20_always_next_0934_close_both_reversal_c5,2024-11,0.10326974974578096
q40_edge20_always_next_0934_close_both_reversal_c5,2024-12,-0.02760756252989016
q40_edge20_always_next_0934_close_both_reversal_c5,2025-01,-0.0030227405880478564
q40_edge20_always_next_0934_close_both_reversal_c5,2025-02,-0.08345171215573
q40_edge20_always_next_0934_close_both_reversal_c5,2025-03,0.29669813889429275
q40_edge20_always_next_0934_close_both_reversal_c5,2025-04,0.31078058378641904
q40_edge20_always_next_0934_close_both_reversal_c5,2025-05,0.010757366985910788
q40_edge20_always_next_0934_close_both_reversal_c5,2025-06,-0.024699325920997772
q40_edge20_always_next_0934_close_both_reversal_c5,2025-07,0.024685827392157855
q40_edge20_always_next_0934_close_both_reversal_c5,2025-08,-0.07439501769481272
q40_edge20_always_next_0934_close_both_reversal_c5,2025-09,-0.08138977418411508
q40_edge20_always_next_0934_close_both_reversal_c5,2025-10,0.24967594380684188
q40_edge20_always_next_0934_close_both_reversal_c5,2025-11,0.10613030706673987
q40_edge20_always_next_0934_close_both_reversal_c5,2025-12,-0.03896218440357313
q40_edge20_always_next_0934_close_both_reversal_c5,2026-01,0.08701944195536904
q40_edge20_always_next_0934_close_both_reversal_c5,2026-02,0.19454962804556997
q40_edge20_always_next_0934_close_both_reversal_c5,2026-03,-0.07610622962740754
q40_edge20_always_next_0934_close_both_reversal_c5,2026-04,-0.3053038433535271
q40_edge20_always_next_0934_close_negative_signal_bull_c10,2024-11,0.04940246279122018
q40_edge20_always_next_0934_close_negative_signal_bull_c10,2024-12,-0.007949148481143253
q40_edge20_always_next_0934_close_negative_signal_bull_c10,2025-01,0.0530862641008627
q40_edge20_always_next_0934_close_negative_signal_bull_c10,2025-02,-0.01670846798454262
q40_edge20_always_next_0934_close_negative_signal_bull_c10,2025-03,0.08146544999109362
q40_edge20_always_next_0934_close_negative_signal_bull_c10,2025-04,0.0
q40_edge20_always_next_0934_close_negative_signal_bull_c10,2025-05,-0.0035824062186256
q40_edge20_always_next_0934_close_negative_signal_bull_c10,2025-06,-0.015315587104407056
q40_edge20_always_next_0934_close_negative_signal_bull_c10,2025-07,-0.05835221130395529
q40_edge20_always_next_0934_close_negative_signal_bull_c10,2025-08,-0.09769743494677241
q40_edge20_always_next_0934_close_negative_signal_bull_c10,2025-09,0.0
q40_edge20_always_next_0934_close_negative_signal_bull_c10,2025-10,0.24296822252907302
q40_edge20_always_next_0934_close_negative_signal_bull_c10,2025-11,0.03611406934485628
q40_edge20_always_next_0934_close_negative_signal_bull_c10,2025-12,-0.008053305837911858
q40_edge20_always_next_0934_close_negative_signal_bull_c10,2026-01,0.12313512462354614
q40_edge20_always_next_0934_close_negative_signal_bull_c10,2026-02,0.06273428194948938
q40_edge20_always_next_0934_close_negative_signal_bull_c10,2026-03,-0.07914421387112958
q40_edge20_always_next_0934_close_negative_signal_bull_c10,2026-04,0.0792128282697111
q40_edge20_always_next_0934_close_negative_signal_bull_c5,2024-11,0.05240246279122018
q40_edge20_always_next_0934_close_negative_signal_bull_c5,2024-12,-0.002949148481143249
q40_edge20_always_next_0934_close_negative_signal_bull_c5,2025-01,0.0540862641008627
q40_edge20_always_next_0934_close_negative_signal_bull_c5,2025-02,-0.013708467984542616
q40_edge20_always_next_0934_close_negative_signal_bull_c5,2025-03,0.08346544999109362
q40_edge20_always_next_0934_close_negative_signal_bull_c5,2025-04,0.0
q40_edge20_always_next_0934_close_negative_signal_bull_c5,2025-05,0.0004175937813744035
q40_edge20_always_next_0934_close_negative_signal_bull_c5,2025-06,-0.014315587104407057
q40_edge20_always_next_0934_close_negative_signal_bull_c5,2025-07,-0.05635221130395529
q40_edge20_always_next_0934_close_negative_signal_bull_c5,2025-08,-0.0936974349467724
q40_edge20_always_next_0934_close_negative_signal_bull_c5,2025-09,0.0
q40_edge20_always_next_0934_close_negative_signal_bull_c5,2025-10,0.24796822252907302
q40_edge20_always_next_0934_close_negative_signal_bull_c5,2025-11,0.04311406934485629
q40_edge20_always_next_0934_close_negative_signal_bull_c5,2025-12,-0.006053305837911858
q40_edge20_always_next_0934_close_negative_signal_bull_c5,2026-01,0.12613512462354615
q40_edge20_always_next_0934_close_negative_signal_bull_c5,2026-02,0.06773428194948938
q40_edge20_always_next_0934_close_negative_signal_bull_c5,2026-03,-0.07414421387112957
q40_edge20_always_next_0934_close_negative_signal_bull_c5,2026-04,0.0812128282697111
q40_edge20_always_next_0934_close_positive_signal_inverse_c10,2024-11,0.04786728695456077
q40_edge20_always_next_0934_close_positive_signal_inverse_c10,2024-12,-0.02665841404874691
q40_edge20_always_next_0934_close_positive_signal_inverse_c10,2025-01,-0.06010900468891056
q40_edge20_always_next_0934_close_positive_signal_inverse_c10,2025-02,-0.07574324417118738
q40_edge20_always_next_0934_close_positive_signal_inverse_c10,2025-03,0.20923268890319913
q40_edge20_always_next_0934_close_positive_signal_inverse_c10,2025-04,0.30378058378641903
q40_edge20_always_next_0934_close_positive_signal_inverse_c10,2025-05,0.009339773204536385
q40_edge20_always_next_0934_close_positive_signal_inverse_c10,2025-06,-0.01538373881659072
q40_edge20_always_next_0934_close_positive_signal_inverse_c10,2025-07,0.07903803869611314
q40_edge20_always_next_0934_close_positive_signal_inverse_c10,2025-08,0.01530241725195969
q40_edge20_always_next_0934_close_positive_signal_inverse_c10,2025-09,-0.09038977418411509
q40_edge20_always_next_0934_close_positive_signal_inverse_c10,2025-10,-0.005292278722231137
q40_edge20_always_next_0934_close_positive_signal_inverse_c10,2025-11,0.05901623772188358
q40_edge20_always_next_0934_close_positive_signal_inverse_c10,2025-12,-0.03590887856566127
q40_edge20_always_next_0934_close_positive_signal_inverse_c10,2026-01,-0.04211568266817711
q40_edge20_always_next_0934_close_positive_signal_inverse_c10,2026-02,0.12181534609608058
q40_edge20_always_next_0934_close_positive_signal_inverse_c10,2026-03,-0.00396201575627797
q40_edge20_always_next_0934_close_positive_signal_inverse_c10,2026-04,-0.3955166716232382
q40_edge20_always_next_0934_close_positive_signal_inverse_c5,2024-11,0.050867286954560775
q40_edge20_always_next_0934_close_positive_signal_inverse_c5,2024-12,-0.024658414048746913
q40_edge20_always_next_0934_close_positive_signal_inverse_c5,2025-01,-0.05710900468891056
q40_edge20_always_next_0934_close_positive_signal_inverse_c5,2025-02,-0.06974324417118738
q40_edge20_always_next_0934_close_positive_signal_inverse_c5,2025-03,0.21323268890319913
q40_edge20_always_next_0934_close_positive_signal_inverse_c5,2025-04,0.31078058378641904
q40_edge20_always_next_0934_close_positive_signal_inverse_c5,2025-05,0.010339773204536384
q40_edge20_always_next_0934_close_positive_signal_inverse_c5,2025-06,-0.010383738816590715
q40_edge20_always_next_0934_close_positive_signal_inverse_c5,2025-07,0.08103803869611315
q40_edge20_always_next_0934_close_positive_signal_inverse_c5,2025-08,0.01930241725195969
q40_edge20_always_next_0934_close_positive_signal_inverse_c5,2025-09,-0.08138977418411508
q40_edge20_always_next_0934_close_positive_signal_inverse_c5,2025-10,0.0017077212777688597
q40_edge20_always_next_0934_close_positive_signal_inverse_c5,2025-11,0.06301623772188358
q40_edge20_always_next_0934_close_positive_signal_inverse_c5,2025-12,-0.03290887856566127
q40_edge20_always_next_0934_close_positive_signal_inverse_c5,2026-01,-0.03911568266817711
q40_edge20_always_next_0934_close_positive_signal_inverse_c5,2026-02,0.12681534609608058
q40_edge20_always_next_0934_close_positive_signal_inverse_c5,2026-03,-0.0019620157562779683
q40_edge20_always_next_0934_close_positive_signal_inverse_c5,2026-04,-0.3865166716232382
q40_edge20_always_next_open_both_reversal_c10,2024-11,0.02098629990524104
q40_edge20_always_next_open_both_reversal_c10,2024-12,-0.06388430207927498
q40_edge20_always_next_open_both_reversal_c10,2025-01,-0.0288623993479995
q40_edge20_always_next_open_both_reversal_c10,2025-02,-0.08099369591968009
q40_edge20_always_next_open_both_reversal_c10,2025-03,0.3141958729521124
q40_edge20_always_next_open_both_reversal_c10,2025-04,0.2870114906598559
q40_edge20_always_next_open_both_reversal_c10,2025-05,-0.010195988731628192
q40_edge20_always_next_open_both_reversal_c10,2025-06,-0.020188984321999448
q40_edge20_always_next_open_both_reversal_c10,2025-07,0.013888839736545866
q40_edge20_always_next_open_both_reversal_c10,2025-08,-0.07181959250024628
q40_edge20_always_next_open_both_reversal_c10,2025-09,-0.06880913501038766
q40_edge20_always_next_open_both_reversal_c10,2025-10,0.27255917242673966
q40_edge20_always_next_open_both_reversal_c10,2025-11,0.062499560866590476
q40_edge20_always_next_open_both_reversal_c10,2025-12,-0.03442910979587421
q40_edge20_always_next_open_both_reversal_c10,2026-01,0.12740356972502576
q40_edge20_always_next_open_both_reversal_c10,2026-02,0.274696239397934
q40_edge20_always_next_open_both_reversal_c10,2026-03,-0.07858324069398093
q40_edge20_always_next_open_both_reversal_c10,2026-04,-0.2093244181237104
q40_edge20_always_next_open_both_reversal_c5,2024-11,0.02698629990524104
q40_edge20_always_next_open_both_reversal_c5,2024-12,-0.05688430207927497
q40_edge20_always_next_open_both_reversal_c5,2025-01,-0.024862399347999498
q40_edge20_always_next_open_both_reversal_c5,2025-02,-0.07199369591968008
q40_edge20_always_next_open_both_reversal_c5,2025-03,0.3201958729521124
q40_edge20_always_next_open_both_reversal_c5,2025-04,0.2940114906598559
q40_edge20_always_next_open_both_reversal_c5,2025-05,-0.005195988731628187
q40_edge20_always_next_open_both_reversal_c5,2025-06,-0.014188984321999443
q40_edge20_always_next_open_both_reversal_c5,2025-07,0.01788883973654587
q40_edge20_always_next_open_both_reversal_c5,2025-08,-0.06381959250024627
q40_edge20_always_next_open_both_reversal_c5,2025-09,-0.05980913501038765
q40_edge20_always_next_open_both_reversal_c5,2025-10,0.28455917242673967
q40_edge20_always_next_open_both_reversal_c5,2025-11,0.07349956086659049
q40_edge20_always_next_open_both_reversal_c5,2025-12,-0.02942910979587421
q40_edge20_always_next_open_both_reversal_c5,2026-01,0.13340356972502576
q40_edge20_always_next_open_both_reversal_c5,2026-02,0.284696239397934
q40_edge20_always_next_open_both_reversal_c5,2026-03,-0.07158324069398092
q40_edge20_always_next_open_both_reversal_c5,2026-04,-0.19832441812371038
q40_edge20_always_next_open_negative_signal_bull_c10,2024-11,0.016851710074267334
q40_edge20_always_next_open_negative_signal_bull_c10,2024-12,-0.017896906128399004
q40_edge20_always_next_open_negative_signal_bull_c10,2025-01,0.06070736562707357
q40_edge20_always_next_open_negative_signal_bull_c10,2025-02,0.03344535743061117
q40_edge20_always_next_open_negative_signal_bull_c10,2025-03,0.09143487619164059
q40_edge20_always_next_open_negative_signal_bull_c10,2025-04,0.0
q40_edge20_always_next_open_negative_signal_bull_c10,2025-05,-0.03213550994120451
q40_edge20_always_next_open_negative_signal_bull_c10,2025-06,-0.0005211475894706368
q40_edge20_always_next_open_negative_signal_bull_c10,2025-07,-0.04550036438893834
q40_edge20_always_next_open_negative_signal_bull_c10,2025-08,-0.062393303807380285
q40_edge20_always_next_open_negative_signal_bull_c10,2025-09,0.0
q40_edge20_always_next_open_negative_signal_bull_c10,2025-10,0.25957807755975626
q40_edge20_always_next_open_negative_signal_bull_c10,2025-11,-0.009200108038625027
q40_edge20_always_next_open_negative_signal_bull_c10,2025-12,0.0010559589824925587
q40_edge20_always_next_open_negative_signal_bull_c10,2026-01,0.14788405628295065
q40_edge20_always_next_open_negative_signal_bull_c10,2026-02,0.06921145404429163
q40_edge20_always_next_open_negative_signal_bull_c10,2026-03,-0.08484227604994043
q40_edge20_always_next_open_negative_signal_bull_c10,2026-04,0.09366007716025515
q40_edge20_always_next_open_negative_signal_bull_c5,2024-11,0.019851710074267337
q40_edge20_always_next_open_negative_signal_bull_c5,2024-12,-0.012896906128399
q40_edge20_always_next_open_negative_signal_bull_c5,2025-01,0.061707365627073574
q40_edge20_always_next_open_negative_signal_bull_c5,2025-02,0.03644535743061117
q40_edge20_always_next_open_negative_signal_bull_c5,2025-03,0.09343487619164059
q40_edge20_always_next_open_negative_signal_bull_c5,2025-04,0.0
q40_edge20_always_next_open_negative_signal_bull_c5,2025-05,-0.028135509941204506
q40_edge20_always_next_open_negative_signal_bull_c5,2025-06,0.0004788524105293632
q40_edge20_always_next_open_negative_signal_bull_c5,2025-07,-0.04350036438893834
q40_edge20_always_next_open_negative_signal_bull_c5,2025-08,-0.05839330380738028
q40_edge20_always_next_open_negative_signal_bull_c5,2025-09,0.0
q40_edge20_always_next_open_negative_signal_bull_c5,2025-10,0.26457807755975626
q40_edge20_always_next_open_negative_signal_bull_c5,2025-11,-0.002200108038625026
q40_edge20_always_next_open_negative_signal_bull_c5,2025-12,0.003055958982492557
q40_edge20_always_next_open_negative_signal_bull_c5,2026-01,0.15088405628295065
q40_edge20_always_next_open_negative_signal_bull_c5,2026-02,0.07421145404429164
q40_edge20_always_next_open_negative_signal_bull_c5,2026-03,-0.07984227604994043
q40_edge20_always_next_open_negative_signal_bull_c5,2026-04,0.09566007716025515
q40_edge20_always_next_open_positive_signal_inverse_c10,2024-11,0.004134589830973702
q40_edge20_always_next_open_positive_signal_inverse_c10,2024-12,-0.045987395950875976
q40_edge20_always_next_open_positive_signal_inverse_c10,2025-01,-0.08956976497507307
q40_edge20_always_next_open_positive_signal_inverse_c10,2025-02,-0.11443905335029125
q40_edge20_always_next_open_positive_signal_inverse_c10,2025-03,0.22276099676047179
q40_edge20_always_next_open_positive_signal_inverse_c10,2025-04,0.2870114906598559
q40_edge20_always_next_open_positive_signal_inverse_c10,2025-05,0.021939521209576318
q40_edge20_always_next_open_positive_signal_inverse_c10,2025-06,-0.01966783673252881
q40_edge20_always_next_open_positive_signal_inverse_c10,2025-07,0.05938920412548421
q40_edge20_always_next_open_positive_signal_inverse_c10,2025-08,-0.00942628869286599
q40_edge20_always_next_open_positive_signal_inverse_c10,2025-09,-0.06880913501038766
q40_edge20_always_next_open_positive_signal_inverse_c10,2025-10,0.012981094866983404
q40_edge20_always_next_open_positive_signal_inverse_c10,2025-11,0.07169966890521551
q40_edge20_always_next_open_positive_signal_inverse_c10,2025-12,-0.03548506877836677
q40_edge20_always_next_open_positive_signal_inverse_c10,2026-01,-0.020480486557924893
q40_edge20_always_next_open_positive_signal_inverse_c10,2026-02,0.20548478535364234
q40_edge20_always_next_open_positive_signal_inverse_c10,2026-03,0.006259035355959508
q40_edge20_always_next_open_positive_signal_inverse_c10,2026-04,-0.30298449528396554
q40_edge20_always_next_open_positive_signal_inverse_c5,2024-11,0.007134589830973703
q40_edge20_always_next_open_positive_signal_inverse_c5,2024-12,-0.043987395950875974
q40_edge20_always_next_open_positive_signal_inverse_c5,2025-01,-0.08656976497507307
q40_edge20_always_next_open_positive_signal_inverse_c5,2025-02,-0.10843905335029125
q40_edge20_always_next_open_positive_signal_inverse_c5,2025-03,0.2267609967604718
q40_edge20_always_next_open_positive_signal_inverse_c5,2025-04,0.2940114906598559
q40_edge20_always_next_open_positive_signal_inverse_c5,2025-05,0.02293952120957632
q40_edge20_always_next_open_positive_signal_inverse_c5,2025-06,-0.014667836732528805
q40_edge20_always_next_open_positive_signal_inverse_c5,2025-07,0.06138920412548421
q40_edge20_always_next_open_positive_signal_inverse_c5,2025-08,-0.005426288692865988
q40_edge20_always_next_open_positive_signal_inverse_c5,2025-09,-0.05980913501038765
q40_edge20_always_next_open_positive_signal_inverse_c5,2025-10,0.019981094866983407
q40_edge20_always_next_open_positive_signal_inverse_c5,2025-11,0.07569966890521551
q40_edge20_always_next_open_positive_signal_inverse_c5,2025-12,-0.032485068778366766
q40_edge20_always_next_open_positive_signal_inverse_c5,2026-01,-0.01748048655792489
q40_edge20_always_next_open_positive_signal_inverse_c5,2026-02,0.21048478535364235
q40_edge20_always_next_open_positive_signal_inverse_c5,2026-03,0.00825903535595951
q40_edge20_always_next_open_positive_signal_inverse_c5,2026-04,-0.29398449528396553
q40_edge20_edge10_next_0934_close_both_reversal_c10,2024-11,0.03364237488266719
q40_edge20_edge10_next_0934_close_both_reversal_c10,2024-12,-0.009255782583676653
q40_edge20_edge10_next_0934_close_both_reversal_c10,2025-01,0.0
q40_edge20_edge10_next_0934_close_both_reversal_c10,2025-02,-0.049606657907894425
q40_edge20_edge10_next_0934_close_both_reversal_c10,2025-03,0.17773722339133025
q40_edge20_edge10_next_0934_close_both_reversal_c10,2025-04,0.324667533568182
q40_edge20_edge10_next_0934_close_both_reversal_c10,2025-05,0.010429508264716003
q40_edge20_edge10_next_0934_close_both_reversal_c10,2025-06,-0.04894044267226682
q40_edge20_edge10_next_0934_close_both_reversal_c10,2025-07,0.02068582739215785
q40_edge20_edge10_next_0934_close_both_reversal_c10,2025-08,-0.10630046451732744
q40_edge20_edge10_next_0934_close_both_reversal_c10,2025-09,0.0
q40_edge20_edge10_next_0934_close_both_reversal_c10,2025-10,0.15179021414410587
q40_edge20_edge10_next_0934_close_both_reversal_c10,2025-11,0.08467768948508525
q40_edge20_edge10_next_0934_close_both_reversal_c10,2025-12,-0.03938801735656261
q40_edge20_edge10_next_0934_close_both_reversal_c10,2026-01,0.0496458648598187
q40_edge20_edge10_next_0934_close_both_reversal_c10,2026-02,0.18454962804556996
q40_edge20_edge10_next_0934_close_both_reversal_c10,2026-03,-0.14436401293998535
q40_edge20_edge10_next_0934_close_both_reversal_c10,2026-04,-0.19945917227541488
q40_edge20_edge10_next_0934_close_both_reversal_c5,2024-11,0.036642374882667195
q40_edge20_edge10_next_0934_close_both_reversal_c5,2024-12,-0.005255782583676649
q40_edge20_edge10_next_0934_close_both_reversal_c5,2025-01,0.0
q40_edge20_edge10_next_0934_close_both_reversal_c5,2025-02,-0.04760665790789442
q40_edge20_edge10_next_0934_close_both_reversal_c5,2025-03,0.18173722339133025
q40_edge20_edge10_next_0934_close_both_reversal_c5,2025-04,0.329667533568182
q40_edge20_edge10_next_0934_close_both_reversal_c5,2025-05,0.012429508264716005
q40_edge20_edge10_next_0934_close_both_reversal_c5,2025-06,-0.04394044267226682
q40_edge20_edge10_next_0934_close_both_reversal_c5,2025-07,0.024685827392157855
q40_edge20_edge10_next_0934_close_both_reversal_c5,2025-08,-0.10230046451732744
q40_edge20_edge10_next_0934_close_both_reversal_c5,2025-09,0.0
q40_edge20_edge10_next_0934_close_both_reversal_c5,2025-10,0.15779021414410588
q40_edge20_edge10_next_0934_close_both_reversal_c5,2025-11,0.09067768948508526
q40_edge20_edge10_next_0934_close_both_reversal_c5,2025-12,-0.03538801735656261
q40_edge20_edge10_next_0934_close_both_reversal_c5,2026-01,0.054645864859818705
q40_edge20_edge10_next_0934_close_both_reversal_c5,2026-02,0.19454962804556997
q40_edge20_edge10_next_0934_close_both_reversal_c5,2026-03,-0.13836401293998535
q40_edge20_edge10_next_0934_close_both_reversal_c5,2026-04,-0.19645917227541487
q40_edge20_edge10_next_0934_close_negative_signal_bull_c10,2024-11,0.011646709549727909
q40_edge20_edge10_next_0934_close_negative_signal_bull_c10,2024-12,0.0027922481559969903
q40_edge20_edge10_next_0934_close_negative_signal_bull_c10,2025-01,0.0
q40_edge20_edge10_next_0934_close_negative_signal_bull_c10,2025-02,0.0
q40_edge20_edge10_next_0934_close_negative_signal_bull_c10,2025-03,0.08080621046578473
q40_edge20_edge10_next_0934_close_negative_signal_bull_c10,2025-04,0.0
q40_edge20_edge10_next_0934_close_negative_signal_bull_c10,2025-05,0.010429508264716003
q40_edge20_edge10_next_0934_close_negative_signal_bull_c10,2025-06,-0.015315587104407056
q40_edge20_edge10_next_0934_close_negative_signal_bull_c10,2025-07,-0.05835221130395529
q40_edge20_edge10_next_0934_close_negative_signal_bull_c10,2025-08,-0.11251401687872387
q40_edge20_edge10_next_0934_close_negative_signal_bull_c10,2025-09,0.0
q40_edge20_edge10_next_0934_close_negative_signal_bull_c10,2025-10,0.10438571491781867
q40_edge20_edge10_next_0934_close_negative_signal_bull_c10,2025-11,0.07842932930356383
q40_edge20_edge10_next_0934_close_negative_signal_bull_c10,2025-12,-0.0034791387909013354
q40_edge20_edge10_next_0934_close_negative_signal_bull_c10,2026-01,0.09176154752799581
q40_edge20_edge10_next_0934_close_negative_signal_bull_c10,2026-02,0.06273428194948938
q40_edge20_edge10_next_0934_close_negative_signal_bull_c10,2026-03,-0.07914421387112958
q40_edge20_edge10_next_0934_close_negative_signal_bull_c10,2026-04,0.033320892125625834
q40_edge20_edge10_next_0934_close_negative_signal_bull_c5,2024-11,0.012646709549727908
q40_edge20_edge10_next_0934_close_negative_signal_bull_c5,2024-12,0.005792248155996993
q40_edge20_edge10_next_0934_close_negative_signal_bull_c5,2025-01,0.0
q40_edge20_edge10_next_0934_close_negative_signal_bull_c5,2025-02,0.0
q40_edge20_edge10_next_0934_close_negative_signal_bull_c5,2025-03,0.08180621046578473
q40_edge20_edge10_next_0934_close_negative_signal_bull_c5,2025-04,0.0
q40_edge20_edge10_next_0934_close_negative_signal_bull_c5,2025-05,0.012429508264716005
q40_edge20_edge10_next_0934_close_negative_signal_bull_c5,2025-06,-0.014315587104407057
q40_edge20_edge10_next_0934_close_negative_signal_bull_c5,2025-07,-0.05635221130395529
q40_edge20_edge10_next_0934_close_negative_signal_bull_c5,2025-08,-0.10951401687872386
q40_edge20_edge10_next_0934_close_negative_signal_bull_c5,2025-09,0.0
q40_edge20_edge10_next_0934_close_negative_signal_bull_c5,2025-10,0.10638571491781867
q40_edge20_edge10_next_0934_close_negative_signal_bull_c5,2025-11,0.08242932930356384
q40_edge20_edge10_next_0934_close_negative_signal_bull_c5,2025-12,-0.0024791387909013354
q40_edge20_edge10_next_0934_close_negative_signal_bull_c5,2026-01,0.09376154752799581
q40_edge20_edge10_next_0934_close_negative_signal_bull_c5,2026-02,0.06773428194948938
q40_edge20_edge10_next_0934_close_negative_signal_bull_c5,2026-03,-0.07414421387112957
q40_edge20_edge10_next_0934_close_negative_signal_bull_c5,2026-04,0.034320892125625835
q40_edge20_edge10_next_0934_close_positive_signal_inverse_c10,2024-11,0.021995665332939285
q40_edge20_edge10_next_0934_close_positive_signal_inverse_c10,2024-12,-0.012048030739673641
q40_edge20_edge10_next_0934_close_positive_signal_inverse_c10,2025-01,0.0
q40_edge20_edge10_next_0934_close_positive_signal_inverse_c10,2025-02,-0.049606657907894425
q40_edge20_edge10_next_0934_close_positive_signal_inverse_c10,2025-03,0.09693101292554551
q40_edge20_edge10_next_0934_close_positive_signal_inverse_c10,2025-04,0.324667533568182
q40_edge20_edge10_next_0934_close_positive_signal_inverse_c10,2025-05,0.0
q40_edge20_edge10_next_0934_close_positive_signal_inverse_c10,2025-06,-0.03362485556785977
q40_edge20_edge10_next_0934_close_positive_signal_inverse_c10,2025-07,0.07903803869611314
q40_edge20_edge10_next_0934_close_positive_signal_inverse_c10,2025-08,0.006213552361396426
q40_edge20_edge10_next_0934_close_positive_signal_inverse_c10,2025-09,0.0
q40_edge20_edge10_next_0934_close_positive_signal_inverse_c10,2025-10,0.0474044992262872
q40_edge20_edge10_next_0934_close_positive_signal_inverse_c10,2025-11,0.006248360181521417
q40_edge20_edge10_next_0934_close_positive_signal_inverse_c10,2025-12,-0.03590887856566127
q40_edge20_edge10_next_0934_close_positive_signal_inverse_c10,2026-01,-0.04211568266817711
q40_edge20_edge10_next_0934_close_positive_signal_inverse_c10,2026-02,0.12181534609608058
q40_edge20_edge10_next_0934_close_positive_signal_inverse_c10,2026-03,-0.06521979906885578
q40_edge20_edge10_next_0934_close_positive_signal_inverse_c10,2026-04,-0.2327800644010407
q40_edge20_edge10_next_0934_close_positive_signal_inverse_c5,2024-11,0.023995665332939287
q40_edge20_edge10_next_0934_close_positive_signal_inverse_c5,2024-12,-0.011048030739673642
q40_edge20_edge10_next_0934_close_positive_signal_inverse_c5,2025-01,0.0
q40_edge20_edge10_next_0934_close_positive_signal_inverse_c5,2025-02,-0.04760665790789442
q40_edge20_edge10_next_0934_close_positive_signal_inverse_c5,2025-03,0.09993101292554551
q40_edge20_edge10_next_0934_close_positive_signal_inverse_c5,2025-04,0.329667533568182
q40_edge20_edge10_next_0934_close_positive_signal_inverse_c5,2025-05,0.0
q40_edge20_edge10_next_0934_close_positive_signal_inverse_c5,2025-06,-0.029624855567859765
q40_edge20_edge10_next_0934_close_positive_signal_inverse_c5,2025-07,0.08103803869611315
q40_edge20_edge10_next_0934_close_positive_signal_inverse_c5,2025-08,0.007213552361396426
q40_edge20_edge10_next_0934_close_positive_signal_inverse_c5,2025-09,0.0
q40_edge20_edge10_next_0934_close_positive_signal_inverse_c5,2025-10,0.051404499226287204
q40_edge20_edge10_next_0934_close_positive_signal_inverse_c5,2025-11,0.00824836018152142
q40_edge20_edge10_next_0934_close_positive_signal_inverse_c5,2025-12,-0.03290887856566127
q40_edge20_edge10_next_0934_close_positive_signal_inverse_c5,2026-01,-0.03911568266817711
q40_edge20_edge10_next_0934_close_positive_signal_inverse_c5,2026-02,0.12681534609608058
q40_edge20_edge10_next_0934_close_positive_signal_inverse_c5,2026-03,-0.06421979906885578
q40_edge20_edge10_next_0934_close_positive_signal_inverse_c5,2026-04,-0.2307800644010407
q40_edge20_edge10_next_open_both_reversal_c10,2024-11,-0.010005996512420623
q40_edge20_edge10_next_open_both_reversal_c10,2024-12,-0.045594594513330255
q40_edge20_edge10_next_open_both_reversal_c10,2025-01,0.0
q40_edge20_edge10_next_open_both_reversal_c10,2025-02,-0.035790978862844436
q40_edge20_edge10_next_open_both_reversal_c10,2025-03,0.18489439441033162
q40_edge20_edge10_next_open_both_reversal_c10,2025-04,0.3382657699158328
q40_edge20_edge10_next_open_both_reversal_c10,2025-05,0.011102087187976672
q40_edge20_edge10_next_open_both_reversal_c10,2025-06,-0.04610776604788758
q40_edge20_edge10_next_open_both_reversal_c10,2025-07,0.013888839736545866
q40_edge20_edge10_next_open_both_reversal_c10,2025-08,-0.0765689358111108
q40_edge20_edge10_next_open_both_reversal_c10,2025-09,0.0
q40_edge20_edge10_next_open_both_reversal_c10,2025-10,0.1884059747925153
q40_edge20_edge10_next_open_both_reversal_c10,2025-11,0.054198319114850846
q40_edge20_edge10_next_open_both_reversal_c10,2025-12,-0.046121487705504505
q40_edge20_edge10_next_open_both_reversal_c10,2026-01,0.09025213819691258
q40_edge20_edge10_next_open_both_reversal_c10,2026-02,0.274696239397934
q40_edge20_edge10_next_open_both_reversal_c10,2026-03,-0.15790329050718144
q40_edge20_edge10_next_open_both_reversal_c10,2026-04,-0.15919313890585918
q40_edge20_edge10_next_open_both_reversal_c5,2024-11,-0.00700599651242062
q40_edge20_edge10_next_open_both_reversal_c5,2024-12,-0.04159459451333025
q40_edge20_edge10_next_open_both_reversal_c5,2025-01,0.0
q40_edge20_edge10_next_open_both_reversal_c5,2025-02,-0.033790978862844434
q40_edge20_edge10_next_open_both_reversal_c5,2025-03,0.18889439441033162
q40_edge20_edge10_next_open_both_reversal_c5,2025-04,0.3432657699158328
q40_edge20_edge10_next_open_both_reversal_c5,2025-05,0.013102087187976674
q40_edge20_edge10_next_open_both_reversal_c5,2025-06,-0.04110776604788757
q40_edge20_edge10_next_open_both_reversal_c5,2025-07,0.01788883973654587
q40_edge20_edge10_next_open_both_reversal_c5,2025-08,-0.07256893581111079
q40_edge20_edge10_next_open_both_reversal_c5,2025-09,0.0
q40_edge20_edge10_next_open_both_reversal_c5,2025-10,0.1944059747925153
q40_edge20_edge10_next_open_both_reversal_c5,2025-11,0.06019831911485085
q40_edge20_edge10_next_open_both_reversal_c5,2025-12,-0.0421214877055045
q40_edge20_edge10_next_open_both_reversal_c5,2026-01,0.09525213819691258
q40_edge20_edge10_next_open_both_reversal_c5,2026-02,0.284696239397934
q40_edge20_edge10_next_open_both_reversal_c5,2026-03,-0.15190329050718143
q40_edge20_edge10_next_open_both_reversal_c5,2026-04,-0.15619313890585917
q40_edge20_edge10_next_open_negative_signal_bull_c10,2024-11,-0.0005155863433943236
q40_edge20_edge10_next_open_negative_signal_bull_c10,2024-12,-0.021500454263570168
q40_edge20_edge10_next_open_negative_signal_bull_c10,2025-01,0.0
q40_edge20_edge10_next_open_negative_signal_bull_c10,2025-02,0.0
q40_edge20_edge10_next_open_negative_signal_bull_c10,2025-03,0.06412995974698088
q40_edge20_edge10_next_open_negative_signal_bull_c10,2025-04,0.0
q40_edge20_edge10_next_open_negative_signal_bull_c10,2025-05,0.011102087187976672
q40_edge20_edge10_next_open_negative_signal_bull_c10,2025-06,-0.0005211475894706368
q40_edge20_edge10_next_open_negative_signal_bull_c10,2025-07,-0.04550036438893834
q40_edge20_edge10_next_open_negative_signal_bull_c10,2025-08,-0.08620480165642208
q40_edge20_edge10_next_open_negative_signal_bull_c10,2025-09,0.0
q40_edge20_edge10_next_open_negative_signal_bull_c10,2025-10,0.11360412596782465
q40_edge20_edge10_next_open_negative_signal_bull_c10,2025-11,0.04255702763195091
q40_edge20_edge10_next_open_negative_signal_bull_c10,2025-12,-0.010636418927137735
q40_edge20_edge10_next_open_negative_signal_bull_c10,2026-01,0.11073262475483747
q40_edge20_edge10_next_open_negative_signal_bull_c10,2026-02,0.06921145404429163
q40_edge20_edge10_next_open_negative_signal_bull_c10,2026-03,-0.08484227604994043
q40_edge20_edge10_next_open_negative_signal_bull_c10,2026-04,0.04224214838416018
q40_edge20_edge10_next_open_negative_signal_bull_c5,2024-11,0.00048441365660567646
q40_edge20_edge10_next_open_negative_signal_bull_c5,2024-12,-0.018500454263570165
q40_edge20_edge10_next_open_negative_signal_bull_c5,2025-01,0.0
q40_edge20_edge10_next_open_negative_signal_bull_c5,2025-02,0.0
q40_edge20_edge10_next_open_negative_signal_bull_c5,2025-03,0.06512995974698088
q40_edge20_edge10_next_open_negative_signal_bull_c5,2025-04,0.0
q40_edge20_edge10_next_open_negative_signal_bull_c5,2025-05,0.013102087187976674
q40_edge20_edge10_next_open_negative_signal_bull_c5,2025-06,0.0004788524105293632
q40_edge20_edge10_next_open_negative_signal_bull_c5,2025-07,-0.04350036438893834
q40_edge20_edge10_next_open_negative_signal_bull_c5,2025-08,-0.08320480165642208
q40_edge20_edge10_next_open_negative_signal_bull_c5,2025-09,0.0
q40_edge20_edge10_next_open_negative_signal_bull_c5,2025-10,0.11560412596782466
q40_edge20_edge10_next_open_negative_signal_bull_c5,2025-11,0.04655702763195091
q40_edge20_edge10_next_open_negative_signal_bull_c5,2025-12,-0.009636418927137735
q40_edge20_edge10_next_open_negative_signal_bull_c5,2026-01,0.11273262475483747
q40_edge20_edge10_next_open_negative_signal_bull_c5,2026-02,0.07421145404429164
q40_edge20_edge10_next_open_negative_signal_bull_c5,2026-03,-0.07984227604994043
q40_edge20_edge10_next_open_negative_signal_bull_c5,2026-04,0.043242148384160184
q40_edge20_edge10_next_open_positive_signal_inverse_c10,2024-11,-0.009490410169026298
q40_edge20_edge10_next_open_positive_signal_inverse_c10,2024-12,-0.024094140249760088
q40_edge20_edge10_next_open_positive_signal_inverse_c10,2025-01,0.0
q40_edge20_edge10_next_open_positive_signal_inverse_c10,2025-02,-0.035790978862844436
q40_edge20_edge10_next_open_positive_signal_inverse_c10,2025-03,0.12076443466335074
q40_edge20_edge10_next_open_positive_signal_inverse_c10,2025-04,0.3382657699158328
q40_edge20_edge10_next_open_positive_signal_inverse_c10,2025-05,0.0
q40_edge20_edge10_next_open_positive_signal_inverse_c10,2025-06,-0.04558661845841694
q40_edge20_edge10_next_open_positive_signal_inverse_c10,2025-07,0.05938920412548421
q40_edge20_edge10_next_open_positive_signal_inverse_c10,2025-08,0.009635865845311288
q40_edge20_edge10_next_open_positive_signal_inverse_c10,2025-09,0.0
q40_edge20_edge10_next_open_positive_signal_inverse_c10,2025-10,0.07480184882469065
q40_edge20_edge10_next_open_positive_signal_inverse_c10,2025-11,0.01164129148289994
q40_edge20_edge10_next_open_positive_signal_inverse_c10,2025-12,-0.03548506877836677
q40_edge20_edge10_next_open_positive_signal_inverse_c10,2026-01,-0.020480486557924893
q40_edge20_edge10_next_open_positive_signal_inverse_c10,2026-02,0.20548478535364234
q40_edge20_edge10_next_open_positive_signal_inverse_c10,2026-03,-0.073061014457241
q40_edge20_edge10_next_open_positive_signal_inverse_c10,2026-04,-0.20143528729001936
q40_edge20_edge10_next_open_positive_signal_inverse_c5,2024-11,-0.007490410169026296
q40_edge20_edge10_next_open_positive_signal_inverse_c5,2024-12,-0.023094140249760087
q40_edge20_edge10_next_open_positive_signal_inverse_c5,2025-01,0.0
q40_edge20_edge10_next_open_positive_signal_inverse_c5,2025-02,-0.033790978862844434
q40_edge20_edge10_next_open_positive_signal_inverse_c5,2025-03,0.12376443466335074
q40_edge20_edge10_next_open_positive_signal_inverse_c5,2025-04,0.3432657699158328
q40_edge20_edge10_next_open_positive_signal_inverse_c5,2025-05,0.0
q40_edge20_edge10_next_open_positive_signal_inverse_c5,2025-06,-0.041586618458416935
q40_edge20_edge10_next_open_positive_signal_inverse_c5,2025-07,0.06138920412548421
q40_edge20_edge10_next_open_positive_signal_inverse_c5,2025-08,0.010635865845311288
q40_edge20_edge10_next_open_positive_signal_inverse_c5,2025-09,0.0
q40_edge20_edge10_next_open_positive_signal_inverse_c5,2025-10,0.07880184882469066
q40_edge20_edge10_next_open_positive_signal_inverse_c5,2025-11,0.013641291482899942
q40_edge20_edge10_next_open_positive_signal_inverse_c5,2025-12,-0.032485068778366766
q40_edge20_edge10_next_open_positive_signal_inverse_c5,2026-01,-0.01748048655792489
q40_edge20_edge10_next_open_positive_signal_inverse_c5,2026-02,0.21048478535364235
q40_edge20_edge10_next_open_positive_signal_inverse_c5,2026-03,-0.072061014457241
q40_edge20_edge10_next_open_positive_signal_inverse_c5,2026-04,-0.19943528729001936
q40_edge20_edge20_next_0934_close_both_reversal_c10,2024-11,0.1281035635183536
q40_edge20_edge20_next_0934_close_both_reversal_c10,2024-12,-0.05625926330564712
q40_edge20_edge20_next_0934_close_both_reversal_c10,2025-01,0.0
q40_edge20_edge20_next_0934_close_both_reversal_c10,2025-02,-0.060145016413990615
q40_edge20_edge20_next_0934_close_both_reversal_c10,2025-03,0.10184777615514962
q40_edge20_edge20_next_0934_close_both_reversal_c10,2025-04,0.30378058378641903
q40_edge20_edge20_next_0934_close_both_reversal_c10,2025-05,0.015053517645141292
q40_edge20_edge20_next_0934_close_both_reversal_c10,2025-06,-0.01538373881659072
q40_edge20_edge20_next_0934_close_both_reversal_c10,2025-07,0.07903803869611314
q40_edge20_edge20_next_0934_close_both_reversal_c10,2025-08,-0.10895065957584515
q40_edge20_edge20_next_0934_close_both_reversal_c10,2025-09,0.024773761713520637
q40_edge20_edge20_next_0934_close_both_reversal_c10,2025-10,0.15179021414410587
q40_edge20_edge20_next_0934_close_both_reversal_c10,2025-11,-0.03258123127552626
q40_edge20_edge20_next_0934_close_both_reversal_c10,2025-12,0.015013729368328125
q40_edge20_edge20_next_0934_close_both_reversal_c10,2026-01,0.08101944195536903
q40_edge20_edge20_next_0934_close_both_reversal_c10,2026-02,0.18454962804556996
q40_edge20_edge20_next_0934_close_both_reversal_c10,2026-03,-0.08310622962740755
q40_edge20_edge20_next_0934_close_both_reversal_c10,2026-04,-0.2327800644010407
q40_edge20_edge20_next_0934_close_both_reversal_c5,2024-11,0.13210356351835362
q40_edge20_edge20_next_0934_close_both_reversal_c5,2024-12,-0.05325926330564712
q40_edge20_edge20_next_0934_close_both_reversal_c5,2025-01,0.0
q40_edge20_edge20_next_0934_close_both_reversal_c5,2025-02,-0.05514501641399061
q40_edge20_edge20_next_0934_close_both_reversal_c5,2025-03,0.10484777615514962
q40_edge20_edge20_next_0934_close_both_reversal_c5,2025-04,0.31078058378641904
q40_edge20_edge20_next_0934_close_both_reversal_c5,2025-05,0.018053517645141293
q40_edge20_edge20_next_0934_close_both_reversal_c5,2025-06,-0.010383738816590715
q40_edge20_edge20_next_0934_close_both_reversal_c5,2025-07,0.08103803869611315
q40_edge20_edge20_next_0934_close_both_reversal_c5,2025-08,-0.10395065957584515
q40_edge20_edge20_next_0934_close_both_reversal_c5,2025-09,0.025773761713520638
q40_edge20_edge20_next_0934_close_both_reversal_c5,2025-10,0.15779021414410588
q40_edge20_edge20_next_0934_close_both_reversal_c5,2025-11,-0.028581231275526253
q40_edge20_edge20_next_0934_close_both_reversal_c5,2025-12,0.018013729368328124
q40_edge20_edge20_next_0934_close_both_reversal_c5,2026-01,0.08701944195536904
q40_edge20_edge20_next_0934_close_both_reversal_c5,2026-02,0.19454962804556997
q40_edge20_edge20_next_0934_close_both_reversal_c5,2026-03,-0.07610622962740754
q40_edge20_edge20_next_0934_close_both_reversal_c5,2026-04,-0.2307800644010407
q40_edge20_edge20_next_0934_close_negative_signal_bull_c10,2024-11,0.04824438357635863
q40_edge20_edge20_next_0934_close_negative_signal_bull_c10,2024-12,-0.029600849256900208
q40_edge20_edge20_next_0934_close_negative_signal_bull_c10,2025-01,0.0
q40_edge20_edge20_next_0934_close_negative_signal_bull_c10,2025-02,-0.020376452943382195
q40_edge20_edge20_next_0934_close_negative_signal_bull_c10,2025-03,0.08080621046578473
q40_edge20_edge20_next_0934_close_negative_signal_bull_c10,2025-04,0.0
q40_edge20_edge20_next_0934_close_negative_signal_bull_c10,2025-05,0.0057137444406049065
q40_edge20_edge20_next_0934_close_negative_signal_bull_c10,2025-06,0.0
q40_edge20_edge20_next_0934_close_negative_signal_bull_c10,2025-07,0.0
q40_edge20_edge20_next_0934_close_negative_signal_bull_c10,2025-08,-0.11251401687872387
q40_edge20_edge20_next_0934_close_negative_signal_bull_c10,2025-09,0.0
q40_edge20_edge20_next_0934_close_negative_signal_bull_c10,2025-10,0.10438571491781867
q40_edge20_edge20_next_0934_close_negative_signal_bull_c10,2025-11,-0.03258123127552626
q40_edge20_edge20_next_0934_close_negative_signal_bull_c10,2025-12,-0.0034791387909013354
q40_edge20_edge20_next_0934_close_negative_signal_bull_c10,2026-01,0.12313512462354614
q40_edge20_edge20_next_0934_close_negative_signal_bull_c10,2026-02,0.06273428194948938
q40_edge20_edge20_next_0934_close_negative_signal_bull_c10,2026-03,-0.07914421387112958
q40_edge20_edge20_next_0934_close_negative_signal_bull_c10,2026-04,0.0
q40_edge20_edge20_next_0934_close_negative_signal_bull_c5,2024-11,0.05024438357635863
q40_edge20_edge20_next_0934_close_negative_signal_bull_c5,2024-12,-0.028600849256900207
q40_edge20_edge20_next_0934_close_negative_signal_bull_c5,2025-01,0.0
q40_edge20_edge20_next_0934_close_negative_signal_bull_c5,2025-02,-0.019376452943382194
q40_edge20_edge20_next_0934_close_negative_signal_bull_c5,2025-03,0.08180621046578473
q40_edge20_edge20_next_0934_close_negative_signal_bull_c5,2025-04,0.0
q40_edge20_edge20_next_0934_close_negative_signal_bull_c5,2025-05,0.007713744440604908
q40_edge20_edge20_next_0934_close_negative_signal_bull_c5,2025-06,0.0
q40_edge20_edge20_next_0934_close_negative_signal_bull_c5,2025-07,0.0
q40_edge20_edge20_next_0934_close_negative_signal_bull_c5,2025-08,-0.10951401687872386
q40_edge20_edge20_next_0934_close_negative_signal_bull_c5,2025-09,0.0
q40_edge20_edge20_next_0934_close_negative_signal_bull_c5,2025-10,0.10638571491781867
q40_edge20_edge20_next_0934_close_negative_signal_bull_c5,2025-11,-0.028581231275526253
q40_edge20_edge20_next_0934_close_negative_signal_bull_c5,2025-12,-0.0024791387909013354
q40_edge20_edge20_next_0934_close_negative_signal_bull_c5,2026-01,0.12613512462354615
q40_edge20_edge20_next_0934_close_negative_signal_bull_c5,2026-02,0.06773428194948938
q40_edge20_edge20_next_0934_close_negative_signal_bull_c5,2026-03,-0.07414421387112957
q40_edge20_edge20_next_0934_close_negative_signal_bull_c5,2026-04,0.0
q40_edge20_edge20_next_0934_close_positive_signal_inverse_c10,2024-11,0.07985917994199498
q40_edge20_edge20_next_0934_close_positive_signal_inverse_c10,2024-12,-0.02665841404874691
q40_edge20_edge20_next_0934_close_positive_signal_inverse_c10,2025-01,0.0
q40_edge20_edge20_next_0934_close_positive_signal_inverse_c10,2025-02,-0.03976856347060842
q40_edge20_edge20_next_0934_close_positive_signal_inverse_c10,2025-03,0.021041565689364883
q40_edge20_edge20_next_0934_close_positive_signal_inverse_c10,2025-04,0.30378058378641903
q40_edge20_edge20_next_0934_close_positive_signal_inverse_c10,2025-05,0.009339773204536385
q40_edge20_edge20_next_0934_close_positive_signal_inverse_c10,2025-06,-0.01538373881659072
q40_edge20_edge20_next_0934_close_positive_signal_inverse_c10,2025-07,0.07903803869611314
q40_edge20_edge20_next_0934_close_positive_signal_inverse_c10,2025-08,0.003563357302878715
q40_edge20_edge20_next_0934_close_positive_signal_inverse_c10,2025-09,0.024773761713520637
q40_edge20_edge20_next_0934_close_positive_signal_inverse_c10,2025-10,0.0474044992262872
q40_edge20_edge20_next_0934_close_positive_signal_inverse_c10,2025-11,0.0
q40_edge20_edge20_next_0934_close_positive_signal_inverse_c10,2025-12,0.01849286815922946
q40_edge20_edge20_next_0934_close_positive_signal_inverse_c10,2026-01,-0.04211568266817711
q40_edge20_edge20_next_0934_close_positive_signal_inverse_c10,2026-02,0.12181534609608058
q40_edge20_edge20_next_0934_close_positive_signal_inverse_c10,2026-03,-0.00396201575627797
q40_edge20_edge20_next_0934_close_positive_signal_inverse_c10,2026-04,-0.2327800644010407
q40_edge20_edge20_next_0934_close_positive_signal_inverse_c5,2024-11,0.08185917994199499
q40_edge20_edge20_next_0934_close_positive_signal_inverse_c5,2024-12,-0.024658414048746913
q40_edge20_edge20_next_0934_close_positive_signal_inverse_c5,2025-01,0.0
q40_edge20_edge20_next_0934_close_positive_signal_inverse_c5,2025-02,-0.03576856347060842
q40_edge20_edge20_next_0934_close_positive_signal_inverse_c5,2025-03,0.023041565689364885
q40_edge20_edge20_next_0934_close_positive_signal_inverse_c5,2025-04,0.31078058378641904
q40_edge20_edge20_next_0934_close_positive_signal_inverse_c5,2025-05,0.010339773204536384
q40_edge20_edge20_next_0934_close_positive_signal_inverse_c5,2025-06,-0.010383738816590715
q40_edge20_edge20_next_0934_close_positive_signal_inverse_c5,2025-07,0.08103803869611315
q40_edge20_edge20_next_0934_close_positive_signal_inverse_c5,2025-08,0.005563357302878715
q40_edge20_edge20_next_0934_close_positive_signal_inverse_c5,2025-09,0.025773761713520638
q40_edge20_edge20_next_0934_close_positive_signal_inverse_c5,2025-10,0.051404499226287204
q40_edge20_edge20_next_0934_close_positive_signal_inverse_c5,2025-11,0.0
q40_edge20_edge20_next_0934_close_positive_signal_inverse_c5,2025-12,0.02049286815922946
q40_edge20_edge20_next_0934_close_positive_signal_inverse_c5,2026-01,-0.03911568266817711
q40_edge20_edge20_next_0934_close_positive_signal_inverse_c5,2026-02,0.12681534609608058
q40_edge20_edge20_next_0934_close_positive_signal_inverse_c5,2026-03,-0.0019620157562779683
q40_edge20_edge20_next_0934_close_positive_signal_inverse_c5,2026-04,-0.2307800644010407
q40_edge20_edge20_next_open_both_reversal_c10,2024-11,0.07087673645778025
q40_edge20_edge20_next_open_both_reversal_c10,2024-12,-0.06872886255221511
q40_edge20_edge20_next_open_both_reversal_c10,2025-01,0.0
q40_edge20_edge20_next_open_both_reversal_c10,2025-02,-0.04907924244959715
q40_edge20_edge20_next_open_both_reversal_c10,2025-03,0.11067998905019771
q40_edge20_edge20_next_open_both_reversal_c10,2025-04,0.2870114906598559
q40_edge20_edge20_next_open_both_reversal_c10,2025-05,0.003761099965618242
q40_edge20_edge20_next_open_both_reversal_c10,2025-06,-0.01966783673252881
q40_edge20_edge20_next_open_both_reversal_c10,2025-07,0.05938920412548421
q40_edge20_edge20_next_open_both_reversal_c10,2025-08,-0.0928732270984971
q40_edge20_edge20_next_open_both_reversal_c10,2025-09,0.016741633199464534
q40_edge20_edge20_next_open_both_reversal_c10,2025-10,0.1884059747925153
q40_edge20_edge20_next_open_both_reversal_c10,2025-11,-0.04839714725973998
q40_edge20_edge20_next_open_both_reversal_c10,2025-12,-0.007731385813219412
q40_edge20_edge20_next_open_both_reversal_c10,2026-01,0.12740356972502576
q40_edge20_edge20_next_open_both_reversal_c10,2026-02,0.274696239397934
q40_edge20_edge20_next_open_both_reversal_c10,2026-03,-0.07858324069398093
q40_edge20_edge20_next_open_both_reversal_c10,2026-04,-0.20143528729001936
q40_edge20_edge20_next_open_both_reversal_c5,2024-11,0.07487673645778026
q40_edge20_edge20_next_open_both_reversal_c5,2024-12,-0.0657288625522151
q40_edge20_edge20_next_open_both_reversal_c5,2025-01,0.0
q40_edge20_edge20_next_open_both_reversal_c5,2025-02,-0.044079242449597156
q40_edge20_edge20_next_open_both_reversal_c5,2025-03,0.11367998905019772
q40_edge20_edge20_next_open_both_reversal_c5,2025-04,0.2940114906598559
q40_edge20_edge20_next_open_both_reversal_c5,2025-05,0.006761099965618245
q40_edge20_edge20_next_open_both_reversal_c5,2025-06,-0.014667836732528805
q40_edge20_edge20_next_open_both_reversal_c5,2025-07,0.06138920412548421
q40_edge20_edge20_next_open_both_reversal_c5,2025-08,-0.0878732270984971
q40_edge20_edge20_next_open_both_reversal_c5,2025-09,0.017741633199464535
q40_edge20_edge20_next_open_both_reversal_c5,2025-10,0.1944059747925153
q40_edge20_edge20_next_open_both_reversal_c5,2025-11,-0.04439714725973998
q40_edge20_edge20_next_open_both_reversal_c5,2025-12,-0.004731385813219413
q40_edge20_edge20_next_open_both_reversal_c5,2026-01,0.13340356972502576
q40_edge20_edge20_next_open_both_reversal_c5,2026-02,0.284696239397934
q40_edge20_edge20_next_open_both_reversal_c5,2026-03,-0.07158324069398092
q40_edge20_edge20_next_open_both_reversal_c5,2026-04,-0.19943528729001936
q40_edge20_edge20_next_open_negative_signal_bull_c10,2024-11,0.028665940708687332
q40_edge20_edge20_next_open_negative_signal_bull_c10,2024-12,-0.022741466601339133
q40_edge20_edge20_next_open_negative_signal_bull_c10,2025-01,0.0
q40_edge20_edge20_next_open_negative_signal_bull_c10,2025-02,-0.002562429696287947
q40_edge20_edge20_next_open_negative_signal_bull_c10,2025-03,0.06412995974698088
q40_edge20_edge20_next_open_negative_signal_bull_c10,2025-04,0.0
q40_edge20_edge20_next_open_negative_signal_bull_c10,2025-05,-0.018178421243958076
q40_edge20_edge20_next_open_negative_signal_bull_c10,2025-06,0.0
q40_edge20_edge20_next_open_negative_signal_bull_c10,2025-07,0.0
q40_edge20_edge20_next_open_negative_signal_bull_c10,2025-08,-0.08620480165642208
q40_edge20_edge20_next_open_negative_signal_bull_c10,2025-09,0.0
q40_edge20_edge20_next_open_negative_signal_bull_c10,2025-10,0.11360412596782465
q40_edge20_edge20_next_open_negative_signal_bull_c10,2025-11,-0.04839714725973998
q40_edge20_edge20_next_open_negative_signal_bull_c10,2025-12,-0.010636418927137735
q40_edge20_edge20_next_open_negative_signal_bull_c10,2026-01,0.14788405628295065
q40_edge20_edge20_next_open_negative_signal_bull_c10,2026-02,0.06921145404429163
q40_edge20_edge20_next_open_negative_signal_bull_c10,2026-03,-0.08484227604994043
q40_edge20_edge20_next_open_negative_signal_bull_c10,2026-04,0.0
q40_edge20_edge20_next_open_negative_signal_bull_c5,2024-11,0.030665940708687334
q40_edge20_edge20_next_open_negative_signal_bull_c5,2024-12,-0.021741466601339132
q40_edge20_edge20_next_open_negative_signal_bull_c5,2025-01,0.0
q40_edge20_edge20_next_open_negative_signal_bull_c5,2025-02,-0.0015624296962879472
q40_edge20_edge20_next_open_negative_signal_bull_c5,2025-03,0.06512995974698088
q40_edge20_edge20_next_open_negative_signal_bull_c5,2025-04,0.0
q40_edge20_edge20_next_open_negative_signal_bull_c5,2025-05,-0.016178421243958074
q40_edge20_edge20_next_open_negative_signal_bull_c5,2025-06,0.0
q40_edge20_edge20_next_open_negative_signal_bull_c5,2025-07,0.0
q40_edge20_edge20_next_open_negative_signal_bull_c5,2025-08,-0.08320480165642208
q40_edge20_edge20_next_open_negative_signal_bull_c5,2025-09,0.0
q40_edge20_edge20_next_open_negative_signal_bull_c5,2025-10,0.11560412596782466
q40_edge20_edge20_next_open_negative_signal_bull_c5,2025-11,-0.04439714725973998
q40_edge20_edge20_next_open_negative_signal_bull_c5,2025-12,-0.009636418927137735
q40_edge20_edge20_next_open_negative_signal_bull_c5,2026-01,0.15088405628295065
q40_edge20_edge20_next_open_negative_signal_bull_c5,2026-02,0.07421145404429164
q40_edge20_edge20_next_open_negative_signal_bull_c5,2026-03,-0.07984227604994043
q40_edge20_edge20_next_open_negative_signal_bull_c5,2026-04,0.0
q40_edge20_edge20_next_open_positive_signal_inverse_c10,2024-11,0.04221079574909292
q40_edge20_edge20_next_open_positive_signal_inverse_c10,2024-12,-0.045987395950875976
q40_edge20_edge20_next_open_positive_signal_inverse_c10,2025-01,0.0
q40_edge20_edge20_next_open_positive_signal_inverse_c10,2025-02,-0.04651681275330921
q40_edge20_edge20_next_open_positive_signal_inverse_c10,2025-03,0.04655002930321683
q40_edge20_edge20_next_open_positive_signal_inverse_c10,2025-04,0.2870114906598559
q40_edge20_edge20_next_open_positive_signal_inverse_c10,2025-05,0.021939521209576318
q40_edge20_edge20_next_open_positive_signal_inverse_c10,2025-06,-0.01966783673252881
q40_edge20_edge20_next_open_positive_signal_inverse_c10,2025-07,0.05938920412548421
q40_edge20_edge20_next_open_positive_signal_inverse_c10,2025-08,-0.006668425442075019
q40_edge20_edge20_next_open_positive_signal_inverse_c10,2025-09,0.016741633199464534
q40_edge20_edge20_next_open_positive_signal_inverse_c10,2025-10,0.07480184882469065
q40_edge20_edge20_next_open_positive_signal_inverse_c10,2025-11,0.0
q40_edge20_edge20_next_open_positive_signal_inverse_c10,2025-12,0.0029050331139183223
q40_edge20_edge20_next_open_positive_signal_inverse_c10,2026-01,-0.020480486557924893
q40_edge20_edge20_next_open_positive_signal_inverse_c10,2026-02,0.20548478535364234
q40_edge20_edge20_next_open_positive_signal_inverse_c10,2026-03,0.006259035355959508
q40_edge20_edge20_next_open_positive_signal_inverse_c10,2026-04,-0.20143528729001936
q40_edge20_edge20_next_open_positive_signal_inverse_c5,2024-11,0.044210795749092924
q40_edge20_edge20_next_open_positive_signal_inverse_c5,2024-12,-0.043987395950875974
q40_edge20_edge20_next_open_positive_signal_inverse_c5,2025-01,0.0
q40_edge20_edge20_next_open_positive_signal_inverse_c5,2025-02,-0.04251681275330921
q40_edge20_edge20_next_open_positive_signal_inverse_c5,2025-03,0.048550029303216835
q40_edge20_edge20_next_open_positive_signal_inverse_c5,2025-04,0.2940114906598559
q40_edge20_edge20_next_open_positive_signal_inverse_c5,2025-05,0.02293952120957632
q40_edge20_edge20_next_open_positive_signal_inverse_c5,2025-06,-0.014667836732528805
q40_edge20_edge20_next_open_positive_signal_inverse_c5,2025-07,0.06138920412548421
q40_edge20_edge20_next_open_positive_signal_inverse_c5,2025-08,-0.004668425442075019
q40_edge20_edge20_next_open_positive_signal_inverse_c5,2025-09,0.017741633199464535
q40_edge20_edge20_next_open_positive_signal_inverse_c5,2025-10,0.07880184882469066
q40_edge20_edge20_next_open_positive_signal_inverse_c5,2025-11,0.0
q40_edge20_edge20_next_open_positive_signal_inverse_c5,2025-12,0.004905033113918322
q40_edge20_edge20_next_open_positive_signal_inverse_c5,2026-01,-0.01748048655792489
q40_edge20_edge20_next_open_positive_signal_inverse_c5,2026-02,0.21048478535364235
q40_edge20_edge20_next_open_positive_signal_inverse_c5,2026-03,0.00825903535595951
q40_edge20_edge20_next_open_positive_signal_inverse_c5,2026-04,-0.19943528729001936
q40_edge20_edge40_next_0934_close_both_reversal_c10,2024-11,0.09726974974578095
q40_edge20_edge40_next_0934_close_both_reversal_c10,2024-12,-0.05560984446234252
q40_edge20_edge40_next_0934_close_both_reversal_c10,2025-01,0.0
q40_edge20_edge40_next_0934_close_both_reversal_c10,2025-02,-0.049606657907894425
q40_edge20_edge40_next_0934_close_both_reversal_c10,2025-03,0.10184777615514962
q40_edge20_edge40_next_0934_close_both_reversal_c10,2025-04,0.30378058378641903
q40_edge20_edge40_next_0934_close_both_reversal_c10,2025-05,0.0057573669859107834
q40_edge20_edge40_next_0934_close_both_reversal_c10,2025-06,-0.03069932592099777
q40_edge20_edge40_next_0934_close_both_reversal_c10,2025-07,0.02068582739215785
q40_edge20_edge40_next_0934_close_both_reversal_c10,2025-08,-0.13622097315698412
q40_edge20_edge40_next_0934_close_both_reversal_c10,2025-09,0.030858000843955402
q40_edge20_edge40_next_0934_close_both_reversal_c10,2025-10,0.004124350323297058
q40_edge20_edge40_next_0934_close_both_reversal_c10,2025-11,0.04233744955890473
q40_edge20_edge40_next_0934_close_both_reversal_c10,2025-12,-0.043962184403573135
q40_edge20_edge40_next_0934_close_both_reversal_c10,2026-01,0.08101944195536903
q40_edge20_edge40_next_0934_close_both_reversal_c10,2026-02,0.18454962804556996
q40_edge20_edge40_next_0934_close_both_reversal_c10,2026-03,-0.08310622962740755
q40_edge20_edge40_next_0934_close_both_reversal_c10,2026-04,-0.3044779621457232
q40_edge20_edge40_next_0934_close_both_reversal_c5,2024-11,0.10326974974578096
q40_edge20_edge40_next_0934_close_both_reversal_c5,2024-12,-0.053609844462342515
q40_edge20_edge40_next_0934_close_both_reversal_c5,2025-01,0.0
q40_edge20_edge40_next_0934_close_both_reversal_c5,2025-02,-0.04760665790789442
q40_edge20_edge40_next_0934_close_both_reversal_c5,2025-03,0.10484777615514962
q40_edge20_edge40_next_0934_close_both_reversal_c5,2025-04,0.31078058378641904
q40_edge20_edge40_next_0934_close_both_reversal_c5,2025-05,0.010757366985910788
q40_edge20_edge40_next_0934_close_both_reversal_c5,2025-06,-0.024699325920997772
q40_edge20_edge40_next_0934_close_both_reversal_c5,2025-07,0.024685827392157855
q40_edge20_edge40_next_0934_close_both_reversal_c5,2025-08,-0.1302209731569841
q40_edge20_edge40_next_0934_close_both_reversal_c5,2025-09,0.032858000843955404
q40_edge20_edge40_next_0934_close_both_reversal_c5,2025-10,0.006124350323297056
q40_edge20_edge40_next_0934_close_both_reversal_c5,2025-11,0.051337449558904735
q40_edge20_edge40_next_0934_close_both_reversal_c5,2025-12,-0.03896218440357313
q40_edge20_edge40_next_0934_close_both_reversal_c5,2026-01,0.08701944195536904
q40_edge20_edge40_next_0934_close_both_reversal_c5,2026-02,0.19454962804556997
q40_edge20_edge40_next_0934_close_both_reversal_c5,2026-03,-0.07610622962740754
q40_edge20_edge40_next_0934_close_both_reversal_c5,2026-04,-0.3004779621457232
q40_edge20_edge40_next_0934_close_negative_signal_bull_c10,2024-11,0.04940246279122018
q40_edge20_edge40_next_0934_close_negative_signal_bull_c10,2024-12,-0.040999461153269245
q40_edge20_edge40_next_0934_close_negative_signal_bull_c10,2025-01,0.0
q40_edge20_edge40_next_0934_close_negative_signal_bull_c10,2025-02,0.0
q40_edge20_edge40_next_0934_close_negative_signal_bull_c10,2025-03,0.08080621046578473
q40_edge20_edge40_next_0934_close_negative_signal_bull_c10,2025-04,0.0
q40_edge20_edge40_next_0934_close_negative_signal_bull_c10,2025-05,-0.0035824062186256
q40_edge20_edge40_next_0934_close_negative_signal_bull_c10,2025-06,-0.015315587104407056
q40_edge20_edge40_next_0934_close_negative_signal_bull_c10,2025-07,-0.05835221130395529
q40_edge20_edge40_next_0934_close_negative_signal_bull_c10,2025-08,-0.09769743494677241
q40_edge20_edge40_next_0934_close_negative_signal_bull_c10,2025-09,0.0
q40_edge20_edge40_next_0934_close_negative_signal_bull_c10,2025-10,0.0
q40_edge20_edge40_next_0934_close_negative_signal_bull_c10,2025-11,0.009435794248443987
q40_edge20_edge40_next_0934_close_negative_signal_bull_c10,2025-12,-0.008053305837911858
q40_edge20_edge40_next_0934_close_negative_signal_bull_c10,2026-01,0.12313512462354614
q40_edge20_edge40_next_0934_close_negative_signal_bull_c10,2026-02,0.06273428194948938
q40_edge20_edge40_next_0934_close_negative_signal_bull_c10,2026-03,-0.07914421387112958
q40_edge20_edge40_next_0934_close_negative_signal_bull_c10,2026-04,0.0
q40_edge20_edge40_next_0934_close_negative_signal_bull_c5,2024-11,0.05240246279122018
q40_edge20_edge40_next_0934_close_negative_signal_bull_c5,2024-12,-0.039999461153269245
q40_edge20_edge40_next_0934_close_negative_signal_bull_c5,2025-01,0.0
q40_edge20_edge40_next_0934_close_negative_signal_bull_c5,2025-02,0.0
q40_edge20_edge40_next_0934_close_negative_signal_bull_c5,2025-03,0.08180621046578473
q40_edge20_edge40_next_0934_close_negative_signal_bull_c5,2025-04,0.0
q40_edge20_edge40_next_0934_close_negative_signal_bull_c5,2025-05,0.0004175937813744035
q40_edge20_edge40_next_0934_close_negative_signal_bull_c5,2025-06,-0.014315587104407057
q40_edge20_edge40_next_0934_close_negative_signal_bull_c5,2025-07,-0.05635221130395529
q40_edge20_edge40_next_0934_close_negative_signal_bull_c5,2025-08,-0.0936974349467724
q40_edge20_edge40_next_0934_close_negative_signal_bull_c5,2025-09,0.0
q40_edge20_edge40_next_0934_close_negative_signal_bull_c5,2025-10,0.0
q40_edge20_edge40_next_0934_close_negative_signal_bull_c5,2025-11,0.01543579424844399
q40_edge20_edge40_next_0934_close_negative_signal_bull_c5,2025-12,-0.006053305837911858
q40_edge20_edge40_next_0934_close_negative_signal_bull_c5,2026-01,0.12613512462354615
q40_edge20_edge40_next_0934_close_negative_signal_bull_c5,2026-02,0.06773428194948938
q40_edge20_edge40_next_0934_close_negative_signal_bull_c5,2026-03,-0.07414421387112957
q40_edge20_edge40_next_0934_close_negative_signal_bull_c5,2026-04,0.0
q40_edge20_edge40_next_0934_close_positive_signal_inverse_c10,2024-11,0.04786728695456077
q40_edge20_edge40_next_0934_close_positive_signal_inverse_c10,2024-12,-0.01461038330907327
q40_edge20_edge40_next_0934_close_positive_signal_inverse_c10,2025-01,0.0
q40_edge20_edge40_next_0934_close_positive_signal_inverse_c10,2025-02,-0.049606657907894425
q40_edge20_edge40_next_0934_close_positive_signal_inverse_c10,2025-03,0.021041565689364883
q40_edge20_edge40_next_0934_close_positive_signal_inverse_c10,2025-04,0.30378058378641903
q40_edge20_edge40_next_0934_close_positive_signal_inverse_c10,2025-05,0.009339773204536385
q40_edge20_edge40_next_0934_close_positive_signal_inverse_c10,2025-06,-0.01538373881659072
q40_edge20_edge40_next_0934_close_positive_signal_inverse_c10,2025-07,0.07903803869611314
q40_edge20_edge40_next_0934_close_positive_signal_inverse_c10,2025-08,-0.038523538210211705
q40_edge20_edge40_next_0934_close_positive_signal_inverse_c10,2025-09,0.030858000843955402
q40_edge20_edge40_next_0934_close_positive_signal_inverse_c10,2025-10,0.004124350323297058
q40_edge20_edge40_next_0934_close_positive_signal_inverse_c10,2025-11,0.03290165531046074
q40_edge20_edge40_next_0934_close_positive_signal_inverse_c10,2025-12,-0.03590887856566127
q40_edge20_edge40_next_0934_close_positive_signal_inverse_c10,2026-01,-0.04211568266817711
q40_edge20_edge40_next_0934_close_positive_signal_inverse_c10,2026-02,0.12181534609608058
q40_edge20_edge40_next_0934_close_positive_signal_inverse_c10,2026-03,-0.00396201575627797
q40_edge20_edge40_next_0934_close_positive_signal_inverse_c10,2026-04,-0.3044779621457232
q40_edge20_edge40_next_0934_close_positive_signal_inverse_c5,2024-11,0.050867286954560775
q40_edge20_edge40_next_0934_close_positive_signal_inverse_c5,2024-12,-0.01361038330907327
q40_edge20_edge40_next_0934_close_positive_signal_inverse_c5,2025-01,0.0
q40_edge20_edge40_next_0934_close_positive_signal_inverse_c5,2025-02,-0.04760665790789442
q40_edge20_edge40_next_0934_close_positive_signal_inverse_c5,2025-03,0.023041565689364885
q40_edge20_edge40_next_0934_close_positive_signal_inverse_c5,2025-04,0.31078058378641904
q40_edge20_edge40_next_0934_close_positive_signal_inverse_c5,2025-05,0.010339773204536384
q40_edge20_edge40_next_0934_close_positive_signal_inverse_c5,2025-06,-0.010383738816590715
q40_edge20_edge40_next_0934_close_positive_signal_inverse_c5,2025-07,0.08103803869611315
q40_edge20_edge40_next_0934_close_positive_signal_inverse_c5,2025-08,-0.0365235382102117
q40_edge20_edge40_next_0934_close_positive_signal_inverse_c5,2025-09,0.032858000843955404
q40_edge20_edge40_next_0934_close_positive_signal_inverse_c5,2025-10,0.006124350323297056
q40_edge20_edge40_next_0934_close_positive_signal_inverse_c5,2025-11,0.035901655310460745
q40_edge20_edge40_next_0934_close_positive_signal_inverse_c5,2025-12,-0.03290887856566127
q40_edge20_edge40_next_0934_close_positive_signal_inverse_c5,2026-01,-0.03911568266817711
q40_edge20_edge40_next_0934_close_positive_signal_inverse_c5,2026-02,0.12681534609608058
q40_edge20_edge40_next_0934_close_positive_signal_inverse_c5,2026-03,-0.0019620157562779683
q40_edge20_edge40_next_0934_close_positive_signal_inverse_c5,2026-04,-0.3004779621457232
q40_edge20_edge40_next_open_both_reversal_c10,2024-11,0.02098629990524104
q40_edge20_edge40_next_open_both_reversal_c10,2024-12,-0.04744806533720558
q40_edge20_edge40_next_open_both_reversal_c10,2025-01,0.0
q40_edge20_edge40_next_open_both_reversal_c10,2025-02,-0.035790978862844436
q40_edge20_edge40_next_open_both_reversal_c10,2025-03,0.11067998905019771
q40_edge20_edge40_next_open_both_reversal_c10,2025-04,0.2870114906598559
q40_edge20_edge40_next_open_both_reversal_c10,2025-05,-0.010195988731628192
q40_edge20_edge40_next_open_both_reversal_c10,2025-06,-0.020188984321999448
q40_edge20_edge40_next_open_both_reversal_c10,2025-07,0.013888839736545866
q40_edge20_edge40_next_open_both_reversal_c10,2025-08,-0.10426165989594516
q40_edge20_edge40_next_open_both_reversal_c10,2025-09,0.010665546242942693
q40_edge20_edge40_next_open_both_reversal_c10,2025-10,0.033653353065886904
q40_edge20_edge40_next_open_both_reversal_c10,2025-11,0.02402642021652779
q40_edge20_edge40_next_open_both_reversal_c10,2025-12,-0.03442910979587421
q40_edge20_edge40_next_open_both_reversal_c10,2026-01,0.12740356972502576
q40_edge20_edge40_next_open_both_reversal_c10,2026-02,0.274696239397934
q40_edge20_edge40_next_open_both_reversal_c10,2026-03,-0.07858324069398093
q40_edge20_edge40_next_open_both_reversal_c10,2026-04,-0.2494360549834791
q40_edge20_edge40_next_open_both_reversal_c5,2024-11,0.02698629990524104
q40_edge20_edge40_next_open_both_reversal_c5,2024-12,-0.04544806533720558
q40_edge20_edge40_next_open_both_reversal_c5,2025-01,0.0
q40_edge20_edge40_next_open_both_reversal_c5,2025-02,-0.033790978862844434
q40_edge20_edge40_next_open_both_reversal_c5,2025-03,0.11367998905019772
q40_edge20_edge40_next_open_both_reversal_c5,2025-04,0.2940114906598559
q40_edge20_edge40_next_open_both_reversal_c5,2025-05,-0.005195988731628187
q40_edge20_edge40_next_open_both_reversal_c5,2025-06,-0.014188984321999443
q40_edge20_edge40_next_open_both_reversal_c5,2025-07,0.01788883973654587
q40_edge20_edge40_next_open_both_reversal_c5,2025-08,-0.09826165989594515
q40_edge20_edge40_next_open_both_reversal_c5,2025-09,0.012665546242942693
q40_edge20_edge40_next_open_both_reversal_c5,2025-10,0.035653353065886906
q40_edge20_edge40_next_open_both_reversal_c5,2025-11,0.033026420216527796
q40_edge20_edge40_next_open_both_reversal_c5,2025-12,-0.02942910979587421
q40_edge20_edge40_next_open_both_reversal_c5,2026-01,0.13340356972502576
q40_edge20_edge40_next_open_both_reversal_c5,2026-02,0.284696239397934
q40_edge20_edge40_next_open_both_reversal_c5,2026-03,-0.07158324069398092
q40_edge20_edge40_next_open_both_reversal_c5,2026-04,-0.2454360549834791
q40_edge20_edge40_next_open_negative_signal_bull_c10,2024-11,0.016851710074267334
q40_edge20_edge40_next_open_negative_signal_bull_c10,2024-12,-0.025554809636089693
q40_edge20_edge40_next_open_negative_signal_bull_c10,2025-01,0.0
q40_edge20_edge40_next_open_negative_signal_bull_c10,2025-02,0.0
q40_edge20_edge40_next_open_negative_signal_bull_c10,2025-03,0.06412995974698088
q40_edge20_edge40_next_open_negative_signal_bull_c10,2025-04,0.0
q40_edge20_edge40_next_open_negative_signal_bull_c10,2025-05,-0.03213550994120451
q40_edge20_edge40_next_open_negative_signal_bull_c10,2025-06,-0.0005211475894706368
q40_edge20_edge40_next_open_negative_signal_bull_c10,2025-07,-0.04550036438893834
q40_edge20_edge40_next_open_negative_signal_bull_c10,2025-08,-0.062393303807380285
q40_edge20_edge40_next_open_negative_signal_bull_c10,2025-09,0.0
q40_edge20_edge40_next_open_negative_signal_bull_c10,2025-10,0.0
q40_edge20_edge40_next_open_negative_signal_bull_c10,2025-11,-0.01713349590820567
q40_edge20_edge40_next_open_negative_signal_bull_c10,2025-12,0.0010559589824925587
q40_edge20_edge40_next_open_negative_signal_bull_c10,2026-01,0.14788405628295065
q40_edge20_edge40_next_open_negative_signal_bull_c10,2026-02,0.06921145404429163
q40_edge20_edge40_next_open_negative_signal_bull_c10,2026-03,-0.08484227604994043
q40_edge20_edge40_next_open_negative_signal_bull_c10,2026-04,0.0
q40_edge20_edge40_next_open_negative_signal_bull_c5,2024-11,0.019851710074267337
q40_edge20_edge40_next_open_negative_signal_bull_c5,2024-12,-0.02455480963608969
q40_edge20_edge40_next_open_negative_signal_bull_c5,2025-01,0.0
q40_edge20_edge40_next_open_negative_signal_bull_c5,2025-02,0.0
q40_edge20_edge40_next_open_negative_signal_bull_c5,2025-03,0.06512995974698088
q40_edge20_edge40_next_open_negative_signal_bull_c5,2025-04,0.0
q40_edge20_edge40_next_open_negative_signal_bull_c5,2025-05,-0.028135509941204506
q40_edge20_edge40_next_open_negative_signal_bull_c5,2025-06,0.0004788524105293632
q40_edge20_edge40_next_open_negative_signal_bull_c5,2025-07,-0.04350036438893834
q40_edge20_edge40_next_open_negative_signal_bull_c5,2025-08,-0.05839330380738028
q40_edge20_edge40_next_open_negative_signal_bull_c5,2025-09,0.0
q40_edge20_edge40_next_open_negative_signal_bull_c5,2025-10,0.0
q40_edge20_edge40_next_open_negative_signal_bull_c5,2025-11,-0.01113349590820567
q40_edge20_edge40_next_open_negative_signal_bull_c5,2025-12,0.003055958982492557
q40_edge20_edge40_next_open_negative_signal_bull_c5,2026-01,0.15088405628295065
q40_edge20_edge40_next_open_negative_signal_bull_c5,2026-02,0.07421145404429164
q40_edge20_edge40_next_open_negative_signal_bull_c5,2026-03,-0.07984227604994043
q40_edge20_edge40_next_open_negative_signal_bull_c5,2026-04,0.0
q40_edge20_edge40_next_open_positive_signal_inverse_c10,2024-11,0.004134589830973702
q40_edge20_edge40_next_open_positive_signal_inverse_c10,2024-12,-0.021893255701115888
q40_edge20_edge40_next_open_positive_signal_inverse_c10,2025-01,0.0
q40_edge20_edge40_next_open_positive_signal_inverse_c10,2025-02,-0.035790978862844436
q40_edge20_edge40_next_open_positive_signal_inverse_c10,2025-03,0.04655002930321683
q40_edge20_edge40_next_open_positive_signal_inverse_c10,2025-04,0.2870114906598559
q40_edge20_edge40_next_open_positive_signal_inverse_c10,2025-05,0.021939521209576318
q40_edge20_edge40_next_open_positive_signal_inverse_c10,2025-06,-0.01966783673252881
q40_edge20_edge40_next_open_positive_signal_inverse_c10,2025-07,0.05938920412548421
q40_edge20_edge40_next_open_positive_signal_inverse_c10,2025-08,-0.04186835608856487
q40_edge20_edge40_next_open_positive_signal_inverse_c10,2025-09,0.010665546242942693
q40_edge20_edge40_next_open_positive_signal_inverse_c10,2025-10,0.033653353065886904
q40_edge20_edge40_next_open_positive_signal_inverse_c10,2025-11,0.041159916124733464
q40_edge20_edge40_next_open_positive_signal_inverse_c10,2025-12,-0.03548506877836677
q40_edge20_edge40_next_open_positive_signal_inverse_c10,2026-01,-0.020480486557924893
q40_edge20_edge40_next_open_positive_signal_inverse_c10,2026-02,0.20548478535364234
q40_edge20_edge40_next_open_positive_signal_inverse_c10,2026-03,0.006259035355959508
q40_edge20_edge40_next_open_positive_signal_inverse_c10,2026-04,-0.2494360549834791
q40_edge20_edge40_next_open_positive_signal_inverse_c5,2024-11,0.007134589830973703
q40_edge20_edge40_next_open_positive_signal_inverse_c5,2024-12,-0.020893255701115887
q40_edge20_edge40_next_open_positive_signal_inverse_c5,2025-01,0.0
q40_edge20_edge40_next_open_positive_signal_inverse_c5,2025-02,-0.033790978862844434
q40_edge20_edge40_next_open_positive_signal_inverse_c5,2025-03,0.048550029303216835
q40_edge20_edge40_next_open_positive_signal_inverse_c5,2025-04,0.2940114906598559
q40_edge20_edge40_next_open_positive_signal_inverse_c5,2025-05,0.02293952120957632
q40_edge20_edge40_next_open_positive_signal_inverse_c5,2025-06,-0.014667836732528805
q40_edge20_edge40_next_open_positive_signal_inverse_c5,2025-07,0.06138920412548421
q40_edge20_edge40_next_open_positive_signal_inverse_c5,2025-08,-0.03986835608856487
q40_edge20_edge40_next_open_positive_signal_inverse_c5,2025-09,0.012665546242942693
q40_edge20_edge40_next_open_positive_signal_inverse_c5,2025-10,0.035653353065886906
q40_edge20_edge40_next_open_positive_signal_inverse_c5,2025-11,0.04415991612473347
q40_edge20_edge40_next_open_positive_signal_inverse_c5,2025-12,-0.032485068778366766
q40_edge20_edge40_next_open_positive_signal_inverse_c5,2026-01,-0.01748048655792489
q40_edge20_edge40_next_open_positive_signal_inverse_c5,2026-02,0.21048478535364235
q40_edge20_edge40_next_open_positive_signal_inverse_c5,2026-03,0.00825903535595951
q40_edge20_edge40_next_open_positive_signal_inverse_c5,2026-04,-0.2454360549834791
q40_edge25_always_next_0934_close_both_reversal_c10,2024-11,0.09726974974578095
q40_edge25_always_next_0934_close_both_reversal_c10,2024-12,-0.03460756252989017
q40_edge25_always_next_0934_close_both_reversal_c10,2025-01,-0.04044227042529902
q40_edge25_always_next_0934_close_both_reversal_c10,2025-02,-0.1305830990170438
q40_edge25_always_next_0934_close_both_reversal_c10,2025-03,0.2860944029164657
q40_edge25_always_next_0934_close_both_reversal_c10,2025-04,0.30378058378641903
q40_edge25_always_next_0934_close_both_reversal_c10,2025-05,0.10341711802325504
q40_edge25_always_next_0934_close_both_reversal_c10,2025-06,-0.018077966697696894
q40_edge25_always_next_0934_close_both_reversal_c10,2025-07,0.02068582739215785
q40_edge25_always_next_0934_close_both_reversal_c10,2025-08,-0.08239501769481272
q40_edge25_always_next_0934_close_both_reversal_c10,2025-09,-0.08281345381266991
q40_edge25_always_next_0934_close_both_reversal_c10,2025-10,0.23767594380684187
q40_edge25_always_next_0934_close_both_reversal_c10,2025-11,0.09713030706673986
q40_edge25_always_next_0934_close_both_reversal_c10,2025-12,-0.03419347692057983
q40_edge25_always_next_0934_close_both_reversal_c10,2026-01,0.1374783313225666
q40_edge25_always_next_0934_close_both_reversal_c10,2026-02,0.18358228054392256
q40_edge25_always_next_0934_close_both_reversal_c10,2026-03,-0.03739809118026083
q40_edge25_always_next_0934_close_both_reversal_c10,2026-04,-0.3163038433535271
q40_edge25_always_next_0934_close_both_reversal_c5,2024-11,0.10326974974578096
q40_edge25_always_next_0934_close_both_reversal_c5,2024-12,-0.02760756252989016
q40_edge25_always_next_0934_close_both_reversal_c5,2025-01,-0.035442270425299016
q40_edge25_always_next_0934_close_both_reversal_c5,2025-02,-0.12058309901704378
q40_edge25_always_next_0934_close_both_reversal_c5,2025-03,0.2960944029164657
q40_edge25_always_next_0934_close_both_reversal_c5,2025-04,0.31078058378641904
q40_edge25_always_next_0934_close_both_reversal_c5,2025-05,0.10941711802325504
q40_edge25_always_next_0934_close_both_reversal_c5,2025-06,-0.011077966697696895
q40_edge25_always_next_0934_close_both_reversal_c5,2025-07,0.024685827392157855
q40_edge25_always_next_0934_close_both_reversal_c5,2025-08,-0.07439501769481272
q40_edge25_always_next_0934_close_both_reversal_c5,2025-09,-0.0728134538126699
q40_edge25_always_next_0934_close_both_reversal_c5,2025-10,0.24967594380684188
q40_edge25_always_next_0934_close_both_reversal_c5,2025-11,0.10913030706673987
q40_edge25_always_next_0934_close_both_reversal_c5,2025-12,-0.02819347692057983
q40_edge25_always_next_0934_close_both_reversal_c5,2026-01,0.1444783313225666
q40_edge25_always_next_0934_close_both_reversal_c5,2026-02,0.19558228054392257
q40_edge25_always_next_0934_close_both_reversal_c5,2026-03,-0.02939809118026082
q40_edge25_always_next_0934_close_both_reversal_c5,2026-04,-0.3053038433535271
q40_edge25_always_next_0934_close_negative_signal_bull_c10,2024-11,0.04940246279122018
q40_edge25_always_next_0934_close_negative_signal_bull_c10,2024-12,-0.007949148481143253
q40_edge25_always_next_0934_close_negative_signal_bull_c10,2025-01,0.0530862641008627
q40_edge25_always_next_0934_close_negative_signal_bull_c10,2025-02,-0.054839854845856406
q40_edge25_always_next_0934_close_negative_signal_bull_c10,2025-03,0.07686171401326658
q40_edge25_always_next_0934_close_negative_signal_bull_c10,2025-04,0.0
q40_edge25_always_next_0934_close_negative_signal_bull_c10,2025-05,0.09407734481871866
q40_edge25_always_next_0934_close_negative_signal_bull_c10,2025-06,-0.002694227881106178
q40_edge25_always_next_0934_close_negative_signal_bull_c10,2025-07,-0.05835221130395529
q40_edge25_always_next_0934_close_negative_signal_bull_c10,2025-08,-0.09769743494677241
q40_edge25_always_next_0934_close_negative_signal_bull_c10,2025-09,0.007576320371445179
q40_edge25_always_next_0934_close_negative_signal_bull_c10,2025-10,0.24296822252907302
q40_edge25_always_next_0934_close_negative_signal_bull_c10,2025-11,0.03811406934485629
q40_edge25_always_next_0934_close_negative_signal_bull_c10,2025-12,-0.008053305837911858
q40_edge25_always_next_0934_close_negative_signal_bull_c10,2026-01,0.1795940139907437
q40_edge25_always_next_0934_close_negative_signal_bull_c10,2026-02,0.06273428194948938
q40_edge25_always_next_0934_close_negative_signal_bull_c10,2026-03,-0.03343607542398286
q40_edge25_always_next_0934_close_negative_signal_bull_c10,2026-04,0.0792128282697111
q40_edge25_always_next_0934_close_negative_signal_bull_c5,2024-11,0.05240246279122018
q40_edge25_always_next_0934_close_negative_signal_bull_c5,2024-12,-0.002949148481143249
q40_edge25_always_next_0934_close_negative_signal_bull_c5,2025-01,0.0540862641008627
q40_edge25_always_next_0934_close_negative_signal_bull_c5,2025-02,-0.0508398548458564
q40_edge25_always_next_0934_close_negative_signal_bull_c5,2025-03,0.08286171401326659
q40_edge25_always_next_0934_close_negative_signal_bull_c5,2025-04,0.0
q40_edge25_always_next_0934_close_negative_signal_bull_c5,2025-05,0.09907734481871866
q40_edge25_always_next_0934_close_negative_signal_bull_c5,2025-06,-0.0006942278811061797
q40_edge25_always_next_0934_close_negative_signal_bull_c5,2025-07,-0.05635221130395529
q40_edge25_always_next_0934_close_negative_signal_bull_c5,2025-08,-0.0936974349467724
q40_edge25_always_next_0934_close_negative_signal_bull_c5,2025-09,0.008576320371445179
q40_edge25_always_next_0934_close_negative_signal_bull_c5,2025-10,0.24796822252907302
q40_edge25_always_next_0934_close_negative_signal_bull_c5,2025-11,0.04611406934485629
q40_edge25_always_next_0934_close_negative_signal_bull_c5,2025-12,-0.006053305837911858
q40_edge25_always_next_0934_close_negative_signal_bull_c5,2026-01,0.1835940139907437
q40_edge25_always_next_0934_close_negative_signal_bull_c5,2026-02,0.06773428194948938
q40_edge25_always_next_0934_close_negative_signal_bull_c5,2026-03,-0.027436075423982853
q40_edge25_always_next_0934_close_negative_signal_bull_c5,2026-04,0.0812128282697111
q40_edge25_always_next_0934_close_positive_signal_inverse_c10,2024-11,0.04786728695456077
q40_edge25_always_next_0934_close_positive_signal_inverse_c10,2024-12,-0.02665841404874691
q40_edge25_always_next_0934_close_positive_signal_inverse_c10,2025-01,-0.09352853452616172
q40_edge25_always_next_0934_close_positive_signal_inverse_c10,2025-02,-0.07574324417118738
q40_edge25_always_next_0934_close_positive_signal_inverse_c10,2025-03,0.20923268890319913
q40_edge25_always_next_0934_close_positive_signal_inverse_c10,2025-04,0.30378058378641903
q40_edge25_always_next_0934_close_positive_signal_inverse_c10,2025-05,0.009339773204536385
q40_edge25_always_next_0934_close_positive_signal_inverse_c10,2025-06,-0.01538373881659072
q40_edge25_always_next_0934_close_positive_signal_inverse_c10,2025-07,0.07903803869611314
q40_edge25_always_next_0934_close_positive_signal_inverse_c10,2025-08,0.01530241725195969
q40_edge25_always_next_0934_close_positive_signal_inverse_c10,2025-09,-0.09038977418411509
q40_edge25_always_next_0934_close_positive_signal_inverse_c10,2025-10,-0.005292278722231137
q40_edge25_always_next_0934_close_positive_signal_inverse_c10,2025-11,0.05901623772188358
q40_edge25_always_next_0934_close_positive_signal_inverse_c10,2025-12,-0.02614017108266797
q40_edge25_always_next_0934_close_positive_signal_inverse_c10,2026-01,-0.04211568266817711
q40_edge25_always_next_0934_close_positive_signal_inverse_c10,2026-02,0.12084799859443318
q40_edge25_always_next_0934_close_positive_signal_inverse_c10,2026-03,-0.00396201575627797
q40_edge25_always_next_0934_close_positive_signal_inverse_c10,2026-04,-0.3955166716232382
q40_edge25_always_next_0934_close_positive_signal_inverse_c5,2024-11,0.050867286954560775
q40_edge25_always_next_0934_close_positive_signal_inverse_c5,2024-12,-0.024658414048746913
q40_edge25_always_next_0934_close_positive_signal_inverse_c5,2025-01,-0.08952853452616172
q40_edge25_always_next_0934_close_positive_signal_inverse_c5,2025-02,-0.06974324417118738
q40_edge25_always_next_0934_close_positive_signal_inverse_c5,2025-03,0.21323268890319913
q40_edge25_always_next_0934_close_positive_signal_inverse_c5,2025-04,0.31078058378641904
q40_edge25_always_next_0934_close_positive_signal_inverse_c5,2025-05,0.010339773204536384
q40_edge25_always_next_0934_close_positive_signal_inverse_c5,2025-06,-0.010383738816590715
q40_edge25_always_next_0934_close_positive_signal_inverse_c5,2025-07,0.08103803869611315
q40_edge25_always_next_0934_close_positive_signal_inverse_c5,2025-08,0.01930241725195969
q40_edge25_always_next_0934_close_positive_signal_inverse_c5,2025-09,-0.08138977418411508
q40_edge25_always_next_0934_close_positive_signal_inverse_c5,2025-10,0.0017077212777688597
q40_edge25_always_next_0934_close_positive_signal_inverse_c5,2025-11,0.06301623772188358
q40_edge25_always_next_0934_close_positive_signal_inverse_c5,2025-12,-0.02214017108266797
q40_edge25_always_next_0934_close_positive_signal_inverse_c5,2026-01,-0.03911568266817711
q40_edge25_always_next_0934_close_positive_signal_inverse_c5,2026-02,0.1278479985944332
q40_edge25_always_next_0934_close_positive_signal_inverse_c5,2026-03,-0.0019620157562779683
q40_edge25_always_next_0934_close_positive_signal_inverse_c5,2026-04,-0.3865166716232382
q40_edge25_always_next_open_both_reversal_c10,2024-11,0.02098629990524104
q40_edge25_always_next_open_both_reversal_c10,2024-12,-0.06388430207927498
q40_edge25_always_next_open_both_reversal_c10,2025-01,-0.05211013895016936
q40_edge25_always_next_open_both_reversal_c10,2025-02,-0.12751924336493548
q40_edge25_always_next_open_both_reversal_c10,2025-03,0.2922818688606271
q40_edge25_always_next_open_both_reversal_c10,2025-04,0.2870114906598559
q40_edge25_always_next_open_both_reversal_c10,2025-05,0.05751355483683651
q40_edge25_always_next_open_both_reversal_c10,2025-06,-0.01053849888510638
q40_edge25_always_next_open_both_reversal_c10,2025-07,0.013888839736545866
q40_edge25_always_next_open_both_reversal_c10,2025-08,-0.07181959250024628
q40_edge25_always_next_open_both_reversal_c10,2025-09,-0.0638445383766093
q40_edge25_always_next_open_both_reversal_c10,2025-10,0.27255917242673966
q40_edge25_always_next_open_both_reversal_c10,2025-11,0.0391954937265
q40_edge25_always_next_open_both_reversal_c10,2025-12,-0.033027749251656406
q40_edge25_always_next_open_both_reversal_c10,2026-01,0.18007425418477596
q40_edge25_always_next_open_both_reversal_c10,2026-02,0.25693652868895656
q40_edge25_always_next_open_both_reversal_c10,2026-03,-0.03362346520286785
q40_edge25_always_next_open_both_reversal_c10,2026-04,-0.2093244181237104
q40_edge25_always_next_open_both_reversal_c5,2024-11,0.02698629990524104
q40_edge25_always_next_open_both_reversal_c5,2024-12,-0.05688430207927497
q40_edge25_always_next_open_both_reversal_c5,2025-01,-0.047110138950169356
q40_edge25_always_next_open_both_reversal_c5,2025-02,-0.11751924336493547
q40_edge25_always_next_open_both_reversal_c5,2025-03,0.30228186886062713
q40_edge25_always_next_open_both_reversal_c5,2025-04,0.2940114906598559
q40_edge25_always_next_open_both_reversal_c5,2025-05,0.06351355483683652
q40_edge25_always_next_open_both_reversal_c5,2025-06,-0.003538498885106378
q40_edge25_always_next_open_both_reversal_c5,2025-07,0.01788883973654587
q40_edge25_always_next_open_both_reversal_c5,2025-08,-0.06381959250024627
q40_edge25_always_next_open_both_reversal_c5,2025-09,-0.0538445383766093
q40_edge25_always_next_open_both_reversal_c5,2025-10,0.28455917242673967
q40_edge25_always_next_open_both_reversal_c5,2025-11,0.05119549372650001
q40_edge25_always_next_open_both_reversal_c5,2025-12,-0.027027749251656408
q40_edge25_always_next_open_both_reversal_c5,2026-01,0.18707425418477597
q40_edge25_always_next_open_both_reversal_c5,2026-02,0.26893652868895657
q40_edge25_always_next_open_both_reversal_c5,2026-03,-0.025623465202867846
q40_edge25_always_next_open_both_reversal_c5,2026-04,-0.19832441812371038
q40_edge25_always_next_open_negative_signal_bull_c10,2024-11,0.016851710074267334
q40_edge25_always_next_open_negative_signal_bull_c10,2024-12,-0.017896906128399004
q40_edge25_always_next_open_negative_signal_bull_c10,2025-01,0.06070736562707357
q40_edge25_always_next_open_negative_signal_bull_c10,2025-02,-0.01308019001464422
q40_edge25_always_next_open_negative_signal_bull_c10,2025-03,0.06952087210015534
q40_edge25_always_next_open_negative_signal_bull_c10,2025-04,0.0
q40_edge25_always_next_open_negative_signal_bull_c10,2025-05,0.03557403362726019
q40_edge25_always_next_open_negative_signal_bull_c10,2025-06,0.009129337847422429
q40_edge25_always_next_open_negative_signal_bull_c10,2025-07,-0.04550036438893834
q40_edge25_always_next_open_negative_signal_bull_c10,2025-08,-0.062393303807380285
q40_edge25_always_next_open_negative_signal_bull_c10,2025-09,0.004964596633778353
q40_edge25_always_next_open_negative_signal_bull_c10,2025-10,0.25957807755975626
q40_edge25_always_next_open_negative_signal_bull_c10,2025-11,-0.032504175178715504
q40_edge25_always_next_open_negative_signal_bull_c10,2025-12,0.0010559589824925587
q40_edge25_always_next_open_negative_signal_bull_c10,2026-01,0.20055474074270085
q40_edge25_always_next_open_negative_signal_bull_c10,2026-02,0.06921145404429163
q40_edge25_always_next_open_negative_signal_bull_c10,2026-03,-0.03988250055882736
q40_edge25_always_next_open_negative_signal_bull_c10,2026-04,0.09366007716025515
q40_edge25_always_next_open_negative_signal_bull_c5,2024-11,0.019851710074267337
q40_edge25_always_next_open_negative_signal_bull_c5,2024-12,-0.012896906128399
q40_edge25_always_next_open_negative_signal_bull_c5,2025-01,0.061707365627073574
q40_edge25_always_next_open_negative_signal_bull_c5,2025-02,-0.009080190014644218
q40_edge25_always_next_open_negative_signal_bull_c5,2025-03,0.07552087210015535
q40_edge25_always_next_open_negative_signal_bull_c5,2025-04,0.0
q40_edge25_always_next_open_negative_signal_bull_c5,2025-05,0.0405740336272602
q40_edge25_always_next_open_negative_signal_bull_c5,2025-06,0.011129337847422427
q40_edge25_always_next_open_negative_signal_bull_c5,2025-07,-0.04350036438893834
q40_edge25_always_next_open_negative_signal_bull_c5,2025-08,-0.05839330380738028
q40_edge25_always_next_open_negative_signal_bull_c5,2025-09,0.005964596633778353
q40_edge25_always_next_open_negative_signal_bull_c5,2025-10,0.26457807755975626
q40_edge25_always_next_open_negative_signal_bull_c5,2025-11,-0.024504175178715504
q40_edge25_always_next_open_negative_signal_bull_c5,2025-12,0.003055958982492557
q40_edge25_always_next_open_negative_signal_bull_c5,2026-01,0.20455474074270086
q40_edge25_always_next_open_negative_signal_bull_c5,2026-02,0.07421145404429164
q40_edge25_always_next_open_negative_signal_bull_c5,2026-03,-0.033882500558827355
q40_edge25_always_next_open_negative_signal_bull_c5,2026-04,0.09566007716025515
q40_edge25_always_next_open_positive_signal_inverse_c10,2024-11,0.004134589830973702
q40_edge25_always_next_open_positive_signal_inverse_c10,2024-12,-0.045987395950875976
q40_edge25_always_next_open_positive_signal_inverse_c10,2025-01,-0.11281750457724293
q40_edge25_always_next_open_positive_signal_inverse_c10,2025-02,-0.11443905335029125
q40_edge25_always_next_open_positive_signal_inverse_c10,2025-03,0.22276099676047179
q40_edge25_always_next_open_positive_signal_inverse_c10,2025-04,0.2870114906598559
q40_edge25_always_next_open_positive_signal_inverse_c10,2025-05,0.021939521209576318
q40_edge25_always_next_open_positive_signal_inverse_c10,2025-06,-0.01966783673252881
q40_edge25_always_next_open_positive_signal_inverse_c10,2025-07,0.05938920412548421
q40_edge25_always_next_open_positive_signal_inverse_c10,2025-08,-0.00942628869286599
q40_edge25_always_next_open_positive_signal_inverse_c10,2025-09,-0.06880913501038766
q40_edge25_always_next_open_positive_signal_inverse_c10,2025-10,0.012981094866983404
q40_edge25_always_next_open_positive_signal_inverse_c10,2025-11,0.07169966890521551
q40_edge25_always_next_open_positive_signal_inverse_c10,2025-12,-0.03408370823414897
q40_edge25_always_next_open_positive_signal_inverse_c10,2026-01,-0.020480486557924893
q40_edge25_always_next_open_positive_signal_inverse_c10,2026-02,0.18772507464466492
q40_edge25_always_next_open_positive_signal_inverse_c10,2026-03,0.006259035355959508
q40_edge25_always_next_open_positive_signal_inverse_c10,2026-04,-0.30298449528396554
q40_edge25_always_next_open_positive_signal_inverse_c5,2024-11,0.007134589830973703
q40_edge25_always_next_open_positive_signal_inverse_c5,2024-12,-0.043987395950875974
q40_edge25_always_next_open_positive_signal_inverse_c5,2025-01,-0.10881750457724293
q40_edge25_always_next_open_positive_signal_inverse_c5,2025-02,-0.10843905335029125
q40_edge25_always_next_open_positive_signal_inverse_c5,2025-03,0.2267609967604718
q40_edge25_always_next_open_positive_signal_inverse_c5,2025-04,0.2940114906598559
q40_edge25_always_next_open_positive_signal_inverse_c5,2025-05,0.02293952120957632
q40_edge25_always_next_open_positive_signal_inverse_c5,2025-06,-0.014667836732528805
q40_edge25_always_next_open_positive_signal_inverse_c5,2025-07,0.06138920412548421
q40_edge25_always_next_open_positive_signal_inverse_c5,2025-08,-0.005426288692865988
q40_edge25_always_next_open_positive_signal_inverse_c5,2025-09,-0.05980913501038765
q40_edge25_always_next_open_positive_signal_inverse_c5,2025-10,0.019981094866983407
q40_edge25_always_next_open_positive_signal_inverse_c5,2025-11,0.07569966890521551
q40_edge25_always_next_open_positive_signal_inverse_c5,2025-12,-0.030083708234148965
q40_edge25_always_next_open_positive_signal_inverse_c5,2026-01,-0.01748048655792489
q40_edge25_always_next_open_positive_signal_inverse_c5,2026-02,0.19472507464466493
q40_edge25_always_next_open_positive_signal_inverse_c5,2026-03,0.00825903535595951
q40_edge25_always_next_open_positive_signal_inverse_c5,2026-04,-0.29398449528396553
q40_edge25_edge10_next_0934_close_both_reversal_c10,2024-11,0.03364237488266719
q40_edge25_edge10_next_0934_close_both_reversal_c10,2024-12,-0.009255782583676653
q40_edge25_edge10_next_0934_close_both_reversal_c10,2025-01,0.0
q40_edge25_edge10_next_0934_close_both_reversal_c10,2025-02,-0.049606657907894425
q40_edge25_edge10_next_0934_close_both_reversal_c10,2025-03,0.1731334874135032
q40_edge25_edge10_next_0934_close_both_reversal_c10,2025-04,0.324667533568182
q40_edge25_edge10_next_0934_close_both_reversal_c10,2025-05,0.10808925930206026
q40_edge25_edge10_next_0934_close_both_reversal_c10,2025-06,-0.03631908344896594
q40_edge25_edge10_next_0934_close_both_reversal_c10,2025-07,0.02068582739215785
q40_edge25_edge10_next_0934_close_both_reversal_c10,2025-08,-0.10630046451732744
q40_edge25_edge10_next_0934_close_both_reversal_c10,2025-09,0.0
q40_edge25_edge10_next_0934_close_both_reversal_c10,2025-10,0.15179021414410587
q40_edge25_edge10_next_0934_close_both_reversal_c10,2025-11,0.08467768948508525
q40_edge25_edge10_next_0934_close_both_reversal_c10,2025-12,-0.029619309873569304
q40_edge25_edge10_next_0934_close_both_reversal_c10,2026-01,0.0496458648598187
q40_edge25_edge10_next_0934_close_both_reversal_c10,2026-02,0.18358228054392256
q40_edge25_edge10_next_0934_close_both_reversal_c10,2026-03,-0.09865587449283864
q40_edge25_edge10_next_0934_close_both_reversal_c10,2026-04,-0.19945917227541488
q40_edge25_edge10_next_0934_close_both_reversal_c5,2024-11,0.036642374882667195
q40_edge25_edge10_next_0934_close_both_reversal_c5,2024-12,-0.005255782583676649
q40_edge25_edge10_next_0934_close_both_reversal_c5,2025-01,0.0
q40_edge25_edge10_next_0934_close_both_reversal_c5,2025-02,-0.04760665790789442
q40_edge25_edge10_next_0934_close_both_reversal_c5,2025-03,0.1811334874135032
q40_edge25_edge10_next_0934_close_both_reversal_c5,2025-04,0.329667533568182
q40_edge25_edge10_next_0934_close_both_reversal_c5,2025-05,0.11108925930206026
q40_edge25_edge10_next_0934_close_both_reversal_c5,2025-06,-0.030319083448965944
q40_edge25_edge10_next_0934_close_both_reversal_c5,2025-07,0.024685827392157855
q40_edge25_edge10_next_0934_close_both_reversal_c5,2025-08,-0.10230046451732744
q40_edge25_edge10_next_0934_close_both_reversal_c5,2025-09,0.0
q40_edge25_edge10_next_0934_close_both_reversal_c5,2025-10,0.15779021414410588
q40_edge25_edge10_next_0934_close_both_reversal_c5,2025-11,0.09067768948508526
q40_edge25_edge10_next_0934_close_both_reversal_c5,2025-12,-0.024619309873569306
q40_edge25_edge10_next_0934_close_both_reversal_c5,2026-01,0.054645864859818705
q40_edge25_edge10_next_0934_close_both_reversal_c5,2026-02,0.19558228054392257
q40_edge25_edge10_next_0934_close_both_reversal_c5,2026-03,-0.09165587449283863
q40_edge25_edge10_next_0934_close_both_reversal_c5,2026-04,-0.19645917227541487
q40_edge25_edge10_next_0934_close_negative_signal_bull_c10,2024-11,0.011646709549727909
q40_edge25_edge10_next_0934_close_negative_signal_bull_c10,2024-12,0.0027922481559969903
q40_edge25_edge10_next_0934_close_negative_signal_bull_c10,2025-01,0.0
q40_edge25_edge10_next_0934_close_negative_signal_bull_c10,2025-02,0.0
q40_edge25_edge10_next_0934_close_negative_signal_bull_c10,2025-03,0.0762024744879577
q40_edge25_edge10_next_0934_close_negative_signal_bull_c10,2025-04,0.0
q40_edge25_edge10_next_0934_close_negative_signal_bull_c10,2025-05,0.10808925930206026
q40_edge25_edge10_next_0934_close_negative_signal_bull_c10,2025-06,-0.002694227881106178
q40_edge25_edge10_next_0934_close_negative_signal_bull_c10,2025-07,-0.05835221130395529
q40_edge25_edge10_next_0934_close_negative_signal_bull_c10,2025-08,-0.11251401687872387
q40_edge25_edge10_next_0934_close_negative_signal_bull_c10,2025-09,0.0
q40_edge25_edge10_next_0934_close_negative_signal_bull_c10,2025-10,0.10438571491781867
q40_edge25_edge10_next_0934_close_negative_signal_bull_c10,2025-11,0.07842932930356383
q40_edge25_edge10_next_0934_close_negative_signal_bull_c10,2025-12,-0.0034791387909013354
q40_edge25_edge10_next_0934_close_negative_signal_bull_c10,2026-01,0.09176154752799581
q40_edge25_edge10_next_0934_close_negative_signal_bull_c10,2026-02,0.06273428194948938
q40_edge25_edge10_next_0934_close_negative_signal_bull_c10,2026-03,-0.03343607542398286
q40_edge25_edge10_next_0934_close_negative_signal_bull_c10,2026-04,0.033320892125625834
q40_edge25_edge10_next_0934_close_negative_signal_bull_c5,2024-11,0.012646709549727908
q40_edge25_edge10_next_0934_close_negative_signal_bull_c5,2024-12,0.005792248155996993
q40_edge25_edge10_next_0934_close_negative_signal_bull_c5,2025-01,0.0
q40_edge25_edge10_next_0934_close_negative_signal_bull_c5,2025-02,0.0
q40_edge25_edge10_next_0934_close_negative_signal_bull_c5,2025-03,0.0812024744879577
q40_edge25_edge10_next_0934_close_negative_signal_bull_c5,2025-04,0.0
q40_edge25_edge10_next_0934_close_negative_signal_bull_c5,2025-05,0.11108925930206026
q40_edge25_edge10_next_0934_close_negative_signal_bull_c5,2025-06,-0.0006942278811061797
q40_edge25_edge10_next_0934_close_negative_signal_bull_c5,2025-07,-0.05635221130395529
q40_edge25_edge10_next_0934_close_negative_signal_bull_c5,2025-08,-0.10951401687872386
q40_edge25_edge10_next_0934_close_negative_signal_bull_c5,2025-09,0.0
q40_edge25_edge10_next_0934_close_negative_signal_bull_c5,2025-10,0.10638571491781867
q40_edge25_edge10_next_0934_close_negative_signal_bull_c5,2025-11,0.08242932930356384
q40_edge25_edge10_next_0934_close_negative_signal_bull_c5,2025-12,-0.0024791387909013354
q40_edge25_edge10_next_0934_close_negative_signal_bull_c5,2026-01,0.09376154752799581
q40_edge25_edge10_next_0934_close_negative_signal_bull_c5,2026-02,0.06773428194948938
q40_edge25_edge10_next_0934_close_negative_signal_bull_c5,2026-03,-0.027436075423982853
q40_edge25_edge10_next_0934_close_negative_signal_bull_c5,2026-04,0.034320892125625835
q40_edge25_edge10_next_0934_close_positive_signal_inverse_c10,2024-11,0.021995665332939285
q40_edge25_edge10_next_0934_close_positive_signal_inverse_c10,2024-12,-0.012048030739673641
q40_edge25_edge10_next_0934_close_positive_signal_inverse_c10,2025-01,0.0
q40_edge25_edge10_next_0934_close_positive_signal_inverse_c10,2025-02,-0.049606657907894425
q40_edge25_edge10_next_0934_close_positive_signal_inverse_c10,2025-03,0.09693101292554551
q40_edge25_edge10_next_0934_close_positive_signal_inverse_c10,2025-04,0.324667533568182
q40_edge25_edge10_next_0934_close_positive_signal_inverse_c10,2025-05,0.0
q40_edge25_edge10_next_0934_close_positive_signal_inverse_c10,2025-06,-0.03362485556785977
q40_edge25_edge10_next_0934_close_positive_signal_inverse_c10,2025-07,0.07903803869611314
q40_edge25_edge10_next_0934_close_positive_signal_inverse_c10,2025-08,0.006213552361396426
q40_edge25_edge10_next_0934_close_positive_signal_inverse_c10,2025-09,0.0
q40_edge25_edge10_next_0934_close_positive_signal_inverse_c10,2025-10,0.0474044992262872
q40_edge25_edge10_next_0934_close_positive_signal_inverse_c10,2025-11,0.006248360181521417
q40_edge25_edge10_next_0934_close_positive_signal_inverse_c10,2025-12,-0.02614017108266797
q40_edge25_edge10_next_0934_close_positive_signal_inverse_c10,2026-01,-0.04211568266817711
q40_edge25_edge10_next_0934_close_positive_signal_inverse_c10,2026-02,0.12084799859443318
q40_edge25_edge10_next_0934_close_positive_signal_inverse_c10,2026-03,-0.06521979906885578
q40_edge25_edge10_next_0934_close_positive_signal_inverse_c10,2026-04,-0.2327800644010407
q40_edge25_edge10_next_0934_close_positive_signal_inverse_c5,2024-11,0.023995665332939287
q40_edge25_edge10_next_0934_close_positive_signal_inverse_c5,2024-12,-0.011048030739673642
q40_edge25_edge10_next_0934_close_positive_signal_inverse_c5,2025-01,0.0
q40_edge25_edge10_next_0934_close_positive_signal_inverse_c5,2025-02,-0.04760665790789442
q40_edge25_edge10_next_0934_close_positive_signal_inverse_c5,2025-03,0.09993101292554551
q40_edge25_edge10_next_0934_close_positive_signal_inverse_c5,2025-04,0.329667533568182
q40_edge25_edge10_next_0934_close_positive_signal_inverse_c5,2025-05,0.0
q40_edge25_edge10_next_0934_close_positive_signal_inverse_c5,2025-06,-0.029624855567859765
q40_edge25_edge10_next_0934_close_positive_signal_inverse_c5,2025-07,0.08103803869611315
q40_edge25_edge10_next_0934_close_positive_signal_inverse_c5,2025-08,0.007213552361396426
q40_edge25_edge10_next_0934_close_positive_signal_inverse_c5,2025-09,0.0
q40_edge25_edge10_next_0934_close_positive_signal_inverse_c5,2025-10,0.051404499226287204
q40_edge25_edge10_next_0934_close_positive_signal_inverse_c5,2025-11,0.00824836018152142
q40_edge25_edge10_next_0934_close_positive_signal_inverse_c5,2025-12,-0.02214017108266797
q40_edge25_edge10_next_0934_close_positive_signal_inverse_c5,2026-01,-0.03911568266817711
q40_edge25_edge10_next_0934_close_positive_signal_inverse_c5,2026-02,0.1278479985944332
q40_edge25_edge10_next_0934_close_positive_signal_inverse_c5,2026-03,-0.06421979906885578
q40_edge25_edge10_next_0934_close_positive_signal_inverse_c5,2026-04,-0.2307800644010407
q40_edge25_edge10_next_open_both_reversal_c10,2024-11,-0.010005996512420623
q40_edge25_edge10_next_open_both_reversal_c10,2024-12,-0.045594594513330255
q40_edge25_edge10_next_open_both_reversal_c10,2025-01,0.0
q40_edge25_edge10_next_open_both_reversal_c10,2025-02,-0.035790978862844436
q40_edge25_edge10_next_open_both_reversal_c10,2025-03,0.16298039031884637
q40_edge25_edge10_next_open_both_reversal_c10,2025-04,0.3382657699158328
q40_edge25_edge10_next_open_both_reversal_c10,2025-05,0.07881163075644138
q40_edge25_edge10_next_open_both_reversal_c10,2025-06,-0.036457280610994514
q40_edge25_edge10_next_open_both_reversal_c10,2025-07,0.013888839736545866
q40_edge25_edge10_next_open_both_reversal_c10,2025-08,-0.0765689358111108
q40_edge25_edge10_next_open_both_reversal_c10,2025-09,0.0
q40_edge25_edge10_next_open_both_reversal_c10,2025-10,0.1884059747925153
q40_edge25_edge10_next_open_both_reversal_c10,2025-11,0.054198319114850846
q40_edge25_edge10_next_open_both_reversal_c10,2025-12,-0.0447201271612867
q40_edge25_edge10_next_open_both_reversal_c10,2026-01,0.09025213819691258
q40_edge25_edge10_next_open_both_reversal_c10,2026-02,0.25693652868895656
q40_edge25_edge10_next_open_both_reversal_c10,2026-03,-0.11294351501606836
q40_edge25_edge10_next_open_both_reversal_c10,2026-04,-0.15919313890585918
q40_edge25_edge10_next_open_both_reversal_c5,2024-11,-0.00700599651242062
q40_edge25_edge10_next_open_both_reversal_c5,2024-12,-0.04159459451333025
q40_edge25_edge10_next_open_both_reversal_c5,2025-01,0.0
q40_edge25_edge10_next_open_both_reversal_c5,2025-02,-0.033790978862844434
q40_edge25_edge10_next_open_both_reversal_c5,2025-03,0.17098039031884638
q40_edge25_edge10_next_open_both_reversal_c5,2025-04,0.3432657699158328
q40_edge25_edge10_next_open_both_reversal_c5,2025-05,0.08181163075644138
q40_edge25_edge10_next_open_both_reversal_c5,2025-06,-0.030457280610994508
q40_edge25_edge10_next_open_both_reversal_c5,2025-07,0.01788883973654587
q40_edge25_edge10_next_open_both_reversal_c5,2025-08,-0.07256893581111079
q40_edge25_edge10_next_open_both_reversal_c5,2025-09,0.0
q40_edge25_edge10_next_open_both_reversal_c5,2025-10,0.1944059747925153
q40_edge25_edge10_next_open_both_reversal_c5,2025-11,0.06019831911485085
q40_edge25_edge10_next_open_both_reversal_c5,2025-12,-0.0397201271612867
q40_edge25_edge10_next_open_both_reversal_c5,2026-01,0.09525213819691258
q40_edge25_edge10_next_open_both_reversal_c5,2026-02,0.26893652868895657
q40_edge25_edge10_next_open_both_reversal_c5,2026-03,-0.10594351501606836
q40_edge25_edge10_next_open_both_reversal_c5,2026-04,-0.15619313890585917
q40_edge25_edge10_next_open_negative_signal_bull_c10,2024-11,-0.0005155863433943236
q40_edge25_edge10_next_open_negative_signal_bull_c10,2024-12,-0.021500454263570168
q40_edge25_edge10_next_open_negative_signal_bull_c10,2025-01,0.0
q40_edge25_edge10_next_open_negative_signal_bull_c10,2025-02,0.0
q40_edge25_edge10_next_open_negative_signal_bull_c10,2025-03,0.04221595565549563
q40_edge25_edge10_next_open_negative_signal_bull_c10,2025-04,0.0
q40_edge25_edge10_next_open_negative_signal_bull_c10,2025-05,0.07881163075644138
q40_edge25_edge10_next_open_negative_signal_bull_c10,2025-06,0.009129337847422429
q40_edge25_edge10_next_open_negative_signal_bull_c10,2025-07,-0.04550036438893834
q40_edge25_edge10_next_open_negative_signal_bull_c10,2025-08,-0.08620480165642208
q40_edge25_edge10_next_open_negative_signal_bull_c10,2025-09,0.0
q40_edge25_edge10_next_open_negative_signal_bull_c10,2025-10,0.11360412596782465
q40_edge25_edge10_next_open_negative_signal_bull_c10,2025-11,0.04255702763195091
q40_edge25_edge10_next_open_negative_signal_bull_c10,2025-12,-0.010636418927137735
q40_edge25_edge10_next_open_negative_signal_bull_c10,2026-01,0.11073262475483747
q40_edge25_edge10_next_open_negative_signal_bull_c10,2026-02,0.06921145404429163
q40_edge25_edge10_next_open_negative_signal_bull_c10,2026-03,-0.03988250055882736
q40_edge25_edge10_next_open_negative_signal_bull_c10,2026-04,0.04224214838416018
q40_edge25_edge10_next_open_negative_signal_bull_c5,2024-11,0.00048441365660567646
q40_edge25_edge10_next_open_negative_signal_bull_c5,2024-12,-0.018500454263570165
q40_edge25_edge10_next_open_negative_signal_bull_c5,2025-01,0.0
q40_edge25_edge10_next_open_negative_signal_bull_c5,2025-02,0.0
q40_edge25_edge10_next_open_negative_signal_bull_c5,2025-03,0.047215955655495634
q40_edge25_edge10_next_open_negative_signal_bull_c5,2025-04,0.0
q40_edge25_edge10_next_open_negative_signal_bull_c5,2025-05,0.08181163075644138
q40_edge25_edge10_next_open_negative_signal_bull_c5,2025-06,0.011129337847422427
q40_edge25_edge10_next_open_negative_signal_bull_c5,2025-07,-0.04350036438893834
q40_edge25_edge10_next_open_negative_signal_bull_c5,2025-08,-0.08320480165642208
q40_edge25_edge10_next_open_negative_signal_bull_c5,2025-09,0.0
q40_edge25_edge10_next_open_negative_signal_bull_c5,2025-10,0.11560412596782466
q40_edge25_edge10_next_open_negative_signal_bull_c5,2025-11,0.04655702763195091
q40_edge25_edge10_next_open_negative_signal_bull_c5,2025-12,-0.009636418927137735
q40_edge25_edge10_next_open_negative_signal_bull_c5,2026-01,0.11273262475483747
q40_edge25_edge10_next_open_negative_signal_bull_c5,2026-02,0.07421145404429164
q40_edge25_edge10_next_open_negative_signal_bull_c5,2026-03,-0.033882500558827355
q40_edge25_edge10_next_open_negative_signal_bull_c5,2026-04,0.043242148384160184
q40_edge25_edge10_next_open_positive_signal_inverse_c10,2024-11,-0.009490410169026298
q40_edge25_edge10_next_open_positive_signal_inverse_c10,2024-12,-0.024094140249760088
q40_edge25_edge10_next_open_positive_signal_inverse_c10,2025-01,0.0
q40_edge25_edge10_next_open_positive_signal_inverse_c10,2025-02,-0.035790978862844436
q40_edge25_edge10_next_open_positive_signal_inverse_c10,2025-03,0.12076443466335074
q40_edge25_edge10_next_open_positive_signal_inverse_c10,2025-04,0.3382657699158328
q40_edge25_edge10_next_open_positive_signal_inverse_c10,2025-05,0.0
q40_edge25_edge10_next_open_positive_signal_inverse_c10,2025-06,-0.04558661845841694
q40_edge25_edge10_next_open_positive_signal_inverse_c10,2025-07,0.05938920412548421
q40_edge25_edge10_next_open_positive_signal_inverse_c10,2025-08,0.009635865845311288
q40_edge25_edge10_next_open_positive_signal_inverse_c10,2025-09,0.0
q40_edge25_edge10_next_open_positive_signal_inverse_c10,2025-10,0.07480184882469065
q40_edge25_edge10_next_open_positive_signal_inverse_c10,2025-11,0.01164129148289994
q40_edge25_edge10_next_open_positive_signal_inverse_c10,2025-12,-0.03408370823414897
q40_edge25_edge10_next_open_positive_signal_inverse_c10,2026-01,-0.020480486557924893
q40_edge25_edge10_next_open_positive_signal_inverse_c10,2026-02,0.18772507464466492
q40_edge25_edge10_next_open_positive_signal_inverse_c10,2026-03,-0.073061014457241
q40_edge25_edge10_next_open_positive_signal_inverse_c10,2026-04,-0.20143528729001936
q40_edge25_edge10_next_open_positive_signal_inverse_c5,2024-11,-0.007490410169026296
q40_edge25_edge10_next_open_positive_signal_inverse_c5,2024-12,-0.023094140249760087
q40_edge25_edge10_next_open_positive_signal_inverse_c5,2025-01,0.0
q40_edge25_edge10_next_open_positive_signal_inverse_c5,2025-02,-0.033790978862844434
q40_edge25_edge10_next_open_positive_signal_inverse_c5,2025-03,0.12376443466335074
q40_edge25_edge10_next_open_positive_signal_inverse_c5,2025-04,0.3432657699158328
q40_edge25_edge10_next_open_positive_signal_inverse_c5,2025-05,0.0
q40_edge25_edge10_next_open_positive_signal_inverse_c5,2025-06,-0.041586618458416935
q40_edge25_edge10_next_open_positive_signal_inverse_c5,2025-07,0.06138920412548421
q40_edge25_edge10_next_open_positive_signal_inverse_c5,2025-08,0.010635865845311288
q40_edge25_edge10_next_open_positive_signal_inverse_c5,2025-09,0.0
q40_edge25_edge10_next_open_positive_signal_inverse_c5,2025-10,0.07880184882469066
q40_edge25_edge10_next_open_positive_signal_inverse_c5,2025-11,0.013641291482899942
q40_edge25_edge10_next_open_positive_signal_inverse_c5,2025-12,-0.030083708234148965
q40_edge25_edge10_next_open_positive_signal_inverse_c5,2026-01,-0.01748048655792489
q40_edge25_edge10_next_open_positive_signal_inverse_c5,2026-02,0.19472507464466493
q40_edge25_edge10_next_open_positive_signal_inverse_c5,2026-03,-0.072061014457241
q40_edge25_edge10_next_open_positive_signal_inverse_c5,2026-04,-0.19943528729001936
q40_edge25_edge20_next_0934_close_both_reversal_c10,2024-11,0.1281035635183536
q40_edge25_edge20_next_0934_close_both_reversal_c10,2024-12,-0.05625926330564712
q40_edge25_edge20_next_0934_close_both_reversal_c10,2025-01,0.0
q40_edge25_edge20_next_0934_close_both_reversal_c10,2025-02,-0.0982764032753044
q40_edge25_edge20_next_0934_close_both_reversal_c10,2025-03,0.09724404017732258
q40_edge25_edge20_next_0934_close_both_reversal_c10,2025-04,0.30378058378641903
q40_edge25_edge20_next_0934_close_both_reversal_c10,2025-05,0.11271326868248555
q40_edge25_edge20_next_0934_close_both_reversal_c10,2025-06,-0.0027623795932898362
q40_edge25_edge20_next_0934_close_both_reversal_c10,2025-07,0.07903803869611314
q40_edge25_edge20_next_0934_close_both_reversal_c10,2025-08,-0.10895065957584515
q40_edge25_edge20_next_0934_close_both_reversal_c10,2025-09,0.024773761713520637
q40_edge25_edge20_next_0934_close_both_reversal_c10,2025-10,0.15179021414410587
q40_edge25_edge20_next_0934_close_both_reversal_c10,2025-11,-0.03258123127552626
q40_edge25_edge20_next_0934_close_both_reversal_c10,2025-12,0.024782436851321428
q40_edge25_edge20_next_0934_close_both_reversal_c10,2026-01,0.1374783313225666
q40_edge25_edge20_next_0934_close_both_reversal_c10,2026-02,0.18358228054392256
q40_edge25_edge20_next_0934_close_both_reversal_c10,2026-03,-0.03739809118026083
q40_edge25_edge20_next_0934_close_both_reversal_c10,2026-04,-0.2327800644010407
q40_edge25_edge20_next_0934_close_both_reversal_c5,2024-11,0.13210356351835362
q40_edge25_edge20_next_0934_close_both_reversal_c5,2024-12,-0.05325926330564712
q40_edge25_edge20_next_0934_close_both_reversal_c5,2025-01,0.0
q40_edge25_edge20_next_0934_close_both_reversal_c5,2025-02,-0.0922764032753044
q40_edge25_edge20_next_0934_close_both_reversal_c5,2025-03,0.10424404017732258
q40_edge25_edge20_next_0934_close_both_reversal_c5,2025-04,0.31078058378641904
q40_edge25_edge20_next_0934_close_both_reversal_c5,2025-05,0.11671326868248555
q40_edge25_edge20_next_0934_close_both_reversal_c5,2025-06,0.003237620406710162
q40_edge25_edge20_next_0934_close_both_reversal_c5,2025-07,0.08103803869611315
q40_edge25_edge20_next_0934_close_both_reversal_c5,2025-08,-0.10395065957584515
q40_edge25_edge20_next_0934_close_both_reversal_c5,2025-09,0.025773761713520638
q40_edge25_edge20_next_0934_close_both_reversal_c5,2025-10,0.15779021414410588
q40_edge25_edge20_next_0934_close_both_reversal_c5,2025-11,-0.028581231275526253
q40_edge25_edge20_next_0934_close_both_reversal_c5,2025-12,0.028782436851321425
q40_edge25_edge20_next_0934_close_both_reversal_c5,2026-01,0.1444783313225666
q40_edge25_edge20_next_0934_close_both_reversal_c5,2026-02,0.19558228054392257
q40_edge25_edge20_next_0934_close_both_reversal_c5,2026-03,-0.02939809118026082
q40_edge25_edge20_next_0934_close_both_reversal_c5,2026-04,-0.2307800644010407
q40_edge25_edge20_next_0934_close_negative_signal_bull_c10,2024-11,0.04824438357635863
q40_edge25_edge20_next_0934_close_negative_signal_bull_c10,2024-12,-0.029600849256900208
q40_edge25_edge20_next_0934_close_negative_signal_bull_c10,2025-01,0.0
q40_edge25_edge20_next_0934_close_negative_signal_bull_c10,2025-02,-0.05850783980469598
q40_edge25_edge20_next_0934_close_negative_signal_bull_c10,2025-03,0.0762024744879577
q40_edge25_edge20_next_0934_close_negative_signal_bull_c10,2025-04,0.0
q40_edge25_edge20_next_0934_close_negative_signal_bull_c10,2025-05,0.10337349547794916
q40_edge25_edge20_next_0934_close_negative_signal_bull_c10,2025-06,0.012621359223300878
q40_edge25_edge20_next_0934_close_negative_signal_bull_c10,2025-07,0.0
q40_edge25_edge20_next_0934_close_negative_signal_bull_c10,2025-08,-0.11251401687872387
q40_edge25_edge20_next_0934_close_negative_signal_bull_c10,2025-09,0.0
q40_edge25_edge20_next_0934_close_negative_signal_bull_c10,2025-10,0.10438571491781867
q40_edge25_edge20_next_0934_close_negative_signal_bull_c10,2025-11,-0.03258123127552626
q40_edge25_edge20_next_0934_close_negative_signal_bull_c10,2025-12,-0.0034791387909013354
q40_edge25_edge20_next_0934_close_negative_signal_bull_c10,2026-01,0.1795940139907437
q40_edge25_edge20_next_0934_close_negative_signal_bull_c10,2026-02,0.06273428194948938
q40_edge25_edge20_next_0934_close_negative_signal_bull_c10,2026-03,-0.03343607542398286
q40_edge25_edge20_next_0934_close_negative_signal_bull_c10,2026-04,0.0
q40_edge25_edge20_next_0934_close_negative_signal_bull_c5,2024-11,0.05024438357635863
q40_edge25_edge20_next_0934_close_negative_signal_bull_c5,2024-12,-0.028600849256900207
q40_edge25_edge20_next_0934_close_negative_signal_bull_c5,2025-01,0.0
q40_edge25_edge20_next_0934_close_negative_signal_bull_c5,2025-02,-0.05650783980469598
q40_edge25_edge20_next_0934_close_negative_signal_bull_c5,2025-03,0.0812024744879577
q40_edge25_edge20_next_0934_close_negative_signal_bull_c5,2025-04,0.0
q40_edge25_edge20_next_0934_close_negative_signal_bull_c5,2025-05,0.10637349547794916
q40_edge25_edge20_next_0934_close_negative_signal_bull_c5,2025-06,0.013621359223300877
q40_edge25_edge20_next_0934_close_negative_signal_bull_c5,2025-07,0.0
q40_edge25_edge20_next_0934_close_negative_signal_bull_c5,2025-08,-0.10951401687872386
q40_edge25_edge20_next_0934_close_negative_signal_bull_c5,2025-09,0.0
q40_edge25_edge20_next_0934_close_negative_signal_bull_c5,2025-10,0.10638571491781867
q40_edge25_edge20_next_0934_close_negative_signal_bull_c5,2025-11,-0.028581231275526253
q40_edge25_edge20_next_0934_close_negative_signal_bull_c5,2025-12,-0.0024791387909013354
q40_edge25_edge20_next_0934_close_negative_signal_bull_c5,2026-01,0.1835940139907437
q40_edge25_edge20_next_0934_close_negative_signal_bull_c5,2026-02,0.06773428194948938
q40_edge25_edge20_next_0934_close_negative_signal_bull_c5,2026-03,-0.027436075423982853
q40_edge25_edge20_next_0934_close_negative_signal_bull_c5,2026-04,0.0
q40_edge25_edge20_next_0934_close_positive_signal_inverse_c10,2024-11,0.07985917994199498
q40_edge25_edge20_next_0934_close_positive_signal_inverse_c10,2024-12,-0.02665841404874691
q40_edge25_edge20_next_0934_close_positive_signal_inverse_c10,2025-01,0.0
q40_edge25_edge20_next_0934_close_positive_signal_inverse_c10,2025-02,-0.03976856347060842
q40_edge25_edge20_next_0934_close_positive_signal_inverse_c10,2025-03,0.021041565689364883
q40_edge25_edge20_next_0934_close_positive_signal_inverse_c10,2025-04,0.30378058378641903
q40_edge25_edge20_next_0934_close_positive_signal_inverse_c10,2025-05,0.009339773204536385
q40_edge25_edge20_next_0934_close_positive_signal_inverse_c10,2025-06,-0.01538373881659072
q40_edge25_edge20_next_0934_close_positive_signal_inverse_c10,2025-07,0.07903803869611314
q40_edge25_edge20_next_0934_close_positive_signal_inverse_c10,2025-08,0.003563357302878715
q40_edge25_edge20_next_0934_close_positive_signal_inverse_c10,2025-09,0.024773761713520637
q40_edge25_edge20_next_0934_close_positive_signal_inverse_c10,2025-10,0.0474044992262872
q40_edge25_edge20_next_0934_close_positive_signal_inverse_c10,2025-11,0.0
q40_edge25_edge20_next_0934_close_positive_signal_inverse_c10,2025-12,0.02826157564222276
q40_edge25_edge20_next_0934_close_positive_signal_inverse_c10,2026-01,-0.04211568266817711
q40_edge25_edge20_next_0934_close_positive_signal_inverse_c10,2026-02,0.12084799859443318
q40_edge25_edge20_next_0934_close_positive_signal_inverse_c10,2026-03,-0.00396201575627797
q40_edge25_edge20_next_0934_close_positive_signal_inverse_c10,2026-04,-0.2327800644010407
q40_edge25_edge20_next_0934_close_positive_signal_inverse_c5,2024-11,0.08185917994199499
q40_edge25_edge20_next_0934_close_positive_signal_inverse_c5,2024-12,-0.024658414048746913
q40_edge25_edge20_next_0934_close_positive_signal_inverse_c5,2025-01,0.0
q40_edge25_edge20_next_0934_close_positive_signal_inverse_c5,2025-02,-0.03576856347060842
q40_edge25_edge20_next_0934_close_positive_signal_inverse_c5,2025-03,0.023041565689364885
q40_edge25_edge20_next_0934_close_positive_signal_inverse_c5,2025-04,0.31078058378641904
q40_edge25_edge20_next_0934_close_positive_signal_inverse_c5,2025-05,0.010339773204536384
q40_edge25_edge20_next_0934_close_positive_signal_inverse_c5,2025-06,-0.010383738816590715
q40_edge25_edge20_next_0934_close_positive_signal_inverse_c5,2025-07,0.08103803869611315
q40_edge25_edge20_next_0934_close_positive_signal_inverse_c5,2025-08,0.005563357302878715
q40_edge25_edge20_next_0934_close_positive_signal_inverse_c5,2025-09,0.025773761713520638
q40_edge25_edge20_next_0934_close_positive_signal_inverse_c5,2025-10,0.051404499226287204
q40_edge25_edge20_next_0934_close_positive_signal_inverse_c5,2025-11,0.0
q40_edge25_edge20_next_0934_close_positive_signal_inverse_c5,2025-12,0.03126157564222276
q40_edge25_edge20_next_0934_close_positive_signal_inverse_c5,2026-01,-0.03911568266817711
q40_edge25_edge20_next_0934_close_positive_signal_inverse_c5,2026-02,0.1278479985944332
q40_edge25_edge20_next_0934_close_positive_signal_inverse_c5,2026-03,-0.0019620157562779683
q40_edge25_edge20_next_0934_close_positive_signal_inverse_c5,2026-04,-0.2307800644010407
q40_edge25_edge20_next_open_both_reversal_c10,2024-11,0.07087673645778025
q40_edge25_edge20_next_open_both_reversal_c10,2024-12,-0.06872886255221511
q40_edge25_edge20_next_open_both_reversal_c10,2025-01,0.0
q40_edge25_edge20_next_open_both_reversal_c10,2025-02,-0.09560478989485255
q40_edge25_edge20_next_open_both_reversal_c10,2025-03,0.08876598495871246
q40_edge25_edge20_next_open_both_reversal_c10,2025-04,0.2870114906598559
q40_edge25_edge20_next_open_both_reversal_c10,2025-05,0.07147064353408294
q40_edge25_edge20_next_open_both_reversal_c10,2025-06,-0.010017351295635746
q40_edge25_edge20_next_open_both_reversal_c10,2025-07,0.05938920412548421
q40_edge25_edge20_next_open_both_reversal_c10,2025-08,-0.0928732270984971
q40_edge25_edge20_next_open_both_reversal_c10,2025-09,0.016741633199464534
q40_edge25_edge20_next_open_both_reversal_c10,2025-10,0.1884059747925153
q40_edge25_edge20_next_open_both_reversal_c10,2025-11,-0.04839714725973998
q40_edge25_edge20_next_open_both_reversal_c10,2025-12,-0.0063300252690016105
q40_edge25_edge20_next_open_both_reversal_c10,2026-01,0.18007425418477596
q40_edge25_edge20_next_open_both_reversal_c10,2026-02,0.25693652868895656
q40_edge25_edge20_next_open_both_reversal_c10,2026-03,-0.03362346520286785
q40_edge25_edge20_next_open_both_reversal_c10,2026-04,-0.20143528729001936
q40_edge25_edge20_next_open_both_reversal_c5,2024-11,0.07487673645778026
q40_edge25_edge20_next_open_both_reversal_c5,2024-12,-0.0657288625522151
q40_edge25_edge20_next_open_both_reversal_c5,2025-01,0.0
q40_edge25_edge20_next_open_both_reversal_c5,2025-02,-0.08960478989485254
q40_edge25_edge20_next_open_both_reversal_c5,2025-03,0.09576598495871247
q40_edge25_edge20_next_open_both_reversal_c5,2025-04,0.2940114906598559
q40_edge25_edge20_next_open_both_reversal_c5,2025-05,0.07547064353408295
q40_edge25_edge20_next_open_both_reversal_c5,2025-06,-0.0040173512956357404
q40_edge25_edge20_next_open_both_reversal_c5,2025-07,0.06138920412548421
q40_edge25_edge20_next_open_both_reversal_c5,2025-08,-0.0878732270984971
q40_edge25_edge20_next_open_both_reversal_c5,2025-09,0.017741633199464535
q40_edge25_edge20_next_open_both_reversal_c5,2025-10,0.1944059747925153
q40_edge25_edge20_next_open_both_reversal_c5,2025-11,-0.04439714725973998
q40_edge25_edge20_next_open_both_reversal_c5,2025-12,-0.002330025269001612
q40_edge25_edge20_next_open_both_reversal_c5,2026-01,0.18707425418477597
q40_edge25_edge20_next_open_both_reversal_c5,2026-02,0.26893652868895657
q40_edge25_edge20_next_open_both_reversal_c5,2026-03,-0.025623465202867846
q40_edge25_edge20_next_open_both_reversal_c5,2026-04,-0.19943528729001936
q40_edge25_edge20_next_open_negative_signal_bull_c10,2024-11,0.028665940708687332
q40_edge25_edge20_next_open_negative_signal_bull_c10,2024-12,-0.022741466601339133
q40_edge25_edge20_next_open_negative_signal_bull_c10,2025-01,0.0
q40_edge25_edge20_next_open_negative_signal_bull_c10,2025-02,-0.04908797714154334
q40_edge25_edge20_next_open_negative_signal_bull_c10,2025-03,0.04221595565549563
q40_edge25_edge20_next_open_negative_signal_bull_c10,2025-04,0.0
q40_edge25_edge20_next_open_negative_signal_bull_c10,2025-05,0.04953112232450663
q40_edge25_edge20_next_open_negative_signal_bull_c10,2025-06,0.009650485436893065
q40_edge25_edge20_next_open_negative_signal_bull_c10,2025-07,0.0
q40_edge25_edge20_next_open_negative_signal_bull_c10,2025-08,-0.08620480165642208
q40_edge25_edge20_next_open_negative_signal_bull_c10,2025-09,0.0
q40_edge25_edge20_next_open_negative_signal_bull_c10,2025-10,0.11360412596782465
q40_edge25_edge20_next_open_negative_signal_bull_c10,2025-11,-0.04839714725973998
q40_edge25_edge20_next_open_negative_signal_bull_c10,2025-12,-0.010636418927137735
q40_edge25_edge20_next_open_negative_signal_bull_c10,2026-01,0.20055474074270085
q40_edge25_edge20_next_open_negative_signal_bull_c10,2026-02,0.06921145404429163
q40_edge25_edge20_next_open_negative_signal_bull_c10,2026-03,-0.03988250055882736
q40_edge25_edge20_next_open_negative_signal_bull_c10,2026-04,0.0
q40_edge25_edge20_next_open_negative_signal_bull_c5,2024-11,0.030665940708687334
q40_edge25_edge20_next_open_negative_signal_bull_c5,2024-12,-0.021741466601339132
q40_edge25_edge20_next_open_negative_signal_bull_c5,2025-01,0.0
q40_edge25_edge20_next_open_negative_signal_bull_c5,2025-02,-0.047087977141543336
q40_edge25_edge20_next_open_negative_signal_bull_c5,2025-03,0.047215955655495634
q40_edge25_edge20_next_open_negative_signal_bull_c5,2025-04,0.0
q40_edge25_edge20_next_open_negative_signal_bull_c5,2025-05,0.05253112232450663
q40_edge25_edge20_next_open_negative_signal_bull_c5,2025-06,0.010650485436893065
q40_edge25_edge20_next_open_negative_signal_bull_c5,2025-07,0.0
q40_edge25_edge20_next_open_negative_signal_bull_c5,2025-08,-0.08320480165642208
q40_edge25_edge20_next_open_negative_signal_bull_c5,2025-09,0.0
q40_edge25_edge20_next_open_negative_signal_bull_c5,2025-10,0.11560412596782466
q40_edge25_edge20_next_open_negative_signal_bull_c5,2025-11,-0.04439714725973998
q40_edge25_edge20_next_open_negative_signal_bull_c5,2025-12,-0.009636418927137735
q40_edge25_edge20_next_open_negative_signal_bull_c5,2026-01,0.20455474074270086
q40_edge25_edge20_next_open_negative_signal_bull_c5,2026-02,0.07421145404429164
q40_edge25_edge20_next_open_negative_signal_bull_c5,2026-03,-0.033882500558827355
q40_edge25_edge20_next_open_negative_signal_bull_c5,2026-04,0.0
q40_edge25_edge20_next_open_positive_signal_inverse_c10,2024-11,0.04221079574909292
q40_edge25_edge20_next_open_positive_signal_inverse_c10,2024-12,-0.045987395950875976
q40_edge25_edge20_next_open_positive_signal_inverse_c10,2025-01,0.0
q40_edge25_edge20_next_open_positive_signal_inverse_c10,2025-02,-0.04651681275330921
q40_edge25_edge20_next_open_positive_signal_inverse_c10,2025-03,0.04655002930321683
q40_edge25_edge20_next_open_positive_signal_inverse_c10,2025-04,0.2870114906598559
q40_edge25_edge20_next_open_positive_signal_inverse_c10,2025-05,0.021939521209576318
q40_edge25_edge20_next_open_positive_signal_inverse_c10,2025-06,-0.01966783673252881
q40_edge25_edge20_next_open_positive_signal_inverse_c10,2025-07,0.05938920412548421
q40_edge25_edge20_next_open_positive_signal_inverse_c10,2025-08,-0.006668425442075019
q40_edge25_edge20_next_open_positive_signal_inverse_c10,2025-09,0.016741633199464534
q40_edge25_edge20_next_open_positive_signal_inverse_c10,2025-10,0.07480184882469065
q40_edge25_edge20_next_open_positive_signal_inverse_c10,2025-11,0.0
q40_edge25_edge20_next_open_positive_signal_inverse_c10,2025-12,0.004306393658136124
q40_edge25_edge20_next_open_positive_signal_inverse_c10,2026-01,-0.020480486557924893
q40_edge25_edge20_next_open_positive_signal_inverse_c10,2026-02,0.18772507464466492
q40_edge25_edge20_next_open_positive_signal_inverse_c10,2026-03,0.006259035355959508
q40_edge25_edge20_next_open_positive_signal_inverse_c10,2026-04,-0.20143528729001936
q40_edge25_edge20_next_open_positive_signal_inverse_c5,2024-11,0.044210795749092924
q40_edge25_edge20_next_open_positive_signal_inverse_c5,2024-12,-0.043987395950875974
q40_edge25_edge20_next_open_positive_signal_inverse_c5,2025-01,0.0
q40_edge25_edge20_next_open_positive_signal_inverse_c5,2025-02,-0.04251681275330921
q40_edge25_edge20_next_open_positive_signal_inverse_c5,2025-03,0.048550029303216835
q40_edge25_edge20_next_open_positive_signal_inverse_c5,2025-04,0.2940114906598559
q40_edge25_edge20_next_open_positive_signal_inverse_c5,2025-05,0.02293952120957632
q40_edge25_edge20_next_open_positive_signal_inverse_c5,2025-06,-0.014667836732528805
q40_edge25_edge20_next_open_positive_signal_inverse_c5,2025-07,0.06138920412548421
q40_edge25_edge20_next_open_positive_signal_inverse_c5,2025-08,-0.004668425442075019
q40_edge25_edge20_next_open_positive_signal_inverse_c5,2025-09,0.017741633199464535
q40_edge25_edge20_next_open_positive_signal_inverse_c5,2025-10,0.07880184882469066
q40_edge25_edge20_next_open_positive_signal_inverse_c5,2025-11,0.0
q40_edge25_edge20_next_open_positive_signal_inverse_c5,2025-12,0.007306393658136123
q40_edge25_edge20_next_open_positive_signal_inverse_c5,2026-01,-0.01748048655792489
q40_edge25_edge20_next_open_positive_signal_inverse_c5,2026-02,0.19472507464466493
q40_edge25_edge20_next_open_positive_signal_inverse_c5,2026-03,0.00825903535595951
q40_edge25_edge20_next_open_positive_signal_inverse_c5,2026-04,-0.19943528729001936
q40_edge25_edge40_next_0934_close_both_reversal_c10,2024-11,0.09726974974578095
q40_edge25_edge40_next_0934_close_both_reversal_c10,2024-12,-0.05560984446234252
q40_edge25_edge40_next_0934_close_both_reversal_c10,2025-01,0.0
q40_edge25_edge40_next_0934_close_both_reversal_c10,2025-02,-0.08773804476920821
q40_edge25_edge40_next_0934_close_both_reversal_c10,2025-03,0.09724404017732258
q40_edge25_edge40_next_0934_close_both_reversal_c10,2025-04,0.30378058378641903
q40_edge25_edge40_next_0934_close_both_reversal_c10,2025-05,0.10341711802325504
q40_edge25_edge40_next_0934_close_both_reversal_c10,2025-06,-0.018077966697696894
q40_edge25_edge40_next_0934_close_both_reversal_c10,2025-07,0.02068582739215785
q40_edge25_edge40_next_0934_close_both_reversal_c10,2025-08,-0.13622097315698412
q40_edge25_edge40_next_0934_close_both_reversal_c10,2025-09,0.030858000843955402
q40_edge25_edge40_next_0934_close_both_reversal_c10,2025-10,0.004124350323297058
q40_edge25_edge40_next_0934_close_both_reversal_c10,2025-11,0.044337449558904736
q40_edge25_edge40_next_0934_close_both_reversal_c10,2025-12,-0.03419347692057983
q40_edge25_edge40_next_0934_close_both_reversal_c10,2026-01,0.1374783313225666
q40_edge25_edge40_next_0934_close_both_reversal_c10,2026-02,0.18358228054392256
q40_edge25_edge40_next_0934_close_both_reversal_c10,2026-03,-0.03739809118026083
q40_edge25_edge40_next_0934_close_both_reversal_c10,2026-04,-0.3044779621457232
q40_edge25_edge40_next_0934_close_both_reversal_c5,2024-11,0.10326974974578096
q40_edge25_edge40_next_0934_close_both_reversal_c5,2024-12,-0.053609844462342515
q40_edge25_edge40_next_0934_close_both_reversal_c5,2025-01,0.0
q40_edge25_edge40_next_0934_close_both_reversal_c5,2025-02,-0.08473804476920821
q40_edge25_edge40_next_0934_close_both_reversal_c5,2025-03,0.10424404017732258
q40_edge25_edge40_next_0934_close_both_reversal_c5,2025-04,0.31078058378641904
q40_edge25_edge40_next_0934_close_both_reversal_c5,2025-05,0.10941711802325504
q40_edge25_edge40_next_0934_close_both_reversal_c5,2025-06,-0.011077966697696895
q40_edge25_edge40_next_0934_close_both_reversal_c5,2025-07,0.024685827392157855
q40_edge25_edge40_next_0934_close_both_reversal_c5,2025-08,-0.1302209731569841
q40_edge25_edge40_next_0934_close_both_reversal_c5,2025-09,0.032858000843955404
q40_edge25_edge40_next_0934_close_both_reversal_c5,2025-10,0.006124350323297056
q40_edge25_edge40_next_0934_close_both_reversal_c5,2025-11,0.05433744955890474
q40_edge25_edge40_next_0934_close_both_reversal_c5,2025-12,-0.02819347692057983
q40_edge25_edge40_next_0934_close_both_reversal_c5,2026-01,0.1444783313225666
q40_edge25_edge40_next_0934_close_both_reversal_c5,2026-02,0.19558228054392257
q40_edge25_edge40_next_0934_close_both_reversal_c5,2026-03,-0.02939809118026082
q40_edge25_edge40_next_0934_close_both_reversal_c5,2026-04,-0.3004779621457232
q40_edge25_edge40_next_0934_close_negative_signal_bull_c10,2024-11,0.04940246279122018
q40_edge25_edge40_next_0934_close_negative_signal_bull_c10,2024-12,-0.040999461153269245
q40_edge25_edge40_next_0934_close_negative_signal_bull_c10,2025-01,0.0
q40_edge25_edge40_next_0934_close_negative_signal_bull_c10,2025-02,-0.03813138686131379
q40_edge25_edge40_next_0934_close_negative_signal_bull_c10,2025-03,0.0762024744879577
q40_edge25_edge40_next_0934_close_negative_signal_bull_c10,2025-04,0.0
q40_edge25_edge40_next_0934_close_negative_signal_bull_c10,2025-05,0.09407734481871866
q40_edge25_edge40_next_0934_close_negative_signal_bull_c10,2025-06,-0.002694227881106178
q40_edge25_edge40_next_0934_close_negative_signal_bull_c10,2025-07,-0.05835221130395529
q40_edge25_edge40_next_0934_close_negative_signal_bull_c10,2025-08,-0.09769743494677241
q40_edge25_edge40_next_0934_close_negative_signal_bull_c10,2025-09,0.0
q40_edge25_edge40_next_0934_close_negative_signal_bull_c10,2025-10,0.0
q40_edge25_edge40_next_0934_close_negative_signal_bull_c10,2025-11,0.011435794248443995
q40_edge25_edge40_next_0934_close_negative_signal_bull_c10,2025-12,-0.008053305837911858
q40_edge25_edge40_next_0934_close_negative_signal_bull_c10,2026-01,0.1795940139907437
q40_edge25_edge40_next_0934_close_negative_signal_bull_c10,2026-02,0.06273428194948938
q40_edge25_edge40_next_0934_close_negative_signal_bull_c10,2026-03,-0.03343607542398286
q40_edge25_edge40_next_0934_close_negative_signal_bull_c10,2026-04,0.0
q40_edge25_edge40_next_0934_close_negative_signal_bull_c5,2024-11,0.05240246279122018
q40_edge25_edge40_next_0934_close_negative_signal_bull_c5,2024-12,-0.039999461153269245
q40_edge25_edge40_next_0934_close_negative_signal_bull_c5,2025-01,0.0
q40_edge25_edge40_next_0934_close_negative_signal_bull_c5,2025-02,-0.037131386861313787
q40_edge25_edge40_next_0934_close_negative_signal_bull_c5,2025-03,0.0812024744879577
q40_edge25_edge40_next_0934_close_negative_signal_bull_c5,2025-04,0.0
q40_edge25_edge40_next_0934_close_negative_signal_bull_c5,2025-05,0.09907734481871866
q40_edge25_edge40_next_0934_close_negative_signal_bull_c5,2025-06,-0.0006942278811061797
q40_edge25_edge40_next_0934_close_negative_signal_bull_c5,2025-07,-0.05635221130395529
q40_edge25_edge40_next_0934_close_negative_signal_bull_c5,2025-08,-0.0936974349467724
q40_edge25_edge40_next_0934_close_negative_signal_bull_c5,2025-09,0.0
q40_edge25_edge40_next_0934_close_negative_signal_bull_c5,2025-10,0.0
q40_edge25_edge40_next_0934_close_negative_signal_bull_c5,2025-11,0.018435794248443993
q40_edge25_edge40_next_0934_close_negative_signal_bull_c5,2025-12,-0.006053305837911858
q40_edge25_edge40_next_0934_close_negative_signal_bull_c5,2026-01,0.1835940139907437
q40_edge25_edge40_next_0934_close_negative_signal_bull_c5,2026-02,0.06773428194948938
q40_edge25_edge40_next_0934_close_negative_signal_bull_c5,2026-03,-0.027436075423982853
q40_edge25_edge40_next_0934_close_negative_signal_bull_c5,2026-04,0.0
q40_edge25_edge40_next_0934_close_positive_signal_inverse_c10,2024-11,0.04786728695456077
q40_edge25_edge40_next_0934_close_positive_signal_inverse_c10,2024-12,-0.01461038330907327
q40_edge25_edge40_next_0934_close_positive_signal_inverse_c10,2025-01,0.0
q40_edge25_edge40_next_0934_close_positive_signal_inverse_c10,2025-02,-0.049606657907894425
q40_edge25_edge40_next_0934_close_positive_signal_inverse_c10,2025-03,0.021041565689364883
q40_edge25_edge40_next_0934_close_positive_signal_inverse_c10,2025-04,0.30378058378641903
q40_edge25_edge40_next_0934_close_positive_signal_inverse_c10,2025-05,0.009339773204536385
q40_edge25_edge40_next_0934_close_positive_signal_inverse_c10,2025-06,-0.01538373881659072
q40_edge25_edge40_next_0934_close_positive_signal_inverse_c10,2025-07,0.07903803869611314
q40_edge25_edge40_next_0934_close_positive_signal_inverse_c10,2025-08,-0.038523538210211705
q40_edge25_edge40_next_0934_close_positive_signal_inverse_c10,2025-09,0.030858000843955402
q40_edge25_edge40_next_0934_close_positive_signal_inverse_c10,2025-10,0.004124350323297058
q40_edge25_edge40_next_0934_close_positive_signal_inverse_c10,2025-11,0.03290165531046074
q40_edge25_edge40_next_0934_close_positive_signal_inverse_c10,2025-12,-0.02614017108266797
q40_edge25_edge40_next_0934_close_positive_signal_inverse_c10,2026-01,-0.04211568266817711
q40_edge25_edge40_next_0934_close_positive_signal_inverse_c10,2026-02,0.12084799859443318
q40_edge25_edge40_next_0934_close_positive_signal_inverse_c10,2026-03,-0.00396201575627797
q40_edge25_edge40_next_0934_close_positive_signal_inverse_c10,2026-04,-0.3044779621457232
q40_edge25_edge40_next_0934_close_positive_signal_inverse_c5,2024-11,0.050867286954560775
q40_edge25_edge40_next_0934_close_positive_signal_inverse_c5,2024-12,-0.01361038330907327
q40_edge25_edge40_next_0934_close_positive_signal_inverse_c5,2025-01,0.0
q40_edge25_edge40_next_0934_close_positive_signal_inverse_c5,2025-02,-0.04760665790789442
q40_edge25_edge40_next_0934_close_positive_signal_inverse_c5,2025-03,0.023041565689364885
q40_edge25_edge40_next_0934_close_positive_signal_inverse_c5,2025-04,0.31078058378641904
q40_edge25_edge40_next_0934_close_positive_signal_inverse_c5,2025-05,0.010339773204536384
q40_edge25_edge40_next_0934_close_positive_signal_inverse_c5,2025-06,-0.010383738816590715
q40_edge25_edge40_next_0934_close_positive_signal_inverse_c5,2025-07,0.08103803869611315
q40_edge25_edge40_next_0934_close_positive_signal_inverse_c5,2025-08,-0.0365235382102117
q40_edge25_edge40_next_0934_close_positive_signal_inverse_c5,2025-09,0.032858000843955404
q40_edge25_edge40_next_0934_close_positive_signal_inverse_c5,2025-10,0.006124350323297056
q40_edge25_edge40_next_0934_close_positive_signal_inverse_c5,2025-11,0.035901655310460745
q40_edge25_edge40_next_0934_close_positive_signal_inverse_c5,2025-12,-0.02214017108266797
q40_edge25_edge40_next_0934_close_positive_signal_inverse_c5,2026-01,-0.03911568266817711
q40_edge25_edge40_next_0934_close_positive_signal_inverse_c5,2026-02,0.1278479985944332
q40_edge25_edge40_next_0934_close_positive_signal_inverse_c5,2026-03,-0.0019620157562779683
q40_edge25_edge40_next_0934_close_positive_signal_inverse_c5,2026-04,-0.3004779621457232
q40_edge25_edge40_next_open_both_reversal_c10,2024-11,0.02098629990524104
q40_edge25_edge40_next_open_both_reversal_c10,2024-12,-0.04744806533720558
q40_edge25_edge40_next_open_both_reversal_c10,2025-01,0.0
q40_edge25_edge40_next_open_both_reversal_c10,2025-02,-0.08231652630809982
q40_edge25_edge40_next_open_both_reversal_c10,2025-03,0.08876598495871246
q40_edge25_edge40_next_open_both_reversal_c10,2025-04,0.2870114906598559
q40_edge25_edge40_next_open_both_reversal_c10,2025-05,0.05751355483683651
q40_edge25_edge40_next_open_both_reversal_c10,2025-06,-0.01053849888510638
q40_edge25_edge40_next_open_both_reversal_c10,2025-07,0.013888839736545866
q40_edge25_edge40_next_open_both_reversal_c10,2025-08,-0.10426165989594516
q40_edge25_edge40_next_open_both_reversal_c10,2025-09,0.010665546242942693
q40_edge25_edge40_next_open_both_reversal_c10,2025-10,0.033653353065886904
q40_edge25_edge40_next_open_both_reversal_c10,2025-11,0.000722353076437315
q40_edge25_edge40_next_open_both_reversal_c10,2025-12,-0.033027749251656406
q40_edge25_edge40_next_open_both_reversal_c10,2026-01,0.18007425418477596
q40_edge25_edge40_next_open_both_reversal_c10,2026-02,0.25693652868895656
q40_edge25_edge40_next_open_both_reversal_c10,2026-03,-0.03362346520286785
q40_edge25_edge40_next_open_both_reversal_c10,2026-04,-0.2494360549834791
q40_edge25_edge40_next_open_both_reversal_c5,2024-11,0.02698629990524104
q40_edge25_edge40_next_open_both_reversal_c5,2024-12,-0.04544806533720558
q40_edge25_edge40_next_open_both_reversal_c5,2025-01,0.0
q40_edge25_edge40_next_open_both_reversal_c5,2025-02,-0.07931652630809982
q40_edge25_edge40_next_open_both_reversal_c5,2025-03,0.09576598495871247
q40_edge25_edge40_next_open_both_reversal_c5,2025-04,0.2940114906598559
q40_edge25_edge40_next_open_both_reversal_c5,2025-05,0.06351355483683652
q40_edge25_edge40_next_open_both_reversal_c5,2025-06,-0.003538498885106378
q40_edge25_edge40_next_open_both_reversal_c5,2025-07,0.01788883973654587
q40_edge25_edge40_next_open_both_reversal_c5,2025-08,-0.09826165989594515
q40_edge25_edge40_next_open_both_reversal_c5,2025-09,0.012665546242942693
q40_edge25_edge40_next_open_both_reversal_c5,2025-10,0.035653353065886906
q40_edge25_edge40_next_open_both_reversal_c5,2025-11,0.010722353076437319
q40_edge25_edge40_next_open_both_reversal_c5,2025-12,-0.027027749251656408
q40_edge25_edge40_next_open_both_reversal_c5,2026-01,0.18707425418477597
q40_edge25_edge40_next_open_both_reversal_c5,2026-02,0.26893652868895657
q40_edge25_edge40_next_open_both_reversal_c5,2026-03,-0.025623465202867846
q40_edge25_edge40_next_open_both_reversal_c5,2026-04,-0.2454360549834791
q40_edge25_edge40_next_open_negative_signal_bull_c10,2024-11,0.016851710074267334
q40_edge25_edge40_next_open_negative_signal_bull_c10,2024-12,-0.025554809636089693
q40_edge25_edge40_next_open_negative_signal_bull_c10,2025-01,0.0
q40_edge25_edge40_next_open_negative_signal_bull_c10,2025-02,-0.04652554744525539
q40_edge25_edge40_next_open_negative_signal_bull_c10,2025-03,0.04221595565549563
q40_edge25_edge40_next_open_negative_signal_bull_c10,2025-04,0.0
q40_edge25_edge40_next_open_negative_signal_bull_c10,2025-05,0.03557403362726019
q40_edge25_edge40_next_open_negative_signal_bull_c10,2025-06,0.009129337847422429
q40_edge25_edge40_next_open_negative_signal_bull_c10,2025-07,-0.04550036438893834
q40_edge25_edge40_next_open_negative_signal_bull_c10,2025-08,-0.062393303807380285
q40_edge25_edge40_next_open_negative_signal_bull_c10,2025-09,0.0
q40_edge25_edge40_next_open_negative_signal_bull_c10,2025-10,0.0
q40_edge25_edge40_next_open_negative_signal_bull_c10,2025-11,-0.04043756304829615
q40_edge25_edge40_next_open_negative_signal_bull_c10,2025-12,0.0010559589824925587
q40_edge25_edge40_next_open_negative_signal_bull_c10,2026-01,0.20055474074270085
q40_edge25_edge40_next_open_negative_signal_bull_c10,2026-02,0.06921145404429163
q40_edge25_edge40_next_open_negative_signal_bull_c10,2026-03,-0.03988250055882736
q40_edge25_edge40_next_open_negative_signal_bull_c10,2026-04,0.0
q40_edge25_edge40_next_open_negative_signal_bull_c5,2024-11,0.019851710074267337
q40_edge25_edge40_next_open_negative_signal_bull_c5,2024-12,-0.02455480963608969
q40_edge25_edge40_next_open_negative_signal_bull_c5,2025-01,0.0
q40_edge25_edge40_next_open_negative_signal_bull_c5,2025-02,-0.04552554744525539
q40_edge25_edge40_next_open_negative_signal_bull_c5,2025-03,0.047215955655495634
q40_edge25_edge40_next_open_negative_signal_bull_c5,2025-04,0.0
q40_edge25_edge40_next_open_negative_signal_bull_c5,2025-05,0.0405740336272602
q40_edge25_edge40_next_open_negative_signal_bull_c5,2025-06,0.011129337847422427
q40_edge25_edge40_next_open_negative_signal_bull_c5,2025-07,-0.04350036438893834
q40_edge25_edge40_next_open_negative_signal_bull_c5,2025-08,-0.05839330380738028
q40_edge25_edge40_next_open_negative_signal_bull_c5,2025-09,0.0
q40_edge25_edge40_next_open_negative_signal_bull_c5,2025-10,0.0
q40_edge25_edge40_next_open_negative_signal_bull_c5,2025-11,-0.03343756304829615
q40_edge25_edge40_next_open_negative_signal_bull_c5,2025-12,0.003055958982492557
q40_edge25_edge40_next_open_negative_signal_bull_c5,2026-01,0.20455474074270086
q40_edge25_edge40_next_open_negative_signal_bull_c5,2026-02,0.07421145404429164
q40_edge25_edge40_next_open_negative_signal_bull_c5,2026-03,-0.033882500558827355
q40_edge25_edge40_next_open_negative_signal_bull_c5,2026-04,0.0
q40_edge25_edge40_next_open_positive_signal_inverse_c10,2024-11,0.004134589830973702
q40_edge25_edge40_next_open_positive_signal_inverse_c10,2024-12,-0.021893255701115888
q40_edge25_edge40_next_open_positive_signal_inverse_c10,2025-01,0.0
q40_edge25_edge40_next_open_positive_signal_inverse_c10,2025-02,-0.035790978862844436
q40_edge25_edge40_next_open_positive_signal_inverse_c10,2025-03,0.04655002930321683
q40_edge25_edge40_next_open_positive_signal_inverse_c10,2025-04,0.2870114906598559
q40_edge25_edge40_next_open_positive_signal_inverse_c10,2025-05,0.021939521209576318
q40_edge25_edge40_next_open_positive_signal_inverse_c10,2025-06,-0.01966783673252881
q40_edge25_edge40_next_open_positive_signal_inverse_c10,2025-07,0.05938920412548421
q40_edge25_edge40_next_open_positive_signal_inverse_c10,2025-08,-0.04186835608856487
q40_edge25_edge40_next_open_positive_signal_inverse_c10,2025-09,0.010665546242942693
q40_edge25_edge40_next_open_positive_signal_inverse_c10,2025-10,0.033653353065886904
q40_edge25_edge40_next_open_positive_signal_inverse_c10,2025-11,0.041159916124733464
q40_edge25_edge40_next_open_positive_signal_inverse_c10,2025-12,-0.03408370823414897
q40_edge25_edge40_next_open_positive_signal_inverse_c10,2026-01,-0.020480486557924893
q40_edge25_edge40_next_open_positive_signal_inverse_c10,2026-02,0.18772507464466492
q40_edge25_edge40_next_open_positive_signal_inverse_c10,2026-03,0.006259035355959508
q40_edge25_edge40_next_open_positive_signal_inverse_c10,2026-04,-0.2494360549834791
q40_edge25_edge40_next_open_positive_signal_inverse_c5,2024-11,0.007134589830973703
q40_edge25_edge40_next_open_positive_signal_inverse_c5,2024-12,-0.020893255701115887
q40_edge25_edge40_next_open_positive_signal_inverse_c5,2025-01,0.0
q40_edge25_edge40_next_open_positive_signal_inverse_c5,2025-02,-0.033790978862844434
q40_edge25_edge40_next_open_positive_signal_inverse_c5,2025-03,0.048550029303216835
q40_edge25_edge40_next_open_positive_signal_inverse_c5,2025-04,0.2940114906598559
q40_edge25_edge40_next_open_positive_signal_inverse_c5,2025-05,0.02293952120957632
q40_edge25_edge40_next_open_positive_signal_inverse_c5,2025-06,-0.014667836732528805
q40_edge25_edge40_next_open_positive_signal_inverse_c5,2025-07,0.06138920412548421
q40_edge25_edge40_next_open_positive_signal_inverse_c5,2025-08,-0.03986835608856487
q40_edge25_edge40_next_open_positive_signal_inverse_c5,2025-09,0.012665546242942693
q40_edge25_edge40_next_open_positive_signal_inverse_c5,2025-10,0.035653353065886906
q40_edge25_edge40_next_open_positive_signal_inverse_c5,2025-11,0.04415991612473347
q40_edge25_edge40_next_open_positive_signal_inverse_c5,2025-12,-0.030083708234148965
q40_edge25_edge40_next_open_positive_signal_inverse_c5,2026-01,-0.01748048655792489
q40_edge25_edge40_next_open_positive_signal_inverse_c5,2026-02,0.19472507464466493
q40_edge25_edge40_next_open_positive_signal_inverse_c5,2026-03,0.00825903535595951
q40_edge25_edge40_next_open_positive_signal_inverse_c5,2026-04,-0.2454360549834791
q40_edge33_always_next_0934_close_both_reversal_c10,2024-11,0.09726974974578095
q40_edge33_always_next_0934_close_both_reversal_c10,2024-12,0.036525348862514906
q40_edge33_always_next_0934_close_both_reversal_c10,2025-01,0.0137030732984621
q40_edge33_always_next_0934_close_both_reversal_c10,2025-02,-0.18675050046932606
q40_edge33_always_next_0934_close_both_reversal_c10,2025-03,0.31758887805458713
q40_edge33_always_next_0934_close_both_reversal_c10,2025-04,0.08626413647770947
q40_edge33_always_next_0934_close_both_reversal_c10,2025-05,0.10341711802325504
q40_edge33_always_next_0934_close_both_reversal_c10,2025-06,0.017257497410616225
q40_edge33_always_next_0934_close_both_reversal_c10,2025-07,-0.02112784646059962
q40_edge33_always_next_0934_close_both_reversal_c10,2025-08,-0.054471256576642535
q40_edge33_always_next_0934_close_both_reversal_c10,2025-09,-0.08281345381266991
q40_edge33_always_next_0934_close_both_reversal_c10,2025-10,0.26652970542983434
q40_edge33_always_next_0934_close_both_reversal_c10,2025-11,0.13434599334124997
q40_edge33_always_next_0934_close_both_reversal_c10,2025-12,0.03608533391504909
q40_edge33_always_next_0934_close_both_reversal_c10,2026-01,0.1374783313225666
q40_edge33_always_next_0934_close_both_reversal_c10,2026-02,0.16039814148906106
q40_edge33_always_next_0934_close_both_reversal_c10,2026-03,-0.05718300402078702
q40_edge33_always_next_0934_close_both_reversal_c10,2026-04,-0.3163038433535271
q40_edge33_always_next_0934_close_both_reversal_c5,2024-11,0.10326974974578096
q40_edge33_always_next_0934_close_both_reversal_c5,2024-12,0.04452534886251491
q40_edge33_always_next_0934_close_both_reversal_c5,2025-01,0.020703073298462105
q40_edge33_always_next_0934_close_both_reversal_c5,2025-02,-0.17475050046932605
q40_edge33_always_next_0934_close_both_reversal_c5,2025-03,0.32858887805458714
q40_edge33_always_next_0934_close_both_reversal_c5,2025-04,0.09526413647770948
q40_edge33_always_next_0934_close_both_reversal_c5,2025-05,0.10941711802325504
q40_edge33_always_next_0934_close_both_reversal_c5,2025-06,0.026257497410616226
q40_edge33_always_next_0934_close_both_reversal_c5,2025-07,-0.013127846460599613
q40_edge33_always_next_0934_close_both_reversal_c5,2025-08,-0.04547125657664253
q40_edge33_always_next_0934_close_both_reversal_c5,2025-09,-0.0728134538126699
q40_edge33_always_next_0934_close_both_reversal_c5,2025-10,0.27952970542983435
q40_edge33_always_next_0934_close_both_reversal_c5,2025-11,0.14734599334124998
q40_edge33_always_next_0934_close_both_reversal_c5,2025-12,0.044085333915049096
q40_edge33_always_next_0934_close_both_reversal_c5,2026-01,0.1444783313225666
q40_edge33_always_next_0934_close_both_reversal_c5,2026-02,0.17339814148906108
q40_edge33_always_next_0934_close_both_reversal_c5,2026-03,-0.04418300402078701
q40_edge33_always_next_0934_close_both_reversal_c5,2026-04,-0.3053038433535271
q40_edge33_always_next_0934_close_negative_signal_bull_c10,2024-11,0.04940246279122018
q40_edge33_always_next_0934_close_negative_signal_bull_c10,2024-12,0.06318376291126182
q40_edge33_always_next_0934_close_negative_signal_bull_c10,2025-01,0.0964599295812898
q40_edge33_always_next_0934_close_negative_signal_bull_c10,2025-02,-0.06543360484585647
q40_edge33_always_next_0934_close_negative_signal_bull_c10,2025-03,0.07686171401326658
q40_edge33_always_next_0934_close_negative_signal_bull_c10,2025-04,-0.14525295922840853
q40_edge33_always_next_0934_close_negative_signal_bull_c10,2025-05,0.09407734481871866
q40_edge33_always_next_0934_close_negative_signal_bull_c10,2025-06,0.04800307481619659
q40_edge33_always_next_0934_close_negative_signal_bull_c10,2025-07,-0.09326131911801128
q40_edge33_always_next_0934_close_negative_signal_bull_c10,2025-08,-0.09769743494677241
q40_edge33_always_next_0934_close_negative_signal_bull_c10,2025-09,0.007576320371445179
q40_edge33_always_next_0934_close_negative_signal_bull_c10,2025-10,0.2718219841520655
q40_edge33_always_next_0934_close_negative_signal_bull_c10,2025-11,0.03811406934485629
q40_edge33_always_next_0934_close_negative_signal_bull_c10,2025-12,-0.008053305837911858
q40_edge33_always_next_0934_close_negative_signal_bull_c10,2026-01,0.1795940139907437
q40_edge33_always_next_0934_close_negative_signal_bull_c10,2026-02,0.03955014289462788
q40_edge33_always_next_0934_close_negative_signal_bull_c10,2026-03,0.03457883722913646
q40_edge33_always_next_0934_close_negative_signal_bull_c10,2026-04,0.0792128282697111
q40_edge33_always_next_0934_close_negative_signal_bull_c5,2024-11,0.05240246279122018
q40_edge33_always_next_0934_close_negative_signal_bull_c5,2024-12,0.06918376291126183
q40_edge33_always_next_0934_close_negative_signal_bull_c5,2025-01,0.0984599295812898
q40_edge33_always_next_0934_close_negative_signal_bull_c5,2025-02,-0.06043360484585647
q40_edge33_always_next_0934_close_negative_signal_bull_c5,2025-03,0.08286171401326659
q40_edge33_always_next_0934_close_negative_signal_bull_c5,2025-04,-0.14425295922840853
q40_edge33_always_next_0934_close_negative_signal_bull_c5,2025-05,0.09907734481871866
q40_edge33_always_next_0934_close_negative_signal_bull_c5,2025-06,0.05100307481619659
q40_edge33_always_next_0934_close_negative_signal_bull_c5,2025-07,-0.08926131911801127
q40_edge33_always_next_0934_close_negative_signal_bull_c5,2025-08,-0.0936974349467724
q40_edge33_always_next_0934_close_negative_signal_bull_c5,2025-09,0.008576320371445179
q40_edge33_always_next_0934_close_negative_signal_bull_c5,2025-10,0.2778219841520655
q40_edge33_always_next_0934_close_negative_signal_bull_c5,2025-11,0.04611406934485629
q40_edge33_always_next_0934_close_negative_signal_bull_c5,2025-12,-0.006053305837911858
q40_edge33_always_next_0934_close_negative_signal_bull_c5,2026-01,0.1835940139907437
q40_edge33_always_next_0934_close_negative_signal_bull_c5,2026-02,0.04555014289462789
q40_edge33_always_next_0934_close_negative_signal_bull_c5,2026-03,0.04357883722913647
q40_edge33_always_next_0934_close_negative_signal_bull_c5,2026-04,0.0812128282697111
q40_edge33_always_next_0934_close_positive_signal_inverse_c10,2024-11,0.04786728695456077
q40_edge33_always_next_0934_close_positive_signal_inverse_c10,2024-12,-0.02665841404874691
q40_edge33_always_next_0934_close_positive_signal_inverse_c10,2025-01,-0.0827568562828277
q40_edge33_always_next_0934_close_positive_signal_inverse_c10,2025-02,-0.12131689562346959
q40_edge33_always_next_0934_close_positive_signal_inverse_c10,2025-03,0.24072716404132055
q40_edge33_always_next_0934_close_positive_signal_inverse_c10,2025-04,0.231517095706118
q40_edge33_always_next_0934_close_positive_signal_inverse_c10,2025-05,0.009339773204536385
q40_edge33_always_next_0934_close_positive_signal_inverse_c10,2025-06,-0.030745577405580364
q40_edge33_always_next_0934_close_positive_signal_inverse_c10,2025-07,0.07213347265741166
q40_edge33_always_next_0934_close_positive_signal_inverse_c10,2025-08,0.043226178370129875
q40_edge33_always_next_0934_close_positive_signal_inverse_c10,2025-09,-0.09038977418411509
q40_edge33_always_next_0934_close_positive_signal_inverse_c10,2025-10,-0.005292278722231137
q40_edge33_always_next_0934_close_positive_signal_inverse_c10,2025-11,0.09623192399639369
q40_edge33_always_next_0934_close_positive_signal_inverse_c10,2025-12,0.04413863975296095
q40_edge33_always_next_0934_close_positive_signal_inverse_c10,2026-01,-0.04211568266817711
q40_edge33_always_next_0934_close_positive_signal_inverse_c10,2026-02,0.12084799859443318
q40_edge33_always_next_0934_close_positive_signal_inverse_c10,2026-03,-0.09176184124992348
q40_edge33_always_next_0934_close_positive_signal_inverse_c10,2026-04,-0.3955166716232382
q40_edge33_always_next_0934_close_positive_signal_inverse_c5,2024-11,0.050867286954560775
q40_edge33_always_next_0934_close_positive_signal_inverse_c5,2024-12,-0.024658414048746913
q40_edge33_always_next_0934_close_positive_signal_inverse_c5,2025-01,-0.07775685628282769
q40_edge33_always_next_0934_close_positive_signal_inverse_c5,2025-02,-0.11431689562346958
q40_edge33_always_next_0934_close_positive_signal_inverse_c5,2025-03,0.24572716404132056
q40_edge33_always_next_0934_close_positive_signal_inverse_c5,2025-04,0.239517095706118
q40_edge33_always_next_0934_close_positive_signal_inverse_c5,2025-05,0.010339773204536384
q40_edge33_always_next_0934_close_positive_signal_inverse_c5,2025-06,-0.024745577405580366
q40_edge33_always_next_0934_close_positive_signal_inverse_c5,2025-07,0.07613347265741166
q40_edge33_always_next_0934_close_positive_signal_inverse_c5,2025-08,0.04822617837012988
q40_edge33_always_next_0934_close_positive_signal_inverse_c5,2025-09,-0.08138977418411508
q40_edge33_always_next_0934_close_positive_signal_inverse_c5,2025-10,0.0017077212777688597
q40_edge33_always_next_0934_close_positive_signal_inverse_c5,2025-11,0.10123192399639369
q40_edge33_always_next_0934_close_positive_signal_inverse_c5,2025-12,0.050138639752960956
q40_edge33_always_next_0934_close_positive_signal_inverse_c5,2026-01,-0.03911568266817711
q40_edge33_always_next_0934_close_positive_signal_inverse_c5,2026-02,0.1278479985944332
q40_edge33_always_next_0934_close_positive_signal_inverse_c5,2026-03,-0.08776184124992348
q40_edge33_always_next_0934_close_positive_signal_inverse_c5,2026-04,-0.3865166716232382
q40_edge33_always_next_open_both_reversal_c10,2024-11,0.02098629990524104
q40_edge33_always_next_open_both_reversal_c10,2024-12,0.001977863884156772
q40_edge33_always_next_open_both_reversal_c10,2025-01,-0.0414598935822319
q40_edge33_always_next_open_both_reversal_c10,2025-02,-0.1650157423275913
q40_edge33_always_next_open_both_reversal_c10,2025-03,0.30547523902637297
q40_edge33_always_next_open_both_reversal_c10,2025-04,0.07804753019947841
q40_edge33_always_next_open_both_reversal_c10,2025-05,0.05751355483683651
q40_edge33_always_next_open_both_reversal_c10,2025-06,-0.0013371091471051644
q40_edge33_always_next_open_both_reversal_c10,2025-07,-0.021050458667500098
q40_edge33_always_next_open_both_reversal_c10,2025-08,-0.04713598385983974
q40_edge33_always_next_open_both_reversal_c10,2025-09,-0.0638445383766093
q40_edge33_always_next_open_both_reversal_c10,2025-10,0.30120160691532816
q40_edge33_always_next_open_both_reversal_c10,2025-11,0.07886216039316674
q40_edge33_always_next_open_both_reversal_c10,2025-12,0.014389835688656049
q40_edge33_always_next_open_both_reversal_c10,2026-01,0.18007425418477596
q40_edge33_always_next_open_both_reversal_c10,2026-02,0.21745689805343238
q40_edge33_always_next_open_both_reversal_c10,2026-03,-0.04924383577067515
q40_edge33_always_next_open_both_reversal_c10,2026-04,-0.2093244181237104
q40_edge33_always_next_open_both_reversal_c5,2024-11,0.02698629990524104
q40_edge33_always_next_open_both_reversal_c5,2024-12,0.009977863884156779
q40_edge33_always_next_open_both_reversal_c5,2025-01,-0.03445989358223189
q40_edge33_always_next_open_both_reversal_c5,2025-02,-0.1530157423275913
q40_edge33_always_next_open_both_reversal_c5,2025-03,0.316475239026373
q40_edge33_always_next_open_both_reversal_c5,2025-04,0.08704753019947842
q40_edge33_always_next_open_both_reversal_c5,2025-05,0.06351355483683652
q40_edge33_always_next_open_both_reversal_c5,2025-06,0.007662890852894844
q40_edge33_always_next_open_both_reversal_c5,2025-07,-0.013050458667500098
q40_edge33_always_next_open_both_reversal_c5,2025-08,-0.03813598385983974
q40_edge33_always_next_open_both_reversal_c5,2025-09,-0.0538445383766093
q40_edge33_always_next_open_both_reversal_c5,2025-10,0.31420160691532817
q40_edge33_always_next_open_both_reversal_c5,2025-11,0.09186216039316675
q40_edge33_always_next_open_both_reversal_c5,2025-12,0.022389835688656046
q40_edge33_always_next_open_both_reversal_c5,2026-01,0.18707425418477597
q40_edge33_always_next_open_both_reversal_c5,2026-02,0.2304568980534324
q40_edge33_always_next_open_both_reversal_c5,2026-03,-0.03624383577067514
q40_edge33_always_next_open_both_reversal_c5,2026-04,-0.19832441812371038
q40_edge33_always_next_open_negative_signal_bull_c10,2024-11,0.016851710074267334
q40_edge33_always_next_open_negative_signal_bull_c10,2024-12,0.04796525983503275
q40_edge33_always_next_open_negative_signal_bull_c10,2025-01,0.087473676421854
q40_edge33_always_next_open_negative_signal_bull_c10,2025-02,-0.025236440014644312
q40_edge33_always_next_open_negative_signal_bull_c10,2025-03,0.06952087210015534
q40_edge33_always_next_open_negative_signal_bull_c10,2025-04,-0.12080754055238918
q40_edge33_always_next_open_negative_signal_bull_c10,2025-05,0.03557403362726019
q40_edge33_always_next_open_negative_signal_bull_c10,2025-06,0.0475888783069629
q40_edge33_always_next_open_negative_signal_bull_c10,2025-07,-0.07359032560193812
q40_edge33_always_next_open_negative_signal_bull_c10,2025-08,-0.062393303807380285
q40_edge33_always_next_open_negative_signal_bull_c10,2025-09,0.004964596633778353
q40_edge33_always_next_open_negative_signal_bull_c10,2025-10,0.28822051204834476
q40_edge33_always_next_open_negative_signal_bull_c10,2025-11,-0.032504175178715504
q40_edge33_always_next_open_negative_signal_bull_c10,2025-12,0.0010559589824925587
q40_edge33_always_next_open_negative_signal_bull_c10,2026-01,0.20055474074270085
q40_edge33_always_next_open_negative_signal_bull_c10,2026-02,0.029731823408767455
q40_edge33_always_next_open_negative_signal_bull_c10,2026-03,-0.006595696013739549
q40_edge33_always_next_open_negative_signal_bull_c10,2026-04,0.09366007716025515
q40_edge33_always_next_open_negative_signal_bull_c5,2024-11,0.019851710074267337
q40_edge33_always_next_open_negative_signal_bull_c5,2024-12,0.05396525983503275
q40_edge33_always_next_open_negative_signal_bull_c5,2025-01,0.089473676421854
q40_edge33_always_next_open_negative_signal_bull_c5,2025-02,-0.020236440014644308
q40_edge33_always_next_open_negative_signal_bull_c5,2025-03,0.07552087210015535
q40_edge33_always_next_open_negative_signal_bull_c5,2025-04,-0.11980754055238918
q40_edge33_always_next_open_negative_signal_bull_c5,2025-05,0.0405740336272602
q40_edge33_always_next_open_negative_signal_bull_c5,2025-06,0.0505888783069629
q40_edge33_always_next_open_negative_signal_bull_c5,2025-07,-0.06959032560193812
q40_edge33_always_next_open_negative_signal_bull_c5,2025-08,-0.05839330380738028
q40_edge33_always_next_open_negative_signal_bull_c5,2025-09,0.005964596633778353
q40_edge33_always_next_open_negative_signal_bull_c5,2025-10,0.29422051204834476
q40_edge33_always_next_open_negative_signal_bull_c5,2025-11,-0.024504175178715504
q40_edge33_always_next_open_negative_signal_bull_c5,2025-12,0.003055958982492557
q40_edge33_always_next_open_negative_signal_bull_c5,2026-01,0.20455474074270086
q40_edge33_always_next_open_negative_signal_bull_c5,2026-02,0.03573182340876746
q40_edge33_always_next_open_negative_signal_bull_c5,2026-03,0.0024043039862604587
q40_edge33_always_next_open_negative_signal_bull_c5,2026-04,0.09566007716025515
q40_edge33_always_next_open_positive_signal_inverse_c10,2024-11,0.004134589830973702
q40_edge33_always_next_open_positive_signal_inverse_c10,2024-12,-0.045987395950875976
q40_edge33_always_next_open_positive_signal_inverse_c10,2025-01,-0.1289335700040859
q40_edge33_always_next_open_positive_signal_inverse_c10,2025-02,-0.139779302312947
q40_edge33_always_next_open_positive_signal_inverse_c10,2025-03,0.23595436692621763
q40_edge33_always_next_open_positive_signal_inverse_c10,2025-04,0.1988550707518676
q40_edge33_always_next_open_positive_signal_inverse_c10,2025-05,0.021939521209576318
q40_edge33_always_next_open_positive_signal_inverse_c10,2025-06,-0.048925987454068065
q40_edge33_always_next_open_positive_signal_inverse_c10,2025-07,0.05253986693443802
q40_edge33_always_next_open_positive_signal_inverse_c10,2025-08,0.01525731994754054
q40_edge33_always_next_open_positive_signal_inverse_c10,2025-09,-0.06880913501038766
q40_edge33_always_next_open_positive_signal_inverse_c10,2025-10,0.012981094866983404
q40_edge33_always_next_open_positive_signal_inverse_c10,2025-11,0.11136633557188225
q40_edge33_always_next_open_positive_signal_inverse_c10,2025-12,0.013333876706163485
q40_edge33_always_next_open_positive_signal_inverse_c10,2026-01,-0.020480486557924893
q40_edge33_always_next_open_positive_signal_inverse_c10,2026-02,0.18772507464466492
q40_edge33_always_next_open_positive_signal_inverse_c10,2026-03,-0.0426481397569356
q40_edge33_always_next_open_positive_signal_inverse_c10,2026-04,-0.30298449528396554
q40_edge33_always_next_open_positive_signal_inverse_c5,2024-11,0.007134589830973703
q40_edge33_always_next_open_positive_signal_inverse_c5,2024-12,-0.043987395950875974
q40_edge33_always_next_open_positive_signal_inverse_c5,2025-01,-0.12393357000408589
q40_edge33_always_next_open_positive_signal_inverse_c5,2025-02,-0.132779302312947
q40_edge33_always_next_open_positive_signal_inverse_c5,2025-03,0.24095436692621763
q40_edge33_always_next_open_positive_signal_inverse_c5,2025-04,0.2068550707518676
q40_edge33_always_next_open_positive_signal_inverse_c5,2025-05,0.02293952120957632
q40_edge33_always_next_open_positive_signal_inverse_c5,2025-06,-0.04292598745406806
q40_edge33_always_next_open_positive_signal_inverse_c5,2025-07,0.05653986693443802
q40_edge33_always_next_open_positive_signal_inverse_c5,2025-08,0.020257319947540542
q40_edge33_always_next_open_positive_signal_inverse_c5,2025-09,-0.05980913501038765
q40_edge33_always_next_open_positive_signal_inverse_c5,2025-10,0.019981094866983407
q40_edge33_always_next_open_positive_signal_inverse_c5,2025-11,0.11636633557188225
q40_edge33_always_next_open_positive_signal_inverse_c5,2025-12,0.01933387670616349
q40_edge33_always_next_open_positive_signal_inverse_c5,2026-01,-0.01748048655792489
q40_edge33_always_next_open_positive_signal_inverse_c5,2026-02,0.19472507464466493
q40_edge33_always_next_open_positive_signal_inverse_c5,2026-03,-0.038648139756935596
q40_edge33_always_next_open_positive_signal_inverse_c5,2026-04,-0.29398449528396553
q40_edge33_edge10_next_0934_close_both_reversal_c10,2024-11,0.03364237488266719
q40_edge33_edge10_next_0934_close_both_reversal_c10,2024-12,-0.009255782583676653
q40_edge33_edge10_next_0934_close_both_reversal_c10,2025-01,0.010771678243334028
q40_edge33_edge10_next_0934_close_both_reversal_c10,2025-02,-0.06020040790789449
q40_edge33_edge10_next_0934_close_both_reversal_c10,2025-03,0.20462796255162463
q40_edge33_edge10_next_0934_close_both_reversal_c10,2025-04,0.10715108625947245
q40_edge33_edge10_next_0934_close_both_reversal_c10,2025-05,0.10808925930206026
q40_edge33_edge10_next_0934_close_both_reversal_c10,2025-06,-0.0009836193406528217
q40_edge33_edge10_next_0934_close_both_reversal_c10,2025-07,-0.03680165330013374
q40_edge33_edge10_next_0934_close_both_reversal_c10,2025-08,-0.10630046451732744
q40_edge33_edge10_next_0934_close_both_reversal_c10,2025-09,0.0
q40_edge33_edge10_next_0934_close_both_reversal_c10,2025-10,0.15179021414410587
q40_edge33_edge10_next_0934_close_both_reversal_c10,2025-11,0.08467768948508525
q40_edge33_edge10_next_0934_close_both_reversal_c10,2025-12,-0.029619309873569304
q40_edge33_edge10_next_0934_close_both_reversal_c10,2026-01,0.0496458648598187
q40_edge33_edge10_next_0934_close_both_reversal_c10,2026-02,0.16039814148906106
q40_edge33_edge10_next_0934_close_both_reversal_c10,2026-03,-0.030640961839719316
q40_edge33_edge10_next_0934_close_both_reversal_c10,2026-04,-0.19945917227541488
q40_edge33_edge10_next_0934_close_both_reversal_c5,2024-11,0.036642374882667195
q40_edge33_edge10_next_0934_close_both_reversal_c5,2024-12,-0.005255782583676649
q40_edge33_edge10_next_0934_close_both_reversal_c5,2025-01,0.011771678243334027
q40_edge33_edge10_next_0934_close_both_reversal_c5,2025-02,-0.05720040790789449
q40_edge33_edge10_next_0934_close_both_reversal_c5,2025-03,0.21362796255162464
q40_edge33_edge10_next_0934_close_both_reversal_c5,2025-04,0.11415108625947246
q40_edge33_edge10_next_0934_close_both_reversal_c5,2025-05,0.11108925930206026
q40_edge33_edge10_next_0934_close_both_reversal_c5,2025-06,0.0070163806593471776
q40_edge33_edge10_next_0934_close_both_reversal_c5,2025-07,-0.029801653300133735
q40_edge33_edge10_next_0934_close_both_reversal_c5,2025-08,-0.10230046451732744
q40_edge33_edge10_next_0934_close_both_reversal_c5,2025-09,0.0
q40_edge33_edge10_next_0934_close_both_reversal_c5,2025-10,0.15779021414410588
q40_edge33_edge10_next_0934_close_both_reversal_c5,2025-11,0.09067768948508526
q40_edge33_edge10_next_0934_close_both_reversal_c5,2025-12,-0.024619309873569306
q40_edge33_edge10_next_0934_close_both_reversal_c5,2026-01,0.054645864859818705
q40_edge33_edge10_next_0934_close_both_reversal_c5,2026-02,0.17339814148906108
q40_edge33_edge10_next_0934_close_both_reversal_c5,2026-03,-0.020640961839719307
q40_edge33_edge10_next_0934_close_both_reversal_c5,2026-04,-0.19645917227541487
q40_edge33_edge10_next_0934_close_negative_signal_bull_c10,2024-11,0.011646709549727909
q40_edge33_edge10_next_0934_close_negative_signal_bull_c10,2024-12,0.0027922481559969903
q40_edge33_edge10_next_0934_close_negative_signal_bull_c10,2025-01,0.0
q40_edge33_edge10_next_0934_close_negative_signal_bull_c10,2025-02,-0.010593750000000067
q40_edge33_edge10_next_0934_close_negative_signal_bull_c10,2025-03,0.0762024744879577
q40_edge33_edge10_next_0934_close_negative_signal_bull_c10,2025-04,-0.14525295922840853
q40_edge33_edge10_next_0934_close_negative_signal_bull_c10,2025-05,0.10808925930206026
q40_edge33_edge10_next_0934_close_negative_signal_bull_c10,2025-06,0.04800307481619659
q40_edge33_edge10_next_0934_close_negative_signal_bull_c10,2025-07,-0.1089351259575454
q40_edge33_edge10_next_0934_close_negative_signal_bull_c10,2025-08,-0.11251401687872387
q40_edge33_edge10_next_0934_close_negative_signal_bull_c10,2025-09,0.0
q40_edge33_edge10_next_0934_close_negative_signal_bull_c10,2025-10,0.10438571491781867
q40_edge33_edge10_next_0934_close_negative_signal_bull_c10,2025-11,0.07842932930356383
q40_edge33_edge10_next_0934_close_negative_signal_bull_c10,2025-12,-0.0034791387909013354
q40_edge33_edge10_next_0934_close_negative_signal_bull_c10,2026-01,0.09176154752799581
q40_edge33_edge10_next_0934_close_negative_signal_bull_c10,2026-02,0.03955014289462788
q40_edge33_edge10_next_0934_close_negative_signal_bull_c10,2026-03,0.03457883722913646
q40_edge33_edge10_next_0934_close_negative_signal_bull_c10,2026-04,0.033320892125625834
q40_edge33_edge10_next_0934_close_negative_signal_bull_c5,2024-11,0.012646709549727908
q40_edge33_edge10_next_0934_close_negative_signal_bull_c5,2024-12,0.005792248155996993
q40_edge33_edge10_next_0934_close_negative_signal_bull_c5,2025-01,0.0
q40_edge33_edge10_next_0934_close_negative_signal_bull_c5,2025-02,-0.009593750000000068
q40_edge33_edge10_next_0934_close_negative_signal_bull_c5,2025-03,0.0812024744879577
q40_edge33_edge10_next_0934_close_negative_signal_bull_c5,2025-04,-0.14425295922840853
q40_edge33_edge10_next_0934_close_negative_signal_bull_c5,2025-05,0.11108925930206026
q40_edge33_edge10_next_0934_close_negative_signal_bull_c5,2025-06,0.05100307481619659
q40_edge33_edge10_next_0934_close_negative_signal_bull_c5,2025-07,-0.1059351259575454
q40_edge33_edge10_next_0934_close_negative_signal_bull_c5,2025-08,-0.10951401687872386
q40_edge33_edge10_next_0934_close_negative_signal_bull_c5,2025-09,0.0
q40_edge33_edge10_next_0934_close_negative_signal_bull_c5,2025-10,0.10638571491781867
q40_edge33_edge10_next_0934_close_negative_signal_bull_c5,2025-11,0.08242932930356384
q40_edge33_edge10_next_0934_close_negative_signal_bull_c5,2025-12,-0.0024791387909013354
q40_edge33_edge10_next_0934_close_negative_signal_bull_c5,2026-01,0.09376154752799581
q40_edge33_edge10_next_0934_close_negative_signal_bull_c5,2026-02,0.04555014289462789
q40_edge33_edge10_next_0934_close_negative_signal_bull_c5,2026-03,0.04357883722913647
q40_edge33_edge10_next_0934_close_negative_signal_bull_c5,2026-04,0.034320892125625835
q40_edge33_edge10_next_0934_close_positive_signal_inverse_c10,2024-11,0.021995665332939285
q40_edge33_edge10_next_0934_close_positive_signal_inverse_c10,2024-12,-0.012048030739673641
q40_edge33_edge10_next_0934_close_positive_signal_inverse_c10,2025-01,0.010771678243334028
q40_edge33_edge10_next_0934_close_positive_signal_inverse_c10,2025-02,-0.049606657907894425
q40_edge33_edge10_next_0934_close_positive_signal_inverse_c10,2025-03,0.12842548806366694
q40_edge33_edge10_next_0934_close_positive_signal_inverse_c10,2025-04,0.252404045487881
q40_edge33_edge10_next_0934_close_positive_signal_inverse_c10,2025-05,0.0
q40_edge33_edge10_next_0934_close_positive_signal_inverse_c10,2025-06,-0.04898669415684941
q40_edge33_edge10_next_0934_close_positive_signal_inverse_c10,2025-07,0.07213347265741166
q40_edge33_edge10_next_0934_close_positive_signal_inverse_c10,2025-08,0.006213552361396426
q40_edge33_edge10_next_0934_close_positive_signal_inverse_c10,2025-09,0.0
q40_edge33_edge10_next_0934_close_positive_signal_inverse_c10,2025-10,0.0474044992262872
q40_edge33_edge10_next_0934_close_positive_signal_inverse_c10,2025-11,0.006248360181521417
q40_edge33_edge10_next_0934_close_positive_signal_inverse_c10,2025-12,-0.02614017108266797
q40_edge33_edge10_next_0934_close_positive_signal_inverse_c10,2026-01,-0.04211568266817711
q40_edge33_edge10_next_0934_close_positive_signal_inverse_c10,2026-02,0.12084799859443318
q40_edge33_edge10_next_0934_close_positive_signal_inverse_c10,2026-03,-0.06521979906885578
q40_edge33_edge10_next_0934_close_positive_signal_inverse_c10,2026-04,-0.2327800644010407
q40_edge33_edge10_next_0934_close_positive_signal_inverse_c5,2024-11,0.023995665332939287
q40_edge33_edge10_next_0934_close_positive_signal_inverse_c5,2024-12,-0.011048030739673642
q40_edge33_edge10_next_0934_close_positive_signal_inverse_c5,2025-01,0.011771678243334027
q40_edge33_edge10_next_0934_close_positive_signal_inverse_c5,2025-02,-0.04760665790789442
q40_edge33_edge10_next_0934_close_positive_signal_inverse_c5,2025-03,0.13242548806366694
q40_edge33_edge10_next_0934_close_positive_signal_inverse_c5,2025-04,0.258404045487881
q40_edge33_edge10_next_0934_close_positive_signal_inverse_c5,2025-05,0.0
q40_edge33_edge10_next_0934_close_positive_signal_inverse_c5,2025-06,-0.043986694156849415
q40_edge33_edge10_next_0934_close_positive_signal_inverse_c5,2025-07,0.07613347265741166
q40_edge33_edge10_next_0934_close_positive_signal_inverse_c5,2025-08,0.007213552361396426
q40_edge33_edge10_next_0934_close_positive_signal_inverse_c5,2025-09,0.0
q40_edge33_edge10_next_0934_close_positive_signal_inverse_c5,2025-10,0.051404499226287204
q40_edge33_edge10_next_0934_close_positive_signal_inverse_c5,2025-11,0.00824836018152142
q40_edge33_edge10_next_0934_close_positive_signal_inverse_c5,2025-12,-0.02214017108266797
q40_edge33_edge10_next_0934_close_positive_signal_inverse_c5,2026-01,-0.03911568266817711
q40_edge33_edge10_next_0934_close_positive_signal_inverse_c5,2026-02,0.1278479985944332
q40_edge33_edge10_next_0934_close_positive_signal_inverse_c5,2026-03,-0.06421979906885578
q40_edge33_edge10_next_0934_close_positive_signal_inverse_c5,2026-04,-0.2307800644010407
q40_edge33_edge10_next_open_both_reversal_c10,2024-11,-0.010005996512420623
q40_edge33_edge10_next_open_both_reversal_c10,2024-12,-0.045594594513330255
q40_edge33_edge10_next_open_both_reversal_c10,2025-01,-0.016116065426842963
q40_edge33_edge10_next_open_both_reversal_c10,2025-02,-0.047947228862844526
q40_edge33_edge10_next_open_both_reversal_c10,2025-03,0.1761737604845922
q40_edge33_edge10_next_open_both_reversal_c10,2025-04,0.12930180945545533
q40_edge33_edge10_next_open_both_reversal_c10,2025-05,0.07881163075644138
q40_edge33_edge10_next_open_both_reversal_c10,2025-06,-0.027255890872993294
q40_edge33_edge10_next_open_both_reversal_c10,2025-07,-0.04836274728080336
q40_edge33_edge10_next_open_both_reversal_c10,2025-08,-0.0765689358111108
q40_edge33_edge10_next_open_both_reversal_c10,2025-09,0.0
q40_edge33_edge10_next_open_both_reversal_c10,2025-10,0.1884059747925153
q40_edge33_edge10_next_open_both_reversal_c10,2025-11,0.054198319114850846
q40_edge33_edge10_next_open_both_reversal_c10,2025-12,-0.0447201271612867
q40_edge33_edge10_next_open_both_reversal_c10,2026-01,0.09025213819691258
q40_edge33_edge10_next_open_both_reversal_c10,2026-02,0.21745689805343238
q40_edge33_edge10_next_open_both_reversal_c10,2026-03,-0.07965671047098055
q40_edge33_edge10_next_open_both_reversal_c10,2026-04,-0.15919313890585918
q40_edge33_edge10_next_open_both_reversal_c5,2024-11,-0.00700599651242062
q40_edge33_edge10_next_open_both_reversal_c5,2024-12,-0.04159459451333025
q40_edge33_edge10_next_open_both_reversal_c5,2025-01,-0.015116065426842962
q40_edge33_edge10_next_open_both_reversal_c5,2025-02,-0.044947228862844524
q40_edge33_edge10_next_open_both_reversal_c5,2025-03,0.18517376048459222
q40_edge33_edge10_next_open_both_reversal_c5,2025-04,0.13630180945545534
q40_edge33_edge10_next_open_both_reversal_c5,2025-05,0.08181163075644138
q40_edge33_edge10_next_open_both_reversal_c5,2025-06,-0.019255890872993287
q40_edge33_edge10_next_open_both_reversal_c5,2025-07,-0.04136274728080336
q40_edge33_edge10_next_open_both_reversal_c5,2025-08,-0.07256893581111079
q40_edge33_edge10_next_open_both_reversal_c5,2025-09,0.0
q40_edge33_edge10_next_open_both_reversal_c5,2025-10,0.1944059747925153
q40_edge33_edge10_next_open_both_reversal_c5,2025-11,0.06019831911485085
q40_edge33_edge10_next_open_both_reversal_c5,2025-12,-0.0397201271612867
q40_edge33_edge10_next_open_both_reversal_c5,2026-01,0.09525213819691258
q40_edge33_edge10_next_open_both_reversal_c5,2026-02,0.2304568980534324
q40_edge33_edge10_next_open_both_reversal_c5,2026-03,-0.06965671047098054
q40_edge33_edge10_next_open_both_reversal_c5,2026-04,-0.15619313890585917
q40_edge33_edge10_next_open_negative_signal_bull_c10,2024-11,-0.0005155863433943236
q40_edge33_edge10_next_open_negative_signal_bull_c10,2024-12,-0.021500454263570168
q40_edge33_edge10_next_open_negative_signal_bull_c10,2025-01,0.0
q40_edge33_edge10_next_open_negative_signal_bull_c10,2025-02,-0.012156250000000089
q40_edge33_edge10_next_open_negative_signal_bull_c10,2025-03,0.04221595565549563
q40_edge33_edge10_next_open_negative_signal_bull_c10,2025-04,-0.12080754055238918
q40_edge33_edge10_next_open_negative_signal_bull_c10,2025-05,0.07881163075644138
q40_edge33_edge10_next_open_negative_signal_bull_c10,2025-06,0.0475888783069629
q40_edge33_edge10_next_open_negative_signal_bull_c10,2025-07,-0.10090261421524138
q40_edge33_edge10_next_open_negative_signal_bull_c10,2025-08,-0.08620480165642208
q40_edge33_edge10_next_open_negative_signal_bull_c10,2025-09,0.0
q40_edge33_edge10_next_open_negative_signal_bull_c10,2025-10,0.11360412596782465
q40_edge33_edge10_next_open_negative_signal_bull_c10,2025-11,0.04255702763195091
q40_edge33_edge10_next_open_negative_signal_bull_c10,2025-12,-0.010636418927137735
q40_edge33_edge10_next_open_negative_signal_bull_c10,2026-01,0.11073262475483747
q40_edge33_edge10_next_open_negative_signal_bull_c10,2026-02,0.029731823408767455
q40_edge33_edge10_next_open_negative_signal_bull_c10,2026-03,-0.006595696013739549
q40_edge33_edge10_next_open_negative_signal_bull_c10,2026-04,0.04224214838416018
q40_edge33_edge10_next_open_negative_signal_bull_c5,2024-11,0.00048441365660567646
q40_edge33_edge10_next_open_negative_signal_bull_c5,2024-12,-0.018500454263570165
q40_edge33_edge10_next_open_negative_signal_bull_c5,2025-01,0.0
q40_edge33_edge10_next_open_negative_signal_bull_c5,2025-02,-0.01115625000000009
q40_edge33_edge10_next_open_negative_signal_bull_c5,2025-03,0.047215955655495634
q40_edge33_edge10_next_open_negative_signal_bull_c5,2025-04,-0.11980754055238918
q40_edge33_edge10_next_open_negative_signal_bull_c5,2025-05,0.08181163075644138
q40_edge33_edge10_next_open_negative_signal_bull_c5,2025-06,0.0505888783069629
q40_edge33_edge10_next_open_negative_signal_bull_c5,2025-07,-0.09790261421524138
q40_edge33_edge10_next_open_negative_signal_bull_c5,2025-08,-0.08320480165642208
q40_edge33_edge10_next_open_negative_signal_bull_c5,2025-09,0.0
q40_edge33_edge10_next_open_negative_signal_bull_c5,2025-10,0.11560412596782466
q40_edge33_edge10_next_open_negative_signal_bull_c5,2025-11,0.04655702763195091
q40_edge33_edge10_next_open_negative_signal_bull_c5,2025-12,-0.009636418927137735
q40_edge33_edge10_next_open_negative_signal_bull_c5,2026-01,0.11273262475483747
q40_edge33_edge10_next_open_negative_signal_bull_c5,2026-02,0.03573182340876746
q40_edge33_edge10_next_open_negative_signal_bull_c5,2026-03,0.0024043039862604587
q40_edge33_edge10_next_open_negative_signal_bull_c5,2026-04,0.043242148384160184
q40_edge33_edge10_next_open_positive_signal_inverse_c10,2024-11,-0.009490410169026298
q40_edge33_edge10_next_open_positive_signal_inverse_c10,2024-12,-0.024094140249760088
q40_edge33_edge10_next_open_positive_signal_inverse_c10,2025-01,-0.016116065426842963
q40_edge33_edge10_next_open_positive_signal_inverse_c10,2025-02,-0.035790978862844436
q40_edge33_edge10_next_open_positive_signal_inverse_c10,2025-03,0.13395780482909658
q40_edge33_edge10_next_open_positive_signal_inverse_c10,2025-04,0.2501093500078445
q40_edge33_edge10_next_open_positive_signal_inverse_c10,2025-05,0.0
q40_edge33_edge10_next_open_positive_signal_inverse_c10,2025-06,-0.0748447691799562
q40_edge33_edge10_next_open_positive_signal_inverse_c10,2025-07,0.05253986693443802
q40_edge33_edge10_next_open_positive_signal_inverse_c10,2025-08,0.009635865845311288
q40_edge33_edge10_next_open_positive_signal_inverse_c10,2025-09,0.0
q40_edge33_edge10_next_open_positive_signal_inverse_c10,2025-10,0.07480184882469065
q40_edge33_edge10_next_open_positive_signal_inverse_c10,2025-11,0.01164129148289994
q40_edge33_edge10_next_open_positive_signal_inverse_c10,2025-12,-0.03408370823414897
q40_edge33_edge10_next_open_positive_signal_inverse_c10,2026-01,-0.020480486557924893
q40_edge33_edge10_next_open_positive_signal_inverse_c10,2026-02,0.18772507464466492
q40_edge33_edge10_next_open_positive_signal_inverse_c10,2026-03,-0.073061014457241
q40_edge33_edge10_next_open_positive_signal_inverse_c10,2026-04,-0.20143528729001936
q40_edge33_edge10_next_open_positive_signal_inverse_c5,2024-11,-0.007490410169026296
q40_edge33_edge10_next_open_positive_signal_inverse_c5,2024-12,-0.023094140249760087
q40_edge33_edge10_next_open_positive_signal_inverse_c5,2025-01,-0.015116065426842962
q40_edge33_edge10_next_open_positive_signal_inverse_c5,2025-02,-0.033790978862844434
q40_edge33_edge10_next_open_positive_signal_inverse_c5,2025-03,0.1379578048290966
q40_edge33_edge10_next_open_positive_signal_inverse_c5,2025-04,0.2561093500078445
q40_edge33_edge10_next_open_positive_signal_inverse_c5,2025-05,0.0
q40_edge33_edge10_next_open_positive_signal_inverse_c5,2025-06,-0.06984476917995619
q40_edge33_edge10_next_open_positive_signal_inverse_c5,2025-07,0.05653986693443802
q40_edge33_edge10_next_open_positive_signal_inverse_c5,2025-08,0.010635865845311288
q40_edge33_edge10_next_open_positive_signal_inverse_c5,2025-09,0.0
q40_edge33_edge10_next_open_positive_signal_inverse_c5,2025-10,0.07880184882469066
q40_edge33_edge10_next_open_positive_signal_inverse_c5,2025-11,0.013641291482899942
q40_edge33_edge10_next_open_positive_signal_inverse_c5,2025-12,-0.030083708234148965
q40_edge33_edge10_next_open_positive_signal_inverse_c5,2026-01,-0.01748048655792489
q40_edge33_edge10_next_open_positive_signal_inverse_c5,2026-02,0.19472507464466493
q40_edge33_edge10_next_open_positive_signal_inverse_c5,2026-03,-0.072061014457241
q40_edge33_edge10_next_open_positive_signal_inverse_c5,2026-04,-0.19943528729001936
q40_edge33_edge20_next_0934_close_both_reversal_c10,2024-11,0.1281035635183536
q40_edge33_edge20_next_0934_close_both_reversal_c10,2024-12,-0.05625926330564712
q40_edge33_edge20_next_0934_close_both_reversal_c10,2025-01,0.010771678243334028
q40_edge33_edge20_next_0934_close_both_reversal_c10,2025-02,-0.15444380472758668
q40_edge33_edge20_next_0934_close_both_reversal_c10,2025-03,0.128738515315444
q40_edge33_edge20_next_0934_close_both_reversal_c10,2025-04,0.08626413647770947
q40_edge33_edge20_next_0934_close_both_reversal_c10,2025-05,0.11271326868248555
q40_edge33_edge20_next_0934_close_both_reversal_c10,2025-06,0.032573084515023276
q40_edge33_edge20_next_0934_close_both_reversal_c10,2025-07,0.05940605596844284
q40_edge33_edge20_next_0934_close_both_reversal_c10,2025-08,-0.08102689845767497
q40_edge33_edge20_next_0934_close_both_reversal_c10,2025-09,0.024773761713520637
q40_edge33_edge20_next_0934_close_both_reversal_c10,2025-10,0.18064397576709834
q40_edge33_edge20_next_0934_close_both_reversal_c10,2025-11,-0.03258123127552626
q40_edge33_edge20_next_0934_close_both_reversal_c10,2025-12,0.0661852146290991
q40_edge33_edge20_next_0934_close_both_reversal_c10,2026-01,0.1374783313225666
q40_edge33_edge20_next_0934_close_both_reversal_c10,2026-02,0.16039814148906106
q40_edge33_edge20_next_0934_close_both_reversal_c10,2026-03,-0.05718300402078702
q40_edge33_edge20_next_0934_close_both_reversal_c10,2026-04,-0.2327800644010407
q40_edge33_edge20_next_0934_close_both_reversal_c5,2024-11,0.13210356351835362
q40_edge33_edge20_next_0934_close_both_reversal_c5,2024-12,-0.05325926330564712
q40_edge33_edge20_next_0934_close_both_reversal_c5,2025-01,0.011771678243334027
q40_edge33_edge20_next_0934_close_both_reversal_c5,2025-02,-0.14644380472758667
q40_edge33_edge20_next_0934_close_both_reversal_c5,2025-03,0.136738515315444
q40_edge33_edge20_next_0934_close_both_reversal_c5,2025-04,0.09526413647770948
q40_edge33_edge20_next_0934_close_both_reversal_c5,2025-05,0.11671326868248555
q40_edge33_edge20_next_0934_close_both_reversal_c5,2025-06,0.04057308451502328
q40_edge33_edge20_next_0934_close_both_reversal_c5,2025-07,0.06440605596844284
q40_edge33_edge20_next_0934_close_both_reversal_c5,2025-08,-0.07502689845767496
q40_edge33_edge20_next_0934_close_both_reversal_c5,2025-09,0.025773761713520638
q40_edge33_edge20_next_0934_close_both_reversal_c5,2025-10,0.18764397576709835
q40_edge33_edge20_next_0934_close_both_reversal_c5,2025-11,-0.028581231275526253
q40_edge33_edge20_next_0934_close_both_reversal_c5,2025-12,0.0711852146290991
q40_edge33_edge20_next_0934_close_both_reversal_c5,2026-01,0.1444783313225666
q40_edge33_edge20_next_0934_close_both_reversal_c5,2026-02,0.17339814148906108
q40_edge33_edge20_next_0934_close_both_reversal_c5,2026-03,-0.04418300402078701
q40_edge33_edge20_next_0934_close_both_reversal_c5,2026-04,-0.2307800644010407
q40_edge33_edge20_next_0934_close_negative_signal_bull_c10,2024-11,0.04824438357635863
q40_edge33_edge20_next_0934_close_negative_signal_bull_c10,2024-12,-0.029600849256900208
q40_edge33_edge20_next_0934_close_negative_signal_bull_c10,2025-01,0.0
q40_edge33_edge20_next_0934_close_negative_signal_bull_c10,2025-02,-0.06910158980469605
q40_edge33_edge20_next_0934_close_negative_signal_bull_c10,2025-03,0.0762024744879577
q40_edge33_edge20_next_0934_close_negative_signal_bull_c10,2025-04,-0.14525295922840853
q40_edge33_edge20_next_0934_close_negative_signal_bull_c10,2025-05,0.10337349547794916
q40_edge33_edge20_next_0934_close_negative_signal_bull_c10,2025-06,0.06331866192060365
q40_edge33_edge20_next_0934_close_negative_signal_bull_c10,2025-07,-0.034909107814055984
q40_edge33_edge20_next_0934_close_negative_signal_bull_c10,2025-08,-0.11251401687872387
q40_edge33_edge20_next_0934_close_negative_signal_bull_c10,2025-09,0.0
q40_edge33_edge20_next_0934_close_negative_signal_bull_c10,2025-10,0.13323947654081114
q40_edge33_edge20_next_0934_close_negative_signal_bull_c10,2025-11,-0.03258123127552626
q40_edge33_edge20_next_0934_close_negative_signal_bull_c10,2025-12,-0.0034791387909013354
q40_edge33_edge20_next_0934_close_negative_signal_bull_c10,2026-01,0.1795940139907437
q40_edge33_edge20_next_0934_close_negative_signal_bull_c10,2026-02,0.03955014289462788
q40_edge33_edge20_next_0934_close_negative_signal_bull_c10,2026-03,0.03457883722913646
q40_edge33_edge20_next_0934_close_negative_signal_bull_c10,2026-04,0.0
q40_edge33_edge20_next_0934_close_negative_signal_bull_c5,2024-11,0.05024438357635863
q40_edge33_edge20_next_0934_close_negative_signal_bull_c5,2024-12,-0.028600849256900207
q40_edge33_edge20_next_0934_close_negative_signal_bull_c5,2025-01,0.0
q40_edge33_edge20_next_0934_close_negative_signal_bull_c5,2025-02,-0.06610158980469605
q40_edge33_edge20_next_0934_close_negative_signal_bull_c5,2025-03,0.0812024744879577
q40_edge33_edge20_next_0934_close_negative_signal_bull_c5,2025-04,-0.14425295922840853
q40_edge33_edge20_next_0934_close_negative_signal_bull_c5,2025-05,0.10637349547794916
q40_edge33_edge20_next_0934_close_negative_signal_bull_c5,2025-06,0.06531866192060365
q40_edge33_edge20_next_0934_close_negative_signal_bull_c5,2025-07,-0.03290910781405598
q40_edge33_edge20_next_0934_close_negative_signal_bull_c5,2025-08,-0.10951401687872386
q40_edge33_edge20_next_0934_close_negative_signal_bull_c5,2025-09,0.0
q40_edge33_edge20_next_0934_close_negative_signal_bull_c5,2025-10,0.13623947654081114
q40_edge33_edge20_next_0934_close_negative_signal_bull_c5,2025-11,-0.028581231275526253
q40_edge33_edge20_next_0934_close_negative_signal_bull_c5,2025-12,-0.0024791387909013354
q40_edge33_edge20_next_0934_close_negative_signal_bull_c5,2026-01,0.1835940139907437
q40_edge33_edge20_next_0934_close_negative_signal_bull_c5,2026-02,0.04555014289462789
q40_edge33_edge20_next_0934_close_negative_signal_bull_c5,2026-03,0.04357883722913647
q40_edge33_edge20_next_0934_close_negative_signal_bull_c5,2026-04,0.0
q40_edge33_edge20_next_0934_close_positive_signal_inverse_c10,2024-11,0.07985917994199498
q40_edge33_edge20_next_0934_close_positive_signal_inverse_c10,2024-12,-0.02665841404874691
q40_edge33_edge20_next_0934_close_positive_signal_inverse_c10,2025-01,0.010771678243334028
q40_edge33_edge20_next_0934_close_positive_signal_inverse_c10,2025-02,-0.08534221492289062
q40_edge33_edge20_next_0934_close_positive_signal_inverse_c10,2025-03,0.05253604082748631
q40_edge33_edge20_next_0934_close_positive_signal_inverse_c10,2025-04,0.231517095706118
q40_edge33_edge20_next_0934_close_positive_signal_inverse_c10,2025-05,0.009339773204536385
q40_edge33_edge20_next_0934_close_positive_signal_inverse_c10,2025-06,-0.030745577405580364
q40_edge33_edge20_next_0934_close_positive_signal_inverse_c10,2025-07,0.09431516378249882
q40_edge33_edge20_next_0934_close_positive_signal_inverse_c10,2025-08,0.0314871184210489
q40_edge33_edge20_next_0934_close_positive_signal_inverse_c10,2025-09,0.024773761713520637
q40_edge33_edge20_next_0934_close_positive_signal_inverse_c10,2025-10,0.0474044992262872
q40_edge33_edge20_next_0934_close_positive_signal_inverse_c10,2025-11,0.0
q40_edge33_edge20_next_0934_close_positive_signal_inverse_c10,2025-12,0.06966435342000044
q40_edge33_edge20_next_0934_close_positive_signal_inverse_c10,2026-01,-0.04211568266817711
q40_edge33_edge20_next_0934_close_positive_signal_inverse_c10,2026-02,0.12084799859443318
q40_edge33_edge20_next_0934_close_positive_signal_inverse_c10,2026-03,-0.09176184124992348
q40_edge33_edge20_next_0934_close_positive_signal_inverse_c10,2026-04,-0.2327800644010407
q40_edge33_edge20_next_0934_close_positive_signal_inverse_c5,2024-11,0.08185917994199499
q40_edge33_edge20_next_0934_close_positive_signal_inverse_c5,2024-12,-0.024658414048746913
q40_edge33_edge20_next_0934_close_positive_signal_inverse_c5,2025-01,0.011771678243334027
q40_edge33_edge20_next_0934_close_positive_signal_inverse_c5,2025-02,-0.08034221492289062
q40_edge33_edge20_next_0934_close_positive_signal_inverse_c5,2025-03,0.05553604082748631
q40_edge33_edge20_next_0934_close_positive_signal_inverse_c5,2025-04,0.239517095706118
q40_edge33_edge20_next_0934_close_positive_signal_inverse_c5,2025-05,0.010339773204536384
q40_edge33_edge20_next_0934_close_positive_signal_inverse_c5,2025-06,-0.024745577405580366
q40_edge33_edge20_next_0934_close_positive_signal_inverse_c5,2025-07,0.09731516378249883
q40_edge33_edge20_next_0934_close_positive_signal_inverse_c5,2025-08,0.0344871184210489
q40_edge33_edge20_next_0934_close_positive_signal_inverse_c5,2025-09,0.025773761713520638
q40_edge33_edge20_next_0934_close_positive_signal_inverse_c5,2025-10,0.051404499226287204
q40_edge33_edge20_next_0934_close_positive_signal_inverse_c5,2025-11,0.0
q40_edge33_edge20_next_0934_close_positive_signal_inverse_c5,2025-12,0.07366435342000044
q40_edge33_edge20_next_0934_close_positive_signal_inverse_c5,2026-01,-0.03911568266817711
q40_edge33_edge20_next_0934_close_positive_signal_inverse_c5,2026-02,0.1278479985944332
q40_edge33_edge20_next_0934_close_positive_signal_inverse_c5,2026-03,-0.08776184124992348
q40_edge33_edge20_next_0934_close_positive_signal_inverse_c5,2026-04,-0.2307800644010407
q40_edge33_edge20_next_open_both_reversal_c10,2024-11,0.07087673645778025
q40_edge33_edge20_next_open_both_reversal_c10,2024-12,-0.06872886255221511
q40_edge33_edge20_next_open_both_reversal_c10,2025-01,-0.016116065426842963
q40_edge33_edge20_next_open_both_reversal_c10,2025-02,-0.13310128885750838
q40_edge33_edge20_next_open_both_reversal_c10,2025-03,0.1019593551244583
q40_edge33_edge20_next_open_both_reversal_c10,2025-04,0.07804753019947841
q40_edge33_edge20_next_open_both_reversal_c10,2025-05,0.07147064353408294
q40_edge33_edge20_next_open_both_reversal_c10,2025-06,-0.0008159615576345258
q40_edge33_edge20_next_open_both_reversal_c10,2025-07,0.034136837936672104
q40_edge33_edge20_next_open_both_reversal_c10,2025-08,-0.06818961845809057
q40_edge33_edge20_next_open_both_reversal_c10,2025-09,0.016741633199464534
q40_edge33_edge20_next_open_both_reversal_c10,2025-10,0.2170484092811038
q40_edge33_edge20_next_open_both_reversal_c10,2025-11,-0.04839714725973998
q40_edge33_edge20_next_open_both_reversal_c10,2025-12,0.029864419175443028
q40_edge33_edge20_next_open_both_reversal_c10,2026-01,0.18007425418477596
q40_edge33_edge20_next_open_both_reversal_c10,2026-02,0.21745689805343238
q40_edge33_edge20_next_open_both_reversal_c10,2026-03,-0.04924383577067515
q40_edge33_edge20_next_open_both_reversal_c10,2026-04,-0.20143528729001936
q40_edge33_edge20_next_open_both_reversal_c5,2024-11,0.07487673645778026
q40_edge33_edge20_next_open_both_reversal_c5,2024-12,-0.0657288625522151
q40_edge33_edge20_next_open_both_reversal_c5,2025-01,-0.015116065426842962
q40_edge33_edge20_next_open_both_reversal_c5,2025-02,-0.12510128885750837
q40_edge33_edge20_next_open_both_reversal_c5,2025-03,0.10995935512445831
q40_edge33_edge20_next_open_both_reversal_c5,2025-04,0.08704753019947842
q40_edge33_edge20_next_open_both_reversal_c5,2025-05,0.07547064353408295
q40_edge33_edge20_next_open_both_reversal_c5,2025-06,0.007184038442365481
q40_edge33_edge20_next_open_both_reversal_c5,2025-07,0.03913683793667211
q40_edge33_edge20_next_open_both_reversal_c5,2025-08,-0.06218961845809057
q40_edge33_edge20_next_open_both_reversal_c5,2025-09,0.017741633199464535
q40_edge33_edge20_next_open_both_reversal_c5,2025-10,0.2240484092811038
q40_edge33_edge20_next_open_both_reversal_c5,2025-11,-0.04439714725973998
q40_edge33_edge20_next_open_both_reversal_c5,2025-12,0.03486441917544303
q40_edge33_edge20_next_open_both_reversal_c5,2026-01,0.18707425418477597
q40_edge33_edge20_next_open_both_reversal_c5,2026-02,0.2304568980534324
q40_edge33_edge20_next_open_both_reversal_c5,2026-03,-0.03624383577067514
q40_edge33_edge20_next_open_both_reversal_c5,2026-04,-0.19943528729001936
q40_edge33_edge20_next_open_negative_signal_bull_c10,2024-11,0.028665940708687332
q40_edge33_edge20_next_open_negative_signal_bull_c10,2024-12,-0.022741466601339133
q40_edge33_edge20_next_open_negative_signal_bull_c10,2025-01,0.0
q40_edge33_edge20_next_open_negative_signal_bull_c10,2025-02,-0.06124422714154343
q40_edge33_edge20_next_open_negative_signal_bull_c10,2025-03,0.04221595565549563
q40_edge33_edge20_next_open_negative_signal_bull_c10,2025-04,-0.12080754055238918
q40_edge33_edge20_next_open_negative_signal_bull_c10,2025-05,0.04953112232450663
q40_edge33_edge20_next_open_negative_signal_bull_c10,2025-06,0.04811002589643354
q40_edge33_edge20_next_open_negative_signal_bull_c10,2025-07,-0.02808996121299978
q40_edge33_edge20_next_open_negative_signal_bull_c10,2025-08,-0.08620480165642208
q40_edge33_edge20_next_open_negative_signal_bull_c10,2025-09,0.0
q40_edge33_edge20_next_open_negative_signal_bull_c10,2025-10,0.14224656045641315
q40_edge33_edge20_next_open_negative_signal_bull_c10,2025-11,-0.04839714725973998
q40_edge33_edge20_next_open_negative_signal_bull_c10,2025-12,-0.010636418927137735
q40_edge33_edge20_next_open_negative_signal_bull_c10,2026-01,0.20055474074270085
q40_edge33_edge20_next_open_negative_signal_bull_c10,2026-02,0.029731823408767455
q40_edge33_edge20_next_open_negative_signal_bull_c10,2026-03,-0.006595696013739549
q40_edge33_edge20_next_open_negative_signal_bull_c10,2026-04,0.0
q40_edge33_edge20_next_open_negative_signal_bull_c5,2024-11,0.030665940708687334
q40_edge33_edge20_next_open_negative_signal_bull_c5,2024-12,-0.021741466601339132
q40_edge33_edge20_next_open_negative_signal_bull_c5,2025-01,0.0
q40_edge33_edge20_next_open_negative_signal_bull_c5,2025-02,-0.058244227141543425
q40_edge33_edge20_next_open_negative_signal_bull_c5,2025-03,0.047215955655495634
q40_edge33_edge20_next_open_negative_signal_bull_c5,2025-04,-0.11980754055238918
q40_edge33_edge20_next_open_negative_signal_bull_c5,2025-05,0.05253112232450663
q40_edge33_edge20_next_open_negative_signal_bull_c5,2025-06,0.05011002589643354
q40_edge33_edge20_next_open_negative_signal_bull_c5,2025-07,-0.02608996121299978
q40_edge33_edge20_next_open_negative_signal_bull_c5,2025-08,-0.08320480165642208
q40_edge33_edge20_next_open_negative_signal_bull_c5,2025-09,0.0
q40_edge33_edge20_next_open_negative_signal_bull_c5,2025-10,0.14524656045641315
q40_edge33_edge20_next_open_negative_signal_bull_c5,2025-11,-0.04439714725973998
q40_edge33_edge20_next_open_negative_signal_bull_c5,2025-12,-0.009636418927137735
q40_edge33_edge20_next_open_negative_signal_bull_c5,2026-01,0.20455474074270086
q40_edge33_edge20_next_open_negative_signal_bull_c5,2026-02,0.03573182340876746
q40_edge33_edge20_next_open_negative_signal_bull_c5,2026-03,0.0024043039862604587
q40_edge33_edge20_next_open_negative_signal_bull_c5,2026-04,0.0
q40_edge33_edge20_next_open_positive_signal_inverse_c10,2024-11,0.04221079574909292
q40_edge33_edge20_next_open_positive_signal_inverse_c10,2024-12,-0.045987395950875976
q40_edge33_edge20_next_open_positive_signal_inverse_c10,2025-01,-0.016116065426842963
q40_edge33_edge20_next_open_positive_signal_inverse_c10,2025-02,-0.07185706171596495
q40_edge33_edge20_next_open_positive_signal_inverse_c10,2025-03,0.05974339946896268
q40_edge33_edge20_next_open_positive_signal_inverse_c10,2025-04,0.1988550707518676
q40_edge33_edge20_next_open_positive_signal_inverse_c10,2025-05,0.021939521209576318
q40_edge33_edge20_next_open_positive_signal_inverse_c10,2025-06,-0.048925987454068065
q40_edge33_edge20_next_open_positive_signal_inverse_c10,2025-07,0.062226799149671885
q40_edge33_edge20_next_open_positive_signal_inverse_c10,2025-08,0.018015183198331508
q40_edge33_edge20_next_open_positive_signal_inverse_c10,2025-09,0.016741633199464534
q40_edge33_edge20_next_open_positive_signal_inverse_c10,2025-10,0.07480184882469065
q40_edge33_edge20_next_open_positive_signal_inverse_c10,2025-11,0.0
q40_edge33_edge20_next_open_positive_signal_inverse_c10,2025-12,0.04050083810258076
q40_edge33_edge20_next_open_positive_signal_inverse_c10,2026-01,-0.020480486557924893
q40_edge33_edge20_next_open_positive_signal_inverse_c10,2026-02,0.18772507464466492
q40_edge33_edge20_next_open_positive_signal_inverse_c10,2026-03,-0.0426481397569356
q40_edge33_edge20_next_open_positive_signal_inverse_c10,2026-04,-0.20143528729001936
q40_edge33_edge20_next_open_positive_signal_inverse_c5,2024-11,0.044210795749092924
q40_edge33_edge20_next_open_positive_signal_inverse_c5,2024-12,-0.043987395950875974
q40_edge33_edge20_next_open_positive_signal_inverse_c5,2025-01,-0.015116065426842962
q40_edge33_edge20_next_open_positive_signal_inverse_c5,2025-02,-0.06685706171596495
q40_edge33_edge20_next_open_positive_signal_inverse_c5,2025-03,0.06274339946896268
q40_edge33_edge20_next_open_positive_signal_inverse_c5,2025-04,0.2068550707518676
q40_edge33_edge20_next_open_positive_signal_inverse_c5,2025-05,0.02293952120957632
q40_edge33_edge20_next_open_positive_signal_inverse_c5,2025-06,-0.04292598745406806
q40_edge33_edge20_next_open_positive_signal_inverse_c5,2025-07,0.06522679914967189
q40_edge33_edge20_next_open_positive_signal_inverse_c5,2025-08,0.02101518319833151
q40_edge33_edge20_next_open_positive_signal_inverse_c5,2025-09,0.017741633199464535
q40_edge33_edge20_next_open_positive_signal_inverse_c5,2025-10,0.07880184882469066
q40_edge33_edge20_next_open_positive_signal_inverse_c5,2025-11,0.0
q40_edge33_edge20_next_open_positive_signal_inverse_c5,2025-12,0.044500838102580764
q40_edge33_edge20_next_open_positive_signal_inverse_c5,2026-01,-0.01748048655792489
q40_edge33_edge20_next_open_positive_signal_inverse_c5,2026-02,0.19472507464466493
q40_edge33_edge20_next_open_positive_signal_inverse_c5,2026-03,-0.038648139756935596
q40_edge33_edge20_next_open_positive_signal_inverse_c5,2026-04,-0.19943528729001936
q40_edge33_edge40_next_0934_close_both_reversal_c10,2024-11,0.09726974974578095
q40_edge33_edge40_next_0934_close_both_reversal_c10,2024-12,0.015523066930062559
q40_edge33_edge40_next_0934_close_both_reversal_c10,2025-01,0.010771678243334028
q40_edge33_edge40_next_0934_close_both_reversal_c10,2025-02,-0.08773804476920821
q40_edge33_edge40_next_0934_close_both_reversal_c10,2025-03,0.128738515315444
q40_edge33_edge40_next_0934_close_both_reversal_c10,2025-04,0.08626413647770947
q40_edge33_edge40_next_0934_close_both_reversal_c10,2025-05,0.10341711802325504
q40_edge33_edge40_next_0934_close_both_reversal_c10,2025-06,0.017257497410616225
q40_edge33_edge40_next_0934_close_both_reversal_c10,2025-07,-0.02112784646059962
q40_edge33_edge40_next_0934_close_both_reversal_c10,2025-08,-0.10829721203881393
q40_edge33_edge40_next_0934_close_both_reversal_c10,2025-09,0.030858000843955402
q40_edge33_edge40_next_0934_close_both_reversal_c10,2025-10,0.03297811194628952
q40_edge33_edge40_next_0934_close_both_reversal_c10,2025-11,0.08155313583341484
q40_edge33_edge40_next_0934_close_both_reversal_c10,2025-12,0.03608533391504909
q40_edge33_edge40_next_0934_close_both_reversal_c10,2026-01,0.1374783313225666
q40_edge33_edge40_next_0934_close_both_reversal_c10,2026-02,0.16039814148906106
q40_edge33_edge40_next_0934_close_both_reversal_c10,2026-03,-0.05718300402078702
q40_edge33_edge40_next_0934_close_both_reversal_c10,2026-04,-0.3044779621457232
q40_edge33_edge40_next_0934_close_both_reversal_c5,2024-11,0.10326974974578096
q40_edge33_edge40_next_0934_close_both_reversal_c5,2024-12,0.01852306693006256
q40_edge33_edge40_next_0934_close_both_reversal_c5,2025-01,0.011771678243334027
q40_edge33_edge40_next_0934_close_both_reversal_c5,2025-02,-0.08473804476920821
q40_edge33_edge40_next_0934_close_both_reversal_c5,2025-03,0.136738515315444
q40_edge33_edge40_next_0934_close_both_reversal_c5,2025-04,0.09526413647770948
q40_edge33_edge40_next_0934_close_both_reversal_c5,2025-05,0.10941711802325504
q40_edge33_edge40_next_0934_close_both_reversal_c5,2025-06,0.026257497410616226
q40_edge33_edge40_next_0934_close_both_reversal_c5,2025-07,-0.013127846460599613
q40_edge33_edge40_next_0934_close_both_reversal_c5,2025-08,-0.10129721203881392
q40_edge33_edge40_next_0934_close_both_reversal_c5,2025-09,0.032858000843955404
q40_edge33_edge40_next_0934_close_both_reversal_c5,2025-10,0.035978111946289526
q40_edge33_edge40_next_0934_close_both_reversal_c5,2025-11,0.09255313583341485
q40_edge33_edge40_next_0934_close_both_reversal_c5,2025-12,0.044085333915049096
q40_edge33_edge40_next_0934_close_both_reversal_c5,2026-01,0.1444783313225666
q40_edge33_edge40_next_0934_close_both_reversal_c5,2026-02,0.17339814148906108
q40_edge33_edge40_next_0934_close_both_reversal_c5,2026-03,-0.04418300402078701
q40_edge33_edge40_next_0934_close_both_reversal_c5,2026-04,-0.3004779621457232
q40_edge33_edge40_next_0934_close_negative_signal_bull_c10,2024-11,0.04940246279122018
q40_edge33_edge40_next_0934_close_negative_signal_bull_c10,2024-12,0.03013345023913583
q40_edge33_edge40_next_0934_close_negative_signal_bull_c10,2025-01,0.0
q40_edge33_edge40_next_0934_close_negative_signal_bull_c10,2025-02,-0.03813138686131379
q40_edge33_edge40_next_0934_close_negative_signal_bull_c10,2025-03,0.0762024744879577
q40_edge33_edge40_next_0934_close_negative_signal_bull_c10,2025-04,-0.14525295922840853
q40_edge33_edge40_next_0934_close_negative_signal_bull_c10,2025-05,0.09407734481871866
q40_edge33_edge40_next_0934_close_negative_signal_bull_c10,2025-06,0.04800307481619659
q40_edge33_edge40_next_0934_close_negative_signal_bull_c10,2025-07,-0.09326131911801128
q40_edge33_edge40_next_0934_close_negative_signal_bull_c10,2025-08,-0.09769743494677241
q40_edge33_edge40_next_0934_close_negative_signal_bull_c10,2025-09,0.0
q40_edge33_edge40_next_0934_close_negative_signal_bull_c10,2025-10,0.02885376162299247
q40_edge33_edge40_next_0934_close_negative_signal_bull_c10,2025-11,0.011435794248443995
q40_edge33_edge40_next_0934_close_negative_signal_bull_c10,2025-12,-0.008053305837911858
q40_edge33_edge40_next_0934_close_negative_signal_bull_c10,2026-01,0.1795940139907437
q40_edge33_edge40_next_0934_close_negative_signal_bull_c10,2026-02,0.03955014289462788
q40_edge33_edge40_next_0934_close_negative_signal_bull_c10,2026-03,0.03457883722913646
q40_edge33_edge40_next_0934_close_negative_signal_bull_c10,2026-04,0.0
q40_edge33_edge40_next_0934_close_negative_signal_bull_c5,2024-11,0.05240246279122018
q40_edge33_edge40_next_0934_close_negative_signal_bull_c5,2024-12,0.03213345023913583
q40_edge33_edge40_next_0934_close_negative_signal_bull_c5,2025-01,0.0
q40_edge33_edge40_next_0934_close_negative_signal_bull_c5,2025-02,-0.037131386861313787
q40_edge33_edge40_next_0934_close_negative_signal_bull_c5,2025-03,0.0812024744879577
q40_edge33_edge40_next_0934_close_negative_signal_bull_c5,2025-04,-0.14425295922840853
q40_edge33_edge40_next_0934_close_negative_signal_bull_c5,2025-05,0.09907734481871866
q40_edge33_edge40_next_0934_close_negative_signal_bull_c5,2025-06,0.05100307481619659
q40_edge33_edge40_next_0934_close_negative_signal_bull_c5,2025-07,-0.08926131911801127
q40_edge33_edge40_next_0934_close_negative_signal_bull_c5,2025-08,-0.0936974349467724
q40_edge33_edge40_next_0934_close_negative_signal_bull_c5,2025-09,0.0
q40_edge33_edge40_next_0934_close_negative_signal_bull_c5,2025-10,0.02985376162299247
q40_edge33_edge40_next_0934_close_negative_signal_bull_c5,2025-11,0.018435794248443993
q40_edge33_edge40_next_0934_close_negative_signal_bull_c5,2025-12,-0.006053305837911858
q40_edge33_edge40_next_0934_close_negative_signal_bull_c5,2026-01,0.1835940139907437
q40_edge33_edge40_next_0934_close_negative_signal_bull_c5,2026-02,0.04555014289462789
q40_edge33_edge40_next_0934_close_negative_signal_bull_c5,2026-03,0.04357883722913647
q40_edge33_edge40_next_0934_close_negative_signal_bull_c5,2026-04,0.0
q40_edge33_edge40_next_0934_close_positive_signal_inverse_c10,2024-11,0.04786728695456077
q40_edge33_edge40_next_0934_close_positive_signal_inverse_c10,2024-12,-0.01461038330907327
q40_edge33_edge40_next_0934_close_positive_signal_inverse_c10,2025-01,0.010771678243334028
q40_edge33_edge40_next_0934_close_positive_signal_inverse_c10,2025-02,-0.049606657907894425
q40_edge33_edge40_next_0934_close_positive_signal_inverse_c10,2025-03,0.05253604082748631
q40_edge33_edge40_next_0934_close_positive_signal_inverse_c10,2025-04,0.231517095706118
q40_edge33_edge40_next_0934_close_positive_signal_inverse_c10,2025-05,0.009339773204536385
q40_edge33_edge40_next_0934_close_positive_signal_inverse_c10,2025-06,-0.030745577405580364
q40_edge33_edge40_next_0934_close_positive_signal_inverse_c10,2025-07,0.07213347265741166
q40_edge33_edge40_next_0934_close_positive_signal_inverse_c10,2025-08,-0.010599777092041518
q40_edge33_edge40_next_0934_close_positive_signal_inverse_c10,2025-09,0.030858000843955402
q40_edge33_edge40_next_0934_close_positive_signal_inverse_c10,2025-10,0.004124350323297058
q40_edge33_edge40_next_0934_close_positive_signal_inverse_c10,2025-11,0.07011734158497085
q40_edge33_edge40_next_0934_close_positive_signal_inverse_c10,2025-12,0.04413863975296095
q40_edge33_edge40_next_0934_close_positive_signal_inverse_c10,2026-01,-0.04211568266817711
q40_edge33_edge40_next_0934_close_positive_signal_inverse_c10,2026-02,0.12084799859443318
q40_edge33_edge40_next_0934_close_positive_signal_inverse_c10,2026-03,-0.09176184124992348
q40_edge33_edge40_next_0934_close_positive_signal_inverse_c10,2026-04,-0.3044779621457232
q40_edge33_edge40_next_0934_close_positive_signal_inverse_c5,2024-11,0.050867286954560775
q40_edge33_edge40_next_0934_close_positive_signal_inverse_c5,2024-12,-0.01361038330907327
q40_edge33_edge40_next_0934_close_positive_signal_inverse_c5,2025-01,0.011771678243334027
q40_edge33_edge40_next_0934_close_positive_signal_inverse_c5,2025-02,-0.04760665790789442
q40_edge33_edge40_next_0934_close_positive_signal_inverse_c5,2025-03,0.05553604082748631
q40_edge33_edge40_next_0934_close_positive_signal_inverse_c5,2025-04,0.239517095706118
q40_edge33_edge40_next_0934_close_positive_signal_inverse_c5,2025-05,0.010339773204536384
q40_edge33_edge40_next_0934_close_positive_signal_inverse_c5,2025-06,-0.024745577405580366
q40_edge33_edge40_next_0934_close_positive_signal_inverse_c5,2025-07,0.07613347265741166
q40_edge33_edge40_next_0934_close_positive_signal_inverse_c5,2025-08,-0.007599777092041515
q40_edge33_edge40_next_0934_close_positive_signal_inverse_c5,2025-09,0.032858000843955404
q40_edge33_edge40_next_0934_close_positive_signal_inverse_c5,2025-10,0.006124350323297056
q40_edge33_edge40_next_0934_close_positive_signal_inverse_c5,2025-11,0.07411734158497085
q40_edge33_edge40_next_0934_close_positive_signal_inverse_c5,2025-12,0.050138639752960956
q40_edge33_edge40_next_0934_close_positive_signal_inverse_c5,2026-01,-0.03911568266817711
q40_edge33_edge40_next_0934_close_positive_signal_inverse_c5,2026-02,0.1278479985944332
q40_edge33_edge40_next_0934_close_positive_signal_inverse_c5,2026-03,-0.08776184124992348
q40_edge33_edge40_next_0934_close_positive_signal_inverse_c5,2026-04,-0.3004779621457232
q40_edge33_edge40_next_open_both_reversal_c10,2024-11,0.02098629990524104
q40_edge33_edge40_next_open_both_reversal_c10,2024-12,0.01841410062622617
q40_edge33_edge40_next_open_both_reversal_c10,2025-01,-0.016116065426842963
q40_edge33_edge40_next_open_both_reversal_c10,2025-02,-0.08231652630809982
q40_edge33_edge40_next_open_both_reversal_c10,2025-03,0.1019593551244583
q40_edge33_edge40_next_open_both_reversal_c10,2025-04,0.07804753019947841
q40_edge33_edge40_next_open_both_reversal_c10,2025-05,0.05751355483683651
q40_edge33_edge40_next_open_both_reversal_c10,2025-06,-0.0013371091471051644
q40_edge33_edge40_next_open_both_reversal_c10,2025-07,-0.021050458667500098
q40_edge33_edge40_next_open_both_reversal_c10,2025-08,-0.07957805125553863
q40_edge33_edge40_next_open_both_reversal_c10,2025-09,0.010665546242942693
q40_edge33_edge40_next_open_both_reversal_c10,2025-10,0.0622957875544754
q40_edge33_edge40_next_open_both_reversal_c10,2025-11,0.04038901974310405
q40_edge33_edge40_next_open_both_reversal_c10,2025-12,0.014389835688656049
q40_edge33_edge40_next_open_both_reversal_c10,2026-01,0.18007425418477596
q40_edge33_edge40_next_open_both_reversal_c10,2026-02,0.21745689805343238
q40_edge33_edge40_next_open_both_reversal_c10,2026-03,-0.04924383577067515
q40_edge33_edge40_next_open_both_reversal_c10,2026-04,-0.2494360549834791
q40_edge33_edge40_next_open_both_reversal_c5,2024-11,0.02698629990524104
q40_edge33_edge40_next_open_both_reversal_c5,2024-12,0.021414100626226173
q40_edge33_edge40_next_open_both_reversal_c5,2025-01,-0.015116065426842962
q40_edge33_edge40_next_open_both_reversal_c5,2025-02,-0.07931652630809982
q40_edge33_edge40_next_open_both_reversal_c5,2025-03,0.10995935512445831
q40_edge33_edge40_next_open_both_reversal_c5,2025-04,0.08704753019947842
q40_edge33_edge40_next_open_both_reversal_c5,2025-05,0.06351355483683652
q40_edge33_edge40_next_open_both_reversal_c5,2025-06,0.007662890852894844
q40_edge33_edge40_next_open_both_reversal_c5,2025-07,-0.013050458667500098
q40_edge33_edge40_next_open_both_reversal_c5,2025-08,-0.07257805125553862
q40_edge33_edge40_next_open_both_reversal_c5,2025-09,0.012665546242942693
q40_edge33_edge40_next_open_both_reversal_c5,2025-10,0.0652957875544754
q40_edge33_edge40_next_open_both_reversal_c5,2025-11,0.05138901974310406
q40_edge33_edge40_next_open_both_reversal_c5,2025-12,0.022389835688656046
q40_edge33_edge40_next_open_both_reversal_c5,2026-01,0.18707425418477597
q40_edge33_edge40_next_open_both_reversal_c5,2026-02,0.2304568980534324
q40_edge33_edge40_next_open_both_reversal_c5,2026-03,-0.03624383577067514
q40_edge33_edge40_next_open_both_reversal_c5,2026-04,-0.2454360549834791
q40_edge33_edge40_next_open_negative_signal_bull_c10,2024-11,0.016851710074267334
q40_edge33_edge40_next_open_negative_signal_bull_c10,2024-12,0.04030735632734206
q40_edge33_edge40_next_open_negative_signal_bull_c10,2025-01,0.0
q40_edge33_edge40_next_open_negative_signal_bull_c10,2025-02,-0.04652554744525539
q40_edge33_edge40_next_open_negative_signal_bull_c10,2025-03,0.04221595565549563
q40_edge33_edge40_next_open_negative_signal_bull_c10,2025-04,-0.12080754055238918
q40_edge33_edge40_next_open_negative_signal_bull_c10,2025-05,0.03557403362726019
q40_edge33_edge40_next_open_negative_signal_bull_c10,2025-06,0.0475888783069629
q40_edge33_edge40_next_open_negative_signal_bull_c10,2025-07,-0.07359032560193812
q40_edge33_edge40_next_open_negative_signal_bull_c10,2025-08,-0.062393303807380285
q40_edge33_edge40_next_open_negative_signal_bull_c10,2025-09,0.0
q40_edge33_edge40_next_open_negative_signal_bull_c10,2025-10,0.028642434488588497
q40_edge33_edge40_next_open_negative_signal_bull_c10,2025-11,-0.04043756304829615
q40_edge33_edge40_next_open_negative_signal_bull_c10,2025-12,0.0010559589824925587
q40_edge33_edge40_next_open_negative_signal_bull_c10,2026-01,0.20055474074270085
q40_edge33_edge40_next_open_negative_signal_bull_c10,2026-02,0.029731823408767455
q40_edge33_edge40_next_open_negative_signal_bull_c10,2026-03,-0.006595696013739549
q40_edge33_edge40_next_open_negative_signal_bull_c10,2026-04,0.0
q40_edge33_edge40_next_open_negative_signal_bull_c5,2024-11,0.019851710074267337
q40_edge33_edge40_next_open_negative_signal_bull_c5,2024-12,0.04230735632734206
q40_edge33_edge40_next_open_negative_signal_bull_c5,2025-01,0.0
q40_edge33_edge40_next_open_negative_signal_bull_c5,2025-02,-0.04552554744525539
q40_edge33_edge40_next_open_negative_signal_bull_c5,2025-03,0.047215955655495634
q40_edge33_edge40_next_open_negative_signal_bull_c5,2025-04,-0.11980754055238918
q40_edge33_edge40_next_open_negative_signal_bull_c5,2025-05,0.0405740336272602
q40_edge33_edge40_next_open_negative_signal_bull_c5,2025-06,0.0505888783069629
q40_edge33_edge40_next_open_negative_signal_bull_c5,2025-07,-0.06959032560193812
q40_edge33_edge40_next_open_negative_signal_bull_c5,2025-08,-0.05839330380738028
q40_edge33_edge40_next_open_negative_signal_bull_c5,2025-09,0.0
q40_edge33_edge40_next_open_negative_signal_bull_c5,2025-10,0.0296424344885885
q40_edge33_edge40_next_open_negative_signal_bull_c5,2025-11,-0.03343756304829615
q40_edge33_edge40_next_open_negative_signal_bull_c5,2025-12,0.003055958982492557
q40_edge33_edge40_next_open_negative_signal_bull_c5,2026-01,0.20455474074270086
q40_edge33_edge40_next_open_negative_signal_bull_c5,2026-02,0.03573182340876746
q40_edge33_edge40_next_open_negative_signal_bull_c5,2026-03,0.0024043039862604587
q40_edge33_edge40_next_open_negative_signal_bull_c5,2026-04,0.0
q40_edge33_edge40_next_open_positive_signal_inverse_c10,2024-11,0.004134589830973702
q40_edge33_edge40_next_open_positive_signal_inverse_c10,2024-12,-0.021893255701115888
q40_edge33_edge40_next_open_positive_signal_inverse_c10,2025-01,-0.016116065426842963
q40_edge33_edge40_next_open_positive_signal_inverse_c10,2025-02,-0.035790978862844436
q40_edge33_edge40_next_open_positive_signal_inverse_c10,2025-03,0.05974339946896268
q40_edge33_edge40_next_open_positive_signal_inverse_c10,2025-04,0.1988550707518676
q40_edge33_edge40_next_open_positive_signal_inverse_c10,2025-05,0.021939521209576318
q40_edge33_edge40_next_open_positive_signal_inverse_c10,2025-06,-0.048925987454068065
q40_edge33_edge40_next_open_positive_signal_inverse_c10,2025-07,0.05253986693443802
q40_edge33_edge40_next_open_positive_signal_inverse_c10,2025-08,-0.017184747448158344
q40_edge33_edge40_next_open_positive_signal_inverse_c10,2025-09,0.010665546242942693
q40_edge33_edge40_next_open_positive_signal_inverse_c10,2025-10,0.033653353065886904
q40_edge33_edge40_next_open_positive_signal_inverse_c10,2025-11,0.0808265827914002
q40_edge33_edge40_next_open_positive_signal_inverse_c10,2025-12,0.013333876706163485
q40_edge33_edge40_next_open_positive_signal_inverse_c10,2026-01,-0.020480486557924893
q40_edge33_edge40_next_open_positive_signal_inverse_c10,2026-02,0.18772507464466492
q40_edge33_edge40_next_open_positive_signal_inverse_c10,2026-03,-0.0426481397569356
q40_edge33_edge40_next_open_positive_signal_inverse_c10,2026-04,-0.2494360549834791
q40_edge33_edge40_next_open_positive_signal_inverse_c5,2024-11,0.007134589830973703
q40_edge33_edge40_next_open_positive_signal_inverse_c5,2024-12,-0.020893255701115887
q40_edge33_edge40_next_open_positive_signal_inverse_c5,2025-01,-0.015116065426842962
q40_edge33_edge40_next_open_positive_signal_inverse_c5,2025-02,-0.033790978862844434
q40_edge33_edge40_next_open_positive_signal_inverse_c5,2025-03,0.06274339946896268
q40_edge33_edge40_next_open_positive_signal_inverse_c5,2025-04,0.2068550707518676
q40_edge33_edge40_next_open_positive_signal_inverse_c5,2025-05,0.02293952120957632
q40_edge33_edge40_next_open_positive_signal_inverse_c5,2025-06,-0.04292598745406806
q40_edge33_edge40_next_open_positive_signal_inverse_c5,2025-07,0.05653986693443802
q40_edge33_edge40_next_open_positive_signal_inverse_c5,2025-08,-0.014184747448158341
q40_edge33_edge40_next_open_positive_signal_inverse_c5,2025-09,0.012665546242942693
q40_edge33_edge40_next_open_positive_signal_inverse_c5,2025-10,0.035653353065886906
q40_edge33_edge40_next_open_positive_signal_inverse_c5,2025-11,0.0848265827914002
q40_edge33_edge40_next_open_positive_signal_inverse_c5,2025-12,0.01933387670616349
q40_edge33_edge40_next_open_positive_signal_inverse_c5,2026-01,-0.01748048655792489
q40_edge33_edge40_next_open_positive_signal_inverse_c5,2026-02,0.19472507464466493
q40_edge33_edge40_next_open_positive_signal_inverse_c5,2026-03,-0.038648139756935596
q40_edge33_edge40_next_open_positive_signal_inverse_c5,2026-04,-0.2454360549834791
q50_all_always_next_0934_close_both_reversal_c10,2024-11,-0.08652165554130986
q50_all_always_next_0934_close_both_reversal_c10,2024-12,-0.1008260836406717
q50_all_always_next_0934_close_both_reversal_c10,2025-01,-0.2690652696379582
q50_all_always_next_0934_close_both_reversal_c10,2025-02,-0.16524016660605112
q50_all_always_next_0934_close_both_reversal_c10,2025-03,0.4275657726743748
q50_all_always_next_0934_close_both_reversal_c10,2025-04,0.16917745443110488
q50_all_always_next_0934_close_both_reversal_c10,2025-05,0.14833440406510812
q50_all_always_next_0934_close_both_reversal_c10,2025-06,0.0164125088161653
q50_all_always_next_0934_close_both_reversal_c10,2025-07,0.029581134211203675
q50_all_always_next_0934_close_both_reversal_c10,2025-08,-0.019016035591554067
q50_all_always_next_0934_close_both_reversal_c10,2025-09,-0.162160956442702
q50_all_always_next_0934_close_both_reversal_c10,2025-10,0.24648337036710022
q50_all_always_next_0934_close_both_reversal_c10,2025-11,0.14261647356723894
q50_all_always_next_0934_close_both_reversal_c10,2025-12,0.04808933556279915
q50_all_always_next_0934_close_both_reversal_c10,2026-01,0.1374783313225666
q50_all_always_next_0934_close_both_reversal_c10,2026-02,0.19870882669044965
q50_all_always_next_0934_close_both_reversal_c10,2026-03,0.04228686851434049
q50_all_always_next_0934_close_both_reversal_c10,2026-04,-0.18492133612886963
q50_all_always_next_0934_close_both_reversal_c5,2024-11,-0.07952165554130985
q50_all_always_next_0934_close_both_reversal_c5,2024-12,-0.09282608364067169
q50_all_always_next_0934_close_both_reversal_c5,2025-01,-0.2600652696379582
q50_all_always_next_0934_close_both_reversal_c5,2025-02,-0.1522401666060511
q50_all_always_next_0934_close_both_reversal_c5,2025-03,0.4415657726743748
q50_all_always_next_0934_close_both_reversal_c5,2025-04,0.1801774544311049
q50_all_always_next_0934_close_both_reversal_c5,2025-05,0.15433440406510812
q50_all_always_next_0934_close_both_reversal_c5,2025-06,0.0244125088161653
q50_all_always_next_0934_close_both_reversal_c5,2025-07,0.03758113421120368
q50_all_always_next_0934_close_both_reversal_c5,2025-08,-0.012016035591554064
q50_all_always_next_0934_close_both_reversal_c5,2025-09,-0.150160956442702
q50_all_always_next_0934_close_both_reversal_c5,2025-10,0.26048337036710023
q50_all_always_next_0934_close_both_reversal_c5,2025-11,0.15761647356723896
q50_all_always_next_0934_close_both_reversal_c5,2025-12,0.05808933556279916
q50_all_always_next_0934_close_both_reversal_c5,2026-01,0.1444783313225666
q50_all_always_next_0934_close_both_reversal_c5,2026-02,0.21170882669044966
q50_all_always_next_0934_close_both_reversal_c5,2026-03,0.056286868514340505
q50_all_always_next_0934_close_both_reversal_c5,2026-04,-0.17392133612886962
q50_all_always_next_0934_close_negative_signal_bull_c10,2024-11,-0.016964068374091368
q50_all_always_next_0934_close_negative_signal_bull_c10,2024-12,-0.07416766959192478
q50_all_always_next_0934_close_negative_signal_bull_c10,2025-01,-0.18111041069836886
q50_all_always_next_0934_close_negative_signal_bull_c10,2025-02,-0.04392327098258153
q50_all_always_next_0934_close_negative_signal_bull_c10,2025-03,0.10824805177855912
q50_all_always_next_0934_close_negative_signal_bull_c10,2025-04,-0.062339641275013125
q50_all_always_next_0934_close_negative_signal_bull_c10,2025-05,0.15725239024573268
q50_all_always_next_0934_close_negative_signal_bull_c10,2025-06,0.028354812630620785
q50_all_always_next_0934_close_negative_signal_bull_c10,2025-07,-0.06473402957129515
q50_all_always_next_0934_close_negative_signal_bull_c10,2025-08,-0.021053341064510064
q50_all_always_next_0934_close_negative_signal_bull_c10,2025-09,0.005870265109834353
q50_all_always_next_0934_close_negative_signal_bull_c10,2025-10,0.3222221465492259
q50_all_always_next_0934_close_negative_signal_bull_c10,2025-11,0.03811406934485629
q50_all_always_next_0934_close_negative_signal_bull_c10,2025-12,0.06342196017765434
q50_all_always_next_0934_close_negative_signal_bull_c10,2026-01,0.1795940139907437
q50_all_always_next_0934_close_negative_signal_bull_c10,2026-02,0.07786082809601647
q50_all_always_next_0934_close_negative_signal_bull_c10,2026-03,0.12948538869227244
q50_all_always_next_0934_close_negative_signal_bull_c10,2026-04,0.0792128282697111
q50_all_always_next_0934_close_negative_signal_bull_c5,2024-11,-0.012964068374091364
q50_all_always_next_0934_close_negative_signal_bull_c5,2024-12,-0.06816766959192477
q50_all_always_next_0934_close_negative_signal_bull_c5,2025-01,-0.17711041069836886
q50_all_always_next_0934_close_negative_signal_bull_c5,2025-02,-0.037923270982581525
q50_all_always_next_0934_close_negative_signal_bull_c5,2025-03,0.11524805177855912
q50_all_always_next_0934_close_negative_signal_bull_c5,2025-04,-0.05933964127501312
q50_all_always_next_0934_close_negative_signal_bull_c5,2025-05,0.16125239024573268
q50_all_always_next_0934_close_negative_signal_bull_c5,2025-06,0.03135481263062079
q50_all_always_next_0934_close_negative_signal_bull_c5,2025-07,-0.059734029571295144
q50_all_always_next_0934_close_negative_signal_bull_c5,2025-08,-0.018053341064510064
q50_all_always_next_0934_close_negative_signal_bull_c5,2025-09,0.007870265109834351
q50_all_always_next_0934_close_negative_signal_bull_c5,2025-10,0.3292221465492259
q50_all_always_next_0934_close_negative_signal_bull_c5,2025-11,0.04611406934485629
q50_all_always_next_0934_close_negative_signal_bull_c5,2025-12,0.06642196017765434
q50_all_always_next_0934_close_negative_signal_bull_c5,2026-01,0.1835940139907437
q50_all_always_next_0934_close_negative_signal_bull_c5,2026-02,0.08386082809601647
q50_all_always_next_0934_close_negative_signal_bull_c5,2026-03,0.13848538869227245
q50_all_always_next_0934_close_negative_signal_bull_c5,2026-04,0.0812128282697111
q50_all_always_next_0934_close_positive_signal_inverse_c10,2024-11,-0.0695575871672185
q50_all_always_next_0934_close_positive_signal_inverse_c10,2024-12,-0.02665841404874691
q50_all_always_next_0934_close_positive_signal_inverse_c10,2025-01,-0.08795485893958932
q50_all_always_next_0934_close_positive_signal_inverse_c10,2025-02,-0.12131689562346959
q50_all_always_next_0934_close_positive_signal_inverse_c10,2025-03,0.31931772089581567
q50_all_always_next_0934_close_positive_signal_inverse_c10,2025-04,0.231517095706118
q50_all_always_next_0934_close_positive_signal_inverse_c10,2025-05,-0.008917986180624558
q50_all_always_next_0934_close_positive_signal_inverse_c10,2025-06,-0.011942303814455484
q50_all_always_next_0934_close_positive_signal_inverse_c10,2025-07,0.09431516378249882
q50_all_always_next_0934_close_positive_signal_inverse_c10,2025-08,0.0020373054729559987
q50_all_always_next_0934_close_positive_signal_inverse_c10,2025-09,-0.16803122155253636
q50_all_always_next_0934_close_positive_signal_inverse_c10,2025-10,-0.07573877618212566
q50_all_always_next_0934_close_positive_signal_inverse_c10,2025-11,0.10450240422238266
q50_all_always_next_0934_close_positive_signal_inverse_c10,2025-12,-0.015332624614855184
q50_all_always_next_0934_close_positive_signal_inverse_c10,2026-01,-0.04211568266817711
q50_all_always_next_0934_close_positive_signal_inverse_c10,2026-02,0.12084799859443318
q50_all_always_next_0934_close_positive_signal_inverse_c10,2026-03,-0.08719852017793195
q50_all_always_next_0934_close_positive_signal_inverse_c10,2026-04,-0.26413416439858073
q50_all_always_next_0934_close_positive_signal_inverse_c5,2024-11,-0.06655758716721849
q50_all_always_next_0934_close_positive_signal_inverse_c5,2024-12,-0.024658414048746913
q50_all_always_next_0934_close_positive_signal_inverse_c5,2025-01,-0.08295485893958932
q50_all_always_next_0934_close_positive_signal_inverse_c5,2025-02,-0.11431689562346958
q50_all_always_next_0934_close_positive_signal_inverse_c5,2025-03,0.3263177208958157
q50_all_always_next_0934_close_positive_signal_inverse_c5,2025-04,0.239517095706118
q50_all_always_next_0934_close_positive_signal_inverse_c5,2025-05,-0.006917986180624558
q50_all_always_next_0934_close_positive_signal_inverse_c5,2025-06,-0.006942303814455486
q50_all_always_next_0934_close_positive_signal_inverse_c5,2025-07,0.09731516378249883
q50_all_always_next_0934_close_positive_signal_inverse_c5,2025-08,0.006037305472956001
q50_all_always_next_0934_close_positive_signal_inverse_c5,2025-09,-0.15803122155253635
q50_all_always_next_0934_close_positive_signal_inverse_c5,2025-10,-0.06873877618212565
q50_all_always_next_0934_close_positive_signal_inverse_c5,2025-11,0.11150240422238267
q50_all_always_next_0934_close_positive_signal_inverse_c5,2025-12,-0.008332624614855177
q50_all_always_next_0934_close_positive_signal_inverse_c5,2026-01,-0.03911568266817711
q50_all_always_next_0934_close_positive_signal_inverse_c5,2026-02,0.1278479985944332
q50_all_always_next_0934_close_positive_signal_inverse_c5,2026-03,-0.08219852017793194
q50_all_always_next_0934_close_positive_signal_inverse_c5,2026-04,-0.2551341643985807
q50_all_always_next_open_both_reversal_c10,2024-11,-0.12294299592587177
q50_all_always_next_open_both_reversal_c10,2024-12,-0.11672362698614591
q50_all_always_next_open_both_reversal_c10,2025-01,-0.27729493629749935
q50_all_always_next_open_both_reversal_c10,2025-02,-0.14793784089674866
q50_all_always_next_open_both_reversal_c10,2025-03,0.38439694778497524
q50_all_always_next_open_both_reversal_c10,2025-04,0.1877428285881616
q50_all_always_next_open_both_reversal_c10,2025-05,0.09989545041942782
q50_all_always_next_open_both_reversal_c10,2025-06,0.016718707888854767
q50_all_always_next_open_both_reversal_c10,2025-07,0.013463485573635747
q50_all_always_next_open_both_reversal_c10,2025-08,-0.000946310336362494
q50_all_always_next_open_both_reversal_c10,2025-09,-0.1421796817907004
q50_all_always_next_open_both_reversal_c10,2025-10,0.2694058250771554
q50_all_always_next_open_both_reversal_c10,2025-11,0.08573912770551573
q50_all_always_next_open_both_reversal_c10,2025-12,0.030339748920575896
q50_all_always_next_open_both_reversal_c10,2026-01,0.18007425418477596
q50_all_always_next_open_both_reversal_c10,2026-02,0.2686536235192768
q50_all_always_next_open_both_reversal_c10,2026-03,0.01752144458802296
q50_all_always_next_open_both_reversal_c10,2026-04,-0.06314918936002523
q50_all_always_next_open_both_reversal_c5,2024-11,-0.11594299592587176
q50_all_always_next_open_both_reversal_c5,2024-12,-0.1087236269861459
q50_all_always_next_open_both_reversal_c5,2025-01,-0.26829493629749934
q50_all_always_next_open_both_reversal_c5,2025-02,-0.13493784089674865
q50_all_always_next_open_both_reversal_c5,2025-03,0.39839694778497525
q50_all_always_next_open_both_reversal_c5,2025-04,0.1987428285881616
q50_all_always_next_open_both_reversal_c5,2025-05,0.10589545041942783
q50_all_always_next_open_both_reversal_c5,2025-06,0.024718707888854774
q50_all_always_next_open_both_reversal_c5,2025-07,0.021463485573635754
q50_all_always_next_open_both_reversal_c5,2025-08,0.006053689663637508
q50_all_always_next_open_both_reversal_c5,2025-09,-0.13017968179070039
q50_all_always_next_open_both_reversal_c5,2025-10,0.2834058250771554
q50_all_always_next_open_both_reversal_c5,2025-11,0.10073912770551574
q50_all_always_next_open_both_reversal_c5,2025-12,0.0403397489205759
q50_all_always_next_open_both_reversal_c5,2026-01,0.18707425418477597
q50_all_always_next_open_both_reversal_c5,2026-02,0.2816536235192768
q50_all_always_next_open_both_reversal_c5,2026-03,0.03152144458802297
q50_all_always_next_open_both_reversal_c5,2026-04,-0.05214918936002522
q50_all_always_next_open_negative_signal_bull_c10,2024-11,-0.03596129805581394
q50_all_always_next_open_negative_signal_bull_c10,2024-12,-0.07073623103526994
q50_all_always_next_open_negative_signal_bull_c10,2025-01,-0.14278524660548386
q50_all_always_next_open_negative_signal_bull_c10,2025-02,-0.008158538583801665
q50_all_always_next_open_negative_signal_bull_c10,2025-03,0.10375403953663598
q50_all_always_next_open_negative_signal_bull_c10,2025-04,-0.011112242163705988
q50_all_always_next_open_negative_signal_bull_c10,2025-05,0.11631419110757524
q50_all_always_next_open_negative_signal_bull_c10,2025-06,0.041244476440172706
q50_all_always_next_open_negative_signal_bull_c10,2025-07,-0.04876331357603614
q50_all_always_next_open_negative_signal_bull_c10,2025-08,0.01309649996330076
q50_all_always_next_open_negative_signal_bull_c10,2025-09,0.004287347956529523
q50_all_always_next_open_negative_signal_bull_c10,2025-10,0.32870334355633113
q50_all_always_next_open_negative_signal_bull_c10,2025-11,-0.032504175178715504
q50_all_always_next_open_negative_signal_bull_c10,2025-12,0.04199437796153882
q50_all_always_next_open_negative_signal_bull_c10,2026-01,0.20055474074270085
q50_all_always_next_open_negative_signal_bull_c10,2026-02,0.08092854887461187
q50_all_always_next_open_negative_signal_bull_c10,2026-03,0.055338265374911266
q50_all_always_next_open_negative_signal_bull_c10,2026-04,0.09366007716025515
q50_all_always_next_open_negative_signal_bull_c5,2024-11,-0.031961298055813936
q50_all_always_next_open_negative_signal_bull_c5,2024-12,-0.06473623103526993
q50_all_always_next_open_negative_signal_bull_c5,2025-01,-0.13878524660548386
q50_all_always_next_open_negative_signal_bull_c5,2025-02,-0.0021585385838016604
q50_all_always_next_open_negative_signal_bull_c5,2025-03,0.11075403953663598
q50_all_always_next_open_negative_signal_bull_c5,2025-04,-0.008112242163705985
q50_all_always_next_open_negative_signal_bull_c5,2025-05,0.12031419110757524
q50_all_always_next_open_negative_signal_bull_c5,2025-06,0.04424447644017271
q50_all_always_next_open_negative_signal_bull_c5,2025-07,-0.043763313576036134
q50_all_always_next_open_negative_signal_bull_c5,2025-08,0.01609649996330076
q50_all_always_next_open_negative_signal_bull_c5,2025-09,0.006287347956529523
q50_all_always_next_open_negative_signal_bull_c5,2025-10,0.33570334355633114
q50_all_always_next_open_negative_signal_bull_c5,2025-11,-0.024504175178715504
q50_all_always_next_open_negative_signal_bull_c5,2025-12,0.04499437796153882
q50_all_always_next_open_negative_signal_bull_c5,2026-01,0.20455474074270086
q50_all_always_next_open_negative_signal_bull_c5,2026-02,0.08692854887461188
q50_all_always_next_open_negative_signal_bull_c5,2026-03,0.06433826537491127
q50_all_always_next_open_negative_signal_bull_c5,2026-04,0.09566007716025515
q50_all_always_next_open_positive_signal_inverse_c10,2024-11,-0.08698169787005783
q50_all_always_next_open_positive_signal_inverse_c10,2024-12,-0.045987395950875976
q50_all_always_next_open_positive_signal_inverse_c10,2025-01,-0.1345096896920155
q50_all_always_next_open_positive_signal_inverse_c10,2025-02,-0.139779302312947
q50_all_always_next_open_positive_signal_inverse_c10,2025-03,0.28064290824833926
q50_all_always_next_open_positive_signal_inverse_c10,2025-04,0.1988550707518676
q50_all_always_next_open_positive_signal_inverse_c10,2025-05,-0.016418740688147415
q50_all_always_next_open_positive_signal_inverse_c10,2025-06,-0.02452576855131794
q50_all_always_next_open_positive_signal_inverse_c10,2025-07,0.062226799149671885
q50_all_always_next_open_positive_signal_inverse_c10,2025-08,-0.014042810299663254
q50_all_always_next_open_positive_signal_inverse_c10,2025-09,-0.14646702974722992
q50_all_always_next_open_positive_signal_inverse_c10,2025-10,-0.05929751847917575
q50_all_always_next_open_positive_signal_inverse_c10,2025-11,0.11824330288423124
q50_all_always_next_open_positive_signal_inverse_c10,2025-12,-0.011654629040962925
q50_all_always_next_open_positive_signal_inverse_c10,2026-01,-0.020480486557924893
q50_all_always_next_open_positive_signal_inverse_c10,2026-02,0.18772507464466492
q50_all_always_next_open_positive_signal_inverse_c10,2026-03,-0.037816820786888306
q50_all_always_next_open_positive_signal_inverse_c10,2026-04,-0.15680926652028038
q50_all_always_next_open_positive_signal_inverse_c5,2024-11,-0.08398169787005783
q50_all_always_next_open_positive_signal_inverse_c5,2024-12,-0.043987395950875974
q50_all_always_next_open_positive_signal_inverse_c5,2025-01,-0.12950968969201548
q50_all_always_next_open_positive_signal_inverse_c5,2025-02,-0.132779302312947
q50_all_always_next_open_positive_signal_inverse_c5,2025-03,0.28764290824833927
q50_all_always_next_open_positive_signal_inverse_c5,2025-04,0.2068550707518676
q50_all_always_next_open_positive_signal_inverse_c5,2025-05,-0.014418740688147413
q50_all_always_next_open_positive_signal_inverse_c5,2025-06,-0.019525768551317935
q50_all_always_next_open_positive_signal_inverse_c5,2025-07,0.06522679914967189
q50_all_always_next_open_positive_signal_inverse_c5,2025-08,-0.010042810299663252
q50_all_always_next_open_positive_signal_inverse_c5,2025-09,-0.1364670297472299
q50_all_always_next_open_positive_signal_inverse_c5,2025-10,-0.05229751847917574
q50_all_always_next_open_positive_signal_inverse_c5,2025-11,0.12524330288423124
q50_all_always_next_open_positive_signal_inverse_c5,2025-12,-0.004654629040962921
q50_all_always_next_open_positive_signal_inverse_c5,2026-01,-0.01748048655792489
q50_all_always_next_open_positive_signal_inverse_c5,2026-02,0.19472507464466493
q50_all_always_next_open_positive_signal_inverse_c5,2026-03,-0.0328168207868883
q50_all_always_next_open_positive_signal_inverse_c5,2026-04,-0.14780926652028037
q50_all_edge10_next_0934_close_both_reversal_c10,2024-11,-0.15014903040442362
q50_all_edge10_next_0934_close_both_reversal_c10,2024-12,0.017269026501057216
q50_all_edge10_next_0934_close_both_reversal_c10,2025-01,-0.08210376132727493
q50_all_edge10_next_0934_close_both_reversal_c10,2025-02,-0.06020040790789449
q50_all_edge10_next_0934_close_both_reversal_c10,2025-03,0.32361125795920154
q50_all_edge10_next_0934_close_both_reversal_c10,2025-04,0.19006440421286785
q50_all_edge10_next_0934_close_both_reversal_c10,2025-05,0.08983149991689932
q50_all_edge10_next_0934_close_both_reversal_c10,2025-06,-0.0018286079351037456
q50_all_edge10_next_0934_close_both_reversal_c10,2025-07,0.013907327371669553
q50_all_edge10_next_0934_close_both_reversal_c10,2025-08,-0.029656370635065096
q50_all_edge10_next_0934_close_both_reversal_c10,2025-09,0.0
q50_all_edge10_next_0934_close_both_reversal_c10,2025-10,0.14223650893133433
q50_all_edge10_next_0934_close_both_reversal_c10,2025-11,0.006406503044407487
q50_all_edge10_next_0934_close_both_reversal_c10,2025-12,-0.05846492952506055
q50_all_edge10_next_0934_close_both_reversal_c10,2026-01,0.0496458648598187
q50_all_edge10_next_0934_close_both_reversal_c10,2026-02,0.19870882669044965
q50_all_edge10_next_0934_close_both_reversal_c10,2026-03,0.0688289106954082
q50_all_edge10_next_0934_close_both_reversal_c10,2026-04,-0.19945917227541488
q50_all_edge10_next_0934_close_both_reversal_c5,2024-11,-0.14614903040442362
q50_all_edge10_next_0934_close_both_reversal_c5,2024-12,0.02126902650105722
q50_all_edge10_next_0934_close_both_reversal_c5,2025-01,-0.08010376132727492
q50_all_edge10_next_0934_close_both_reversal_c5,2025-02,-0.05720040790789449
q50_all_edge10_next_0934_close_both_reversal_c5,2025-03,0.33461125795920155
q50_all_edge10_next_0934_close_both_reversal_c5,2025-04,0.19906440421286786
q50_all_edge10_next_0934_close_both_reversal_c5,2025-05,0.09383149991689932
q50_all_edge10_next_0934_close_both_reversal_c5,2025-06,0.005171392064896253
q50_all_edge10_next_0934_close_both_reversal_c5,2025-07,0.02090732737166956
q50_all_edge10_next_0934_close_both_reversal_c5,2025-08,-0.026656370635065096
q50_all_edge10_next_0934_close_both_reversal_c5,2025-09,0.0
q50_all_edge10_next_0934_close_both_reversal_c5,2025-10,0.14923650893133433
q50_all_edge10_next_0934_close_both_reversal_c5,2025-11,0.013406503044407492
q50_all_edge10_next_0934_close_both_reversal_c5,2025-12,-0.05146492952506054
q50_all_edge10_next_0934_close_both_reversal_c5,2026-01,0.054645864859818705
q50_all_edge10_next_0934_close_both_reversal_c5,2026-02,0.21170882669044966
q50_all_edge10_next_0934_close_both_reversal_c5,2026-03,0.0798289106954082
q50_all_edge10_next_0934_close_both_reversal_c5,2026-04,-0.19645917227541487
q50_all_edge10_next_0934_close_negative_signal_bull_c10,2024-11,-0.05471982161558364
q50_all_edge10_next_0934_close_negative_signal_bull_c10,2024-12,0.02931705724073086
q50_all_edge10_next_0934_close_negative_signal_bull_c10,2025-01,-0.09287543957060895
q50_all_edge10_next_0934_close_negative_signal_bull_c10,2025-02,-0.010593750000000067
q50_all_edge10_next_0934_close_negative_signal_bull_c10,2025-03,0.11659521304103948
q50_all_edge10_next_0934_close_negative_signal_bull_c10,2025-04,-0.062339641275013125
q50_all_edge10_next_0934_close_negative_signal_bull_c10,2025-05,0.10808925930206026
q50_all_edge10_next_0934_close_negative_signal_bull_c10,2025-06,0.028354812630620785
q50_all_edge10_next_0934_close_negative_signal_bull_c10,2025-07,-0.08040783641082927
q50_all_edge10_next_0934_close_negative_signal_bull_c10,2025-08,-0.03586992299646152
q50_all_edge10_next_0934_close_negative_signal_bull_c10,2025-09,0.0
q50_all_edge10_next_0934_close_negative_signal_bull_c10,2025-10,0.16527850716494163
q50_all_edge10_next_0934_close_negative_signal_bull_c10,2025-11,0.07842932930356383
q50_all_edge10_next_0934_close_negative_signal_bull_c10,2025-12,0.02714650592542356
q50_all_edge10_next_0934_close_negative_signal_bull_c10,2026-01,0.09176154752799581
q50_all_edge10_next_0934_close_negative_signal_bull_c10,2026-02,0.07786082809601647
q50_all_edge10_next_0934_close_negative_signal_bull_c10,2026-03,0.12948538869227244
q50_all_edge10_next_0934_close_negative_signal_bull_c10,2026-04,0.033320892125625834
q50_all_edge10_next_0934_close_negative_signal_bull_c5,2024-11,-0.05271982161558364
q50_all_edge10_next_0934_close_negative_signal_bull_c5,2024-12,0.03231705724073086
q50_all_edge10_next_0934_close_negative_signal_bull_c5,2025-01,-0.09187543957060895
q50_all_edge10_next_0934_close_negative_signal_bull_c5,2025-02,-0.009593750000000068
q50_all_edge10_next_0934_close_negative_signal_bull_c5,2025-03,0.12159521304103948
q50_all_edge10_next_0934_close_negative_signal_bull_c5,2025-04,-0.05933964127501312
q50_all_edge10_next_0934_close_negative_signal_bull_c5,2025-05,0.11108925930206026
q50_all_edge10_next_0934_close_negative_signal_bull_c5,2025-06,0.03135481263062079
q50_all_edge10_next_0934_close_negative_signal_bull_c5,2025-07,-0.07640783641082927
q50_all_edge10_next_0934_close_negative_signal_bull_c5,2025-08,-0.03386992299646152
q50_all_edge10_next_0934_close_negative_signal_bull_c5,2025-09,0.0
q50_all_edge10_next_0934_close_negative_signal_bull_c5,2025-10,0.16827850716494164
q50_all_edge10_next_0934_close_negative_signal_bull_c5,2025-11,0.08242932930356384
q50_all_edge10_next_0934_close_negative_signal_bull_c5,2025-12,0.02914650592542356
q50_all_edge10_next_0934_close_negative_signal_bull_c5,2026-01,0.09376154752799581
q50_all_edge10_next_0934_close_negative_signal_bull_c5,2026-02,0.08386082809601647
q50_all_edge10_next_0934_close_negative_signal_bull_c5,2026-03,0.13848538869227245
q50_all_edge10_next_0934_close_negative_signal_bull_c5,2026-04,0.034320892125625835
q50_all_edge10_next_0934_close_positive_signal_inverse_c10,2024-11,-0.09542920878883998
q50_all_edge10_next_0934_close_positive_signal_inverse_c10,2024-12,-0.012048030739673641
q50_all_edge10_next_0934_close_positive_signal_inverse_c10,2025-01,0.010771678243334028
q50_all_edge10_next_0934_close_positive_signal_inverse_c10,2025-02,-0.049606657907894425
q50_all_edge10_next_0934_close_positive_signal_inverse_c10,2025-03,0.20701604491816206
q50_all_edge10_next_0934_close_positive_signal_inverse_c10,2025-04,0.252404045487881
q50_all_edge10_next_0934_close_positive_signal_inverse_c10,2025-05,-0.018257759385160943
q50_all_edge10_next_0934_close_positive_signal_inverse_c10,2025-06,-0.030183420565724532
q50_all_edge10_next_0934_close_positive_signal_inverse_c10,2025-07,0.09431516378249882
q50_all_edge10_next_0934_close_positive_signal_inverse_c10,2025-08,0.006213552361396426
q50_all_edge10_next_0934_close_positive_signal_inverse_c10,2025-09,0.0
q50_all_edge10_next_0934_close_positive_signal_inverse_c10,2025-10,-0.023041998233607308
q50_all_edge10_next_0934_close_positive_signal_inverse_c10,2025-11,-0.07202282625915635
q50_all_edge10_next_0934_close_positive_signal_inverse_c10,2025-12,-0.08561143545048411
q50_all_edge10_next_0934_close_positive_signal_inverse_c10,2026-01,-0.04211568266817711
q50_all_edge10_next_0934_close_positive_signal_inverse_c10,2026-02,0.12084799859443318
q50_all_edge10_next_0934_close_positive_signal_inverse_c10,2026-03,-0.060656477996864244
q50_all_edge10_next_0934_close_positive_signal_inverse_c10,2026-04,-0.2327800644010407
q50_all_edge10_next_0934_close_positive_signal_inverse_c5,2024-11,-0.09342920878883998
q50_all_edge10_next_0934_close_positive_signal_inverse_c5,2024-12,-0.011048030739673642
q50_all_edge10_next_0934_close_positive_signal_inverse_c5,2025-01,0.011771678243334027
q50_all_edge10_next_0934_close_positive_signal_inverse_c5,2025-02,-0.04760665790789442
q50_all_edge10_next_0934_close_positive_signal_inverse_c5,2025-03,0.21301604491816206
q50_all_edge10_next_0934_close_positive_signal_inverse_c5,2025-04,0.258404045487881
q50_all_edge10_next_0934_close_positive_signal_inverse_c5,2025-05,-0.017257759385160942
q50_all_edge10_next_0934_close_positive_signal_inverse_c5,2025-06,-0.026183420565724536
q50_all_edge10_next_0934_close_positive_signal_inverse_c5,2025-07,0.09731516378249883
q50_all_edge10_next_0934_close_positive_signal_inverse_c5,2025-08,0.007213552361396426
q50_all_edge10_next_0934_close_positive_signal_inverse_c5,2025-09,0.0
q50_all_edge10_next_0934_close_positive_signal_inverse_c5,2025-10,-0.019041998233607305
q50_all_edge10_next_0934_close_positive_signal_inverse_c5,2025-11,-0.06902282625915634
q50_all_edge10_next_0934_close_positive_signal_inverse_c5,2025-12,-0.0806114354504841
q50_all_edge10_next_0934_close_positive_signal_inverse_c5,2026-01,-0.03911568266817711
q50_all_edge10_next_0934_close_positive_signal_inverse_c5,2026-02,0.1278479985944332
q50_all_edge10_next_0934_close_positive_signal_inverse_c5,2026-03,-0.05865647799686424
q50_all_edge10_next_0934_close_positive_signal_inverse_c5,2026-04,-0.2307800644010407
q50_all_edge10_next_open_both_reversal_c10,2024-11,-0.15393529234353343
q50_all_edge10_next_open_both_reversal_c10,2024-12,-0.02162500739549189
q50_all_edge10_next_open_both_reversal_c10,2025-01,-0.10010755163820706
q50_all_edge10_next_open_both_reversal_c10,2025-02,-0.047947228862844526
q50_all_edge10_next_open_both_reversal_c10,2025-03,0.25857257411764045
q50_all_edge10_next_open_both_reversal_c10,2025-04,0.23899710784413852
q50_all_edge10_next_open_both_reversal_c10,2025-05,0.04045336885871764
q50_all_edge10_next_open_both_reversal_c10,2025-06,-0.009200073837033362
q50_all_edge10_next_open_both_reversal_c10,2025-07,-0.013848803039667512
q50_all_edge10_next_open_both_reversal_c10,2025-08,-0.001079132040429748
q50_all_edge10_next_open_both_reversal_c10,2025-09,0.0
q50_all_edge10_next_open_both_reversal_c10,2025-10,0.1663381427909959
q50_all_edge10_next_open_both_reversal_c10,2025-11,-0.022862213572800383
q50_all_edge10_next_open_both_reversal_c10,2025-12,-0.037763568736648656
q50_all_edge10_next_open_both_reversal_c10,2026-01,0.09025213819691258
q50_all_edge10_next_open_both_reversal_c10,2026-02,0.2686536235192768
q50_all_edge10_next_open_both_reversal_c10,2026-03,-0.012891430112282443
q50_all_edge10_next_open_both_reversal_c10,2026-04,-0.15919313890585918
q50_all_edge10_next_open_both_reversal_c5,2024-11,-0.14993529234353342
q50_all_edge10_next_open_both_reversal_c5,2024-12,-0.017625007395491887
q50_all_edge10_next_open_both_reversal_c5,2025-01,-0.09810755163820706
q50_all_edge10_next_open_both_reversal_c5,2025-02,-0.044947228862844524
q50_all_edge10_next_open_both_reversal_c5,2025-03,0.26957257411764046
q50_all_edge10_next_open_both_reversal_c5,2025-04,0.24799710784413853
q50_all_edge10_next_open_both_reversal_c5,2025-05,0.044453368858717646
q50_all_edge10_next_open_both_reversal_c5,2025-06,-0.002200073837033356
q50_all_edge10_next_open_both_reversal_c5,2025-07,-0.006848803039667506
q50_all_edge10_next_open_both_reversal_c5,2025-08,0.001920867959570251
q50_all_edge10_next_open_both_reversal_c5,2025-09,0.0
q50_all_edge10_next_open_both_reversal_c5,2025-10,0.1733381427909959
q50_all_edge10_next_open_both_reversal_c5,2025-11,-0.015862213572800377
q50_all_edge10_next_open_both_reversal_c5,2025-12,-0.03076356873664865
q50_all_edge10_next_open_both_reversal_c5,2026-01,0.09525213819691258
q50_all_edge10_next_open_both_reversal_c5,2026-02,0.2816536235192768
q50_all_edge10_next_open_both_reversal_c5,2026-03,-0.0018914301122824329
q50_all_edge10_next_open_both_reversal_c5,2026-04,-0.15619313890585917
q50_all_edge10_next_open_negative_signal_bull_c10,2024-11,-0.0533285944734756
q50_all_edge10_next_open_negative_signal_bull_c10,2024-12,0.0024691328542681967
q50_all_edge10_next_open_negative_signal_bull_c10,2025-01,-0.0839914862113641
q50_all_edge10_next_open_negative_signal_bull_c10,2025-02,-0.012156250000000089
q50_all_edge10_next_open_negative_signal_bull_c10,2025-03,0.07992622796642224
q50_all_edge10_next_open_negative_signal_bull_c10,2025-04,-0.011112242163705988
q50_all_edge10_next_open_negative_signal_bull_c10,2025-05,0.07881163075644138
q50_all_edge10_next_open_negative_signal_bull_c10,2025-06,0.041244476440172706
q50_all_edge10_next_open_negative_signal_bull_c10,2025-07,-0.0760756021893394
q50_all_edge10_next_open_negative_signal_bull_c10,2025-08,-0.010714997885741036
q50_all_edge10_next_open_negative_signal_bull_c10,2025-09,0.0
q50_all_edge10_next_open_negative_signal_bull_c10,2025-10,0.1638149073124644
q50_all_edge10_next_open_negative_signal_bull_c10,2025-11,0.04255702763195091
q50_all_edge10_next_open_negative_signal_bull_c10,2025-12,0.021308645244626723
q50_all_edge10_next_open_negative_signal_bull_c10,2026-01,0.11073262475483747
q50_all_edge10_next_open_negative_signal_bull_c10,2026-02,0.08092854887461187
q50_all_edge10_next_open_negative_signal_bull_c10,2026-03,0.055338265374911266
q50_all_edge10_next_open_negative_signal_bull_c10,2026-04,0.04224214838416018
q50_all_edge10_next_open_negative_signal_bull_c5,2024-11,-0.0513285944734756
q50_all_edge10_next_open_negative_signal_bull_c5,2024-12,0.005469132854268199
q50_all_edge10_next_open_negative_signal_bull_c5,2025-01,-0.0829914862113641
q50_all_edge10_next_open_negative_signal_bull_c5,2025-02,-0.01115625000000009
q50_all_edge10_next_open_negative_signal_bull_c5,2025-03,0.08492622796642224
q50_all_edge10_next_open_negative_signal_bull_c5,2025-04,-0.008112242163705985
q50_all_edge10_next_open_negative_signal_bull_c5,2025-05,0.08181163075644138
q50_all_edge10_next_open_negative_signal_bull_c5,2025-06,0.04424447644017271
q50_all_edge10_next_open_negative_signal_bull_c5,2025-07,-0.0720756021893394
q50_all_edge10_next_open_negative_signal_bull_c5,2025-08,-0.008714997885741036
q50_all_edge10_next_open_negative_signal_bull_c5,2025-09,0.0
q50_all_edge10_next_open_negative_signal_bull_c5,2025-10,0.1668149073124644
q50_all_edge10_next_open_negative_signal_bull_c5,2025-11,0.04655702763195091
q50_all_edge10_next_open_negative_signal_bull_c5,2025-12,0.023308645244626724
q50_all_edge10_next_open_negative_signal_bull_c5,2026-01,0.11273262475483747
q50_all_edge10_next_open_negative_signal_bull_c5,2026-02,0.08692854887461188
q50_all_edge10_next_open_negative_signal_bull_c5,2026-03,0.06433826537491127
q50_all_edge10_next_open_negative_signal_bull_c5,2026-04,0.043242148384160184
q50_all_edge10_next_open_positive_signal_inverse_c10,2024-11,-0.10060669787005783
q50_all_edge10_next_open_positive_signal_inverse_c10,2024-12,-0.024094140249760088
q50_all_edge10_next_open_positive_signal_inverse_c10,2025-01,-0.016116065426842963
q50_all_edge10_next_open_positive_signal_inverse_c10,2025-02,-0.035790978862844436
q50_all_edge10_next_open_positive_signal_inverse_c10,2025-03,0.17864634615121822
q50_all_edge10_next_open_positive_signal_inverse_c10,2025-04,0.2501093500078445
q50_all_edge10_next_open_positive_signal_inverse_c10,2025-05,-0.03835826189772373
q50_all_edge10_next_open_positive_signal_inverse_c10,2025-06,-0.05044455027720607
q50_all_edge10_next_open_positive_signal_inverse_c10,2025-07,0.062226799149671885
q50_all_edge10_next_open_positive_signal_inverse_c10,2025-08,0.009635865845311288
q50_all_edge10_next_open_positive_signal_inverse_c10,2025-09,0.0
q50_all_edge10_next_open_positive_signal_inverse_c10,2025-10,0.0025232354785315065
q50_all_edge10_next_open_positive_signal_inverse_c10,2025-11,-0.06541924120475129
q50_all_edge10_next_open_positive_signal_inverse_c10,2025-12,-0.05907221398127538
q50_all_edge10_next_open_positive_signal_inverse_c10,2026-01,-0.020480486557924893
q50_all_edge10_next_open_positive_signal_inverse_c10,2026-02,0.18772507464466492
q50_all_edge10_next_open_positive_signal_inverse_c10,2026-03,-0.06822969548719371
q50_all_edge10_next_open_positive_signal_inverse_c10,2026-04,-0.20143528729001936
q50_all_edge10_next_open_positive_signal_inverse_c5,2024-11,-0.09860669787005782
q50_all_edge10_next_open_positive_signal_inverse_c5,2024-12,-0.023094140249760087
q50_all_edge10_next_open_positive_signal_inverse_c5,2025-01,-0.015116065426842962
q50_all_edge10_next_open_positive_signal_inverse_c5,2025-02,-0.033790978862844434
q50_all_edge10_next_open_positive_signal_inverse_c5,2025-03,0.18464634615121822
q50_all_edge10_next_open_positive_signal_inverse_c5,2025-04,0.2561093500078445
q50_all_edge10_next_open_positive_signal_inverse_c5,2025-05,-0.03735826189772373
q50_all_edge10_next_open_positive_signal_inverse_c5,2025-06,-0.046444550277206065
q50_all_edge10_next_open_positive_signal_inverse_c5,2025-07,0.06522679914967189
q50_all_edge10_next_open_positive_signal_inverse_c5,2025-08,0.010635865845311288
q50_all_edge10_next_open_positive_signal_inverse_c5,2025-09,0.0
q50_all_edge10_next_open_positive_signal_inverse_c5,2025-10,0.006523235478531508
q50_all_edge10_next_open_positive_signal_inverse_c5,2025-11,-0.062419241204751286
q50_all_edge10_next_open_positive_signal_inverse_c5,2025-12,-0.054072213981275374
q50_all_edge10_next_open_positive_signal_inverse_c5,2026-01,-0.01748048655792489
q50_all_edge10_next_open_positive_signal_inverse_c5,2026-02,0.19472507464466493
q50_all_edge10_next_open_positive_signal_inverse_c5,2026-03,-0.06622969548719371
q50_all_edge10_next_open_positive_signal_inverse_c5,2026-04,-0.19943528729001936
q50_all_edge20_next_0934_close_both_reversal_c10,2024-11,-0.0556878417687372
q50_all_edge20_next_0934_close_both_reversal_c10,2024-12,-0.02665841404874691
q50_all_edge20_next_0934_close_both_reversal_c10,2025-01,-0.10573235579112883
q50_all_edge20_next_0934_close_both_reversal_c10,2025-02,-0.13293347086431173
q50_all_edge20_next_0934_close_both_reversal_c10,2025-03,0.2477218107230209
q50_all_edge20_next_0934_close_both_reversal_c10,2025-04,0.16917745443110488
q50_all_edge20_next_0934_close_both_reversal_c10,2025-05,0.0944555092973246
q50_all_edge20_next_0934_close_both_reversal_c10,2025-06,0.03172809592057236
q50_all_edge20_next_0934_close_both_reversal_c10,2025-07,0.08793334551515897
q50_all_edge20_next_0934_close_both_reversal_c10,2025-08,-0.0455716774725865
q50_all_edge20_next_0934_close_both_reversal_c10,2025-09,0.024773761713520637
q50_all_edge20_next_0934_close_both_reversal_c10,2025-10,0.1710902705543268
q50_all_edge20_next_0934_close_both_reversal_c10,2025-11,-0.03258123127552626
q50_all_edge20_next_0934_close_both_reversal_c10,2025-12,0.07361504922983864
q50_all_edge20_next_0934_close_both_reversal_c10,2026-01,0.1374783313225666
q50_all_edge20_next_0934_close_both_reversal_c10,2026-02,0.19870882669044965
q50_all_edge20_next_0934_close_both_reversal_c10,2026-03,0.04228686851434049
q50_all_edge20_next_0934_close_both_reversal_c10,2026-04,-0.14063318422434268
q50_all_edge20_next_0934_close_both_reversal_c5,2024-11,-0.050687841768737196
q50_all_edge20_next_0934_close_both_reversal_c5,2024-12,-0.024658414048746913
q50_all_edge20_next_0934_close_both_reversal_c5,2025-01,-0.10273235579112883
q50_all_edge20_next_0934_close_both_reversal_c5,2025-02,-0.12393347086431172
q50_all_edge20_next_0934_close_both_reversal_c5,2025-03,0.2577218107230209
q50_all_edge20_next_0934_close_both_reversal_c5,2025-04,0.1801774544311049
q50_all_edge20_next_0934_close_both_reversal_c5,2025-05,0.0994555092973246
q50_all_edge20_next_0934_close_both_reversal_c5,2025-06,0.03872809592057236
q50_all_edge20_next_0934_close_both_reversal_c5,2025-07,0.09393334551515897
q50_all_edge20_next_0934_close_both_reversal_c5,2025-08,-0.0415716774725865
q50_all_edge20_next_0934_close_both_reversal_c5,2025-09,0.025773761713520638
q50_all_edge20_next_0934_close_both_reversal_c5,2025-10,0.1790902705543268
q50_all_edge20_next_0934_close_both_reversal_c5,2025-11,-0.028581231275526253
q50_all_edge20_next_0934_close_both_reversal_c5,2025-12,0.08161504922983864
q50_all_edge20_next_0934_close_both_reversal_c5,2026-01,0.1444783313225666
q50_all_edge20_next_0934_close_both_reversal_c5,2026-02,0.21170882669044966
q50_all_edge20_next_0934_close_both_reversal_c5,2026-03,0.056286868514340505
q50_all_edge20_next_0934_close_both_reversal_c5,2026-04,-0.13763318422434268
q50_all_edge20_next_0934_close_negative_signal_bull_c10,2024-11,-0.01812214758895292
q50_all_edge20_next_0934_close_negative_signal_bull_c10,2024-12,0.0
q50_all_edge20_next_0934_close_negative_signal_bull_c10,2025-01,-0.09287543957060895
q50_all_edge20_next_0934_close_negative_signal_bull_c10,2025-02,-0.04759125594142111
q50_all_edge20_next_0934_close_negative_signal_bull_c10,2025-03,0.11659521304103948
q50_all_edge20_next_0934_close_negative_signal_bull_c10,2025-04,-0.062339641275013125
q50_all_edge20_next_0934_close_negative_signal_bull_c10,2025-05,0.10337349547794916
q50_all_edge20_next_0934_close_negative_signal_bull_c10,2025-06,0.04367039973502784
q50_all_edge20_next_0934_close_negative_signal_bull_c10,2025-07,-0.006381818267339856
q50_all_edge20_next_0934_close_negative_signal_bull_c10,2025-08,-0.03586992299646152
q50_all_edge20_next_0934_close_negative_signal_bull_c10,2025-09,0.0
q50_all_edge20_next_0934_close_negative_signal_bull_c10,2025-10,0.1941322687879341
q50_all_edge20_next_0934_close_negative_signal_bull_c10,2025-11,-0.03258123127552626
q50_all_edge20_next_0934_close_negative_signal_bull_c10,2025-12,0.06342196017765434
q50_all_edge20_next_0934_close_negative_signal_bull_c10,2026-01,0.1795940139907437
q50_all_edge20_next_0934_close_negative_signal_bull_c10,2026-02,0.07786082809601647
q50_all_edge20_next_0934_close_negative_signal_bull_c10,2026-03,0.12948538869227244
q50_all_edge20_next_0934_close_negative_signal_bull_c10,2026-04,0.0
q50_all_edge20_next_0934_close_negative_signal_bull_c5,2024-11,-0.015122147588952917
q50_all_edge20_next_0934_close_negative_signal_bull_c5,2024-12,0.0
q50_all_edge20_next_0934_close_negative_signal_bull_c5,2025-01,-0.09187543957060895
q50_all_edge20_next_0934_close_negative_signal_bull_c5,2025-02,-0.0435912559414211
q50_all_edge20_next_0934_close_negative_signal_bull_c5,2025-03,0.12159521304103948
q50_all_edge20_next_0934_close_negative_signal_bull_c5,2025-04,-0.05933964127501312
q50_all_edge20_next_0934_close_negative_signal_bull_c5,2025-05,0.10637349547794916
q50_all_edge20_next_0934_close_negative_signal_bull_c5,2025-06,0.045670399735027845
q50_all_edge20_next_0934_close_negative_signal_bull_c5,2025-07,-0.0033818182673398534
q50_all_edge20_next_0934_close_negative_signal_bull_c5,2025-08,-0.03386992299646152
q50_all_edge20_next_0934_close_negative_signal_bull_c5,2025-09,0.0
q50_all_edge20_next_0934_close_negative_signal_bull_c5,2025-10,0.1981322687879341
q50_all_edge20_next_0934_close_negative_signal_bull_c5,2025-11,-0.028581231275526253
q50_all_edge20_next_0934_close_negative_signal_bull_c5,2025-12,0.06642196017765434
q50_all_edge20_next_0934_close_negative_signal_bull_c5,2026-01,0.1835940139907437
q50_all_edge20_next_0934_close_negative_signal_bull_c5,2026-02,0.08386082809601647
q50_all_edge20_next_0934_close_negative_signal_bull_c5,2026-03,0.13848538869227245
q50_all_edge20_next_0934_close_negative_signal_bull_c5,2026-04,0.0
q50_all_edge20_next_0934_close_positive_signal_inverse_c10,2024-11,-0.03756569417978428
q50_all_edge20_next_0934_close_positive_signal_inverse_c10,2024-12,-0.02665841404874691
q50_all_edge20_next_0934_close_positive_signal_inverse_c10,2025-01,-0.012856916220519874
q50_all_edge20_next_0934_close_positive_signal_inverse_c10,2025-02,-0.08534221492289062
q50_all_edge20_next_0934_close_positive_signal_inverse_c10,2025-03,0.13112659768198143
q50_all_edge20_next_0934_close_positive_signal_inverse_c10,2025-04,0.231517095706118
q50_all_edge20_next_0934_close_positive_signal_inverse_c10,2025-05,-0.008917986180624558
q50_all_edge20_next_0934_close_positive_signal_inverse_c10,2025-06,-0.011942303814455484
q50_all_edge20_next_0934_close_positive_signal_inverse_c10,2025-07,0.09431516378249882
q50_all_edge20_next_0934_close_positive_signal_inverse_c10,2025-08,-0.009701754476124978
q50_all_edge20_next_0934_close_positive_signal_inverse_c10,2025-09,0.024773761713520637
q50_all_edge20_next_0934_close_positive_signal_inverse_c10,2025-10,-0.023041998233607308
q50_all_edge20_next_0934_close_positive_signal_inverse_c10,2025-11,0.0
q50_all_edge20_next_0934_close_positive_signal_inverse_c10,2025-12,0.010193089052184301
q50_all_edge20_next_0934_close_positive_signal_inverse_c10,2026-01,-0.04211568266817711
q50_all_edge20_next_0934_close_positive_signal_inverse_c10,2026-02,0.12084799859443318
q50_all_edge20_next_0934_close_positive_signal_inverse_c10,2026-03,-0.08719852017793195
q50_all_edge20_next_0934_close_positive_signal_inverse_c10,2026-04,-0.14063318422434268
q50_all_edge20_next_0934_close_positive_signal_inverse_c5,2024-11,-0.03556569417978428
q50_all_edge20_next_0934_close_positive_signal_inverse_c5,2024-12,-0.024658414048746913
q50_all_edge20_next_0934_close_positive_signal_inverse_c5,2025-01,-0.010856916220519874
q50_all_edge20_next_0934_close_positive_signal_inverse_c5,2025-02,-0.08034221492289062
q50_all_edge20_next_0934_close_positive_signal_inverse_c5,2025-03,0.13612659768198143
q50_all_edge20_next_0934_close_positive_signal_inverse_c5,2025-04,0.239517095706118
q50_all_edge20_next_0934_close_positive_signal_inverse_c5,2025-05,-0.006917986180624558
q50_all_edge20_next_0934_close_positive_signal_inverse_c5,2025-06,-0.006942303814455486
q50_all_edge20_next_0934_close_positive_signal_inverse_c5,2025-07,0.09731516378249883
q50_all_edge20_next_0934_close_positive_signal_inverse_c5,2025-08,-0.007701754476124977
q50_all_edge20_next_0934_close_positive_signal_inverse_c5,2025-09,0.025773761713520638
q50_all_edge20_next_0934_close_positive_signal_inverse_c5,2025-10,-0.019041998233607305
q50_all_edge20_next_0934_close_positive_signal_inverse_c5,2025-11,0.0
q50_all_edge20_next_0934_close_positive_signal_inverse_c5,2025-12,0.015193089052184305
q50_all_edge20_next_0934_close_positive_signal_inverse_c5,2026-01,-0.03911568266817711
q50_all_edge20_next_0934_close_positive_signal_inverse_c5,2026-02,0.1278479985944332
q50_all_edge20_next_0934_close_positive_signal_inverse_c5,2026-03,-0.08219852017793194
q50_all_edge20_next_0934_close_positive_signal_inverse_c5,2026-04,-0.13763318422434268
q50_all_edge20_next_open_both_reversal_c10,2024-11,-0.07305255937333255
q50_all_edge20_next_open_both_reversal_c10,2024-12,-0.045987395950875976
q50_all_edge20_next_open_both_reversal_c10,2025-01,-0.13462569192307694
q50_all_edge20_next_open_both_reversal_c10,2025-02,-0.11602338742666574
q50_all_edge20_next_open_both_reversal_c10,2025-03,0.18435816875750655
q50_all_edge20_next_open_both_reversal_c10,2025-04,0.1877428285881616
q50_all_edge20_next_open_both_reversal_c10,2025-05,0.03311238163635921
q50_all_edge20_next_open_both_reversal_c10,2025-06,0.017239855478325405
q50_all_edge20_next_open_both_reversal_c10,2025-07,0.05896384996257409
q50_all_edge20_next_open_both_reversal_c10,2025-08,-0.021999944934613318
q50_all_edge20_next_open_both_reversal_c10,2025-09,0.016741633199464534
q50_all_edge20_next_open_both_reversal_c10,2025-10,0.1949805772795844
q50_all_edge20_next_open_both_reversal_c10,2025-11,-0.04839714725973998
q50_all_edge20_next_open_both_reversal_c10,2025-12,0.05750671031699317
q50_all_edge20_next_open_both_reversal_c10,2026-01,0.18007425418477596
q50_all_edge20_next_open_both_reversal_c10,2026-02,0.2686536235192768
q50_all_edge20_next_open_both_reversal_c10,2026-03,0.01752144458802296
q50_all_edge20_next_open_both_reversal_c10,2026-04,-0.08347393996809771
q50_all_edge20_next_open_both_reversal_c5,2024-11,-0.06805255937333254
q50_all_edge20_next_open_both_reversal_c5,2024-12,-0.043987395950875974
q50_all_edge20_next_open_both_reversal_c5,2025-01,-0.13162569192307694
q50_all_edge20_next_open_both_reversal_c5,2025-02,-0.10702338742666573
q50_all_edge20_next_open_both_reversal_c5,2025-03,0.19435816875750656
q50_all_edge20_next_open_both_reversal_c5,2025-04,0.1987428285881616
q50_all_edge20_next_open_both_reversal_c5,2025-05,0.038112381636359216
q50_all_edge20_next_open_both_reversal_c5,2025-06,0.02423985547832541
q50_all_edge20_next_open_both_reversal_c5,2025-07,0.0649638499625741
q50_all_edge20_next_open_both_reversal_c5,2025-08,-0.01799994493461332
q50_all_edge20_next_open_both_reversal_c5,2025-09,0.017741633199464535
q50_all_edge20_next_open_both_reversal_c5,2025-10,0.2029805772795844
q50_all_edge20_next_open_both_reversal_c5,2025-11,-0.04439714725973998
q50_all_edge20_next_open_both_reversal_c5,2025-12,0.06550671031699318
q50_all_edge20_next_open_both_reversal_c5,2026-01,0.18707425418477597
q50_all_edge20_next_open_both_reversal_c5,2026-02,0.2816536235192768
q50_all_edge20_next_open_both_reversal_c5,2026-03,0.03152144458802297
q50_all_edge20_next_open_both_reversal_c5,2026-04,-0.08047393996809771
q50_all_edge20_next_open_negative_signal_bull_c10,2024-11,-0.024147067421393942
q50_all_edge20_next_open_negative_signal_bull_c10,2024-12,0.0
q50_all_edge20_next_open_negative_signal_bull_c10,2025-01,-0.0839914862113641
q50_all_edge20_next_open_negative_signal_bull_c10,2025-02,-0.04416632571070078
q50_all_edge20_next_open_negative_signal_bull_c10,2025-03,0.07992622796642224
q50_all_edge20_next_open_negative_signal_bull_c10,2025-04,-0.011112242163705988
q50_all_edge20_next_open_negative_signal_bull_c10,2025-05,0.04953112232450663
q50_all_edge20_next_open_negative_signal_bull_c10,2025-06,0.041765624029643345
q50_all_edge20_next_open_negative_signal_bull_c10,2025-07,-0.0032629491870977967
q50_all_edge20_next_open_negative_signal_bull_c10,2025-08,-0.010714997885741036
q50_all_edge20_next_open_negative_signal_bull_c10,2025-09,0.0
q50_all_edge20_next_open_negative_signal_bull_c10,2025-10,0.1924573418010529
q50_all_edge20_next_open_negative_signal_bull_c10,2025-11,-0.04839714725973998
q50_all_edge20_next_open_negative_signal_bull_c10,2025-12,0.04199437796153882
q50_all_edge20_next_open_negative_signal_bull_c10,2026-01,0.20055474074270085
q50_all_edge20_next_open_negative_signal_bull_c10,2026-02,0.08092854887461187
q50_all_edge20_next_open_negative_signal_bull_c10,2026-03,0.055338265374911266
q50_all_edge20_next_open_negative_signal_bull_c10,2026-04,0.0
q50_all_edge20_next_open_negative_signal_bull_c5,2024-11,-0.02114706742139394
q50_all_edge20_next_open_negative_signal_bull_c5,2024-12,0.0
q50_all_edge20_next_open_negative_signal_bull_c5,2025-01,-0.0829914862113641
q50_all_edge20_next_open_negative_signal_bull_c5,2025-02,-0.04016632571070078
q50_all_edge20_next_open_negative_signal_bull_c5,2025-03,0.08492622796642224
q50_all_edge20_next_open_negative_signal_bull_c5,2025-04,-0.008112242163705985
q50_all_edge20_next_open_negative_signal_bull_c5,2025-05,0.05253112232450663
q50_all_edge20_next_open_negative_signal_bull_c5,2025-06,0.043765624029643346
q50_all_edge20_next_open_negative_signal_bull_c5,2025-07,-0.000262949187097794
q50_all_edge20_next_open_negative_signal_bull_c5,2025-08,-0.008714997885741036
q50_all_edge20_next_open_negative_signal_bull_c5,2025-09,0.0
q50_all_edge20_next_open_negative_signal_bull_c5,2025-10,0.1964573418010529
q50_all_edge20_next_open_negative_signal_bull_c5,2025-11,-0.04439714725973998
q50_all_edge20_next_open_negative_signal_bull_c5,2025-12,0.04499437796153882
q50_all_edge20_next_open_negative_signal_bull_c5,2026-01,0.20455474074270086
q50_all_edge20_next_open_negative_signal_bull_c5,2026-02,0.08692854887461188
q50_all_edge20_next_open_negative_signal_bull_c5,2026-03,0.06433826537491127
q50_all_edge20_next_open_negative_signal_bull_c5,2026-04,0.0
q50_all_edge20_next_open_positive_signal_inverse_c10,2024-11,-0.04890549195193861
q50_all_edge20_next_open_positive_signal_inverse_c10,2024-12,-0.045987395950875976
q50_all_edge20_next_open_positive_signal_inverse_c10,2025-01,-0.05063420571171284
q50_all_edge20_next_open_positive_signal_inverse_c10,2025-02,-0.07185706171596495
q50_all_edge20_next_open_positive_signal_inverse_c10,2025-03,0.10443194079108431
q50_all_edge20_next_open_positive_signal_inverse_c10,2025-04,0.1988550707518676
q50_all_edge20_next_open_positive_signal_inverse_c10,2025-05,-0.016418740688147415
q50_all_edge20_next_open_positive_signal_inverse_c10,2025-06,-0.02452576855131794
q50_all_edge20_next_open_positive_signal_inverse_c10,2025-07,0.062226799149671885
q50_all_edge20_next_open_positive_signal_inverse_c10,2025-08,-0.011284947048872283
q50_all_edge20_next_open_positive_signal_inverse_c10,2025-09,0.016741633199464534
q50_all_edge20_next_open_positive_signal_inverse_c10,2025-10,0.0025232354785315065
q50_all_edge20_next_open_positive_signal_inverse_c10,2025-11,0.0
q50_all_edge20_next_open_positive_signal_inverse_c10,2025-12,0.01551233235545435
q50_all_edge20_next_open_positive_signal_inverse_c10,2026-01,-0.020480486557924893
q50_all_edge20_next_open_positive_signal_inverse_c10,2026-02,0.18772507464466492
q50_all_edge20_next_open_positive_signal_inverse_c10,2026-03,-0.037816820786888306
q50_all_edge20_next_open_positive_signal_inverse_c10,2026-04,-0.08347393996809771
q50_all_edge20_next_open_positive_signal_inverse_c5,2024-11,-0.046905491951938605
q50_all_edge20_next_open_positive_signal_inverse_c5,2024-12,-0.043987395950875974
q50_all_edge20_next_open_positive_signal_inverse_c5,2025-01,-0.04863420571171284
q50_all_edge20_next_open_positive_signal_inverse_c5,2025-02,-0.06685706171596495
q50_all_edge20_next_open_positive_signal_inverse_c5,2025-03,0.10943194079108431
q50_all_edge20_next_open_positive_signal_inverse_c5,2025-04,0.2068550707518676
q50_all_edge20_next_open_positive_signal_inverse_c5,2025-05,-0.014418740688147413
q50_all_edge20_next_open_positive_signal_inverse_c5,2025-06,-0.019525768551317935
q50_all_edge20_next_open_positive_signal_inverse_c5,2025-07,0.06522679914967189
q50_all_edge20_next_open_positive_signal_inverse_c5,2025-08,-0.009284947048872283
q50_all_edge20_next_open_positive_signal_inverse_c5,2025-09,0.017741633199464535
q50_all_edge20_next_open_positive_signal_inverse_c5,2025-10,0.006523235478531508
q50_all_edge20_next_open_positive_signal_inverse_c5,2025-11,0.0
q50_all_edge20_next_open_positive_signal_inverse_c5,2025-12,0.020512332355454355
q50_all_edge20_next_open_positive_signal_inverse_c5,2026-01,-0.01748048655792489
q50_all_edge20_next_open_positive_signal_inverse_c5,2026-02,0.19472507464466493
q50_all_edge20_next_open_positive_signal_inverse_c5,2026-03,-0.0328168207868883
q50_all_edge20_next_open_positive_signal_inverse_c5,2026-04,-0.08047393996809771
q50_all_edge40_next_0934_close_both_reversal_c10,2024-11,-0.08652165554130986
q50_all_edge40_next_0934_close_both_reversal_c10,2024-12,-0.05560984446234252
q50_all_edge40_next_0934_close_both_reversal_c10,2025-01,-0.08210376132727493
q50_all_edge40_next_0934_close_both_reversal_c10,2025-02,-0.08773804476920821
q50_all_edge40_next_0934_close_both_reversal_c10,2025-03,0.2477218107230209
q50_all_edge40_next_0934_close_both_reversal_c10,2025-04,0.16917745443110488
q50_all_edge40_next_0934_close_both_reversal_c10,2025-05,0.14833440406510812
q50_all_edge40_next_0934_close_both_reversal_c10,2025-06,0.0164125088161653
q50_all_edge40_next_0934_close_both_reversal_c10,2025-07,0.029581134211203675
q50_all_edge40_next_0934_close_both_reversal_c10,2025-08,-0.07284199105372546
q50_all_edge40_next_0934_close_both_reversal_c10,2025-09,0.030858000843955402
q50_all_edge40_next_0934_close_both_reversal_c10,2025-10,0.023424406733517977
q50_all_edge40_next_0934_close_both_reversal_c10,2025-11,0.08982361605940381
q50_all_edge40_next_0934_close_both_reversal_c10,2025-12,0.04808933556279915
q50_all_edge40_next_0934_close_both_reversal_c10,2026-01,0.1374783313225666
q50_all_edge40_next_0934_close_both_reversal_c10,2026-02,0.19870882669044965
q50_all_edge40_next_0934_close_both_reversal_c10,2026-03,0.04228686851434049
q50_all_edge40_next_0934_close_both_reversal_c10,2026-04,-0.21233108196902517
q50_all_edge40_next_0934_close_both_reversal_c5,2024-11,-0.07952165554130985
q50_all_edge40_next_0934_close_both_reversal_c5,2024-12,-0.053609844462342515
q50_all_edge40_next_0934_close_both_reversal_c5,2025-01,-0.08010376132727492
q50_all_edge40_next_0934_close_both_reversal_c5,2025-02,-0.08473804476920821
q50_all_edge40_next_0934_close_both_reversal_c5,2025-03,0.2577218107230209
q50_all_edge40_next_0934_close_both_reversal_c5,2025-04,0.1801774544311049
q50_all_edge40_next_0934_close_both_reversal_c5,2025-05,0.15433440406510812
q50_all_edge40_next_0934_close_both_reversal_c5,2025-06,0.0244125088161653
q50_all_edge40_next_0934_close_both_reversal_c5,2025-07,0.03758113421120368
q50_all_edge40_next_0934_close_both_reversal_c5,2025-08,-0.06784199105372546
q50_all_edge40_next_0934_close_both_reversal_c5,2025-09,0.032858000843955404
q50_all_edge40_next_0934_close_both_reversal_c5,2025-10,0.02742440673351798
q50_all_edge40_next_0934_close_both_reversal_c5,2025-11,0.10282361605940382
q50_all_edge40_next_0934_close_both_reversal_c5,2025-12,0.05808933556279916
q50_all_edge40_next_0934_close_both_reversal_c5,2026-01,0.1444783313225666
q50_all_edge40_next_0934_close_both_reversal_c5,2026-02,0.21170882669044966
q50_all_edge40_next_0934_close_both_reversal_c5,2026-03,0.056286868514340505
q50_all_edge40_next_0934_close_both_reversal_c5,2026-04,-0.20733108196902517
q50_all_edge40_next_0934_close_negative_signal_bull_c10,2024-11,-0.016964068374091368
q50_all_edge40_next_0934_close_negative_signal_bull_c10,2024-12,-0.040999461153269245
q50_all_edge40_next_0934_close_negative_signal_bull_c10,2025-01,-0.09287543957060895
q50_all_edge40_next_0934_close_negative_signal_bull_c10,2025-02,-0.03813138686131379
q50_all_edge40_next_0934_close_negative_signal_bull_c10,2025-03,0.11659521304103948
q50_all_edge40_next_0934_close_negative_signal_bull_c10,2025-04,-0.062339641275013125
q50_all_edge40_next_0934_close_negative_signal_bull_c10,2025-05,0.15725239024573268
q50_all_edge40_next_0934_close_negative_signal_bull_c10,2025-06,0.028354812630620785
q50_all_edge40_next_0934_close_negative_signal_bull_c10,2025-07,-0.06473402957129515
q50_all_edge40_next_0934_close_negative_signal_bull_c10,2025-08,-0.021053341064510064
q50_all_edge40_next_0934_close_negative_signal_bull_c10,2025-09,0.0
q50_all_edge40_next_0934_close_negative_signal_bull_c10,2025-10,0.08974655387011543
q50_all_edge40_next_0934_close_negative_signal_bull_c10,2025-11,0.011435794248443995
q50_all_edge40_next_0934_close_negative_signal_bull_c10,2025-12,0.06342196017765434
q50_all_edge40_next_0934_close_negative_signal_bull_c10,2026-01,0.1795940139907437
q50_all_edge40_next_0934_close_negative_signal_bull_c10,2026-02,0.07786082809601647
q50_all_edge40_next_0934_close_negative_signal_bull_c10,2026-03,0.12948538869227244
q50_all_edge40_next_0934_close_negative_signal_bull_c10,2026-04,0.0
q50_all_edge40_next_0934_close_negative_signal_bull_c5,2024-11,-0.012964068374091364
q50_all_edge40_next_0934_close_negative_signal_bull_c5,2024-12,-0.039999461153269245
q50_all_edge40_next_0934_close_negative_signal_bull_c5,2025-01,-0.09187543957060895
q50_all_edge40_next_0934_close_negative_signal_bull_c5,2025-02,-0.037131386861313787
q50_all_edge40_next_0934_close_negative_signal_bull_c5,2025-03,0.12159521304103948
q50_all_edge40_next_0934_close_negative_signal_bull_c5,2025-04,-0.05933964127501312
q50_all_edge40_next_0934_close_negative_signal_bull_c5,2025-05,0.16125239024573268
q50_all_edge40_next_0934_close_negative_signal_bull_c5,2025-06,0.03135481263062079
q50_all_edge40_next_0934_close_negative_signal_bull_c5,2025-07,-0.059734029571295144
q50_all_edge40_next_0934_close_negative_signal_bull_c5,2025-08,-0.018053341064510064
q50_all_edge40_next_0934_close_negative_signal_bull_c5,2025-09,0.0
q50_all_edge40_next_0934_close_negative_signal_bull_c5,2025-10,0.09174655387011543
q50_all_edge40_next_0934_close_negative_signal_bull_c5,2025-11,0.018435794248443993
q50_all_edge40_next_0934_close_negative_signal_bull_c5,2025-12,0.06642196017765434
q50_all_edge40_next_0934_close_negative_signal_bull_c5,2026-01,0.1835940139907437
q50_all_edge40_next_0934_close_negative_signal_bull_c5,2026-02,0.08386082809601647
q50_all_edge40_next_0934_close_negative_signal_bull_c5,2026-03,0.13848538869227245
q50_all_edge40_next_0934_close_negative_signal_bull_c5,2026-04,0.0
q50_all_edge40_next_0934_close_positive_signal_inverse_c10,2024-11,-0.0695575871672185
q50_all_edge40_next_0934_close_positive_signal_inverse_c10,2024-12,-0.01461038330907327
q50_all_edge40_next_0934_close_positive_signal_inverse_c10,2025-01,0.010771678243334028
q50_all_edge40_next_0934_close_positive_signal_inverse_c10,2025-02,-0.049606657907894425
q50_all_edge40_next_0934_close_positive_signal_inverse_c10,2025-03,0.13112659768198143
q50_all_edge40_next_0934_close_positive_signal_inverse_c10,2025-04,0.231517095706118
q50_all_edge40_next_0934_close_positive_signal_inverse_c10,2025-05,-0.008917986180624558
q50_all_edge40_next_0934_close_positive_signal_inverse_c10,2025-06,-0.011942303814455484
q50_all_edge40_next_0934_close_positive_signal_inverse_c10,2025-07,0.09431516378249882
q50_all_edge40_next_0934_close_positive_signal_inverse_c10,2025-08,-0.051788649989215396
q50_all_edge40_next_0934_close_positive_signal_inverse_c10,2025-09,0.030858000843955402
q50_all_edge40_next_0934_close_positive_signal_inverse_c10,2025-10,-0.06632214713659745
q50_all_edge40_next_0934_close_positive_signal_inverse_c10,2025-11,0.07838782181095982
q50_all_edge40_next_0934_close_positive_signal_inverse_c10,2025-12,-0.015332624614855184
q50_all_edge40_next_0934_close_positive_signal_inverse_c10,2026-01,-0.04211568266817711
q50_all_edge40_next_0934_close_positive_signal_inverse_c10,2026-02,0.12084799859443318
q50_all_edge40_next_0934_close_positive_signal_inverse_c10,2026-03,-0.08719852017793195
q50_all_edge40_next_0934_close_positive_signal_inverse_c10,2026-04,-0.21233108196902517
q50_all_edge40_next_0934_close_positive_signal_inverse_c5,2024-11,-0.06655758716721849
q50_all_edge40_next_0934_close_positive_signal_inverse_c5,2024-12,-0.01361038330907327
q50_all_edge40_next_0934_close_positive_signal_inverse_c5,2025-01,0.011771678243334027
q50_all_edge40_next_0934_close_positive_signal_inverse_c5,2025-02,-0.04760665790789442
q50_all_edge40_next_0934_close_positive_signal_inverse_c5,2025-03,0.13612659768198143
q50_all_edge40_next_0934_close_positive_signal_inverse_c5,2025-04,0.239517095706118
q50_all_edge40_next_0934_close_positive_signal_inverse_c5,2025-05,-0.006917986180624558
q50_all_edge40_next_0934_close_positive_signal_inverse_c5,2025-06,-0.006942303814455486
q50_all_edge40_next_0934_close_positive_signal_inverse_c5,2025-07,0.09731516378249883
q50_all_edge40_next_0934_close_positive_signal_inverse_c5,2025-08,-0.049788649989215394
q50_all_edge40_next_0934_close_positive_signal_inverse_c5,2025-09,0.032858000843955404
q50_all_edge40_next_0934_close_positive_signal_inverse_c5,2025-10,-0.06432214713659745
q50_all_edge40_next_0934_close_positive_signal_inverse_c5,2025-11,0.08438782181095983
q50_all_edge40_next_0934_close_positive_signal_inverse_c5,2025-12,-0.008332624614855177
q50_all_edge40_next_0934_close_positive_signal_inverse_c5,2026-01,-0.03911568266817711
q50_all_edge40_next_0934_close_positive_signal_inverse_c5,2026-02,0.1278479985944332
q50_all_edge40_next_0934_close_positive_signal_inverse_c5,2026-03,-0.08219852017793194
q50_all_edge40_next_0934_close_positive_signal_inverse_c5,2026-04,-0.20733108196902517
q50_all_edge40_next_open_both_reversal_c10,2024-11,-0.12294299592587177
q50_all_edge40_next_open_both_reversal_c10,2024-12,-0.04744806533720558
q50_all_edge40_next_open_both_reversal_c10,2025-01,-0.10010755163820706
q50_all_edge40_next_open_both_reversal_c10,2025-02,-0.08231652630809982
q50_all_edge40_next_open_both_reversal_c10,2025-03,0.18435816875750655
q50_all_edge40_next_open_both_reversal_c10,2025-04,0.1877428285881616
q50_all_edge40_next_open_both_reversal_c10,2025-05,0.09989545041942782
q50_all_edge40_next_open_both_reversal_c10,2025-06,0.016718707888854767
q50_all_edge40_next_open_both_reversal_c10,2025-07,0.013463485573635747
q50_all_edge40_next_open_both_reversal_c10,2025-08,-0.03338837773206138
q50_all_edge40_next_open_both_reversal_c10,2025-09,0.010665546242942693
q50_all_edge40_next_open_both_reversal_c10,2025-10,0.040227955552955996
q50_all_edge40_next_open_both_reversal_c10,2025-11,0.04726598705545304
q50_all_edge40_next_open_both_reversal_c10,2025-12,0.030339748920575896
q50_all_edge40_next_open_both_reversal_c10,2026-01,0.18007425418477596
q50_all_edge40_next_open_both_reversal_c10,2026-02,0.2686536235192768
q50_all_edge40_next_open_both_reversal_c10,2026-03,0.01752144458802296
q50_all_edge40_next_open_both_reversal_c10,2026-04,-0.13147470766155744
q50_all_edge40_next_open_both_reversal_c5,2024-11,-0.11594299592587176
q50_all_edge40_next_open_both_reversal_c5,2024-12,-0.04544806533720558
q50_all_edge40_next_open_both_reversal_c5,2025-01,-0.09810755163820706
q50_all_edge40_next_open_both_reversal_c5,2025-02,-0.07931652630809982
q50_all_edge40_next_open_both_reversal_c5,2025-03,0.19435816875750656
q50_all_edge40_next_open_both_reversal_c5,2025-04,0.1987428285881616
q50_all_edge40_next_open_both_reversal_c5,2025-05,0.10589545041942783
q50_all_edge40_next_open_both_reversal_c5,2025-06,0.024718707888854774
q50_all_edge40_next_open_both_reversal_c5,2025-07,0.021463485573635754
q50_all_edge40_next_open_both_reversal_c5,2025-08,-0.028388377732061376
q50_all_edge40_next_open_both_reversal_c5,2025-09,0.012665546242942693
q50_all_edge40_next_open_both_reversal_c5,2025-10,0.044227955552956
q50_all_edge40_next_open_both_reversal_c5,2025-11,0.06026598705545305
q50_all_edge40_next_open_both_reversal_c5,2025-12,0.0403397489205759
q50_all_edge40_next_open_both_reversal_c5,2026-01,0.18707425418477597
q50_all_edge40_next_open_both_reversal_c5,2026-02,0.2816536235192768
q50_all_edge40_next_open_both_reversal_c5,2026-03,0.03152144458802297
q50_all_edge40_next_open_both_reversal_c5,2026-04,-0.12647470766155744
q50_all_edge40_next_open_negative_signal_bull_c10,2024-11,-0.03596129805581394
q50_all_edge40_next_open_negative_signal_bull_c10,2024-12,-0.025554809636089693
q50_all_edge40_next_open_negative_signal_bull_c10,2025-01,-0.0839914862113641
q50_all_edge40_next_open_negative_signal_bull_c10,2025-02,-0.04652554744525539
q50_all_edge40_next_open_negative_signal_bull_c10,2025-03,0.07992622796642224
q50_all_edge40_next_open_negative_signal_bull_c10,2025-04,-0.011112242163705988
q50_all_edge40_next_open_negative_signal_bull_c10,2025-05,0.11631419110757524
q50_all_edge40_next_open_negative_signal_bull_c10,2025-06,0.041244476440172706
q50_all_edge40_next_open_negative_signal_bull_c10,2025-07,-0.04876331357603614
q50_all_edge40_next_open_negative_signal_bull_c10,2025-08,0.01309649996330076
q50_all_edge40_next_open_negative_signal_bull_c10,2025-09,0.0
q50_all_edge40_next_open_negative_signal_bull_c10,2025-10,0.07885321583322824
q50_all_edge40_next_open_negative_signal_bull_c10,2025-11,-0.04043756304829615
q50_all_edge40_next_open_negative_signal_bull_c10,2025-12,0.04199437796153882
q50_all_edge40_next_open_negative_signal_bull_c10,2026-01,0.20055474074270085
q50_all_edge40_next_open_negative_signal_bull_c10,2026-02,0.08092854887461187
q50_all_edge40_next_open_negative_signal_bull_c10,2026-03,0.055338265374911266
q50_all_edge40_next_open_negative_signal_bull_c10,2026-04,0.0
q50_all_edge40_next_open_negative_signal_bull_c5,2024-11,-0.031961298055813936
q50_all_edge40_next_open_negative_signal_bull_c5,2024-12,-0.02455480963608969
q50_all_edge40_next_open_negative_signal_bull_c5,2025-01,-0.0829914862113641
q50_all_edge40_next_open_negative_signal_bull_c5,2025-02,-0.04552554744525539
q50_all_edge40_next_open_negative_signal_bull_c5,2025-03,0.08492622796642224
q50_all_edge40_next_open_negative_signal_bull_c5,2025-04,-0.008112242163705985
q50_all_edge40_next_open_negative_signal_bull_c5,2025-05,0.12031419110757524
q50_all_edge40_next_open_negative_signal_bull_c5,2025-06,0.04424447644017271
q50_all_edge40_next_open_negative_signal_bull_c5,2025-07,-0.043763313576036134
q50_all_edge40_next_open_negative_signal_bull_c5,2025-08,0.01609649996330076
q50_all_edge40_next_open_negative_signal_bull_c5,2025-09,0.0
q50_all_edge40_next_open_negative_signal_bull_c5,2025-10,0.08085321583322824
q50_all_edge40_next_open_negative_signal_bull_c5,2025-11,-0.03343756304829615
q50_all_edge40_next_open_negative_signal_bull_c5,2025-12,0.04499437796153882
q50_all_edge40_next_open_negative_signal_bull_c5,2026-01,0.20455474074270086
q50_all_edge40_next_open_negative_signal_bull_c5,2026-02,0.08692854887461188
q50_all_edge40_next_open_negative_signal_bull_c5,2026-03,0.06433826537491127
q50_all_edge40_next_open_negative_signal_bull_c5,2026-04,0.0
q50_all_edge40_next_open_positive_signal_inverse_c10,2024-11,-0.08698169787005783
q50_all_edge40_next_open_positive_signal_inverse_c10,2024-12,-0.021893255701115888
q50_all_edge40_next_open_positive_signal_inverse_c10,2025-01,-0.016116065426842963
q50_all_edge40_next_open_positive_signal_inverse_c10,2025-02,-0.035790978862844436
q50_all_edge40_next_open_positive_signal_inverse_c10,2025-03,0.10443194079108431
q50_all_edge40_next_open_positive_signal_inverse_c10,2025-04,0.1988550707518676
q50_all_edge40_next_open_positive_signal_inverse_c10,2025-05,-0.016418740688147415
q50_all_edge40_next_open_positive_signal_inverse_c10,2025-06,-0.02452576855131794
q50_all_edge40_next_open_positive_signal_inverse_c10,2025-07,0.062226799149671885
q50_all_edge40_next_open_positive_signal_inverse_c10,2025-08,-0.04648487769536214
q50_all_edge40_next_open_positive_signal_inverse_c10,2025-09,0.010665546242942693
q50_all_edge40_next_open_positive_signal_inverse_c10,2025-10,-0.038625260280272244
q50_all_edge40_next_open_positive_signal_inverse_c10,2025-11,0.0877035501037492
q50_all_edge40_next_open_positive_signal_inverse_c10,2025-12,-0.011654629040962925
q50_all_edge40_next_open_positive_signal_inverse_c10,2026-01,-0.020480486557924893
q50_all_edge40_next_open_positive_signal_inverse_c10,2026-02,0.18772507464466492
q50_all_edge40_next_open_positive_signal_inverse_c10,2026-03,-0.037816820786888306
q50_all_edge40_next_open_positive_signal_inverse_c10,2026-04,-0.13147470766155744
q50_all_edge40_next_open_positive_signal_inverse_c5,2024-11,-0.08398169787005783
q50_all_edge40_next_open_positive_signal_inverse_c5,2024-12,-0.020893255701115887
q50_all_edge40_next_open_positive_signal_inverse_c5,2025-01,-0.015116065426842962
q50_all_edge40_next_open_positive_signal_inverse_c5,2025-02,-0.033790978862844434
q50_all_edge40_next_open_positive_signal_inverse_c5,2025-03,0.10943194079108431
q50_all_edge40_next_open_positive_signal_inverse_c5,2025-04,0.2068550707518676
q50_all_edge40_next_open_positive_signal_inverse_c5,2025-05,-0.014418740688147413
q50_all_edge40_next_open_positive_signal_inverse_c5,2025-06,-0.019525768551317935
q50_all_edge40_next_open_positive_signal_inverse_c5,2025-07,0.06522679914967189
q50_all_edge40_next_open_positive_signal_inverse_c5,2025-08,-0.044484877695362135
q50_all_edge40_next_open_positive_signal_inverse_c5,2025-09,0.012665546242942693
q50_all_edge40_next_open_positive_signal_inverse_c5,2025-10,-0.03662526028027224
q50_all_edge40_next_open_positive_signal_inverse_c5,2025-11,0.0937035501037492
q50_all_edge40_next_open_positive_signal_inverse_c5,2025-12,-0.004654629040962921
q50_all_edge40_next_open_positive_signal_inverse_c5,2026-01,-0.01748048655792489
q50_all_edge40_next_open_positive_signal_inverse_c5,2026-02,0.19472507464466493
q50_all_edge40_next_open_positive_signal_inverse_c5,2026-03,-0.0328168207868883
q50_all_edge40_next_open_positive_signal_inverse_c5,2026-04,-0.12647470766155744
q50_edge20_always_next_0934_close_both_reversal_c10,2024-11,0.04328219142540746
q50_edge20_always_next_0934_close_both_reversal_c10,2024-12,-0.03526477778911896
q50_edge20_always_next_0934_close_both_reversal_c10,2025-01,0.011407851219044418
q50_edge20_always_next_0934_close_both_reversal_c10,2025-02,-0.09245171215573
q50_edge20_always_next_0934_close_both_reversal_c10,2025-03,0.29069813889429275
q50_edge20_always_next_0934_close_both_reversal_c10,2025-04,0.30378058378641903
q50_edge20_always_next_0934_close_both_reversal_c10,2025-05,0.0689324124129248
q50_edge20_always_next_0934_close_both_reversal_c10,2025-06,-0.01189605232987289
q50_edge20_always_next_0934_close_both_reversal_c10,2025-07,0.02068582739215785
q50_edge20_always_next_0934_close_both_reversal_c10,2025-08,-0.003100728754032663
q50_edge20_always_next_0934_close_both_reversal_c10,2025-09,-0.09038977418411509
q50_edge20_always_next_0934_close_both_reversal_c10,2025-10,0.2091381676107642
q50_edge20_always_next_0934_close_both_reversal_c10,2025-11,0.09513030706673986
q50_edge20_always_next_0934_close_both_reversal_c10,2025-12,-0.03938801735656261
q50_edge20_always_next_0934_close_both_reversal_c10,2026-01,0.08101944195536903
q50_edge20_always_next_0934_close_both_reversal_c10,2026-02,0.18454962804556996
q50_edge20_always_next_0934_close_both_reversal_c10,2026-03,0.016538112173978048
q50_edge20_always_next_0934_close_both_reversal_c10,2026-04,-0.27706821630556766
q50_edge20_always_next_0934_close_both_reversal_c5,2024-11,0.04828219142540746
q50_edge20_always_next_0934_close_both_reversal_c5,2024-12,-0.030264777789118957
q50_edge20_always_next_0934_close_both_reversal_c5,2025-01,0.01440785121904442
q50_edge20_always_next_0934_close_both_reversal_c5,2025-02,-0.08345171215573
q50_edge20_always_next_0934_close_both_reversal_c5,2025-03,0.29669813889429275
q50_edge20_always_next_0934_close_both_reversal_c5,2025-04,0.31078058378641904
q50_edge20_always_next_0934_close_both_reversal_c5,2025-05,0.07293241241292481
q50_edge20_always_next_0934_close_both_reversal_c5,2025-06,-0.006896052329872893
q50_edge20_always_next_0934_close_both_reversal_c5,2025-07,0.024685827392157855
q50_edge20_always_next_0934_close_both_reversal_c5,2025-08,0.0028992712459673387
q50_edge20_always_next_0934_close_both_reversal_c5,2025-09,-0.08138977418411508
q50_edge20_always_next_0934_close_both_reversal_c5,2025-10,0.2191381676107642
q50_edge20_always_next_0934_close_both_reversal_c5,2025-11,0.10613030706673987
q50_edge20_always_next_0934_close_both_reversal_c5,2025-12,-0.03538801735656261
q50_edge20_always_next_0934_close_both_reversal_c5,2026-01,0.08701944195536904
q50_edge20_always_next_0934_close_both_reversal_c5,2026-02,0.19454962804556997
q50_edge20_always_next_0934_close_both_reversal_c5,2026-03,0.022538112173978053
q50_edge20_always_next_0934_close_both_reversal_c5,2026-04,-0.26706821630556765
q50_edge20_always_next_0934_close_negative_signal_bull_c10,2024-11,0.04940246279122018
q50_edge20_always_next_0934_close_negative_signal_bull_c10,2024-12,-0.008606363740372047
q50_edge20_always_next_0934_close_negative_signal_bull_c10,2025-01,0.0530862641008627
q50_edge20_always_next_0934_close_negative_signal_bull_c10,2025-02,-0.01670846798454262
q50_edge20_always_next_0934_close_negative_signal_bull_c10,2025-03,0.08146544999109362
q50_edge20_always_next_0934_close_negative_signal_bull_c10,2025-04,0.0
q50_edge20_always_next_0934_close_negative_signal_bull_c10,2025-05,0.05959263920838842
q50_edge20_always_next_0934_close_negative_signal_bull_c10,2025-06,-0.015315587104407056
q50_edge20_always_next_0934_close_negative_signal_bull_c10,2025-07,-0.05835221130395529
q50_edge20_always_next_0934_close_negative_signal_bull_c10,2025-08,-0.021053341064510064
q50_edge20_always_next_0934_close_negative_signal_bull_c10,2025-09,0.0
q50_edge20_always_next_0934_close_negative_signal_bull_c10,2025-10,0.22856427532927803
q50_edge20_always_next_0934_close_negative_signal_bull_c10,2025-11,0.03611406934485628
q50_edge20_always_next_0934_close_negative_signal_bull_c10,2025-12,-0.0034791387909013354
q50_edge20_always_next_0934_close_negative_signal_bull_c10,2026-01,0.12313512462354614
q50_edge20_always_next_0934_close_negative_signal_bull_c10,2026-02,0.06273428194948938
q50_edge20_always_next_0934_close_negative_signal_bull_c10,2026-03,0.020500127930256018
q50_edge20_always_next_0934_close_negative_signal_bull_c10,2026-04,0.0792128282697111
q50_edge20_always_next_0934_close_negative_signal_bull_c5,2024-11,0.05240246279122018
q50_edge20_always_next_0934_close_negative_signal_bull_c5,2024-12,-0.0056063637403720445
q50_edge20_always_next_0934_close_negative_signal_bull_c5,2025-01,0.0540862641008627
q50_edge20_always_next_0934_close_negative_signal_bull_c5,2025-02,-0.013708467984542616
q50_edge20_always_next_0934_close_negative_signal_bull_c5,2025-03,0.08346544999109362
q50_edge20_always_next_0934_close_negative_signal_bull_c5,2025-04,0.0
q50_edge20_always_next_0934_close_negative_signal_bull_c5,2025-05,0.06259263920838842
q50_edge20_always_next_0934_close_negative_signal_bull_c5,2025-06,-0.014315587104407057
q50_edge20_always_next_0934_close_negative_signal_bull_c5,2025-07,-0.05635221130395529
q50_edge20_always_next_0934_close_negative_signal_bull_c5,2025-08,-0.018053341064510064
q50_edge20_always_next_0934_close_negative_signal_bull_c5,2025-09,0.0
q50_edge20_always_next_0934_close_negative_signal_bull_c5,2025-10,0.23256427532927804
q50_edge20_always_next_0934_close_negative_signal_bull_c5,2025-11,0.04311406934485629
q50_edge20_always_next_0934_close_negative_signal_bull_c5,2025-12,-0.0024791387909013354
q50_edge20_always_next_0934_close_negative_signal_bull_c5,2026-01,0.12613512462354615
q50_edge20_always_next_0934_close_negative_signal_bull_c5,2026-02,0.06773428194948938
q50_edge20_always_next_0934_close_negative_signal_bull_c5,2026-03,0.02450012793025602
q50_edge20_always_next_0934_close_negative_signal_bull_c5,2026-04,0.0812128282697111
q50_edge20_always_next_0934_close_positive_signal_inverse_c10,2024-11,-0.006120271365812724
q50_edge20_always_next_0934_close_positive_signal_inverse_c10,2024-12,-0.02665841404874691
q50_edge20_always_next_0934_close_positive_signal_inverse_c10,2025-01,-0.04167841288181828
q50_edge20_always_next_0934_close_positive_signal_inverse_c10,2025-02,-0.07574324417118738
q50_edge20_always_next_0934_close_positive_signal_inverse_c10,2025-03,0.20923268890319913
q50_edge20_always_next_0934_close_positive_signal_inverse_c10,2025-04,0.30378058378641903
q50_edge20_always_next_0934_close_positive_signal_inverse_c10,2025-05,0.009339773204536385
q50_edge20_always_next_0934_close_positive_signal_inverse_c10,2025-06,0.0034195347745341626
q50_edge20_always_next_0934_close_positive_signal_inverse_c10,2025-07,0.07903803869611314
q50_edge20_always_next_0934_close_positive_signal_inverse_c10,2025-08,0.0179526123104774
q50_edge20_always_next_0934_close_positive_signal_inverse_c10,2025-09,-0.09038977418411509
q50_edge20_always_next_0934_close_positive_signal_inverse_c10,2025-10,-0.019426107718513826
q50_edge20_always_next_0934_close_positive_signal_inverse_c10,2025-11,0.05901623772188358
q50_edge20_always_next_0934_close_positive_signal_inverse_c10,2025-12,-0.03590887856566127
q50_edge20_always_next_0934_close_positive_signal_inverse_c10,2026-01,-0.04211568266817711
q50_edge20_always_next_0934_close_positive_signal_inverse_c10,2026-02,0.12181534609608058
q50_edge20_always_next_0934_close_positive_signal_inverse_c10,2026-03,-0.00396201575627797
q50_edge20_always_next_0934_close_positive_signal_inverse_c10,2026-04,-0.35628104457527876
q50_edge20_always_next_0934_close_positive_signal_inverse_c5,2024-11,-0.004120271365812722
q50_edge20_always_next_0934_close_positive_signal_inverse_c5,2024-12,-0.024658414048746913
q50_edge20_always_next_0934_close_positive_signal_inverse_c5,2025-01,-0.03967841288181828
q50_edge20_always_next_0934_close_positive_signal_inverse_c5,2025-02,-0.06974324417118738
q50_edge20_always_next_0934_close_positive_signal_inverse_c5,2025-03,0.21323268890319913
q50_edge20_always_next_0934_close_positive_signal_inverse_c5,2025-04,0.31078058378641904
q50_edge20_always_next_0934_close_positive_signal_inverse_c5,2025-05,0.010339773204536384
q50_edge20_always_next_0934_close_positive_signal_inverse_c5,2025-06,0.0074195347745341644
q50_edge20_always_next_0934_close_positive_signal_inverse_c5,2025-07,0.08103803869611315
q50_edge20_always_next_0934_close_positive_signal_inverse_c5,2025-08,0.020952612310477403
q50_edge20_always_next_0934_close_positive_signal_inverse_c5,2025-09,-0.08138977418411508
q50_edge20_always_next_0934_close_positive_signal_inverse_c5,2025-10,-0.013426107718513824
q50_edge20_always_next_0934_close_positive_signal_inverse_c5,2025-11,0.06301623772188358
q50_edge20_always_next_0934_close_positive_signal_inverse_c5,2025-12,-0.03290887856566127
q50_edge20_always_next_0934_close_positive_signal_inverse_c5,2026-01,-0.03911568266817711
q50_edge20_always_next_0934_close_positive_signal_inverse_c5,2026-02,0.12681534609608058
q50_edge20_always_next_0934_close_positive_signal_inverse_c5,2026-03,-0.0019620157562779683
q50_edge20_always_next_0934_close_positive_signal_inverse_c5,2026-04,-0.34828104457527875
q50_edge20_always_next_open_both_reversal_c10,2024-11,-0.0075994958438518855
q50_edge20_always_next_open_both_reversal_c10,2024-12,-0.0703011932491967
q50_edge20_always_next_open_both_reversal_c10,2025-01,7.962124894078833e-05
q50_edge20_always_next_open_both_reversal_c10,2025-02,-0.08099369591968009
q50_edge20_always_next_open_both_reversal_c10,2025-03,0.3141958729521124
q50_edge20_always_next_open_both_reversal_c10,2025-04,0.2870114906598559
q50_edge20_always_next_open_both_reversal_c10,2025-05,0.07054416874868685
q50_edge20_always_next_open_both_reversal_c10,2025-06,0.004211234580750678
q50_edge20_always_next_open_both_reversal_c10,2025-07,0.013888839736545866
q50_edge20_always_next_open_both_reversal_c10,2025-08,0.01997450255782108
q50_edge20_always_next_open_both_reversal_c10,2025-09,-0.06880913501038766
q50_edge20_always_next_open_both_reversal_c10,2025-10,0.2437031600361187
q50_edge20_always_next_open_both_reversal_c10,2025-11,0.062499560866590476
q50_edge20_always_next_open_both_reversal_c10,2025-12,-0.046121487705504505
q50_edge20_always_next_open_both_reversal_c10,2026-01,0.12740356972502576
q50_edge20_always_next_open_both_reversal_c10,2026-02,0.274696239397934
q50_edge20_always_next_open_both_reversal_c10,2026-03,0.00831283320902132
q50_edge20_always_next_open_both_reversal_c10,2026-04,-0.18111053668194688
q50_edge20_always_next_open_both_reversal_c5,2024-11,-0.0025994958438518845
q50_edge20_always_next_open_both_reversal_c5,2024-12,-0.0653011932491967
q50_edge20_always_next_open_both_reversal_c5,2025-01,0.00307962124894079
q50_edge20_always_next_open_both_reversal_c5,2025-02,-0.07199369591968008
q50_edge20_always_next_open_both_reversal_c5,2025-03,0.3201958729521124
q50_edge20_always_next_open_both_reversal_c5,2025-04,0.2940114906598559
q50_edge20_always_next_open_both_reversal_c5,2025-05,0.07454416874868686
q50_edge20_always_next_open_both_reversal_c5,2025-06,0.009211234580750682
q50_edge20_always_next_open_both_reversal_c5,2025-07,0.01788883973654587
q50_edge20_always_next_open_both_reversal_c5,2025-08,0.025974502557821078
q50_edge20_always_next_open_both_reversal_c5,2025-09,-0.05980913501038765
q50_edge20_always_next_open_both_reversal_c5,2025-10,0.2537031600361187
q50_edge20_always_next_open_both_reversal_c5,2025-11,0.07349956086659049
q50_edge20_always_next_open_both_reversal_c5,2025-12,-0.0421214877055045
q50_edge20_always_next_open_both_reversal_c5,2026-01,0.13340356972502576
q50_edge20_always_next_open_both_reversal_c5,2026-02,0.284696239397934
q50_edge20_always_next_open_both_reversal_c5,2026-03,0.014312833209021325
q50_edge20_always_next_open_both_reversal_c5,2026-04,-0.17111053668194687
q50_edge20_always_next_open_negative_signal_bull_c10,2024-11,0.016851710074267334
q50_edge20_always_next_open_negative_signal_bull_c10,2024-12,-0.024313797298320727
q50_edge20_always_next_open_negative_signal_bull_c10,2025-01,0.06070736562707357
q50_edge20_always_next_open_negative_signal_bull_c10,2025-02,0.03344535743061117
q50_edge20_always_next_open_negative_signal_bull_c10,2025-03,0.09143487619164059
q50_edge20_always_next_open_negative_signal_bull_c10,2025-04,0.0
q50_edge20_always_next_open_negative_signal_bull_c10,2025-05,0.048604647539110535
q50_edge20_always_next_open_negative_signal_bull_c10,2025-06,-0.0005211475894706368
q50_edge20_always_next_open_negative_signal_bull_c10,2025-07,-0.04550036438893834
q50_edge20_always_next_open_negative_signal_bull_c10,2025-08,0.01309649996330076
q50_edge20_always_next_open_negative_signal_bull_c10,2025-09,0.0
q50_edge20_always_next_open_negative_signal_bull_c10,2025-10,0.2497877405099036
q50_edge20_always_next_open_negative_signal_bull_c10,2025-11,-0.009200108038625027
q50_edge20_always_next_open_negative_signal_bull_c10,2025-12,-0.010636418927137735
q50_edge20_always_next_open_negative_signal_bull_c10,2026-01,0.14788405628295065
q50_edge20_always_next_open_negative_signal_bull_c10,2026-02,0.06921145404429163
q50_edge20_always_next_open_negative_signal_bull_c10,2026-03,0.0020537978530618117
q50_edge20_always_next_open_negative_signal_bull_c10,2026-04,0.09366007716025515
q50_edge20_always_next_open_negative_signal_bull_c5,2024-11,0.019851710074267337
q50_edge20_always_next_open_negative_signal_bull_c5,2024-12,-0.021313797298320725
q50_edge20_always_next_open_negative_signal_bull_c5,2025-01,0.061707365627073574
q50_edge20_always_next_open_negative_signal_bull_c5,2025-02,0.03644535743061117
q50_edge20_always_next_open_negative_signal_bull_c5,2025-03,0.09343487619164059
q50_edge20_always_next_open_negative_signal_bull_c5,2025-04,0.0
q50_edge20_always_next_open_negative_signal_bull_c5,2025-05,0.05160464753911054
q50_edge20_always_next_open_negative_signal_bull_c5,2025-06,0.0004788524105293632
q50_edge20_always_next_open_negative_signal_bull_c5,2025-07,-0.04350036438893834
q50_edge20_always_next_open_negative_signal_bull_c5,2025-08,0.01609649996330076
q50_edge20_always_next_open_negative_signal_bull_c5,2025-09,0.0
q50_edge20_always_next_open_negative_signal_bull_c5,2025-10,0.2537877405099036
q50_edge20_always_next_open_negative_signal_bull_c5,2025-11,-0.002200108038625026
q50_edge20_always_next_open_negative_signal_bull_c5,2025-12,-0.009636418927137735
q50_edge20_always_next_open_negative_signal_bull_c5,2026-01,0.15088405628295065
q50_edge20_always_next_open_negative_signal_bull_c5,2026-02,0.07421145404429164
q50_edge20_always_next_open_negative_signal_bull_c5,2026-03,0.006053797853061815
q50_edge20_always_next_open_negative_signal_bull_c5,2026-04,0.09566007716025515
q50_edge20_always_next_open_positive_signal_inverse_c10,2024-11,-0.024451205918119223
q50_edge20_always_next_open_positive_signal_inverse_c10,2024-12,-0.045987395950875976
q50_edge20_always_next_open_positive_signal_inverse_c10,2025-01,-0.060627744378132786
q50_edge20_always_next_open_positive_signal_inverse_c10,2025-02,-0.11443905335029125
q50_edge20_always_next_open_positive_signal_inverse_c10,2025-03,0.22276099676047179
q50_edge20_always_next_open_positive_signal_inverse_c10,2025-04,0.2870114906598559
q50_edge20_always_next_open_positive_signal_inverse_c10,2025-05,0.021939521209576318
q50_edge20_always_next_open_positive_signal_inverse_c10,2025-06,0.0047323821702213165
q50_edge20_always_next_open_positive_signal_inverse_c10,2025-07,0.05938920412548421
q50_edge20_always_next_open_positive_signal_inverse_c10,2025-08,0.006878002594520318
q50_edge20_always_next_open_positive_signal_inverse_c10,2025-09,-0.06880913501038766
q50_edge20_always_next_open_positive_signal_inverse_c10,2025-10,-0.006084580473784903
q50_edge20_always_next_open_positive_signal_inverse_c10,2025-11,0.07169966890521551
q50_edge20_always_next_open_positive_signal_inverse_c10,2025-12,-0.03548506877836677
q50_edge20_always_next_open_positive_signal_inverse_c10,2026-01,-0.020480486557924893
q50_edge20_always_next_open_positive_signal_inverse_c10,2026-02,0.20548478535364234
q50_edge20_always_next_open_positive_signal_inverse_c10,2026-03,0.006259035355959508
q50_edge20_always_next_open_positive_signal_inverse_c10,2026-04,-0.274770613842202
q50_edge20_always_next_open_positive_signal_inverse_c5,2024-11,-0.02245120591811922
q50_edge20_always_next_open_positive_signal_inverse_c5,2024-12,-0.043987395950875974
q50_edge20_always_next_open_positive_signal_inverse_c5,2025-01,-0.058627744378132784
q50_edge20_always_next_open_positive_signal_inverse_c5,2025-02,-0.10843905335029125
q50_edge20_always_next_open_positive_signal_inverse_c5,2025-03,0.2267609967604718
q50_edge20_always_next_open_positive_signal_inverse_c5,2025-04,0.2940114906598559
q50_edge20_always_next_open_positive_signal_inverse_c5,2025-05,0.02293952120957632
q50_edge20_always_next_open_positive_signal_inverse_c5,2025-06,0.00873238217022132
q50_edge20_always_next_open_positive_signal_inverse_c5,2025-07,0.06138920412548421
q50_edge20_always_next_open_positive_signal_inverse_c5,2025-08,0.009878002594520319
q50_edge20_always_next_open_positive_signal_inverse_c5,2025-09,-0.05980913501038765
q50_edge20_always_next_open_positive_signal_inverse_c5,2025-10,-8.458047378490097e-05
q50_edge20_always_next_open_positive_signal_inverse_c5,2025-11,0.07569966890521551
q50_edge20_always_next_open_positive_signal_inverse_c5,2025-12,-0.032485068778366766
q50_edge20_always_next_open_positive_signal_inverse_c5,2026-01,-0.01748048655792489
q50_edge20_always_next_open_positive_signal_inverse_c5,2026-02,0.21048478535364235
q50_edge20_always_next_open_positive_signal_inverse_c5,2026-03,0.00825903535595951
q50_edge20_always_next_open_positive_signal_inverse_c5,2026-04,-0.266770613842202
q50_edge20_edge10_next_0934_close_both_reversal_c10,2024-11,-0.020345183437706305
q50_edge20_edge10_next_0934_close_both_reversal_c10,2024-12,0.020345066673223555
q50_edge20_edge10_next_0934_close_both_reversal_c10,2025-01,0.0
q50_edge20_edge10_next_0934_close_both_reversal_c10,2025-02,-0.049606657907894425
q50_edge20_edge10_next_0934_close_both_reversal_c10,2025-03,0.17773722339133025
q50_edge20_edge10_next_0934_close_both_reversal_c10,2025-04,0.324667533568182
q50_edge20_edge10_next_0934_close_both_reversal_c10,2025-05,0.010429508264716003
q50_edge20_edge10_next_0934_close_both_reversal_c10,2025-06,-0.03013716908114194
q50_edge20_edge10_next_0934_close_both_reversal_c10,2025-07,0.02068582739215785
q50_edge20_edge10_next_0934_close_both_reversal_c10,2025-08,-0.029656370635065096
q50_edge20_edge10_next_0934_close_both_reversal_c10,2025-09,0.0
q50_edge20_edge10_next_0934_close_both_reversal_c10,2025-10,0.1376563851478232
q50_edge20_edge10_next_0934_close_both_reversal_c10,2025-11,0.08467768948508525
q50_edge20_edge10_next_0934_close_both_reversal_c10,2025-12,-0.03938801735656261
q50_edge20_edge10_next_0934_close_both_reversal_c10,2026-01,0.0496458648598187
q50_edge20_edge10_next_0934_close_both_reversal_c10,2026-02,0.18454962804556996
q50_edge20_edge10_next_0934_close_both_reversal_c10,2026-03,-0.04471967113859976
q50_edge20_edge10_next_0934_close_both_reversal_c10,2026-04,-0.19945917227541488
q50_edge20_edge10_next_0934_close_both_reversal_c5,2024-11,-0.018345183437706303
q50_edge20_edge10_next_0934_close_both_reversal_c5,2024-12,0.023345066673223558
q50_edge20_edge10_next_0934_close_both_reversal_c5,2025-01,0.0
q50_edge20_edge10_next_0934_close_both_reversal_c5,2025-02,-0.04760665790789442
q50_edge20_edge10_next_0934_close_both_reversal_c5,2025-03,0.18173722339133025
q50_edge20_edge10_next_0934_close_both_reversal_c5,2025-04,0.329667533568182
q50_edge20_edge10_next_0934_close_both_reversal_c5,2025-05,0.012429508264716005
q50_edge20_edge10_next_0934_close_both_reversal_c5,2025-06,-0.026137169081141942
q50_edge20_edge10_next_0934_close_both_reversal_c5,2025-07,0.024685827392157855
q50_edge20_edge10_next_0934_close_both_reversal_c5,2025-08,-0.026656370635065096
q50_edge20_edge10_next_0934_close_both_reversal_c5,2025-09,0.0
q50_edge20_edge10_next_0934_close_both_reversal_c5,2025-10,0.1426563851478232
q50_edge20_edge10_next_0934_close_both_reversal_c5,2025-11,0.09067768948508526
q50_edge20_edge10_next_0934_close_both_reversal_c5,2025-12,-0.03538801735656261
q50_edge20_edge10_next_0934_close_both_reversal_c5,2026-01,0.054645864859818705
q50_edge20_edge10_next_0934_close_both_reversal_c5,2026-02,0.19454962804556997
q50_edge20_edge10_next_0934_close_both_reversal_c5,2026-03,-0.039719671138599755
q50_edge20_edge10_next_0934_close_both_reversal_c5,2026-04,-0.19645917227541487
q50_edge20_edge10_next_0934_close_negative_signal_bull_c10,2024-11,0.011646709549727909
q50_edge20_edge10_next_0934_close_negative_signal_bull_c10,2024-12,0.0323930974128972
q50_edge20_edge10_next_0934_close_negative_signal_bull_c10,2025-01,0.0
q50_edge20_edge10_next_0934_close_negative_signal_bull_c10,2025-02,0.0
q50_edge20_edge10_next_0934_close_negative_signal_bull_c10,2025-03,0.08080621046578473
q50_edge20_edge10_next_0934_close_negative_signal_bull_c10,2025-04,0.0
q50_edge20_edge10_next_0934_close_negative_signal_bull_c10,2025-05,0.010429508264716003
q50_edge20_edge10_next_0934_close_negative_signal_bull_c10,2025-06,-0.015315587104407056
q50_edge20_edge10_next_0934_close_negative_signal_bull_c10,2025-07,-0.05835221130395529
q50_edge20_edge10_next_0934_close_negative_signal_bull_c10,2025-08,-0.03586992299646152
q50_edge20_edge10_next_0934_close_negative_signal_bull_c10,2025-09,0.0
q50_edge20_edge10_next_0934_close_negative_signal_bull_c10,2025-10,0.10438571491781867
q50_edge20_edge10_next_0934_close_negative_signal_bull_c10,2025-11,0.07842932930356383
q50_edge20_edge10_next_0934_close_negative_signal_bull_c10,2025-12,-0.0034791387909013354
q50_edge20_edge10_next_0934_close_negative_signal_bull_c10,2026-01,0.09176154752799581
q50_edge20_edge10_next_0934_close_negative_signal_bull_c10,2026-02,0.06273428194948938
q50_edge20_edge10_next_0934_close_negative_signal_bull_c10,2026-03,0.020500127930256018
q50_edge20_edge10_next_0934_close_negative_signal_bull_c10,2026-04,0.033320892125625834
q50_edge20_edge10_next_0934_close_negative_signal_bull_c5,2024-11,0.012646709549727908
q50_edge20_edge10_next_0934_close_negative_signal_bull_c5,2024-12,0.0343930974128972
q50_edge20_edge10_next_0934_close_negative_signal_bull_c5,2025-01,0.0
q50_edge20_edge10_next_0934_close_negative_signal_bull_c5,2025-02,0.0
q50_edge20_edge10_next_0934_close_negative_signal_bull_c5,2025-03,0.08180621046578473
q50_edge20_edge10_next_0934_close_negative_signal_bull_c5,2025-04,0.0
q50_edge20_edge10_next_0934_close_negative_signal_bull_c5,2025-05,0.012429508264716005
q50_edge20_edge10_next_0934_close_negative_signal_bull_c5,2025-06,-0.014315587104407057
q50_edge20_edge10_next_0934_close_negative_signal_bull_c5,2025-07,-0.05635221130395529
q50_edge20_edge10_next_0934_close_negative_signal_bull_c5,2025-08,-0.03386992299646152
q50_edge20_edge10_next_0934_close_negative_signal_bull_c5,2025-09,0.0
q50_edge20_edge10_next_0934_close_negative_signal_bull_c5,2025-10,0.10638571491781867
q50_edge20_edge10_next_0934_close_negative_signal_bull_c5,2025-11,0.08242932930356384
q50_edge20_edge10_next_0934_close_negative_signal_bull_c5,2025-12,-0.0024791387909013354
q50_edge20_edge10_next_0934_close_negative_signal_bull_c5,2026-01,0.09376154752799581
q50_edge20_edge10_next_0934_close_negative_signal_bull_c5,2026-02,0.06773428194948938
q50_edge20_edge10_next_0934_close_negative_signal_bull_c5,2026-03,0.02450012793025602
q50_edge20_edge10_next_0934_close_negative_signal_bull_c5,2026-04,0.034320892125625835
q50_edge20_edge10_next_0934_close_positive_signal_inverse_c10,2024-11,-0.03199189298743421
q50_edge20_edge10_next_0934_close_positive_signal_inverse_c10,2024-12,-0.012048030739673641
q50_edge20_edge10_next_0934_close_positive_signal_inverse_c10,2025-01,0.0
q50_edge20_edge10_next_0934_close_positive_signal_inverse_c10,2025-02,-0.049606657907894425
q50_edge20_edge10_next_0934_close_positive_signal_inverse_c10,2025-03,0.09693101292554551
q50_edge20_edge10_next_0934_close_positive_signal_inverse_c10,2025-04,0.324667533568182
q50_edge20_edge10_next_0934_close_positive_signal_inverse_c10,2025-05,0.0
q50_edge20_edge10_next_0934_close_positive_signal_inverse_c10,2025-06,-0.014821581976734886
q50_edge20_edge10_next_0934_close_positive_signal_inverse_c10,2025-07,0.07903803869611314
q50_edge20_edge10_next_0934_close_positive_signal_inverse_c10,2025-08,0.006213552361396426
q50_edge20_edge10_next_0934_close_positive_signal_inverse_c10,2025-09,0.0
q50_edge20_edge10_next_0934_close_positive_signal_inverse_c10,2025-10,0.03327067023000452
q50_edge20_edge10_next_0934_close_positive_signal_inverse_c10,2025-11,0.006248360181521417
q50_edge20_edge10_next_0934_close_positive_signal_inverse_c10,2025-12,-0.03590887856566127
q50_edge20_edge10_next_0934_close_positive_signal_inverse_c10,2026-01,-0.04211568266817711
q50_edge20_edge10_next_0934_close_positive_signal_inverse_c10,2026-02,0.12181534609608058
q50_edge20_edge10_next_0934_close_positive_signal_inverse_c10,2026-03,-0.06521979906885578
q50_edge20_edge10_next_0934_close_positive_signal_inverse_c10,2026-04,-0.2327800644010407
q50_edge20_edge10_next_0934_close_positive_signal_inverse_c5,2024-11,-0.03099189298743421
q50_edge20_edge10_next_0934_close_positive_signal_inverse_c5,2024-12,-0.011048030739673642
q50_edge20_edge10_next_0934_close_positive_signal_inverse_c5,2025-01,0.0
q50_edge20_edge10_next_0934_close_positive_signal_inverse_c5,2025-02,-0.04760665790789442
q50_edge20_edge10_next_0934_close_positive_signal_inverse_c5,2025-03,0.09993101292554551
q50_edge20_edge10_next_0934_close_positive_signal_inverse_c5,2025-04,0.329667533568182
q50_edge20_edge10_next_0934_close_positive_signal_inverse_c5,2025-05,0.0
q50_edge20_edge10_next_0934_close_positive_signal_inverse_c5,2025-06,-0.011821581976734885
q50_edge20_edge10_next_0934_close_positive_signal_inverse_c5,2025-07,0.08103803869611315
q50_edge20_edge10_next_0934_close_positive_signal_inverse_c5,2025-08,0.007213552361396426
q50_edge20_edge10_next_0934_close_positive_signal_inverse_c5,2025-09,0.0
q50_edge20_edge10_next_0934_close_positive_signal_inverse_c5,2025-10,0.03627067023000452
q50_edge20_edge10_next_0934_close_positive_signal_inverse_c5,2025-11,0.00824836018152142
q50_edge20_edge10_next_0934_close_positive_signal_inverse_c5,2025-12,-0.03290887856566127
q50_edge20_edge10_next_0934_close_positive_signal_inverse_c5,2026-01,-0.03911568266817711
q50_edge20_edge10_next_0934_close_positive_signal_inverse_c5,2026-02,0.12681534609608058
q50_edge20_edge10_next_0934_close_positive_signal_inverse_c5,2026-03,-0.06421979906885578
q50_edge20_edge10_next_0934_close_positive_signal_inverse_c5,2026-04,-0.2307800644010407
q50_edge20_edge10_next_open_both_reversal_c10,2024-11,-0.03859179226151355
q50_edge20_edge10_next_open_both_reversal_c10,2024-12,-0.022853127911991122
q50_edge20_edge10_next_open_both_reversal_c10,2025-01,0.0
q50_edge20_edge10_next_open_both_reversal_c10,2025-02,-0.035790978862844436
q50_edge20_edge10_next_open_both_reversal_c10,2025-03,0.18489439441033162
q50_edge20_edge10_next_open_both_reversal_c10,2025-04,0.3382657699158328
q50_edge20_edge10_next_open_both_reversal_c10,2025-05,0.011102087187976672
q50_edge20_edge10_next_open_both_reversal_c10,2025-06,-0.02170754714513745
q50_edge20_edge10_next_open_both_reversal_c10,2025-07,0.013888839736545866
q50_edge20_edge10_next_open_both_reversal_c10,2025-08,-0.001079132040429748
q50_edge20_edge10_next_open_both_reversal_c10,2025-09,0.0
q50_edge20_edge10_next_open_both_reversal_c10,2025-10,0.169340299451747
q50_edge20_edge10_next_open_both_reversal_c10,2025-11,0.054198319114850846
q50_edge20_edge10_next_open_both_reversal_c10,2025-12,-0.046121487705504505
q50_edge20_edge10_next_open_both_reversal_c10,2026-01,0.09025213819691258
q50_edge20_edge10_next_open_both_reversal_c10,2026-02,0.274696239397934
q50_edge20_edge10_next_open_both_reversal_c10,2026-03,-0.07100721660417919
q50_edge20_edge10_next_open_both_reversal_c10,2026-04,-0.15919313890585918
q50_edge20_edge10_next_open_both_reversal_c5,2024-11,-0.036591792261513545
q50_edge20_edge10_next_open_both_reversal_c5,2024-12,-0.01985312791199112
q50_edge20_edge10_next_open_both_reversal_c5,2025-01,0.0
q50_edge20_edge10_next_open_both_reversal_c5,2025-02,-0.033790978862844434
q50_edge20_edge10_next_open_both_reversal_c5,2025-03,0.18889439441033162
q50_edge20_edge10_next_open_both_reversal_c5,2025-04,0.3432657699158328
q50_edge20_edge10_next_open_both_reversal_c5,2025-05,0.013102087187976674
q50_edge20_edge10_next_open_both_reversal_c5,2025-06,-0.017707547145137448
q50_edge20_edge10_next_open_both_reversal_c5,2025-07,0.01788883973654587
q50_edge20_edge10_next_open_both_reversal_c5,2025-08,0.001920867959570251
q50_edge20_edge10_next_open_both_reversal_c5,2025-09,0.0
q50_edge20_edge10_next_open_both_reversal_c5,2025-10,0.174340299451747
q50_edge20_edge10_next_open_both_reversal_c5,2025-11,0.06019831911485085
q50_edge20_edge10_next_open_both_reversal_c5,2025-12,-0.0421214877055045
q50_edge20_edge10_next_open_both_reversal_c5,2026-01,0.09525213819691258
q50_edge20_edge10_next_open_both_reversal_c5,2026-02,0.284696239397934
q50_edge20_edge10_next_open_both_reversal_c5,2026-03,-0.06600721660417919
q50_edge20_edge10_next_open_both_reversal_c5,2026-04,-0.15619313890585917
q50_edge20_edge10_next_open_negative_signal_bull_c10,2024-11,-0.0005155863433943236
q50_edge20_edge10_next_open_negative_signal_bull_c10,2024-12,0.0012410123377689652
q50_edge20_edge10_next_open_negative_signal_bull_c10,2025-01,0.0
q50_edge20_edge10_next_open_negative_signal_bull_c10,2025-02,0.0
q50_edge20_edge10_next_open_negative_signal_bull_c10,2025-03,0.06412995974698088
q50_edge20_edge10_next_open_negative_signal_bull_c10,2025-04,0.0
q50_edge20_edge10_next_open_negative_signal_bull_c10,2025-05,0.011102087187976672
q50_edge20_edge10_next_open_negative_signal_bull_c10,2025-06,-0.0005211475894706368
q50_edge20_edge10_next_open_negative_signal_bull_c10,2025-07,-0.04550036438893834
q50_edge20_edge10_next_open_negative_signal_bull_c10,2025-08,-0.010714997885741036
q50_edge20_edge10_next_open_negative_signal_bull_c10,2025-09,0.0
q50_edge20_edge10_next_open_negative_signal_bull_c10,2025-10,0.11360412596782465
q50_edge20_edge10_next_open_negative_signal_bull_c10,2025-11,0.04255702763195091
q50_edge20_edge10_next_open_negative_signal_bull_c10,2025-12,-0.010636418927137735
q50_edge20_edge10_next_open_negative_signal_bull_c10,2026-01,0.11073262475483747
q50_edge20_edge10_next_open_negative_signal_bull_c10,2026-02,0.06921145404429163
q50_edge20_edge10_next_open_negative_signal_bull_c10,2026-03,0.0020537978530618117
q50_edge20_edge10_next_open_negative_signal_bull_c10,2026-04,0.04224214838416018
q50_edge20_edge10_next_open_negative_signal_bull_c5,2024-11,0.00048441365660567646
q50_edge20_edge10_next_open_negative_signal_bull_c5,2024-12,0.003241012337768967
q50_edge20_edge10_next_open_negative_signal_bull_c5,2025-01,0.0
q50_edge20_edge10_next_open_negative_signal_bull_c5,2025-02,0.0
q50_edge20_edge10_next_open_negative_signal_bull_c5,2025-03,0.06512995974698088
q50_edge20_edge10_next_open_negative_signal_bull_c5,2025-04,0.0
q50_edge20_edge10_next_open_negative_signal_bull_c5,2025-05,0.013102087187976674
q50_edge20_edge10_next_open_negative_signal_bull_c5,2025-06,0.0004788524105293632
q50_edge20_edge10_next_open_negative_signal_bull_c5,2025-07,-0.04350036438893834
q50_edge20_edge10_next_open_negative_signal_bull_c5,2025-08,-0.008714997885741036
q50_edge20_edge10_next_open_negative_signal_bull_c5,2025-09,0.0
q50_edge20_edge10_next_open_negative_signal_bull_c5,2025-10,0.11560412596782466
q50_edge20_edge10_next_open_negative_signal_bull_c5,2025-11,0.04655702763195091
q50_edge20_edge10_next_open_negative_signal_bull_c5,2025-12,-0.009636418927137735
q50_edge20_edge10_next_open_negative_signal_bull_c5,2026-01,0.11273262475483747
q50_edge20_edge10_next_open_negative_signal_bull_c5,2026-02,0.07421145404429164
q50_edge20_edge10_next_open_negative_signal_bull_c5,2026-03,0.006053797853061815
q50_edge20_edge10_next_open_negative_signal_bull_c5,2026-04,0.043242148384160184
q50_edge20_edge10_next_open_positive_signal_inverse_c10,2024-11,-0.03807620591811922
q50_edge20_edge10_next_open_positive_signal_inverse_c10,2024-12,-0.024094140249760088
q50_edge20_edge10_next_open_positive_signal_inverse_c10,2025-01,0.0
q50_edge20_edge10_next_open_positive_signal_inverse_c10,2025-02,-0.035790978862844436
q50_edge20_edge10_next_open_positive_signal_inverse_c10,2025-03,0.12076443466335074
q50_edge20_edge10_next_open_positive_signal_inverse_c10,2025-04,0.3382657699158328
q50_edge20_edge10_next_open_positive_signal_inverse_c10,2025-05,0.0
q50_edge20_edge10_next_open_positive_signal_inverse_c10,2025-06,-0.021186399555666813
q50_edge20_edge10_next_open_positive_signal_inverse_c10,2025-07,0.05938920412548421
q50_edge20_edge10_next_open_positive_signal_inverse_c10,2025-08,0.009635865845311288
q50_edge20_edge10_next_open_positive_signal_inverse_c10,2025-09,0.0
q50_edge20_edge10_next_open_positive_signal_inverse_c10,2025-10,0.05573617348392235
q50_edge20_edge10_next_open_positive_signal_inverse_c10,2025-11,0.01164129148289994
q50_edge20_edge10_next_open_positive_signal_inverse_c10,2025-12,-0.03548506877836677
q50_edge20_edge10_next_open_positive_signal_inverse_c10,2026-01,-0.020480486557924893
q50_edge20_edge10_next_open_positive_signal_inverse_c10,2026-02,0.20548478535364234
q50_edge20_edge10_next_open_positive_signal_inverse_c10,2026-03,-0.073061014457241
q50_edge20_edge10_next_open_positive_signal_inverse_c10,2026-04,-0.20143528729001936
q50_edge20_edge10_next_open_positive_signal_inverse_c5,2024-11,-0.03707620591811922
q50_edge20_edge10_next_open_positive_signal_inverse_c5,2024-12,-0.023094140249760087
q50_edge20_edge10_next_open_positive_signal_inverse_c5,2025-01,0.0
q50_edge20_edge10_next_open_positive_signal_inverse_c5,2025-02,-0.033790978862844434
q50_edge20_edge10_next_open_positive_signal_inverse_c5,2025-03,0.12376443466335074
q50_edge20_edge10_next_open_positive_signal_inverse_c5,2025-04,0.3432657699158328
q50_edge20_edge10_next_open_positive_signal_inverse_c5,2025-05,0.0
q50_edge20_edge10_next_open_positive_signal_inverse_c5,2025-06,-0.01818639955566681
q50_edge20_edge10_next_open_positive_signal_inverse_c5,2025-07,0.06138920412548421
q50_edge20_edge10_next_open_positive_signal_inverse_c5,2025-08,0.010635865845311288
q50_edge20_edge10_next_open_positive_signal_inverse_c5,2025-09,0.0
q50_edge20_edge10_next_open_positive_signal_inverse_c5,2025-10,0.05873617348392235
q50_edge20_edge10_next_open_positive_signal_inverse_c5,2025-11,0.013641291482899942
q50_edge20_edge10_next_open_positive_signal_inverse_c5,2025-12,-0.032485068778366766
q50_edge20_edge10_next_open_positive_signal_inverse_c5,2026-01,-0.01748048655792489
q50_edge20_edge10_next_open_positive_signal_inverse_c5,2026-02,0.21048478535364235
q50_edge20_edge10_next_open_positive_signal_inverse_c5,2026-03,-0.072061014457241
q50_edge20_edge10_next_open_positive_signal_inverse_c5,2026-04,-0.19943528729001936
q50_edge20_edge20_next_0934_close_both_reversal_c10,2024-11,0.07411600519798012
q50_edge20_edge20_next_0934_close_both_reversal_c10,2024-12,-0.02665841404874691
q50_edge20_edge20_next_0934_close_both_reversal_c10,2025-01,0.0
q50_edge20_edge20_next_0934_close_both_reversal_c10,2025-02,-0.060145016413990615
q50_edge20_edge20_next_0934_close_both_reversal_c10,2025-03,0.10184777615514962
q50_edge20_edge20_next_0934_close_both_reversal_c10,2025-04,0.30378058378641903
q50_edge20_edge20_next_0934_close_both_reversal_c10,2025-05,0.015053517645141292
q50_edge20_edge20_next_0934_close_both_reversal_c10,2025-06,0.0034195347745341626
q50_edge20_edge20_next_0934_close_both_reversal_c10,2025-07,0.07903803869611314
q50_edge20_edge20_next_0934_close_both_reversal_c10,2025-08,-0.029656370635065096
q50_edge20_edge20_next_0934_close_both_reversal_c10,2025-09,0.024773761713520637
q50_edge20_edge20_next_0934_close_both_reversal_c10,2025-10,0.1376563851478232
q50_edge20_edge20_next_0934_close_both_reversal_c10,2025-11,-0.03258123127552626
q50_edge20_edge20_next_0934_close_both_reversal_c10,2025-12,0.015013729368328125
q50_edge20_edge20_next_0934_close_both_reversal_c10,2026-01,0.08101944195536903
q50_edge20_edge20_next_0934_close_both_reversal_c10,2026-02,0.18454962804556996
q50_edge20_edge20_next_0934_close_both_reversal_c10,2026-03,0.016538112173978048
q50_edge20_edge20_next_0934_close_both_reversal_c10,2026-04,-0.2327800644010407
q50_edge20_edge20_next_0934_close_both_reversal_c5,2024-11,0.07711600519798012
q50_edge20_edge20_next_0934_close_both_reversal_c5,2024-12,-0.024658414048746913
q50_edge20_edge20_next_0934_close_both_reversal_c5,2025-01,0.0
q50_edge20_edge20_next_0934_close_both_reversal_c5,2025-02,-0.05514501641399061
q50_edge20_edge20_next_0934_close_both_reversal_c5,2025-03,0.10484777615514962
q50_edge20_edge20_next_0934_close_both_reversal_c5,2025-04,0.31078058378641904
q50_edge20_edge20_next_0934_close_both_reversal_c5,2025-05,0.018053517645141293
q50_edge20_edge20_next_0934_close_both_reversal_c5,2025-06,0.0074195347745341644
q50_edge20_edge20_next_0934_close_both_reversal_c5,2025-07,0.08103803869611315
q50_edge20_edge20_next_0934_close_both_reversal_c5,2025-08,-0.026656370635065096
q50_edge20_edge20_next_0934_close_both_reversal_c5,2025-09,0.025773761713520638
q50_edge20_edge20_next_0934_close_both_reversal_c5,2025-10,0.1426563851478232
q50_edge20_edge20_next_0934_close_both_reversal_c5,2025-11,-0.028581231275526253
q50_edge20_edge20_next_0934_close_both_reversal_c5,2025-12,0.018013729368328124
q50_edge20_edge20_next_0934_close_both_reversal_c5,2026-01,0.08701944195536904
q50_edge20_edge20_next_0934_close_both_reversal_c5,2026-02,0.19454962804556997
q50_edge20_edge20_next_0934_close_both_reversal_c5,2026-03,0.022538112173978053
q50_edge20_edge20_next_0934_close_both_reversal_c5,2026-04,-0.2307800644010407
q50_edge20_edge20_next_0934_close_negative_signal_bull_c10,2024-11,0.04824438357635863
q50_edge20_edge20_next_0934_close_negative_signal_bull_c10,2024-12,0.0
q50_edge20_edge20_next_0934_close_negative_signal_bull_c10,2025-01,0.0
q50_edge20_edge20_next_0934_close_negative_signal_bull_c10,2025-02,-0.020376452943382195
q50_edge20_edge20_next_0934_close_negative_signal_bull_c10,2025-03,0.08080621046578473
q50_edge20_edge20_next_0934_close_negative_signal_bull_c10,2025-04,0.0
q50_edge20_edge20_next_0934_close_negative_signal_bull_c10,2025-05,0.0057137444406049065
q50_edge20_edge20_next_0934_close_negative_signal_bull_c10,2025-06,0.0
q50_edge20_edge20_next_0934_close_negative_signal_bull_c10,2025-07,0.0
q50_edge20_edge20_next_0934_close_negative_signal_bull_c10,2025-08,-0.03586992299646152
q50_edge20_edge20_next_0934_close_negative_signal_bull_c10,2025-09,0.0
q50_edge20_edge20_next_0934_close_negative_signal_bull_c10,2025-10,0.10438571491781867
q50_edge20_edge20_next_0934_close_negative_signal_bull_c10,2025-11,-0.03258123127552626
q50_edge20_edge20_next_0934_close_negative_signal_bull_c10,2025-12,-0.0034791387909013354
q50_edge20_edge20_next_0934_close_negative_signal_bull_c10,2026-01,0.12313512462354614
q50_edge20_edge20_next_0934_close_negative_signal_bull_c10,2026-02,0.06273428194948938
q50_edge20_edge20_next_0934_close_negative_signal_bull_c10,2026-03,0.020500127930256018
q50_edge20_edge20_next_0934_close_negative_signal_bull_c10,2026-04,0.0
q50_edge20_edge20_next_0934_close_negative_signal_bull_c5,2024-11,0.05024438357635863
q50_edge20_edge20_next_0934_close_negative_signal_bull_c5,2024-12,0.0
q50_edge20_edge20_next_0934_close_negative_signal_bull_c5,2025-01,0.0
q50_edge20_edge20_next_0934_close_negative_signal_bull_c5,2025-02,-0.019376452943382194
q50_edge20_edge20_next_0934_close_negative_signal_bull_c5,2025-03,0.08180621046578473
q50_edge20_edge20_next_0934_close_negative_signal_bull_c5,2025-04,0.0
q50_edge20_edge20_next_0934_close_negative_signal_bull_c5,2025-05,0.007713744440604908
q50_edge20_edge20_next_0934_close_negative_signal_bull_c5,2025-06,0.0
q50_edge20_edge20_next_0934_close_negative_signal_bull_c5,2025-07,0.0
q50_edge20_edge20_next_0934_close_negative_signal_bull_c5,2025-08,-0.03386992299646152
q50_edge20_edge20_next_0934_close_negative_signal_bull_c5,2025-09,0.0
q50_edge20_edge20_next_0934_close_negative_signal_bull_c5,2025-10,0.10638571491781867
q50_edge20_edge20_next_0934_close_negative_signal_bull_c5,2025-11,-0.028581231275526253
q50_edge20_edge20_next_0934_close_negative_signal_bull_c5,2025-12,-0.0024791387909013354
q50_edge20_edge20_next_0934_close_negative_signal_bull_c5,2026-01,0.12613512462354615
q50_edge20_edge20_next_0934_close_negative_signal_bull_c5,2026-02,0.06773428194948938
q50_edge20_edge20_next_0934_close_negative_signal_bull_c5,2026-03,0.02450012793025602
q50_edge20_edge20_next_0934_close_negative_signal_bull_c5,2026-04,0.0
q50_edge20_edge20_next_0934_close_positive_signal_inverse_c10,2024-11,0.025871621621621488
q50_edge20_edge20_next_0934_close_positive_signal_inverse_c10,2024-12,-0.02665841404874691
q50_edge20_edge20_next_0934_close_positive_signal_inverse_c10,2025-01,0.0
q50_edge20_edge20_next_0934_close_positive_signal_inverse_c10,2025-02,-0.03976856347060842
q50_edge20_edge20_next_0934_close_positive_signal_inverse_c10,2025-03,0.021041565689364883
q50_edge20_edge20_next_0934_close_positive_signal_inverse_c10,2025-04,0.30378058378641903
q50_edge20_edge20_next_0934_close_positive_signal_inverse_c10,2025-05,0.009339773204536385
q50_edge20_edge20_next_0934_close_positive_signal_inverse_c10,2025-06,0.0034195347745341626
q50_edge20_edge20_next_0934_close_positive_signal_inverse_c10,2025-07,0.07903803869611314
q50_edge20_edge20_next_0934_close_positive_signal_inverse_c10,2025-08,0.006213552361396426
q50_edge20_edge20_next_0934_close_positive_signal_inverse_c10,2025-09,0.024773761713520637
q50_edge20_edge20_next_0934_close_positive_signal_inverse_c10,2025-10,0.03327067023000452
q50_edge20_edge20_next_0934_close_positive_signal_inverse_c10,2025-11,0.0
q50_edge20_edge20_next_0934_close_positive_signal_inverse_c10,2025-12,0.01849286815922946
q50_edge20_edge20_next_0934_close_positive_signal_inverse_c10,2026-01,-0.04211568266817711
q50_edge20_edge20_next_0934_close_positive_signal_inverse_c10,2026-02,0.12181534609608058
q50_edge20_edge20_next_0934_close_positive_signal_inverse_c10,2026-03,-0.00396201575627797
q50_edge20_edge20_next_0934_close_positive_signal_inverse_c10,2026-04,-0.2327800644010407
q50_edge20_edge20_next_0934_close_positive_signal_inverse_c5,2024-11,0.02687162162162149
q50_edge20_edge20_next_0934_close_positive_signal_inverse_c5,2024-12,-0.024658414048746913
q50_edge20_edge20_next_0934_close_positive_signal_inverse_c5,2025-01,0.0
q50_edge20_edge20_next_0934_close_positive_signal_inverse_c5,2025-02,-0.03576856347060842
q50_edge20_edge20_next_0934_close_positive_signal_inverse_c5,2025-03,0.023041565689364885
q50_edge20_edge20_next_0934_close_positive_signal_inverse_c5,2025-04,0.31078058378641904
q50_edge20_edge20_next_0934_close_positive_signal_inverse_c5,2025-05,0.010339773204536384
q50_edge20_edge20_next_0934_close_positive_signal_inverse_c5,2025-06,0.0074195347745341644
q50_edge20_edge20_next_0934_close_positive_signal_inverse_c5,2025-07,0.08103803869611315
q50_edge20_edge20_next_0934_close_positive_signal_inverse_c5,2025-08,0.007213552361396426
q50_edge20_edge20_next_0934_close_positive_signal_inverse_c5,2025-09,0.025773761713520638
q50_edge20_edge20_next_0934_close_positive_signal_inverse_c5,2025-10,0.03627067023000452
q50_edge20_edge20_next_0934_close_positive_signal_inverse_c5,2025-11,0.0
q50_edge20_edge20_next_0934_close_positive_signal_inverse_c5,2025-12,0.02049286815922946
q50_edge20_edge20_next_0934_close_positive_signal_inverse_c5,2026-01,-0.03911568266817711
q50_edge20_edge20_next_0934_close_positive_signal_inverse_c5,2026-02,0.12681534609608058
q50_edge20_edge20_next_0934_close_positive_signal_inverse_c5,2026-03,-0.0019620157562779683
q50_edge20_edge20_next_0934_close_positive_signal_inverse_c5,2026-04,-0.2307800644010407
q50_edge20_edge20_next_open_both_reversal_c10,2024-11,0.04229094070868733
q50_edge20_edge20_next_open_both_reversal_c10,2024-12,-0.045987395950875976
q50_edge20_edge20_next_open_both_reversal_c10,2025-01,0.0
q50_edge20_edge20_next_open_both_reversal_c10,2025-02,-0.04907924244959715
q50_edge20_edge20_next_open_both_reversal_c10,2025-03,0.11067998905019771
q50_edge20_edge20_next_open_both_reversal_c10,2025-04,0.2870114906598559
q50_edge20_edge20_next_open_both_reversal_c10,2025-05,0.003761099965618242
q50_edge20_edge20_next_open_both_reversal_c10,2025-06,0.0047323821702213165
q50_edge20_edge20_next_open_both_reversal_c10,2025-07,0.05938920412548421
q50_edge20_edge20_next_open_both_reversal_c10,2025-08,-0.001079132040429748
q50_edge20_edge20_next_open_both_reversal_c10,2025-09,0.016741633199464534
q50_edge20_edge20_next_open_both_reversal_c10,2025-10,0.169340299451747
q50_edge20_edge20_next_open_both_reversal_c10,2025-11,-0.04839714725973998
q50_edge20_edge20_next_open_both_reversal_c10,2025-12,-0.007731385813219412
q50_edge20_edge20_next_open_both_reversal_c10,2026-01,0.12740356972502576
q50_edge20_edge20_next_open_both_reversal_c10,2026-02,0.274696239397934
q50_edge20_edge20_next_open_both_reversal_c10,2026-03,0.00831283320902132
q50_edge20_edge20_next_open_both_reversal_c10,2026-04,-0.20143528729001936
q50_edge20_edge20_next_open_both_reversal_c5,2024-11,0.04529094070868733
q50_edge20_edge20_next_open_both_reversal_c5,2024-12,-0.043987395950875974
q50_edge20_edge20_next_open_both_reversal_c5,2025-01,0.0
q50_edge20_edge20_next_open_both_reversal_c5,2025-02,-0.044079242449597156
q50_edge20_edge20_next_open_both_reversal_c5,2025-03,0.11367998905019772
q50_edge20_edge20_next_open_both_reversal_c5,2025-04,0.2940114906598559
q50_edge20_edge20_next_open_both_reversal_c5,2025-05,0.006761099965618245
q50_edge20_edge20_next_open_both_reversal_c5,2025-06,0.00873238217022132
q50_edge20_edge20_next_open_both_reversal_c5,2025-07,0.06138920412548421
q50_edge20_edge20_next_open_both_reversal_c5,2025-08,0.001920867959570251
q50_edge20_edge20_next_open_both_reversal_c5,2025-09,0.017741633199464535
q50_edge20_edge20_next_open_both_reversal_c5,2025-10,0.174340299451747
q50_edge20_edge20_next_open_both_reversal_c5,2025-11,-0.04439714725973998
q50_edge20_edge20_next_open_both_reversal_c5,2025-12,-0.004731385813219413
q50_edge20_edge20_next_open_both_reversal_c5,2026-01,0.13340356972502576
q50_edge20_edge20_next_open_both_reversal_c5,2026-02,0.284696239397934
q50_edge20_edge20_next_open_both_reversal_c5,2026-03,0.014312833209021325
q50_edge20_edge20_next_open_both_reversal_c5,2026-04,-0.19943528729001936
q50_edge20_edge20_next_open_negative_signal_bull_c10,2024-11,0.028665940708687332
q50_edge20_edge20_next_open_negative_signal_bull_c10,2024-12,0.0
q50_edge20_edge20_next_open_negative_signal_bull_c10,2025-01,0.0
q50_edge20_edge20_next_open_negative_signal_bull_c10,2025-02,-0.002562429696287947
q50_edge20_edge20_next_open_negative_signal_bull_c10,2025-03,0.06412995974698088
q50_edge20_edge20_next_open_negative_signal_bull_c10,2025-04,0.0
q50_edge20_edge20_next_open_negative_signal_bull_c10,2025-05,-0.018178421243958076
q50_edge20_edge20_next_open_negative_signal_bull_c10,2025-06,0.0
q50_edge20_edge20_next_open_negative_signal_bull_c10,2025-07,0.0
q50_edge20_edge20_next_open_negative_signal_bull_c10,2025-08,-0.010714997885741036
q50_edge20_edge20_next_open_negative_signal_bull_c10,2025-09,0.0
q50_edge20_edge20_next_open_negative_signal_bull_c10,2025-10,0.11360412596782465
q50_edge20_edge20_next_open_negative_signal_bull_c10,2025-11,-0.04839714725973998
q50_edge20_edge20_next_open_negative_signal_bull_c10,2025-12,-0.010636418927137735
q50_edge20_edge20_next_open_negative_signal_bull_c10,2026-01,0.14788405628295065
q50_edge20_edge20_next_open_negative_signal_bull_c10,2026-02,0.06921145404429163
q50_edge20_edge20_next_open_negative_signal_bull_c10,2026-03,0.0020537978530618117
q50_edge20_edge20_next_open_negative_signal_bull_c10,2026-04,0.0
q50_edge20_edge20_next_open_negative_signal_bull_c5,2024-11,0.030665940708687334
q50_edge20_edge20_next_open_negative_signal_bull_c5,2024-12,0.0
q50_edge20_edge20_next_open_negative_signal_bull_c5,2025-01,0.0
q50_edge20_edge20_next_open_negative_signal_bull_c5,2025-02,-0.0015624296962879472
q50_edge20_edge20_next_open_negative_signal_bull_c5,2025-03,0.06512995974698088
q50_edge20_edge20_next_open_negative_signal_bull_c5,2025-04,0.0
q50_edge20_edge20_next_open_negative_signal_bull_c5,2025-05,-0.016178421243958074
q50_edge20_edge20_next_open_negative_signal_bull_c5,2025-06,0.0
q50_edge20_edge20_next_open_negative_signal_bull_c5,2025-07,0.0
q50_edge20_edge20_next_open_negative_signal_bull_c5,2025-08,-0.008714997885741036
q50_edge20_edge20_next_open_negative_signal_bull_c5,2025-09,0.0
q50_edge20_edge20_next_open_negative_signal_bull_c5,2025-10,0.11560412596782466
q50_edge20_edge20_next_open_negative_signal_bull_c5,2025-11,-0.04439714725973998
q50_edge20_edge20_next_open_negative_signal_bull_c5,2025-12,-0.009636418927137735
q50_edge20_edge20_next_open_negative_signal_bull_c5,2026-01,0.15088405628295065
q50_edge20_edge20_next_open_negative_signal_bull_c5,2026-02,0.07421145404429164
q50_edge20_edge20_next_open_negative_signal_bull_c5,2026-03,0.006053797853061815
q50_edge20_edge20_next_open_negative_signal_bull_c5,2026-04,0.0
q50_edge20_edge20_next_open_positive_signal_inverse_c10,2024-11,0.013625
q50_edge20_edge20_next_open_positive_signal_inverse_c10,2024-12,-0.045987395950875976
q50_edge20_edge20_next_open_positive_signal_inverse_c10,2025-01,0.0
q50_edge20_edge20_next_open_positive_signal_inverse_c10,2025-02,-0.04651681275330921
q50_edge20_edge20_next_open_positive_signal_inverse_c10,2025-03,0.04655002930321683
q50_edge20_edge20_next_open_positive_signal_inverse_c10,2025-04,0.2870114906598559
q50_edge20_edge20_next_open_positive_signal_inverse_c10,2025-05,0.021939521209576318
q50_edge20_edge20_next_open_positive_signal_inverse_c10,2025-06,0.0047323821702213165
q50_edge20_edge20_next_open_positive_signal_inverse_c10,2025-07,0.05938920412548421
q50_edge20_edge20_next_open_positive_signal_inverse_c10,2025-08,0.009635865845311288
q50_edge20_edge20_next_open_positive_signal_inverse_c10,2025-09,0.016741633199464534
q50_edge20_edge20_next_open_positive_signal_inverse_c10,2025-10,0.05573617348392235
q50_edge20_edge20_next_open_positive_signal_inverse_c10,2025-11,0.0
q50_edge20_edge20_next_open_positive_signal_inverse_c10,2025-12,0.0029050331139183223
q50_edge20_edge20_next_open_positive_signal_inverse_c10,2026-01,-0.020480486557924893
q50_edge20_edge20_next_open_positive_signal_inverse_c10,2026-02,0.20548478535364234
q50_edge20_edge20_next_open_positive_signal_inverse_c10,2026-03,0.006259035355959508
q50_edge20_edge20_next_open_positive_signal_inverse_c10,2026-04,-0.20143528729001936
q50_edge20_edge20_next_open_positive_signal_inverse_c5,2024-11,0.014624999999999999
q50_edge20_edge20_next_open_positive_signal_inverse_c5,2024-12,-0.043987395950875974
q50_edge20_edge20_next_open_positive_signal_inverse_c5,2025-01,0.0
q50_edge20_edge20_next_open_positive_signal_inverse_c5,2025-02,-0.04251681275330921
q50_edge20_edge20_next_open_positive_signal_inverse_c5,2025-03,0.048550029303216835
q50_edge20_edge20_next_open_positive_signal_inverse_c5,2025-04,0.2940114906598559
q50_edge20_edge20_next_open_positive_signal_inverse_c5,2025-05,0.02293952120957632
q50_edge20_edge20_next_open_positive_signal_inverse_c5,2025-06,0.00873238217022132
q50_edge20_edge20_next_open_positive_signal_inverse_c5,2025-07,0.06138920412548421
q50_edge20_edge20_next_open_positive_signal_inverse_c5,2025-08,0.010635865845311288
q50_edge20_edge20_next_open_positive_signal_inverse_c5,2025-09,0.017741633199464535
q50_edge20_edge20_next_open_positive_signal_inverse_c5,2025-10,0.05873617348392235
q50_edge20_edge20_next_open_positive_signal_inverse_c5,2025-11,0.0
q50_edge20_edge20_next_open_positive_signal_inverse_c5,2025-12,0.004905033113918322
q50_edge20_edge20_next_open_positive_signal_inverse_c5,2026-01,-0.01748048655792489
q50_edge20_edge20_next_open_positive_signal_inverse_c5,2026-02,0.21048478535364235
q50_edge20_edge20_next_open_positive_signal_inverse_c5,2026-03,0.00825903535595951
q50_edge20_edge20_next_open_positive_signal_inverse_c5,2026-04,-0.19943528729001936
q50_edge20_edge40_next_0934_close_both_reversal_c10,2024-11,0.04328219142540746
q50_edge20_edge40_next_0934_close_both_reversal_c10,2024-12,-0.05560984446234252
q50_edge20_edge40_next_0934_close_both_reversal_c10,2025-01,0.0
q50_edge20_edge40_next_0934_close_both_reversal_c10,2025-02,-0.049606657907894425
q50_edge20_edge40_next_0934_close_both_reversal_c10,2025-03,0.10184777615514962
q50_edge20_edge40_next_0934_close_both_reversal_c10,2025-04,0.30378058378641903
q50_edge20_edge40_next_0934_close_both_reversal_c10,2025-05,0.0689324124129248
q50_edge20_edge40_next_0934_close_both_reversal_c10,2025-06,-0.01189605232987289
q50_edge20_edge40_next_0934_close_both_reversal_c10,2025-07,0.02068582739215785
q50_edge20_edge40_next_0934_close_both_reversal_c10,2025-08,-0.05692668421620406
q50_edge20_edge40_next_0934_close_both_reversal_c10,2025-09,0.030858000843955402
q50_edge20_edge40_next_0934_close_both_reversal_c10,2025-10,-0.010009478672985626
q50_edge20_edge40_next_0934_close_both_reversal_c10,2025-11,0.04233744955890473
q50_edge20_edge40_next_0934_close_both_reversal_c10,2025-12,-0.03938801735656261
q50_edge20_edge40_next_0934_close_both_reversal_c10,2026-01,0.08101944195536903
q50_edge20_edge40_next_0934_close_both_reversal_c10,2026-02,0.18454962804556996
q50_edge20_edge40_next_0934_close_both_reversal_c10,2026-03,0.016538112173978048
q50_edge20_edge40_next_0934_close_both_reversal_c10,2026-04,-0.3044779621457232
q50_edge20_edge40_next_0934_close_both_reversal_c5,2024-11,0.04828219142540746
q50_edge20_edge40_next_0934_close_both_reversal_c5,2024-12,-0.053609844462342515
q50_edge20_edge40_next_0934_close_both_reversal_c5,2025-01,0.0
q50_edge20_edge40_next_0934_close_both_reversal_c5,2025-02,-0.04760665790789442
q50_edge20_edge40_next_0934_close_both_reversal_c5,2025-03,0.10484777615514962
q50_edge20_edge40_next_0934_close_both_reversal_c5,2025-04,0.31078058378641904
q50_edge20_edge40_next_0934_close_both_reversal_c5,2025-05,0.07293241241292481
q50_edge20_edge40_next_0934_close_both_reversal_c5,2025-06,-0.006896052329872893
q50_edge20_edge40_next_0934_close_both_reversal_c5,2025-07,0.024685827392157855
q50_edge20_edge40_next_0934_close_both_reversal_c5,2025-08,-0.052926684216204056
q50_edge20_edge40_next_0934_close_both_reversal_c5,2025-09,0.032858000843955404
q50_edge20_edge40_next_0934_close_both_reversal_c5,2025-10,-0.009009478672985627
q50_edge20_edge40_next_0934_close_both_reversal_c5,2025-11,0.051337449558904735
q50_edge20_edge40_next_0934_close_both_reversal_c5,2025-12,-0.03538801735656261
q50_edge20_edge40_next_0934_close_both_reversal_c5,2026-01,0.08701944195536904
q50_edge20_edge40_next_0934_close_both_reversal_c5,2026-02,0.19454962804556997
q50_edge20_edge40_next_0934_close_both_reversal_c5,2026-03,0.022538112173978053
q50_edge20_edge40_next_0934_close_both_reversal_c5,2026-04,-0.3004779621457232
q50_edge20_edge40_next_0934_close_negative_signal_bull_c10,2024-11,0.04940246279122018
q50_edge20_edge40_next_0934_close_negative_signal_bull_c10,2024-12,-0.040999461153269245
q50_edge20_edge40_next_0934_close_negative_signal_bull_c10,2025-01,0.0
q50_edge20_edge40_next_0934_close_negative_signal_bull_c10,2025-02,0.0
q50_edge20_edge40_next_0934_close_negative_signal_bull_c10,2025-03,0.08080621046578473
q50_edge20_edge40_next_0934_close_negative_signal_bull_c10,2025-04,0.0
q50_edge20_edge40_next_0934_close_negative_signal_bull_c10,2025-05,0.05959263920838842
q50_edge20_edge40_next_0934_close_negative_signal_bull_c10,2025-06,-0.015315587104407056
q50_edge20_edge40_next_0934_close_negative_signal_bull_c10,2025-07,-0.05835221130395529
q50_edge20_edge40_next_0934_close_negative_signal_bull_c10,2025-08,-0.021053341064510064
q50_edge20_edge40_next_0934_close_negative_signal_bull_c10,2025-09,0.0
q50_edge20_edge40_next_0934_close_negative_signal_bull_c10,2025-10,0.0
q50_edge20_edge40_next_0934_close_negative_signal_bull_c10,2025-11,0.009435794248443987
q50_edge20_edge40_next_0934_close_negative_signal_bull_c10,2025-12,-0.0034791387909013354
q50_edge20_edge40_next_0934_close_negative_signal_bull_c10,2026-01,0.12313512462354614
q50_edge20_edge40_next_0934_close_negative_signal_bull_c10,2026-02,0.06273428194948938
q50_edge20_edge40_next_0934_close_negative_signal_bull_c10,2026-03,0.020500127930256018
q50_edge20_edge40_next_0934_close_negative_signal_bull_c10,2026-04,0.0
q50_edge20_edge40_next_0934_close_negative_signal_bull_c5,2024-11,0.05240246279122018
q50_edge20_edge40_next_0934_close_negative_signal_bull_c5,2024-12,-0.039999461153269245
q50_edge20_edge40_next_0934_close_negative_signal_bull_c5,2025-01,0.0
q50_edge20_edge40_next_0934_close_negative_signal_bull_c5,2025-02,0.0
q50_edge20_edge40_next_0934_close_negative_signal_bull_c5,2025-03,0.08180621046578473
q50_edge20_edge40_next_0934_close_negative_signal_bull_c5,2025-04,0.0
q50_edge20_edge40_next_0934_close_negative_signal_bull_c5,2025-05,0.06259263920838842
q50_edge20_edge40_next_0934_close_negative_signal_bull_c5,2025-06,-0.014315587104407057
q50_edge20_edge40_next_0934_close_negative_signal_bull_c5,2025-07,-0.05635221130395529
q50_edge20_edge40_next_0934_close_negative_signal_bull_c5,2025-08,-0.018053341064510064
q50_edge20_edge40_next_0934_close_negative_signal_bull_c5,2025-09,0.0
q50_edge20_edge40_next_0934_close_negative_signal_bull_c5,2025-10,0.0
q50_edge20_edge40_next_0934_close_negative_signal_bull_c5,2025-11,0.01543579424844399
q50_edge20_edge40_next_0934_close_negative_signal_bull_c5,2025-12,-0.0024791387909013354
q50_edge20_edge40_next_0934_close_negative_signal_bull_c5,2026-01,0.12613512462354615
q50_edge20_edge40_next_0934_close_negative_signal_bull_c5,2026-02,0.06773428194948938
q50_edge20_edge40_next_0934_close_negative_signal_bull_c5,2026-03,0.02450012793025602
q50_edge20_edge40_next_0934_close_negative_signal_bull_c5,2026-04,0.0
q50_edge20_edge40_next_0934_close_positive_signal_inverse_c10,2024-11,-0.006120271365812724
q50_edge20_edge40_next_0934_close_positive_signal_inverse_c10,2024-12,-0.01461038330907327
q50_edge20_edge40_next_0934_close_positive_signal_inverse_c10,2025-01,0.0
q50_edge20_edge40_next_0934_close_positive_signal_inverse_c10,2025-02,-0.049606657907894425
q50_edge20_edge40_next_0934_close_positive_signal_inverse_c10,2025-03,0.021041565689364883
q50_edge20_edge40_next_0934_close_positive_signal_inverse_c10,2025-04,0.30378058378641903
q50_edge20_edge40_next_0934_close_positive_signal_inverse_c10,2025-05,0.009339773204536385
q50_edge20_edge40_next_0934_close_positive_signal_inverse_c10,2025-06,0.0034195347745341626
q50_edge20_edge40_next_0934_close_positive_signal_inverse_c10,2025-07,0.07903803869611314
q50_edge20_edge40_next_0934_close_positive_signal_inverse_c10,2025-08,-0.03587334315169399
q50_edge20_edge40_next_0934_close_positive_signal_inverse_c10,2025-09,0.030858000843955402
q50_edge20_edge40_next_0934_close_positive_signal_inverse_c10,2025-10,-0.010009478672985626
q50_edge20_edge40_next_0934_close_positive_signal_inverse_c10,2025-11,0.03290165531046074
q50_edge20_edge40_next_0934_close_positive_signal_inverse_c10,2025-12,-0.03590887856566127
q50_edge20_edge40_next_0934_close_positive_signal_inverse_c10,2026-01,-0.04211568266817711
q50_edge20_edge40_next_0934_close_positive_signal_inverse_c10,2026-02,0.12181534609608058
q50_edge20_edge40_next_0934_close_positive_signal_inverse_c10,2026-03,-0.00396201575627797
q50_edge20_edge40_next_0934_close_positive_signal_inverse_c10,2026-04,-0.3044779621457232
q50_edge20_edge40_next_0934_close_positive_signal_inverse_c5,2024-11,-0.004120271365812722
q50_edge20_edge40_next_0934_close_positive_signal_inverse_c5,2024-12,-0.01361038330907327
q50_edge20_edge40_next_0934_close_positive_signal_inverse_c5,2025-01,0.0
q50_edge20_edge40_next_0934_close_positive_signal_inverse_c5,2025-02,-0.04760665790789442
q50_edge20_edge40_next_0934_close_positive_signal_inverse_c5,2025-03,0.023041565689364885
q50_edge20_edge40_next_0934_close_positive_signal_inverse_c5,2025-04,0.31078058378641904
q50_edge20_edge40_next_0934_close_positive_signal_inverse_c5,2025-05,0.010339773204536384
q50_edge20_edge40_next_0934_close_positive_signal_inverse_c5,2025-06,0.0074195347745341644
q50_edge20_edge40_next_0934_close_positive_signal_inverse_c5,2025-07,0.08103803869611315
q50_edge20_edge40_next_0934_close_positive_signal_inverse_c5,2025-08,-0.03487334315169399
q50_edge20_edge40_next_0934_close_positive_signal_inverse_c5,2025-09,0.032858000843955404
q50_edge20_edge40_next_0934_close_positive_signal_inverse_c5,2025-10,-0.009009478672985627
q50_edge20_edge40_next_0934_close_positive_signal_inverse_c5,2025-11,0.035901655310460745
q50_edge20_edge40_next_0934_close_positive_signal_inverse_c5,2025-12,-0.03290887856566127
q50_edge20_edge40_next_0934_close_positive_signal_inverse_c5,2026-01,-0.03911568266817711
q50_edge20_edge40_next_0934_close_positive_signal_inverse_c5,2026-02,0.12681534609608058
q50_edge20_edge40_next_0934_close_positive_signal_inverse_c5,2026-03,-0.0019620157562779683
q50_edge20_edge40_next_0934_close_positive_signal_inverse_c5,2026-04,-0.3004779621457232
q50_edge20_edge40_next_open_both_reversal_c10,2024-11,-0.0075994958438518855
q50_edge20_edge40_next_open_both_reversal_c10,2024-12,-0.04744806533720558
q50_edge20_edge40_next_open_both_reversal_c10,2025-01,0.0
q50_edge20_edge40_next_open_both_reversal_c10,2025-02,-0.035790978862844436
q50_edge20_edge40_next_open_both_reversal_c10,2025-03,0.11067998905019771
q50_edge20_edge40_next_open_both_reversal_c10,2025-04,0.2870114906598559
q50_edge20_edge40_next_open_both_reversal_c10,2025-05,0.07054416874868685
q50_edge20_edge40_next_open_both_reversal_c10,2025-06,0.004211234580750678
q50_edge20_edge40_next_open_both_reversal_c10,2025-07,0.013888839736545866
q50_edge20_edge40_next_open_both_reversal_c10,2025-08,-0.012467564837877806
q50_edge20_edge40_next_open_both_reversal_c10,2025-09,0.010665546242942693
q50_edge20_edge40_next_open_both_reversal_c10,2025-10,0.014587677725118599
q50_edge20_edge40_next_open_both_reversal_c10,2025-11,0.02402642021652779
q50_edge20_edge40_next_open_both_reversal_c10,2025-12,-0.046121487705504505
q50_edge20_edge40_next_open_both_reversal_c10,2026-01,0.12740356972502576
q50_edge20_edge40_next_open_both_reversal_c10,2026-02,0.274696239397934
q50_edge20_edge40_next_open_both_reversal_c10,2026-03,0.00831283320902132
q50_edge20_edge40_next_open_both_reversal_c10,2026-04,-0.2494360549834791
q50_edge20_edge40_next_open_both_reversal_c5,2024-11,-0.0025994958438518845
q50_edge20_edge40_next_open_both_reversal_c5,2024-12,-0.04544806533720558
q50_edge20_edge40_next_open_both_reversal_c5,2025-01,0.0
q50_edge20_edge40_next_open_both_reversal_c5,2025-02,-0.033790978862844434
q50_edge20_edge40_next_open_both_reversal_c5,2025-03,0.11367998905019772
q50_edge20_edge40_next_open_both_reversal_c5,2025-04,0.2940114906598559
q50_edge20_edge40_next_open_both_reversal_c5,2025-05,0.07454416874868686
q50_edge20_edge40_next_open_both_reversal_c5,2025-06,0.009211234580750682
q50_edge20_edge40_next_open_both_reversal_c5,2025-07,0.01788883973654587
q50_edge20_edge40_next_open_both_reversal_c5,2025-08,-0.008467564837877804
q50_edge20_edge40_next_open_both_reversal_c5,2025-09,0.012665546242942693
q50_edge20_edge40_next_open_both_reversal_c5,2025-10,0.015587677725118598
q50_edge20_edge40_next_open_both_reversal_c5,2025-11,0.033026420216527796
q50_edge20_edge40_next_open_both_reversal_c5,2025-12,-0.0421214877055045
q50_edge20_edge40_next_open_both_reversal_c5,2026-01,0.13340356972502576
q50_edge20_edge40_next_open_both_reversal_c5,2026-02,0.284696239397934
q50_edge20_edge40_next_open_both_reversal_c5,2026-03,0.014312833209021325
q50_edge20_edge40_next_open_both_reversal_c5,2026-04,-0.2454360549834791
q50_edge20_edge40_next_open_negative_signal_bull_c10,2024-11,0.016851710074267334
q50_edge20_edge40_next_open_negative_signal_bull_c10,2024-12,-0.025554809636089693
q50_edge20_edge40_next_open_negative_signal_bull_c10,2025-01,0.0
q50_edge20_edge40_next_open_negative_signal_bull_c10,2025-02,0.0
q50_edge20_edge40_next_open_negative_signal_bull_c10,2025-03,0.06412995974698088
q50_edge20_edge40_next_open_negative_signal_bull_c10,2025-04,0.0
q50_edge20_edge40_next_open_negative_signal_bull_c10,2025-05,0.048604647539110535
q50_edge20_edge40_next_open_negative_signal_bull_c10,2025-06,-0.0005211475894706368
q50_edge20_edge40_next_open_negative_signal_bull_c10,2025-07,-0.04550036438893834
q50_edge20_edge40_next_open_negative_signal_bull_c10,2025-08,0.01309649996330076
q50_edge20_edge40_next_open_negative_signal_bull_c10,2025-09,0.0
q50_edge20_edge40_next_open_negative_signal_bull_c10,2025-10,0.0
q50_edge20_edge40_next_open_negative_signal_bull_c10,2025-11,-0.01713349590820567
q50_edge20_edge40_next_open_negative_signal_bull_c10,2025-12,-0.010636418927137735
q50_edge20_edge40_next_open_negative_signal_bull_c10,2026-01,0.14788405628295065
q50_edge20_edge40_next_open_negative_signal_bull_c10,2026-02,0.06921145404429163
q50_edge20_edge40_next_open_negative_signal_bull_c10,2026-03,0.0020537978530618117
q50_edge20_edge40_next_open_negative_signal_bull_c10,2026-04,0.0
q50_edge20_edge40_next_open_negative_signal_bull_c5,2024-11,0.019851710074267337
q50_edge20_edge40_next_open_negative_signal_bull_c5,2024-12,-0.02455480963608969
q50_edge20_edge40_next_open_negative_signal_bull_c5,2025-01,0.0
q50_edge20_edge40_next_open_negative_signal_bull_c5,2025-02,0.0
q50_edge20_edge40_next_open_negative_signal_bull_c5,2025-03,0.06512995974698088
q50_edge20_edge40_next_open_negative_signal_bull_c5,2025-04,0.0
q50_edge20_edge40_next_open_negative_signal_bull_c5,2025-05,0.05160464753911054
q50_edge20_edge40_next_open_negative_signal_bull_c5,2025-06,0.0004788524105293632
q50_edge20_edge40_next_open_negative_signal_bull_c5,2025-07,-0.04350036438893834
q50_edge20_edge40_next_open_negative_signal_bull_c5,2025-08,0.01609649996330076
q50_edge20_edge40_next_open_negative_signal_bull_c5,2025-09,0.0
q50_edge20_edge40_next_open_negative_signal_bull_c5,2025-10,0.0
q50_edge20_edge40_next_open_negative_signal_bull_c5,2025-11,-0.01113349590820567
q50_edge20_edge40_next_open_negative_signal_bull_c5,2025-12,-0.009636418927137735
q50_edge20_edge40_next_open_negative_signal_bull_c5,2026-01,0.15088405628295065
q50_edge20_edge40_next_open_negative_signal_bull_c5,2026-02,0.07421145404429164
q50_edge20_edge40_next_open_negative_signal_bull_c5,2026-03,0.006053797853061815
q50_edge20_edge40_next_open_negative_signal_bull_c5,2026-04,0.0
q50_edge20_edge40_next_open_positive_signal_inverse_c10,2024-11,-0.024451205918119223
q50_edge20_edge40_next_open_positive_signal_inverse_c10,2024-12,-0.021893255701115888
q50_edge20_edge40_next_open_positive_signal_inverse_c10,2025-01,0.0
q50_edge20_edge40_next_open_positive_signal_inverse_c10,2025-02,-0.035790978862844436
q50_edge20_edge40_next_open_positive_signal_inverse_c10,2025-03,0.04655002930321683
q50_edge20_edge40_next_open_positive_signal_inverse_c10,2025-04,0.2870114906598559
q50_edge20_edge40_next_open_positive_signal_inverse_c10,2025-05,0.021939521209576318
q50_edge20_edge40_next_open_positive_signal_inverse_c10,2025-06,0.0047323821702213165
q50_edge20_edge40_next_open_positive_signal_inverse_c10,2025-07,0.05938920412548421
q50_edge20_edge40_next_open_positive_signal_inverse_c10,2025-08,-0.025564064801178565
q50_edge20_edge40_next_open_positive_signal_inverse_c10,2025-09,0.010665546242942693
q50_edge20_edge40_next_open_positive_signal_inverse_c10,2025-10,0.014587677725118599
q50_edge20_edge40_next_open_positive_signal_inverse_c10,2025-11,0.041159916124733464
q50_edge20_edge40_next_open_positive_signal_inverse_c10,2025-12,-0.03548506877836677
q50_edge20_edge40_next_open_positive_signal_inverse_c10,2026-01,-0.020480486557924893
q50_edge20_edge40_next_open_positive_signal_inverse_c10,2026-02,0.20548478535364234
q50_edge20_edge40_next_open_positive_signal_inverse_c10,2026-03,0.006259035355959508
q50_edge20_edge40_next_open_positive_signal_inverse_c10,2026-04,-0.2494360549834791
q50_edge20_edge40_next_open_positive_signal_inverse_c5,2024-11,-0.02245120591811922
q50_edge20_edge40_next_open_positive_signal_inverse_c5,2024-12,-0.020893255701115887
q50_edge20_edge40_next_open_positive_signal_inverse_c5,2025-01,0.0
q50_edge20_edge40_next_open_positive_signal_inverse_c5,2025-02,-0.033790978862844434
q50_edge20_edge40_next_open_positive_signal_inverse_c5,2025-03,0.048550029303216835
q50_edge20_edge40_next_open_positive_signal_inverse_c5,2025-04,0.2940114906598559
q50_edge20_edge40_next_open_positive_signal_inverse_c5,2025-05,0.02293952120957632
q50_edge20_edge40_next_open_positive_signal_inverse_c5,2025-06,0.00873238217022132
q50_edge20_edge40_next_open_positive_signal_inverse_c5,2025-07,0.06138920412548421
q50_edge20_edge40_next_open_positive_signal_inverse_c5,2025-08,-0.024564064801178565
q50_edge20_edge40_next_open_positive_signal_inverse_c5,2025-09,0.012665546242942693
q50_edge20_edge40_next_open_positive_signal_inverse_c5,2025-10,0.015587677725118598
q50_edge20_edge40_next_open_positive_signal_inverse_c5,2025-11,0.04415991612473347
q50_edge20_edge40_next_open_positive_signal_inverse_c5,2025-12,-0.032485068778366766
q50_edge20_edge40_next_open_positive_signal_inverse_c5,2026-01,-0.01748048655792489
q50_edge20_edge40_next_open_positive_signal_inverse_c5,2026-02,0.21048478535364235
q50_edge20_edge40_next_open_positive_signal_inverse_c5,2026-03,0.00825903535595951
q50_edge20_edge40_next_open_positive_signal_inverse_c5,2026-04,-0.2454360549834791
q50_edge25_always_next_0934_close_both_reversal_c10,2024-11,0.04328219142540746
q50_edge25_always_next_0934_close_both_reversal_c10,2024-12,-0.03526477778911896
q50_edge25_always_next_0934_close_both_reversal_c10,2025-01,-0.022011678618206743
q50_edge25_always_next_0934_close_both_reversal_c10,2025-02,-0.1305830990170438
q50_edge25_always_next_0934_close_both_reversal_c10,2025-03,0.30918317192087963
q50_edge25_always_next_0934_close_both_reversal_c10,2025-04,0.30378058378641903
q50_edge25_always_next_0934_close_both_reversal_c10,2025-05,0.16659216345026906
q50_edge25_always_next_0934_close_both_reversal_c10,2025-06,0.0007253068934279863
q50_edge25_always_next_0934_close_both_reversal_c10,2025-07,0.02068582739215785
q50_edge25_always_next_0934_close_both_reversal_c10,2025-08,-0.003100728754032663
q50_edge25_always_next_0934_close_both_reversal_c10,2025-09,-0.08281345381266991
q50_edge25_always_next_0934_close_both_reversal_c10,2025-10,0.2091381676107642
q50_edge25_always_next_0934_close_both_reversal_c10,2025-11,0.09713030706673986
q50_edge25_always_next_0934_close_both_reversal_c10,2025-12,-0.029619309873569304
q50_edge25_always_next_0934_close_both_reversal_c10,2026-01,0.1374783313225666
q50_edge25_always_next_0934_close_both_reversal_c10,2026-02,0.18358228054392256
q50_edge25_always_next_0934_close_both_reversal_c10,2026-03,0.062246250621124766
q50_edge25_always_next_0934_close_both_reversal_c10,2026-04,-0.27706821630556766
q50_edge25_always_next_0934_close_both_reversal_c5,2024-11,0.04828219142540746
q50_edge25_always_next_0934_close_both_reversal_c5,2024-12,-0.030264777789118957
q50_edge25_always_next_0934_close_both_reversal_c5,2025-01,-0.01801167861820674
q50_edge25_always_next_0934_close_both_reversal_c5,2025-02,-0.12058309901704378
q50_edge25_always_next_0934_close_both_reversal_c5,2025-03,0.31818317192087964
q50_edge25_always_next_0934_close_both_reversal_c5,2025-04,0.31078058378641904
q50_edge25_always_next_0934_close_both_reversal_c5,2025-05,0.17159216345026906
q50_edge25_always_next_0934_close_both_reversal_c5,2025-06,0.006725306893427985
q50_edge25_always_next_0934_close_both_reversal_c5,2025-07,0.024685827392157855
q50_edge25_always_next_0934_close_both_reversal_c5,2025-08,0.0028992712459673387
q50_edge25_always_next_0934_close_both_reversal_c5,2025-09,-0.0728134538126699
q50_edge25_always_next_0934_close_both_reversal_c5,2025-10,0.2191381676107642
q50_edge25_always_next_0934_close_both_reversal_c5,2025-11,0.10913030706673987
q50_edge25_always_next_0934_close_both_reversal_c5,2025-12,-0.024619309873569306
q50_edge25_always_next_0934_close_both_reversal_c5,2026-01,0.1444783313225666
q50_edge25_always_next_0934_close_both_reversal_c5,2026-02,0.19558228054392257
q50_edge25_always_next_0934_close_both_reversal_c5,2026-03,0.06924625062112477
q50_edge25_always_next_0934_close_both_reversal_c5,2026-04,-0.26706821630556765
q50_edge25_always_next_0934_close_negative_signal_bull_c10,2024-11,0.04940246279122018
q50_edge25_always_next_0934_close_negative_signal_bull_c10,2024-12,-0.008606363740372047
q50_edge25_always_next_0934_close_negative_signal_bull_c10,2025-01,0.0530862641008627
q50_edge25_always_next_0934_close_negative_signal_bull_c10,2025-02,-0.054839854845856406
q50_edge25_always_next_0934_close_negative_signal_bull_c10,2025-03,0.0999504830176805
q50_edge25_always_next_0934_close_negative_signal_bull_c10,2025-04,0.0
q50_edge25_always_next_0934_close_negative_signal_bull_c10,2025-05,0.15725239024573268
q50_edge25_always_next_0934_close_negative_signal_bull_c10,2025-06,-0.002694227881106178
q50_edge25_always_next_0934_close_negative_signal_bull_c10,2025-07,-0.05835221130395529
q50_edge25_always_next_0934_close_negative_signal_bull_c10,2025-08,-0.021053341064510064
q50_edge25_always_next_0934_close_negative_signal_bull_c10,2025-09,0.007576320371445179
q50_edge25_always_next_0934_close_negative_signal_bull_c10,2025-10,0.22856427532927803
q50_edge25_always_next_0934_close_negative_signal_bull_c10,2025-11,0.03811406934485629
q50_edge25_always_next_0934_close_negative_signal_bull_c10,2025-12,-0.0034791387909013354
q50_edge25_always_next_0934_close_negative_signal_bull_c10,2026-01,0.1795940139907437
q50_edge25_always_next_0934_close_negative_signal_bull_c10,2026-02,0.06273428194948938
q50_edge25_always_next_0934_close_negative_signal_bull_c10,2026-03,0.06620826637740274
q50_edge25_always_next_0934_close_negative_signal_bull_c10,2026-04,0.0792128282697111
q50_edge25_always_next_0934_close_negative_signal_bull_c5,2024-11,0.05240246279122018
q50_edge25_always_next_0934_close_negative_signal_bull_c5,2024-12,-0.0056063637403720445
q50_edge25_always_next_0934_close_negative_signal_bull_c5,2025-01,0.0540862641008627
q50_edge25_always_next_0934_close_negative_signal_bull_c5,2025-02,-0.0508398548458564
q50_edge25_always_next_0934_close_negative_signal_bull_c5,2025-03,0.10495048301768051
q50_edge25_always_next_0934_close_negative_signal_bull_c5,2025-04,0.0
q50_edge25_always_next_0934_close_negative_signal_bull_c5,2025-05,0.16125239024573268
q50_edge25_always_next_0934_close_negative_signal_bull_c5,2025-06,-0.0006942278811061797
q50_edge25_always_next_0934_close_negative_signal_bull_c5,2025-07,-0.05635221130395529
q50_edge25_always_next_0934_close_negative_signal_bull_c5,2025-08,-0.018053341064510064
q50_edge25_always_next_0934_close_negative_signal_bull_c5,2025-09,0.008576320371445179
q50_edge25_always_next_0934_close_negative_signal_bull_c5,2025-10,0.23256427532927804
q50_edge25_always_next_0934_close_negative_signal_bull_c5,2025-11,0.04611406934485629
q50_edge25_always_next_0934_close_negative_signal_bull_c5,2025-12,-0.0024791387909013354
q50_edge25_always_next_0934_close_negative_signal_bull_c5,2026-01,0.1835940139907437
q50_edge25_always_next_0934_close_negative_signal_bull_c5,2026-02,0.06773428194948938
q50_edge25_always_next_0934_close_negative_signal_bull_c5,2026-03,0.07120826637740274
q50_edge25_always_next_0934_close_negative_signal_bull_c5,2026-04,0.0812128282697111
q50_edge25_always_next_0934_close_positive_signal_inverse_c10,2024-11,-0.006120271365812724
q50_edge25_always_next_0934_close_positive_signal_inverse_c10,2024-12,-0.02665841404874691
q50_edge25_always_next_0934_close_positive_signal_inverse_c10,2025-01,-0.07509794271906944
q50_edge25_always_next_0934_close_positive_signal_inverse_c10,2025-02,-0.07574324417118738
q50_edge25_always_next_0934_close_positive_signal_inverse_c10,2025-03,0.20923268890319913
q50_edge25_always_next_0934_close_positive_signal_inverse_c10,2025-04,0.30378058378641903
q50_edge25_always_next_0934_close_positive_signal_inverse_c10,2025-05,0.009339773204536385
q50_edge25_always_next_0934_close_positive_signal_inverse_c10,2025-06,0.0034195347745341626
q50_edge25_always_next_0934_close_positive_signal_inverse_c10,2025-07,0.07903803869611314
q50_edge25_always_next_0934_close_positive_signal_inverse_c10,2025-08,0.0179526123104774
q50_edge25_always_next_0934_close_positive_signal_inverse_c10,2025-09,-0.09038977418411509
q50_edge25_always_next_0934_close_positive_signal_inverse_c10,2025-10,-0.019426107718513826
q50_edge25_always_next_0934_close_positive_signal_inverse_c10,2025-11,0.05901623772188358
q50_edge25_always_next_0934_close_positive_signal_inverse_c10,2025-12,-0.02614017108266797
q50_edge25_always_next_0934_close_positive_signal_inverse_c10,2026-01,-0.04211568266817711
q50_edge25_always_next_0934_close_positive_signal_inverse_c10,2026-02,0.12084799859443318
q50_edge25_always_next_0934_close_positive_signal_inverse_c10,2026-03,-0.00396201575627797
q50_edge25_always_next_0934_close_positive_signal_inverse_c10,2026-04,-0.35628104457527876
q50_edge25_always_next_0934_close_positive_signal_inverse_c5,2024-11,-0.004120271365812722
q50_edge25_always_next_0934_close_positive_signal_inverse_c5,2024-12,-0.024658414048746913
q50_edge25_always_next_0934_close_positive_signal_inverse_c5,2025-01,-0.07209794271906944
q50_edge25_always_next_0934_close_positive_signal_inverse_c5,2025-02,-0.06974324417118738
q50_edge25_always_next_0934_close_positive_signal_inverse_c5,2025-03,0.21323268890319913
q50_edge25_always_next_0934_close_positive_signal_inverse_c5,2025-04,0.31078058378641904
q50_edge25_always_next_0934_close_positive_signal_inverse_c5,2025-05,0.010339773204536384
q50_edge25_always_next_0934_close_positive_signal_inverse_c5,2025-06,0.0074195347745341644
q50_edge25_always_next_0934_close_positive_signal_inverse_c5,2025-07,0.08103803869611315
q50_edge25_always_next_0934_close_positive_signal_inverse_c5,2025-08,0.020952612310477403
q50_edge25_always_next_0934_close_positive_signal_inverse_c5,2025-09,-0.08138977418411508
q50_edge25_always_next_0934_close_positive_signal_inverse_c5,2025-10,-0.013426107718513824
q50_edge25_always_next_0934_close_positive_signal_inverse_c5,2025-11,0.06301623772188358
q50_edge25_always_next_0934_close_positive_signal_inverse_c5,2025-12,-0.02214017108266797
q50_edge25_always_next_0934_close_positive_signal_inverse_c5,2026-01,-0.03911568266817711
q50_edge25_always_next_0934_close_positive_signal_inverse_c5,2026-02,0.1278479985944332
q50_edge25_always_next_0934_close_positive_signal_inverse_c5,2026-03,-0.0019620157562779683
q50_edge25_always_next_0934_close_positive_signal_inverse_c5,2026-04,-0.34828104457527875
q50_edge25_always_next_open_both_reversal_c10,2024-11,-0.0075994958438518855
q50_edge25_always_next_open_both_reversal_c10,2024-12,-0.0703011932491967
q50_edge25_always_next_open_both_reversal_c10,2025-01,-0.023168118353229072
q50_edge25_always_next_open_both_reversal_c10,2025-02,-0.12751924336493548
q50_edge25_always_next_open_both_reversal_c10,2025-03,0.33253591496165713
q50_edge25_always_next_open_both_reversal_c10,2025-04,0.2870114906598559
q50_edge25_always_next_open_both_reversal_c10,2025-05,0.13825371231715156
q50_edge25_always_next_open_both_reversal_c10,2025-06,0.013861720017643745
q50_edge25_always_next_open_both_reversal_c10,2025-07,0.013888839736545866
q50_edge25_always_next_open_both_reversal_c10,2025-08,0.01997450255782108
q50_edge25_always_next_open_both_reversal_c10,2025-09,-0.0638445383766093
q50_edge25_always_next_open_both_reversal_c10,2025-10,0.2437031600361187
q50_edge25_always_next_open_both_reversal_c10,2025-11,0.0391954937265
q50_edge25_always_next_open_both_reversal_c10,2025-12,-0.0447201271612867
q50_edge25_always_next_open_both_reversal_c10,2026-01,0.18007425418477596
q50_edge25_always_next_open_both_reversal_c10,2026-02,0.25693652868895656
q50_edge25_always_next_open_both_reversal_c10,2026-03,0.053272608700134394
q50_edge25_always_next_open_both_reversal_c10,2026-04,-0.18111053668194688
q50_edge25_always_next_open_both_reversal_c5,2024-11,-0.0025994958438518845
q50_edge25_always_next_open_both_reversal_c5,2024-12,-0.0653011932491967
q50_edge25_always_next_open_both_reversal_c5,2025-01,-0.01916811835322907
q50_edge25_always_next_open_both_reversal_c5,2025-02,-0.11751924336493547
q50_edge25_always_next_open_both_reversal_c5,2025-03,0.34153591496165714
q50_edge25_always_next_open_both_reversal_c5,2025-04,0.2940114906598559
q50_edge25_always_next_open_both_reversal_c5,2025-05,0.14325371231715156
q50_edge25_always_next_open_both_reversal_c5,2025-06,0.019861720017643747
q50_edge25_always_next_open_both_reversal_c5,2025-07,0.01788883973654587
q50_edge25_always_next_open_both_reversal_c5,2025-08,0.025974502557821078
q50_edge25_always_next_open_both_reversal_c5,2025-09,-0.0538445383766093
q50_edge25_always_next_open_both_reversal_c5,2025-10,0.2537031600361187
q50_edge25_always_next_open_both_reversal_c5,2025-11,0.05119549372650001
q50_edge25_always_next_open_both_reversal_c5,2025-12,-0.0397201271612867
q50_edge25_always_next_open_both_reversal_c5,2026-01,0.18707425418477597
q50_edge25_always_next_open_both_reversal_c5,2026-02,0.26893652868895657
q50_edge25_always_next_open_both_reversal_c5,2026-03,0.0602726087001344
q50_edge25_always_next_open_both_reversal_c5,2026-04,-0.17111053668194687
q50_edge25_always_next_open_negative_signal_bull_c10,2024-11,0.016851710074267334
q50_edge25_always_next_open_negative_signal_bull_c10,2024-12,-0.024313797298320727
q50_edge25_always_next_open_negative_signal_bull_c10,2025-01,0.06070736562707357
q50_edge25_always_next_open_negative_signal_bull_c10,2025-02,-0.01308019001464422
q50_edge25_always_next_open_negative_signal_bull_c10,2025-03,0.10977491820118535
q50_edge25_always_next_open_negative_signal_bull_c10,2025-04,0.0
q50_edge25_always_next_open_negative_signal_bull_c10,2025-05,0.11631419110757524
q50_edge25_always_next_open_negative_signal_bull_c10,2025-06,0.009129337847422429
q50_edge25_always_next_open_negative_signal_bull_c10,2025-07,-0.04550036438893834
q50_edge25_always_next_open_negative_signal_bull_c10,2025-08,0.01309649996330076
q50_edge25_always_next_open_negative_signal_bull_c10,2025-09,0.004964596633778353
q50_edge25_always_next_open_negative_signal_bull_c10,2025-10,0.2497877405099036
q50_edge25_always_next_open_negative_signal_bull_c10,2025-11,-0.032504175178715504
q50_edge25_always_next_open_negative_signal_bull_c10,2025-12,-0.010636418927137735
q50_edge25_always_next_open_negative_signal_bull_c10,2026-01,0.20055474074270085
q50_edge25_always_next_open_negative_signal_bull_c10,2026-02,0.06921145404429163
q50_edge25_always_next_open_negative_signal_bull_c10,2026-03,0.047013573344174886
q50_edge25_always_next_open_negative_signal_bull_c10,2026-04,0.09366007716025515
q50_edge25_always_next_open_negative_signal_bull_c5,2024-11,0.019851710074267337
q50_edge25_always_next_open_negative_signal_bull_c5,2024-12,-0.021313797298320725
q50_edge25_always_next_open_negative_signal_bull_c5,2025-01,0.061707365627073574
q50_edge25_always_next_open_negative_signal_bull_c5,2025-02,-0.009080190014644218
q50_edge25_always_next_open_negative_signal_bull_c5,2025-03,0.11477491820118535
q50_edge25_always_next_open_negative_signal_bull_c5,2025-04,0.0
q50_edge25_always_next_open_negative_signal_bull_c5,2025-05,0.12031419110757524
q50_edge25_always_next_open_negative_signal_bull_c5,2025-06,0.011129337847422427
q50_edge25_always_next_open_negative_signal_bull_c5,2025-07,-0.04350036438893834
q50_edge25_always_next_open_negative_signal_bull_c5,2025-08,0.01609649996330076
q50_edge25_always_next_open_negative_signal_bull_c5,2025-09,0.005964596633778353
q50_edge25_always_next_open_negative_signal_bull_c5,2025-10,0.2537877405099036
q50_edge25_always_next_open_negative_signal_bull_c5,2025-11,-0.024504175178715504
q50_edge25_always_next_open_negative_signal_bull_c5,2025-12,-0.009636418927137735
q50_edge25_always_next_open_negative_signal_bull_c5,2026-01,0.20455474074270086
q50_edge25_always_next_open_negative_signal_bull_c5,2026-02,0.07421145404429164
q50_edge25_always_next_open_negative_signal_bull_c5,2026-03,0.05201357334417489
q50_edge25_always_next_open_negative_signal_bull_c5,2026-04,0.09566007716025515
q50_edge25_always_next_open_positive_signal_inverse_c10,2024-11,-0.024451205918119223
q50_edge25_always_next_open_positive_signal_inverse_c10,2024-12,-0.045987395950875976
q50_edge25_always_next_open_positive_signal_inverse_c10,2025-01,-0.08387548398030265
q50_edge25_always_next_open_positive_signal_inverse_c10,2025-02,-0.11443905335029125
q50_edge25_always_next_open_positive_signal_inverse_c10,2025-03,0.22276099676047179
q50_edge25_always_next_open_positive_signal_inverse_c10,2025-04,0.2870114906598559
q50_edge25_always_next_open_positive_signal_inverse_c10,2025-05,0.021939521209576318
q50_edge25_always_next_open_positive_signal_inverse_c10,2025-06,0.0047323821702213165
q50_edge25_always_next_open_positive_signal_inverse_c10,2025-07,0.05938920412548421
q50_edge25_always_next_open_positive_signal_inverse_c10,2025-08,0.006878002594520318
q50_edge25_always_next_open_positive_signal_inverse_c10,2025-09,-0.06880913501038766
q50_edge25_always_next_open_positive_signal_inverse_c10,2025-10,-0.006084580473784903
q50_edge25_always_next_open_positive_signal_inverse_c10,2025-11,0.07169966890521551
q50_edge25_always_next_open_positive_signal_inverse_c10,2025-12,-0.03408370823414897
q50_edge25_always_next_open_positive_signal_inverse_c10,2026-01,-0.020480486557924893
q50_edge25_always_next_open_positive_signal_inverse_c10,2026-02,0.18772507464466492
q50_edge25_always_next_open_positive_signal_inverse_c10,2026-03,0.006259035355959508
q50_edge25_always_next_open_positive_signal_inverse_c10,2026-04,-0.274770613842202
q50_edge25_always_next_open_positive_signal_inverse_c5,2024-11,-0.02245120591811922
q50_edge25_always_next_open_positive_signal_inverse_c5,2024-12,-0.043987395950875974
q50_edge25_always_next_open_positive_signal_inverse_c5,2025-01,-0.08087548398030264
q50_edge25_always_next_open_positive_signal_inverse_c5,2025-02,-0.10843905335029125
q50_edge25_always_next_open_positive_signal_inverse_c5,2025-03,0.2267609967604718
q50_edge25_always_next_open_positive_signal_inverse_c5,2025-04,0.2940114906598559
q50_edge25_always_next_open_positive_signal_inverse_c5,2025-05,0.02293952120957632
q50_edge25_always_next_open_positive_signal_inverse_c5,2025-06,0.00873238217022132
q50_edge25_always_next_open_positive_signal_inverse_c5,2025-07,0.06138920412548421
q50_edge25_always_next_open_positive_signal_inverse_c5,2025-08,0.009878002594520319
q50_edge25_always_next_open_positive_signal_inverse_c5,2025-09,-0.05980913501038765
q50_edge25_always_next_open_positive_signal_inverse_c5,2025-10,-8.458047378490097e-05
q50_edge25_always_next_open_positive_signal_inverse_c5,2025-11,0.07569966890521551
q50_edge25_always_next_open_positive_signal_inverse_c5,2025-12,-0.030083708234148965
q50_edge25_always_next_open_positive_signal_inverse_c5,2026-01,-0.01748048655792489
q50_edge25_always_next_open_positive_signal_inverse_c5,2026-02,0.19472507464466493
q50_edge25_always_next_open_positive_signal_inverse_c5,2026-03,0.00825903535595951
q50_edge25_always_next_open_positive_signal_inverse_c5,2026-04,-0.266770613842202
q50_edge25_edge10_next_0934_close_both_reversal_c10,2024-11,-0.020345183437706305
q50_edge25_edge10_next_0934_close_both_reversal_c10,2024-12,0.020345066673223555
q50_edge25_edge10_next_0934_close_both_reversal_c10,2025-01,0.0
q50_edge25_edge10_next_0934_close_both_reversal_c10,2025-02,-0.049606657907894425
q50_edge25_edge10_next_0934_close_both_reversal_c10,2025-03,0.19622225641791713
q50_edge25_edge10_next_0934_close_both_reversal_c10,2025-04,0.324667533568182
q50_edge25_edge10_next_0934_close_both_reversal_c10,2025-05,0.10808925930206026
q50_edge25_edge10_next_0934_close_both_reversal_c10,2025-06,-0.017515809857841062
q50_edge25_edge10_next_0934_close_both_reversal_c10,2025-07,0.02068582739215785
q50_edge25_edge10_next_0934_close_both_reversal_c10,2025-08,-0.029656370635065096
q50_edge25_edge10_next_0934_close_both_reversal_c10,2025-09,0.0
q50_edge25_edge10_next_0934_close_both_reversal_c10,2025-10,0.1376563851478232
q50_edge25_edge10_next_0934_close_both_reversal_c10,2025-11,0.08467768948508525
q50_edge25_edge10_next_0934_close_both_reversal_c10,2025-12,-0.029619309873569304
q50_edge25_edge10_next_0934_close_both_reversal_c10,2026-01,0.0496458648598187
q50_edge25_edge10_next_0934_close_both_reversal_c10,2026-02,0.18358228054392256
q50_edge25_edge10_next_0934_close_both_reversal_c10,2026-03,0.0009884673085469586
q50_edge25_edge10_next_0934_close_both_reversal_c10,2026-04,-0.19945917227541488
q50_edge25_edge10_next_0934_close_both_reversal_c5,2024-11,-0.018345183437706303
q50_edge25_edge10_next_0934_close_both_reversal_c5,2024-12,0.023345066673223558
q50_edge25_edge10_next_0934_close_both_reversal_c5,2025-01,0.0
q50_edge25_edge10_next_0934_close_both_reversal_c5,2025-02,-0.04760665790789442
q50_edge25_edge10_next_0934_close_both_reversal_c5,2025-03,0.20322225641791714
q50_edge25_edge10_next_0934_close_both_reversal_c5,2025-04,0.329667533568182
q50_edge25_edge10_next_0934_close_both_reversal_c5,2025-05,0.11108925930206026
q50_edge25_edge10_next_0934_close_both_reversal_c5,2025-06,-0.012515809857841065
q50_edge25_edge10_next_0934_close_both_reversal_c5,2025-07,0.024685827392157855
q50_edge25_edge10_next_0934_close_both_reversal_c5,2025-08,-0.026656370635065096
q50_edge25_edge10_next_0934_close_both_reversal_c5,2025-09,0.0
q50_edge25_edge10_next_0934_close_both_reversal_c5,2025-10,0.1426563851478232
q50_edge25_edge10_next_0934_close_both_reversal_c5,2025-11,0.09067768948508526
q50_edge25_edge10_next_0934_close_both_reversal_c5,2025-12,-0.024619309873569306
q50_edge25_edge10_next_0934_close_both_reversal_c5,2026-01,0.054645864859818705
q50_edge25_edge10_next_0934_close_both_reversal_c5,2026-02,0.19558228054392257
q50_edge25_edge10_next_0934_close_both_reversal_c5,2026-03,0.006988467308546964
q50_edge25_edge10_next_0934_close_both_reversal_c5,2026-04,-0.19645917227541487
q50_edge25_edge10_next_0934_close_negative_signal_bull_c10,2024-11,0.011646709549727909
q50_edge25_edge10_next_0934_close_negative_signal_bull_c10,2024-12,0.0323930974128972
q50_edge25_edge10_next_0934_close_negative_signal_bull_c10,2025-01,0.0
q50_edge25_edge10_next_0934_close_negative_signal_bull_c10,2025-02,0.0
q50_edge25_edge10_next_0934_close_negative_signal_bull_c10,2025-03,0.09929124349237162
q50_edge25_edge10_next_0934_close_negative_signal_bull_c10,2025-04,0.0
q50_edge25_edge10_next_0934_close_negative_signal_bull_c10,2025-05,0.10808925930206026
q50_edge25_edge10_next_0934_close_negative_signal_bull_c10,2025-06,-0.002694227881106178
q50_edge25_edge10_next_0934_close_negative_signal_bull_c10,2025-07,-0.05835221130395529
q50_edge25_edge10_next_0934_close_negative_signal_bull_c10,2025-08,-0.03586992299646152
q50_edge25_edge10_next_0934_close_negative_signal_bull_c10,2025-09,0.0
q50_edge25_edge10_next_0934_close_negative_signal_bull_c10,2025-10,0.10438571491781867
q50_edge25_edge10_next_0934_close_negative_signal_bull_c10,2025-11,0.07842932930356383
q50_edge25_edge10_next_0934_close_negative_signal_bull_c10,2025-12,-0.0034791387909013354
q50_edge25_edge10_next_0934_close_negative_signal_bull_c10,2026-01,0.09176154752799581
q50_edge25_edge10_next_0934_close_negative_signal_bull_c10,2026-02,0.06273428194948938
q50_edge25_edge10_next_0934_close_negative_signal_bull_c10,2026-03,0.06620826637740274
q50_edge25_edge10_next_0934_close_negative_signal_bull_c10,2026-04,0.033320892125625834
q50_edge25_edge10_next_0934_close_negative_signal_bull_c5,2024-11,0.012646709549727908
q50_edge25_edge10_next_0934_close_negative_signal_bull_c5,2024-12,0.0343930974128972
q50_edge25_edge10_next_0934_close_negative_signal_bull_c5,2025-01,0.0
q50_edge25_edge10_next_0934_close_negative_signal_bull_c5,2025-02,0.0
q50_edge25_edge10_next_0934_close_negative_signal_bull_c5,2025-03,0.10329124349237162
q50_edge25_edge10_next_0934_close_negative_signal_bull_c5,2025-04,0.0
q50_edge25_edge10_next_0934_close_negative_signal_bull_c5,2025-05,0.11108925930206026
q50_edge25_edge10_next_0934_close_negative_signal_bull_c5,2025-06,-0.0006942278811061797
q50_edge25_edge10_next_0934_close_negative_signal_bull_c5,2025-07,-0.05635221130395529
q50_edge25_edge10_next_0934_close_negative_signal_bull_c5,2025-08,-0.03386992299646152
q50_edge25_edge10_next_0934_close_negative_signal_bull_c5,2025-09,0.0
q50_edge25_edge10_next_0934_close_negative_signal_bull_c5,2025-10,0.10638571491781867
q50_edge25_edge10_next_0934_close_negative_signal_bull_c5,2025-11,0.08242932930356384
q50_edge25_edge10_next_0934_close_negative_signal_bull_c5,2025-12,-0.0024791387909013354
q50_edge25_edge10_next_0934_close_negative_signal_bull_c5,2026-01,0.09376154752799581
q50_edge25_edge10_next_0934_close_negative_signal_bull_c5,2026-02,0.06773428194948938
q50_edge25_edge10_next_0934_close_negative_signal_bull_c5,2026-03,0.07120826637740274
q50_edge25_edge10_next_0934_close_negative_signal_bull_c5,2026-04,0.034320892125625835
q50_edge25_edge10_next_0934_close_positive_signal_inverse_c10,2024-11,-0.03199189298743421
q50_edge25_edge10_next_0934_close_positive_signal_inverse_c10,2024-12,-0.012048030739673641
q50_edge25_edge10_next_0934_close_positive_signal_inverse_c10,2025-01,0.0
q50_edge25_edge10_next_0934_close_positive_signal_inverse_c10,2025-02,-0.049606657907894425
q50_edge25_edge10_next_0934_close_positive_signal_inverse_c10,2025-03,0.09693101292554551
q50_edge25_edge10_next_0934_close_positive_signal_inverse_c10,2025-04,0.324667533568182
q50_edge25_edge10_next_0934_close_positive_signal_inverse_c10,2025-05,0.0
q50_edge25_edge10_next_0934_close_positive_signal_inverse_c10,2025-06,-0.014821581976734886
q50_edge25_edge10_next_0934_close_positive_signal_inverse_c10,2025-07,0.07903803869611314
q50_edge25_edge10_next_0934_close_positive_signal_inverse_c10,2025-08,0.006213552361396426
q50_edge25_edge10_next_0934_close_positive_signal_inverse_c10,2025-09,0.0
q50_edge25_edge10_next_0934_close_positive_signal_inverse_c10,2025-10,0.03327067023000452
q50_edge25_edge10_next_0934_close_positive_signal_inverse_c10,2025-11,0.006248360181521417
q50_edge25_edge10_next_0934_close_positive_signal_inverse_c10,2025-12,-0.02614017108266797
q50_edge25_edge10_next_0934_close_positive_signal_inverse_c10,2026-01,-0.04211568266817711
q50_edge25_edge10_next_0934_close_positive_signal_inverse_c10,2026-02,0.12084799859443318
q50_edge25_edge10_next_0934_close_positive_signal_inverse_c10,2026-03,-0.06521979906885578
q50_edge25_edge10_next_0934_close_positive_signal_inverse_c10,2026-04,-0.2327800644010407
q50_edge25_edge10_next_0934_close_positive_signal_inverse_c5,2024-11,-0.03099189298743421
q50_edge25_edge10_next_0934_close_positive_signal_inverse_c5,2024-12,-0.011048030739673642
q50_edge25_edge10_next_0934_close_positive_signal_inverse_c5,2025-01,0.0
q50_edge25_edge10_next_0934_close_positive_signal_inverse_c5,2025-02,-0.04760665790789442
q50_edge25_edge10_next_0934_close_positive_signal_inverse_c5,2025-03,0.09993101292554551
q50_edge25_edge10_next_0934_close_positive_signal_inverse_c5,2025-04,0.329667533568182
q50_edge25_edge10_next_0934_close_positive_signal_inverse_c5,2025-05,0.0
q50_edge25_edge10_next_0934_close_positive_signal_inverse_c5,2025-06,-0.011821581976734885
q50_edge25_edge10_next_0934_close_positive_signal_inverse_c5,2025-07,0.08103803869611315
q50_edge25_edge10_next_0934_close_positive_signal_inverse_c5,2025-08,0.007213552361396426
q50_edge25_edge10_next_0934_close_positive_signal_inverse_c5,2025-09,0.0
q50_edge25_edge10_next_0934_close_positive_signal_inverse_c5,2025-10,0.03627067023000452
q50_edge25_edge10_next_0934_close_positive_signal_inverse_c5,2025-11,0.00824836018152142
q50_edge25_edge10_next_0934_close_positive_signal_inverse_c5,2025-12,-0.02214017108266797
q50_edge25_edge10_next_0934_close_positive_signal_inverse_c5,2026-01,-0.03911568266817711
q50_edge25_edge10_next_0934_close_positive_signal_inverse_c5,2026-02,0.1278479985944332
q50_edge25_edge10_next_0934_close_positive_signal_inverse_c5,2026-03,-0.06421979906885578
q50_edge25_edge10_next_0934_close_positive_signal_inverse_c5,2026-04,-0.2307800644010407
q50_edge25_edge10_next_open_both_reversal_c10,2024-11,-0.03859179226151355
q50_edge25_edge10_next_open_both_reversal_c10,2024-12,-0.022853127911991122
q50_edge25_edge10_next_open_both_reversal_c10,2025-01,0.0
q50_edge25_edge10_next_open_both_reversal_c10,2025-02,-0.035790978862844436
q50_edge25_edge10_next_open_both_reversal_c10,2025-03,0.20323443641987637
q50_edge25_edge10_next_open_both_reversal_c10,2025-04,0.3382657699158328
q50_edge25_edge10_next_open_both_reversal_c10,2025-05,0.07881163075644138
q50_edge25_edge10_next_open_both_reversal_c10,2025-06,-0.012057061708244384
q50_edge25_edge10_next_open_both_reversal_c10,2025-07,0.013888839736545866
q50_edge25_edge10_next_open_both_reversal_c10,2025-08,-0.001079132040429748
q50_edge25_edge10_next_open_both_reversal_c10,2025-09,0.0
q50_edge25_edge10_next_open_both_reversal_c10,2025-10,0.169340299451747
q50_edge25_edge10_next_open_both_reversal_c10,2025-11,0.054198319114850846
q50_edge25_edge10_next_open_both_reversal_c10,2025-12,-0.0447201271612867
q50_edge25_edge10_next_open_both_reversal_c10,2026-01,0.09025213819691258
q50_edge25_edge10_next_open_both_reversal_c10,2026-02,0.25693652868895656
q50_edge25_edge10_next_open_both_reversal_c10,2026-03,-0.026047441113066117
q50_edge25_edge10_next_open_both_reversal_c10,2026-04,-0.15919313890585918
q50_edge25_edge10_next_open_both_reversal_c5,2024-11,-0.036591792261513545
q50_edge25_edge10_next_open_both_reversal_c5,2024-12,-0.01985312791199112
q50_edge25_edge10_next_open_both_reversal_c5,2025-01,0.0
q50_edge25_edge10_next_open_both_reversal_c5,2025-02,-0.033790978862844434
q50_edge25_edge10_next_open_both_reversal_c5,2025-03,0.21023443641987638
q50_edge25_edge10_next_open_both_reversal_c5,2025-04,0.3432657699158328
q50_edge25_edge10_next_open_both_reversal_c5,2025-05,0.08181163075644138
q50_edge25_edge10_next_open_both_reversal_c5,2025-06,-0.007057061708244383
q50_edge25_edge10_next_open_both_reversal_c5,2025-07,0.01788883973654587
q50_edge25_edge10_next_open_both_reversal_c5,2025-08,0.001920867959570251
q50_edge25_edge10_next_open_both_reversal_c5,2025-09,0.0
q50_edge25_edge10_next_open_both_reversal_c5,2025-10,0.174340299451747
q50_edge25_edge10_next_open_both_reversal_c5,2025-11,0.06019831911485085
q50_edge25_edge10_next_open_both_reversal_c5,2025-12,-0.0397201271612867
q50_edge25_edge10_next_open_both_reversal_c5,2026-01,0.09525213819691258
q50_edge25_edge10_next_open_both_reversal_c5,2026-02,0.26893652868895657
q50_edge25_edge10_next_open_both_reversal_c5,2026-03,-0.02004744111306611
q50_edge25_edge10_next_open_both_reversal_c5,2026-04,-0.15619313890585917
q50_edge25_edge10_next_open_negative_signal_bull_c10,2024-11,-0.0005155863433943236
q50_edge25_edge10_next_open_negative_signal_bull_c10,2024-12,0.0012410123377689652
q50_edge25_edge10_next_open_negative_signal_bull_c10,2025-01,0.0
q50_edge25_edge10_next_open_negative_signal_bull_c10,2025-02,0.0
q50_edge25_edge10_next_open_negative_signal_bull_c10,2025-03,0.08247000175652563
q50_edge25_edge10_next_open_negative_signal_bull_c10,2025-04,0.0
q50_edge25_edge10_next_open_negative_signal_bull_c10,2025-05,0.07881163075644138
q50_edge25_edge10_next_open_negative_signal_bull_c10,2025-06,0.009129337847422429
q50_edge25_edge10_next_open_negative_signal_bull_c10,2025-07,-0.04550036438893834
q50_edge25_edge10_next_open_negative_signal_bull_c10,2025-08,-0.010714997885741036
q50_edge25_edge10_next_open_negative_signal_bull_c10,2025-09,0.0
q50_edge25_edge10_next_open_negative_signal_bull_c10,2025-10,0.11360412596782465
q50_edge25_edge10_next_open_negative_signal_bull_c10,2025-11,0.04255702763195091
q50_edge25_edge10_next_open_negative_signal_bull_c10,2025-12,-0.010636418927137735
q50_edge25_edge10_next_open_negative_signal_bull_c10,2026-01,0.11073262475483747
q50_edge25_edge10_next_open_negative_signal_bull_c10,2026-02,0.06921145404429163
q50_edge25_edge10_next_open_negative_signal_bull_c10,2026-03,0.047013573344174886
q50_edge25_edge10_next_open_negative_signal_bull_c10,2026-04,0.04224214838416018
q50_edge25_edge10_next_open_negative_signal_bull_c5,2024-11,0.00048441365660567646
q50_edge25_edge10_next_open_negative_signal_bull_c5,2024-12,0.003241012337768967
q50_edge25_edge10_next_open_negative_signal_bull_c5,2025-01,0.0
q50_edge25_edge10_next_open_negative_signal_bull_c5,2025-02,0.0
q50_edge25_edge10_next_open_negative_signal_bull_c5,2025-03,0.08647000175652564
q50_edge25_edge10_next_open_negative_signal_bull_c5,2025-04,0.0
q50_edge25_edge10_next_open_negative_signal_bull_c5,2025-05,0.08181163075644138
q50_edge25_edge10_next_open_negative_signal_bull_c5,2025-06,0.011129337847422427
q50_edge25_edge10_next_open_negative_signal_bull_c5,2025-07,-0.04350036438893834
q50_edge25_edge10_next_open_negative_signal_bull_c5,2025-08,-0.008714997885741036
q50_edge25_edge10_next_open_negative_signal_bull_c5,2025-09,0.0
q50_edge25_edge10_next_open_negative_signal_bull_c5,2025-10,0.11560412596782466
q50_edge25_edge10_next_open_negative_signal_bull_c5,2025-11,0.04655702763195091
q50_edge25_edge10_next_open_negative_signal_bull_c5,2025-12,-0.009636418927137735
q50_edge25_edge10_next_open_negative_signal_bull_c5,2026-01,0.11273262475483747
q50_edge25_edge10_next_open_negative_signal_bull_c5,2026-02,0.07421145404429164
q50_edge25_edge10_next_open_negative_signal_bull_c5,2026-03,0.05201357334417489
q50_edge25_edge10_next_open_negative_signal_bull_c5,2026-04,0.043242148384160184
q50_edge25_edge10_next_open_positive_signal_inverse_c10,2024-11,-0.03807620591811922
q50_edge25_edge10_next_open_positive_signal_inverse_c10,2024-12,-0.024094140249760088
q50_edge25_edge10_next_open_positive_signal_inverse_c10,2025-01,0.0
q50_edge25_edge10_next_open_positive_signal_inverse_c10,2025-02,-0.035790978862844436
q50_edge25_edge10_next_open_positive_signal_inverse_c10,2025-03,0.12076443466335074
q50_edge25_edge10_next_open_positive_signal_inverse_c10,2025-04,0.3382657699158328
q50_edge25_edge10_next_open_positive_signal_inverse_c10,2025-05,0.0
q50_edge25_edge10_next_open_positive_signal_inverse_c10,2025-06,-0.021186399555666813
q50_edge25_edge10_next_open_positive_signal_inverse_c10,2025-07,0.05938920412548421
q50_edge25_edge10_next_open_positive_signal_inverse_c10,2025-08,0.009635865845311288
q50_edge25_edge10_next_open_positive_signal_inverse_c10,2025-09,0.0
q50_edge25_edge10_next_open_positive_signal_inverse_c10,2025-10,0.05573617348392235
q50_edge25_edge10_next_open_positive_signal_inverse_c10,2025-11,0.01164129148289994
q50_edge25_edge10_next_open_positive_signal_inverse_c10,2025-12,-0.03408370823414897
q50_edge25_edge10_next_open_positive_signal_inverse_c10,2026-01,-0.020480486557924893
q50_edge25_edge10_next_open_positive_signal_inverse_c10,2026-02,0.18772507464466492
q50_edge25_edge10_next_open_positive_signal_inverse_c10,2026-03,-0.073061014457241
q50_edge25_edge10_next_open_positive_signal_inverse_c10,2026-04,-0.20143528729001936
q50_edge25_edge10_next_open_positive_signal_inverse_c5,2024-11,-0.03707620591811922
q50_edge25_edge10_next_open_positive_signal_inverse_c5,2024-12,-0.023094140249760087
q50_edge25_edge10_next_open_positive_signal_inverse_c5,2025-01,0.0
q50_edge25_edge10_next_open_positive_signal_inverse_c5,2025-02,-0.033790978862844434
q50_edge25_edge10_next_open_positive_signal_inverse_c5,2025-03,0.12376443466335074
q50_edge25_edge10_next_open_positive_signal_inverse_c5,2025-04,0.3432657699158328
q50_edge25_edge10_next_open_positive_signal_inverse_c5,2025-05,0.0
q50_edge25_edge10_next_open_positive_signal_inverse_c5,2025-06,-0.01818639955566681
q50_edge25_edge10_next_open_positive_signal_inverse_c5,2025-07,0.06138920412548421
q50_edge25_edge10_next_open_positive_signal_inverse_c5,2025-08,0.010635865845311288
q50_edge25_edge10_next_open_positive_signal_inverse_c5,2025-09,0.0
q50_edge25_edge10_next_open_positive_signal_inverse_c5,2025-10,0.05873617348392235
q50_edge25_edge10_next_open_positive_signal_inverse_c5,2025-11,0.013641291482899942
q50_edge25_edge10_next_open_positive_signal_inverse_c5,2025-12,-0.030083708234148965
q50_edge25_edge10_next_open_positive_signal_inverse_c5,2026-01,-0.01748048655792489
q50_edge25_edge10_next_open_positive_signal_inverse_c5,2026-02,0.19472507464466493
q50_edge25_edge10_next_open_positive_signal_inverse_c5,2026-03,-0.072061014457241
q50_edge25_edge10_next_open_positive_signal_inverse_c5,2026-04,-0.19943528729001936
q50_edge25_edge20_next_0934_close_both_reversal_c10,2024-11,0.07411600519798012
q50_edge25_edge20_next_0934_close_both_reversal_c10,2024-12,-0.02665841404874691
q50_edge25_edge20_next_0934_close_both_reversal_c10,2025-01,0.0
q50_edge25_edge20_next_0934_close_both_reversal_c10,2025-02,-0.0982764032753044
q50_edge25_edge20_next_0934_close_both_reversal_c10,2025-03,0.1203328091817365
q50_edge25_edge20_next_0934_close_both_reversal_c10,2025-04,0.30378058378641903
q50_edge25_edge20_next_0934_close_both_reversal_c10,2025-05,0.11271326868248555
q50_edge25_edge20_next_0934_close_both_reversal_c10,2025-06,0.016040893997835044
q50_edge25_edge20_next_0934_close_both_reversal_c10,2025-07,0.07903803869611314
q50_edge25_edge20_next_0934_close_both_reversal_c10,2025-08,-0.029656370635065096
q50_edge25_edge20_next_0934_close_both_reversal_c10,2025-09,0.024773761713520637
q50_edge25_edge20_next_0934_close_both_reversal_c10,2025-10,0.1376563851478232
q50_edge25_edge20_next_0934_close_both_reversal_c10,2025-11,-0.03258123127552626
q50_edge25_edge20_next_0934_close_both_reversal_c10,2025-12,0.024782436851321428
q50_edge25_edge20_next_0934_close_both_reversal_c10,2026-01,0.1374783313225666
q50_edge25_edge20_next_0934_close_both_reversal_c10,2026-02,0.18358228054392256
q50_edge25_edge20_next_0934_close_both_reversal_c10,2026-03,0.062246250621124766
q50_edge25_edge20_next_0934_close_both_reversal_c10,2026-04,-0.2327800644010407
q50_edge25_edge20_next_0934_close_both_reversal_c5,2024-11,0.07711600519798012
q50_edge25_edge20_next_0934_close_both_reversal_c5,2024-12,-0.024658414048746913
q50_edge25_edge20_next_0934_close_both_reversal_c5,2025-01,0.0
q50_edge25_edge20_next_0934_close_both_reversal_c5,2025-02,-0.0922764032753044
q50_edge25_edge20_next_0934_close_both_reversal_c5,2025-03,0.1263328091817365
q50_edge25_edge20_next_0934_close_both_reversal_c5,2025-04,0.31078058378641904
q50_edge25_edge20_next_0934_close_both_reversal_c5,2025-05,0.11671326868248555
q50_edge25_edge20_next_0934_close_both_reversal_c5,2025-06,0.021040893997835042
q50_edge25_edge20_next_0934_close_both_reversal_c5,2025-07,0.08103803869611315
q50_edge25_edge20_next_0934_close_both_reversal_c5,2025-08,-0.026656370635065096
q50_edge25_edge20_next_0934_close_both_reversal_c5,2025-09,0.025773761713520638
q50_edge25_edge20_next_0934_close_both_reversal_c5,2025-10,0.1426563851478232
q50_edge25_edge20_next_0934_close_both_reversal_c5,2025-11,-0.028581231275526253
q50_edge25_edge20_next_0934_close_both_reversal_c5,2025-12,0.028782436851321425
q50_edge25_edge20_next_0934_close_both_reversal_c5,2026-01,0.1444783313225666
q50_edge25_edge20_next_0934_close_both_reversal_c5,2026-02,0.19558228054392257
q50_edge25_edge20_next_0934_close_both_reversal_c5,2026-03,0.06924625062112477
q50_edge25_edge20_next_0934_close_both_reversal_c5,2026-04,-0.2307800644010407
q50_edge25_edge20_next_0934_close_negative_signal_bull_c10,2024-11,0.04824438357635863
q50_edge25_edge20_next_0934_close_negative_signal_bull_c10,2024-12,0.0
q50_edge25_edge20_next_0934_close_negative_signal_bull_c10,2025-01,0.0
q50_edge25_edge20_next_0934_close_negative_signal_bull_c10,2025-02,-0.05850783980469598
q50_edge25_edge20_next_0934_close_negative_signal_bull_c10,2025-03,0.09929124349237162
q50_edge25_edge20_next_0934_close_negative_signal_bull_c10,2025-04,0.0
q50_edge25_edge20_next_0934_close_negative_signal_bull_c10,2025-05,0.10337349547794916
q50_edge25_edge20_next_0934_close_negative_signal_bull_c10,2025-06,0.012621359223300878
q50_edge25_edge20_next_0934_close_negative_signal_bull_c10,2025-07,0.0
q50_edge25_edge20_next_0934_close_negative_signal_bull_c10,2025-08,-0.03586992299646152
q50_edge25_edge20_next_0934_close_negative_signal_bull_c10,2025-09,0.0
q50_edge25_edge20_next_0934_close_negative_signal_bull_c10,2025-10,0.10438571491781867
q50_edge25_edge20_next_0934_close_negative_signal_bull_c10,2025-11,-0.03258123127552626
q50_edge25_edge20_next_0934_close_negative_signal_bull_c10,2025-12,-0.0034791387909013354
q50_edge25_edge20_next_0934_close_negative_signal_bull_c10,2026-01,0.1795940139907437
q50_edge25_edge20_next_0934_close_negative_signal_bull_c10,2026-02,0.06273428194948938
q50_edge25_edge20_next_0934_close_negative_signal_bull_c10,2026-03,0.06620826637740274
q50_edge25_edge20_next_0934_close_negative_signal_bull_c10,2026-04,0.0
q50_edge25_edge20_next_0934_close_negative_signal_bull_c5,2024-11,0.05024438357635863
q50_edge25_edge20_next_0934_close_negative_signal_bull_c5,2024-12,0.0
q50_edge25_edge20_next_0934_close_negative_signal_bull_c5,2025-01,0.0
q50_edge25_edge20_next_0934_close_negative_signal_bull_c5,2025-02,-0.05650783980469598
q50_edge25_edge20_next_0934_close_negative_signal_bull_c5,2025-03,0.10329124349237162
q50_edge25_edge20_next_0934_close_negative_signal_bull_c5,2025-04,0.0
q50_edge25_edge20_next_0934_close_negative_signal_bull_c5,2025-05,0.10637349547794916
q50_edge25_edge20_next_0934_close_negative_signal_bull_c5,2025-06,0.013621359223300877
q50_edge25_edge20_next_0934_close_negative_signal_bull_c5,2025-07,0.0
q50_edge25_edge20_next_0934_close_negative_signal_bull_c5,2025-08,-0.03386992299646152
q50_edge25_edge20_next_0934_close_negative_signal_bull_c5,2025-09,0.0
q50_edge25_edge20_next_0934_close_negative_signal_bull_c5,2025-10,0.10638571491781867
q50_edge25_edge20_next_0934_close_negative_signal_bull_c5,2025-11,-0.028581231275526253
q50_edge25_edge20_next_0934_close_negative_signal_bull_c5,2025-12,-0.0024791387909013354
q50_edge25_edge20_next_0934_close_negative_signal_bull_c5,2026-01,0.1835940139907437
q50_edge25_edge20_next_0934_close_negative_signal_bull_c5,2026-02,0.06773428194948938
q50_edge25_edge20_next_0934_close_negative_signal_bull_c5,2026-03,0.07120826637740274
q50_edge25_edge20_next_0934_close_negative_signal_bull_c5,2026-04,0.0
q50_edge25_edge20_next_0934_close_positive_signal_inverse_c10,2024-11,0.025871621621621488
q50_edge25_edge20_next_0934_close_positive_signal_inverse_c10,2024-12,-0.02665841404874691
q50_edge25_edge20_next_0934_close_positive_signal_inverse_c10,2025-01,0.0
q50_edge25_edge20_next_0934_close_positive_signal_inverse_c10,2025-02,-0.03976856347060842
q50_edge25_edge20_next_0934_close_positive_signal_inverse_c10,2025-03,0.021041565689364883
q50_edge25_edge20_next_0934_close_positive_signal_inverse_c10,2025-04,0.30378058378641903
q50_edge25_edge20_next_0934_close_positive_signal_inverse_c10,2025-05,0.009339773204536385
q50_edge25_edge20_next_0934_close_positive_signal_inverse_c10,2025-06,0.0034195347745341626
q50_edge25_edge20_next_0934_close_positive_signal_inverse_c10,2025-07,0.07903803869611314
q50_edge25_edge20_next_0934_close_positive_signal_inverse_c10,2025-08,0.006213552361396426
q50_edge25_edge20_next_0934_close_positive_signal_inverse_c10,2025-09,0.024773761713520637
q50_edge25_edge20_next_0934_close_positive_signal_inverse_c10,2025-10,0.03327067023000452
q50_edge25_edge20_next_0934_close_positive_signal_inverse_c10,2025-11,0.0
q50_edge25_edge20_next_0934_close_positive_signal_inverse_c10,2025-12,0.02826157564222276
q50_edge25_edge20_next_0934_close_positive_signal_inverse_c10,2026-01,-0.04211568266817711
q50_edge25_edge20_next_0934_close_positive_signal_inverse_c10,2026-02,0.12084799859443318
q50_edge25_edge20_next_0934_close_positive_signal_inverse_c10,2026-03,-0.00396201575627797
q50_edge25_edge20_next_0934_close_positive_signal_inverse_c10,2026-04,-0.2327800644010407
q50_edge25_edge20_next_0934_close_positive_signal_inverse_c5,2024-11,0.02687162162162149
q50_edge25_edge20_next_0934_close_positive_signal_inverse_c5,2024-12,-0.024658414048746913
q50_edge25_edge20_next_0934_close_positive_signal_inverse_c5,2025-01,0.0
q50_edge25_edge20_next_0934_close_positive_signal_inverse_c5,2025-02,-0.03576856347060842
q50_edge25_edge20_next_0934_close_positive_signal_inverse_c5,2025-03,0.023041565689364885
q50_edge25_edge20_next_0934_close_positive_signal_inverse_c5,2025-04,0.31078058378641904
q50_edge25_edge20_next_0934_close_positive_signal_inverse_c5,2025-05,0.010339773204536384
q50_edge25_edge20_next_0934_close_positive_signal_inverse_c5,2025-06,0.0074195347745341644
q50_edge25_edge20_next_0934_close_positive_signal_inverse_c5,2025-07,0.08103803869611315
q50_edge25_edge20_next_0934_close_positive_signal_inverse_c5,2025-08,0.007213552361396426
q50_edge25_edge20_next_0934_close_positive_signal_inverse_c5,2025-09,0.025773761713520638
q50_edge25_edge20_next_0934_close_positive_signal_inverse_c5,2025-10,0.03627067023000452
q50_edge25_edge20_next_0934_close_positive_signal_inverse_c5,2025-11,0.0
q50_edge25_edge20_next_0934_close_positive_signal_inverse_c5,2025-12,0.03126157564222276
q50_edge25_edge20_next_0934_close_positive_signal_inverse_c5,2026-01,-0.03911568266817711
q50_edge25_edge20_next_0934_close_positive_signal_inverse_c5,2026-02,0.1278479985944332
q50_edge25_edge20_next_0934_close_positive_signal_inverse_c5,2026-03,-0.0019620157562779683
q50_edge25_edge20_next_0934_close_positive_signal_inverse_c5,2026-04,-0.2307800644010407
q50_edge25_edge20_next_open_both_reversal_c10,2024-11,0.04229094070868733
q50_edge25_edge20_next_open_both_reversal_c10,2024-12,-0.045987395950875976
q50_edge25_edge20_next_open_both_reversal_c10,2025-01,0.0
q50_edge25_edge20_next_open_both_reversal_c10,2025-02,-0.09560478989485255
q50_edge25_edge20_next_open_both_reversal_c10,2025-03,0.12902003105974247
q50_edge25_edge20_next_open_both_reversal_c10,2025-04,0.2870114906598559
q50_edge25_edge20_next_open_both_reversal_c10,2025-05,0.07147064353408294
q50_edge25_edge20_next_open_both_reversal_c10,2025-06,0.01438286760711438
q50_edge25_edge20_next_open_both_reversal_c10,2025-07,0.05938920412548421
q50_edge25_edge20_next_open_both_reversal_c10,2025-08,-0.001079132040429748
q50_edge25_edge20_next_open_both_reversal_c10,2025-09,0.016741633199464534
q50_edge25_edge20_next_open_both_reversal_c10,2025-10,0.169340299451747
q50_edge25_edge20_next_open_both_reversal_c10,2025-11,-0.04839714725973998
q50_edge25_edge20_next_open_both_reversal_c10,2025-12,-0.0063300252690016105
q50_edge25_edge20_next_open_both_reversal_c10,2026-01,0.18007425418477596
q50_edge25_edge20_next_open_both_reversal_c10,2026-02,0.25693652868895656
q50_edge25_edge20_next_open_both_reversal_c10,2026-03,0.053272608700134394
q50_edge25_edge20_next_open_both_reversal_c10,2026-04,-0.20143528729001936
q50_edge25_edge20_next_open_both_reversal_c5,2024-11,0.04529094070868733
q50_edge25_edge20_next_open_both_reversal_c5,2024-12,-0.043987395950875974
q50_edge25_edge20_next_open_both_reversal_c5,2025-01,0.0
q50_edge25_edge20_next_open_both_reversal_c5,2025-02,-0.08960478989485254
q50_edge25_edge20_next_open_both_reversal_c5,2025-03,0.13502003105974247
q50_edge25_edge20_next_open_both_reversal_c5,2025-04,0.2940114906598559
q50_edge25_edge20_next_open_both_reversal_c5,2025-05,0.07547064353408295
q50_edge25_edge20_next_open_both_reversal_c5,2025-06,0.019382867607114385
q50_edge25_edge20_next_open_both_reversal_c5,2025-07,0.06138920412548421
q50_edge25_edge20_next_open_both_reversal_c5,2025-08,0.001920867959570251
q50_edge25_edge20_next_open_both_reversal_c5,2025-09,0.017741633199464535
q50_edge25_edge20_next_open_both_reversal_c5,2025-10,0.174340299451747
q50_edge25_edge20_next_open_both_reversal_c5,2025-11,-0.04439714725973998
q50_edge25_edge20_next_open_both_reversal_c5,2025-12,-0.002330025269001612
q50_edge25_edge20_next_open_both_reversal_c5,2026-01,0.18707425418477597
q50_edge25_edge20_next_open_both_reversal_c5,2026-02,0.26893652868895657
q50_edge25_edge20_next_open_both_reversal_c5,2026-03,0.0602726087001344
q50_edge25_edge20_next_open_both_reversal_c5,2026-04,-0.19943528729001936
q50_edge25_edge20_next_open_negative_signal_bull_c10,2024-11,0.028665940708687332
q50_edge25_edge20_next_open_negative_signal_bull_c10,2024-12,0.0
q50_edge25_edge20_next_open_negative_signal_bull_c10,2025-01,0.0
q50_edge25_edge20_next_open_negative_signal_bull_c10,2025-02,-0.04908797714154334
q50_edge25_edge20_next_open_negative_signal_bull_c10,2025-03,0.08247000175652563
q50_edge25_edge20_next_open_negative_signal_bull_c10,2025-04,0.0
q50_edge25_edge20_next_open_negative_signal_bull_c10,2025-05,0.04953112232450663
q50_edge25_edge20_next_open_negative_signal_bull_c10,2025-06,0.009650485436893065
q50_edge25_edge20_next_open_negative_signal_bull_c10,2025-07,0.0
q50_edge25_edge20_next_open_negative_signal_bull_c10,2025-08,-0.010714997885741036
q50_edge25_edge20_next_open_negative_signal_bull_c10,2025-09,0.0
q50_edge25_edge20_next_open_negative_signal_bull_c10,2025-10,0.11360412596782465
q50_edge25_edge20_next_open_negative_signal_bull_c10,2025-11,-0.04839714725973998
q50_edge25_edge20_next_open_negative_signal_bull_c10,2025-12,-0.010636418927137735
q50_edge25_edge20_next_open_negative_signal_bull_c10,2026-01,0.20055474074270085
q50_edge25_edge20_next_open_negative_signal_bull_c10,2026-02,0.06921145404429163
q50_edge25_edge20_next_open_negative_signal_bull_c10,2026-03,0.047013573344174886
q50_edge25_edge20_next_open_negative_signal_bull_c10,2026-04,0.0
q50_edge25_edge20_next_open_negative_signal_bull_c5,2024-11,0.030665940708687334
q50_edge25_edge20_next_open_negative_signal_bull_c5,2024-12,0.0
q50_edge25_edge20_next_open_negative_signal_bull_c5,2025-01,0.0
q50_edge25_edge20_next_open_negative_signal_bull_c5,2025-02,-0.047087977141543336
q50_edge25_edge20_next_open_negative_signal_bull_c5,2025-03,0.08647000175652564
q50_edge25_edge20_next_open_negative_signal_bull_c5,2025-04,0.0
q50_edge25_edge20_next_open_negative_signal_bull_c5,2025-05,0.05253112232450663
q50_edge25_edge20_next_open_negative_signal_bull_c5,2025-06,0.010650485436893065
q50_edge25_edge20_next_open_negative_signal_bull_c5,2025-07,0.0
q50_edge25_edge20_next_open_negative_signal_bull_c5,2025-08,-0.008714997885741036
q50_edge25_edge20_next_open_negative_signal_bull_c5,2025-09,0.0
q50_edge25_edge20_next_open_negative_signal_bull_c5,2025-10,0.11560412596782466
q50_edge25_edge20_next_open_negative_signal_bull_c5,2025-11,-0.04439714725973998
q50_edge25_edge20_next_open_negative_signal_bull_c5,2025-12,-0.009636418927137735
q50_edge25_edge20_next_open_negative_signal_bull_c5,2026-01,0.20455474074270086
q50_edge25_edge20_next_open_negative_signal_bull_c5,2026-02,0.07421145404429164
q50_edge25_edge20_next_open_negative_signal_bull_c5,2026-03,0.05201357334417489
q50_edge25_edge20_next_open_negative_signal_bull_c5,2026-04,0.0
q50_edge25_edge20_next_open_positive_signal_inverse_c10,2024-11,0.013625
q50_edge25_edge20_next_open_positive_signal_inverse_c10,2024-12,-0.045987395950875976
q50_edge25_edge20_next_open_positive_signal_inverse_c10,2025-01,0.0
q50_edge25_edge20_next_open_positive_signal_inverse_c10,2025-02,-0.04651681275330921
q50_edge25_edge20_next_open_positive_signal_inverse_c10,2025-03,0.04655002930321683
q50_edge25_edge20_next_open_positive_signal_inverse_c10,2025-04,0.2870114906598559
q50_edge25_edge20_next_open_positive_signal_inverse_c10,2025-05,0.021939521209576318
q50_edge25_edge20_next_open_positive_signal_inverse_c10,2025-06,0.0047323821702213165
q50_edge25_edge20_next_open_positive_signal_inverse_c10,2025-07,0.05938920412548421
q50_edge25_edge20_next_open_positive_signal_inverse_c10,2025-08,0.009635865845311288
q50_edge25_edge20_next_open_positive_signal_inverse_c10,2025-09,0.016741633199464534
q50_edge25_edge20_next_open_positive_signal_inverse_c10,2025-10,0.05573617348392235
q50_edge25_edge20_next_open_positive_signal_inverse_c10,2025-11,0.0
q50_edge25_edge20_next_open_positive_signal_inverse_c10,2025-12,0.004306393658136124
q50_edge25_edge20_next_open_positive_signal_inverse_c10,2026-01,-0.020480486557924893
q50_edge25_edge20_next_open_positive_signal_inverse_c10,2026-02,0.18772507464466492
q50_edge25_edge20_next_open_positive_signal_inverse_c10,2026-03,0.006259035355959508
q50_edge25_edge20_next_open_positive_signal_inverse_c10,2026-04,-0.20143528729001936
q50_edge25_edge20_next_open_positive_signal_inverse_c5,2024-11,0.014624999999999999
q50_edge25_edge20_next_open_positive_signal_inverse_c5,2024-12,-0.043987395950875974
q50_edge25_edge20_next_open_positive_signal_inverse_c5,2025-01,0.0
q50_edge25_edge20_next_open_positive_signal_inverse_c5,2025-02,-0.04251681275330921
q50_edge25_edge20_next_open_positive_signal_inverse_c5,2025-03,0.048550029303216835
q50_edge25_edge20_next_open_positive_signal_inverse_c5,2025-04,0.2940114906598559
q50_edge25_edge20_next_open_positive_signal_inverse_c5,2025-05,0.02293952120957632
q50_edge25_edge20_next_open_positive_signal_inverse_c5,2025-06,0.00873238217022132
q50_edge25_edge20_next_open_positive_signal_inverse_c5,2025-07,0.06138920412548421
q50_edge25_edge20_next_open_positive_signal_inverse_c5,2025-08,0.010635865845311288
q50_edge25_edge20_next_open_positive_signal_inverse_c5,2025-09,0.017741633199464535
q50_edge25_edge20_next_open_positive_signal_inverse_c5,2025-10,0.05873617348392235
q50_edge25_edge20_next_open_positive_signal_inverse_c5,2025-11,0.0
q50_edge25_edge20_next_open_positive_signal_inverse_c5,2025-12,0.007306393658136123
q50_edge25_edge20_next_open_positive_signal_inverse_c5,2026-01,-0.01748048655792489
q50_edge25_edge20_next_open_positive_signal_inverse_c5,2026-02,0.19472507464466493
q50_edge25_edge20_next_open_positive_signal_inverse_c5,2026-03,0.00825903535595951
q50_edge25_edge20_next_open_positive_signal_inverse_c5,2026-04,-0.19943528729001936
q50_edge25_edge40_next_0934_close_both_reversal_c10,2024-11,0.04328219142540746
q50_edge25_edge40_next_0934_close_both_reversal_c10,2024-12,-0.05560984446234252
q50_edge25_edge40_next_0934_close_both_reversal_c10,2025-01,0.0
q50_edge25_edge40_next_0934_close_both_reversal_c10,2025-02,-0.08773804476920821
q50_edge25_edge40_next_0934_close_both_reversal_c10,2025-03,0.1203328091817365
q50_edge25_edge40_next_0934_close_both_reversal_c10,2025-04,0.30378058378641903
q50_edge25_edge40_next_0934_close_both_reversal_c10,2025-05,0.16659216345026906
q50_edge25_edge40_next_0934_close_both_reversal_c10,2025-06,0.0007253068934279863
q50_edge25_edge40_next_0934_close_both_reversal_c10,2025-07,0.02068582739215785
q50_edge25_edge40_next_0934_close_both_reversal_c10,2025-08,-0.05692668421620406
q50_edge25_edge40_next_0934_close_both_reversal_c10,2025-09,0.030858000843955402
q50_edge25_edge40_next_0934_close_both_reversal_c10,2025-10,-0.010009478672985626
q50_edge25_edge40_next_0934_close_both_reversal_c10,2025-11,0.044337449558904736
q50_edge25_edge40_next_0934_close_both_reversal_c10,2025-12,-0.029619309873569304
q50_edge25_edge40_next_0934_close_both_reversal_c10,2026-01,0.1374783313225666
q50_edge25_edge40_next_0934_close_both_reversal_c10,2026-02,0.18358228054392256
q50_edge25_edge40_next_0934_close_both_reversal_c10,2026-03,0.062246250621124766
q50_edge25_edge40_next_0934_close_both_reversal_c10,2026-04,-0.3044779621457232
q50_edge25_edge40_next_0934_close_both_reversal_c5,2024-11,0.04828219142540746
q50_edge25_edge40_next_0934_close_both_reversal_c5,2024-12,-0.053609844462342515
q50_edge25_edge40_next_0934_close_both_reversal_c5,2025-01,0.0
q50_edge25_edge40_next_0934_close_both_reversal_c5,2025-02,-0.08473804476920821
q50_edge25_edge40_next_0934_close_both_reversal_c5,2025-03,0.1263328091817365
q50_edge25_edge40_next_0934_close_both_reversal_c5,2025-04,0.31078058378641904
q50_edge25_edge40_next_0934_close_both_reversal_c5,2025-05,0.17159216345026906
q50_edge25_edge40_next_0934_close_both_reversal_c5,2025-06,0.006725306893427985
q50_edge25_edge40_next_0934_close_both_reversal_c5,2025-07,0.024685827392157855
q50_edge25_edge40_next_0934_close_both_reversal_c5,2025-08,-0.052926684216204056
q50_edge25_edge40_next_0934_close_both_reversal_c5,2025-09,0.032858000843955404
q50_edge25_edge40_next_0934_close_both_reversal_c5,2025-10,-0.009009478672985627
q50_edge25_edge40_next_0934_close_both_reversal_c5,2025-11,0.05433744955890474
q50_edge25_edge40_next_0934_close_both_reversal_c5,2025-12,-0.024619309873569306
q50_edge25_edge40_next_0934_close_both_reversal_c5,2026-01,0.1444783313225666
q50_edge25_edge40_next_0934_close_both_reversal_c5,2026-02,0.19558228054392257
q50_edge25_edge40_next_0934_close_both_reversal_c5,2026-03,0.06924625062112477
q50_edge25_edge40_next_0934_close_both_reversal_c5,2026-04,-0.3004779621457232
q50_edge25_edge40_next_0934_close_negative_signal_bull_c10,2024-11,0.04940246279122018
q50_edge25_edge40_next_0934_close_negative_signal_bull_c10,2024-12,-0.040999461153269245
q50_edge25_edge40_next_0934_close_negative_signal_bull_c10,2025-01,0.0
q50_edge25_edge40_next_0934_close_negative_signal_bull_c10,2025-02,-0.03813138686131379
q50_edge25_edge40_next_0934_close_negative_signal_bull_c10,2025-03,0.09929124349237162
q50_edge25_edge40_next_0934_close_negative_signal_bull_c10,2025-04,0.0
q50_edge25_edge40_next_0934_close_negative_signal_bull_c10,2025-05,0.15725239024573268
q50_edge25_edge40_next_0934_close_negative_signal_bull_c10,2025-06,-0.002694227881106178
q50_edge25_edge40_next_0934_close_negative_signal_bull_c10,2025-07,-0.05835221130395529
q50_edge25_edge40_next_0934_close_negative_signal_bull_c10,2025-08,-0.021053341064510064
q50_edge25_edge40_next_0934_close_negative_signal_bull_c10,2025-09,0.0
q50_edge25_edge40_next_0934_close_negative_signal_bull_c10,2025-10,0.0
q50_edge25_edge40_next_0934_close_negative_signal_bull_c10,2025-11,0.011435794248443995
q50_edge25_edge40_next_0934_close_negative_signal_bull_c10,2025-12,-0.0034791387909013354
q50_edge25_edge40_next_0934_close_negative_signal_bull_c10,2026-01,0.1795940139907437
q50_edge25_edge40_next_0934_close_negative_signal_bull_c10,2026-02,0.06273428194948938
q50_edge25_edge40_next_0934_close_negative_signal_bull_c10,2026-03,0.06620826637740274
q50_edge25_edge40_next_0934_close_negative_signal_bull_c10,2026-04,0.0
q50_edge25_edge40_next_0934_close_negative_signal_bull_c5,2024-11,0.05240246279122018
q50_edge25_edge40_next_0934_close_negative_signal_bull_c5,2024-12,-0.039999461153269245
q50_edge25_edge40_next_0934_close_negative_signal_bull_c5,2025-01,0.0
q50_edge25_edge40_next_0934_close_negative_signal_bull_c5,2025-02,-0.037131386861313787
q50_edge25_edge40_next_0934_close_negative_signal_bull_c5,2025-03,0.10329124349237162
q50_edge25_edge40_next_0934_close_negative_signal_bull_c5,2025-04,0.0
q50_edge25_edge40_next_0934_close_negative_signal_bull_c5,2025-05,0.16125239024573268
q50_edge25_edge40_next_0934_close_negative_signal_bull_c5,2025-06,-0.0006942278811061797
q50_edge25_edge40_next_0934_close_negative_signal_bull_c5,2025-07,-0.05635221130395529
q50_edge25_edge40_next_0934_close_negative_signal_bull_c5,2025-08,-0.018053341064510064
q50_edge25_edge40_next_0934_close_negative_signal_bull_c5,2025-09,0.0
q50_edge25_edge40_next_0934_close_negative_signal_bull_c5,2025-10,0.0
q50_edge25_edge40_next_0934_close_negative_signal_bull_c5,2025-11,0.018435794248443993
q50_edge25_edge40_next_0934_close_negative_signal_bull_c5,2025-12,-0.0024791387909013354
q50_edge25_edge40_next_0934_close_negative_signal_bull_c5,2026-01,0.1835940139907437
q50_edge25_edge40_next_0934_close_negative_signal_bull_c5,2026-02,0.06773428194948938
q50_edge25_edge40_next_0934_close_negative_signal_bull_c5,2026-03,0.07120826637740274
q50_edge25_edge40_next_0934_close_negative_signal_bull_c5,2026-04,0.0
q50_edge25_edge40_next_0934_close_positive_signal_inverse_c10,2024-11,-0.006120271365812724
q50_edge25_edge40_next_0934_close_positive_signal_inverse_c10,2024-12,-0.01461038330907327
q50_edge25_edge40_next_0934_close_positive_signal_inverse_c10,2025-01,0.0
q50_edge25_edge40_next_0934_close_positive_signal_inverse_c10,2025-02,-0.049606657907894425
q50_edge25_edge40_next_0934_close_positive_signal_inverse_c10,2025-03,0.021041565689364883
q50_edge25_edge40_next_0934_close_positive_signal_inverse_c10,2025-04,0.30378058378641903
q50_edge25_edge40_next_0934_close_positive_signal_inverse_c10,2025-05,0.009339773204536385
q50_edge25_edge40_next_0934_close_positive_signal_inverse_c10,2025-06,0.0034195347745341626
q50_edge25_edge40_next_0934_close_positive_signal_inverse_c10,2025-07,0.07903803869611314
q50_edge25_edge40_next_0934_close_positive_signal_inverse_c10,2025-08,-0.03587334315169399
q50_edge25_edge40_next_0934_close_positive_signal_inverse_c10,2025-09,0.030858000843955402
q50_edge25_edge40_next_0934_close_positive_signal_inverse_c10,2025-10,-0.010009478672985626
q50_edge25_edge40_next_0934_close_positive_signal_inverse_c10,2025-11,0.03290165531046074
q50_edge25_edge40_next_0934_close_positive_signal_inverse_c10,2025-12,-0.02614017108266797
q50_edge25_edge40_next_0934_close_positive_signal_inverse_c10,2026-01,-0.04211568266817711
q50_edge25_edge40_next_0934_close_positive_signal_inverse_c10,2026-02,0.12084799859443318
q50_edge25_edge40_next_0934_close_positive_signal_inverse_c10,2026-03,-0.00396201575627797
q50_edge25_edge40_next_0934_close_positive_signal_inverse_c10,2026-04,-0.3044779621457232
q50_edge25_edge40_next_0934_close_positive_signal_inverse_c5,2024-11,-0.004120271365812722
q50_edge25_edge40_next_0934_close_positive_signal_inverse_c5,2024-12,-0.01361038330907327
q50_edge25_edge40_next_0934_close_positive_signal_inverse_c5,2025-01,0.0
q50_edge25_edge40_next_0934_close_positive_signal_inverse_c5,2025-02,-0.04760665790789442
q50_edge25_edge40_next_0934_close_positive_signal_inverse_c5,2025-03,0.023041565689364885
q50_edge25_edge40_next_0934_close_positive_signal_inverse_c5,2025-04,0.31078058378641904
q50_edge25_edge40_next_0934_close_positive_signal_inverse_c5,2025-05,0.010339773204536384
q50_edge25_edge40_next_0934_close_positive_signal_inverse_c5,2025-06,0.0074195347745341644
q50_edge25_edge40_next_0934_close_positive_signal_inverse_c5,2025-07,0.08103803869611315
q50_edge25_edge40_next_0934_close_positive_signal_inverse_c5,2025-08,-0.03487334315169399
q50_edge25_edge40_next_0934_close_positive_signal_inverse_c5,2025-09,0.032858000843955404
q50_edge25_edge40_next_0934_close_positive_signal_inverse_c5,2025-10,-0.009009478672985627
q50_edge25_edge40_next_0934_close_positive_signal_inverse_c5,2025-11,0.035901655310460745
q50_edge25_edge40_next_0934_close_positive_signal_inverse_c5,2025-12,-0.02214017108266797
q50_edge25_edge40_next_0934_close_positive_signal_inverse_c5,2026-01,-0.03911568266817711
q50_edge25_edge40_next_0934_close_positive_signal_inverse_c5,2026-02,0.1278479985944332
q50_edge25_edge40_next_0934_close_positive_signal_inverse_c5,2026-03,-0.0019620157562779683
q50_edge25_edge40_next_0934_close_positive_signal_inverse_c5,2026-04,-0.3004779621457232
q50_edge25_edge40_next_open_both_reversal_c10,2024-11,-0.0075994958438518855
q50_edge25_edge40_next_open_both_reversal_c10,2024-12,-0.04744806533720558
q50_edge25_edge40_next_open_both_reversal_c10,2025-01,0.0
q50_edge25_edge40_next_open_both_reversal_c10,2025-02,-0.08231652630809982
q50_edge25_edge40_next_open_both_reversal_c10,2025-03,0.12902003105974247
q50_edge25_edge40_next_open_both_reversal_c10,2025-04,0.2870114906598559
q50_edge25_edge40_next_open_both_reversal_c10,2025-05,0.13825371231715156
q50_edge25_edge40_next_open_both_reversal_c10,2025-06,0.013861720017643745
q50_edge25_edge40_next_open_both_reversal_c10,2025-07,0.013888839736545866
q50_edge25_edge40_next_open_both_reversal_c10,2025-08,-0.012467564837877806
q50_edge25_edge40_next_open_both_reversal_c10,2025-09,0.010665546242942693
q50_edge25_edge40_next_open_both_reversal_c10,2025-10,0.014587677725118599
q50_edge25_edge40_next_open_both_reversal_c10,2025-11,0.000722353076437315
q50_edge25_edge40_next_open_both_reversal_c10,2025-12,-0.0447201271612867
q50_edge25_edge40_next_open_both_reversal_c10,2026-01,0.18007425418477596
q50_edge25_edge40_next_open_both_reversal_c10,2026-02,0.25693652868895656
q50_edge25_edge40_next_open_both_reversal_c10,2026-03,0.053272608700134394
q50_edge25_edge40_next_open_both_reversal_c10,2026-04,-0.2494360549834791
q50_edge25_edge40_next_open_both_reversal_c5,2024-11,-0.0025994958438518845
q50_edge25_edge40_next_open_both_reversal_c5,2024-12,-0.04544806533720558
q50_edge25_edge40_next_open_both_reversal_c5,2025-01,0.0
q50_edge25_edge40_next_open_both_reversal_c5,2025-02,-0.07931652630809982
q50_edge25_edge40_next_open_both_reversal_c5,2025-03,0.13502003105974247
q50_edge25_edge40_next_open_both_reversal_c5,2025-04,0.2940114906598559
q50_edge25_edge40_next_open_both_reversal_c5,2025-05,0.14325371231715156
q50_edge25_edge40_next_open_both_reversal_c5,2025-06,0.019861720017643747
q50_edge25_edge40_next_open_both_reversal_c5,2025-07,0.01788883973654587
q50_edge25_edge40_next_open_both_reversal_c5,2025-08,-0.008467564837877804
q50_edge25_edge40_next_open_both_reversal_c5,2025-09,0.012665546242942693
q50_edge25_edge40_next_open_both_reversal_c5,2025-10,0.015587677725118598
q50_edge25_edge40_next_open_both_reversal_c5,2025-11,0.010722353076437319
q50_edge25_edge40_next_open_both_reversal_c5,2025-12,-0.0397201271612867
q50_edge25_edge40_next_open_both_reversal_c5,2026-01,0.18707425418477597
q50_edge25_edge40_next_open_both_reversal_c5,2026-02,0.26893652868895657
q50_edge25_edge40_next_open_both_reversal_c5,2026-03,0.0602726087001344
q50_edge25_edge40_next_open_both_reversal_c5,2026-04,-0.2454360549834791
q50_edge25_edge40_next_open_negative_signal_bull_c10,2024-11,0.016851710074267334
q50_edge25_edge40_next_open_negative_signal_bull_c10,2024-12,-0.025554809636089693
q50_edge25_edge40_next_open_negative_signal_bull_c10,2025-01,0.0
q50_edge25_edge40_next_open_negative_signal_bull_c10,2025-02,-0.04652554744525539
q50_edge25_edge40_next_open_negative_signal_bull_c10,2025-03,0.08247000175652563
q50_edge25_edge40_next_open_negative_signal_bull_c10,2025-04,0.0
q50_edge25_edge40_next_open_negative_signal_bull_c10,2025-05,0.11631419110757524
q50_edge25_edge40_next_open_negative_signal_bull_c10,2025-06,0.009129337847422429
q50_edge25_edge40_next_open_negative_signal_bull_c10,2025-07,-0.04550036438893834
q50_edge25_edge40_next_open_negative_signal_bull_c10,2025-08,0.01309649996330076
q50_edge25_edge40_next_open_negative_signal_bull_c10,2025-09,0.0
q50_edge25_edge40_next_open_negative_signal_bull_c10,2025-10,0.0
q50_edge25_edge40_next_open_negative_signal_bull_c10,2025-11,-0.04043756304829615
q50_edge25_edge40_next_open_negative_signal_bull_c10,2025-12,-0.010636418927137735
q50_edge25_edge40_next_open_negative_signal_bull_c10,2026-01,0.20055474074270085
q50_edge25_edge40_next_open_negative_signal_bull_c10,2026-02,0.06921145404429163
q50_edge25_edge40_next_open_negative_signal_bull_c10,2026-03,0.047013573344174886
q50_edge25_edge40_next_open_negative_signal_bull_c10,2026-04,0.0
q50_edge25_edge40_next_open_negative_signal_bull_c5,2024-11,0.019851710074267337
q50_edge25_edge40_next_open_negative_signal_bull_c5,2024-12,-0.02455480963608969
q50_edge25_edge40_next_open_negative_signal_bull_c5,2025-01,0.0
q50_edge25_edge40_next_open_negative_signal_bull_c5,2025-02,-0.04552554744525539
q50_edge25_edge40_next_open_negative_signal_bull_c5,2025-03,0.08647000175652564
q50_edge25_edge40_next_open_negative_signal_bull_c5,2025-04,0.0
q50_edge25_edge40_next_open_negative_signal_bull_c5,2025-05,0.12031419110757524
q50_edge25_edge40_next_open_negative_signal_bull_c5,2025-06,0.011129337847422427
q50_edge25_edge40_next_open_negative_signal_bull_c5,2025-07,-0.04350036438893834
q50_edge25_edge40_next_open_negative_signal_bull_c5,2025-08,0.01609649996330076
q50_edge25_edge40_next_open_negative_signal_bull_c5,2025-09,0.0
q50_edge25_edge40_next_open_negative_signal_bull_c5,2025-10,0.0
q50_edge25_edge40_next_open_negative_signal_bull_c5,2025-11,-0.03343756304829615
q50_edge25_edge40_next_open_negative_signal_bull_c5,2025-12,-0.009636418927137735
q50_edge25_edge40_next_open_negative_signal_bull_c5,2026-01,0.20455474074270086
q50_edge25_edge40_next_open_negative_signal_bull_c5,2026-02,0.07421145404429164
q50_edge25_edge40_next_open_negative_signal_bull_c5,2026-03,0.05201357334417489
q50_edge25_edge40_next_open_negative_signal_bull_c5,2026-04,0.0
q50_edge25_edge40_next_open_positive_signal_inverse_c10,2024-11,-0.024451205918119223
q50_edge25_edge40_next_open_positive_signal_inverse_c10,2024-12,-0.021893255701115888
q50_edge25_edge40_next_open_positive_signal_inverse_c10,2025-01,0.0
q50_edge25_edge40_next_open_positive_signal_inverse_c10,2025-02,-0.035790978862844436
q50_edge25_edge40_next_open_positive_signal_inverse_c10,2025-03,0.04655002930321683
q50_edge25_edge40_next_open_positive_signal_inverse_c10,2025-04,0.2870114906598559
q50_edge25_edge40_next_open_positive_signal_inverse_c10,2025-05,0.021939521209576318
q50_edge25_edge40_next_open_positive_signal_inverse_c10,2025-06,0.0047323821702213165
q50_edge25_edge40_next_open_positive_signal_inverse_c10,2025-07,0.05938920412548421
q50_edge25_edge40_next_open_positive_signal_inverse_c10,2025-08,-0.025564064801178565
q50_edge25_edge40_next_open_positive_signal_inverse_c10,2025-09,0.010665546242942693
q50_edge25_edge40_next_open_positive_signal_inverse_c10,2025-10,0.014587677725118599
q50_edge25_edge40_next_open_positive_signal_inverse_c10,2025-11,0.041159916124733464
q50_edge25_edge40_next_open_positive_signal_inverse_c10,2025-12,-0.03408370823414897
q50_edge25_edge40_next_open_positive_signal_inverse_c10,2026-01,-0.020480486557924893
q50_edge25_edge40_next_open_positive_signal_inverse_c10,2026-02,0.18772507464466492
q50_edge25_edge40_next_open_positive_signal_inverse_c10,2026-03,0.006259035355959508
q50_edge25_edge40_next_open_positive_signal_inverse_c10,2026-04,-0.2494360549834791
q50_edge25_edge40_next_open_positive_signal_inverse_c5,2024-11,-0.02245120591811922
q50_edge25_edge40_next_open_positive_signal_inverse_c5,2024-12,-0.020893255701115887
q50_edge25_edge40_next_open_positive_signal_inverse_c5,2025-01,0.0
q50_edge25_edge40_next_open_positive_signal_inverse_c5,2025-02,-0.033790978862844434
q50_edge25_edge40_next_open_positive_signal_inverse_c5,2025-03,0.048550029303216835
q50_edge25_edge40_next_open_positive_signal_inverse_c5,2025-04,0.2940114906598559
q50_edge25_edge40_next_open_positive_signal_inverse_c5,2025-05,0.02293952120957632
q50_edge25_edge40_next_open_positive_signal_inverse_c5,2025-06,0.00873238217022132
q50_edge25_edge40_next_open_positive_signal_inverse_c5,2025-07,0.06138920412548421
q50_edge25_edge40_next_open_positive_signal_inverse_c5,2025-08,-0.024564064801178565
q50_edge25_edge40_next_open_positive_signal_inverse_c5,2025-09,0.012665546242942693
q50_edge25_edge40_next_open_positive_signal_inverse_c5,2025-10,0.015587677725118598
q50_edge25_edge40_next_open_positive_signal_inverse_c5,2025-11,0.04415991612473347
q50_edge25_edge40_next_open_positive_signal_inverse_c5,2025-12,-0.030083708234148965
q50_edge25_edge40_next_open_positive_signal_inverse_c5,2026-01,-0.01748048655792489
q50_edge25_edge40_next_open_positive_signal_inverse_c5,2026-02,0.19472507464466493
q50_edge25_edge40_next_open_positive_signal_inverse_c5,2026-03,0.00825903535595951
q50_edge25_edge40_next_open_positive_signal_inverse_c5,2026-04,-0.2454360549834791
q50_edge33_always_next_0934_close_both_reversal_c10,2024-11,0.04328219142540746
q50_edge33_always_next_0934_close_both_reversal_c10,2024-12,-0.03526477778911896
q50_edge33_always_next_0934_close_both_reversal_c10,2025-01,-0.011240000374872714
q50_edge33_always_next_0934_close_both_reversal_c10,2025-02,-0.18675050046932606
q50_edge33_always_next_0934_close_both_reversal_c10,2025-03,0.34067764705900105
q50_edge33_always_next_0934_close_both_reversal_c10,2025-04,0.08626413647770947
q50_edge33_always_next_0934_close_both_reversal_c10,2025-05,0.16659216345026906
q50_edge33_always_next_0934_close_both_reversal_c10,2025-06,-0.014636531695561665
q50_edge33_always_next_0934_close_both_reversal_c10,2025-07,0.0010538446644875465
q50_edge33_always_next_0934_close_both_reversal_c10,2025-08,-0.003100728754032663
q50_edge33_always_next_0934_close_both_reversal_c10,2025-09,-0.08281345381266991
q50_edge33_always_next_0934_close_both_reversal_c10,2025-10,0.23799192923375667
q50_edge33_always_next_0934_close_both_reversal_c10,2025-11,0.13434599334124997
q50_edge33_always_next_0934_close_both_reversal_c10,2025-12,0.040659500962059614
q50_edge33_always_next_0934_close_both_reversal_c10,2026-01,0.1374783313225666
q50_edge33_always_next_0934_close_both_reversal_c10,2026-02,0.18358228054392256
q50_edge33_always_next_0934_close_both_reversal_c10,2026-03,0.042461337780598574
q50_edge33_always_next_0934_close_both_reversal_c10,2026-04,-0.27706821630556766
q50_edge33_always_next_0934_close_both_reversal_c5,2024-11,0.04828219142540746
q50_edge33_always_next_0934_close_both_reversal_c5,2024-12,-0.030264777789118957
q50_edge33_always_next_0934_close_both_reversal_c5,2025-01,-0.006240000374872712
q50_edge33_always_next_0934_close_both_reversal_c5,2025-02,-0.17475050046932605
q50_edge33_always_next_0934_close_both_reversal_c5,2025-03,0.35067764705900106
q50_edge33_always_next_0934_close_both_reversal_c5,2025-04,0.09526413647770948
q50_edge33_always_next_0934_close_both_reversal_c5,2025-05,0.17159216345026906
q50_edge33_always_next_0934_close_both_reversal_c5,2025-06,-0.007636531695561666
q50_edge33_always_next_0934_close_both_reversal_c5,2025-07,0.008053844664487553
q50_edge33_always_next_0934_close_both_reversal_c5,2025-08,0.0028992712459673387
q50_edge33_always_next_0934_close_both_reversal_c5,2025-09,-0.0728134538126699
q50_edge33_always_next_0934_close_both_reversal_c5,2025-10,0.24899192923375668
q50_edge33_always_next_0934_close_both_reversal_c5,2025-11,0.14734599334124998
q50_edge33_always_next_0934_close_both_reversal_c5,2025-12,0.04765950096205962
q50_edge33_always_next_0934_close_both_reversal_c5,2026-01,0.1444783313225666
q50_edge33_always_next_0934_close_both_reversal_c5,2026-02,0.19558228054392257
q50_edge33_always_next_0934_close_both_reversal_c5,2026-03,0.054461337780598584
q50_edge33_always_next_0934_close_both_reversal_c5,2026-04,-0.26706821630556765
q50_edge33_always_next_0934_close_negative_signal_bull_c10,2024-11,0.04940246279122018
q50_edge33_always_next_0934_close_negative_signal_bull_c10,2024-12,-0.008606363740372047
q50_edge33_always_next_0934_close_negative_signal_bull_c10,2025-01,0.0530862641008627
q50_edge33_always_next_0934_close_negative_signal_bull_c10,2025-02,-0.06543360484585647
q50_edge33_always_next_0934_close_negative_signal_bull_c10,2025-03,0.0999504830176805
q50_edge33_always_next_0934_close_negative_signal_bull_c10,2025-04,-0.14525295922840853
q50_edge33_always_next_0934_close_negative_signal_bull_c10,2025-05,0.15725239024573268
q50_edge33_always_next_0934_close_negative_signal_bull_c10,2025-06,-0.002694227881106178
q50_edge33_always_next_0934_close_negative_signal_bull_c10,2025-07,-0.09326131911801128
q50_edge33_always_next_0934_close_negative_signal_bull_c10,2025-08,-0.021053341064510064
q50_edge33_always_next_0934_close_negative_signal_bull_c10,2025-09,0.007576320371445179
q50_edge33_always_next_0934_close_negative_signal_bull_c10,2025-10,0.2574180369522705
q50_edge33_always_next_0934_close_negative_signal_bull_c10,2025-11,0.03811406934485629
q50_edge33_always_next_0934_close_negative_signal_bull_c10,2025-12,-0.0034791387909013354
q50_edge33_always_next_0934_close_negative_signal_bull_c10,2026-01,0.1795940139907437
q50_edge33_always_next_0934_close_negative_signal_bull_c10,2026-02,0.06273428194948938
q50_edge33_always_next_0934_close_negative_signal_bull_c10,2026-03,0.13422317903052206
q50_edge33_always_next_0934_close_negative_signal_bull_c10,2026-04,0.0792128282697111
q50_edge33_always_next_0934_close_negative_signal_bull_c5,2024-11,0.05240246279122018
q50_edge33_always_next_0934_close_negative_signal_bull_c5,2024-12,-0.0056063637403720445
q50_edge33_always_next_0934_close_negative_signal_bull_c5,2025-01,0.0540862641008627
q50_edge33_always_next_0934_close_negative_signal_bull_c5,2025-02,-0.06043360484585647
q50_edge33_always_next_0934_close_negative_signal_bull_c5,2025-03,0.10495048301768051
q50_edge33_always_next_0934_close_negative_signal_bull_c5,2025-04,-0.14425295922840853
q50_edge33_always_next_0934_close_negative_signal_bull_c5,2025-05,0.16125239024573268
q50_edge33_always_next_0934_close_negative_signal_bull_c5,2025-06,-0.0006942278811061797
q50_edge33_always_next_0934_close_negative_signal_bull_c5,2025-07,-0.08926131911801127
q50_edge33_always_next_0934_close_negative_signal_bull_c5,2025-08,-0.018053341064510064
q50_edge33_always_next_0934_close_negative_signal_bull_c5,2025-09,0.008576320371445179
q50_edge33_always_next_0934_close_negative_signal_bull_c5,2025-10,0.2624180369522705
q50_edge33_always_next_0934_close_negative_signal_bull_c5,2025-11,0.04611406934485629
q50_edge33_always_next_0934_close_negative_signal_bull_c5,2025-12,-0.0024791387909013354
q50_edge33_always_next_0934_close_negative_signal_bull_c5,2026-01,0.1835940139907437
q50_edge33_always_next_0934_close_negative_signal_bull_c5,2026-02,0.06773428194948938
q50_edge33_always_next_0934_close_negative_signal_bull_c5,2026-03,0.14222317903052206
q50_edge33_always_next_0934_close_negative_signal_bull_c5,2026-04,0.0812128282697111
q50_edge33_always_next_0934_close_positive_signal_inverse_c10,2024-11,-0.006120271365812724
q50_edge33_always_next_0934_close_positive_signal_inverse_c10,2024-12,-0.02665841404874691
q50_edge33_always_next_0934_close_positive_signal_inverse_c10,2025-01,-0.06432626447573542
q50_edge33_always_next_0934_close_positive_signal_inverse_c10,2025-02,-0.12131689562346959
q50_edge33_always_next_0934_close_positive_signal_inverse_c10,2025-03,0.24072716404132055
q50_edge33_always_next_0934_close_positive_signal_inverse_c10,2025-04,0.231517095706118
q50_edge33_always_next_0934_close_positive_signal_inverse_c10,2025-05,0.009339773204536385
q50_edge33_always_next_0934_close_positive_signal_inverse_c10,2025-06,-0.011942303814455484
q50_edge33_always_next_0934_close_positive_signal_inverse_c10,2025-07,0.09431516378249882
q50_edge33_always_next_0934_close_positive_signal_inverse_c10,2025-08,0.0179526123104774
q50_edge33_always_next_0934_close_positive_signal_inverse_c10,2025-09,-0.09038977418411509
q50_edge33_always_next_0934_close_positive_signal_inverse_c10,2025-10,-0.019426107718513826
q50_edge33_always_next_0934_close_positive_signal_inverse_c10,2025-11,0.09623192399639369
q50_edge33_always_next_0934_close_positive_signal_inverse_c10,2025-12,0.04413863975296095
q50_edge33_always_next_0934_close_positive_signal_inverse_c10,2026-01,-0.04211568266817711
q50_edge33_always_next_0934_close_positive_signal_inverse_c10,2026-02,0.12084799859443318
q50_edge33_always_next_0934_close_positive_signal_inverse_c10,2026-03,-0.09176184124992348
q50_edge33_always_next_0934_close_positive_signal_inverse_c10,2026-04,-0.35628104457527876
q50_edge33_always_next_0934_close_positive_signal_inverse_c5,2024-11,-0.004120271365812722
q50_edge33_always_next_0934_close_positive_signal_inverse_c5,2024-12,-0.024658414048746913
q50_edge33_always_next_0934_close_positive_signal_inverse_c5,2025-01,-0.060326264475735414
q50_edge33_always_next_0934_close_positive_signal_inverse_c5,2025-02,-0.11431689562346958
q50_edge33_always_next_0934_close_positive_signal_inverse_c5,2025-03,0.24572716404132056
q50_edge33_always_next_0934_close_positive_signal_inverse_c5,2025-04,0.239517095706118
q50_edge33_always_next_0934_close_positive_signal_inverse_c5,2025-05,0.010339773204536384
q50_edge33_always_next_0934_close_positive_signal_inverse_c5,2025-06,-0.006942303814455486
q50_edge33_always_next_0934_close_positive_signal_inverse_c5,2025-07,0.09731516378249883
q50_edge33_always_next_0934_close_positive_signal_inverse_c5,2025-08,0.020952612310477403
q50_edge33_always_next_0934_close_positive_signal_inverse_c5,2025-09,-0.08138977418411508
q50_edge33_always_next_0934_close_positive_signal_inverse_c5,2025-10,-0.013426107718513824
q50_edge33_always_next_0934_close_positive_signal_inverse_c5,2025-11,0.10123192399639369
q50_edge33_always_next_0934_close_positive_signal_inverse_c5,2025-12,0.050138639752960956
q50_edge33_always_next_0934_close_positive_signal_inverse_c5,2026-01,-0.03911568266817711
q50_edge33_always_next_0934_close_positive_signal_inverse_c5,2026-02,0.1278479985944332
q50_edge33_always_next_0934_close_positive_signal_inverse_c5,2026-03,-0.08776184124992348
q50_edge33_always_next_0934_close_positive_signal_inverse_c5,2026-04,-0.34828104457527875
q50_edge33_always_next_open_both_reversal_c10,2024-11,-0.0075994958438518855
q50_edge33_always_next_open_both_reversal_c10,2024-12,-0.0703011932491967
q50_edge33_always_next_open_both_reversal_c10,2025-01,-0.039284183780072035
q50_edge33_always_next_open_both_reversal_c10,2025-02,-0.1650157423275913
q50_edge33_always_next_open_both_reversal_c10,2025-03,0.345729285127403
q50_edge33_always_next_open_both_reversal_c10,2025-04,0.07804753019947841
q50_edge33_always_next_open_both_reversal_c10,2025-05,0.13825371231715156
q50_edge33_always_next_open_both_reversal_c10,2025-06,-0.01539643070389551
q50_edge33_always_next_open_both_reversal_c10,2025-07,-0.011363526452266237
q50_edge33_always_next_open_both_reversal_c10,2025-08,0.01997450255782108
q50_edge33_always_next_open_both_reversal_c10,2025-09,-0.0638445383766093
q50_edge33_always_next_open_both_reversal_c10,2025-10,0.2723455945247072
q50_edge33_always_next_open_both_reversal_c10,2025-11,0.07886216039316674
q50_edge33_always_next_open_both_reversal_c10,2025-12,0.0026974577790257505
q50_edge33_always_next_open_both_reversal_c10,2026-01,0.18007425418477596
q50_edge33_always_next_open_both_reversal_c10,2026-02,0.25693652868895656
q50_edge33_always_next_open_both_reversal_c10,2026-03,0.0376522381323271
q50_edge33_always_next_open_both_reversal_c10,2026-04,-0.18111053668194688
q50_edge33_always_next_open_both_reversal_c5,2024-11,-0.0025994958438518845
q50_edge33_always_next_open_both_reversal_c5,2024-12,-0.0653011932491967
q50_edge33_always_next_open_both_reversal_c5,2025-01,-0.03428418378007203
q50_edge33_always_next_open_both_reversal_c5,2025-02,-0.1530157423275913
q50_edge33_always_next_open_both_reversal_c5,2025-03,0.355729285127403
q50_edge33_always_next_open_both_reversal_c5,2025-04,0.08704753019947842
q50_edge33_always_next_open_both_reversal_c5,2025-05,0.14325371231715156
q50_edge33_always_next_open_both_reversal_c5,2025-06,-0.008396430703895508
q50_edge33_always_next_open_both_reversal_c5,2025-07,-0.004363526452266231
q50_edge33_always_next_open_both_reversal_c5,2025-08,0.025974502557821078
q50_edge33_always_next_open_both_reversal_c5,2025-09,-0.0538445383766093
q50_edge33_always_next_open_both_reversal_c5,2025-10,0.2833455945247072
q50_edge33_always_next_open_both_reversal_c5,2025-11,0.09186216039316675
q50_edge33_always_next_open_both_reversal_c5,2025-12,0.009697457779025753
q50_edge33_always_next_open_both_reversal_c5,2026-01,0.18707425418477597
q50_edge33_always_next_open_both_reversal_c5,2026-02,0.26893652868895657
q50_edge33_always_next_open_both_reversal_c5,2026-03,0.04965223813232711
q50_edge33_always_next_open_both_reversal_c5,2026-04,-0.17111053668194687
q50_edge33_always_next_open_negative_signal_bull_c10,2024-11,0.016851710074267334
q50_edge33_always_next_open_negative_signal_bull_c10,2024-12,-0.024313797298320727
q50_edge33_always_next_open_negative_signal_bull_c10,2025-01,0.06070736562707357
q50_edge33_always_next_open_negative_signal_bull_c10,2025-02,-0.025236440014644312
q50_edge33_always_next_open_negative_signal_bull_c10,2025-03,0.10977491820118535
q50_edge33_always_next_open_negative_signal_bull_c10,2025-04,-0.12080754055238918
q50_edge33_always_next_open_negative_signal_bull_c10,2025-05,0.11631419110757524
q50_edge33_always_next_open_negative_signal_bull_c10,2025-06,0.009129337847422429
q50_edge33_always_next_open_negative_signal_bull_c10,2025-07,-0.07359032560193812
q50_edge33_always_next_open_negative_signal_bull_c10,2025-08,0.01309649996330076
q50_edge33_always_next_open_negative_signal_bull_c10,2025-09,0.004964596633778353
q50_edge33_always_next_open_negative_signal_bull_c10,2025-10,0.2784301749984921
q50_edge33_always_next_open_negative_signal_bull_c10,2025-11,-0.032504175178715504
q50_edge33_always_next_open_negative_signal_bull_c10,2025-12,-0.010636418927137735
q50_edge33_always_next_open_negative_signal_bull_c10,2026-01,0.20055474074270085
q50_edge33_always_next_open_negative_signal_bull_c10,2026-02,0.06921145404429163
q50_edge33_always_next_open_negative_signal_bull_c10,2026-03,0.0803003778892627
q50_edge33_always_next_open_negative_signal_bull_c10,2026-04,0.09366007716025515
q50_edge33_always_next_open_negative_signal_bull_c5,2024-11,0.019851710074267337
q50_edge33_always_next_open_negative_signal_bull_c5,2024-12,-0.021313797298320725
q50_edge33_always_next_open_negative_signal_bull_c5,2025-01,0.061707365627073574
q50_edge33_always_next_open_negative_signal_bull_c5,2025-02,-0.020236440014644308
q50_edge33_always_next_open_negative_signal_bull_c5,2025-03,0.11477491820118535
q50_edge33_always_next_open_negative_signal_bull_c5,2025-04,-0.11980754055238918
q50_edge33_always_next_open_negative_signal_bull_c5,2025-05,0.12031419110757524
q50_edge33_always_next_open_negative_signal_bull_c5,2025-06,0.011129337847422427
q50_edge33_always_next_open_negative_signal_bull_c5,2025-07,-0.06959032560193812
q50_edge33_always_next_open_negative_signal_bull_c5,2025-08,0.01609649996330076
q50_edge33_always_next_open_negative_signal_bull_c5,2025-09,0.005964596633778353
q50_edge33_always_next_open_negative_signal_bull_c5,2025-10,0.2834301749984921
q50_edge33_always_next_open_negative_signal_bull_c5,2025-11,-0.024504175178715504
q50_edge33_always_next_open_negative_signal_bull_c5,2025-12,-0.009636418927137735
q50_edge33_always_next_open_negative_signal_bull_c5,2026-01,0.20455474074270086
q50_edge33_always_next_open_negative_signal_bull_c5,2026-02,0.07421145404429164
q50_edge33_always_next_open_negative_signal_bull_c5,2026-03,0.0883003778892627
q50_edge33_always_next_open_negative_signal_bull_c5,2026-04,0.09566007716025515
q50_edge33_always_next_open_positive_signal_inverse_c10,2024-11,-0.024451205918119223
q50_edge33_always_next_open_positive_signal_inverse_c10,2024-12,-0.045987395950875976
q50_edge33_always_next_open_positive_signal_inverse_c10,2025-01,-0.09999154940714561
q50_edge33_always_next_open_positive_signal_inverse_c10,2025-02,-0.139779302312947
q50_edge33_always_next_open_positive_signal_inverse_c10,2025-03,0.23595436692621763
q50_edge33_always_next_open_positive_signal_inverse_c10,2025-04,0.1988550707518676
q50_edge33_always_next_open_positive_signal_inverse_c10,2025-05,0.021939521209576318
q50_edge33_always_next_open_positive_signal_inverse_c10,2025-06,-0.02452576855131794
q50_edge33_always_next_open_positive_signal_inverse_c10,2025-07,0.062226799149671885
q50_edge33_always_next_open_positive_signal_inverse_c10,2025-08,0.006878002594520318
q50_edge33_always_next_open_positive_signal_inverse_c10,2025-09,-0.06880913501038766
q50_edge33_always_next_open_positive_signal_inverse_c10,2025-10,-0.006084580473784903
q50_edge33_always_next_open_positive_signal_inverse_c10,2025-11,0.11136633557188225
q50_edge33_always_next_open_positive_signal_inverse_c10,2025-12,0.013333876706163485
q50_edge33_always_next_open_positive_signal_inverse_c10,2026-01,-0.020480486557924893
q50_edge33_always_next_open_positive_signal_inverse_c10,2026-02,0.18772507464466492
q50_edge33_always_next_open_positive_signal_inverse_c10,2026-03,-0.0426481397569356
q50_edge33_always_next_open_positive_signal_inverse_c10,2026-04,-0.274770613842202
q50_edge33_always_next_open_positive_signal_inverse_c5,2024-11,-0.02245120591811922
q50_edge33_always_next_open_positive_signal_inverse_c5,2024-12,-0.043987395950875974
q50_edge33_always_next_open_positive_signal_inverse_c5,2025-01,-0.0959915494071456
q50_edge33_always_next_open_positive_signal_inverse_c5,2025-02,-0.132779302312947
q50_edge33_always_next_open_positive_signal_inverse_c5,2025-03,0.24095436692621763
q50_edge33_always_next_open_positive_signal_inverse_c5,2025-04,0.2068550707518676
q50_edge33_always_next_open_positive_signal_inverse_c5,2025-05,0.02293952120957632
q50_edge33_always_next_open_positive_signal_inverse_c5,2025-06,-0.019525768551317935
q50_edge33_always_next_open_positive_signal_inverse_c5,2025-07,0.06522679914967189
q50_edge33_always_next_open_positive_signal_inverse_c5,2025-08,0.009878002594520319
q50_edge33_always_next_open_positive_signal_inverse_c5,2025-09,-0.05980913501038765
q50_edge33_always_next_open_positive_signal_inverse_c5,2025-10,-8.458047378490097e-05
q50_edge33_always_next_open_positive_signal_inverse_c5,2025-11,0.11636633557188225
q50_edge33_always_next_open_positive_signal_inverse_c5,2025-12,0.01933387670616349
q50_edge33_always_next_open_positive_signal_inverse_c5,2026-01,-0.01748048655792489
q50_edge33_always_next_open_positive_signal_inverse_c5,2026-02,0.19472507464466493
q50_edge33_always_next_open_positive_signal_inverse_c5,2026-03,-0.038648139756935596
q50_edge33_always_next_open_positive_signal_inverse_c5,2026-04,-0.266770613842202
q50_edge33_edge10_next_0934_close_both_reversal_c10,2024-11,-0.020345183437706305
q50_edge33_edge10_next_0934_close_both_reversal_c10,2024-12,0.020345066673223555
q50_edge33_edge10_next_0934_close_both_reversal_c10,2025-01,0.010771678243334028
q50_edge33_edge10_next_0934_close_both_reversal_c10,2025-02,-0.06020040790789449
q50_edge33_edge10_next_0934_close_both_reversal_c10,2025-03,0.22771673155603855
q50_edge33_edge10_next_0934_close_both_reversal_c10,2025-04,0.10715108625947245
q50_edge33_edge10_next_0934_close_both_reversal_c10,2025-05,0.10808925930206026
q50_edge33_edge10_next_0934_close_both_reversal_c10,2025-06,-0.032877648446830714
q50_edge33_edge10_next_0934_close_both_reversal_c10,2025-07,-0.014619962175046575
q50_edge33_edge10_next_0934_close_both_reversal_c10,2025-08,-0.029656370635065096
q50_edge33_edge10_next_0934_close_both_reversal_c10,2025-09,0.0
q50_edge33_edge10_next_0934_close_both_reversal_c10,2025-10,0.1376563851478232
q50_edge33_edge10_next_0934_close_both_reversal_c10,2025-11,0.08467768948508525
q50_edge33_edge10_next_0934_close_both_reversal_c10,2025-12,-0.029619309873569304
q50_edge33_edge10_next_0934_close_both_reversal_c10,2026-01,0.0496458648598187
q50_edge33_edge10_next_0934_close_both_reversal_c10,2026-02,0.18358228054392256
q50_edge33_edge10_next_0934_close_both_reversal_c10,2026-03,0.06900337996166628
q50_edge33_edge10_next_0934_close_both_reversal_c10,2026-04,-0.19945917227541488
q50_edge33_edge10_next_0934_close_both_reversal_c5,2024-11,-0.018345183437706303
q50_edge33_edge10_next_0934_close_both_reversal_c5,2024-12,0.023345066673223558
q50_edge33_edge10_next_0934_close_both_reversal_c5,2025-01,0.011771678243334027
q50_edge33_edge10_next_0934_close_both_reversal_c5,2025-02,-0.05720040790789449
q50_edge33_edge10_next_0934_close_both_reversal_c5,2025-03,0.23571673155603856
q50_edge33_edge10_next_0934_close_both_reversal_c5,2025-04,0.11415108625947246
q50_edge33_edge10_next_0934_close_both_reversal_c5,2025-05,0.11108925930206026
q50_edge33_edge10_next_0934_close_both_reversal_c5,2025-06,-0.026877648446830715
q50_edge33_edge10_next_0934_close_both_reversal_c5,2025-07,-0.00861996217504657
q50_edge33_edge10_next_0934_close_both_reversal_c5,2025-08,-0.026656370635065096
q50_edge33_edge10_next_0934_close_both_reversal_c5,2025-09,0.0
q50_edge33_edge10_next_0934_close_both_reversal_c5,2025-10,0.1426563851478232
q50_edge33_edge10_next_0934_close_both_reversal_c5,2025-11,0.09067768948508526
q50_edge33_edge10_next_0934_close_both_reversal_c5,2025-12,-0.024619309873569306
q50_edge33_edge10_next_0934_close_both_reversal_c5,2026-01,0.054645864859818705
q50_edge33_edge10_next_0934_close_both_reversal_c5,2026-02,0.19558228054392257
q50_edge33_edge10_next_0934_close_both_reversal_c5,2026-03,0.07800337996166629
q50_edge33_edge10_next_0934_close_both_reversal_c5,2026-04,-0.19645917227541487
q50_edge33_edge10_next_0934_close_negative_signal_bull_c10,2024-11,0.011646709549727909
q50_edge33_edge10_next_0934_close_negative_signal_bull_c10,2024-12,0.0323930974128972
q50_edge33_edge10_next_0934_close_negative_signal_bull_c10,2025-01,0.0
q50_edge33_edge10_next_0934_close_negative_signal_bull_c10,2025-02,-0.010593750000000067
q50_edge33_edge10_next_0934_close_negative_signal_bull_c10,2025-03,0.09929124349237162
q50_edge33_edge10_next_0934_close_negative_signal_bull_c10,2025-04,-0.14525295922840853
q50_edge33_edge10_next_0934_close_negative_signal_bull_c10,2025-05,0.10808925930206026
q50_edge33_edge10_next_0934_close_negative_signal_bull_c10,2025-06,-0.002694227881106178
q50_edge33_edge10_next_0934_close_negative_signal_bull_c10,2025-07,-0.1089351259575454
q50_edge33_edge10_next_0934_close_negative_signal_bull_c10,2025-08,-0.03586992299646152
q50_edge33_edge10_next_0934_close_negative_signal_bull_c10,2025-09,0.0
q50_edge33_edge10_next_0934_close_negative_signal_bull_c10,2025-10,0.10438571491781867
q50_edge33_edge10_next_0934_close_negative_signal_bull_c10,2025-11,0.07842932930356383
q50_edge33_edge10_next_0934_close_negative_signal_bull_c10,2025-12,-0.0034791387909013354
q50_edge33_edge10_next_0934_close_negative_signal_bull_c10,2026-01,0.09176154752799581
q50_edge33_edge10_next_0934_close_negative_signal_bull_c10,2026-02,0.06273428194948938
q50_edge33_edge10_next_0934_close_negative_signal_bull_c10,2026-03,0.13422317903052206
q50_edge33_edge10_next_0934_close_negative_signal_bull_c10,2026-04,0.033320892125625834
q50_edge33_edge10_next_0934_close_negative_signal_bull_c5,2024-11,0.012646709549727908
q50_edge33_edge10_next_0934_close_negative_signal_bull_c5,2024-12,0.0343930974128972
q50_edge33_edge10_next_0934_close_negative_signal_bull_c5,2025-01,0.0
q50_edge33_edge10_next_0934_close_negative_signal_bull_c5,2025-02,-0.009593750000000068
q50_edge33_edge10_next_0934_close_negative_signal_bull_c5,2025-03,0.10329124349237162
q50_edge33_edge10_next_0934_close_negative_signal_bull_c5,2025-04,-0.14425295922840853
q50_edge33_edge10_next_0934_close_negative_signal_bull_c5,2025-05,0.11108925930206026
q50_edge33_edge10_next_0934_close_negative_signal_bull_c5,2025-06,-0.0006942278811061797
q50_edge33_edge10_next_0934_close_negative_signal_bull_c5,2025-07,-0.1059351259575454
q50_edge33_edge10_next_0934_close_negative_signal_bull_c5,2025-08,-0.03386992299646152
q50_edge33_edge10_next_0934_close_negative_signal_bull_c5,2025-09,0.0
q50_edge33_edge10_next_0934_close_negative_signal_bull_c5,2025-10,0.10638571491781867
q50_edge33_edge10_next_0934_close_negative_signal_bull_c5,2025-11,0.08242932930356384
q50_edge33_edge10_next_0934_close_negative_signal_bull_c5,2025-12,-0.0024791387909013354
q50_edge33_edge10_next_0934_close_negative_signal_bull_c5,2026-01,0.09376154752799581
q50_edge33_edge10_next_0934_close_negative_signal_bull_c5,2026-02,0.06773428194948938
q50_edge33_edge10_next_0934_close_negative_signal_bull_c5,2026-03,0.14222317903052206
q50_edge33_edge10_next_0934_close_negative_signal_bull_c5,2026-04,0.034320892125625835
q50_edge33_edge10_next_0934_close_positive_signal_inverse_c10,2024-11,-0.03199189298743421
q50_edge33_edge10_next_0934_close_positive_signal_inverse_c10,2024-12,-0.012048030739673641
q50_edge33_edge10_next_0934_close_positive_signal_inverse_c10,2025-01,0.010771678243334028
q50_edge33_edge10_next_0934_close_positive_signal_inverse_c10,2025-02,-0.049606657907894425
q50_edge33_edge10_next_0934_close_positive_signal_inverse_c10,2025-03,0.12842548806366694
q50_edge33_edge10_next_0934_close_positive_signal_inverse_c10,2025-04,0.252404045487881
q50_edge33_edge10_next_0934_close_positive_signal_inverse_c10,2025-05,0.0
q50_edge33_edge10_next_0934_close_positive_signal_inverse_c10,2025-06,-0.030183420565724532
q50_edge33_edge10_next_0934_close_positive_signal_inverse_c10,2025-07,0.09431516378249882
q50_edge33_edge10_next_0934_close_positive_signal_inverse_c10,2025-08,0.006213552361396426
q50_edge33_edge10_next_0934_close_positive_signal_inverse_c10,2025-09,0.0
q50_edge33_edge10_next_0934_close_positive_signal_inverse_c10,2025-10,0.03327067023000452
q50_edge33_edge10_next_0934_close_positive_signal_inverse_c10,2025-11,0.006248360181521417
q50_edge33_edge10_next_0934_close_positive_signal_inverse_c10,2025-12,-0.02614017108266797
q50_edge33_edge10_next_0934_close_positive_signal_inverse_c10,2026-01,-0.04211568266817711
q50_edge33_edge10_next_0934_close_positive_signal_inverse_c10,2026-02,0.12084799859443318
q50_edge33_edge10_next_0934_close_positive_signal_inverse_c10,2026-03,-0.06521979906885578
q50_edge33_edge10_next_0934_close_positive_signal_inverse_c10,2026-04,-0.2327800644010407
q50_edge33_edge10_next_0934_close_positive_signal_inverse_c5,2024-11,-0.03099189298743421
q50_edge33_edge10_next_0934_close_positive_signal_inverse_c5,2024-12,-0.011048030739673642
q50_edge33_edge10_next_0934_close_positive_signal_inverse_c5,2025-01,0.011771678243334027
q50_edge33_edge10_next_0934_close_positive_signal_inverse_c5,2025-02,-0.04760665790789442
q50_edge33_edge10_next_0934_close_positive_signal_inverse_c5,2025-03,0.13242548806366694
q50_edge33_edge10_next_0934_close_positive_signal_inverse_c5,2025-04,0.258404045487881
q50_edge33_edge10_next_0934_close_positive_signal_inverse_c5,2025-05,0.0
q50_edge33_edge10_next_0934_close_positive_signal_inverse_c5,2025-06,-0.026183420565724536
q50_edge33_edge10_next_0934_close_positive_signal_inverse_c5,2025-07,0.09731516378249883
q50_edge33_edge10_next_0934_close_positive_signal_inverse_c5,2025-08,0.007213552361396426
q50_edge33_edge10_next_0934_close_positive_signal_inverse_c5,2025-09,0.0
q50_edge33_edge10_next_0934_close_positive_signal_inverse_c5,2025-10,0.03627067023000452
q50_edge33_edge10_next_0934_close_positive_signal_inverse_c5,2025-11,0.00824836018152142
q50_edge33_edge10_next_0934_close_positive_signal_inverse_c5,2025-12,-0.02214017108266797
q50_edge33_edge10_next_0934_close_positive_signal_inverse_c5,2026-01,-0.03911568266817711
q50_edge33_edge10_next_0934_close_positive_signal_inverse_c5,2026-02,0.1278479985944332
q50_edge33_edge10_next_0934_close_positive_signal_inverse_c5,2026-03,-0.06421979906885578
q50_edge33_edge10_next_0934_close_positive_signal_inverse_c5,2026-04,-0.2307800644010407
q50_edge33_edge10_next_open_both_reversal_c10,2024-11,-0.03859179226151355
q50_edge33_edge10_next_open_both_reversal_c10,2024-12,-0.022853127911991122
q50_edge33_edge10_next_open_both_reversal_c10,2025-01,-0.016116065426842963
q50_edge33_edge10_next_open_both_reversal_c10,2025-02,-0.047947228862844526
q50_edge33_edge10_next_open_both_reversal_c10,2025-03,0.21642780658562222
q50_edge33_edge10_next_open_both_reversal_c10,2025-04,0.12930180945545533
q50_edge33_edge10_next_open_both_reversal_c10,2025-05,0.07881163075644138
q50_edge33_edge10_next_open_both_reversal_c10,2025-06,-0.04131521242978364
q50_edge33_edge10_next_open_both_reversal_c10,2025-07,-0.0386758150655695
q50_edge33_edge10_next_open_both_reversal_c10,2025-08,-0.001079132040429748
q50_edge33_edge10_next_open_both_reversal_c10,2025-09,0.0
q50_edge33_edge10_next_open_both_reversal_c10,2025-10,0.169340299451747
q50_edge33_edge10_next_open_both_reversal_c10,2025-11,0.054198319114850846
q50_edge33_edge10_next_open_both_reversal_c10,2025-12,-0.0447201271612867
q50_edge33_edge10_next_open_both_reversal_c10,2026-01,0.09025213819691258
q50_edge33_edge10_next_open_both_reversal_c10,2026-02,0.25693652868895656
q50_edge33_edge10_next_open_both_reversal_c10,2026-03,0.007239363432021695
q50_edge33_edge10_next_open_both_reversal_c10,2026-04,-0.15919313890585918
q50_edge33_edge10_next_open_both_reversal_c5,2024-11,-0.036591792261513545
q50_edge33_edge10_next_open_both_reversal_c5,2024-12,-0.01985312791199112
q50_edge33_edge10_next_open_both_reversal_c5,2025-01,-0.015116065426842962
q50_edge33_edge10_next_open_both_reversal_c5,2025-02,-0.044947228862844524
q50_edge33_edge10_next_open_both_reversal_c5,2025-03,0.22442780658562222
q50_edge33_edge10_next_open_both_reversal_c5,2025-04,0.13630180945545534
q50_edge33_edge10_next_open_both_reversal_c5,2025-05,0.08181163075644138
q50_edge33_edge10_next_open_both_reversal_c5,2025-06,-0.03531521242978364
q50_edge33_edge10_next_open_both_reversal_c5,2025-07,-0.03267581506556949
q50_edge33_edge10_next_open_both_reversal_c5,2025-08,0.001920867959570251
q50_edge33_edge10_next_open_both_reversal_c5,2025-09,0.0
q50_edge33_edge10_next_open_both_reversal_c5,2025-10,0.174340299451747
q50_edge33_edge10_next_open_both_reversal_c5,2025-11,0.06019831911485085
q50_edge33_edge10_next_open_both_reversal_c5,2025-12,-0.0397201271612867
q50_edge33_edge10_next_open_both_reversal_c5,2026-01,0.09525213819691258
q50_edge33_edge10_next_open_both_reversal_c5,2026-02,0.26893652868895657
q50_edge33_edge10_next_open_both_reversal_c5,2026-03,0.016239363432021703
q50_edge33_edge10_next_open_both_reversal_c5,2026-04,-0.15619313890585917
q50_edge33_edge10_next_open_negative_signal_bull_c10,2024-11,-0.0005155863433943236
q50_edge33_edge10_next_open_negative_signal_bull_c10,2024-12,0.0012410123377689652
q50_edge33_edge10_next_open_negative_signal_bull_c10,2025-01,0.0
q50_edge33_edge10_next_open_negative_signal_bull_c10,2025-02,-0.012156250000000089
q50_edge33_edge10_next_open_negative_signal_bull_c10,2025-03,0.08247000175652563
q50_edge33_edge10_next_open_negative_signal_bull_c10,2025-04,-0.12080754055238918
q50_edge33_edge10_next_open_negative_signal_bull_c10,2025-05,0.07881163075644138
q50_edge33_edge10_next_open_negative_signal_bull_c10,2025-06,0.009129337847422429
q50_edge33_edge10_next_open_negative_signal_bull_c10,2025-07,-0.10090261421524138
q50_edge33_edge10_next_open_negative_signal_bull_c10,2025-08,-0.010714997885741036
q50_edge33_edge10_next_open_negative_signal_bull_c10,2025-09,0.0
q50_edge33_edge10_next_open_negative_signal_bull_c10,2025-10,0.11360412596782465
q50_edge33_edge10_next_open_negative_signal_bull_c10,2025-11,0.04255702763195091
q50_edge33_edge10_next_open_negative_signal_bull_c10,2025-12,-0.010636418927137735
q50_edge33_edge10_next_open_negative_signal_bull_c10,2026-01,0.11073262475483747
q50_edge33_edge10_next_open_negative_signal_bull_c10,2026-02,0.06921145404429163
q50_edge33_edge10_next_open_negative_signal_bull_c10,2026-03,0.0803003778892627
q50_edge33_edge10_next_open_negative_signal_bull_c10,2026-04,0.04224214838416018
q50_edge33_edge10_next_open_negative_signal_bull_c5,2024-11,0.00048441365660567646
q50_edge33_edge10_next_open_negative_signal_bull_c5,2024-12,0.003241012337768967
q50_edge33_edge10_next_open_negative_signal_bull_c5,2025-01,0.0
q50_edge33_edge10_next_open_negative_signal_bull_c5,2025-02,-0.01115625000000009
q50_edge33_edge10_next_open_negative_signal_bull_c5,2025-03,0.08647000175652564
q50_edge33_edge10_next_open_negative_signal_bull_c5,2025-04,-0.11980754055238918
q50_edge33_edge10_next_open_negative_signal_bull_c5,2025-05,0.08181163075644138
q50_edge33_edge10_next_open_negative_signal_bull_c5,2025-06,0.011129337847422427
q50_edge33_edge10_next_open_negative_signal_bull_c5,2025-07,-0.09790261421524138
q50_edge33_edge10_next_open_negative_signal_bull_c5,2025-08,-0.008714997885741036
q50_edge33_edge10_next_open_negative_signal_bull_c5,2025-09,0.0
q50_edge33_edge10_next_open_negative_signal_bull_c5,2025-10,0.11560412596782466
q50_edge33_edge10_next_open_negative_signal_bull_c5,2025-11,0.04655702763195091
q50_edge33_edge10_next_open_negative_signal_bull_c5,2025-12,-0.009636418927137735
q50_edge33_edge10_next_open_negative_signal_bull_c5,2026-01,0.11273262475483747
q50_edge33_edge10_next_open_negative_signal_bull_c5,2026-02,0.07421145404429164
q50_edge33_edge10_next_open_negative_signal_bull_c5,2026-03,0.0883003778892627
q50_edge33_edge10_next_open_negative_signal_bull_c5,2026-04,0.043242148384160184
q50_edge33_edge10_next_open_positive_signal_inverse_c10,2024-11,-0.03807620591811922
q50_edge33_edge10_next_open_positive_signal_inverse_c10,2024-12,-0.024094140249760088
q50_edge33_edge10_next_open_positive_signal_inverse_c10,2025-01,-0.016116065426842963
q50_edge33_edge10_next_open_positive_signal_inverse_c10,2025-02,-0.035790978862844436
q50_edge33_edge10_next_open_positive_signal_inverse_c10,2025-03,0.13395780482909658
q50_edge33_edge10_next_open_positive_signal_inverse_c10,2025-04,0.2501093500078445
q50_edge33_edge10_next_open_positive_signal_inverse_c10,2025-05,0.0
q50_edge33_edge10_next_open_positive_signal_inverse_c10,2025-06,-0.05044455027720607
q50_edge33_edge10_next_open_positive_signal_inverse_c10,2025-07,0.062226799149671885
q50_edge33_edge10_next_open_positive_signal_inverse_c10,2025-08,0.009635865845311288
q50_edge33_edge10_next_open_positive_signal_inverse_c10,2025-09,0.0
q50_edge33_edge10_next_open_positive_signal_inverse_c10,2025-10,0.05573617348392235
q50_edge33_edge10_next_open_positive_signal_inverse_c10,2025-11,0.01164129148289994
q50_edge33_edge10_next_open_positive_signal_inverse_c10,2025-12,-0.03408370823414897
q50_edge33_edge10_next_open_positive_signal_inverse_c10,2026-01,-0.020480486557924893
q50_edge33_edge10_next_open_positive_signal_inverse_c10,2026-02,0.18772507464466492
q50_edge33_edge10_next_open_positive_signal_inverse_c10,2026-03,-0.073061014457241
q50_edge33_edge10_next_open_positive_signal_inverse_c10,2026-04,-0.20143528729001936
q50_edge33_edge10_next_open_positive_signal_inverse_c5,2024-11,-0.03707620591811922
q50_edge33_edge10_next_open_positive_signal_inverse_c5,2024-12,-0.023094140249760087
q50_edge33_edge10_next_open_positive_signal_inverse_c5,2025-01,-0.015116065426842962
q50_edge33_edge10_next_open_positive_signal_inverse_c5,2025-02,-0.033790978862844434
q50_edge33_edge10_next_open_positive_signal_inverse_c5,2025-03,0.1379578048290966
q50_edge33_edge10_next_open_positive_signal_inverse_c5,2025-04,0.2561093500078445
q50_edge33_edge10_next_open_positive_signal_inverse_c5,2025-05,0.0
q50_edge33_edge10_next_open_positive_signal_inverse_c5,2025-06,-0.046444550277206065
q50_edge33_edge10_next_open_positive_signal_inverse_c5,2025-07,0.06522679914967189
q50_edge33_edge10_next_open_positive_signal_inverse_c5,2025-08,0.010635865845311288
q50_edge33_edge10_next_open_positive_signal_inverse_c5,2025-09,0.0
q50_edge33_edge10_next_open_positive_signal_inverse_c5,2025-10,0.05873617348392235
q50_edge33_edge10_next_open_positive_signal_inverse_c5,2025-11,0.013641291482899942
q50_edge33_edge10_next_open_positive_signal_inverse_c5,2025-12,-0.030083708234148965
q50_edge33_edge10_next_open_positive_signal_inverse_c5,2026-01,-0.01748048655792489
q50_edge33_edge10_next_open_positive_signal_inverse_c5,2026-02,0.19472507464466493
q50_edge33_edge10_next_open_positive_signal_inverse_c5,2026-03,-0.072061014457241
q50_edge33_edge10_next_open_positive_signal_inverse_c5,2026-04,-0.19943528729001936
q50_edge33_edge20_next_0934_close_both_reversal_c10,2024-11,0.07411600519798012
q50_edge33_edge20_next_0934_close_both_reversal_c10,2024-12,-0.02665841404874691
q50_edge33_edge20_next_0934_close_both_reversal_c10,2025-01,0.010771678243334028
q50_edge33_edge20_next_0934_close_both_reversal_c10,2025-02,-0.15444380472758668
q50_edge33_edge20_next_0934_close_both_reversal_c10,2025-03,0.15182728431985792
q50_edge33_edge20_next_0934_close_both_reversal_c10,2025-04,0.08626413647770947
q50_edge33_edge20_next_0934_close_both_reversal_c10,2025-05,0.11271326868248555
q50_edge33_edge20_next_0934_close_both_reversal_c10,2025-06,0.0006790554088453929
q50_edge33_edge20_next_0934_close_both_reversal_c10,2025-07,0.05940605596844284
q50_edge33_edge20_next_0934_close_both_reversal_c10,2025-08,-0.029656370635065096
q50_edge33_edge20_next_0934_close_both_reversal_c10,2025-09,0.024773761713520637
q50_edge33_edge20_next_0934_close_both_reversal_c10,2025-10,0.16651014677081566
q50_edge33_edge20_next_0934_close_both_reversal_c10,2025-11,-0.03258123127552626
q50_edge33_edge20_next_0934_close_both_reversal_c10,2025-12,0.0661852146290991
q50_edge33_edge20_next_0934_close_both_reversal_c10,2026-01,0.1374783313225666
q50_edge33_edge20_next_0934_close_both_reversal_c10,2026-02,0.18358228054392256
q50_edge33_edge20_next_0934_close_both_reversal_c10,2026-03,0.042461337780598574
q50_edge33_edge20_next_0934_close_both_reversal_c10,2026-04,-0.2327800644010407
q50_edge33_edge20_next_0934_close_both_reversal_c5,2024-11,0.07711600519798012
q50_edge33_edge20_next_0934_close_both_reversal_c5,2024-12,-0.024658414048746913
q50_edge33_edge20_next_0934_close_both_reversal_c5,2025-01,0.011771678243334027
q50_edge33_edge20_next_0934_close_both_reversal_c5,2025-02,-0.14644380472758667
q50_edge33_edge20_next_0934_close_both_reversal_c5,2025-03,0.15882728431985793
q50_edge33_edge20_next_0934_close_both_reversal_c5,2025-04,0.09526413647770948
q50_edge33_edge20_next_0934_close_both_reversal_c5,2025-05,0.11671326868248555
q50_edge33_edge20_next_0934_close_both_reversal_c5,2025-06,0.006679055408845391
q50_edge33_edge20_next_0934_close_both_reversal_c5,2025-07,0.06440605596844284
q50_edge33_edge20_next_0934_close_both_reversal_c5,2025-08,-0.026656370635065096
q50_edge33_edge20_next_0934_close_both_reversal_c5,2025-09,0.025773761713520638
q50_edge33_edge20_next_0934_close_both_reversal_c5,2025-10,0.17251014677081566
q50_edge33_edge20_next_0934_close_both_reversal_c5,2025-11,-0.028581231275526253
q50_edge33_edge20_next_0934_close_both_reversal_c5,2025-12,0.0711852146290991
q50_edge33_edge20_next_0934_close_both_reversal_c5,2026-01,0.1444783313225666
q50_edge33_edge20_next_0934_close_both_reversal_c5,2026-02,0.19558228054392257
q50_edge33_edge20_next_0934_close_both_reversal_c5,2026-03,0.054461337780598584
q50_edge33_edge20_next_0934_close_both_reversal_c5,2026-04,-0.2307800644010407
q50_edge33_edge20_next_0934_close_negative_signal_bull_c10,2024-11,0.04824438357635863
q50_edge33_edge20_next_0934_close_negative_signal_bull_c10,2024-12,0.0
q50_edge33_edge20_next_0934_close_negative_signal_bull_c10,2025-01,0.0
q50_edge33_edge20_next_0934_close_negative_signal_bull_c10,2025-02,-0.06910158980469605
q50_edge33_edge20_next_0934_close_negative_signal_bull_c10,2025-03,0.09929124349237162
q50_edge33_edge20_next_0934_close_negative_signal_bull_c10,2025-04,-0.14525295922840853
q50_edge33_edge20_next_0934_close_negative_signal_bull_c10,2025-05,0.10337349547794916
q50_edge33_edge20_next_0934_close_negative_signal_bull_c10,2025-06,0.012621359223300878
q50_edge33_edge20_next_0934_close_negative_signal_bull_c10,2025-07,-0.034909107814055984
q50_edge33_edge20_next_0934_close_negative_signal_bull_c10,2025-08,-0.03586992299646152
q50_edge33_edge20_next_0934_close_negative_signal_bull_c10,2025-09,0.0
q50_edge33_edge20_next_0934_close_negative_signal_bull_c10,2025-10,0.13323947654081114
q50_edge33_edge20_next_0934_close_negative_signal_bull_c10,2025-11,-0.03258123127552626
q50_edge33_edge20_next_0934_close_negative_signal_bull_c10,2025-12,-0.0034791387909013354
q50_edge33_edge20_next_0934_close_negative_signal_bull_c10,2026-01,0.1795940139907437
q50_edge33_edge20_next_0934_close_negative_signal_bull_c10,2026-02,0.06273428194948938
q50_edge33_edge20_next_0934_close_negative_signal_bull_c10,2026-03,0.13422317903052206
q50_edge33_edge20_next_0934_close_negative_signal_bull_c10,2026-04,0.0
q50_edge33_edge20_next_0934_close_negative_signal_bull_c5,2024-11,0.05024438357635863
q50_edge33_edge20_next_0934_close_negative_signal_bull_c5,2024-12,0.0
q50_edge33_edge20_next_0934_close_negative_signal_bull_c5,2025-01,0.0
q50_edge33_edge20_next_0934_close_negative_signal_bull_c5,2025-02,-0.06610158980469605
q50_edge33_edge20_next_0934_close_negative_signal_bull_c5,2025-03,0.10329124349237162
q50_edge33_edge20_next_0934_close_negative_signal_bull_c5,2025-04,-0.14425295922840853
q50_edge33_edge20_next_0934_close_negative_signal_bull_c5,2025-05,0.10637349547794916
q50_edge33_edge20_next_0934_close_negative_signal_bull_c5,2025-06,0.013621359223300877
q50_edge33_edge20_next_0934_close_negative_signal_bull_c5,2025-07,-0.03290910781405598
q50_edge33_edge20_next_0934_close_negative_signal_bull_c5,2025-08,-0.03386992299646152
q50_edge33_edge20_next_0934_close_negative_signal_bull_c5,2025-09,0.0
q50_edge33_edge20_next_0934_close_negative_signal_bull_c5,2025-10,0.13623947654081114
q50_edge33_edge20_next_0934_close_negative_signal_bull_c5,2025-11,-0.028581231275526253
q50_edge33_edge20_next_0934_close_negative_signal_bull_c5,2025-12,-0.0024791387909013354
q50_edge33_edge20_next_0934_close_negative_signal_bull_c5,2026-01,0.1835940139907437
q50_edge33_edge20_next_0934_close_negative_signal_bull_c5,2026-02,0.06773428194948938
q50_edge33_edge20_next_0934_close_negative_signal_bull_c5,2026-03,0.14222317903052206
q50_edge33_edge20_next_0934_close_negative_signal_bull_c5,2026-04,0.0
q50_edge33_edge20_next_0934_close_positive_signal_inverse_c10,2024-11,0.025871621621621488
q50_edge33_edge20_next_0934_close_positive_signal_inverse_c10,2024-12,-0.02665841404874691
q50_edge33_edge20_next_0934_close_positive_signal_inverse_c10,2025-01,0.010771678243334028
q50_edge33_edge20_next_0934_close_positive_signal_inverse_c10,2025-02,-0.08534221492289062
q50_edge33_edge20_next_0934_close_positive_signal_inverse_c10,2025-03,0.05253604082748631
q50_edge33_edge20_next_0934_close_positive_signal_inverse_c10,2025-04,0.231517095706118
q50_edge33_edge20_next_0934_close_positive_signal_inverse_c10,2025-05,0.009339773204536385
q50_edge33_edge20_next_0934_close_positive_signal_inverse_c10,2025-06,-0.011942303814455484
q50_edge33_edge20_next_0934_close_positive_signal_inverse_c10,2025-07,0.09431516378249882
q50_edge33_edge20_next_0934_close_positive_signal_inverse_c10,2025-08,0.006213552361396426
q50_edge33_edge20_next_0934_close_positive_signal_inverse_c10,2025-09,0.024773761713520637
q50_edge33_edge20_next_0934_close_positive_signal_inverse_c10,2025-10,0.03327067023000452
q50_edge33_edge20_next_0934_close_positive_signal_inverse_c10,2025-11,0.0
q50_edge33_edge20_next_0934_close_positive_signal_inverse_c10,2025-12,0.06966435342000044
q50_edge33_edge20_next_0934_close_positive_signal_inverse_c10,2026-01,-0.04211568266817711
q50_edge33_edge20_next_0934_close_positive_signal_inverse_c10,2026-02,0.12084799859443318
q50_edge33_edge20_next_0934_close_positive_signal_inverse_c10,2026-03,-0.09176184124992348
q50_edge33_edge20_next_0934_close_positive_signal_inverse_c10,2026-04,-0.2327800644010407
q50_edge33_edge20_next_0934_close_positive_signal_inverse_c5,2024-11,0.02687162162162149
q50_edge33_edge20_next_0934_close_positive_signal_inverse_c5,2024-12,-0.024658414048746913
q50_edge33_edge20_next_0934_close_positive_signal_inverse_c5,2025-01,0.011771678243334027
q50_edge33_edge20_next_0934_close_positive_signal_inverse_c5,2025-02,-0.08034221492289062
q50_edge33_edge20_next_0934_close_positive_signal_inverse_c5,2025-03,0.05553604082748631
q50_edge33_edge20_next_0934_close_positive_signal_inverse_c5,2025-04,0.239517095706118
q50_edge33_edge20_next_0934_close_positive_signal_inverse_c5,2025-05,0.010339773204536384
q50_edge33_edge20_next_0934_close_positive_signal_inverse_c5,2025-06,-0.006942303814455486
q50_edge33_edge20_next_0934_close_positive_signal_inverse_c5,2025-07,0.09731516378249883
q50_edge33_edge20_next_0934_close_positive_signal_inverse_c5,2025-08,0.007213552361396426
q50_edge33_edge20_next_0934_close_positive_signal_inverse_c5,2025-09,0.025773761713520638
q50_edge33_edge20_next_0934_close_positive_signal_inverse_c5,2025-10,0.03627067023000452
q50_edge33_edge20_next_0934_close_positive_signal_inverse_c5,2025-11,0.0
q50_edge33_edge20_next_0934_close_positive_signal_inverse_c5,2025-12,0.07366435342000044
q50_edge33_edge20_next_0934_close_positive_signal_inverse_c5,2026-01,-0.03911568266817711
q50_edge33_edge20_next_0934_close_positive_signal_inverse_c5,2026-02,0.1278479985944332
q50_edge33_edge20_next_0934_close_positive_signal_inverse_c5,2026-03,-0.08776184124992348
q50_edge33_edge20_next_0934_close_positive_signal_inverse_c5,2026-04,-0.2307800644010407
q50_edge33_edge20_next_open_both_reversal_c10,2024-11,0.04229094070868733
q50_edge33_edge20_next_open_both_reversal_c10,2024-12,-0.045987395950875976
q50_edge33_edge20_next_open_both_reversal_c10,2025-01,-0.016116065426842963
q50_edge33_edge20_next_open_both_reversal_c10,2025-02,-0.13310128885750838
q50_edge33_edge20_next_open_both_reversal_c10,2025-03,0.1422134012254883
q50_edge33_edge20_next_open_both_reversal_c10,2025-04,0.07804753019947841
q50_edge33_edge20_next_open_both_reversal_c10,2025-05,0.07147064353408294
q50_edge33_edge20_next_open_both_reversal_c10,2025-06,-0.014875283114424875
q50_edge33_edge20_next_open_both_reversal_c10,2025-07,0.034136837936672104
q50_edge33_edge20_next_open_both_reversal_c10,2025-08,-0.001079132040429748
q50_edge33_edge20_next_open_both_reversal_c10,2025-09,0.016741633199464534
q50_edge33_edge20_next_open_both_reversal_c10,2025-10,0.1979827339403355
q50_edge33_edge20_next_open_both_reversal_c10,2025-11,-0.04839714725973998
q50_edge33_edge20_next_open_both_reversal_c10,2025-12,0.029864419175443028
q50_edge33_edge20_next_open_both_reversal_c10,2026-01,0.18007425418477596
q50_edge33_edge20_next_open_both_reversal_c10,2026-02,0.25693652868895656
q50_edge33_edge20_next_open_both_reversal_c10,2026-03,0.0376522381323271
q50_edge33_edge20_next_open_both_reversal_c10,2026-04,-0.20143528729001936
q50_edge33_edge20_next_open_both_reversal_c5,2024-11,0.04529094070868733
q50_edge33_edge20_next_open_both_reversal_c5,2024-12,-0.043987395950875974
q50_edge33_edge20_next_open_both_reversal_c5,2025-01,-0.015116065426842962
q50_edge33_edge20_next_open_both_reversal_c5,2025-02,-0.12510128885750837
q50_edge33_edge20_next_open_both_reversal_c5,2025-03,0.14921340122548832
q50_edge33_edge20_next_open_both_reversal_c5,2025-04,0.08704753019947842
q50_edge33_edge20_next_open_both_reversal_c5,2025-05,0.07547064353408295
q50_edge33_edge20_next_open_both_reversal_c5,2025-06,-0.00887528311442487
q50_edge33_edge20_next_open_both_reversal_c5,2025-07,0.03913683793667211
q50_edge33_edge20_next_open_both_reversal_c5,2025-08,0.001920867959570251
q50_edge33_edge20_next_open_both_reversal_c5,2025-09,0.017741633199464535
q50_edge33_edge20_next_open_both_reversal_c5,2025-10,0.2039827339403355
q50_edge33_edge20_next_open_both_reversal_c5,2025-11,-0.04439714725973998
q50_edge33_edge20_next_open_both_reversal_c5,2025-12,0.03486441917544303
q50_edge33_edge20_next_open_both_reversal_c5,2026-01,0.18707425418477597
q50_edge33_edge20_next_open_both_reversal_c5,2026-02,0.26893652868895657
q50_edge33_edge20_next_open_both_reversal_c5,2026-03,0.04965223813232711
q50_edge33_edge20_next_open_both_reversal_c5,2026-04,-0.19943528729001936
q50_edge33_edge20_next_open_negative_signal_bull_c10,2024-11,0.028665940708687332
q50_edge33_edge20_next_open_negative_signal_bull_c10,2024-12,0.0
q50_edge33_edge20_next_open_negative_signal_bull_c10,2025-01,0.0
q50_edge33_edge20_next_open_negative_signal_bull_c10,2025-02,-0.06124422714154343
q50_edge33_edge20_next_open_negative_signal_bull_c10,2025-03,0.08247000175652563
q50_edge33_edge20_next_open_negative_signal_bull_c10,2025-04,-0.12080754055238918
q50_edge33_edge20_next_open_negative_signal_bull_c10,2025-05,0.04953112232450663
q50_edge33_edge20_next_open_negative_signal_bull_c10,2025-06,0.009650485436893065
q50_edge33_edge20_next_open_negative_signal_bull_c10,2025-07,-0.02808996121299978
q50_edge33_edge20_next_open_negative_signal_bull_c10,2025-08,-0.010714997885741036
q50_edge33_edge20_next_open_negative_signal_bull_c10,2025-09,0.0
q50_edge33_edge20_next_open_negative_signal_bull_c10,2025-10,0.14224656045641315
q50_edge33_edge20_next_open_negative_signal_bull_c10,2025-11,-0.04839714725973998
q50_edge33_edge20_next_open_negative_signal_bull_c10,2025-12,-0.010636418927137735
q50_edge33_edge20_next_open_negative_signal_bull_c10,2026-01,0.20055474074270085
q50_edge33_edge20_next_open_negative_signal_bull_c10,2026-02,0.06921145404429163
q50_edge33_edge20_next_open_negative_signal_bull_c10,2026-03,0.0803003778892627
q50_edge33_edge20_next_open_negative_signal_bull_c10,2026-04,0.0
q50_edge33_edge20_next_open_negative_signal_bull_c5,2024-11,0.030665940708687334
q50_edge33_edge20_next_open_negative_signal_bull_c5,2024-12,0.0
q50_edge33_edge20_next_open_negative_signal_bull_c5,2025-01,0.0
q50_edge33_edge20_next_open_negative_signal_bull_c5,2025-02,-0.058244227141543425
q50_edge33_edge20_next_open_negative_signal_bull_c5,2025-03,0.08647000175652564
q50_edge33_edge20_next_open_negative_signal_bull_c5,2025-04,-0.11980754055238918
q50_edge33_edge20_next_open_negative_signal_bull_c5,2025-05,0.05253112232450663
q50_edge33_edge20_next_open_negative_signal_bull_c5,2025-06,0.010650485436893065
q50_edge33_edge20_next_open_negative_signal_bull_c5,2025-07,-0.02608996121299978
q50_edge33_edge20_next_open_negative_signal_bull_c5,2025-08,-0.008714997885741036
q50_edge33_edge20_next_open_negative_signal_bull_c5,2025-09,0.0
q50_edge33_edge20_next_open_negative_signal_bull_c5,2025-10,0.14524656045641315
q50_edge33_edge20_next_open_negative_signal_bull_c5,2025-11,-0.04439714725973998
q50_edge33_edge20_next_open_negative_signal_bull_c5,2025-12,-0.009636418927137735
q50_edge33_edge20_next_open_negative_signal_bull_c5,2026-01,0.20455474074270086
q50_edge33_edge20_next_open_negative_signal_bull_c5,2026-02,0.07421145404429164
q50_edge33_edge20_next_open_negative_signal_bull_c5,2026-03,0.0883003778892627
q50_edge33_edge20_next_open_negative_signal_bull_c5,2026-04,0.0
q50_edge33_edge20_next_open_positive_signal_inverse_c10,2024-11,0.013625
q50_edge33_edge20_next_open_positive_signal_inverse_c10,2024-12,-0.045987395950875976
q50_edge33_edge20_next_open_positive_signal_inverse_c10,2025-01,-0.016116065426842963
q50_edge33_edge20_next_open_positive_signal_inverse_c10,2025-02,-0.07185706171596495
q50_edge33_edge20_next_open_positive_signal_inverse_c10,2025-03,0.05974339946896268
q50_edge33_edge20_next_open_positive_signal_inverse_c10,2025-04,0.1988550707518676
q50_edge33_edge20_next_open_positive_signal_inverse_c10,2025-05,0.021939521209576318
q50_edge33_edge20_next_open_positive_signal_inverse_c10,2025-06,-0.02452576855131794
q50_edge33_edge20_next_open_positive_signal_inverse_c10,2025-07,0.062226799149671885
q50_edge33_edge20_next_open_positive_signal_inverse_c10,2025-08,0.009635865845311288
q50_edge33_edge20_next_open_positive_signal_inverse_c10,2025-09,0.016741633199464534
q50_edge33_edge20_next_open_positive_signal_inverse_c10,2025-10,0.05573617348392235
q50_edge33_edge20_next_open_positive_signal_inverse_c10,2025-11,0.0
q50_edge33_edge20_next_open_positive_signal_inverse_c10,2025-12,0.04050083810258076
q50_edge33_edge20_next_open_positive_signal_inverse_c10,2026-01,-0.020480486557924893
q50_edge33_edge20_next_open_positive_signal_inverse_c10,2026-02,0.18772507464466492
q50_edge33_edge20_next_open_positive_signal_inverse_c10,2026-03,-0.0426481397569356
q50_edge33_edge20_next_open_positive_signal_inverse_c10,2026-04,-0.20143528729001936
q50_edge33_edge20_next_open_positive_signal_inverse_c5,2024-11,0.014624999999999999
q50_edge33_edge20_next_open_positive_signal_inverse_c5,2024-12,-0.043987395950875974
q50_edge33_edge20_next_open_positive_signal_inverse_c5,2025-01,-0.015116065426842962
q50_edge33_edge20_next_open_positive_signal_inverse_c5,2025-02,-0.06685706171596495
q50_edge33_edge20_next_open_positive_signal_inverse_c5,2025-03,0.06274339946896268
q50_edge33_edge20_next_open_positive_signal_inverse_c5,2025-04,0.2068550707518676
q50_edge33_edge20_next_open_positive_signal_inverse_c5,2025-05,0.02293952120957632
q50_edge33_edge20_next_open_positive_signal_inverse_c5,2025-06,-0.019525768551317935
q50_edge33_edge20_next_open_positive_signal_inverse_c5,2025-07,0.06522679914967189
q50_edge33_edge20_next_open_positive_signal_inverse_c5,2025-08,0.010635865845311288
q50_edge33_edge20_next_open_positive_signal_inverse_c5,2025-09,0.017741633199464535
q50_edge33_edge20_next_open_positive_signal_inverse_c5,2025-10,0.05873617348392235
q50_edge33_edge20_next_open_positive_signal_inverse_c5,2025-11,0.0
q50_edge33_edge20_next_open_positive_signal_inverse_c5,2025-12,0.044500838102580764
q50_edge33_edge20_next_open_positive_signal_inverse_c5,2026-01,-0.01748048655792489
q50_edge33_edge20_next_open_positive_signal_inverse_c5,2026-02,0.19472507464466493
q50_edge33_edge20_next_open_positive_signal_inverse_c5,2026-03,-0.038648139756935596
q50_edge33_edge20_next_open_positive_signal_inverse_c5,2026-04,-0.19943528729001936
q50_edge33_edge40_next_0934_close_both_reversal_c10,2024-11,0.04328219142540746
q50_edge33_edge40_next_0934_close_both_reversal_c10,2024-12,-0.05560984446234252
q50_edge33_edge40_next_0934_close_both_reversal_c10,2025-01,0.010771678243334028
q50_edge33_edge40_next_0934_close_both_reversal_c10,2025-02,-0.08773804476920821
q50_edge33_edge40_next_0934_close_both_reversal_c10,2025-03,0.15182728431985792
q50_edge33_edge40_next_0934_close_both_reversal_c10,2025-04,0.08626413647770947
q50_edge33_edge40_next_0934_close_both_reversal_c10,2025-05,0.16659216345026906
q50_edge33_edge40_next_0934_close_both_reversal_c10,2025-06,-0.014636531695561665
q50_edge33_edge40_next_0934_close_both_reversal_c10,2025-07,0.0010538446644875465
q50_edge33_edge40_next_0934_close_both_reversal_c10,2025-08,-0.05692668421620406
q50_edge33_edge40_next_0934_close_both_reversal_c10,2025-09,0.030858000843955402
q50_edge33_edge40_next_0934_close_both_reversal_c10,2025-10,0.01884428295000684
q50_edge33_edge40_next_0934_close_both_reversal_c10,2025-11,0.08155313583341484
q50_edge33_edge40_next_0934_close_both_reversal_c10,2025-12,0.040659500962059614
q50_edge33_edge40_next_0934_close_both_reversal_c10,2026-01,0.1374783313225666
q50_edge33_edge40_next_0934_close_both_reversal_c10,2026-02,0.18358228054392256
q50_edge33_edge40_next_0934_close_both_reversal_c10,2026-03,0.042461337780598574
q50_edge33_edge40_next_0934_close_both_reversal_c10,2026-04,-0.3044779621457232
q50_edge33_edge40_next_0934_close_both_reversal_c5,2024-11,0.04828219142540746
q50_edge33_edge40_next_0934_close_both_reversal_c5,2024-12,-0.053609844462342515
q50_edge33_edge40_next_0934_close_both_reversal_c5,2025-01,0.011771678243334027
q50_edge33_edge40_next_0934_close_both_reversal_c5,2025-02,-0.08473804476920821
q50_edge33_edge40_next_0934_close_both_reversal_c5,2025-03,0.15882728431985793
q50_edge33_edge40_next_0934_close_both_reversal_c5,2025-04,0.09526413647770948
q50_edge33_edge40_next_0934_close_both_reversal_c5,2025-05,0.17159216345026906
q50_edge33_edge40_next_0934_close_both_reversal_c5,2025-06,-0.007636531695561666
q50_edge33_edge40_next_0934_close_both_reversal_c5,2025-07,0.008053844664487553
q50_edge33_edge40_next_0934_close_both_reversal_c5,2025-08,-0.052926684216204056
q50_edge33_edge40_next_0934_close_both_reversal_c5,2025-09,0.032858000843955404
q50_edge33_edge40_next_0934_close_both_reversal_c5,2025-10,0.020844282950006843
q50_edge33_edge40_next_0934_close_both_reversal_c5,2025-11,0.09255313583341485
q50_edge33_edge40_next_0934_close_both_reversal_c5,2025-12,0.04765950096205962
q50_edge33_edge40_next_0934_close_both_reversal_c5,2026-01,0.1444783313225666
q50_edge33_edge40_next_0934_close_both_reversal_c5,2026-02,0.19558228054392257
q50_edge33_edge40_next_0934_close_both_reversal_c5,2026-03,0.054461337780598584
q50_edge33_edge40_next_0934_close_both_reversal_c5,2026-04,-0.3004779621457232
q50_edge33_edge40_next_0934_close_negative_signal_bull_c10,2024-11,0.04940246279122018
q50_edge33_edge40_next_0934_close_negative_signal_bull_c10,2024-12,-0.040999461153269245
q50_edge33_edge40_next_0934_close_negative_signal_bull_c10,2025-01,0.0
q50_edge33_edge40_next_0934_close_negative_signal_bull_c10,2025-02,-0.03813138686131379
q50_edge33_edge40_next_0934_close_negative_signal_bull_c10,2025-03,0.09929124349237162
q50_edge33_edge40_next_0934_close_negative_signal_bull_c10,2025-04,-0.14525295922840853
q50_edge33_edge40_next_0934_close_negative_signal_bull_c10,2025-05,0.15725239024573268
q50_edge33_edge40_next_0934_close_negative_signal_bull_c10,2025-06,-0.002694227881106178
q50_edge33_edge40_next_0934_close_negative_signal_bull_c10,2025-07,-0.09326131911801128
q50_edge33_edge40_next_0934_close_negative_signal_bull_c10,2025-08,-0.021053341064510064
q50_edge33_edge40_next_0934_close_negative_signal_bull_c10,2025-09,0.0
q50_edge33_edge40_next_0934_close_negative_signal_bull_c10,2025-10,0.02885376162299247
q50_edge33_edge40_next_0934_close_negative_signal_bull_c10,2025-11,0.011435794248443995
q50_edge33_edge40_next_0934_close_negative_signal_bull_c10,2025-12,-0.0034791387909013354
q50_edge33_edge40_next_0934_close_negative_signal_bull_c10,2026-01,0.1795940139907437
q50_edge33_edge40_next_0934_close_negative_signal_bull_c10,2026-02,0.06273428194948938
q50_edge33_edge40_next_0934_close_negative_signal_bull_c10,2026-03,0.13422317903052206
q50_edge33_edge40_next_0934_close_negative_signal_bull_c10,2026-04,0.0
q50_edge33_edge40_next_0934_close_negative_signal_bull_c5,2024-11,0.05240246279122018
q50_edge33_edge40_next_0934_close_negative_signal_bull_c5,2024-12,-0.039999461153269245
q50_edge33_edge40_next_0934_close_negative_signal_bull_c5,2025-01,0.0
q50_edge33_edge40_next_0934_close_negative_signal_bull_c5,2025-02,-0.037131386861313787
q50_edge33_edge40_next_0934_close_negative_signal_bull_c5,2025-03,0.10329124349237162
q50_edge33_edge40_next_0934_close_negative_signal_bull_c5,2025-04,-0.14425295922840853
q50_edge33_edge40_next_0934_close_negative_signal_bull_c5,2025-05,0.16125239024573268
q50_edge33_edge40_next_0934_close_negative_signal_bull_c5,2025-06,-0.0006942278811061797
q50_edge33_edge40_next_0934_close_negative_signal_bull_c5,2025-07,-0.08926131911801127
q50_edge33_edge40_next_0934_close_negative_signal_bull_c5,2025-08,-0.018053341064510064
q50_edge33_edge40_next_0934_close_negative_signal_bull_c5,2025-09,0.0
q50_edge33_edge40_next_0934_close_negative_signal_bull_c5,2025-10,0.02985376162299247
q50_edge33_edge40_next_0934_close_negative_signal_bull_c5,2025-11,0.018435794248443993
q50_edge33_edge40_next_0934_close_negative_signal_bull_c5,2025-12,-0.0024791387909013354
q50_edge33_edge40_next_0934_close_negative_signal_bull_c5,2026-01,0.1835940139907437
q50_edge33_edge40_next_0934_close_negative_signal_bull_c5,2026-02,0.06773428194948938
q50_edge33_edge40_next_0934_close_negative_signal_bull_c5,2026-03,0.14222317903052206
q50_edge33_edge40_next_0934_close_negative_signal_bull_c5,2026-04,0.0
q50_edge33_edge40_next_0934_close_positive_signal_inverse_c10,2024-11,-0.006120271365812724
q50_edge33_edge40_next_0934_close_positive_signal_inverse_c10,2024-12,-0.01461038330907327
q50_edge33_edge40_next_0934_close_positive_signal_inverse_c10,2025-01,0.010771678243334028
q50_edge33_edge40_next_0934_close_positive_signal_inverse_c10,2025-02,-0.049606657907894425
q50_edge33_edge40_next_0934_close_positive_signal_inverse_c10,2025-03,0.05253604082748631
q50_edge33_edge40_next_0934_close_positive_signal_inverse_c10,2025-04,0.231517095706118
q50_edge33_edge40_next_0934_close_positive_signal_inverse_c10,2025-05,0.009339773204536385
q50_edge33_edge40_next_0934_close_positive_signal_inverse_c10,2025-06,-0.011942303814455484
q50_edge33_edge40_next_0934_close_positive_signal_inverse_c10,2025-07,0.09431516378249882
q50_edge33_edge40_next_0934_close_positive_signal_inverse_c10,2025-08,-0.03587334315169399
q50_edge33_edge40_next_0934_close_positive_signal_inverse_c10,2025-09,0.030858000843955402
q50_edge33_edge40_next_0934_close_positive_signal_inverse_c10,2025-10,-0.010009478672985626
q50_edge33_edge40_next_0934_close_positive_signal_inverse_c10,2025-11,0.07011734158497085
q50_edge33_edge40_next_0934_close_positive_signal_inverse_c10,2025-12,0.04413863975296095
q50_edge33_edge40_next_0934_close_positive_signal_inverse_c10,2026-01,-0.04211568266817711
q50_edge33_edge40_next_0934_close_positive_signal_inverse_c10,2026-02,0.12084799859443318
q50_edge33_edge40_next_0934_close_positive_signal_inverse_c10,2026-03,-0.09176184124992348
q50_edge33_edge40_next_0934_close_positive_signal_inverse_c10,2026-04,-0.3044779621457232
q50_edge33_edge40_next_0934_close_positive_signal_inverse_c5,2024-11,-0.004120271365812722
q50_edge33_edge40_next_0934_close_positive_signal_inverse_c5,2024-12,-0.01361038330907327
q50_edge33_edge40_next_0934_close_positive_signal_inverse_c5,2025-01,0.011771678243334027
q50_edge33_edge40_next_0934_close_positive_signal_inverse_c5,2025-02,-0.04760665790789442
q50_edge33_edge40_next_0934_close_positive_signal_inverse_c5,2025-03,0.05553604082748631
q50_edge33_edge40_next_0934_close_positive_signal_inverse_c5,2025-04,0.239517095706118
q50_edge33_edge40_next_0934_close_positive_signal_inverse_c5,2025-05,0.010339773204536384
q50_edge33_edge40_next_0934_close_positive_signal_inverse_c5,2025-06,-0.006942303814455486
q50_edge33_edge40_next_0934_close_positive_signal_inverse_c5,2025-07,0.09731516378249883
q50_edge33_edge40_next_0934_close_positive_signal_inverse_c5,2025-08,-0.03487334315169399
q50_edge33_edge40_next_0934_close_positive_signal_inverse_c5,2025-09,0.032858000843955404
q50_edge33_edge40_next_0934_close_positive_signal_inverse_c5,2025-10,-0.009009478672985627
q50_edge33_edge40_next_0934_close_positive_signal_inverse_c5,2025-11,0.07411734158497085
q50_edge33_edge40_next_0934_close_positive_signal_inverse_c5,2025-12,0.050138639752960956
q50_edge33_edge40_next_0934_close_positive_signal_inverse_c5,2026-01,-0.03911568266817711
q50_edge33_edge40_next_0934_close_positive_signal_inverse_c5,2026-02,0.1278479985944332
q50_edge33_edge40_next_0934_close_positive_signal_inverse_c5,2026-03,-0.08776184124992348
q50_edge33_edge40_next_0934_close_positive_signal_inverse_c5,2026-04,-0.3004779621457232
q50_edge33_edge40_next_open_both_reversal_c10,2024-11,-0.0075994958438518855
q50_edge33_edge40_next_open_both_reversal_c10,2024-12,-0.04744806533720558
q50_edge33_edge40_next_open_both_reversal_c10,2025-01,-0.016116065426842963
q50_edge33_edge40_next_open_both_reversal_c10,2025-02,-0.08231652630809982
q50_edge33_edge40_next_open_both_reversal_c10,2025-03,0.1422134012254883
q50_edge33_edge40_next_open_both_reversal_c10,2025-04,0.07804753019947841
q50_edge33_edge40_next_open_both_reversal_c10,2025-05,0.13825371231715156
q50_edge33_edge40_next_open_both_reversal_c10,2025-06,-0.01539643070389551
q50_edge33_edge40_next_open_both_reversal_c10,2025-07,-0.011363526452266237
q50_edge33_edge40_next_open_both_reversal_c10,2025-08,-0.012467564837877806
q50_edge33_edge40_next_open_both_reversal_c10,2025-09,0.010665546242942693
q50_edge33_edge40_next_open_both_reversal_c10,2025-10,0.043230112213707095
q50_edge33_edge40_next_open_both_reversal_c10,2025-11,0.04038901974310405
q50_edge33_edge40_next_open_both_reversal_c10,2025-12,0.0026974577790257505
q50_edge33_edge40_next_open_both_reversal_c10,2026-01,0.18007425418477596
q50_edge33_edge40_next_open_both_reversal_c10,2026-02,0.25693652868895656
q50_edge33_edge40_next_open_both_reversal_c10,2026-03,0.0376522381323271
q50_edge33_edge40_next_open_both_reversal_c10,2026-04,-0.2494360549834791
q50_edge33_edge40_next_open_both_reversal_c5,2024-11,-0.0025994958438518845
q50_edge33_edge40_next_open_both_reversal_c5,2024-12,-0.04544806533720558
q50_edge33_edge40_next_open_both_reversal_c5,2025-01,-0.015116065426842962
q50_edge33_edge40_next_open_both_reversal_c5,2025-02,-0.07931652630809982
q50_edge33_edge40_next_open_both_reversal_c5,2025-03,0.14921340122548832
q50_edge33_edge40_next_open_both_reversal_c5,2025-04,0.08704753019947842
q50_edge33_edge40_next_open_both_reversal_c5,2025-05,0.14325371231715156
q50_edge33_edge40_next_open_both_reversal_c5,2025-06,-0.008396430703895508
q50_edge33_edge40_next_open_both_reversal_c5,2025-07,-0.004363526452266231
q50_edge33_edge40_next_open_both_reversal_c5,2025-08,-0.008467564837877804
q50_edge33_edge40_next_open_both_reversal_c5,2025-09,0.012665546242942693
q50_edge33_edge40_next_open_both_reversal_c5,2025-10,0.0452301122137071
q50_edge33_edge40_next_open_both_reversal_c5,2025-11,0.05138901974310406
q50_edge33_edge40_next_open_both_reversal_c5,2025-12,0.009697457779025753
q50_edge33_edge40_next_open_both_reversal_c5,2026-01,0.18707425418477597
q50_edge33_edge40_next_open_both_reversal_c5,2026-02,0.26893652868895657
q50_edge33_edge40_next_open_both_reversal_c5,2026-03,0.04965223813232711
q50_edge33_edge40_next_open_both_reversal_c5,2026-04,-0.2454360549834791
q50_edge33_edge40_next_open_negative_signal_bull_c10,2024-11,0.016851710074267334
q50_edge33_edge40_next_open_negative_signal_bull_c10,2024-12,-0.025554809636089693
q50_edge33_edge40_next_open_negative_signal_bull_c10,2025-01,0.0
q50_edge33_edge40_next_open_negative_signal_bull_c10,2025-02,-0.04652554744525539
q50_edge33_edge40_next_open_negative_signal_bull_c10,2025-03,0.08247000175652563
q50_edge33_edge40_next_open_negative_signal_bull_c10,2025-04,-0.12080754055238918
q50_edge33_edge40_next_open_negative_signal_bull_c10,2025-05,0.11631419110757524
q50_edge33_edge40_next_open_negative_signal_bull_c10,2025-06,0.009129337847422429
q50_edge33_edge40_next_open_negative_signal_bull_c10,2025-07,-0.07359032560193812
q50_edge33_edge40_next_open_negative_signal_bull_c10,2025-08,0.01309649996330076
q50_edge33_edge40_next_open_negative_signal_bull_c10,2025-09,0.0
q50_edge33_edge40_next_open_negative_signal_bull_c10,2025-10,0.028642434488588497
q50_edge33_edge40_next_open_negative_signal_bull_c10,2025-11,-0.04043756304829615
q50_edge33_edge40_next_open_negative_signal_bull_c10,2025-12,-0.010636418927137735
q50_edge33_edge40_next_open_negative_signal_bull_c10,2026-01,0.20055474074270085
q50_edge33_edge40_next_open_negative_signal_bull_c10,2026-02,0.06921145404429163
q50_edge33_edge40_next_open_negative_signal_bull_c10,2026-03,0.0803003778892627
q50_edge33_edge40_next_open_negative_signal_bull_c10,2026-04,0.0
q50_edge33_edge40_next_open_negative_signal_bull_c5,2024-11,0.019851710074267337
q50_edge33_edge40_next_open_negative_signal_bull_c5,2024-12,-0.02455480963608969
q50_edge33_edge40_next_open_negative_signal_bull_c5,2025-01,0.0
q50_edge33_edge40_next_open_negative_signal_bull_c5,2025-02,-0.04552554744525539
q50_edge33_edge40_next_open_negative_signal_bull_c5,2025-03,0.08647000175652564
q50_edge33_edge40_next_open_negative_signal_bull_c5,2025-04,-0.11980754055238918
q50_edge33_edge40_next_open_negative_signal_bull_c5,2025-05,0.12031419110757524
q50_edge33_edge40_next_open_negative_signal_bull_c5,2025-06,0.011129337847422427
q50_edge33_edge40_next_open_negative_signal_bull_c5,2025-07,-0.06959032560193812
q50_edge33_edge40_next_open_negative_signal_bull_c5,2025-08,0.01609649996330076
q50_edge33_edge40_next_open_negative_signal_bull_c5,2025-09,0.0
q50_edge33_edge40_next_open_negative_signal_bull_c5,2025-10,0.0296424344885885
q50_edge33_edge40_next_open_negative_signal_bull_c5,2025-11,-0.03343756304829615
q50_edge33_edge40_next_open_negative_signal_bull_c5,2025-12,-0.009636418927137735
q50_edge33_edge40_next_open_negative_signal_bull_c5,2026-01,0.20455474074270086
q50_edge33_edge40_next_open_negative_signal_bull_c5,2026-02,0.07421145404429164
q50_edge33_edge40_next_open_negative_signal_bull_c5,2026-03,0.0883003778892627
q50_edge33_edge40_next_open_negative_signal_bull_c5,2026-04,0.0
q50_edge33_edge40_next_open_positive_signal_inverse_c10,2024-11,-0.024451205918119223
q50_edge33_edge40_next_open_positive_signal_inverse_c10,2024-12,-0.021893255701115888
q50_edge33_edge40_next_open_positive_signal_inverse_c10,2025-01,-0.016116065426842963
q50_edge33_edge40_next_open_positive_signal_inverse_c10,2025-02,-0.035790978862844436
q50_edge33_edge40_next_open_positive_signal_inverse_c10,2025-03,0.05974339946896268
q50_edge33_edge40_next_open_positive_signal_inverse_c10,2025-04,0.1988550707518676
q50_edge33_edge40_next_open_positive_signal_inverse_c10,2025-05,0.021939521209576318
q50_edge33_edge40_next_open_positive_signal_inverse_c10,2025-06,-0.02452576855131794
q50_edge33_edge40_next_open_positive_signal_inverse_c10,2025-07,0.062226799149671885
q50_edge33_edge40_next_open_positive_signal_inverse_c10,2025-08,-0.025564064801178565
q50_edge33_edge40_next_open_positive_signal_inverse_c10,2025-09,0.010665546242942693
q50_edge33_edge40_next_open_positive_signal_inverse_c10,2025-10,0.014587677725118599
q50_edge33_edge40_next_open_positive_signal_inverse_c10,2025-11,0.0808265827914002
q50_edge33_edge40_next_open_positive_signal_inverse_c10,2025-12,0.013333876706163485
q50_edge33_edge40_next_open_positive_signal_inverse_c10,2026-01,-0.020480486557924893
q50_edge33_edge40_next_open_positive_signal_inverse_c10,2026-02,0.18772507464466492
q50_edge33_edge40_next_open_positive_signal_inverse_c10,2026-03,-0.0426481397569356
q50_edge33_edge40_next_open_positive_signal_inverse_c10,2026-04,-0.2494360549834791
q50_edge33_edge40_next_open_positive_signal_inverse_c5,2024-11,-0.02245120591811922
q50_edge33_edge40_next_open_positive_signal_inverse_c5,2024-12,-0.020893255701115887
q50_edge33_edge40_next_open_positive_signal_inverse_c5,2025-01,-0.015116065426842962
q50_edge33_edge40_next_open_positive_signal_inverse_c5,2025-02,-0.033790978862844434
q50_edge33_edge40_next_open_positive_signal_inverse_c5,2025-03,0.06274339946896268
q50_edge33_edge40_next_open_positive_signal_inverse_c5,2025-04,0.2068550707518676
q50_edge33_edge40_next_open_positive_signal_inverse_c5,2025-05,0.02293952120957632
q50_edge33_edge40_next_open_positive_signal_inverse_c5,2025-06,-0.019525768551317935
q50_edge33_edge40_next_open_positive_signal_inverse_c5,2025-07,0.06522679914967189
q50_edge33_edge40_next_open_positive_signal_inverse_c5,2025-08,-0.024564064801178565
q50_edge33_edge40_next_open_positive_signal_inverse_c5,2025-09,0.012665546242942693
q50_edge33_edge40_next_open_positive_signal_inverse_c5,2025-10,0.015587677725118598
q50_edge33_edge40_next_open_positive_signal_inverse_c5,2025-11,0.0848265827914002
q50_edge33_edge40_next_open_positive_signal_inverse_c5,2025-12,0.01933387670616349
q50_edge33_edge40_next_open_positive_signal_inverse_c5,2026-01,-0.01748048655792489
q50_edge33_edge40_next_open_positive_signal_inverse_c5,2026-02,0.19472507464466493
q50_edge33_edge40_next_open_positive_signal_inverse_c5,2026-03,-0.038648139756935596
q50_edge33_edge40_next_open_positive_signal_inverse_c5,2026-04,-0.2454360549834791
q60_all_always_next_0934_close_both_reversal_c10,2024-11,0.04328219142540746
q60_all_always_next_0934_close_both_reversal_c10,2024-12,0.011710336596618468
q60_all_always_next_0934_close_both_reversal_c10,2025-01,-0.2690652696379582
q60_all_always_next_0934_close_both_reversal_c10,2025-02,-0.10105578451588437
q60_all_always_next_0934_close_both_reversal_c10,2025-03,0.4997915877463178
q60_all_always_next_0934_close_both_reversal_c10,2025-04,0.10197667470400917
q60_all_always_next_0934_close_both_reversal_c10,2025-05,0.1426206596245032
q60_all_always_next_0934_close_both_reversal_c10,2025-06,0.009122778479337405
q60_all_always_next_0934_close_both_reversal_c10,2025-07,-0.03030680838760269
q60_all_always_next_0934_close_both_reversal_c10,2025-08,-0.019016035591554067
q60_all_always_next_0934_close_both_reversal_c10,2025-09,-0.05157871011254211
q60_all_always_next_0934_close_both_reversal_c10,2025-10,0.19775248909379162
q60_all_always_next_0934_close_both_reversal_c10,2025-11,0.13506355037274143
q60_all_always_next_0934_close_both_reversal_c10,2025-12,-0.037283338324048954
q60_all_always_next_0934_close_both_reversal_c10,2026-01,0.041220594006776134
q60_all_always_next_0934_close_both_reversal_c10,2026-02,0.1843509206254178
q60_all_always_next_0934_close_both_reversal_c10,2026-03,0.09074719016188304
q60_all_always_next_0934_close_both_reversal_c10,2026-04,-0.27706821630556766
q60_all_always_next_0934_close_both_reversal_c5,2024-11,0.04828219142540746
q60_all_always_next_0934_close_both_reversal_c5,2024-12,0.01771033659661847
q60_all_always_next_0934_close_both_reversal_c5,2025-01,-0.2600652696379582
q60_all_always_next_0934_close_both_reversal_c5,2025-02,-0.09105578451588436
q60_all_always_next_0934_close_both_reversal_c5,2025-03,0.5117915877463178
q60_all_always_next_0934_close_both_reversal_c5,2025-04,0.11197667470400918
q60_all_always_next_0934_close_both_reversal_c5,2025-05,0.1466206596245032
q60_all_always_next_0934_close_both_reversal_c5,2025-06,0.012122778479337404
q60_all_always_next_0934_close_both_reversal_c5,2025-07,-0.024306808387602685
q60_all_always_next_0934_close_both_reversal_c5,2025-08,-0.012016035591554064
q60_all_always_next_0934_close_both_reversal_c5,2025-09,-0.04357871011254211
q60_all_always_next_0934_close_both_reversal_c5,2025-10,0.20775248909379163
q60_all_always_next_0934_close_both_reversal_c5,2025-11,0.14906355037274144
q60_all_always_next_0934_close_both_reversal_c5,2025-12,-0.03328333832404895
q60_all_always_next_0934_close_both_reversal_c5,2026-01,0.04622059400677614
q60_all_always_next_0934_close_both_reversal_c5,2026-02,0.1963509206254178
q60_all_always_next_0934_close_both_reversal_c5,2026-03,0.10174719016188305
q60_all_always_next_0934_close_both_reversal_c5,2026-04,-0.26706821630556765
q60_all_always_next_0934_close_negative_signal_bull_c10,2024-11,0.04940246279122018
q60_all_always_next_0934_close_negative_signal_bull_c10,2024-12,0.03836875064536538
q60_all_always_next_0934_close_negative_signal_bull_c10,2025-01,-0.18111041069836886
q60_all_always_next_0934_close_negative_signal_bull_c10,2025-02,-0.04392327098258153
q60_all_always_next_0934_close_negative_signal_bull_c10,2025-03,0.14603954829549404
q60_all_always_next_0934_close_negative_signal_bull_c10,2025-04,-0.12954042100210883
q60_all_always_next_0934_close_negative_signal_bull_c10,2025-05,0.15153864580512777
q60_all_always_next_0934_close_negative_signal_bull_c10,2025-06,0.0
q60_all_always_next_0934_close_negative_signal_bull_c10,2025-07,-0.08040783641082927
q60_all_always_next_0934_close_negative_signal_bull_c10,2025-08,-0.021053341064510064
q60_all_always_next_0934_close_negative_signal_bull_c10,2025-09,-0.0017060552616108265
q60_all_always_next_0934_close_negative_signal_bull_c10,2025-10,0.21717859681230545
q60_all_always_next_0934_close_negative_signal_bull_c10,2025-11,0.03056114615035877
q60_all_always_next_0934_close_negative_signal_bull_c10,2025-12,0.02714650592542356
q60_all_always_next_0934_close_negative_signal_bull_c10,2026-01,0.11509155093655643
q60_all_always_next_0934_close_negative_signal_bull_c10,2026-02,0.06350292203098462
q60_all_always_next_0934_close_negative_signal_bull_c10,2026-03,0.11272591127095921
q60_all_always_next_0934_close_negative_signal_bull_c10,2026-04,0.0792128282697111
q60_all_always_next_0934_close_negative_signal_bull_c5,2024-11,0.05240246279122018
q60_all_always_next_0934_close_negative_signal_bull_c5,2024-12,0.04236875064536538
q60_all_always_next_0934_close_negative_signal_bull_c5,2025-01,-0.17711041069836886
q60_all_always_next_0934_close_negative_signal_bull_c5,2025-02,-0.037923270982581525
q60_all_always_next_0934_close_negative_signal_bull_c5,2025-03,0.15203954829549404
q60_all_always_next_0934_close_negative_signal_bull_c5,2025-04,-0.12754042100210883
q60_all_always_next_0934_close_negative_signal_bull_c5,2025-05,0.15353864580512777
q60_all_always_next_0934_close_negative_signal_bull_c5,2025-06,0.0
q60_all_always_next_0934_close_negative_signal_bull_c5,2025-07,-0.07640783641082927
q60_all_always_next_0934_close_negative_signal_bull_c5,2025-08,-0.018053341064510064
q60_all_always_next_0934_close_negative_signal_bull_c5,2025-09,-0.0007060552616108265
q60_all_always_next_0934_close_negative_signal_bull_c5,2025-10,0.22117859681230545
q60_all_always_next_0934_close_negative_signal_bull_c5,2025-11,0.03756114615035877
q60_all_always_next_0934_close_negative_signal_bull_c5,2025-12,0.02914650592542356
q60_all_always_next_0934_close_negative_signal_bull_c5,2026-01,0.11809155093655643
q60_all_always_next_0934_close_negative_signal_bull_c5,2026-02,0.06850292203098463
q60_all_always_next_0934_close_negative_signal_bull_c5,2026-03,0.11972591127095922
q60_all_always_next_0934_close_negative_signal_bull_c5,2026-04,0.0812128282697111
q60_all_always_next_0934_close_positive_signal_inverse_c10,2024-11,-0.006120271365812724
q60_all_always_next_0934_close_positive_signal_inverse_c10,2024-12,-0.02665841404874691
q60_all_always_next_0934_close_positive_signal_inverse_c10,2025-01,-0.08795485893958932
q60_all_always_next_0934_close_positive_signal_inverse_c10,2025-02,-0.05713251353330284
q60_all_always_next_0934_close_positive_signal_inverse_c10,2025-03,0.3537520394508238
q60_all_always_next_0934_close_positive_signal_inverse_c10,2025-04,0.231517095706118
q60_all_always_next_0934_close_positive_signal_inverse_c10,2025-05,-0.008917986180624558
q60_all_always_next_0934_close_positive_signal_inverse_c10,2025-06,0.009122778479337405
q60_all_always_next_0934_close_positive_signal_inverse_c10,2025-07,0.05010102802322658
q60_all_always_next_0934_close_positive_signal_inverse_c10,2025-08,0.0020373054729559987
q60_all_always_next_0934_close_positive_signal_inverse_c10,2025-09,-0.049872654850931286
q60_all_always_next_0934_close_positive_signal_inverse_c10,2025-10,-0.019426107718513826
q60_all_always_next_0934_close_positive_signal_inverse_c10,2025-11,0.10450240422238266
q60_all_always_next_0934_close_positive_signal_inverse_c10,2025-12,-0.06442984424947251
q60_all_always_next_0934_close_positive_signal_inverse_c10,2026-01,-0.0738709569297803
q60_all_always_next_0934_close_positive_signal_inverse_c10,2026-02,0.12084799859443318
q60_all_always_next_0934_close_positive_signal_inverse_c10,2026-03,-0.02197872110907617
q60_all_always_next_0934_close_positive_signal_inverse_c10,2026-04,-0.35628104457527876
q60_all_always_next_0934_close_positive_signal_inverse_c5,2024-11,-0.004120271365812722
q60_all_always_next_0934_close_positive_signal_inverse_c5,2024-12,-0.024658414048746913
q60_all_always_next_0934_close_positive_signal_inverse_c5,2025-01,-0.08295485893958932
q60_all_always_next_0934_close_positive_signal_inverse_c5,2025-02,-0.05313251353330284
q60_all_always_next_0934_close_positive_signal_inverse_c5,2025-03,0.3597520394508238
q60_all_always_next_0934_close_positive_signal_inverse_c5,2025-04,0.239517095706118
q60_all_always_next_0934_close_positive_signal_inverse_c5,2025-05,-0.006917986180624558
q60_all_always_next_0934_close_positive_signal_inverse_c5,2025-06,0.012122778479337404
q60_all_always_next_0934_close_positive_signal_inverse_c5,2025-07,0.05210102802322658
q60_all_always_next_0934_close_positive_signal_inverse_c5,2025-08,0.006037305472956001
q60_all_always_next_0934_close_positive_signal_inverse_c5,2025-09,-0.04287265485093128
q60_all_always_next_0934_close_positive_signal_inverse_c5,2025-10,-0.013426107718513824
q60_all_always_next_0934_close_positive_signal_inverse_c5,2025-11,0.11150240422238267
q60_all_always_next_0934_close_positive_signal_inverse_c5,2025-12,-0.06242984424947251
q60_all_always_next_0934_close_positive_signal_inverse_c5,2026-01,-0.0718709569297803
q60_all_always_next_0934_close_positive_signal_inverse_c5,2026-02,0.1278479985944332
q60_all_always_next_0934_close_positive_signal_inverse_c5,2026-03,-0.017978721109076168
q60_all_always_next_0934_close_positive_signal_inverse_c5,2026-04,-0.34828104457527875
q60_all_always_next_open_both_reversal_c10,2024-11,-0.0075994958438518855
q60_all_always_next_open_both_reversal_c10,2024-12,-0.04017066951372006
q60_all_always_next_open_both_reversal_c10,2025-01,-0.27729493629749935
q60_all_always_next_open_both_reversal_c10,2025-02,-0.10001418374074256
q60_all_always_next_open_both_reversal_c10,2025-03,0.40364504591428485
q60_all_always_next_open_both_reversal_c10,2025-04,0.1127447779059002
q60_all_always_next_open_both_reversal_c10,2025-05,0.1180738716633859
q60_all_always_next_open_both_reversal_c10,2025-06,-0.021192254220761875
q60_all_always_next_open_both_reversal_c10,2025-07,-0.04054019562189293
q60_all_always_next_open_both_reversal_c10,2025-08,-0.000946310336362494
q60_all_always_next_open_both_reversal_c10,2025-09,-0.059253966607809454
q60_all_always_next_open_both_reversal_c10,2025-10,0.23835459227526934
q60_all_always_next_open_both_reversal_c10,2025-11,0.07767671527397835
q60_all_always_next_open_both_reversal_c10,2025-12,-0.017514180029126632
q60_all_always_next_open_both_reversal_c10,2026-01,0.08390745241387121
q60_all_always_next_open_both_reversal_c10,2026-02,0.24351856317643727
q60_all_always_next_open_both_reversal_c10,2026-03,0.08585058248857702
q60_all_always_next_open_both_reversal_c10,2026-04,-0.18111053668194688
q60_all_always_next_open_both_reversal_c5,2024-11,-0.0025994958438518845
q60_all_always_next_open_both_reversal_c5,2024-12,-0.03417066951372005
q60_all_always_next_open_both_reversal_c5,2025-01,-0.26829493629749934
q60_all_always_next_open_both_reversal_c5,2025-02,-0.09001418374074255
q60_all_always_next_open_both_reversal_c5,2025-03,0.41564504591428486
q60_all_always_next_open_both_reversal_c5,2025-04,0.12274477790590022
q60_all_always_next_open_both_reversal_c5,2025-05,0.1220738716633859
q60_all_always_next_open_both_reversal_c5,2025-06,-0.018192254220761872
q60_all_always_next_open_both_reversal_c5,2025-07,-0.03454019562189292
q60_all_always_next_open_both_reversal_c5,2025-08,0.006053689663637508
q60_all_always_next_open_both_reversal_c5,2025-09,-0.051253966607809454
q60_all_always_next_open_both_reversal_c5,2025-10,0.24835459227526935
q60_all_always_next_open_both_reversal_c5,2025-11,0.09167671527397836
q60_all_always_next_open_both_reversal_c5,2025-12,-0.013514180029126632
q60_all_always_next_open_both_reversal_c5,2026-01,0.08890745241387121
q60_all_always_next_open_both_reversal_c5,2026-02,0.2555185631764373
q60_all_always_next_open_both_reversal_c5,2026-03,0.09685058248857703
q60_all_always_next_open_both_reversal_c5,2026-04,-0.17111053668194687
q60_all_always_next_open_negative_signal_bull_c10,2024-11,0.016851710074267334
q60_all_always_next_open_negative_signal_bull_c10,2024-12,0.005816726437155919
q60_all_always_next_open_negative_signal_bull_c10,2025-01,-0.14278524660548386
q60_all_always_next_open_negative_signal_bull_c10,2025-02,-0.008158538583801665
q60_all_always_next_open_negative_signal_bull_c10,2025-03,0.13578046278909817
q60_all_always_next_open_negative_signal_bull_c10,2025-04,-0.08611029284596738
q60_all_always_next_open_negative_signal_bull_c10,2025-05,0.1344926123515333
q60_all_always_next_open_negative_signal_bull_c10,2025-06,0.0
q60_all_always_next_open_negative_signal_bull_c10,2025-07,-0.0760756021893394
q60_all_always_next_open_negative_signal_bull_c10,2025-08,0.01309649996330076
q60_all_always_next_open_negative_signal_bull_c10,2025-09,-0.00067724867724883
q60_all_always_next_open_negative_signal_bull_c10,2025-10,0.24443917274905425
q60_all_always_next_open_negative_signal_bull_c10,2025-11,-0.04056658761025289
q60_all_always_next_open_negative_signal_bull_c10,2025-12,0.021308645244626723
q60_all_always_next_open_negative_signal_bull_c10,2026-01,0.14036262251609988
q60_all_always_next_open_negative_signal_bull_c10,2026-02,0.05579348853177236
q60_all_always_next_open_negative_signal_bull_c10,2026-03,0.050606388818224324
q60_all_always_next_open_negative_signal_bull_c10,2026-04,0.09366007716025515
q60_all_always_next_open_negative_signal_bull_c5,2024-11,0.019851710074267337
q60_all_always_next_open_negative_signal_bull_c5,2024-12,0.00981672643715592
q60_all_always_next_open_negative_signal_bull_c5,2025-01,-0.13878524660548386
q60_all_always_next_open_negative_signal_bull_c5,2025-02,-0.0021585385838016604
q60_all_always_next_open_negative_signal_bull_c5,2025-03,0.14178046278909817
q60_all_always_next_open_negative_signal_bull_c5,2025-04,-0.08411029284596738
q60_all_always_next_open_negative_signal_bull_c5,2025-05,0.13649261235153332
q60_all_always_next_open_negative_signal_bull_c5,2025-06,0.0
q60_all_always_next_open_negative_signal_bull_c5,2025-07,-0.0720756021893394
q60_all_always_next_open_negative_signal_bull_c5,2025-08,0.01609649996330076
q60_all_always_next_open_negative_signal_bull_c5,2025-09,0.00032275132275117
q60_all_always_next_open_negative_signal_bull_c5,2025-10,0.24843917274905425
q60_all_always_next_open_negative_signal_bull_c5,2025-11,-0.033566587610252885
q60_all_always_next_open_negative_signal_bull_c5,2025-12,0.023308645244626724
q60_all_always_next_open_negative_signal_bull_c5,2026-01,0.14336262251609988
q60_all_always_next_open_negative_signal_bull_c5,2026-02,0.060793488531772355
q60_all_always_next_open_negative_signal_bull_c5,2026-03,0.05760638881822433
q60_all_always_next_open_negative_signal_bull_c5,2026-04,0.09566007716025515
q60_all_always_next_open_positive_signal_inverse_c10,2024-11,-0.024451205918119223
q60_all_always_next_open_positive_signal_inverse_c10,2024-12,-0.045987395950875976
q60_all_always_next_open_positive_signal_inverse_c10,2025-01,-0.1345096896920155
q60_all_always_next_open_positive_signal_inverse_c10,2025-02,-0.09185564515694089
q60_all_always_next_open_positive_signal_inverse_c10,2025-03,0.2678645831251867
q60_all_always_next_open_positive_signal_inverse_c10,2025-04,0.1988550707518676
q60_all_always_next_open_positive_signal_inverse_c10,2025-05,-0.016418740688147415
q60_all_always_next_open_positive_signal_inverse_c10,2025-06,-0.021192254220761875
q60_all_always_next_open_positive_signal_inverse_c10,2025-07,0.03553540656744647
q60_all_always_next_open_positive_signal_inverse_c10,2025-08,-0.014042810299663254
q60_all_always_next_open_positive_signal_inverse_c10,2025-09,-0.05857671793056063
q60_all_always_next_open_positive_signal_inverse_c10,2025-10,-0.006084580473784903
q60_all_always_next_open_positive_signal_inverse_c10,2025-11,0.11824330288423124
q60_all_always_next_open_positive_signal_inverse_c10,2025-12,-0.03882282527375336
q60_all_always_next_open_positive_signal_inverse_c10,2026-01,-0.05645517010222867
q60_all_always_next_open_positive_signal_inverse_c10,2026-02,0.18772507464466492
q60_all_always_next_open_positive_signal_inverse_c10,2026-03,0.0352441936703527
q60_all_always_next_open_positive_signal_inverse_c10,2026-04,-0.274770613842202
q60_all_always_next_open_positive_signal_inverse_c5,2024-11,-0.02245120591811922
q60_all_always_next_open_positive_signal_inverse_c5,2024-12,-0.043987395950875974
q60_all_always_next_open_positive_signal_inverse_c5,2025-01,-0.12950968969201548
q60_all_always_next_open_positive_signal_inverse_c5,2025-02,-0.08785564515694089
q60_all_always_next_open_positive_signal_inverse_c5,2025-03,0.2738645831251867
q60_all_always_next_open_positive_signal_inverse_c5,2025-04,0.2068550707518676
q60_all_always_next_open_positive_signal_inverse_c5,2025-05,-0.014418740688147413
q60_all_always_next_open_positive_signal_inverse_c5,2025-06,-0.018192254220761872
q60_all_always_next_open_positive_signal_inverse_c5,2025-07,0.03753540656744647
q60_all_always_next_open_positive_signal_inverse_c5,2025-08,-0.010042810299663252
q60_all_always_next_open_positive_signal_inverse_c5,2025-09,-0.05157671793056062
q60_all_always_next_open_positive_signal_inverse_c5,2025-10,-8.458047378490097e-05
q60_all_always_next_open_positive_signal_inverse_c5,2025-11,0.12524330288423124
q60_all_always_next_open_positive_signal_inverse_c5,2025-12,-0.03682282527375336
q60_all_always_next_open_positive_signal_inverse_c5,2026-01,-0.05445517010222867
q60_all_always_next_open_positive_signal_inverse_c5,2026-02,0.19472507464466493
q60_all_always_next_open_positive_signal_inverse_c5,2026-03,0.0392441936703527
q60_all_always_next_open_positive_signal_inverse_c5,2026-04,-0.266770613842202
q60_all_edge10_next_0934_close_both_reversal_c10,2024-11,-0.020345183437706305
q60_all_edge10_next_0934_close_both_reversal_c10,2024-12,0.017269026501057216
q60_all_edge10_next_0934_close_both_reversal_c10,2025-01,-0.08210376132727493
q60_all_edge10_next_0934_close_both_reversal_c10,2025-02,-0.030085004372813806
q60_all_edge10_next_0934_close_both_reversal_c10,2025-03,0.39583707303114457
q60_all_edge10_next_0934_close_both_reversal_c10,2025-04,0.12286362448577215
q60_all_edge10_next_0934_close_both_reversal_c10,2025-05,0.13328088641996683
q60_all_edge10_next_0934_close_both_reversal_c10,2025-06,-0.009118338271931644
q60_all_edge10_next_0934_close_both_reversal_c10,2025-07,-0.03030680838760269
q60_all_edge10_next_0934_close_both_reversal_c10,2025-08,-0.029656370635065096
q60_all_edge10_next_0934_close_both_reversal_c10,2025-09,0.0
q60_all_edge10_next_0934_close_both_reversal_c10,2025-10,0.09741694500785814
q60_all_edge10_next_0934_close_both_reversal_c10,2025-11,-0.0011464201500900328
q60_all_edge10_next_0934_close_both_reversal_c10,2025-12,-0.037283338324048954
q60_all_edge10_next_0934_close_both_reversal_c10,2026-01,-0.04661187245597176
q60_all_edge10_next_0934_close_both_reversal_c10,2026-02,0.1843509206254178
q60_all_edge10_next_0934_close_both_reversal_c10,2026-03,0.11728923234295074
q60_all_edge10_next_0934_close_both_reversal_c10,2026-04,-0.19945917227541488
q60_all_edge10_next_0934_close_both_reversal_c5,2024-11,-0.018345183437706303
q60_all_edge10_next_0934_close_both_reversal_c5,2024-12,0.02126902650105722
q60_all_edge10_next_0934_close_both_reversal_c5,2025-01,-0.08010376132727492
q60_all_edge10_next_0934_close_both_reversal_c5,2025-02,-0.028085004372813804
q60_all_edge10_next_0934_close_both_reversal_c5,2025-03,0.4048370730311446
q60_all_edge10_next_0934_close_both_reversal_c5,2025-04,0.13086362448577216
q60_all_edge10_next_0934_close_both_reversal_c5,2025-05,0.13628088641996683
q60_all_edge10_next_0934_close_both_reversal_c5,2025-06,-0.007118338271931645
q60_all_edge10_next_0934_close_both_reversal_c5,2025-07,-0.024306808387602685
q60_all_edge10_next_0934_close_both_reversal_c5,2025-08,-0.026656370635065096
q60_all_edge10_next_0934_close_both_reversal_c5,2025-09,0.0
q60_all_edge10_next_0934_close_both_reversal_c5,2025-10,0.10141694500785814
q60_all_edge10_next_0934_close_both_reversal_c5,2025-11,0.0048535798499099725
q60_all_edge10_next_0934_close_both_reversal_c5,2025-12,-0.03328333832404895
q60_all_edge10_next_0934_close_both_reversal_c5,2026-01,-0.043611872455971756
q60_all_edge10_next_0934_close_both_reversal_c5,2026-02,0.1963509206254178
q60_all_edge10_next_0934_close_both_reversal_c5,2026-03,0.12528923234295075
q60_all_edge10_next_0934_close_both_reversal_c5,2026-04,-0.19645917227541487
q60_all_edge10_next_0934_close_negative_signal_bull_c10,2024-11,0.011646709549727909
q60_all_edge10_next_0934_close_negative_signal_bull_c10,2024-12,0.02931705724073086
q60_all_edge10_next_0934_close_negative_signal_bull_c10,2025-01,-0.09287543957060895
q60_all_edge10_next_0934_close_negative_signal_bull_c10,2025-02,-0.010593750000000067
q60_all_edge10_next_0934_close_negative_signal_bull_c10,2025-03,0.1543867095579744
q60_all_edge10_next_0934_close_negative_signal_bull_c10,2025-04,-0.12954042100210883
q60_all_edge10_next_0934_close_negative_signal_bull_c10,2025-05,0.15153864580512777
q60_all_edge10_next_0934_close_negative_signal_bull_c10,2025-06,0.0
q60_all_edge10_next_0934_close_negative_signal_bull_c10,2025-07,-0.08040783641082927
q60_all_edge10_next_0934_close_negative_signal_bull_c10,2025-08,-0.03586992299646152
q60_all_edge10_next_0934_close_negative_signal_bull_c10,2025-09,0.0
q60_all_edge10_next_0934_close_negative_signal_bull_c10,2025-10,0.06414627477785362
q60_all_edge10_next_0934_close_negative_signal_bull_c10,2025-11,0.07087640610906631
q60_all_edge10_next_0934_close_negative_signal_bull_c10,2025-12,0.02714650592542356
q60_all_edge10_next_0934_close_negative_signal_bull_c10,2026-01,0.027259084473808537
q60_all_edge10_next_0934_close_negative_signal_bull_c10,2026-02,0.06350292203098462
q60_all_edge10_next_0934_close_negative_signal_bull_c10,2026-03,0.11272591127095921
q60_all_edge10_next_0934_close_negative_signal_bull_c10,2026-04,0.033320892125625834
q60_all_edge10_next_0934_close_negative_signal_bull_c5,2024-11,0.012646709549727908
q60_all_edge10_next_0934_close_negative_signal_bull_c5,2024-12,0.03231705724073086
q60_all_edge10_next_0934_close_negative_signal_bull_c5,2025-01,-0.09187543957060895
q60_all_edge10_next_0934_close_negative_signal_bull_c5,2025-02,-0.009593750000000068
q60_all_edge10_next_0934_close_negative_signal_bull_c5,2025-03,0.1583867095579744
q60_all_edge10_next_0934_close_negative_signal_bull_c5,2025-04,-0.12754042100210883
q60_all_edge10_next_0934_close_negative_signal_bull_c5,2025-05,0.15353864580512777
q60_all_edge10_next_0934_close_negative_signal_bull_c5,2025-06,0.0
q60_all_edge10_next_0934_close_negative_signal_bull_c5,2025-07,-0.07640783641082927
q60_all_edge10_next_0934_close_negative_signal_bull_c5,2025-08,-0.03386992299646152
q60_all_edge10_next_0934_close_negative_signal_bull_c5,2025-09,0.0
q60_all_edge10_next_0934_close_negative_signal_bull_c5,2025-10,0.06514627477785362
q60_all_edge10_next_0934_close_negative_signal_bull_c5,2025-11,0.07387640610906632
q60_all_edge10_next_0934_close_negative_signal_bull_c5,2025-12,0.02914650592542356
q60_all_edge10_next_0934_close_negative_signal_bull_c5,2026-01,0.028259084473808538
q60_all_edge10_next_0934_close_negative_signal_bull_c5,2026-02,0.06850292203098463
q60_all_edge10_next_0934_close_negative_signal_bull_c5,2026-03,0.11972591127095922
q60_all_edge10_next_0934_close_negative_signal_bull_c5,2026-04,0.034320892125625835
q60_all_edge10_next_0934_close_positive_signal_inverse_c10,2024-11,-0.03199189298743421
q60_all_edge10_next_0934_close_positive_signal_inverse_c10,2024-12,-0.012048030739673641
q60_all_edge10_next_0934_close_positive_signal_inverse_c10,2025-01,0.010771678243334028
q60_all_edge10_next_0934_close_positive_signal_inverse_c10,2025-02,-0.019491254372813738
q60_all_edge10_next_0934_close_positive_signal_inverse_c10,2025-03,0.24145036347317017
q60_all_edge10_next_0934_close_positive_signal_inverse_c10,2025-04,0.252404045487881
q60_all_edge10_next_0934_close_positive_signal_inverse_c10,2025-05,-0.018257759385160943
q60_all_edge10_next_0934_close_positive_signal_inverse_c10,2025-06,-0.009118338271931644
q60_all_edge10_next_0934_close_positive_signal_inverse_c10,2025-07,0.05010102802322658
q60_all_edge10_next_0934_close_positive_signal_inverse_c10,2025-08,0.006213552361396426
q60_all_edge10_next_0934_close_positive_signal_inverse_c10,2025-09,0.0
q60_all_edge10_next_0934_close_positive_signal_inverse_c10,2025-10,0.03327067023000452
q60_all_edge10_next_0934_close_positive_signal_inverse_c10,2025-11,-0.07202282625915635
q60_all_edge10_next_0934_close_positive_signal_inverse_c10,2025-12,-0.06442984424947251
q60_all_edge10_next_0934_close_positive_signal_inverse_c10,2026-01,-0.0738709569297803
q60_all_edge10_next_0934_close_positive_signal_inverse_c10,2026-02,0.12084799859443318
q60_all_edge10_next_0934_close_positive_signal_inverse_c10,2026-03,0.004563321071991535
q60_all_edge10_next_0934_close_positive_signal_inverse_c10,2026-04,-0.2327800644010407
q60_all_edge10_next_0934_close_positive_signal_inverse_c5,2024-11,-0.03099189298743421
q60_all_edge10_next_0934_close_positive_signal_inverse_c5,2024-12,-0.011048030739673642
q60_all_edge10_next_0934_close_positive_signal_inverse_c5,2025-01,0.011771678243334027
q60_all_edge10_next_0934_close_positive_signal_inverse_c5,2025-02,-0.018491254372813737
q60_all_edge10_next_0934_close_positive_signal_inverse_c5,2025-03,0.24645036347317018
q60_all_edge10_next_0934_close_positive_signal_inverse_c5,2025-04,0.258404045487881
q60_all_edge10_next_0934_close_positive_signal_inverse_c5,2025-05,-0.017257759385160942
q60_all_edge10_next_0934_close_positive_signal_inverse_c5,2025-06,-0.007118338271931645
q60_all_edge10_next_0934_close_positive_signal_inverse_c5,2025-07,0.05210102802322658
q60_all_edge10_next_0934_close_positive_signal_inverse_c5,2025-08,0.007213552361396426
q60_all_edge10_next_0934_close_positive_signal_inverse_c5,2025-09,0.0
q60_all_edge10_next_0934_close_positive_signal_inverse_c5,2025-10,0.03627067023000452
q60_all_edge10_next_0934_close_positive_signal_inverse_c5,2025-11,-0.06902282625915634
q60_all_edge10_next_0934_close_positive_signal_inverse_c5,2025-12,-0.06242984424947251
q60_all_edge10_next_0934_close_positive_signal_inverse_c5,2026-01,-0.0718709569297803
q60_all_edge10_next_0934_close_positive_signal_inverse_c5,2026-02,0.1278479985944332
q60_all_edge10_next_0934_close_positive_signal_inverse_c5,2026-03,0.005563321071991535
q60_all_edge10_next_0934_close_positive_signal_inverse_c5,2026-04,-0.2307800644010407
q60_all_edge10_next_open_both_reversal_c10,2024-11,-0.03859179226151355
q60_all_edge10_next_open_both_reversal_c10,2024-12,-0.02162500739549189
q60_all_edge10_next_open_both_reversal_c10,2025-01,-0.10010755163820706
q60_all_edge10_next_open_both_reversal_c10,2025-02,-0.021652501874063198
q60_all_edge10_next_open_both_reversal_c10,2025-03,0.27782067224695006
q60_all_edge10_next_open_both_reversal_c10,2025-04,0.16399905716187713
q60_all_edge10_next_open_both_reversal_c10,2025-05,0.09613435045380958
q60_all_edge10_next_open_both_reversal_c10,2025-06,-0.047111035946650004
q60_all_edge10_next_open_both_reversal_c10,2025-07,-0.04054019562189293
q60_all_edge10_next_open_both_reversal_c10,2025-08,-0.001079132040429748
q60_all_edge10_next_open_both_reversal_c10,2025-09,0.0
q60_all_edge10_next_open_both_reversal_c10,2025-10,0.13534929720230915
q60_all_edge10_next_open_both_reversal_c10,2025-11,-0.030924626004337763
q60_all_edge10_next_open_both_reversal_c10,2025-12,-0.017514180029126632
q60_all_edge10_next_open_both_reversal_c10,2026-01,-0.005914663573992174
q60_all_edge10_next_open_both_reversal_c10,2026-02,0.24351856317643727
q60_all_edge10_next_open_both_reversal_c10,2026-03,0.05543770778827162
q60_all_edge10_next_open_both_reversal_c10,2026-04,-0.15919313890585918
q60_all_edge10_next_open_both_reversal_c5,2024-11,-0.036591792261513545
q60_all_edge10_next_open_both_reversal_c5,2024-12,-0.017625007395491887
q60_all_edge10_next_open_both_reversal_c5,2025-01,-0.09810755163820706
q60_all_edge10_next_open_both_reversal_c5,2025-02,-0.0196525018740632
q60_all_edge10_next_open_both_reversal_c5,2025-03,0.28682067224695007
q60_all_edge10_next_open_both_reversal_c5,2025-04,0.17199905716187713
q60_all_edge10_next_open_both_reversal_c5,2025-05,0.09913435045380958
q60_all_edge10_next_open_both_reversal_c5,2025-06,-0.04511103594665
q60_all_edge10_next_open_both_reversal_c5,2025-07,-0.03454019562189292
q60_all_edge10_next_open_both_reversal_c5,2025-08,0.001920867959570251
q60_all_edge10_next_open_both_reversal_c5,2025-09,0.0
q60_all_edge10_next_open_both_reversal_c5,2025-10,0.13934929720230915
q60_all_edge10_next_open_both_reversal_c5,2025-11,-0.024924626004337758
q60_all_edge10_next_open_both_reversal_c5,2025-12,-0.013514180029126632
q60_all_edge10_next_open_both_reversal_c5,2026-01,-0.002914663573992171
q60_all_edge10_next_open_both_reversal_c5,2026-02,0.2555185631764373
q60_all_edge10_next_open_both_reversal_c5,2026-03,0.06343770778827162
q60_all_edge10_next_open_both_reversal_c5,2026-04,-0.15619313890585917
q60_all_edge10_next_open_negative_signal_bull_c10,2024-11,-0.0005155863433943236
q60_all_edge10_next_open_negative_signal_bull_c10,2024-12,0.0024691328542681967
q60_all_edge10_next_open_negative_signal_bull_c10,2025-01,-0.0839914862113641
q60_all_edge10_next_open_negative_signal_bull_c10,2025-02,-0.012156250000000089
q60_all_edge10_next_open_negative_signal_bull_c10,2025-03,0.11195265121888442
q60_all_edge10_next_open_negative_signal_bull_c10,2025-04,-0.08611029284596738
q60_all_edge10_next_open_negative_signal_bull_c10,2025-05,0.1344926123515333
q60_all_edge10_next_open_negative_signal_bull_c10,2025-06,0.0
q60_all_edge10_next_open_negative_signal_bull_c10,2025-07,-0.0760756021893394
q60_all_edge10_next_open_negative_signal_bull_c10,2025-08,-0.010714997885741036
q60_all_edge10_next_open_negative_signal_bull_c10,2025-09,0.0
q60_all_edge10_next_open_negative_signal_bull_c10,2025-10,0.0796131237183868
q60_all_edge10_next_open_negative_signal_bull_c10,2025-11,0.034494615200413525
q60_all_edge10_next_open_negative_signal_bull_c10,2025-12,0.021308645244626723
q60_all_edge10_next_open_negative_signal_bull_c10,2026-01,0.050540506528236495
q60_all_edge10_next_open_negative_signal_bull_c10,2026-02,0.05579348853177236
q60_all_edge10_next_open_negative_signal_bull_c10,2026-03,0.050606388818224324
q60_all_edge10_next_open_negative_signal_bull_c10,2026-04,0.04224214838416018
q60_all_edge10_next_open_negative_signal_bull_c5,2024-11,0.00048441365660567646
q60_all_edge10_next_open_negative_signal_bull_c5,2024-12,0.005469132854268199
q60_all_edge10_next_open_negative_signal_bull_c5,2025-01,-0.0829914862113641
q60_all_edge10_next_open_negative_signal_bull_c5,2025-02,-0.01115625000000009
q60_all_edge10_next_open_negative_signal_bull_c5,2025-03,0.11595265121888443
q60_all_edge10_next_open_negative_signal_bull_c5,2025-04,-0.08411029284596738
q60_all_edge10_next_open_negative_signal_bull_c5,2025-05,0.13649261235153332
q60_all_edge10_next_open_negative_signal_bull_c5,2025-06,0.0
q60_all_edge10_next_open_negative_signal_bull_c5,2025-07,-0.0720756021893394
q60_all_edge10_next_open_negative_signal_bull_c5,2025-08,-0.008714997885741036
q60_all_edge10_next_open_negative_signal_bull_c5,2025-09,0.0
q60_all_edge10_next_open_negative_signal_bull_c5,2025-10,0.0806131237183868
q60_all_edge10_next_open_negative_signal_bull_c5,2025-11,0.03749461520041353
q60_all_edge10_next_open_negative_signal_bull_c5,2025-12,0.023308645244626724
q60_all_edge10_next_open_negative_signal_bull_c5,2026-01,0.051540506528236496
q60_all_edge10_next_open_negative_signal_bull_c5,2026-02,0.060793488531772355
q60_all_edge10_next_open_negative_signal_bull_c5,2026-03,0.05760638881822433
q60_all_edge10_next_open_negative_signal_bull_c5,2026-04,0.043242148384160184
q60_all_edge10_next_open_positive_signal_inverse_c10,2024-11,-0.03807620591811922
q60_all_edge10_next_open_positive_signal_inverse_c10,2024-12,-0.024094140249760088
q60_all_edge10_next_open_positive_signal_inverse_c10,2025-01,-0.016116065426842963
q60_all_edge10_next_open_positive_signal_inverse_c10,2025-02,-0.009496251874063109
q60_all_edge10_next_open_positive_signal_inverse_c10,2025-03,0.16586802102806564
q60_all_edge10_next_open_positive_signal_inverse_c10,2025-04,0.2501093500078445
q60_all_edge10_next_open_positive_signal_inverse_c10,2025-05,-0.03835826189772373
q60_all_edge10_next_open_positive_signal_inverse_c10,2025-06,-0.047111035946650004
q60_all_edge10_next_open_positive_signal_inverse_c10,2025-07,0.03553540656744647
q60_all_edge10_next_open_positive_signal_inverse_c10,2025-08,0.009635865845311288
q60_all_edge10_next_open_positive_signal_inverse_c10,2025-09,0.0
q60_all_edge10_next_open_positive_signal_inverse_c10,2025-10,0.05573617348392235
q60_all_edge10_next_open_positive_signal_inverse_c10,2025-11,-0.06541924120475129
q60_all_edge10_next_open_positive_signal_inverse_c10,2025-12,-0.03882282527375336
q60_all_edge10_next_open_positive_signal_inverse_c10,2026-01,-0.05645517010222867
q60_all_edge10_next_open_positive_signal_inverse_c10,2026-02,0.18772507464466492
q60_all_edge10_next_open_positive_signal_inverse_c10,2026-03,0.004831318970047295
q60_all_edge10_next_open_positive_signal_inverse_c10,2026-04,-0.20143528729001936
q60_all_edge10_next_open_positive_signal_inverse_c5,2024-11,-0.03707620591811922
q60_all_edge10_next_open_positive_signal_inverse_c5,2024-12,-0.023094140249760087
q60_all_edge10_next_open_positive_signal_inverse_c5,2025-01,-0.015116065426842962
q60_all_edge10_next_open_positive_signal_inverse_c5,2025-02,-0.00849625187406311
q60_all_edge10_next_open_positive_signal_inverse_c5,2025-03,0.17086802102806564
q60_all_edge10_next_open_positive_signal_inverse_c5,2025-04,0.2561093500078445
q60_all_edge10_next_open_positive_signal_inverse_c5,2025-05,-0.03735826189772373
q60_all_edge10_next_open_positive_signal_inverse_c5,2025-06,-0.04511103594665
q60_all_edge10_next_open_positive_signal_inverse_c5,2025-07,0.03753540656744647
q60_all_edge10_next_open_positive_signal_inverse_c5,2025-08,0.010635865845311288
q60_all_edge10_next_open_positive_signal_inverse_c5,2025-09,0.0
q60_all_edge10_next_open_positive_signal_inverse_c5,2025-10,0.05873617348392235
q60_all_edge10_next_open_positive_signal_inverse_c5,2025-11,-0.062419241204751286
q60_all_edge10_next_open_positive_signal_inverse_c5,2025-12,-0.03682282527375336
q60_all_edge10_next_open_positive_signal_inverse_c5,2026-01,-0.05445517010222867
q60_all_edge10_next_open_positive_signal_inverse_c5,2026-02,0.19472507464466493
q60_all_edge10_next_open_positive_signal_inverse_c5,2026-03,0.005831318970047295
q60_all_edge10_next_open_positive_signal_inverse_c5,2026-04,-0.19943528729001936
q60_all_edge20_next_0934_close_both_reversal_c10,2024-11,0.07411600519798012
q60_all_edge20_next_0934_close_both_reversal_c10,2024-12,-0.02665841404874691
q60_all_edge20_next_0934_close_both_reversal_c10,2025-01,-0.10573235579112883
q60_all_edge20_next_0934_close_both_reversal_c10,2025-02,-0.06874908877414498
q60_all_edge20_next_0934_close_both_reversal_c10,2025-03,0.31994762579496394
q60_all_edge20_next_0934_close_both_reversal_c10,2025-04,0.10197667470400917
q60_all_edge20_next_0934_close_both_reversal_c10,2025-05,0.0887417648567197
q60_all_edge20_next_0934_close_both_reversal_c10,2025-06,0.009122778479337405
q60_all_edge20_next_0934_close_both_reversal_c10,2025-07,0.028045402916352602
q60_all_edge20_next_0934_close_both_reversal_c10,2025-08,-0.0455716774725865
q60_all_edge20_next_0934_close_both_reversal_c10,2025-09,0.024773761713520637
q60_all_edge20_next_0934_close_both_reversal_c10,2025-10,0.1262707066308506
q60_all_edge20_next_0934_close_both_reversal_c10,2025-11,-0.03258123127552626
q60_all_edge20_next_0934_close_both_reversal_c10,2025-12,-0.037283338324048954
q60_all_edge20_next_0934_close_both_reversal_c10,2026-01,0.041220594006776134
q60_all_edge20_next_0934_close_both_reversal_c10,2026-02,0.1843509206254178
q60_all_edge20_next_0934_close_both_reversal_c10,2026-03,0.09074719016188304
q60_all_edge20_next_0934_close_both_reversal_c10,2026-04,-0.2327800644010407
q60_all_edge20_next_0934_close_both_reversal_c5,2024-11,0.07711600519798012
q60_all_edge20_next_0934_close_both_reversal_c5,2024-12,-0.024658414048746913
q60_all_edge20_next_0934_close_both_reversal_c5,2025-01,-0.10273235579112883
q60_all_edge20_next_0934_close_both_reversal_c5,2025-02,-0.06274908877414498
q60_all_edge20_next_0934_close_both_reversal_c5,2025-03,0.32794762579496395
q60_all_edge20_next_0934_close_both_reversal_c5,2025-04,0.11197667470400918
q60_all_edge20_next_0934_close_both_reversal_c5,2025-05,0.0917417648567197
q60_all_edge20_next_0934_close_both_reversal_c5,2025-06,0.012122778479337404
q60_all_edge20_next_0934_close_both_reversal_c5,2025-07,0.032045402916352606
q60_all_edge20_next_0934_close_both_reversal_c5,2025-08,-0.0415716774725865
q60_all_edge20_next_0934_close_both_reversal_c5,2025-09,0.025773761713520638
q60_all_edge20_next_0934_close_both_reversal_c5,2025-10,0.1312707066308506
q60_all_edge20_next_0934_close_both_reversal_c5,2025-11,-0.028581231275526253
q60_all_edge20_next_0934_close_both_reversal_c5,2025-12,-0.03328333832404895
q60_all_edge20_next_0934_close_both_reversal_c5,2026-01,0.04622059400677614
q60_all_edge20_next_0934_close_both_reversal_c5,2026-02,0.1963509206254178
q60_all_edge20_next_0934_close_both_reversal_c5,2026-03,0.10174719016188305
q60_all_edge20_next_0934_close_both_reversal_c5,2026-04,-0.2307800644010407
q60_all_edge20_next_0934_close_negative_signal_bull_c10,2024-11,0.04824438357635863
q60_all_edge20_next_0934_close_negative_signal_bull_c10,2024-12,0.0
q60_all_edge20_next_0934_close_negative_signal_bull_c10,2025-01,-0.09287543957060895
q60_all_edge20_next_0934_close_negative_signal_bull_c10,2025-02,-0.04759125594142111
q60_all_edge20_next_0934_close_negative_signal_bull_c10,2025-03,0.1543867095579744
q60_all_edge20_next_0934_close_negative_signal_bull_c10,2025-04,-0.12954042100210883
q60_all_edge20_next_0934_close_negative_signal_bull_c10,2025-05,0.09765975103734426
q60_all_edge20_next_0934_close_negative_signal_bull_c10,2025-06,0.0
q60_all_edge20_next_0934_close_negative_signal_bull_c10,2025-07,-0.022055625106873977
q60_all_edge20_next_0934_close_negative_signal_bull_c10,2025-08,-0.03586992299646152
q60_all_edge20_next_0934_close_negative_signal_bull_c10,2025-09,0.0
q60_all_edge20_next_0934_close_negative_signal_bull_c10,2025-10,0.09300003640084609
q60_all_edge20_next_0934_close_negative_signal_bull_c10,2025-11,-0.03258123127552626
q60_all_edge20_next_0934_close_negative_signal_bull_c10,2025-12,0.02714650592542356
q60_all_edge20_next_0934_close_negative_signal_bull_c10,2026-01,0.11509155093655643
q60_all_edge20_next_0934_close_negative_signal_bull_c10,2026-02,0.06350292203098462
q60_all_edge20_next_0934_close_negative_signal_bull_c10,2026-03,0.11272591127095921
q60_all_edge20_next_0934_close_negative_signal_bull_c10,2026-04,0.0
q60_all_edge20_next_0934_close_negative_signal_bull_c5,2024-11,0.05024438357635863
q60_all_edge20_next_0934_close_negative_signal_bull_c5,2024-12,0.0
q60_all_edge20_next_0934_close_negative_signal_bull_c5,2025-01,-0.09187543957060895
q60_all_edge20_next_0934_close_negative_signal_bull_c5,2025-02,-0.0435912559414211
q60_all_edge20_next_0934_close_negative_signal_bull_c5,2025-03,0.1583867095579744
q60_all_edge20_next_0934_close_negative_signal_bull_c5,2025-04,-0.12754042100210883
q60_all_edge20_next_0934_close_negative_signal_bull_c5,2025-05,0.09865975103734426
q60_all_edge20_next_0934_close_negative_signal_bull_c5,2025-06,0.0
q60_all_edge20_next_0934_close_negative_signal_bull_c5,2025-07,-0.020055625106873975
q60_all_edge20_next_0934_close_negative_signal_bull_c5,2025-08,-0.03386992299646152
q60_all_edge20_next_0934_close_negative_signal_bull_c5,2025-09,0.0
q60_all_edge20_next_0934_close_negative_signal_bull_c5,2025-10,0.09500003640084609
q60_all_edge20_next_0934_close_negative_signal_bull_c5,2025-11,-0.028581231275526253
q60_all_edge20_next_0934_close_negative_signal_bull_c5,2025-12,0.02914650592542356
q60_all_edge20_next_0934_close_negative_signal_bull_c5,2026-01,0.11809155093655643
q60_all_edge20_next_0934_close_negative_signal_bull_c5,2026-02,0.06850292203098463
q60_all_edge20_next_0934_close_negative_signal_bull_c5,2026-03,0.11972591127095922
q60_all_edge20_next_0934_close_negative_signal_bull_c5,2026-04,0.0
q60_all_edge20_next_0934_close_positive_signal_inverse_c10,2024-11,0.025871621621621488
q60_all_edge20_next_0934_close_positive_signal_inverse_c10,2024-12,-0.02665841404874691
q60_all_edge20_next_0934_close_positive_signal_inverse_c10,2025-01,-0.012856916220519874
q60_all_edge20_next_0934_close_positive_signal_inverse_c10,2025-02,-0.021157832832723877
q60_all_edge20_next_0934_close_positive_signal_inverse_c10,2025-03,0.16556091623698954
q60_all_edge20_next_0934_close_positive_signal_inverse_c10,2025-04,0.231517095706118
q60_all_edge20_next_0934_close_positive_signal_inverse_c10,2025-05,-0.008917986180624558
q60_all_edge20_next_0934_close_positive_signal_inverse_c10,2025-06,0.009122778479337405
q60_all_edge20_next_0934_close_positive_signal_inverse_c10,2025-07,0.05010102802322658
q60_all_edge20_next_0934_close_positive_signal_inverse_c10,2025-08,-0.009701754476124978
q60_all_edge20_next_0934_close_positive_signal_inverse_c10,2025-09,0.024773761713520637
q60_all_edge20_next_0934_close_positive_signal_inverse_c10,2025-10,0.03327067023000452
q60_all_edge20_next_0934_close_positive_signal_inverse_c10,2025-11,0.0
q60_all_edge20_next_0934_close_positive_signal_inverse_c10,2025-12,-0.06442984424947251
q60_all_edge20_next_0934_close_positive_signal_inverse_c10,2026-01,-0.0738709569297803
q60_all_edge20_next_0934_close_positive_signal_inverse_c10,2026-02,0.12084799859443318
q60_all_edge20_next_0934_close_positive_signal_inverse_c10,2026-03,-0.02197872110907617
q60_all_edge20_next_0934_close_positive_signal_inverse_c10,2026-04,-0.2327800644010407
q60_all_edge20_next_0934_close_positive_signal_inverse_c5,2024-11,0.02687162162162149
q60_all_edge20_next_0934_close_positive_signal_inverse_c5,2024-12,-0.024658414048746913
q60_all_edge20_next_0934_close_positive_signal_inverse_c5,2025-01,-0.010856916220519874
q60_all_edge20_next_0934_close_positive_signal_inverse_c5,2025-02,-0.019157832832723876
q60_all_edge20_next_0934_close_positive_signal_inverse_c5,2025-03,0.16956091623698955
q60_all_edge20_next_0934_close_positive_signal_inverse_c5,2025-04,0.239517095706118
q60_all_edge20_next_0934_close_positive_signal_inverse_c5,2025-05,-0.006917986180624558
q60_all_edge20_next_0934_close_positive_signal_inverse_c5,2025-06,0.012122778479337404
q60_all_edge20_next_0934_close_positive_signal_inverse_c5,2025-07,0.05210102802322658
q60_all_edge20_next_0934_close_positive_signal_inverse_c5,2025-08,-0.007701754476124977
q60_all_edge20_next_0934_close_positive_signal_inverse_c5,2025-09,0.025773761713520638
q60_all_edge20_next_0934_close_positive_signal_inverse_c5,2025-10,0.03627067023000452
q60_all_edge20_next_0934_close_positive_signal_inverse_c5,2025-11,0.0
q60_all_edge20_next_0934_close_positive_signal_inverse_c5,2025-12,-0.06242984424947251
q60_all_edge20_next_0934_close_positive_signal_inverse_c5,2026-01,-0.0718709569297803
q60_all_edge20_next_0934_close_positive_signal_inverse_c5,2026-02,0.1278479985944332
q60_all_edge20_next_0934_close_positive_signal_inverse_c5,2026-03,-0.017978721109076168
q60_all_edge20_next_0934_close_positive_signal_inverse_c5,2026-04,-0.2307800644010407
q60_all_edge20_next_open_both_reversal_c10,2024-11,0.04229094070868733
q60_all_edge20_next_open_both_reversal_c10,2024-12,-0.045987395950875976
q60_all_edge20_next_open_both_reversal_c10,2025-01,-0.13462569192307694
q60_all_edge20_next_open_both_reversal_c10,2025-02,-0.06809973027065963
q60_all_edge20_next_open_both_reversal_c10,2025-03,0.20360626688681616
q60_all_edge20_next_open_both_reversal_c10,2025-04,0.1127447779059002
q60_all_edge20_next_open_both_reversal_c10,2025-05,0.05129080288031729
q60_all_edge20_next_open_both_reversal_c10,2025-06,-0.021192254220761875
q60_all_edge20_next_open_both_reversal_c10,2025-07,0.004960168767045414
q60_all_edge20_next_open_both_reversal_c10,2025-08,-0.021999944934613318
q60_all_edge20_next_open_both_reversal_c10,2025-09,0.016741633199464534
q60_all_edge20_next_open_both_reversal_c10,2025-10,0.16399173169089765
q60_all_edge20_next_open_both_reversal_c10,2025-11,-0.04839714725973998
q60_all_edge20_next_open_both_reversal_c10,2025-12,-0.017514180029126632
q60_all_edge20_next_open_both_reversal_c10,2026-01,0.08390745241387121
q60_all_edge20_next_open_both_reversal_c10,2026-02,0.24351856317643727
q60_all_edge20_next_open_both_reversal_c10,2026-03,0.08585058248857702
q60_all_edge20_next_open_both_reversal_c10,2026-04,-0.20143528729001936
q60_all_edge20_next_open_both_reversal_c5,2024-11,0.04529094070868733
q60_all_edge20_next_open_both_reversal_c5,2024-12,-0.043987395950875974
q60_all_edge20_next_open_both_reversal_c5,2025-01,-0.13162569192307694
q60_all_edge20_next_open_both_reversal_c5,2025-02,-0.062099730270659625
q60_all_edge20_next_open_both_reversal_c5,2025-03,0.21160626688681616
q60_all_edge20_next_open_both_reversal_c5,2025-04,0.12274477790590022
q60_all_edge20_next_open_both_reversal_c5,2025-05,0.05429080288031729
q60_all_edge20_next_open_both_reversal_c5,2025-06,-0.018192254220761872
q60_all_edge20_next_open_both_reversal_c5,2025-07,0.008960168767045418
q60_all_edge20_next_open_both_reversal_c5,2025-08,-0.01799994493461332
q60_all_edge20_next_open_both_reversal_c5,2025-09,0.017741633199464535
q60_all_edge20_next_open_both_reversal_c5,2025-10,0.16899173169089765
q60_all_edge20_next_open_both_reversal_c5,2025-11,-0.04439714725973998
q60_all_edge20_next_open_both_reversal_c5,2025-12,-0.013514180029126632
q60_all_edge20_next_open_both_reversal_c5,2026-01,0.08890745241387121
q60_all_edge20_next_open_both_reversal_c5,2026-02,0.2555185631764373
q60_all_edge20_next_open_both_reversal_c5,2026-03,0.09685058248857703
q60_all_edge20_next_open_both_reversal_c5,2026-04,-0.19943528729001936
q60_all_edge20_next_open_negative_signal_bull_c10,2024-11,0.028665940708687332
q60_all_edge20_next_open_negative_signal_bull_c10,2024-12,0.0
q60_all_edge20_next_open_negative_signal_bull_c10,2025-01,-0.0839914862113641
q60_all_edge20_next_open_negative_signal_bull_c10,2025-02,-0.04416632571070078
q60_all_edge20_next_open_negative_signal_bull_c10,2025-03,0.11195265121888442
q60_all_edge20_next_open_negative_signal_bull_c10,2025-04,-0.08611029284596738
q60_all_edge20_next_open_negative_signal_bull_c10,2025-05,0.0677095435684647
q60_all_edge20_next_open_negative_signal_bull_c10,2025-06,0.0
q60_all_edge20_next_open_negative_signal_bull_c10,2025-07,-0.030575237800401056
q60_all_edge20_next_open_negative_signal_bull_c10,2025-08,-0.010714997885741036
q60_all_edge20_next_open_negative_signal_bull_c10,2025-09,0.0
q60_all_edge20_next_open_negative_signal_bull_c10,2025-10,0.1082555582069753
q60_all_edge20_next_open_negative_signal_bull_c10,2025-11,-0.04839714725973998
q60_all_edge20_next_open_negative_signal_bull_c10,2025-12,0.021308645244626723
q60_all_edge20_next_open_negative_signal_bull_c10,2026-01,0.14036262251609988
q60_all_edge20_next_open_negative_signal_bull_c10,2026-02,0.05579348853177236
q60_all_edge20_next_open_negative_signal_bull_c10,2026-03,0.050606388818224324
q60_all_edge20_next_open_negative_signal_bull_c10,2026-04,0.0
q60_all_edge20_next_open_negative_signal_bull_c5,2024-11,0.030665940708687334
q60_all_edge20_next_open_negative_signal_bull_c5,2024-12,0.0
q60_all_edge20_next_open_negative_signal_bull_c5,2025-01,-0.0829914862113641
q60_all_edge20_next_open_negative_signal_bull_c5,2025-02,-0.04016632571070078
q60_all_edge20_next_open_negative_signal_bull_c5,2025-03,0.11595265121888443
q60_all_edge20_next_open_negative_signal_bull_c5,2025-04,-0.08411029284596738
q60_all_edge20_next_open_negative_signal_bull_c5,2025-05,0.0687095435684647
q60_all_edge20_next_open_negative_signal_bull_c5,2025-06,0.0
q60_all_edge20_next_open_negative_signal_bull_c5,2025-07,-0.028575237800401054
q60_all_edge20_next_open_negative_signal_bull_c5,2025-08,-0.008714997885741036
q60_all_edge20_next_open_negative_signal_bull_c5,2025-09,0.0
q60_all_edge20_next_open_negative_signal_bull_c5,2025-10,0.1102555582069753
q60_all_edge20_next_open_negative_signal_bull_c5,2025-11,-0.04439714725973998
q60_all_edge20_next_open_negative_signal_bull_c5,2025-12,0.023308645244626724
q60_all_edge20_next_open_negative_signal_bull_c5,2026-01,0.14336262251609988
q60_all_edge20_next_open_negative_signal_bull_c5,2026-02,0.060793488531772355
q60_all_edge20_next_open_negative_signal_bull_c5,2026-03,0.05760638881822433
q60_all_edge20_next_open_negative_signal_bull_c5,2026-04,0.0
q60_all_edge20_next_open_positive_signal_inverse_c10,2024-11,0.013625
q60_all_edge20_next_open_positive_signal_inverse_c10,2024-12,-0.045987395950875976
q60_all_edge20_next_open_positive_signal_inverse_c10,2025-01,-0.05063420571171284
q60_all_edge20_next_open_positive_signal_inverse_c10,2025-02,-0.023933404559958845
q60_all_edge20_next_open_positive_signal_inverse_c10,2025-03,0.09165361566793173
q60_all_edge20_next_open_positive_signal_inverse_c10,2025-04,0.1988550707518676
q60_all_edge20_next_open_positive_signal_inverse_c10,2025-05,-0.016418740688147415
q60_all_edge20_next_open_positive_signal_inverse_c10,2025-06,-0.021192254220761875
q60_all_edge20_next_open_positive_signal_inverse_c10,2025-07,0.03553540656744647
q60_all_edge20_next_open_positive_signal_inverse_c10,2025-08,-0.011284947048872283
q60_all_edge20_next_open_positive_signal_inverse_c10,2025-09,0.016741633199464534
q60_all_edge20_next_open_positive_signal_inverse_c10,2025-10,0.05573617348392235
q60_all_edge20_next_open_positive_signal_inverse_c10,2025-11,0.0
q60_all_edge20_next_open_positive_signal_inverse_c10,2025-12,-0.03882282527375336
q60_all_edge20_next_open_positive_signal_inverse_c10,2026-01,-0.05645517010222867
q60_all_edge20_next_open_positive_signal_inverse_c10,2026-02,0.18772507464466492
q60_all_edge20_next_open_positive_signal_inverse_c10,2026-03,0.0352441936703527
q60_all_edge20_next_open_positive_signal_inverse_c10,2026-04,-0.20143528729001936
q60_all_edge20_next_open_positive_signal_inverse_c5,2024-11,0.014624999999999999
q60_all_edge20_next_open_positive_signal_inverse_c5,2024-12,-0.043987395950875974
q60_all_edge20_next_open_positive_signal_inverse_c5,2025-01,-0.04863420571171284
q60_all_edge20_next_open_positive_signal_inverse_c5,2025-02,-0.021933404559958847
q60_all_edge20_next_open_positive_signal_inverse_c5,2025-03,0.09565361566793174
q60_all_edge20_next_open_positive_signal_inverse_c5,2025-04,0.2068550707518676
q60_all_edge20_next_open_positive_signal_inverse_c5,2025-05,-0.014418740688147413
q60_all_edge20_next_open_positive_signal_inverse_c5,2025-06,-0.018192254220761872
q60_all_edge20_next_open_positive_signal_inverse_c5,2025-07,0.03753540656744647
q60_all_edge20_next_open_positive_signal_inverse_c5,2025-08,-0.009284947048872283
q60_all_edge20_next_open_positive_signal_inverse_c5,2025-09,0.017741633199464535
q60_all_edge20_next_open_positive_signal_inverse_c5,2025-10,0.05873617348392235
q60_all_edge20_next_open_positive_signal_inverse_c5,2025-11,0.0
q60_all_edge20_next_open_positive_signal_inverse_c5,2025-12,-0.03682282527375336
q60_all_edge20_next_open_positive_signal_inverse_c5,2026-01,-0.05445517010222867
q60_all_edge20_next_open_positive_signal_inverse_c5,2026-02,0.19472507464466493
q60_all_edge20_next_open_positive_signal_inverse_c5,2026-03,0.0392441936703527
q60_all_edge20_next_open_positive_signal_inverse_c5,2026-04,-0.19943528729001936
q60_all_edge40_next_0934_close_both_reversal_c10,2024-11,0.04328219142540746
q60_all_edge40_next_0934_close_both_reversal_c10,2024-12,-0.01461038330907327
q60_all_edge40_next_0934_close_both_reversal_c10,2025-01,-0.08210376132727493
q60_all_edge40_next_0934_close_both_reversal_c10,2025-02,-0.057622641234127525
q60_all_edge40_next_0934_close_both_reversal_c10,2025-03,0.31994762579496394
q60_all_edge40_next_0934_close_both_reversal_c10,2025-04,0.10197667470400917
q60_all_edge40_next_0934_close_both_reversal_c10,2025-05,0.1426206596245032
q60_all_edge40_next_0934_close_both_reversal_c10,2025-06,0.009122778479337405
q60_all_edge40_next_0934_close_both_reversal_c10,2025-07,-0.03030680838760269
q60_all_edge40_next_0934_close_both_reversal_c10,2025-08,-0.07284199105372546
q60_all_edge40_next_0934_close_both_reversal_c10,2025-09,0.030858000843955402
q60_all_edge40_next_0934_close_both_reversal_c10,2025-10,0.01884428295000684
q60_all_edge40_next_0934_close_both_reversal_c10,2025-11,0.08227069286490629
q60_all_edge40_next_0934_close_both_reversal_c10,2025-12,-0.037283338324048954
q60_all_edge40_next_0934_close_both_reversal_c10,2026-01,0.041220594006776134
q60_all_edge40_next_0934_close_both_reversal_c10,2026-02,0.1843509206254178
q60_all_edge40_next_0934_close_both_reversal_c10,2026-03,0.09074719016188304
q60_all_edge40_next_0934_close_both_reversal_c10,2026-04,-0.3044779621457232
q60_all_edge40_next_0934_close_both_reversal_c5,2024-11,0.04828219142540746
q60_all_edge40_next_0934_close_both_reversal_c5,2024-12,-0.01361038330907327
q60_all_edge40_next_0934_close_both_reversal_c5,2025-01,-0.08010376132727492
q60_all_edge40_next_0934_close_both_reversal_c5,2025-02,-0.05562264123412752
q60_all_edge40_next_0934_close_both_reversal_c5,2025-03,0.32794762579496395
q60_all_edge40_next_0934_close_both_reversal_c5,2025-04,0.11197667470400918
q60_all_edge40_next_0934_close_both_reversal_c5,2025-05,0.1466206596245032
q60_all_edge40_next_0934_close_both_reversal_c5,2025-06,0.012122778479337404
q60_all_edge40_next_0934_close_both_reversal_c5,2025-07,-0.024306808387602685
q60_all_edge40_next_0934_close_both_reversal_c5,2025-08,-0.06784199105372546
q60_all_edge40_next_0934_close_both_reversal_c5,2025-09,0.032858000843955404
q60_all_edge40_next_0934_close_both_reversal_c5,2025-10,0.020844282950006843
q60_all_edge40_next_0934_close_both_reversal_c5,2025-11,0.0942706928649063
q60_all_edge40_next_0934_close_both_reversal_c5,2025-12,-0.03328333832404895
q60_all_edge40_next_0934_close_both_reversal_c5,2026-01,0.04622059400677614
q60_all_edge40_next_0934_close_both_reversal_c5,2026-02,0.1963509206254178
q60_all_edge40_next_0934_close_both_reversal_c5,2026-03,0.10174719016188305
q60_all_edge40_next_0934_close_both_reversal_c5,2026-04,-0.3004779621457232
q60_all_edge40_next_0934_close_negative_signal_bull_c10,2024-11,0.04940246279122018
q60_all_edge40_next_0934_close_negative_signal_bull_c10,2024-12,0.0
q60_all_edge40_next_0934_close_negative_signal_bull_c10,2025-01,-0.09287543957060895
q60_all_edge40_next_0934_close_negative_signal_bull_c10,2025-02,-0.03813138686131379
q60_all_edge40_next_0934_close_negative_signal_bull_c10,2025-03,0.1543867095579744
q60_all_edge40_next_0934_close_negative_signal_bull_c10,2025-04,-0.12954042100210883
q60_all_edge40_next_0934_close_negative_signal_bull_c10,2025-05,0.15153864580512777
q60_all_edge40_next_0934_close_negative_signal_bull_c10,2025-06,0.0
q60_all_edge40_next_0934_close_negative_signal_bull_c10,2025-07,-0.08040783641082927
q60_all_edge40_next_0934_close_negative_signal_bull_c10,2025-08,-0.021053341064510064
q60_all_edge40_next_0934_close_negative_signal_bull_c10,2025-09,0.0
q60_all_edge40_next_0934_close_negative_signal_bull_c10,2025-10,0.02885376162299247
q60_all_edge40_next_0934_close_negative_signal_bull_c10,2025-11,0.0038828710539464753
q60_all_edge40_next_0934_close_negative_signal_bull_c10,2025-12,0.02714650592542356
q60_all_edge40_next_0934_close_negative_signal_bull_c10,2026-01,0.11509155093655643
q60_all_edge40_next_0934_close_negative_signal_bull_c10,2026-02,0.06350292203098462
q60_all_edge40_next_0934_close_negative_signal_bull_c10,2026-03,0.11272591127095921
q60_all_edge40_next_0934_close_negative_signal_bull_c10,2026-04,0.0
q60_all_edge40_next_0934_close_negative_signal_bull_c5,2024-11,0.05240246279122018
q60_all_edge40_next_0934_close_negative_signal_bull_c5,2024-12,0.0
q60_all_edge40_next_0934_close_negative_signal_bull_c5,2025-01,-0.09187543957060895
q60_all_edge40_next_0934_close_negative_signal_bull_c5,2025-02,-0.037131386861313787
q60_all_edge40_next_0934_close_negative_signal_bull_c5,2025-03,0.1583867095579744
q60_all_edge40_next_0934_close_negative_signal_bull_c5,2025-04,-0.12754042100210883
q60_all_edge40_next_0934_close_negative_signal_bull_c5,2025-05,0.15353864580512777
q60_all_edge40_next_0934_close_negative_signal_bull_c5,2025-06,0.0
q60_all_edge40_next_0934_close_negative_signal_bull_c5,2025-07,-0.07640783641082927
q60_all_edge40_next_0934_close_negative_signal_bull_c5,2025-08,-0.018053341064510064
q60_all_edge40_next_0934_close_negative_signal_bull_c5,2025-09,0.0
q60_all_edge40_next_0934_close_negative_signal_bull_c5,2025-10,0.02985376162299247
q60_all_edge40_next_0934_close_negative_signal_bull_c5,2025-11,0.009882871053946474
q60_all_edge40_next_0934_close_negative_signal_bull_c5,2025-12,0.02914650592542356
q60_all_edge40_next_0934_close_negative_signal_bull_c5,2026-01,0.11809155093655643
q60_all_edge40_next_0934_close_negative_signal_bull_c5,2026-02,0.06850292203098463
q60_all_edge40_next_0934_close_negative_signal_bull_c5,2026-03,0.11972591127095922
q60_all_edge40_next_0934_close_negative_signal_bull_c5,2026-04,0.0
q60_all_edge40_next_0934_close_positive_signal_inverse_c10,2024-11,-0.006120271365812724
q60_all_edge40_next_0934_close_positive_signal_inverse_c10,2024-12,-0.01461038330907327
q60_all_edge40_next_0934_close_positive_signal_inverse_c10,2025-01,0.010771678243334028
q60_all_edge40_next_0934_close_positive_signal_inverse_c10,2025-02,-0.019491254372813738
q60_all_edge40_next_0934_close_positive_signal_inverse_c10,2025-03,0.16556091623698954
q60_all_edge40_next_0934_close_positive_signal_inverse_c10,2025-04,0.231517095706118
q60_all_edge40_next_0934_close_positive_signal_inverse_c10,2025-05,-0.008917986180624558
q60_all_edge40_next_0934_close_positive_signal_inverse_c10,2025-06,0.009122778479337405
q60_all_edge40_next_0934_close_positive_signal_inverse_c10,2025-07,0.05010102802322658
q60_all_edge40_next_0934_close_positive_signal_inverse_c10,2025-08,-0.051788649989215396
q60_all_edge40_next_0934_close_positive_signal_inverse_c10,2025-09,0.030858000843955402
q60_all_edge40_next_0934_close_positive_signal_inverse_c10,2025-10,-0.010009478672985626
q60_all_edge40_next_0934_close_positive_signal_inverse_c10,2025-11,0.07838782181095982
q60_all_edge40_next_0934_close_positive_signal_inverse_c10,2025-12,-0.06442984424947251
q60_all_edge40_next_0934_close_positive_signal_inverse_c10,2026-01,-0.0738709569297803
q60_all_edge40_next_0934_close_positive_signal_inverse_c10,2026-02,0.12084799859443318
q60_all_edge40_next_0934_close_positive_signal_inverse_c10,2026-03,-0.02197872110907617
q60_all_edge40_next_0934_close_positive_signal_inverse_c10,2026-04,-0.3044779621457232
q60_all_edge40_next_0934_close_positive_signal_inverse_c5,2024-11,-0.004120271365812722
q60_all_edge40_next_0934_close_positive_signal_inverse_c5,2024-12,-0.01361038330907327
q60_all_edge40_next_0934_close_positive_signal_inverse_c5,2025-01,0.011771678243334027
q60_all_edge40_next_0934_close_positive_signal_inverse_c5,2025-02,-0.018491254372813737
q60_all_edge40_next_0934_close_positive_signal_inverse_c5,2025-03,0.16956091623698955
q60_all_edge40_next_0934_close_positive_signal_inverse_c5,2025-04,0.239517095706118
q60_all_edge40_next_0934_close_positive_signal_inverse_c5,2025-05,-0.006917986180624558
q60_all_edge40_next_0934_close_positive_signal_inverse_c5,2025-06,0.012122778479337404
q60_all_edge40_next_0934_close_positive_signal_inverse_c5,2025-07,0.05210102802322658
q60_all_edge40_next_0934_close_positive_signal_inverse_c5,2025-08,-0.049788649989215394
q60_all_edge40_next_0934_close_positive_signal_inverse_c5,2025-09,0.032858000843955404
q60_all_edge40_next_0934_close_positive_signal_inverse_c5,2025-10,-0.009009478672985627
q60_all_edge40_next_0934_close_positive_signal_inverse_c5,2025-11,0.08438782181095983
q60_all_edge40_next_0934_close_positive_signal_inverse_c5,2025-12,-0.06242984424947251
q60_all_edge40_next_0934_close_positive_signal_inverse_c5,2026-01,-0.0718709569297803
q60_all_edge40_next_0934_close_positive_signal_inverse_c5,2026-02,0.1278479985944332
q60_all_edge40_next_0934_close_positive_signal_inverse_c5,2026-03,-0.017978721109076168
q60_all_edge40_next_0934_close_positive_signal_inverse_c5,2026-04,-0.3004779621457232
q60_all_edge40_next_open_both_reversal_c10,2024-11,-0.0075994958438518855
q60_all_edge40_next_open_both_reversal_c10,2024-12,-0.021893255701115888
q60_all_edge40_next_open_both_reversal_c10,2025-01,-0.10010755163820706
q60_all_edge40_next_open_both_reversal_c10,2025-02,-0.0560217993193185
q60_all_edge40_next_open_both_reversal_c10,2025-03,0.20360626688681616
q60_all_edge40_next_open_both_reversal_c10,2025-04,0.1127447779059002
q60_all_edge40_next_open_both_reversal_c10,2025-05,0.1180738716633859
q60_all_edge40_next_open_both_reversal_c10,2025-06,-0.021192254220761875
q60_all_edge40_next_open_both_reversal_c10,2025-07,-0.04054019562189293
q60_all_edge40_next_open_both_reversal_c10,2025-08,-0.03338837773206138
q60_all_edge40_next_open_both_reversal_c10,2025-09,0.010665546242942693
q60_all_edge40_next_open_both_reversal_c10,2025-10,0.043230112213707095
q60_all_edge40_next_open_both_reversal_c10,2025-11,0.03920357462391566
q60_all_edge40_next_open_both_reversal_c10,2025-12,-0.017514180029126632
q60_all_edge40_next_open_both_reversal_c10,2026-01,0.08390745241387121
q60_all_edge40_next_open_both_reversal_c10,2026-02,0.24351856317643727
q60_all_edge40_next_open_both_reversal_c10,2026-03,0.08585058248857702
q60_all_edge40_next_open_both_reversal_c10,2026-04,-0.2494360549834791
q60_all_edge40_next_open_both_reversal_c5,2024-11,-0.0025994958438518845
q60_all_edge40_next_open_both_reversal_c5,2024-12,-0.020893255701115887
q60_all_edge40_next_open_both_reversal_c5,2025-01,-0.09810755163820706
q60_all_edge40_next_open_both_reversal_c5,2025-02,-0.0540217993193185
q60_all_edge40_next_open_both_reversal_c5,2025-03,0.21160626688681616
q60_all_edge40_next_open_both_reversal_c5,2025-04,0.12274477790590022
q60_all_edge40_next_open_both_reversal_c5,2025-05,0.1220738716633859
q60_all_edge40_next_open_both_reversal_c5,2025-06,-0.018192254220761872
q60_all_edge40_next_open_both_reversal_c5,2025-07,-0.03454019562189292
q60_all_edge40_next_open_both_reversal_c5,2025-08,-0.028388377732061376
q60_all_edge40_next_open_both_reversal_c5,2025-09,0.012665546242942693
q60_all_edge40_next_open_both_reversal_c5,2025-10,0.0452301122137071
q60_all_edge40_next_open_both_reversal_c5,2025-11,0.05120357462391567
q60_all_edge40_next_open_both_reversal_c5,2025-12,-0.013514180029126632
q60_all_edge40_next_open_both_reversal_c5,2026-01,0.08890745241387121
q60_all_edge40_next_open_both_reversal_c5,2026-02,0.2555185631764373
q60_all_edge40_next_open_both_reversal_c5,2026-03,0.09685058248857703
q60_all_edge40_next_open_both_reversal_c5,2026-04,-0.2454360549834791
q60_all_edge40_next_open_negative_signal_bull_c10,2024-11,0.016851710074267334
q60_all_edge40_next_open_negative_signal_bull_c10,2024-12,0.0
q60_all_edge40_next_open_negative_signal_bull_c10,2025-01,-0.0839914862113641
q60_all_edge40_next_open_negative_signal_bull_c10,2025-02,-0.04652554744525539
q60_all_edge40_next_open_negative_signal_bull_c10,2025-03,0.11195265121888442
q60_all_edge40_next_open_negative_signal_bull_c10,2025-04,-0.08611029284596738
q60_all_edge40_next_open_negative_signal_bull_c10,2025-05,0.1344926123515333
q60_all_edge40_next_open_negative_signal_bull_c10,2025-06,0.0
q60_all_edge40_next_open_negative_signal_bull_c10,2025-07,-0.0760756021893394
q60_all_edge40_next_open_negative_signal_bull_c10,2025-08,0.01309649996330076
q60_all_edge40_next_open_negative_signal_bull_c10,2025-09,0.0
q60_all_edge40_next_open_negative_signal_bull_c10,2025-10,0.028642434488588497
q60_all_edge40_next_open_negative_signal_bull_c10,2025-11,-0.048499975479833535
q60_all_edge40_next_open_negative_signal_bull_c10,2025-12,0.021308645244626723
q60_all_edge40_next_open_negative_signal_bull_c10,2026-01,0.14036262251609988
q60_all_edge40_next_open_negative_signal_bull_c10,2026-02,0.05579348853177236
q60_all_edge40_next_open_negative_signal_bull_c10,2026-03,0.050606388818224324
q60_all_edge40_next_open_negative_signal_bull_c10,2026-04,0.0
q60_all_edge40_next_open_negative_signal_bull_c5,2024-11,0.019851710074267337
q60_all_edge40_next_open_negative_signal_bull_c5,2024-12,0.0
q60_all_edge40_next_open_negative_signal_bull_c5,2025-01,-0.0829914862113641
q60_all_edge40_next_open_negative_signal_bull_c5,2025-02,-0.04552554744525539
q60_all_edge40_next_open_negative_signal_bull_c5,2025-03,0.11595265121888443
q60_all_edge40_next_open_negative_signal_bull_c5,2025-04,-0.08411029284596738
q60_all_edge40_next_open_negative_signal_bull_c5,2025-05,0.13649261235153332
q60_all_edge40_next_open_negative_signal_bull_c5,2025-06,0.0
q60_all_edge40_next_open_negative_signal_bull_c5,2025-07,-0.0720756021893394
q60_all_edge40_next_open_negative_signal_bull_c5,2025-08,0.01609649996330076
q60_all_edge40_next_open_negative_signal_bull_c5,2025-09,0.0
q60_all_edge40_next_open_negative_signal_bull_c5,2025-10,0.0296424344885885
q60_all_edge40_next_open_negative_signal_bull_c5,2025-11,-0.04249997547983353
q60_all_edge40_next_open_negative_signal_bull_c5,2025-12,0.023308645244626724
q60_all_edge40_next_open_negative_signal_bull_c5,2026-01,0.14336262251609988
q60_all_edge40_next_open_negative_signal_bull_c5,2026-02,0.060793488531772355
q60_all_edge40_next_open_negative_signal_bull_c5,2026-03,0.05760638881822433
q60_all_edge40_next_open_negative_signal_bull_c5,2026-04,0.0
q60_all_edge40_next_open_positive_signal_inverse_c10,2024-11,-0.024451205918119223
q60_all_edge40_next_open_positive_signal_inverse_c10,2024-12,-0.021893255701115888
q60_all_edge40_next_open_positive_signal_inverse_c10,2025-01,-0.016116065426842963
q60_all_edge40_next_open_positive_signal_inverse_c10,2025-02,-0.009496251874063109
q60_all_edge40_next_open_positive_signal_inverse_c10,2025-03,0.09165361566793173
q60_all_edge40_next_open_positive_signal_inverse_c10,2025-04,0.1988550707518676
q60_all_edge40_next_open_positive_signal_inverse_c10,2025-05,-0.016418740688147415
q60_all_edge40_next_open_positive_signal_inverse_c10,2025-06,-0.021192254220761875
q60_all_edge40_next_open_positive_signal_inverse_c10,2025-07,0.03553540656744647
q60_all_edge40_next_open_positive_signal_inverse_c10,2025-08,-0.04648487769536214
q60_all_edge40_next_open_positive_signal_inverse_c10,2025-09,0.010665546242942693
q60_all_edge40_next_open_positive_signal_inverse_c10,2025-10,0.014587677725118599
q60_all_edge40_next_open_positive_signal_inverse_c10,2025-11,0.0877035501037492
q60_all_edge40_next_open_positive_signal_inverse_c10,2025-12,-0.03882282527375336
q60_all_edge40_next_open_positive_signal_inverse_c10,2026-01,-0.05645517010222867
q60_all_edge40_next_open_positive_signal_inverse_c10,2026-02,0.18772507464466492
q60_all_edge40_next_open_positive_signal_inverse_c10,2026-03,0.0352441936703527
q60_all_edge40_next_open_positive_signal_inverse_c10,2026-04,-0.2494360549834791
q60_all_edge40_next_open_positive_signal_inverse_c5,2024-11,-0.02245120591811922
q60_all_edge40_next_open_positive_signal_inverse_c5,2024-12,-0.020893255701115887
q60_all_edge40_next_open_positive_signal_inverse_c5,2025-01,-0.015116065426842962
q60_all_edge40_next_open_positive_signal_inverse_c5,2025-02,-0.00849625187406311
q60_all_edge40_next_open_positive_signal_inverse_c5,2025-03,0.09565361566793174
q60_all_edge40_next_open_positive_signal_inverse_c5,2025-04,0.2068550707518676
q60_all_edge40_next_open_positive_signal_inverse_c5,2025-05,-0.014418740688147413
q60_all_edge40_next_open_positive_signal_inverse_c5,2025-06,-0.018192254220761872
q60_all_edge40_next_open_positive_signal_inverse_c5,2025-07,0.03753540656744647
q60_all_edge40_next_open_positive_signal_inverse_c5,2025-08,-0.044484877695362135
q60_all_edge40_next_open_positive_signal_inverse_c5,2025-09,0.012665546242942693
q60_all_edge40_next_open_positive_signal_inverse_c5,2025-10,0.015587677725118598
q60_all_edge40_next_open_positive_signal_inverse_c5,2025-11,0.0937035501037492
q60_all_edge40_next_open_positive_signal_inverse_c5,2025-12,-0.03682282527375336
q60_all_edge40_next_open_positive_signal_inverse_c5,2026-01,-0.05445517010222867
q60_all_edge40_next_open_positive_signal_inverse_c5,2026-02,0.19472507464466493
q60_all_edge40_next_open_positive_signal_inverse_c5,2026-03,0.0392441936703527
q60_all_edge40_next_open_positive_signal_inverse_c5,2026-04,-0.2454360549834791
q60_edge20_always_next_0934_close_both_reversal_c10,2024-11,0.04328219142540746
q60_edge20_always_next_0934_close_both_reversal_c10,2024-12,0.005734683364150285
q60_edge20_always_next_0934_close_both_reversal_c10,2025-01,0.011407851219044418
q60_edge20_always_next_0934_close_both_reversal_c10,2025-02,-0.07384098151784546
q60_edge20_always_next_0934_close_both_reversal_c10,2025-03,0.32513245744930086
q60_edge20_always_next_0934_close_both_reversal_c10,2025-04,0.30378058378641903
q60_edge20_always_next_0934_close_both_reversal_c10,2025-05,0.0632186679723199
q60_edge20_always_next_0934_close_both_reversal_c10,2025-06,0.024484617068327053
q60_edge20_always_next_0934_close_both_reversal_c10,2025-07,-0.023528308367114392
q60_edge20_always_next_0934_close_both_reversal_c10,2025-08,-0.003100728754032663
q60_edge20_always_next_0934_close_both_reversal_c10,2025-09,0.027768792517489985
q60_edge20_always_next_0934_close_both_reversal_c10,2025-10,0.16889872747079915
q60_edge20_always_next_0934_close_both_reversal_c10,2025-11,0.08757738387224234
q60_edge20_always_next_0934_close_both_reversal_c10,2025-12,-0.008437718672557711
q60_edge20_always_next_0934_close_both_reversal_c10,2026-01,-0.015238295360421428
q60_edge20_always_next_0934_close_both_reversal_c10,2026-02,0.1701917219805381
q60_edge20_always_next_0934_close_both_reversal_c10,2026-03,0.06026064348327098
q60_edge20_always_next_0934_close_both_reversal_c10,2026-04,-0.27706821630556766
q60_edge20_always_next_0934_close_both_reversal_c5,2024-11,0.04828219142540746
q60_edge20_always_next_0934_close_both_reversal_c5,2024-12,0.009734683364150287
q60_edge20_always_next_0934_close_both_reversal_c5,2025-01,0.01440785121904442
q60_edge20_always_next_0934_close_both_reversal_c5,2025-02,-0.06684098151784545
q60_edge20_always_next_0934_close_both_reversal_c5,2025-03,0.33013245744930086
q60_edge20_always_next_0934_close_both_reversal_c5,2025-04,0.31078058378641904
q60_edge20_always_next_0934_close_both_reversal_c5,2025-05,0.0652186679723199
q60_edge20_always_next_0934_close_both_reversal_c5,2025-06,0.026484617068327054
q60_edge20_always_next_0934_close_both_reversal_c5,2025-07,-0.02052830836711439
q60_edge20_always_next_0934_close_both_reversal_c5,2025-08,0.0028992712459673387
q60_edge20_always_next_0934_close_both_reversal_c5,2025-09,0.03376879251748999
q60_edge20_always_next_0934_close_both_reversal_c5,2025-10,0.17789872747079916
q60_edge20_always_next_0934_close_both_reversal_c5,2025-11,0.09757738387224235
q60_edge20_always_next_0934_close_both_reversal_c5,2025-12,-0.006437718672557711
q60_edge20_always_next_0934_close_both_reversal_c5,2026-01,-0.011238295360421424
q60_edge20_always_next_0934_close_both_reversal_c5,2026-02,0.17919172198053812
q60_edge20_always_next_0934_close_both_reversal_c5,2026-03,0.06426064348327098
q60_edge20_always_next_0934_close_both_reversal_c5,2026-04,-0.26706821630556765
q60_edge20_always_next_0934_close_negative_signal_bull_c10,2024-11,0.04940246279122018
q60_edge20_always_next_0934_close_negative_signal_bull_c10,2024-12,0.0323930974128972
q60_edge20_always_next_0934_close_negative_signal_bull_c10,2025-01,0.0530862641008627
q60_edge20_always_next_0934_close_negative_signal_bull_c10,2025-02,-0.01670846798454262
q60_edge20_always_next_0934_close_negative_signal_bull_c10,2025-03,0.08146544999109362
q60_edge20_always_next_0934_close_negative_signal_bull_c10,2025-04,0.0
q60_edge20_always_next_0934_close_negative_signal_bull_c10,2025-05,0.053878894767783514
q60_edge20_always_next_0934_close_negative_signal_bull_c10,2025-06,0.0
q60_edge20_always_next_0934_close_negative_signal_bull_c10,2025-07,-0.05835221130395529
q60_edge20_always_next_0934_close_negative_signal_bull_c10,2025-08,-0.021053341064510064
q60_edge20_always_next_0934_close_negative_signal_bull_c10,2025-09,0.0
q60_edge20_always_next_0934_close_negative_signal_bull_c10,2025-10,0.18832483518931298
q60_edge20_always_next_0934_close_negative_signal_bull_c10,2025-11,0.028561146150358763
q60_edge20_always_next_0934_close_negative_signal_bull_c10,2025-12,-0.0034791387909013354
q60_edge20_always_next_0934_close_negative_signal_bull_c10,2026-01,0.05863266156935887
q60_edge20_always_next_0934_close_negative_signal_bull_c10,2026-02,0.048376375884457534
q60_edge20_always_next_0934_close_negative_signal_bull_c10,2026-03,-0.0009971398293068257
q60_edge20_always_next_0934_close_negative_signal_bull_c10,2026-04,0.0792128282697111
q60_edge20_always_next_0934_close_negative_signal_bull_c5,2024-11,0.05240246279122018
q60_edge20_always_next_0934_close_negative_signal_bull_c5,2024-12,0.0343930974128972
q60_edge20_always_next_0934_close_negative_signal_bull_c5,2025-01,0.0540862641008627
q60_edge20_always_next_0934_close_negative_signal_bull_c5,2025-02,-0.013708467984542616
q60_edge20_always_next_0934_close_negative_signal_bull_c5,2025-03,0.08346544999109362
q60_edge20_always_next_0934_close_negative_signal_bull_c5,2025-04,0.0
q60_edge20_always_next_0934_close_negative_signal_bull_c5,2025-05,0.054878894767783515
q60_edge20_always_next_0934_close_negative_signal_bull_c5,2025-06,0.0
q60_edge20_always_next_0934_close_negative_signal_bull_c5,2025-07,-0.05635221130395529
q60_edge20_always_next_0934_close_negative_signal_bull_c5,2025-08,-0.018053341064510064
q60_edge20_always_next_0934_close_negative_signal_bull_c5,2025-09,0.0
q60_edge20_always_next_0934_close_negative_signal_bull_c5,2025-10,0.19132483518931298
q60_edge20_always_next_0934_close_negative_signal_bull_c5,2025-11,0.03456114615035877
q60_edge20_always_next_0934_close_negative_signal_bull_c5,2025-12,-0.0024791387909013354
q60_edge20_always_next_0934_close_negative_signal_bull_c5,2026-01,0.06063266156935887
q60_edge20_always_next_0934_close_negative_signal_bull_c5,2026-02,0.05237637588445754
q60_edge20_always_next_0934_close_negative_signal_bull_c5,2026-03,0.002002860170693177
q60_edge20_always_next_0934_close_negative_signal_bull_c5,2026-04,0.0812128282697111
q60_edge20_always_next_0934_close_positive_signal_inverse_c10,2024-11,-0.006120271365812724
q60_edge20_always_next_0934_close_positive_signal_inverse_c10,2024-12,-0.02665841404874691
q60_edge20_always_next_0934_close_positive_signal_inverse_c10,2025-01,-0.04167841288181828
q60_edge20_always_next_0934_close_positive_signal_inverse_c10,2025-02,-0.05713251353330284
q60_edge20_always_next_0934_close_positive_signal_inverse_c10,2025-03,0.24366700745820724
q60_edge20_always_next_0934_close_positive_signal_inverse_c10,2025-04,0.30378058378641903
q60_edge20_always_next_0934_close_positive_signal_inverse_c10,2025-05,0.009339773204536385
q60_edge20_always_next_0934_close_positive_signal_inverse_c10,2025-06,0.024484617068327053
q60_edge20_always_next_0934_close_positive_signal_inverse_c10,2025-07,0.0348239029368409
q60_edge20_always_next_0934_close_positive_signal_inverse_c10,2025-08,0.0179526123104774
q60_edge20_always_next_0934_close_positive_signal_inverse_c10,2025-09,0.027768792517489985
q60_edge20_always_next_0934_close_positive_signal_inverse_c10,2025-10,-0.019426107718513826
q60_edge20_always_next_0934_close_positive_signal_inverse_c10,2025-11,0.05901623772188358
q60_edge20_always_next_0934_close_positive_signal_inverse_c10,2025-12,-0.004958579881656376
q60_edge20_always_next_0934_close_positive_signal_inverse_c10,2026-01,-0.0738709569297803
q60_edge20_always_next_0934_close_positive_signal_inverse_c10,2026-02,0.12181534609608058
q60_edge20_always_next_0934_close_positive_signal_inverse_c10,2026-03,0.06125778331257781
q60_edge20_always_next_0934_close_positive_signal_inverse_c10,2026-04,-0.35628104457527876
q60_edge20_always_next_0934_close_positive_signal_inverse_c5,2024-11,-0.004120271365812722
q60_edge20_always_next_0934_close_positive_signal_inverse_c5,2024-12,-0.024658414048746913
q60_edge20_always_next_0934_close_positive_signal_inverse_c5,2025-01,-0.03967841288181828
q60_edge20_always_next_0934_close_positive_signal_inverse_c5,2025-02,-0.05313251353330284
q60_edge20_always_next_0934_close_positive_signal_inverse_c5,2025-03,0.24666700745820724
q60_edge20_always_next_0934_close_positive_signal_inverse_c5,2025-04,0.31078058378641904
q60_edge20_always_next_0934_close_positive_signal_inverse_c5,2025-05,0.010339773204536384
q60_edge20_always_next_0934_close_positive_signal_inverse_c5,2025-06,0.026484617068327054
q60_edge20_always_next_0934_close_positive_signal_inverse_c5,2025-07,0.0358239029368409
q60_edge20_always_next_0934_close_positive_signal_inverse_c5,2025-08,0.020952612310477403
q60_edge20_always_next_0934_close_positive_signal_inverse_c5,2025-09,0.03376879251748999
q60_edge20_always_next_0934_close_positive_signal_inverse_c5,2025-10,-0.013426107718513824
q60_edge20_always_next_0934_close_positive_signal_inverse_c5,2025-11,0.06301623772188358
q60_edge20_always_next_0934_close_positive_signal_inverse_c5,2025-12,-0.003958579881656376
q60_edge20_always_next_0934_close_positive_signal_inverse_c5,2026-01,-0.0718709569297803
q60_edge20_always_next_0934_close_positive_signal_inverse_c5,2026-02,0.12681534609608058
q60_edge20_always_next_0934_close_positive_signal_inverse_c5,2026-03,0.06225778331257781
q60_edge20_always_next_0934_close_positive_signal_inverse_c5,2026-04,-0.34828104457527875
q60_edge20_always_next_open_both_reversal_c10,2024-11,-0.0075994958438518855
q60_edge20_always_next_open_both_reversal_c10,2024-12,-0.04474638361310701
q60_edge20_always_next_open_both_reversal_c10,2025-01,7.962124894078833e-05
q60_edge20_always_next_open_both_reversal_c10,2025-02,-0.05841028772632972
q60_edge20_always_next_open_both_reversal_c10,2025-03,0.3014175478289598
q60_edge20_always_next_open_both_reversal_c10,2025-04,0.2870114906598559
q60_edge20_always_next_open_both_reversal_c10,2025-05,0.08872258999264493
q60_edge20_always_next_open_both_reversal_c10,2025-06,0.00806589650077738
q60_edge20_always_next_open_both_reversal_c10,2025-07,-0.012802552845679549
q60_edge20_always_next_open_both_reversal_c10,2025-08,0.01997450255782108
q60_edge20_always_next_open_both_reversal_c10,2025-09,0.019081176806281637
q60_edge20_always_next_open_both_reversal_c10,2025-10,0.20971215778668084
q60_edge20_always_next_open_both_reversal_c10,2025-11,0.054437148435053095
q60_edge20_always_next_open_both_reversal_c10,2025-12,-0.02447073845376468
q60_edge20_always_next_open_both_reversal_c10,2026-01,0.031236767954121003
q60_edge20_always_next_open_both_reversal_c10,2026-02,0.24956117905509445
q60_edge20_always_next_open_both_reversal_c10,2026-03,0.05167985859522395
q60_edge20_always_next_open_both_reversal_c10,2026-04,-0.18111053668194688
q60_edge20_always_next_open_both_reversal_c5,2024-11,-0.0025994958438518845
q60_edge20_always_next_open_both_reversal_c5,2024-12,-0.04074638361310701
q60_edge20_always_next_open_both_reversal_c5,2025-01,0.00307962124894079
q60_edge20_always_next_open_both_reversal_c5,2025-02,-0.05141028772632972
q60_edge20_always_next_open_both_reversal_c5,2025-03,0.3064175478289598
q60_edge20_always_next_open_both_reversal_c5,2025-04,0.2940114906598559
q60_edge20_always_next_open_both_reversal_c5,2025-05,0.09072258999264493
q60_edge20_always_next_open_both_reversal_c5,2025-06,0.010065896500777383
q60_edge20_always_next_open_both_reversal_c5,2025-07,-0.009802552845679546
q60_edge20_always_next_open_both_reversal_c5,2025-08,0.025974502557821078
q60_edge20_always_next_open_both_reversal_c5,2025-09,0.025081176806281635
q60_edge20_always_next_open_both_reversal_c5,2025-10,0.21871215778668085
q60_edge20_always_next_open_both_reversal_c5,2025-11,0.0644371484350531
q60_edge20_always_next_open_both_reversal_c5,2025-12,-0.022470738453764683
q60_edge20_always_next_open_both_reversal_c5,2026-01,0.03523676795412101
q60_edge20_always_next_open_both_reversal_c5,2026-02,0.25856117905509446
q60_edge20_always_next_open_both_reversal_c5,2026-03,0.05567985859522395
q60_edge20_always_next_open_both_reversal_c5,2026-04,-0.17111053668194687
q60_edge20_always_next_open_negative_signal_bull_c10,2024-11,0.016851710074267334
q60_edge20_always_next_open_negative_signal_bull_c10,2024-12,0.0012410123377689652
q60_edge20_always_next_open_negative_signal_bull_c10,2025-01,0.06070736562707357
q60_edge20_always_next_open_negative_signal_bull_c10,2025-02,0.03344535743061117
q60_edge20_always_next_open_negative_signal_bull_c10,2025-03,0.09143487619164059
q60_edge20_always_next_open_negative_signal_bull_c10,2025-04,0.0
q60_edge20_always_next_open_negative_signal_bull_c10,2025-05,0.06678306878306861
q60_edge20_always_next_open_negative_signal_bull_c10,2025-06,0.0
q60_edge20_always_next_open_negative_signal_bull_c10,2025-07,-0.04550036438893834
q60_edge20_always_next_open_negative_signal_bull_c10,2025-08,0.01309649996330076
q60_edge20_always_next_open_negative_signal_bull_c10,2025-09,0.0
q60_edge20_always_next_open_negative_signal_bull_c10,2025-10,0.21579673826046575
q60_edge20_always_next_open_negative_signal_bull_c10,2025-11,-0.01726252047016241
q60_edge20_always_next_open_negative_signal_bull_c10,2025-12,-0.010636418927137735
q60_edge20_always_next_open_negative_signal_bull_c10,2026-01,0.08769193805634967
q60_edge20_always_next_open_negative_signal_bull_c10,2026-02,0.04407639370145211
q60_edge20_always_next_open_negative_signal_bull_c10,2026-03,-0.027640191217976562
q60_edge20_always_next_open_negative_signal_bull_c10,2026-04,0.09366007716025515
q60_edge20_always_next_open_negative_signal_bull_c5,2024-11,0.019851710074267337
q60_edge20_always_next_open_negative_signal_bull_c5,2024-12,0.003241012337768967
q60_edge20_always_next_open_negative_signal_bull_c5,2025-01,0.061707365627073574
q60_edge20_always_next_open_negative_signal_bull_c5,2025-02,0.03644535743061117
q60_edge20_always_next_open_negative_signal_bull_c5,2025-03,0.09343487619164059
q60_edge20_always_next_open_negative_signal_bull_c5,2025-04,0.0
q60_edge20_always_next_open_negative_signal_bull_c5,2025-05,0.06778306878306861
q60_edge20_always_next_open_negative_signal_bull_c5,2025-06,0.0
q60_edge20_always_next_open_negative_signal_bull_c5,2025-07,-0.04350036438893834
q60_edge20_always_next_open_negative_signal_bull_c5,2025-08,0.01609649996330076
q60_edge20_always_next_open_negative_signal_bull_c5,2025-09,0.0
q60_edge20_always_next_open_negative_signal_bull_c5,2025-10,0.21879673826046575
q60_edge20_always_next_open_negative_signal_bull_c5,2025-11,-0.011262520470162407
q60_edge20_always_next_open_negative_signal_bull_c5,2025-12,-0.009636418927137735
q60_edge20_always_next_open_negative_signal_bull_c5,2026-01,0.08969193805634967
q60_edge20_always_next_open_negative_signal_bull_c5,2026-02,0.048076393701452114
q60_edge20_always_next_open_negative_signal_bull_c5,2026-03,-0.02464019121797656
q60_edge20_always_next_open_negative_signal_bull_c5,2026-04,0.09566007716025515
q60_edge20_always_next_open_positive_signal_inverse_c10,2024-11,-0.024451205918119223
q60_edge20_always_next_open_positive_signal_inverse_c10,2024-12,-0.045987395950875976
q60_edge20_always_next_open_positive_signal_inverse_c10,2025-01,-0.060627744378132786
q60_edge20_always_next_open_positive_signal_inverse_c10,2025-02,-0.09185564515694089
q60_edge20_always_next_open_positive_signal_inverse_c10,2025-03,0.2099826716373192
q60_edge20_always_next_open_positive_signal_inverse_c10,2025-04,0.2870114906598559
q60_edge20_always_next_open_positive_signal_inverse_c10,2025-05,0.021939521209576318
q60_edge20_always_next_open_positive_signal_inverse_c10,2025-06,0.00806589650077738
q60_edge20_always_next_open_positive_signal_inverse_c10,2025-07,0.03269781154325879
q60_edge20_always_next_open_positive_signal_inverse_c10,2025-08,0.006878002594520318
q60_edge20_always_next_open_positive_signal_inverse_c10,2025-09,0.019081176806281637
q60_edge20_always_next_open_positive_signal_inverse_c10,2025-10,-0.006084580473784903
q60_edge20_always_next_open_positive_signal_inverse_c10,2025-11,0.07169966890521551
q60_edge20_always_next_open_positive_signal_inverse_c10,2025-12,-0.013834319526626946
q60_edge20_always_next_open_positive_signal_inverse_c10,2026-01,-0.05645517010222867
q60_edge20_always_next_open_positive_signal_inverse_c10,2026-02,0.20548478535364234
q60_edge20_always_next_open_positive_signal_inverse_c10,2026-03,0.07932004981320051
q60_edge20_always_next_open_positive_signal_inverse_c10,2026-04,-0.274770613842202
q60_edge20_always_next_open_positive_signal_inverse_c5,2024-11,-0.02245120591811922
q60_edge20_always_next_open_positive_signal_inverse_c5,2024-12,-0.043987395950875974
q60_edge20_always_next_open_positive_signal_inverse_c5,2025-01,-0.058627744378132784
q60_edge20_always_next_open_positive_signal_inverse_c5,2025-02,-0.08785564515694089
q60_edge20_always_next_open_positive_signal_inverse_c5,2025-03,0.2129826716373192
q60_edge20_always_next_open_positive_signal_inverse_c5,2025-04,0.2940114906598559
q60_edge20_always_next_open_positive_signal_inverse_c5,2025-05,0.02293952120957632
q60_edge20_always_next_open_positive_signal_inverse_c5,2025-06,0.010065896500777383
q60_edge20_always_next_open_positive_signal_inverse_c5,2025-07,0.03369781154325879
q60_edge20_always_next_open_positive_signal_inverse_c5,2025-08,0.009878002594520319
q60_edge20_always_next_open_positive_signal_inverse_c5,2025-09,0.025081176806281635
q60_edge20_always_next_open_positive_signal_inverse_c5,2025-10,-8.458047378490097e-05
q60_edge20_always_next_open_positive_signal_inverse_c5,2025-11,0.07569966890521551
q60_edge20_always_next_open_positive_signal_inverse_c5,2025-12,-0.012834319526626947
q60_edge20_always_next_open_positive_signal_inverse_c5,2026-01,-0.05445517010222867
q60_edge20_always_next_open_positive_signal_inverse_c5,2026-02,0.21048478535364235
q60_edge20_always_next_open_positive_signal_inverse_c5,2026-03,0.08032004981320051
q60_edge20_always_next_open_positive_signal_inverse_c5,2026-04,-0.266770613842202
q60_edge20_edge10_next_0934_close_both_reversal_c10,2024-11,-0.020345183437706305
q60_edge20_edge10_next_0934_close_both_reversal_c10,2024-12,0.020345066673223555
q60_edge20_edge10_next_0934_close_both_reversal_c10,2025-01,0.0
q60_edge20_edge10_next_0934_close_both_reversal_c10,2025-02,-0.019491254372813738
q60_edge20_edge10_next_0934_close_both_reversal_c10,2025-03,0.21217154194633836
q60_edge20_edge10_next_0934_close_both_reversal_c10,2025-04,0.324667533568182
q60_edge20_edge10_next_0934_close_both_reversal_c10,2025-05,0.053878894767783514
q60_edge20_edge10_next_0934_close_both_reversal_c10,2025-06,0.006243500317058006
q60_edge20_edge10_next_0934_close_both_reversal_c10,2025-07,-0.023528308367114392
q60_edge20_edge10_next_0934_close_both_reversal_c10,2025-08,-0.029656370635065096
q60_edge20_edge10_next_0934_close_both_reversal_c10,2025-09,0.0
q60_edge20_edge10_next_0934_close_both_reversal_c10,2025-10,0.09741694500785814
q60_edge20_edge10_next_0934_close_both_reversal_c10,2025-11,0.07712476629058773
q60_edge20_edge10_next_0934_close_both_reversal_c10,2025-12,-0.008437718672557711
q60_edge20_edge10_next_0934_close_both_reversal_c10,2026-01,-0.04661187245597176
q60_edge20_edge10_next_0934_close_both_reversal_c10,2026-02,0.1701917219805381
q60_edge20_edge10_next_0934_close_both_reversal_c10,2026-03,-0.0009971398293068257
q60_edge20_edge10_next_0934_close_both_reversal_c10,2026-04,-0.19945917227541488
q60_edge20_edge10_next_0934_close_both_reversal_c5,2024-11,-0.018345183437706303
q60_edge20_edge10_next_0934_close_both_reversal_c5,2024-12,0.023345066673223558
q60_edge20_edge10_next_0934_close_both_reversal_c5,2025-01,0.0
q60_edge20_edge10_next_0934_close_both_reversal_c5,2025-02,-0.018491254372813737
q60_edge20_edge10_next_0934_close_both_reversal_c5,2025-03,0.21517154194633836
q60_edge20_edge10_next_0934_close_both_reversal_c5,2025-04,0.329667533568182
q60_edge20_edge10_next_0934_close_both_reversal_c5,2025-05,0.054878894767783515
q60_edge20_edge10_next_0934_close_both_reversal_c5,2025-06,0.007243500317058006
q60_edge20_edge10_next_0934_close_both_reversal_c5,2025-07,-0.02052830836711439
q60_edge20_edge10_next_0934_close_both_reversal_c5,2025-08,-0.026656370635065096
q60_edge20_edge10_next_0934_close_both_reversal_c5,2025-09,0.0
q60_edge20_edge10_next_0934_close_both_reversal_c5,2025-10,0.10141694500785814
q60_edge20_edge10_next_0934_close_both_reversal_c5,2025-11,0.08212476629058774
q60_edge20_edge10_next_0934_close_both_reversal_c5,2025-12,-0.006437718672557711
q60_edge20_edge10_next_0934_close_both_reversal_c5,2026-01,-0.043611872455971756
q60_edge20_edge10_next_0934_close_both_reversal_c5,2026-02,0.17919172198053812
q60_edge20_edge10_next_0934_close_both_reversal_c5,2026-03,0.002002860170693177
q60_edge20_edge10_next_0934_close_both_reversal_c5,2026-04,-0.19645917227541487
q60_edge20_edge10_next_0934_close_negative_signal_bull_c10,2024-11,0.011646709549727909
q60_edge20_edge10_next_0934_close_negative_signal_bull_c10,2024-12,0.0323930974128972
q60_edge20_edge10_next_0934_close_negative_signal_bull_c10,2025-01,0.0
q60_edge20_edge10_next_0934_close_negative_signal_bull_c10,2025-02,0.0
q60_edge20_edge10_next_0934_close_negative_signal_bull_c10,2025-03,0.08080621046578473
q60_edge20_edge10_next_0934_close_negative_signal_bull_c10,2025-04,0.0
q60_edge20_edge10_next_0934_close_negative_signal_bull_c10,2025-05,0.053878894767783514
q60_edge20_edge10_next_0934_close_negative_signal_bull_c10,2025-06,0.0
q60_edge20_edge10_next_0934_close_negative_signal_bull_c10,2025-07,-0.05835221130395529
q60_edge20_edge10_next_0934_close_negative_signal_bull_c10,2025-08,-0.03586992299646152
q60_edge20_edge10_next_0934_close_negative_signal_bull_c10,2025-09,0.0
q60_edge20_edge10_next_0934_close_negative_signal_bull_c10,2025-10,0.06414627477785362
q60_edge20_edge10_next_0934_close_negative_signal_bull_c10,2025-11,0.07087640610906631
q60_edge20_edge10_next_0934_close_negative_signal_bull_c10,2025-12,-0.0034791387909013354
q60_edge20_edge10_next_0934_close_negative_signal_bull_c10,2026-01,0.027259084473808537
q60_edge20_edge10_next_0934_close_negative_signal_bull_c10,2026-02,0.048376375884457534
q60_edge20_edge10_next_0934_close_negative_signal_bull_c10,2026-03,-0.0009971398293068257
q60_edge20_edge10_next_0934_close_negative_signal_bull_c10,2026-04,0.033320892125625834
q60_edge20_edge10_next_0934_close_negative_signal_bull_c5,2024-11,0.012646709549727908
q60_edge20_edge10_next_0934_close_negative_signal_bull_c5,2024-12,0.0343930974128972
q60_edge20_edge10_next_0934_close_negative_signal_bull_c5,2025-01,0.0
q60_edge20_edge10_next_0934_close_negative_signal_bull_c5,2025-02,0.0
q60_edge20_edge10_next_0934_close_negative_signal_bull_c5,2025-03,0.08180621046578473
q60_edge20_edge10_next_0934_close_negative_signal_bull_c5,2025-04,0.0
q60_edge20_edge10_next_0934_close_negative_signal_bull_c5,2025-05,0.054878894767783515
q60_edge20_edge10_next_0934_close_negative_signal_bull_c5,2025-06,0.0
q60_edge20_edge10_next_0934_close_negative_signal_bull_c5,2025-07,-0.05635221130395529
q60_edge20_edge10_next_0934_close_negative_signal_bull_c5,2025-08,-0.03386992299646152
q60_edge20_edge10_next_0934_close_negative_signal_bull_c5,2025-09,0.0
q60_edge20_edge10_next_0934_close_negative_signal_bull_c5,2025-10,0.06514627477785362
q60_edge20_edge10_next_0934_close_negative_signal_bull_c5,2025-11,0.07387640610906632
q60_edge20_edge10_next_0934_close_negative_signal_bull_c5,2025-12,-0.0024791387909013354
q60_edge20_edge10_next_0934_close_negative_signal_bull_c5,2026-01,0.028259084473808538
q60_edge20_edge10_next_0934_close_negative_signal_bull_c5,2026-02,0.05237637588445754
q60_edge20_edge10_next_0934_close_negative_signal_bull_c5,2026-03,0.002002860170693177
q60_edge20_edge10_next_0934_close_negative_signal_bull_c5,2026-04,0.034320892125625835
q60_edge20_edge10_next_0934_close_positive_signal_inverse_c10,2024-11,-0.03199189298743421
q60_edge20_edge10_next_0934_close_positive_signal_inverse_c10,2024-12,-0.012048030739673641
q60_edge20_edge10_next_0934_close_positive_signal_inverse_c10,2025-01,0.0
q60_edge20_edge10_next_0934_close_positive_signal_inverse_c10,2025-02,-0.019491254372813738
q60_edge20_edge10_next_0934_close_positive_signal_inverse_c10,2025-03,0.13136533148055363
q60_edge20_edge10_next_0934_close_positive_signal_inverse_c10,2025-04,0.324667533568182
q60_edge20_edge10_next_0934_close_positive_signal_inverse_c10,2025-05,0.0
q60_edge20_edge10_next_0934_close_positive_signal_inverse_c10,2025-06,0.006243500317058006
q60_edge20_edge10_next_0934_close_positive_signal_inverse_c10,2025-07,0.0348239029368409
q60_edge20_edge10_next_0934_close_positive_signal_inverse_c10,2025-08,0.006213552361396426
q60_edge20_edge10_next_0934_close_positive_signal_inverse_c10,2025-09,0.0
q60_edge20_edge10_next_0934_close_positive_signal_inverse_c10,2025-10,0.03327067023000452
q60_edge20_edge10_next_0934_close_positive_signal_inverse_c10,2025-11,0.006248360181521417
q60_edge20_edge10_next_0934_close_positive_signal_inverse_c10,2025-12,-0.004958579881656376
q60_edge20_edge10_next_0934_close_positive_signal_inverse_c10,2026-01,-0.0738709569297803
q60_edge20_edge10_next_0934_close_positive_signal_inverse_c10,2026-02,0.12181534609608058
q60_edge20_edge10_next_0934_close_positive_signal_inverse_c10,2026-03,0.0
q60_edge20_edge10_next_0934_close_positive_signal_inverse_c10,2026-04,-0.2327800644010407
q60_edge20_edge10_next_0934_close_positive_signal_inverse_c5,2024-11,-0.03099189298743421
q60_edge20_edge10_next_0934_close_positive_signal_inverse_c5,2024-12,-0.011048030739673642
q60_edge20_edge10_next_0934_close_positive_signal_inverse_c5,2025-01,0.0
q60_edge20_edge10_next_0934_close_positive_signal_inverse_c5,2025-02,-0.018491254372813737
q60_edge20_edge10_next_0934_close_positive_signal_inverse_c5,2025-03,0.13336533148055363
q60_edge20_edge10_next_0934_close_positive_signal_inverse_c5,2025-04,0.329667533568182
q60_edge20_edge10_next_0934_close_positive_signal_inverse_c5,2025-05,0.0
q60_edge20_edge10_next_0934_close_positive_signal_inverse_c5,2025-06,0.007243500317058006
q60_edge20_edge10_next_0934_close_positive_signal_inverse_c5,2025-07,0.0358239029368409
q60_edge20_edge10_next_0934_close_positive_signal_inverse_c5,2025-08,0.007213552361396426
q60_edge20_edge10_next_0934_close_positive_signal_inverse_c5,2025-09,0.0
q60_edge20_edge10_next_0934_close_positive_signal_inverse_c5,2025-10,0.03627067023000452
q60_edge20_edge10_next_0934_close_positive_signal_inverse_c5,2025-11,0.00824836018152142
q60_edge20_edge10_next_0934_close_positive_signal_inverse_c5,2025-12,-0.003958579881656376
q60_edge20_edge10_next_0934_close_positive_signal_inverse_c5,2026-01,-0.0718709569297803
q60_edge20_edge10_next_0934_close_positive_signal_inverse_c5,2026-02,0.12681534609608058
q60_edge20_edge10_next_0934_close_positive_signal_inverse_c5,2026-03,0.0
q60_edge20_edge10_next_0934_close_positive_signal_inverse_c5,2026-04,-0.2307800644010407
q60_edge20_edge10_next_open_both_reversal_c10,2024-11,-0.03859179226151355
q60_edge20_edge10_next_open_both_reversal_c10,2024-12,-0.022853127911991122
q60_edge20_edge10_next_open_both_reversal_c10,2025-01,0.0
q60_edge20_edge10_next_open_both_reversal_c10,2025-02,-0.009496251874063109
q60_edge20_edge10_next_open_both_reversal_c10,2025-03,0.17211606928717904
q60_edge20_edge10_next_open_both_reversal_c10,2025-04,0.3382657699158328
q60_edge20_edge10_next_open_both_reversal_c10,2025-05,0.06678306878306861
q60_edge20_edge10_next_open_both_reversal_c10,2025-06,-0.01785288522511075
q60_edge20_edge10_next_open_both_reversal_c10,2025-07,-0.012802552845679549
q60_edge20_edge10_next_open_both_reversal_c10,2025-08,-0.001079132040429748
q60_edge20_edge10_next_open_both_reversal_c10,2025-09,0.0
q60_edge20_edge10_next_open_both_reversal_c10,2025-10,0.13534929720230915
q60_edge20_edge10_next_open_both_reversal_c10,2025-11,0.046135906683313466
q60_edge20_edge10_next_open_both_reversal_c10,2025-12,-0.02447073845376468
q60_edge20_edge10_next_open_both_reversal_c10,2026-01,-0.005914663573992174
q60_edge20_edge10_next_open_both_reversal_c10,2026-02,0.24956117905509445
q60_edge20_edge10_next_open_both_reversal_c10,2026-03,-0.027640191217976562
q60_edge20_edge10_next_open_both_reversal_c10,2026-04,-0.15919313890585918
q60_edge20_edge10_next_open_both_reversal_c5,2024-11,-0.036591792261513545
q60_edge20_edge10_next_open_both_reversal_c5,2024-12,-0.01985312791199112
q60_edge20_edge10_next_open_both_reversal_c5,2025-01,0.0
q60_edge20_edge10_next_open_both_reversal_c5,2025-02,-0.00849625187406311
q60_edge20_edge10_next_open_both_reversal_c5,2025-03,0.17511606928717904
q60_edge20_edge10_next_open_both_reversal_c5,2025-04,0.3432657699158328
q60_edge20_edge10_next_open_both_reversal_c5,2025-05,0.06778306878306861
q60_edge20_edge10_next_open_both_reversal_c5,2025-06,-0.016852885225110747
q60_edge20_edge10_next_open_both_reversal_c5,2025-07,-0.009802552845679546
q60_edge20_edge10_next_open_both_reversal_c5,2025-08,0.001920867959570251
q60_edge20_edge10_next_open_both_reversal_c5,2025-09,0.0
q60_edge20_edge10_next_open_both_reversal_c5,2025-10,0.13934929720230915
q60_edge20_edge10_next_open_both_reversal_c5,2025-11,0.05113590668331347
q60_edge20_edge10_next_open_both_reversal_c5,2025-12,-0.022470738453764683
q60_edge20_edge10_next_open_both_reversal_c5,2026-01,-0.002914663573992171
q60_edge20_edge10_next_open_both_reversal_c5,2026-02,0.25856117905509446
q60_edge20_edge10_next_open_both_reversal_c5,2026-03,-0.02464019121797656
q60_edge20_edge10_next_open_both_reversal_c5,2026-04,-0.15619313890585917
q60_edge20_edge10_next_open_negative_signal_bull_c10,2024-11,-0.0005155863433943236
q60_edge20_edge10_next_open_negative_signal_bull_c10,2024-12,0.0012410123377689652
q60_edge20_edge10_next_open_negative_signal_bull_c10,2025-01,0.0
q60_edge20_edge10_next_open_negative_signal_bull_c10,2025-02,0.0
q60_edge20_edge10_next_open_negative_signal_bull_c10,2025-03,0.06412995974698088
q60_edge20_edge10_next_open_negative_signal_bull_c10,2025-04,0.0
q60_edge20_edge10_next_open_negative_signal_bull_c10,2025-05,0.06678306878306861
q60_edge20_edge10_next_open_negative_signal_bull_c10,2025-06,0.0
q60_edge20_edge10_next_open_negative_signal_bull_c10,2025-07,-0.04550036438893834
q60_edge20_edge10_next_open_negative_signal_bull_c10,2025-08,-0.010714997885741036
q60_edge20_edge10_next_open_negative_signal_bull_c10,2025-09,0.0
q60_edge20_edge10_next_open_negative_signal_bull_c10,2025-10,0.0796131237183868
q60_edge20_edge10_next_open_negative_signal_bull_c10,2025-11,0.034494615200413525
q60_edge20_edge10_next_open_negative_signal_bull_c10,2025-12,-0.010636418927137735
q60_edge20_edge10_next_open_negative_signal_bull_c10,2026-01,0.050540506528236495
q60_edge20_edge10_next_open_negative_signal_bull_c10,2026-02,0.04407639370145211
q60_edge20_edge10_next_open_negative_signal_bull_c10,2026-03,-0.027640191217976562
q60_edge20_edge10_next_open_negative_signal_bull_c10,2026-04,0.04224214838416018
q60_edge20_edge10_next_open_negative_signal_bull_c5,2024-11,0.00048441365660567646
q60_edge20_edge10_next_open_negative_signal_bull_c5,2024-12,0.003241012337768967
q60_edge20_edge10_next_open_negative_signal_bull_c5,2025-01,0.0
q60_edge20_edge10_next_open_negative_signal_bull_c5,2025-02,0.0
q60_edge20_edge10_next_open_negative_signal_bull_c5,2025-03,0.06512995974698088
q60_edge20_edge10_next_open_negative_signal_bull_c5,2025-04,0.0
q60_edge20_edge10_next_open_negative_signal_bull_c5,2025-05,0.06778306878306861
q60_edge20_edge10_next_open_negative_signal_bull_c5,2025-06,0.0
q60_edge20_edge10_next_open_negative_signal_bull_c5,2025-07,-0.04350036438893834
q60_edge20_edge10_next_open_negative_signal_bull_c5,2025-08,-0.008714997885741036
q60_edge20_edge10_next_open_negative_signal_bull_c5,2025-09,0.0
q60_edge20_edge10_next_open_negative_signal_bull_c5,2025-10,0.0806131237183868
q60_edge20_edge10_next_open_negative_signal_bull_c5,2025-11,0.03749461520041353
q60_edge20_edge10_next_open_negative_signal_bull_c5,2025-12,-0.009636418927137735
q60_edge20_edge10_next_open_negative_signal_bull_c5,2026-01,0.051540506528236496
q60_edge20_edge10_next_open_negative_signal_bull_c5,2026-02,0.048076393701452114
q60_edge20_edge10_next_open_negative_signal_bull_c5,2026-03,-0.02464019121797656
q60_edge20_edge10_next_open_negative_signal_bull_c5,2026-04,0.043242148384160184
q60_edge20_edge10_next_open_positive_signal_inverse_c10,2024-11,-0.03807620591811922
q60_edge20_edge10_next_open_positive_signal_inverse_c10,2024-12,-0.024094140249760088
q60_edge20_edge10_next_open_positive_signal_inverse_c10,2025-01,0.0
q60_edge20_edge10_next_open_positive_signal_inverse_c10,2025-02,-0.009496251874063109
q60_edge20_edge10_next_open_positive_signal_inverse_c10,2025-03,0.10798610954019816
q60_edge20_edge10_next_open_positive_signal_inverse_c10,2025-04,0.3382657699158328
q60_edge20_edge10_next_open_positive_signal_inverse_c10,2025-05,0.0
q60_edge20_edge10_next_open_positive_signal_inverse_c10,2025-06,-0.01785288522511075
q60_edge20_edge10_next_open_positive_signal_inverse_c10,2025-07,0.03269781154325879
q60_edge20_edge10_next_open_positive_signal_inverse_c10,2025-08,0.009635865845311288
q60_edge20_edge10_next_open_positive_signal_inverse_c10,2025-09,0.0
q60_edge20_edge10_next_open_positive_signal_inverse_c10,2025-10,0.05573617348392235
q60_edge20_edge10_next_open_positive_signal_inverse_c10,2025-11,0.01164129148289994
q60_edge20_edge10_next_open_positive_signal_inverse_c10,2025-12,-0.013834319526626946
q60_edge20_edge10_next_open_positive_signal_inverse_c10,2026-01,-0.05645517010222867
q60_edge20_edge10_next_open_positive_signal_inverse_c10,2026-02,0.20548478535364234
q60_edge20_edge10_next_open_positive_signal_inverse_c10,2026-03,0.0
q60_edge20_edge10_next_open_positive_signal_inverse_c10,2026-04,-0.20143528729001936
q60_edge20_edge10_next_open_positive_signal_inverse_c5,2024-11,-0.03707620591811922
q60_edge20_edge10_next_open_positive_signal_inverse_c5,2024-12,-0.023094140249760087
q60_edge20_edge10_next_open_positive_signal_inverse_c5,2025-01,0.0
q60_edge20_edge10_next_open_positive_signal_inverse_c5,2025-02,-0.00849625187406311
q60_edge20_edge10_next_open_positive_signal_inverse_c5,2025-03,0.10998610954019816
q60_edge20_edge10_next_open_positive_signal_inverse_c5,2025-04,0.3432657699158328
q60_edge20_edge10_next_open_positive_signal_inverse_c5,2025-05,0.0
q60_edge20_edge10_next_open_positive_signal_inverse_c5,2025-06,-0.016852885225110747
q60_edge20_edge10_next_open_positive_signal_inverse_c5,2025-07,0.03369781154325879
q60_edge20_edge10_next_open_positive_signal_inverse_c5,2025-08,0.010635865845311288
q60_edge20_edge10_next_open_positive_signal_inverse_c5,2025-09,0.0
q60_edge20_edge10_next_open_positive_signal_inverse_c5,2025-10,0.05873617348392235
q60_edge20_edge10_next_open_positive_signal_inverse_c5,2025-11,0.013641291482899942
q60_edge20_edge10_next_open_positive_signal_inverse_c5,2025-12,-0.012834319526626947
q60_edge20_edge10_next_open_positive_signal_inverse_c5,2026-01,-0.05445517010222867
q60_edge20_edge10_next_open_positive_signal_inverse_c5,2026-02,0.21048478535364235
q60_edge20_edge10_next_open_positive_signal_inverse_c5,2026-03,0.0
q60_edge20_edge10_next_open_positive_signal_inverse_c5,2026-04,-0.19943528729001936
q60_edge20_edge20_next_0934_close_both_reversal_c10,2024-11,0.07411600519798012
q60_edge20_edge20_next_0934_close_both_reversal_c10,2024-12,-0.02665841404874691
q60_edge20_edge20_next_0934_close_both_reversal_c10,2025-01,0.0
q60_edge20_edge20_next_0934_close_both_reversal_c10,2025-02,-0.04153428577610607
q60_edge20_edge20_next_0934_close_both_reversal_c10,2025-03,0.13628209471015773
q60_edge20_edge20_next_0934_close_both_reversal_c10,2025-04,0.30378058378641903
q60_edge20_edge20_next_0934_close_both_reversal_c10,2025-05,0.009339773204536385
q60_edge20_edge20_next_0934_close_both_reversal_c10,2025-06,0.024484617068327053
q60_edge20_edge20_next_0934_close_both_reversal_c10,2025-07,0.0348239029368409
q60_edge20_edge20_next_0934_close_both_reversal_c10,2025-08,-0.029656370635065096
q60_edge20_edge20_next_0934_close_both_reversal_c10,2025-09,0.024773761713520637
q60_edge20_edge20_next_0934_close_both_reversal_c10,2025-10,0.09741694500785814
q60_edge20_edge20_next_0934_close_both_reversal_c10,2025-11,-0.03258123127552626
q60_edge20_edge20_next_0934_close_both_reversal_c10,2025-12,-0.008437718672557711
q60_edge20_edge20_next_0934_close_both_reversal_c10,2026-01,-0.015238295360421428
q60_edge20_edge20_next_0934_close_both_reversal_c10,2026-02,0.1701917219805381
q60_edge20_edge20_next_0934_close_both_reversal_c10,2026-03,0.06026064348327098
q60_edge20_edge20_next_0934_close_both_reversal_c10,2026-04,-0.2327800644010407
q60_edge20_edge20_next_0934_close_both_reversal_c5,2024-11,0.07711600519798012
q60_edge20_edge20_next_0934_close_both_reversal_c5,2024-12,-0.024658414048746913
q60_edge20_edge20_next_0934_close_both_reversal_c5,2025-01,0.0
q60_edge20_edge20_next_0934_close_both_reversal_c5,2025-02,-0.03853428577610607
q60_edge20_edge20_next_0934_close_both_reversal_c5,2025-03,0.13828209471015773
q60_edge20_edge20_next_0934_close_both_reversal_c5,2025-04,0.31078058378641904
q60_edge20_edge20_next_0934_close_both_reversal_c5,2025-05,0.010339773204536384
q60_edge20_edge20_next_0934_close_both_reversal_c5,2025-06,0.026484617068327054
q60_edge20_edge20_next_0934_close_both_reversal_c5,2025-07,0.0358239029368409
q60_edge20_edge20_next_0934_close_both_reversal_c5,2025-08,-0.026656370635065096
q60_edge20_edge20_next_0934_close_both_reversal_c5,2025-09,0.025773761713520638
q60_edge20_edge20_next_0934_close_both_reversal_c5,2025-10,0.10141694500785814
q60_edge20_edge20_next_0934_close_both_reversal_c5,2025-11,-0.028581231275526253
q60_edge20_edge20_next_0934_close_both_reversal_c5,2025-12,-0.006437718672557711
q60_edge20_edge20_next_0934_close_both_reversal_c5,2026-01,-0.011238295360421424
q60_edge20_edge20_next_0934_close_both_reversal_c5,2026-02,0.17919172198053812
q60_edge20_edge20_next_0934_close_both_reversal_c5,2026-03,0.06426064348327098
q60_edge20_edge20_next_0934_close_both_reversal_c5,2026-04,-0.2307800644010407
q60_edge20_edge20_next_0934_close_negative_signal_bull_c10,2024-11,0.04824438357635863
q60_edge20_edge20_next_0934_close_negative_signal_bull_c10,2024-12,0.0
q60_edge20_edge20_next_0934_close_negative_signal_bull_c10,2025-01,0.0
q60_edge20_edge20_next_0934_close_negative_signal_bull_c10,2025-02,-0.020376452943382195
q60_edge20_edge20_next_0934_close_negative_signal_bull_c10,2025-03,0.08080621046578473
q60_edge20_edge20_next_0934_close_negative_signal_bull_c10,2025-04,0.0
q60_edge20_edge20_next_0934_close_negative_signal_bull_c10,2025-05,0.0
q60_edge20_edge20_next_0934_close_negative_signal_bull_c10,2025-06,0.0
q60_edge20_edge20_next_0934_close_negative_signal_bull_c10,2025-07,0.0
q60_edge20_edge20_next_0934_close_negative_signal_bull_c10,2025-08,-0.03586992299646152
q60_edge20_edge20_next_0934_close_negative_signal_bull_c10,2025-09,0.0
q60_edge20_edge20_next_0934_close_negative_signal_bull_c10,2025-10,0.06414627477785362
q60_edge20_edge20_next_0934_close_negative_signal_bull_c10,2025-11,-0.03258123127552626
q60_edge20_edge20_next_0934_close_negative_signal_bull_c10,2025-12,-0.0034791387909013354
q60_edge20_edge20_next_0934_close_negative_signal_bull_c10,2026-01,0.05863266156935887
q60_edge20_edge20_next_0934_close_negative_signal_bull_c10,2026-02,0.048376375884457534
q60_edge20_edge20_next_0934_close_negative_signal_bull_c10,2026-03,-0.0009971398293068257
q60_edge20_edge20_next_0934_close_negative_signal_bull_c10,2026-04,0.0
q60_edge20_edge20_next_0934_close_negative_signal_bull_c5,2024-11,0.05024438357635863
q60_edge20_edge20_next_0934_close_negative_signal_bull_c5,2024-12,0.0
q60_edge20_edge20_next_0934_close_negative_signal_bull_c5,2025-01,0.0
q60_edge20_edge20_next_0934_close_negative_signal_bull_c5,2025-02,-0.019376452943382194
q60_edge20_edge20_next_0934_close_negative_signal_bull_c5,2025-03,0.08180621046578473
q60_edge20_edge20_next_0934_close_negative_signal_bull_c5,2025-04,0.0
q60_edge20_edge20_next_0934_close_negative_signal_bull_c5,2025-05,0.0
q60_edge20_edge20_next_0934_close_negative_signal_bull_c5,2025-06,0.0
q60_edge20_edge20_next_0934_close_negative_signal_bull_c5,2025-07,0.0
q60_edge20_edge20_next_0934_close_negative_signal_bull_c5,2025-08,-0.03386992299646152
q60_edge20_edge20_next_0934_close_negative_signal_bull_c5,2025-09,0.0
q60_edge20_edge20_next_0934_close_negative_signal_bull_c5,2025-10,0.06514627477785362
q60_edge20_edge20_next_0934_close_negative_signal_bull_c5,2025-11,-0.028581231275526253
q60_edge20_edge20_next_0934_close_negative_signal_bull_c5,2025-12,-0.0024791387909013354
q60_edge20_edge20_next_0934_close_negative_signal_bull_c5,2026-01,0.06063266156935887
q60_edge20_edge20_next_0934_close_negative_signal_bull_c5,2026-02,0.05237637588445754
q60_edge20_edge20_next_0934_close_negative_signal_bull_c5,2026-03,0.002002860170693177
q60_edge20_edge20_next_0934_close_negative_signal_bull_c5,2026-04,0.0
q60_edge20_edge20_next_0934_close_positive_signal_inverse_c10,2024-11,0.025871621621621488
q60_edge20_edge20_next_0934_close_positive_signal_inverse_c10,2024-12,-0.02665841404874691
q60_edge20_edge20_next_0934_close_positive_signal_inverse_c10,2025-01,0.0
q60_edge20_edge20_next_0934_close_positive_signal_inverse_c10,2025-02,-0.021157832832723877
q60_edge20_edge20_next_0934_close_positive_signal_inverse_c10,2025-03,0.055475884244373
q60_edge20_edge20_next_0934_close_positive_signal_inverse_c10,2025-04,0.30378058378641903
q60_edge20_edge20_next_0934_close_positive_signal_inverse_c10,2025-05,0.009339773204536385
q60_edge20_edge20_next_0934_close_positive_signal_inverse_c10,2025-06,0.024484617068327053
q60_edge20_edge20_next_0934_close_positive_signal_inverse_c10,2025-07,0.0348239029368409
q60_edge20_edge20_next_0934_close_positive_signal_inverse_c10,2025-08,0.006213552361396426
q60_edge20_edge20_next_0934_close_positive_signal_inverse_c10,2025-09,0.024773761713520637
q60_edge20_edge20_next_0934_close_positive_signal_inverse_c10,2025-10,0.03327067023000452
q60_edge20_edge20_next_0934_close_positive_signal_inverse_c10,2025-11,0.0
q60_edge20_edge20_next_0934_close_positive_signal_inverse_c10,2025-12,-0.004958579881656376
q60_edge20_edge20_next_0934_close_positive_signal_inverse_c10,2026-01,-0.0738709569297803
q60_edge20_edge20_next_0934_close_positive_signal_inverse_c10,2026-02,0.12181534609608058
q60_edge20_edge20_next_0934_close_positive_signal_inverse_c10,2026-03,0.06125778331257781
q60_edge20_edge20_next_0934_close_positive_signal_inverse_c10,2026-04,-0.2327800644010407
q60_edge20_edge20_next_0934_close_positive_signal_inverse_c5,2024-11,0.02687162162162149
q60_edge20_edge20_next_0934_close_positive_signal_inverse_c5,2024-12,-0.024658414048746913
q60_edge20_edge20_next_0934_close_positive_signal_inverse_c5,2025-01,0.0
q60_edge20_edge20_next_0934_close_positive_signal_inverse_c5,2025-02,-0.019157832832723876
q60_edge20_edge20_next_0934_close_positive_signal_inverse_c5,2025-03,0.056475884244373
q60_edge20_edge20_next_0934_close_positive_signal_inverse_c5,2025-04,0.31078058378641904
q60_edge20_edge20_next_0934_close_positive_signal_inverse_c5,2025-05,0.010339773204536384
q60_edge20_edge20_next_0934_close_positive_signal_inverse_c5,2025-06,0.026484617068327054
q60_edge20_edge20_next_0934_close_positive_signal_inverse_c5,2025-07,0.0358239029368409
q60_edge20_edge20_next_0934_close_positive_signal_inverse_c5,2025-08,0.007213552361396426
q60_edge20_edge20_next_0934_close_positive_signal_inverse_c5,2025-09,0.025773761713520638
q60_edge20_edge20_next_0934_close_positive_signal_inverse_c5,2025-10,0.03627067023000452
q60_edge20_edge20_next_0934_close_positive_signal_inverse_c5,2025-11,0.0
q60_edge20_edge20_next_0934_close_positive_signal_inverse_c5,2025-12,-0.003958579881656376
q60_edge20_edge20_next_0934_close_positive_signal_inverse_c5,2026-01,-0.0718709569297803
q60_edge20_edge20_next_0934_close_positive_signal_inverse_c5,2026-02,0.12681534609608058
q60_edge20_edge20_next_0934_close_positive_signal_inverse_c5,2026-03,0.06225778331257781
q60_edge20_edge20_next_0934_close_positive_signal_inverse_c5,2026-04,-0.2307800644010407
q60_edge20_edge20_next_open_both_reversal_c10,2024-11,0.04229094070868733
q60_edge20_edge20_next_open_both_reversal_c10,2024-12,-0.045987395950875976
q60_edge20_edge20_next_open_both_reversal_c10,2025-01,0.0
q60_edge20_edge20_next_open_both_reversal_c10,2025-02,-0.02649583425624679
q60_edge20_edge20_next_open_both_reversal_c10,2025-03,0.09790166392704513
q60_edge20_edge20_next_open_both_reversal_c10,2025-04,0.2870114906598559
q60_edge20_edge20_next_open_both_reversal_c10,2025-05,0.021939521209576318
q60_edge20_edge20_next_open_both_reversal_c10,2025-06,0.00806589650077738
q60_edge20_edge20_next_open_both_reversal_c10,2025-07,0.03269781154325879
q60_edge20_edge20_next_open_both_reversal_c10,2025-08,-0.001079132040429748
q60_edge20_edge20_next_open_both_reversal_c10,2025-09,0.016741633199464534
q60_edge20_edge20_next_open_both_reversal_c10,2025-10,0.13534929720230915
q60_edge20_edge20_next_open_both_reversal_c10,2025-11,-0.04839714725973998
q60_edge20_edge20_next_open_both_reversal_c10,2025-12,-0.02447073845376468
q60_edge20_edge20_next_open_both_reversal_c10,2026-01,0.031236767954121003
q60_edge20_edge20_next_open_both_reversal_c10,2026-02,0.24956117905509445
q60_edge20_edge20_next_open_both_reversal_c10,2026-03,0.05167985859522395
q60_edge20_edge20_next_open_both_reversal_c10,2026-04,-0.20143528729001936
q60_edge20_edge20_next_open_both_reversal_c5,2024-11,0.04529094070868733
q60_edge20_edge20_next_open_both_reversal_c5,2024-12,-0.043987395950875974
q60_edge20_edge20_next_open_both_reversal_c5,2025-01,0.0
q60_edge20_edge20_next_open_both_reversal_c5,2025-02,-0.023495834256246795
q60_edge20_edge20_next_open_both_reversal_c5,2025-03,0.09990166392704514
q60_edge20_edge20_next_open_both_reversal_c5,2025-04,0.2940114906598559
q60_edge20_edge20_next_open_both_reversal_c5,2025-05,0.02293952120957632
q60_edge20_edge20_next_open_both_reversal_c5,2025-06,0.010065896500777383
q60_edge20_edge20_next_open_both_reversal_c5,2025-07,0.03369781154325879
q60_edge20_edge20_next_open_both_reversal_c5,2025-08,0.001920867959570251
q60_edge20_edge20_next_open_both_reversal_c5,2025-09,0.017741633199464535
q60_edge20_edge20_next_open_both_reversal_c5,2025-10,0.13934929720230915
q60_edge20_edge20_next_open_both_reversal_c5,2025-11,-0.04439714725973998
q60_edge20_edge20_next_open_both_reversal_c5,2025-12,-0.022470738453764683
q60_edge20_edge20_next_open_both_reversal_c5,2026-01,0.03523676795412101
q60_edge20_edge20_next_open_both_reversal_c5,2026-02,0.25856117905509446
q60_edge20_edge20_next_open_both_reversal_c5,2026-03,0.05567985859522395
q60_edge20_edge20_next_open_both_reversal_c5,2026-04,-0.19943528729001936
q60_edge20_edge20_next_open_negative_signal_bull_c10,2024-11,0.028665940708687332
q60_edge20_edge20_next_open_negative_signal_bull_c10,2024-12,0.0
q60_edge20_edge20_next_open_negative_signal_bull_c10,2025-01,0.0
q60_edge20_edge20_next_open_negative_signal_bull_c10,2025-02,-0.002562429696287947
q60_edge20_edge20_next_open_negative_signal_bull_c10,2025-03,0.06412995974698088
q60_edge20_edge20_next_open_negative_signal_bull_c10,2025-04,0.0
q60_edge20_edge20_next_open_negative_signal_bull_c10,2025-05,0.0
q60_edge20_edge20_next_open_negative_signal_bull_c10,2025-06,0.0
q60_edge20_edge20_next_open_negative_signal_bull_c10,2025-07,0.0
q60_edge20_edge20_next_open_negative_signal_bull_c10,2025-08,-0.010714997885741036
q60_edge20_edge20_next_open_negative_signal_bull_c10,2025-09,0.0
q60_edge20_edge20_next_open_negative_signal_bull_c10,2025-10,0.0796131237183868
q60_edge20_edge20_next_open_negative_signal_bull_c10,2025-11,-0.04839714725973998
q60_edge20_edge20_next_open_negative_signal_bull_c10,2025-12,-0.010636418927137735
q60_edge20_edge20_next_open_negative_signal_bull_c10,2026-01,0.08769193805634967
q60_edge20_edge20_next_open_negative_signal_bull_c10,2026-02,0.04407639370145211
q60_edge20_edge20_next_open_negative_signal_bull_c10,2026-03,-0.027640191217976562
q60_edge20_edge20_next_open_negative_signal_bull_c10,2026-04,0.0
q60_edge20_edge20_next_open_negative_signal_bull_c5,2024-11,0.030665940708687334
q60_edge20_edge20_next_open_negative_signal_bull_c5,2024-12,0.0
q60_edge20_edge20_next_open_negative_signal_bull_c5,2025-01,0.0
q60_edge20_edge20_next_open_negative_signal_bull_c5,2025-02,-0.0015624296962879472
q60_edge20_edge20_next_open_negative_signal_bull_c5,2025-03,0.06512995974698088
q60_edge20_edge20_next_open_negative_signal_bull_c5,2025-04,0.0
q60_edge20_edge20_next_open_negative_signal_bull_c5,2025-05,0.0
q60_edge20_edge20_next_open_negative_signal_bull_c5,2025-06,0.0
q60_edge20_edge20_next_open_negative_signal_bull_c5,2025-07,0.0
q60_edge20_edge20_next_open_negative_signal_bull_c5,2025-08,-0.008714997885741036
q60_edge20_edge20_next_open_negative_signal_bull_c5,2025-09,0.0
q60_edge20_edge20_next_open_negative_signal_bull_c5,2025-10,0.0806131237183868
q60_edge20_edge20_next_open_negative_signal_bull_c5,2025-11,-0.04439714725973998
q60_edge20_edge20_next_open_negative_signal_bull_c5,2025-12,-0.009636418927137735
q60_edge20_edge20_next_open_negative_signal_bull_c5,2026-01,0.08969193805634967
q60_edge20_edge20_next_open_negative_signal_bull_c5,2026-02,0.048076393701452114
q60_edge20_edge20_next_open_negative_signal_bull_c5,2026-03,-0.02464019121797656
q60_edge20_edge20_next_open_negative_signal_bull_c5,2026-04,0.0
q60_edge20_edge20_next_open_positive_signal_inverse_c10,2024-11,0.013625
q60_edge20_edge20_next_open_positive_signal_inverse_c10,2024-12,-0.045987395950875976
q60_edge20_edge20_next_open_positive_signal_inverse_c10,2025-01,0.0
q60_edge20_edge20_next_open_positive_signal_inverse_c10,2025-02,-0.023933404559958845
q60_edge20_edge20_next_open_positive_signal_inverse_c10,2025-03,0.033771704180064255
q60_edge20_edge20_next_open_positive_signal_inverse_c10,2025-04,0.2870114906598559
q60_edge20_edge20_next_open_positive_signal_inverse_c10,2025-05,0.021939521209576318
q60_edge20_edge20_next_open_positive_signal_inverse_c10,2025-06,0.00806589650077738
q60_edge20_edge20_next_open_positive_signal_inverse_c10,2025-07,0.03269781154325879
q60_edge20_edge20_next_open_positive_signal_inverse_c10,2025-08,0.009635865845311288
q60_edge20_edge20_next_open_positive_signal_inverse_c10,2025-09,0.016741633199464534
q60_edge20_edge20_next_open_positive_signal_inverse_c10,2025-10,0.05573617348392235
q60_edge20_edge20_next_open_positive_signal_inverse_c10,2025-11,0.0
q60_edge20_edge20_next_open_positive_signal_inverse_c10,2025-12,-0.013834319526626946
q60_edge20_edge20_next_open_positive_signal_inverse_c10,2026-01,-0.05645517010222867
q60_edge20_edge20_next_open_positive_signal_inverse_c10,2026-02,0.20548478535364234
q60_edge20_edge20_next_open_positive_signal_inverse_c10,2026-03,0.07932004981320051
q60_edge20_edge20_next_open_positive_signal_inverse_c10,2026-04,-0.20143528729001936
q60_edge20_edge20_next_open_positive_signal_inverse_c5,2024-11,0.014624999999999999
q60_edge20_edge20_next_open_positive_signal_inverse_c5,2024-12,-0.043987395950875974
q60_edge20_edge20_next_open_positive_signal_inverse_c5,2025-01,0.0
q60_edge20_edge20_next_open_positive_signal_inverse_c5,2025-02,-0.021933404559958847
q60_edge20_edge20_next_open_positive_signal_inverse_c5,2025-03,0.034771704180064256
q60_edge20_edge20_next_open_positive_signal_inverse_c5,2025-04,0.2940114906598559
q60_edge20_edge20_next_open_positive_signal_inverse_c5,2025-05,0.02293952120957632
q60_edge20_edge20_next_open_positive_signal_inverse_c5,2025-06,0.010065896500777383
q60_edge20_edge20_next_open_positive_signal_inverse_c5,2025-07,0.03369781154325879
q60_edge20_edge20_next_open_positive_signal_inverse_c5,2025-08,0.010635865845311288
q60_edge20_edge20_next_open_positive_signal_inverse_c5,2025-09,0.017741633199464535
q60_edge20_edge20_next_open_positive_signal_inverse_c5,2025-10,0.05873617348392235
q60_edge20_edge20_next_open_positive_signal_inverse_c5,2025-11,0.0
q60_edge20_edge20_next_open_positive_signal_inverse_c5,2025-12,-0.012834319526626947
q60_edge20_edge20_next_open_positive_signal_inverse_c5,2026-01,-0.05445517010222867
q60_edge20_edge20_next_open_positive_signal_inverse_c5,2026-02,0.21048478535364235
q60_edge20_edge20_next_open_positive_signal_inverse_c5,2026-03,0.08032004981320051
q60_edge20_edge20_next_open_positive_signal_inverse_c5,2026-04,-0.19943528729001936
q60_edge20_edge40_next_0934_close_both_reversal_c10,2024-11,0.04328219142540746
q60_edge20_edge40_next_0934_close_both_reversal_c10,2024-12,-0.01461038330907327
q60_edge20_edge40_next_0934_close_both_reversal_c10,2025-01,0.0
q60_edge20_edge40_next_0934_close_both_reversal_c10,2025-02,-0.019491254372813738
q60_edge20_edge40_next_0934_close_both_reversal_c10,2025-03,0.13628209471015773
q60_edge20_edge40_next_0934_close_both_reversal_c10,2025-04,0.30378058378641903
q60_edge20_edge40_next_0934_close_both_reversal_c10,2025-05,0.0632186679723199
q60_edge20_edge40_next_0934_close_both_reversal_c10,2025-06,0.024484617068327053
q60_edge20_edge40_next_0934_close_both_reversal_c10,2025-07,-0.023528308367114392
q60_edge20_edge40_next_0934_close_both_reversal_c10,2025-08,-0.05692668421620406
q60_edge20_edge40_next_0934_close_both_reversal_c10,2025-09,0.030858000843955402
q60_edge20_edge40_next_0934_close_both_reversal_c10,2025-10,-0.010009478672985626
q60_edge20_edge40_next_0934_close_both_reversal_c10,2025-11,0.03478452636440721
q60_edge20_edge40_next_0934_close_both_reversal_c10,2025-12,-0.008437718672557711
q60_edge20_edge40_next_0934_close_both_reversal_c10,2026-01,-0.015238295360421428
q60_edge20_edge40_next_0934_close_both_reversal_c10,2026-02,0.1701917219805381
q60_edge20_edge40_next_0934_close_both_reversal_c10,2026-03,0.06026064348327098
q60_edge20_edge40_next_0934_close_both_reversal_c10,2026-04,-0.3044779621457232
q60_edge20_edge40_next_0934_close_both_reversal_c5,2024-11,0.04828219142540746
q60_edge20_edge40_next_0934_close_both_reversal_c5,2024-12,-0.01361038330907327
q60_edge20_edge40_next_0934_close_both_reversal_c5,2025-01,0.0
q60_edge20_edge40_next_0934_close_both_reversal_c5,2025-02,-0.018491254372813737
q60_edge20_edge40_next_0934_close_both_reversal_c5,2025-03,0.13828209471015773
q60_edge20_edge40_next_0934_close_both_reversal_c5,2025-04,0.31078058378641904
q60_edge20_edge40_next_0934_close_both_reversal_c5,2025-05,0.0652186679723199
q60_edge20_edge40_next_0934_close_both_reversal_c5,2025-06,0.026484617068327054
q60_edge20_edge40_next_0934_close_both_reversal_c5,2025-07,-0.02052830836711439
q60_edge20_edge40_next_0934_close_both_reversal_c5,2025-08,-0.052926684216204056
q60_edge20_edge40_next_0934_close_both_reversal_c5,2025-09,0.032858000843955404
q60_edge20_edge40_next_0934_close_both_reversal_c5,2025-10,-0.009009478672985627
q60_edge20_edge40_next_0934_close_both_reversal_c5,2025-11,0.042784526364407216
q60_edge20_edge40_next_0934_close_both_reversal_c5,2025-12,-0.006437718672557711
q60_edge20_edge40_next_0934_close_both_reversal_c5,2026-01,-0.011238295360421424
q60_edge20_edge40_next_0934_close_both_reversal_c5,2026-02,0.17919172198053812
q60_edge20_edge40_next_0934_close_both_reversal_c5,2026-03,0.06426064348327098
q60_edge20_edge40_next_0934_close_both_reversal_c5,2026-04,-0.3004779621457232
q60_edge20_edge40_next_0934_close_negative_signal_bull_c10,2024-11,0.04940246279122018
q60_edge20_edge40_next_0934_close_negative_signal_bull_c10,2024-12,0.0
q60_edge20_edge40_next_0934_close_negative_signal_bull_c10,2025-01,0.0
q60_edge20_edge40_next_0934_close_negative_signal_bull_c10,2025-02,0.0
q60_edge20_edge40_next_0934_close_negative_signal_bull_c10,2025-03,0.08080621046578473
q60_edge20_edge40_next_0934_close_negative_signal_bull_c10,2025-04,0.0
q60_edge20_edge40_next_0934_close_negative_signal_bull_c10,2025-05,0.053878894767783514
q60_edge20_edge40_next_0934_close_negative_signal_bull_c10,2025-06,0.0
q60_edge20_edge40_next_0934_close_negative_signal_bull_c10,2025-07,-0.05835221130395529
q60_edge20_edge40_next_0934_close_negative_signal_bull_c10,2025-08,-0.021053341064510064
q60_edge20_edge40_next_0934_close_negative_signal_bull_c10,2025-09,0.0
q60_edge20_edge40_next_0934_close_negative_signal_bull_c10,2025-10,0.0
q60_edge20_edge40_next_0934_close_negative_signal_bull_c10,2025-11,0.0018828710539464666
q60_edge20_edge40_next_0934_close_negative_signal_bull_c10,2025-12,-0.0034791387909013354
q60_edge20_edge40_next_0934_close_negative_signal_bull_c10,2026-01,0.05863266156935887
q60_edge20_edge40_next_0934_close_negative_signal_bull_c10,2026-02,0.048376375884457534
q60_edge20_edge40_next_0934_close_negative_signal_bull_c10,2026-03,-0.0009971398293068257
q60_edge20_edge40_next_0934_close_negative_signal_bull_c10,2026-04,0.0
q60_edge20_edge40_next_0934_close_negative_signal_bull_c5,2024-11,0.05240246279122018
q60_edge20_edge40_next_0934_close_negative_signal_bull_c5,2024-12,0.0
q60_edge20_edge40_next_0934_close_negative_signal_bull_c5,2025-01,0.0
q60_edge20_edge40_next_0934_close_negative_signal_bull_c5,2025-02,0.0
q60_edge20_edge40_next_0934_close_negative_signal_bull_c5,2025-03,0.08180621046578473
q60_edge20_edge40_next_0934_close_negative_signal_bull_c5,2025-04,0.0
q60_edge20_edge40_next_0934_close_negative_signal_bull_c5,2025-05,0.054878894767783515
q60_edge20_edge40_next_0934_close_negative_signal_bull_c5,2025-06,0.0
q60_edge20_edge40_next_0934_close_negative_signal_bull_c5,2025-07,-0.05635221130395529
q60_edge20_edge40_next_0934_close_negative_signal_bull_c5,2025-08,-0.018053341064510064
q60_edge20_edge40_next_0934_close_negative_signal_bull_c5,2025-09,0.0
q60_edge20_edge40_next_0934_close_negative_signal_bull_c5,2025-10,0.0
q60_edge20_edge40_next_0934_close_negative_signal_bull_c5,2025-11,0.006882871053946471
q60_edge20_edge40_next_0934_close_negative_signal_bull_c5,2025-12,-0.0024791387909013354
q60_edge20_edge40_next_0934_close_negative_signal_bull_c5,2026-01,0.06063266156935887
q60_edge20_edge40_next_0934_close_negative_signal_bull_c5,2026-02,0.05237637588445754
q60_edge20_edge40_next_0934_close_negative_signal_bull_c5,2026-03,0.002002860170693177
q60_edge20_edge40_next_0934_close_negative_signal_bull_c5,2026-04,0.0
q60_edge20_edge40_next_0934_close_positive_signal_inverse_c10,2024-11,-0.006120271365812724
q60_edge20_edge40_next_0934_close_positive_signal_inverse_c10,2024-12,-0.01461038330907327
q60_edge20_edge40_next_0934_close_positive_signal_inverse_c10,2025-01,0.0
q60_edge20_edge40_next_0934_close_positive_signal_inverse_c10,2025-02,-0.019491254372813738
q60_edge20_edge40_next_0934_close_positive_signal_inverse_c10,2025-03,0.055475884244373
q60_edge20_edge40_next_0934_close_positive_signal_inverse_c10,2025-04,0.30378058378641903
q60_edge20_edge40_next_0934_close_positive_signal_inverse_c10,2025-05,0.009339773204536385
q60_edge20_edge40_next_0934_close_positive_signal_inverse_c10,2025-06,0.024484617068327053
q60_edge20_edge40_next_0934_close_positive_signal_inverse_c10,2025-07,0.0348239029368409
q60_edge20_edge40_next_0934_close_positive_signal_inverse_c10,2025-08,-0.03587334315169399
q60_edge20_edge40_next_0934_close_positive_signal_inverse_c10,2025-09,0.030858000843955402
q60_edge20_edge40_next_0934_close_positive_signal_inverse_c10,2025-10,-0.010009478672985626
q60_edge20_edge40_next_0934_close_positive_signal_inverse_c10,2025-11,0.03290165531046074
q60_edge20_edge40_next_0934_close_positive_signal_inverse_c10,2025-12,-0.004958579881656376
q60_edge20_edge40_next_0934_close_positive_signal_inverse_c10,2026-01,-0.0738709569297803
q60_edge20_edge40_next_0934_close_positive_signal_inverse_c10,2026-02,0.12181534609608058
q60_edge20_edge40_next_0934_close_positive_signal_inverse_c10,2026-03,0.06125778331257781
q60_edge20_edge40_next_0934_close_positive_signal_inverse_c10,2026-04,-0.3044779621457232
q60_edge20_edge40_next_0934_close_positive_signal_inverse_c5,2024-11,-0.004120271365812722
q60_edge20_edge40_next_0934_close_positive_signal_inverse_c5,2024-12,-0.01361038330907327
q60_edge20_edge40_next_0934_close_positive_signal_inverse_c5,2025-01,0.0
q60_edge20_edge40_next_0934_close_positive_signal_inverse_c5,2025-02,-0.018491254372813737
q60_edge20_edge40_next_0934_close_positive_signal_inverse_c5,2025-03,0.056475884244373
q60_edge20_edge40_next_0934_close_positive_signal_inverse_c5,2025-04,0.31078058378641904
q60_edge20_edge40_next_0934_close_positive_signal_inverse_c5,2025-05,0.010339773204536384
q60_edge20_edge40_next_0934_close_positive_signal_inverse_c5,2025-06,0.026484617068327054
q60_edge20_edge40_next_0934_close_positive_signal_inverse_c5,2025-07,0.0358239029368409
q60_edge20_edge40_next_0934_close_positive_signal_inverse_c5,2025-08,-0.03487334315169399
q60_edge20_edge40_next_0934_close_positive_signal_inverse_c5,2025-09,0.032858000843955404
q60_edge20_edge40_next_0934_close_positive_signal_inverse_c5,2025-10,-0.009009478672985627
q60_edge20_edge40_next_0934_close_positive_signal_inverse_c5,2025-11,0.035901655310460745
q60_edge20_edge40_next_0934_close_positive_signal_inverse_c5,2025-12,-0.003958579881656376
q60_edge20_edge40_next_0934_close_positive_signal_inverse_c5,2026-01,-0.0718709569297803
q60_edge20_edge40_next_0934_close_positive_signal_inverse_c5,2026-02,0.12681534609608058
q60_edge20_edge40_next_0934_close_positive_signal_inverse_c5,2026-03,0.06225778331257781
q60_edge20_edge40_next_0934_close_positive_signal_inverse_c5,2026-04,-0.3004779621457232
q60_edge20_edge40_next_open_both_reversal_c10,2024-11,-0.0075994958438518855
q60_edge20_edge40_next_open_both_reversal_c10,2024-12,-0.021893255701115888
q60_edge20_edge40_next_open_both_reversal_c10,2025-01,0.0
q60_edge20_edge40_next_open_both_reversal_c10,2025-02,-0.009496251874063109
q60_edge20_edge40_next_open_both_reversal_c10,2025-03,0.09790166392704513
q60_edge20_edge40_next_open_both_reversal_c10,2025-04,0.2870114906598559
q60_edge20_edge40_next_open_both_reversal_c10,2025-05,0.08872258999264493
q60_edge20_edge40_next_open_both_reversal_c10,2025-06,0.00806589650077738
q60_edge20_edge40_next_open_both_reversal_c10,2025-07,-0.012802552845679549
q60_edge20_edge40_next_open_both_reversal_c10,2025-08,-0.012467564837877806
q60_edge20_edge40_next_open_both_reversal_c10,2025-09,0.010665546242942693
q60_edge20_edge40_next_open_both_reversal_c10,2025-10,0.014587677725118599
q60_edge20_edge40_next_open_both_reversal_c10,2025-11,0.01596400778499041
q60_edge20_edge40_next_open_both_reversal_c10,2025-12,-0.02447073845376468
q60_edge20_edge40_next_open_both_reversal_c10,2026-01,0.031236767954121003
q60_edge20_edge40_next_open_both_reversal_c10,2026-02,0.24956117905509445
q60_edge20_edge40_next_open_both_reversal_c10,2026-03,0.05167985859522395
q60_edge20_edge40_next_open_both_reversal_c10,2026-04,-0.2494360549834791
q60_edge20_edge40_next_open_both_reversal_c5,2024-11,-0.0025994958438518845
q60_edge20_edge40_next_open_both_reversal_c5,2024-12,-0.020893255701115887
q60_edge20_edge40_next_open_both_reversal_c5,2025-01,0.0
q60_edge20_edge40_next_open_both_reversal_c5,2025-02,-0.00849625187406311
q60_edge20_edge40_next_open_both_reversal_c5,2025-03,0.09990166392704514
q60_edge20_edge40_next_open_both_reversal_c5,2025-04,0.2940114906598559
q60_edge20_edge40_next_open_both_reversal_c5,2025-05,0.09072258999264493
q60_edge20_edge40_next_open_both_reversal_c5,2025-06,0.010065896500777383
q60_edge20_edge40_next_open_both_reversal_c5,2025-07,-0.009802552845679546
q60_edge20_edge40_next_open_both_reversal_c5,2025-08,-0.008467564837877804
q60_edge20_edge40_next_open_both_reversal_c5,2025-09,0.012665546242942693
q60_edge20_edge40_next_open_both_reversal_c5,2025-10,0.015587677725118598
q60_edge20_edge40_next_open_both_reversal_c5,2025-11,0.023964007784990415
q60_edge20_edge40_next_open_both_reversal_c5,2025-12,-0.022470738453764683
q60_edge20_edge40_next_open_both_reversal_c5,2026-01,0.03523676795412101
q60_edge20_edge40_next_open_both_reversal_c5,2026-02,0.25856117905509446
q60_edge20_edge40_next_open_both_reversal_c5,2026-03,0.05567985859522395
q60_edge20_edge40_next_open_both_reversal_c5,2026-04,-0.2454360549834791
q60_edge20_edge40_next_open_negative_signal_bull_c10,2024-11,0.016851710074267334
q60_edge20_edge40_next_open_negative_signal_bull_c10,2024-12,0.0
q60_edge20_edge40_next_open_negative_signal_bull_c10,2025-01,0.0
q60_edge20_edge40_next_open_negative_signal_bull_c10,2025-02,0.0
q60_edge20_edge40_next_open_negative_signal_bull_c10,2025-03,0.06412995974698088
q60_edge20_edge40_next_open_negative_signal_bull_c10,2025-04,0.0
q60_edge20_edge40_next_open_negative_signal_bull_c10,2025-05,0.06678306878306861
q60_edge20_edge40_next_open_negative_signal_bull_c10,2025-06,0.0
q60_edge20_edge40_next_open_negative_signal_bull_c10,2025-07,-0.04550036438893834
q60_edge20_edge40_next_open_negative_signal_bull_c10,2025-08,0.01309649996330076
q60_edge20_edge40_next_open_negative_signal_bull_c10,2025-09,0.0
q60_edge20_edge40_next_open_negative_signal_bull_c10,2025-10,0.0
q60_edge20_edge40_next_open_negative_signal_bull_c10,2025-11,-0.025195908339743053
q60_edge20_edge40_next_open_negative_signal_bull_c10,2025-12,-0.010636418927137735
q60_edge20_edge40_next_open_negative_signal_bull_c10,2026-01,0.08769193805634967
q60_edge20_edge40_next_open_negative_signal_bull_c10,2026-02,0.04407639370145211
q60_edge20_edge40_next_open_negative_signal_bull_c10,2026-03,-0.027640191217976562
q60_edge20_edge40_next_open_negative_signal_bull_c10,2026-04,0.0
q60_edge20_edge40_next_open_negative_signal_bull_c5,2024-11,0.019851710074267337
q60_edge20_edge40_next_open_negative_signal_bull_c5,2024-12,0.0
q60_edge20_edge40_next_open_negative_signal_bull_c5,2025-01,0.0
q60_edge20_edge40_next_open_negative_signal_bull_c5,2025-02,0.0
q60_edge20_edge40_next_open_negative_signal_bull_c5,2025-03,0.06512995974698088
q60_edge20_edge40_next_open_negative_signal_bull_c5,2025-04,0.0
q60_edge20_edge40_next_open_negative_signal_bull_c5,2025-05,0.06778306878306861
q60_edge20_edge40_next_open_negative_signal_bull_c5,2025-06,0.0
q60_edge20_edge40_next_open_negative_signal_bull_c5,2025-07,-0.04350036438893834
q60_edge20_edge40_next_open_negative_signal_bull_c5,2025-08,0.01609649996330076
q60_edge20_edge40_next_open_negative_signal_bull_c5,2025-09,0.0
q60_edge20_edge40_next_open_negative_signal_bull_c5,2025-10,0.0
q60_edge20_edge40_next_open_negative_signal_bull_c5,2025-11,-0.02019590833974305
q60_edge20_edge40_next_open_negative_signal_bull_c5,2025-12,-0.009636418927137735
q60_edge20_edge40_next_open_negative_signal_bull_c5,2026-01,0.08969193805634967
q60_edge20_edge40_next_open_negative_signal_bull_c5,2026-02,0.048076393701452114
q60_edge20_edge40_next_open_negative_signal_bull_c5,2026-03,-0.02464019121797656
q60_edge20_edge40_next_open_negative_signal_bull_c5,2026-04,0.0
q60_edge20_edge40_next_open_positive_signal_inverse_c10,2024-11,-0.024451205918119223
q60_edge20_edge40_next_open_positive_signal_inverse_c10,2024-12,-0.021893255701115888
q60_edge20_edge40_next_open_positive_signal_inverse_c10,2025-01,0.0
q60_edge20_edge40_next_open_positive_signal_inverse_c10,2025-02,-0.009496251874063109
q60_edge20_edge40_next_open_positive_signal_inverse_c10,2025-03,0.033771704180064255
q60_edge20_edge40_next_open_positive_signal_inverse_c10,2025-04,0.2870114906598559
q60_edge20_edge40_next_open_positive_signal_inverse_c10,2025-05,0.021939521209576318
q60_edge20_edge40_next_open_positive_signal_inverse_c10,2025-06,0.00806589650077738
q60_edge20_edge40_next_open_positive_signal_inverse_c10,2025-07,0.03269781154325879
q60_edge20_edge40_next_open_positive_signal_inverse_c10,2025-08,-0.025564064801178565
q60_edge20_edge40_next_open_positive_signal_inverse_c10,2025-09,0.010665546242942693
q60_edge20_edge40_next_open_positive_signal_inverse_c10,2025-10,0.014587677725118599
q60_edge20_edge40_next_open_positive_signal_inverse_c10,2025-11,0.041159916124733464
q60_edge20_edge40_next_open_positive_signal_inverse_c10,2025-12,-0.013834319526626946
q60_edge20_edge40_next_open_positive_signal_inverse_c10,2026-01,-0.05645517010222867
q60_edge20_edge40_next_open_positive_signal_inverse_c10,2026-02,0.20548478535364234
q60_edge20_edge40_next_open_positive_signal_inverse_c10,2026-03,0.07932004981320051
q60_edge20_edge40_next_open_positive_signal_inverse_c10,2026-04,-0.2494360549834791
q60_edge20_edge40_next_open_positive_signal_inverse_c5,2024-11,-0.02245120591811922
q60_edge20_edge40_next_open_positive_signal_inverse_c5,2024-12,-0.020893255701115887
q60_edge20_edge40_next_open_positive_signal_inverse_c5,2025-01,0.0
q60_edge20_edge40_next_open_positive_signal_inverse_c5,2025-02,-0.00849625187406311
q60_edge20_edge40_next_open_positive_signal_inverse_c5,2025-03,0.034771704180064256
q60_edge20_edge40_next_open_positive_signal_inverse_c5,2025-04,0.2940114906598559
q60_edge20_edge40_next_open_positive_signal_inverse_c5,2025-05,0.02293952120957632
q60_edge20_edge40_next_open_positive_signal_inverse_c5,2025-06,0.010065896500777383
q60_edge20_edge40_next_open_positive_signal_inverse_c5,2025-07,0.03369781154325879
q60_edge20_edge40_next_open_positive_signal_inverse_c5,2025-08,-0.024564064801178565
q60_edge20_edge40_next_open_positive_signal_inverse_c5,2025-09,0.012665546242942693
q60_edge20_edge40_next_open_positive_signal_inverse_c5,2025-10,0.015587677725118598
q60_edge20_edge40_next_open_positive_signal_inverse_c5,2025-11,0.04415991612473347
q60_edge20_edge40_next_open_positive_signal_inverse_c5,2025-12,-0.012834319526626947
q60_edge20_edge40_next_open_positive_signal_inverse_c5,2026-01,-0.05445517010222867
q60_edge20_edge40_next_open_positive_signal_inverse_c5,2026-02,0.21048478535364235
q60_edge20_edge40_next_open_positive_signal_inverse_c5,2026-03,0.08032004981320051
q60_edge20_edge40_next_open_positive_signal_inverse_c5,2026-04,-0.2454360549834791
q60_edge25_always_next_0934_close_both_reversal_c10,2024-11,0.04328219142540746
q60_edge25_always_next_0934_close_both_reversal_c10,2024-12,0.005734683364150285
q60_edge25_always_next_0934_close_both_reversal_c10,2025-01,-0.022011678618206743
q60_edge25_always_next_0934_close_both_reversal_c10,2025-02,-0.11197236837915925
q60_edge25_always_next_0934_close_both_reversal_c10,2025-03,0.38140898699282266
q60_edge25_always_next_0934_close_both_reversal_c10,2025-04,0.30378058378641903
q60_edge25_always_next_0934_close_both_reversal_c10,2025-05,0.16087841900966415
q60_edge25_always_next_0934_close_both_reversal_c10,2025-06,0.024484617068327053
q60_edge25_always_next_0934_close_both_reversal_c10,2025-07,-0.023528308367114392
q60_edge25_always_next_0934_close_both_reversal_c10,2025-08,-0.003100728754032663
q60_edge25_always_next_0934_close_both_reversal_c10,2025-09,0.027768792517489985
q60_edge25_always_next_0934_close_both_reversal_c10,2025-10,0.16889872747079915
q60_edge25_always_next_0934_close_both_reversal_c10,2025-11,0.08957738387224234
q60_edge25_always_next_0934_close_both_reversal_c10,2025-12,-0.008437718672557711
q60_edge25_always_next_0934_close_both_reversal_c10,2026-01,0.041220594006776134
q60_edge25_always_next_0934_close_both_reversal_c10,2026-02,0.16922437447889072
q60_edge25_always_next_0934_close_both_reversal_c10,2026-03,0.1059687819304177
q60_edge25_always_next_0934_close_both_reversal_c10,2026-04,-0.27706821630556766
q60_edge25_always_next_0934_close_both_reversal_c5,2024-11,0.04828219142540746
q60_edge25_always_next_0934_close_both_reversal_c5,2024-12,0.009734683364150287
q60_edge25_always_next_0934_close_both_reversal_c5,2025-01,-0.01801167861820674
q60_edge25_always_next_0934_close_both_reversal_c5,2025-02,-0.10397236837915924
q60_edge25_always_next_0934_close_both_reversal_c5,2025-03,0.38840898699282267
q60_edge25_always_next_0934_close_both_reversal_c5,2025-04,0.31078058378641904
q60_edge25_always_next_0934_close_both_reversal_c5,2025-05,0.16387841900966416
q60_edge25_always_next_0934_close_both_reversal_c5,2025-06,0.026484617068327054
q60_edge25_always_next_0934_close_both_reversal_c5,2025-07,-0.02052830836711439
q60_edge25_always_next_0934_close_both_reversal_c5,2025-08,0.0028992712459673387
q60_edge25_always_next_0934_close_both_reversal_c5,2025-09,0.03376879251748999
q60_edge25_always_next_0934_close_both_reversal_c5,2025-10,0.17789872747079916
q60_edge25_always_next_0934_close_both_reversal_c5,2025-11,0.10057738387224235
q60_edge25_always_next_0934_close_both_reversal_c5,2025-12,-0.006437718672557711
q60_edge25_always_next_0934_close_both_reversal_c5,2026-01,0.04622059400677614
q60_edge25_always_next_0934_close_both_reversal_c5,2026-02,0.18022437447889073
q60_edge25_always_next_0934_close_both_reversal_c5,2026-03,0.1109687819304177
q60_edge25_always_next_0934_close_both_reversal_c5,2026-04,-0.26706821630556765
q60_edge25_always_next_0934_close_negative_signal_bull_c10,2024-11,0.04940246279122018
q60_edge25_always_next_0934_close_negative_signal_bull_c10,2024-12,0.0323930974128972
q60_edge25_always_next_0934_close_negative_signal_bull_c10,2025-01,0.0530862641008627
q60_edge25_always_next_0934_close_negative_signal_bull_c10,2025-02,-0.054839854845856406
q60_edge25_always_next_0934_close_negative_signal_bull_c10,2025-03,0.13774197953461542
q60_edge25_always_next_0934_close_negative_signal_bull_c10,2025-04,0.0
q60_edge25_always_next_0934_close_negative_signal_bull_c10,2025-05,0.15153864580512777
q60_edge25_always_next_0934_close_negative_signal_bull_c10,2025-06,0.0
q60_edge25_always_next_0934_close_negative_signal_bull_c10,2025-07,-0.05835221130395529
q60_edge25_always_next_0934_close_negative_signal_bull_c10,2025-08,-0.021053341064510064
q60_edge25_always_next_0934_close_negative_signal_bull_c10,2025-09,0.0
q60_edge25_always_next_0934_close_negative_signal_bull_c10,2025-10,0.18832483518931298
q60_edge25_always_next_0934_close_negative_signal_bull_c10,2025-11,0.03056114615035877
q60_edge25_always_next_0934_close_negative_signal_bull_c10,2025-12,-0.0034791387909013354
q60_edge25_always_next_0934_close_negative_signal_bull_c10,2026-01,0.11509155093655643
q60_edge25_always_next_0934_close_negative_signal_bull_c10,2026-02,0.048376375884457534
q60_edge25_always_next_0934_close_negative_signal_bull_c10,2026-03,0.04471099861783989
q60_edge25_always_next_0934_close_negative_signal_bull_c10,2026-04,0.0792128282697111
q60_edge25_always_next_0934_close_negative_signal_bull_c5,2024-11,0.05240246279122018
q60_edge25_always_next_0934_close_negative_signal_bull_c5,2024-12,0.0343930974128972
q60_edge25_always_next_0934_close_negative_signal_bull_c5,2025-01,0.0540862641008627
q60_edge25_always_next_0934_close_negative_signal_bull_c5,2025-02,-0.0508398548458564
q60_edge25_always_next_0934_close_negative_signal_bull_c5,2025-03,0.14174197953461543
q60_edge25_always_next_0934_close_negative_signal_bull_c5,2025-04,0.0
q60_edge25_always_next_0934_close_negative_signal_bull_c5,2025-05,0.15353864580512777
q60_edge25_always_next_0934_close_negative_signal_bull_c5,2025-06,0.0
q60_edge25_always_next_0934_close_negative_signal_bull_c5,2025-07,-0.05635221130395529
q60_edge25_always_next_0934_close_negative_signal_bull_c5,2025-08,-0.018053341064510064
q60_edge25_always_next_0934_close_negative_signal_bull_c5,2025-09,0.0
q60_edge25_always_next_0934_close_negative_signal_bull_c5,2025-10,0.19132483518931298
q60_edge25_always_next_0934_close_negative_signal_bull_c5,2025-11,0.03756114615035877
q60_edge25_always_next_0934_close_negative_signal_bull_c5,2025-12,-0.0024791387909013354
q60_edge25_always_next_0934_close_negative_signal_bull_c5,2026-01,0.11809155093655643
q60_edge25_always_next_0934_close_negative_signal_bull_c5,2026-02,0.05237637588445754
q60_edge25_always_next_0934_close_negative_signal_bull_c5,2026-03,0.048710998617839896
q60_edge25_always_next_0934_close_negative_signal_bull_c5,2026-04,0.0812128282697111
q60_edge25_always_next_0934_close_positive_signal_inverse_c10,2024-11,-0.006120271365812724
q60_edge25_always_next_0934_close_positive_signal_inverse_c10,2024-12,-0.02665841404874691
q60_edge25_always_next_0934_close_positive_signal_inverse_c10,2025-01,-0.07509794271906944
q60_edge25_always_next_0934_close_positive_signal_inverse_c10,2025-02,-0.05713251353330284
q60_edge25_always_next_0934_close_positive_signal_inverse_c10,2025-03,0.24366700745820724
q60_edge25_always_next_0934_close_positive_signal_inverse_c10,2025-04,0.30378058378641903
q60_edge25_always_next_0934_close_positive_signal_inverse_c10,2025-05,0.009339773204536385
q60_edge25_always_next_0934_close_positive_signal_inverse_c10,2025-06,0.024484617068327053
q60_edge25_always_next_0934_close_positive_signal_inverse_c10,2025-07,0.0348239029368409
q60_edge25_always_next_0934_close_positive_signal_inverse_c10,2025-08,0.0179526123104774
q60_edge25_always_next_0934_close_positive_signal_inverse_c10,2025-09,0.027768792517489985
q60_edge25_always_next_0934_close_positive_signal_inverse_c10,2025-10,-0.019426107718513826
q60_edge25_always_next_0934_close_positive_signal_inverse_c10,2025-11,0.05901623772188358
q60_edge25_always_next_0934_close_positive_signal_inverse_c10,2025-12,-0.004958579881656376
q60_edge25_always_next_0934_close_positive_signal_inverse_c10,2026-01,-0.0738709569297803
q60_edge25_always_next_0934_close_positive_signal_inverse_c10,2026-02,0.12084799859443318
q60_edge25_always_next_0934_close_positive_signal_inverse_c10,2026-03,0.06125778331257781
q60_edge25_always_next_0934_close_positive_signal_inverse_c10,2026-04,-0.35628104457527876
q60_edge25_always_next_0934_close_positive_signal_inverse_c5,2024-11,-0.004120271365812722
q60_edge25_always_next_0934_close_positive_signal_inverse_c5,2024-12,-0.024658414048746913
q60_edge25_always_next_0934_close_positive_signal_inverse_c5,2025-01,-0.07209794271906944
q60_edge25_always_next_0934_close_positive_signal_inverse_c5,2025-02,-0.05313251353330284
q60_edge25_always_next_0934_close_positive_signal_inverse_c5,2025-03,0.24666700745820724
q60_edge25_always_next_0934_close_positive_signal_inverse_c5,2025-04,0.31078058378641904
q60_edge25_always_next_0934_close_positive_signal_inverse_c5,2025-05,0.010339773204536384
q60_edge25_always_next_0934_close_positive_signal_inverse_c5,2025-06,0.026484617068327054
q60_edge25_always_next_0934_close_positive_signal_inverse_c5,2025-07,0.0358239029368409
q60_edge25_always_next_0934_close_positive_signal_inverse_c5,2025-08,0.020952612310477403
q60_edge25_always_next_0934_close_positive_signal_inverse_c5,2025-09,0.03376879251748999
q60_edge25_always_next_0934_close_positive_signal_inverse_c5,2025-10,-0.013426107718513824
q60_edge25_always_next_0934_close_positive_signal_inverse_c5,2025-11,0.06301623772188358
q60_edge25_always_next_0934_close_positive_signal_inverse_c5,2025-12,-0.003958579881656376
q60_edge25_always_next_0934_close_positive_signal_inverse_c5,2026-01,-0.0718709569297803
q60_edge25_always_next_0934_close_positive_signal_inverse_c5,2026-02,0.1278479985944332
q60_edge25_always_next_0934_close_positive_signal_inverse_c5,2026-03,0.06225778331257781
q60_edge25_always_next_0934_close_positive_signal_inverse_c5,2026-04,-0.34828104457527875
q60_edge25_always_next_open_both_reversal_c10,2024-11,-0.0075994958438518855
q60_edge25_always_next_open_both_reversal_c10,2024-12,-0.04474638361310701
q60_edge25_always_next_open_both_reversal_c10,2025-01,-0.023168118353229072
q60_edge25_always_next_open_both_reversal_c10,2025-02,-0.10493583517158511
q60_edge25_always_next_open_both_reversal_c10,2025-03,0.35178401309096674
q60_edge25_always_next_open_both_reversal_c10,2025-04,0.2870114906598559
q60_edge25_always_next_open_both_reversal_c10,2025-05,0.15643213356110963
q60_edge25_always_next_open_both_reversal_c10,2025-06,0.00806589650077738
q60_edge25_always_next_open_both_reversal_c10,2025-07,-0.012802552845679549
q60_edge25_always_next_open_both_reversal_c10,2025-08,0.01997450255782108
q60_edge25_always_next_open_both_reversal_c10,2025-09,0.019081176806281637
q60_edge25_always_next_open_both_reversal_c10,2025-10,0.20971215778668084
q60_edge25_always_next_open_both_reversal_c10,2025-11,0.031133081294962617
q60_edge25_always_next_open_both_reversal_c10,2025-12,-0.02447073845376468
q60_edge25_always_next_open_both_reversal_c10,2026-01,0.08390745241387121
q60_edge25_always_next_open_both_reversal_c10,2026-02,0.23180146834611703
q60_edge25_always_next_open_both_reversal_c10,2026-03,0.09663963408633702
q60_edge25_always_next_open_both_reversal_c10,2026-04,-0.18111053668194688
q60_edge25_always_next_open_both_reversal_c5,2024-11,-0.0025994958438518845
q60_edge25_always_next_open_both_reversal_c5,2024-12,-0.04074638361310701
q60_edge25_always_next_open_both_reversal_c5,2025-01,-0.01916811835322907
q60_edge25_always_next_open_both_reversal_c5,2025-02,-0.0969358351715851
q60_edge25_always_next_open_both_reversal_c5,2025-03,0.35878401309096675
q60_edge25_always_next_open_both_reversal_c5,2025-04,0.2940114906598559
q60_edge25_always_next_open_both_reversal_c5,2025-05,0.15943213356110963
q60_edge25_always_next_open_both_reversal_c5,2025-06,0.010065896500777383
q60_edge25_always_next_open_both_reversal_c5,2025-07,-0.009802552845679546
q60_edge25_always_next_open_both_reversal_c5,2025-08,0.025974502557821078
q60_edge25_always_next_open_both_reversal_c5,2025-09,0.025081176806281635
q60_edge25_always_next_open_both_reversal_c5,2025-10,0.21871215778668085
q60_edge25_always_next_open_both_reversal_c5,2025-11,0.04213308129496263
q60_edge25_always_next_open_both_reversal_c5,2025-12,-0.022470738453764683
q60_edge25_always_next_open_both_reversal_c5,2026-01,0.08890745241387121
q60_edge25_always_next_open_both_reversal_c5,2026-02,0.24280146834611704
q60_edge25_always_next_open_both_reversal_c5,2026-03,0.10163963408633703
q60_edge25_always_next_open_both_reversal_c5,2026-04,-0.17111053668194687
q60_edge25_always_next_open_negative_signal_bull_c10,2024-11,0.016851710074267334
q60_edge25_always_next_open_negative_signal_bull_c10,2024-12,0.0012410123377689652
q60_edge25_always_next_open_negative_signal_bull_c10,2025-01,0.06070736562707357
q60_edge25_always_next_open_negative_signal_bull_c10,2025-02,-0.01308019001464422
q60_edge25_always_next_open_negative_signal_bull_c10,2025-03,0.14180134145364753
q60_edge25_always_next_open_negative_signal_bull_c10,2025-04,0.0
q60_edge25_always_next_open_negative_signal_bull_c10,2025-05,0.1344926123515333
q60_edge25_always_next_open_negative_signal_bull_c10,2025-06,0.0
q60_edge25_always_next_open_negative_signal_bull_c10,2025-07,-0.04550036438893834
q60_edge25_always_next_open_negative_signal_bull_c10,2025-08,0.01309649996330076
q60_edge25_always_next_open_negative_signal_bull_c10,2025-09,0.0
q60_edge25_always_next_open_negative_signal_bull_c10,2025-10,0.21579673826046575
q60_edge25_always_next_open_negative_signal_bull_c10,2025-11,-0.04056658761025289
q60_edge25_always_next_open_negative_signal_bull_c10,2025-12,-0.010636418927137735
q60_edge25_always_next_open_negative_signal_bull_c10,2026-01,0.14036262251609988
q60_edge25_always_next_open_negative_signal_bull_c10,2026-02,0.04407639370145211
q60_edge25_always_next_open_negative_signal_bull_c10,2026-03,0.017319584273136512
q60_edge25_always_next_open_negative_signal_bull_c10,2026-04,0.09366007716025515
q60_edge25_always_next_open_negative_signal_bull_c5,2024-11,0.019851710074267337
q60_edge25_always_next_open_negative_signal_bull_c5,2024-12,0.003241012337768967
q60_edge25_always_next_open_negative_signal_bull_c5,2025-01,0.061707365627073574
q60_edge25_always_next_open_negative_signal_bull_c5,2025-02,-0.009080190014644218
q60_edge25_always_next_open_negative_signal_bull_c5,2025-03,0.14580134145364754
q60_edge25_always_next_open_negative_signal_bull_c5,2025-04,0.0
q60_edge25_always_next_open_negative_signal_bull_c5,2025-05,0.13649261235153332
q60_edge25_always_next_open_negative_signal_bull_c5,2025-06,0.0
q60_edge25_always_next_open_negative_signal_bull_c5,2025-07,-0.04350036438893834
q60_edge25_always_next_open_negative_signal_bull_c5,2025-08,0.01609649996330076
q60_edge25_always_next_open_negative_signal_bull_c5,2025-09,0.0
q60_edge25_always_next_open_negative_signal_bull_c5,2025-10,0.21879673826046575
q60_edge25_always_next_open_negative_signal_bull_c5,2025-11,-0.033566587610252885
q60_edge25_always_next_open_negative_signal_bull_c5,2025-12,-0.009636418927137735
q60_edge25_always_next_open_negative_signal_bull_c5,2026-01,0.14336262251609988
q60_edge25_always_next_open_negative_signal_bull_c5,2026-02,0.048076393701452114
q60_edge25_always_next_open_negative_signal_bull_c5,2026-03,0.021319584273136516
q60_edge25_always_next_open_negative_signal_bull_c5,2026-04,0.09566007716025515
q60_edge25_always_next_open_positive_signal_inverse_c10,2024-11,-0.024451205918119223
q60_edge25_always_next_open_positive_signal_inverse_c10,2024-12,-0.045987395950875976
q60_edge25_always_next_open_positive_signal_inverse_c10,2025-01,-0.08387548398030265
q60_edge25_always_next_open_positive_signal_inverse_c10,2025-02,-0.09185564515694089
q60_edge25_always_next_open_positive_signal_inverse_c10,2025-03,0.2099826716373192
q60_edge25_always_next_open_positive_signal_inverse_c10,2025-04,0.2870114906598559
q60_edge25_always_next_open_positive_signal_inverse_c10,2025-05,0.021939521209576318
q60_edge25_always_next_open_positive_signal_inverse_c10,2025-06,0.00806589650077738
q60_edge25_always_next_open_positive_signal_inverse_c10,2025-07,0.03269781154325879
q60_edge25_always_next_open_positive_signal_inverse_c10,2025-08,0.006878002594520318
q60_edge25_always_next_open_positive_signal_inverse_c10,2025-09,0.019081176806281637
q60_edge25_always_next_open_positive_signal_inverse_c10,2025-10,-0.006084580473784903
q60_edge25_always_next_open_positive_signal_inverse_c10,2025-11,0.07169966890521551
q60_edge25_always_next_open_positive_signal_inverse_c10,2025-12,-0.013834319526626946
q60_edge25_always_next_open_positive_signal_inverse_c10,2026-01,-0.05645517010222867
q60_edge25_always_next_open_positive_signal_inverse_c10,2026-02,0.18772507464466492
q60_edge25_always_next_open_positive_signal_inverse_c10,2026-03,0.07932004981320051
q60_edge25_always_next_open_positive_signal_inverse_c10,2026-04,-0.274770613842202
q60_edge25_always_next_open_positive_signal_inverse_c5,2024-11,-0.02245120591811922
q60_edge25_always_next_open_positive_signal_inverse_c5,2024-12,-0.043987395950875974
q60_edge25_always_next_open_positive_signal_inverse_c5,2025-01,-0.08087548398030264
q60_edge25_always_next_open_positive_signal_inverse_c5,2025-02,-0.08785564515694089
q60_edge25_always_next_open_positive_signal_inverse_c5,2025-03,0.2129826716373192
q60_edge25_always_next_open_positive_signal_inverse_c5,2025-04,0.2940114906598559
q60_edge25_always_next_open_positive_signal_inverse_c5,2025-05,0.02293952120957632
q60_edge25_always_next_open_positive_signal_inverse_c5,2025-06,0.010065896500777383
q60_edge25_always_next_open_positive_signal_inverse_c5,2025-07,0.03369781154325879
q60_edge25_always_next_open_positive_signal_inverse_c5,2025-08,0.009878002594520319
q60_edge25_always_next_open_positive_signal_inverse_c5,2025-09,0.025081176806281635
q60_edge25_always_next_open_positive_signal_inverse_c5,2025-10,-8.458047378490097e-05
q60_edge25_always_next_open_positive_signal_inverse_c5,2025-11,0.07569966890521551
q60_edge25_always_next_open_positive_signal_inverse_c5,2025-12,-0.012834319526626947
q60_edge25_always_next_open_positive_signal_inverse_c5,2026-01,-0.05445517010222867
q60_edge25_always_next_open_positive_signal_inverse_c5,2026-02,0.19472507464466493
q60_edge25_always_next_open_positive_signal_inverse_c5,2026-03,0.08032004981320051
q60_edge25_always_next_open_positive_signal_inverse_c5,2026-04,-0.266770613842202
q60_edge25_edge10_next_0934_close_both_reversal_c10,2024-11,-0.020345183437706305
q60_edge25_edge10_next_0934_close_both_reversal_c10,2024-12,0.020345066673223555
q60_edge25_edge10_next_0934_close_both_reversal_c10,2025-01,0.0
q60_edge25_edge10_next_0934_close_both_reversal_c10,2025-02,-0.019491254372813738
q60_edge25_edge10_next_0934_close_both_reversal_c10,2025-03,0.26844807148986016
q60_edge25_edge10_next_0934_close_both_reversal_c10,2025-04,0.324667533568182
q60_edge25_edge10_next_0934_close_both_reversal_c10,2025-05,0.15153864580512777
q60_edge25_edge10_next_0934_close_both_reversal_c10,2025-06,0.006243500317058006
q60_edge25_edge10_next_0934_close_both_reversal_c10,2025-07,-0.023528308367114392
q60_edge25_edge10_next_0934_close_both_reversal_c10,2025-08,-0.029656370635065096
q60_edge25_edge10_next_0934_close_both_reversal_c10,2025-09,0.0
q60_edge25_edge10_next_0934_close_both_reversal_c10,2025-10,0.09741694500785814
q60_edge25_edge10_next_0934_close_both_reversal_c10,2025-11,0.07712476629058773
q60_edge25_edge10_next_0934_close_both_reversal_c10,2025-12,-0.008437718672557711
q60_edge25_edge10_next_0934_close_both_reversal_c10,2026-01,-0.04661187245597176
q60_edge25_edge10_next_0934_close_both_reversal_c10,2026-02,0.16922437447889072
q60_edge25_edge10_next_0934_close_both_reversal_c10,2026-03,0.04471099861783989
q60_edge25_edge10_next_0934_close_both_reversal_c10,2026-04,-0.19945917227541488
q60_edge25_edge10_next_0934_close_both_reversal_c5,2024-11,-0.018345183437706303
q60_edge25_edge10_next_0934_close_both_reversal_c5,2024-12,0.023345066673223558
q60_edge25_edge10_next_0934_close_both_reversal_c5,2025-01,0.0
q60_edge25_edge10_next_0934_close_both_reversal_c5,2025-02,-0.018491254372813737
q60_edge25_edge10_next_0934_close_both_reversal_c5,2025-03,0.27344807148986017
q60_edge25_edge10_next_0934_close_both_reversal_c5,2025-04,0.329667533568182
q60_edge25_edge10_next_0934_close_both_reversal_c5,2025-05,0.15353864580512777
q60_edge25_edge10_next_0934_close_both_reversal_c5,2025-06,0.007243500317058006
q60_edge25_edge10_next_0934_close_both_reversal_c5,2025-07,-0.02052830836711439
q60_edge25_edge10_next_0934_close_both_reversal_c5,2025-08,-0.026656370635065096
q60_edge25_edge10_next_0934_close_both_reversal_c5,2025-09,0.0
q60_edge25_edge10_next_0934_close_both_reversal_c5,2025-10,0.10141694500785814
q60_edge25_edge10_next_0934_close_both_reversal_c5,2025-11,0.08212476629058774
q60_edge25_edge10_next_0934_close_both_reversal_c5,2025-12,-0.006437718672557711
q60_edge25_edge10_next_0934_close_both_reversal_c5,2026-01,-0.043611872455971756
q60_edge25_edge10_next_0934_close_both_reversal_c5,2026-02,0.18022437447889073
q60_edge25_edge10_next_0934_close_both_reversal_c5,2026-03,0.048710998617839896
q60_edge25_edge10_next_0934_close_both_reversal_c5,2026-04,-0.19645917227541487
q60_edge25_edge10_next_0934_close_negative_signal_bull_c10,2024-11,0.011646709549727909
q60_edge25_edge10_next_0934_close_negative_signal_bull_c10,2024-12,0.0323930974128972
q60_edge25_edge10_next_0934_close_negative_signal_bull_c10,2025-01,0.0
q60_edge25_edge10_next_0934_close_negative_signal_bull_c10,2025-02,0.0
q60_edge25_edge10_next_0934_close_negative_signal_bull_c10,2025-03,0.13708274000930654
q60_edge25_edge10_next_0934_close_negative_signal_bull_c10,2025-04,0.0
q60_edge25_edge10_next_0934_close_negative_signal_bull_c10,2025-05,0.15153864580512777
q60_edge25_edge10_next_0934_close_negative_signal_bull_c10,2025-06,0.0
q60_edge25_edge10_next_0934_close_negative_signal_bull_c10,2025-07,-0.05835221130395529
q60_edge25_edge10_next_0934_close_negative_signal_bull_c10,2025-08,-0.03586992299646152
q60_edge25_edge10_next_0934_close_negative_signal_bull_c10,2025-09,0.0
q60_edge25_edge10_next_0934_close_negative_signal_bull_c10,2025-10,0.06414627477785362
q60_edge25_edge10_next_0934_close_negative_signal_bull_c10,2025-11,0.07087640610906631
q60_edge25_edge10_next_0934_close_negative_signal_bull_c10,2025-12,-0.0034791387909013354
q60_edge25_edge10_next_0934_close_negative_signal_bull_c10,2026-01,0.027259084473808537
q60_edge25_edge10_next_0934_close_negative_signal_bull_c10,2026-02,0.048376375884457534
q60_edge25_edge10_next_0934_close_negative_signal_bull_c10,2026-03,0.04471099861783989
q60_edge25_edge10_next_0934_close_negative_signal_bull_c10,2026-04,0.033320892125625834
q60_edge25_edge10_next_0934_close_negative_signal_bull_c5,2024-11,0.012646709549727908
q60_edge25_edge10_next_0934_close_negative_signal_bull_c5,2024-12,0.0343930974128972
q60_edge25_edge10_next_0934_close_negative_signal_bull_c5,2025-01,0.0
q60_edge25_edge10_next_0934_close_negative_signal_bull_c5,2025-02,0.0
q60_edge25_edge10_next_0934_close_negative_signal_bull_c5,2025-03,0.14008274000930654
q60_edge25_edge10_next_0934_close_negative_signal_bull_c5,2025-04,0.0
q60_edge25_edge10_next_0934_close_negative_signal_bull_c5,2025-05,0.15353864580512777
q60_edge25_edge10_next_0934_close_negative_signal_bull_c5,2025-06,0.0
q60_edge25_edge10_next_0934_close_negative_signal_bull_c5,2025-07,-0.05635221130395529
q60_edge25_edge10_next_0934_close_negative_signal_bull_c5,2025-08,-0.03386992299646152
q60_edge25_edge10_next_0934_close_negative_signal_bull_c5,2025-09,0.0
q60_edge25_edge10_next_0934_close_negative_signal_bull_c5,2025-10,0.06514627477785362
q60_edge25_edge10_next_0934_close_negative_signal_bull_c5,2025-11,0.07387640610906632
q60_edge25_edge10_next_0934_close_negative_signal_bull_c5,2025-12,-0.0024791387909013354
q60_edge25_edge10_next_0934_close_negative_signal_bull_c5,2026-01,0.028259084473808538
q60_edge25_edge10_next_0934_close_negative_signal_bull_c5,2026-02,0.05237637588445754
q60_edge25_edge10_next_0934_close_negative_signal_bull_c5,2026-03,0.048710998617839896
q60_edge25_edge10_next_0934_close_negative_signal_bull_c5,2026-04,0.034320892125625835
q60_edge25_edge10_next_0934_close_positive_signal_inverse_c10,2024-11,-0.03199189298743421
q60_edge25_edge10_next_0934_close_positive_signal_inverse_c10,2024-12,-0.012048030739673641
q60_edge25_edge10_next_0934_close_positive_signal_inverse_c10,2025-01,0.0
q60_edge25_edge10_next_0934_close_positive_signal_inverse_c10,2025-02,-0.019491254372813738
q60_edge25_edge10_next_0934_close_positive_signal_inverse_c10,2025-03,0.13136533148055363
q60_edge25_edge10_next_0934_close_positive_signal_inverse_c10,2025-04,0.324667533568182
q60_edge25_edge10_next_0934_close_positive_signal_inverse_c10,2025-05,0.0
q60_edge25_edge10_next_0934_close_positive_signal_inverse_c10,2025-06,0.006243500317058006
q60_edge25_edge10_next_0934_close_positive_signal_inverse_c10,2025-07,0.0348239029368409
q60_edge25_edge10_next_0934_close_positive_signal_inverse_c10,2025-08,0.006213552361396426
q60_edge25_edge10_next_0934_close_positive_signal_inverse_c10,2025-09,0.0
q60_edge25_edge10_next_0934_close_positive_signal_inverse_c10,2025-10,0.03327067023000452
q60_edge25_edge10_next_0934_close_positive_signal_inverse_c10,2025-11,0.006248360181521417
q60_edge25_edge10_next_0934_close_positive_signal_inverse_c10,2025-12,-0.004958579881656376
q60_edge25_edge10_next_0934_close_positive_signal_inverse_c10,2026-01,-0.0738709569297803
q60_edge25_edge10_next_0934_close_positive_signal_inverse_c10,2026-02,0.12084799859443318
q60_edge25_edge10_next_0934_close_positive_signal_inverse_c10,2026-03,0.0
q60_edge25_edge10_next_0934_close_positive_signal_inverse_c10,2026-04,-0.2327800644010407
q60_edge25_edge10_next_0934_close_positive_signal_inverse_c5,2024-11,-0.03099189298743421
q60_edge25_edge10_next_0934_close_positive_signal_inverse_c5,2024-12,-0.011048030739673642
q60_edge25_edge10_next_0934_close_positive_signal_inverse_c5,2025-01,0.0
q60_edge25_edge10_next_0934_close_positive_signal_inverse_c5,2025-02,-0.018491254372813737
q60_edge25_edge10_next_0934_close_positive_signal_inverse_c5,2025-03,0.13336533148055363
q60_edge25_edge10_next_0934_close_positive_signal_inverse_c5,2025-04,0.329667533568182
q60_edge25_edge10_next_0934_close_positive_signal_inverse_c5,2025-05,0.0
q60_edge25_edge10_next_0934_close_positive_signal_inverse_c5,2025-06,0.007243500317058006
q60_edge25_edge10_next_0934_close_positive_signal_inverse_c5,2025-07,0.0358239029368409
q60_edge25_edge10_next_0934_close_positive_signal_inverse_c5,2025-08,0.007213552361396426
q60_edge25_edge10_next_0934_close_positive_signal_inverse_c5,2025-09,0.0
q60_edge25_edge10_next_0934_close_positive_signal_inverse_c5,2025-10,0.03627067023000452
q60_edge25_edge10_next_0934_close_positive_signal_inverse_c5,2025-11,0.00824836018152142
q60_edge25_edge10_next_0934_close_positive_signal_inverse_c5,2025-12,-0.003958579881656376
q60_edge25_edge10_next_0934_close_positive_signal_inverse_c5,2026-01,-0.0718709569297803
q60_edge25_edge10_next_0934_close_positive_signal_inverse_c5,2026-02,0.1278479985944332
q60_edge25_edge10_next_0934_close_positive_signal_inverse_c5,2026-03,0.0
q60_edge25_edge10_next_0934_close_positive_signal_inverse_c5,2026-04,-0.2307800644010407
q60_edge25_edge10_next_open_both_reversal_c10,2024-11,-0.03859179226151355
q60_edge25_edge10_next_open_both_reversal_c10,2024-12,-0.022853127911991122
q60_edge25_edge10_next_open_both_reversal_c10,2025-01,0.0
q60_edge25_edge10_next_open_both_reversal_c10,2025-02,-0.009496251874063109
q60_edge25_edge10_next_open_both_reversal_c10,2025-03,0.22248253454918598
q60_edge25_edge10_next_open_both_reversal_c10,2025-04,0.3382657699158328
q60_edge25_edge10_next_open_both_reversal_c10,2025-05,0.1344926123515333
q60_edge25_edge10_next_open_both_reversal_c10,2025-06,-0.01785288522511075
q60_edge25_edge10_next_open_both_reversal_c10,2025-07,-0.012802552845679549
q60_edge25_edge10_next_open_both_reversal_c10,2025-08,-0.001079132040429748
q60_edge25_edge10_next_open_both_reversal_c10,2025-09,0.0
q60_edge25_edge10_next_open_both_reversal_c10,2025-10,0.13534929720230915
q60_edge25_edge10_next_open_both_reversal_c10,2025-11,0.046135906683313466
q60_edge25_edge10_next_open_both_reversal_c10,2025-12,-0.02447073845376468
q60_edge25_edge10_next_open_both_reversal_c10,2026-01,-0.005914663573992174
q60_edge25_edge10_next_open_both_reversal_c10,2026-02,0.23180146834611703
q60_edge25_edge10_next_open_both_reversal_c10,2026-03,0.017319584273136512
q60_edge25_edge10_next_open_both_reversal_c10,2026-04,-0.15919313890585918
q60_edge25_edge10_next_open_both_reversal_c5,2024-11,-0.036591792261513545
q60_edge25_edge10_next_open_both_reversal_c5,2024-12,-0.01985312791199112
q60_edge25_edge10_next_open_both_reversal_c5,2025-01,0.0
q60_edge25_edge10_next_open_both_reversal_c5,2025-02,-0.00849625187406311
q60_edge25_edge10_next_open_both_reversal_c5,2025-03,0.227482534549186
q60_edge25_edge10_next_open_both_reversal_c5,2025-04,0.3432657699158328
q60_edge25_edge10_next_open_both_reversal_c5,2025-05,0.13649261235153332
q60_edge25_edge10_next_open_both_reversal_c5,2025-06,-0.016852885225110747
q60_edge25_edge10_next_open_both_reversal_c5,2025-07,-0.009802552845679546
q60_edge25_edge10_next_open_both_reversal_c5,2025-08,0.001920867959570251
q60_edge25_edge10_next_open_both_reversal_c5,2025-09,0.0
q60_edge25_edge10_next_open_both_reversal_c5,2025-10,0.13934929720230915
q60_edge25_edge10_next_open_both_reversal_c5,2025-11,0.05113590668331347
q60_edge25_edge10_next_open_both_reversal_c5,2025-12,-0.022470738453764683
q60_edge25_edge10_next_open_both_reversal_c5,2026-01,-0.002914663573992171
q60_edge25_edge10_next_open_both_reversal_c5,2026-02,0.24280146834611704
q60_edge25_edge10_next_open_both_reversal_c5,2026-03,0.021319584273136516
q60_edge25_edge10_next_open_both_reversal_c5,2026-04,-0.15619313890585917
q60_edge25_edge10_next_open_negative_signal_bull_c10,2024-11,-0.0005155863433943236
q60_edge25_edge10_next_open_negative_signal_bull_c10,2024-12,0.0012410123377689652
q60_edge25_edge10_next_open_negative_signal_bull_c10,2025-01,0.0
q60_edge25_edge10_next_open_negative_signal_bull_c10,2025-02,0.0
q60_edge25_edge10_next_open_negative_signal_bull_c10,2025-03,0.11449642500898782
q60_edge25_edge10_next_open_negative_signal_bull_c10,2025-04,0.0
q60_edge25_edge10_next_open_negative_signal_bull_c10,2025-05,0.1344926123515333
q60_edge25_edge10_next_open_negative_signal_bull_c10,2025-06,0.0
q60_edge25_edge10_next_open_negative_signal_bull_c10,2025-07,-0.04550036438893834
q60_edge25_edge10_next_open_negative_signal_bull_c10,2025-08,-0.010714997885741036
q60_edge25_edge10_next_open_negative_signal_bull_c10,2025-09,0.0
q60_edge25_edge10_next_open_negative_signal_bull_c10,2025-10,0.0796131237183868
q60_edge25_edge10_next_open_negative_signal_bull_c10,2025-11,0.034494615200413525
q60_edge25_edge10_next_open_negative_signal_bull_c10,2025-12,-0.010636418927137735
q60_edge25_edge10_next_open_negative_signal_bull_c10,2026-01,0.050540506528236495
q60_edge25_edge10_next_open_negative_signal_bull_c10,2026-02,0.04407639370145211
q60_edge25_edge10_next_open_negative_signal_bull_c10,2026-03,0.017319584273136512
q60_edge25_edge10_next_open_negative_signal_bull_c10,2026-04,0.04224214838416018
q60_edge25_edge10_next_open_negative_signal_bull_c5,2024-11,0.00048441365660567646
q60_edge25_edge10_next_open_negative_signal_bull_c5,2024-12,0.003241012337768967
q60_edge25_edge10_next_open_negative_signal_bull_c5,2025-01,0.0
q60_edge25_edge10_next_open_negative_signal_bull_c5,2025-02,0.0
q60_edge25_edge10_next_open_negative_signal_bull_c5,2025-03,0.11749642500898783
q60_edge25_edge10_next_open_negative_signal_bull_c5,2025-04,0.0
q60_edge25_edge10_next_open_negative_signal_bull_c5,2025-05,0.13649261235153332
q60_edge25_edge10_next_open_negative_signal_bull_c5,2025-06,0.0
q60_edge25_edge10_next_open_negative_signal_bull_c5,2025-07,-0.04350036438893834
q60_edge25_edge10_next_open_negative_signal_bull_c5,2025-08,-0.008714997885741036
q60_edge25_edge10_next_open_negative_signal_bull_c5,2025-09,0.0
q60_edge25_edge10_next_open_negative_signal_bull_c5,2025-10,0.0806131237183868
q60_edge25_edge10_next_open_negative_signal_bull_c5,2025-11,0.03749461520041353
q60_edge25_edge10_next_open_negative_signal_bull_c5,2025-12,-0.009636418927137735
q60_edge25_edge10_next_open_negative_signal_bull_c5,2026-01,0.051540506528236496
q60_edge25_edge10_next_open_negative_signal_bull_c5,2026-02,0.048076393701452114
q60_edge25_edge10_next_open_negative_signal_bull_c5,2026-03,0.021319584273136516
q60_edge25_edge10_next_open_negative_signal_bull_c5,2026-04,0.043242148384160184
q60_edge25_edge10_next_open_positive_signal_inverse_c10,2024-11,-0.03807620591811922
q60_edge25_edge10_next_open_positive_signal_inverse_c10,2024-12,-0.024094140249760088
q60_edge25_edge10_next_open_positive_signal_inverse_c10,2025-01,0.0
q60_edge25_edge10_next_open_positive_signal_inverse_c10,2025-02,-0.009496251874063109
q60_edge25_edge10_next_open_positive_signal_inverse_c10,2025-03,0.10798610954019816
q60_edge25_edge10_next_open_positive_signal_inverse_c10,2025-04,0.3382657699158328
q60_edge25_edge10_next_open_positive_signal_inverse_c10,2025-05,0.0
q60_edge25_edge10_next_open_positive_signal_inverse_c10,2025-06,-0.01785288522511075
q60_edge25_edge10_next_open_positive_signal_inverse_c10,2025-07,0.03269781154325879
q60_edge25_edge10_next_open_positive_signal_inverse_c10,2025-08,0.009635865845311288
q60_edge25_edge10_next_open_positive_signal_inverse_c10,2025-09,0.0
q60_edge25_edge10_next_open_positive_signal_inverse_c10,2025-10,0.05573617348392235
q60_edge25_edge10_next_open_positive_signal_inverse_c10,2025-11,0.01164129148289994
q60_edge25_edge10_next_open_positive_signal_inverse_c10,2025-12,-0.013834319526626946
q60_edge25_edge10_next_open_positive_signal_inverse_c10,2026-01,-0.05645517010222867
q60_edge25_edge10_next_open_positive_signal_inverse_c10,2026-02,0.18772507464466492
q60_edge25_edge10_next_open_positive_signal_inverse_c10,2026-03,0.0
q60_edge25_edge10_next_open_positive_signal_inverse_c10,2026-04,-0.20143528729001936
q60_edge25_edge10_next_open_positive_signal_inverse_c5,2024-11,-0.03707620591811922
q60_edge25_edge10_next_open_positive_signal_inverse_c5,2024-12,-0.023094140249760087
q60_edge25_edge10_next_open_positive_signal_inverse_c5,2025-01,0.0
q60_edge25_edge10_next_open_positive_signal_inverse_c5,2025-02,-0.00849625187406311
q60_edge25_edge10_next_open_positive_signal_inverse_c5,2025-03,0.10998610954019816
q60_edge25_edge10_next_open_positive_signal_inverse_c5,2025-04,0.3432657699158328
q60_edge25_edge10_next_open_positive_signal_inverse_c5,2025-05,0.0
q60_edge25_edge10_next_open_positive_signal_inverse_c5,2025-06,-0.016852885225110747
q60_edge25_edge10_next_open_positive_signal_inverse_c5,2025-07,0.03369781154325879
q60_edge25_edge10_next_open_positive_signal_inverse_c5,2025-08,0.010635865845311288
q60_edge25_edge10_next_open_positive_signal_inverse_c5,2025-09,0.0
q60_edge25_edge10_next_open_positive_signal_inverse_c5,2025-10,0.05873617348392235
q60_edge25_edge10_next_open_positive_signal_inverse_c5,2025-11,0.013641291482899942
q60_edge25_edge10_next_open_positive_signal_inverse_c5,2025-12,-0.012834319526626947
q60_edge25_edge10_next_open_positive_signal_inverse_c5,2026-01,-0.05445517010222867
q60_edge25_edge10_next_open_positive_signal_inverse_c5,2026-02,0.19472507464466493
q60_edge25_edge10_next_open_positive_signal_inverse_c5,2026-03,0.0
q60_edge25_edge10_next_open_positive_signal_inverse_c5,2026-04,-0.19943528729001936
q60_edge25_edge20_next_0934_close_both_reversal_c10,2024-11,0.07411600519798012
q60_edge25_edge20_next_0934_close_both_reversal_c10,2024-12,-0.02665841404874691
q60_edge25_edge20_next_0934_close_both_reversal_c10,2025-01,0.0
q60_edge25_edge20_next_0934_close_both_reversal_c10,2025-02,-0.07966567263741986
q60_edge25_edge20_next_0934_close_both_reversal_c10,2025-03,0.19255862425367953
q60_edge25_edge20_next_0934_close_both_reversal_c10,2025-04,0.30378058378641903
q60_edge25_edge20_next_0934_close_both_reversal_c10,2025-05,0.10699952424188064
q60_edge25_edge20_next_0934_close_both_reversal_c10,2025-06,0.024484617068327053
q60_edge25_edge20_next_0934_close_both_reversal_c10,2025-07,0.0348239029368409
q60_edge25_edge20_next_0934_close_both_reversal_c10,2025-08,-0.029656370635065096
q60_edge25_edge20_next_0934_close_both_reversal_c10,2025-09,0.024773761713520637
q60_edge25_edge20_next_0934_close_both_reversal_c10,2025-10,0.09741694500785814
q60_edge25_edge20_next_0934_close_both_reversal_c10,2025-11,-0.03258123127552626
q60_edge25_edge20_next_0934_close_both_reversal_c10,2025-12,-0.008437718672557711
q60_edge25_edge20_next_0934_close_both_reversal_c10,2026-01,0.041220594006776134
q60_edge25_edge20_next_0934_close_both_reversal_c10,2026-02,0.16922437447889072
q60_edge25_edge20_next_0934_close_both_reversal_c10,2026-03,0.1059687819304177
q60_edge25_edge20_next_0934_close_both_reversal_c10,2026-04,-0.2327800644010407
q60_edge25_edge20_next_0934_close_both_reversal_c5,2024-11,0.07711600519798012
q60_edge25_edge20_next_0934_close_both_reversal_c5,2024-12,-0.024658414048746913
q60_edge25_edge20_next_0934_close_both_reversal_c5,2025-01,0.0
q60_edge25_edge20_next_0934_close_both_reversal_c5,2025-02,-0.07566567263741986
q60_edge25_edge20_next_0934_close_both_reversal_c5,2025-03,0.19655862425367954
q60_edge25_edge20_next_0934_close_both_reversal_c5,2025-04,0.31078058378641904
q60_edge25_edge20_next_0934_close_both_reversal_c5,2025-05,0.10899952424188064
q60_edge25_edge20_next_0934_close_both_reversal_c5,2025-06,0.026484617068327054
q60_edge25_edge20_next_0934_close_both_reversal_c5,2025-07,0.0358239029368409
q60_edge25_edge20_next_0934_close_both_reversal_c5,2025-08,-0.026656370635065096
q60_edge25_edge20_next_0934_close_both_reversal_c5,2025-09,0.025773761713520638
q60_edge25_edge20_next_0934_close_both_reversal_c5,2025-10,0.10141694500785814
q60_edge25_edge20_next_0934_close_both_reversal_c5,2025-11,-0.028581231275526253
q60_edge25_edge20_next_0934_close_both_reversal_c5,2025-12,-0.006437718672557711
q60_edge25_edge20_next_0934_close_both_reversal_c5,2026-01,0.04622059400677614
q60_edge25_edge20_next_0934_close_both_reversal_c5,2026-02,0.18022437447889073
q60_edge25_edge20_next_0934_close_both_reversal_c5,2026-03,0.1109687819304177
q60_edge25_edge20_next_0934_close_both_reversal_c5,2026-04,-0.2307800644010407
q60_edge25_edge20_next_0934_close_negative_signal_bull_c10,2024-11,0.04824438357635863
q60_edge25_edge20_next_0934_close_negative_signal_bull_c10,2024-12,0.0
q60_edge25_edge20_next_0934_close_negative_signal_bull_c10,2025-01,0.0
q60_edge25_edge20_next_0934_close_negative_signal_bull_c10,2025-02,-0.05850783980469598
q60_edge25_edge20_next_0934_close_negative_signal_bull_c10,2025-03,0.13708274000930654
q60_edge25_edge20_next_0934_close_negative_signal_bull_c10,2025-04,0.0
q60_edge25_edge20_next_0934_close_negative_signal_bull_c10,2025-05,0.09765975103734426
q60_edge25_edge20_next_0934_close_negative_signal_bull_c10,2025-06,0.0
q60_edge25_edge20_next_0934_close_negative_signal_bull_c10,2025-07,0.0
q60_edge25_edge20_next_0934_close_negative_signal_bull_c10,2025-08,-0.03586992299646152
q60_edge25_edge20_next_0934_close_negative_signal_bull_c10,2025-09,0.0
q60_edge25_edge20_next_0934_close_negative_signal_bull_c10,2025-10,0.06414627477785362
q60_edge25_edge20_next_0934_close_negative_signal_bull_c10,2025-11,-0.03258123127552626
q60_edge25_edge20_next_0934_close_negative_signal_bull_c10,2025-12,-0.0034791387909013354
q60_edge25_edge20_next_0934_close_negative_signal_bull_c10,2026-01,0.11509155093655643
q60_edge25_edge20_next_0934_close_negative_signal_bull_c10,2026-02,0.048376375884457534
q60_edge25_edge20_next_0934_close_negative_signal_bull_c10,2026-03,0.04471099861783989
q60_edge25_edge20_next_0934_close_negative_signal_bull_c10,2026-04,0.0
q60_edge25_edge20_next_0934_close_negative_signal_bull_c5,2024-11,0.05024438357635863
q60_edge25_edge20_next_0934_close_negative_signal_bull_c5,2024-12,0.0
q60_edge25_edge20_next_0934_close_negative_signal_bull_c5,2025-01,0.0
q60_edge25_edge20_next_0934_close_negative_signal_bull_c5,2025-02,-0.05650783980469598
q60_edge25_edge20_next_0934_close_negative_signal_bull_c5,2025-03,0.14008274000930654
q60_edge25_edge20_next_0934_close_negative_signal_bull_c5,2025-04,0.0
q60_edge25_edge20_next_0934_close_negative_signal_bull_c5,2025-05,0.09865975103734426
q60_edge25_edge20_next_0934_close_negative_signal_bull_c5,2025-06,0.0
q60_edge25_edge20_next_0934_close_negative_signal_bull_c5,2025-07,0.0
q60_edge25_edge20_next_0934_close_negative_signal_bull_c5,2025-08,-0.03386992299646152
q60_edge25_edge20_next_0934_close_negative_signal_bull_c5,2025-09,0.0
q60_edge25_edge20_next_0934_close_negative_signal_bull_c5,2025-10,0.06514627477785362
q60_edge25_edge20_next_0934_close_negative_signal_bull_c5,2025-11,-0.028581231275526253
q60_edge25_edge20_next_0934_close_negative_signal_bull_c5,2025-12,-0.0024791387909013354
q60_edge25_edge20_next_0934_close_negative_signal_bull_c5,2026-01,0.11809155093655643
q60_edge25_edge20_next_0934_close_negative_signal_bull_c5,2026-02,0.05237637588445754
q60_edge25_edge20_next_0934_close_negative_signal_bull_c5,2026-03,0.048710998617839896
q60_edge25_edge20_next_0934_close_negative_signal_bull_c5,2026-04,0.0
q60_edge25_edge20_next_0934_close_positive_signal_inverse_c10,2024-11,0.025871621621621488
q60_edge25_edge20_next_0934_close_positive_signal_inverse_c10,2024-12,-0.02665841404874691
q60_edge25_edge20_next_0934_close_positive_signal_inverse_c10,2025-01,0.0
q60_edge25_edge20_next_0934_close_positive_signal_inverse_c10,2025-02,-0.021157832832723877
q60_edge25_edge20_next_0934_close_positive_signal_inverse_c10,2025-03,0.055475884244373
q60_edge25_edge20_next_0934_close_positive_signal_inverse_c10,2025-04,0.30378058378641903
q60_edge25_edge20_next_0934_close_positive_signal_inverse_c10,2025-05,0.009339773204536385
q60_edge25_edge20_next_0934_close_positive_signal_inverse_c10,2025-06,0.024484617068327053
q60_edge25_edge20_next_0934_close_positive_signal_inverse_c10,2025-07,0.0348239029368409
q60_edge25_edge20_next_0934_close_positive_signal_inverse_c10,2025-08,0.006213552361396426
q60_edge25_edge20_next_0934_close_positive_signal_inverse_c10,2025-09,0.024773761713520637
q60_edge25_edge20_next_0934_close_positive_signal_inverse_c10,2025-10,0.03327067023000452
q60_edge25_edge20_next_0934_close_positive_signal_inverse_c10,2025-11,0.0
q60_edge25_edge20_next_0934_close_positive_signal_inverse_c10,2025-12,-0.004958579881656376
q60_edge25_edge20_next_0934_close_positive_signal_inverse_c10,2026-01,-0.0738709569297803
q60_edge25_edge20_next_0934_close_positive_signal_inverse_c10,2026-02,0.12084799859443318
q60_edge25_edge20_next_0934_close_positive_signal_inverse_c10,2026-03,0.06125778331257781
q60_edge25_edge20_next_0934_close_positive_signal_inverse_c10,2026-04,-0.2327800644010407
q60_edge25_edge20_next_0934_close_positive_signal_inverse_c5,2024-11,0.02687162162162149
q60_edge25_edge20_next_0934_close_positive_signal_inverse_c5,2024-12,-0.024658414048746913
q60_edge25_edge20_next_0934_close_positive_signal_inverse_c5,2025-01,0.0
q60_edge25_edge20_next_0934_close_positive_signal_inverse_c5,2025-02,-0.019157832832723876
q60_edge25_edge20_next_0934_close_positive_signal_inverse_c5,2025-03,0.056475884244373
q60_edge25_edge20_next_0934_close_positive_signal_inverse_c5,2025-04,0.31078058378641904
q60_edge25_edge20_next_0934_close_positive_signal_inverse_c5,2025-05,0.010339773204536384
q60_edge25_edge20_next_0934_close_positive_signal_inverse_c5,2025-06,0.026484617068327054
q60_edge25_edge20_next_0934_close_positive_signal_inverse_c5,2025-07,0.0358239029368409
q60_edge25_edge20_next_0934_close_positive_signal_inverse_c5,2025-08,0.007213552361396426
q60_edge25_edge20_next_0934_close_positive_signal_inverse_c5,2025-09,0.025773761713520638
q60_edge25_edge20_next_0934_close_positive_signal_inverse_c5,2025-10,0.03627067023000452
q60_edge25_edge20_next_0934_close_positive_signal_inverse_c5,2025-11,0.0
q60_edge25_edge20_next_0934_close_positive_signal_inverse_c5,2025-12,-0.003958579881656376
q60_edge25_edge20_next_0934_close_positive_signal_inverse_c5,2026-01,-0.0718709569297803
q60_edge25_edge20_next_0934_close_positive_signal_inverse_c5,2026-02,0.1278479985944332
q60_edge25_edge20_next_0934_close_positive_signal_inverse_c5,2026-03,0.06225778331257781
q60_edge25_edge20_next_0934_close_positive_signal_inverse_c5,2026-04,-0.2307800644010407
q60_edge25_edge20_next_open_both_reversal_c10,2024-11,0.04229094070868733
q60_edge25_edge20_next_open_both_reversal_c10,2024-12,-0.045987395950875976
q60_edge25_edge20_next_open_both_reversal_c10,2025-01,0.0
q60_edge25_edge20_next_open_both_reversal_c10,2025-02,-0.07302138170150219
q60_edge25_edge20_next_open_both_reversal_c10,2025-03,0.14826812918905208
q60_edge25_edge20_next_open_both_reversal_c10,2025-04,0.2870114906598559
q60_edge25_edge20_next_open_both_reversal_c10,2025-05,0.08964906477804102
q60_edge25_edge20_next_open_both_reversal_c10,2025-06,0.00806589650077738
q60_edge25_edge20_next_open_both_reversal_c10,2025-07,0.03269781154325879
q60_edge25_edge20_next_open_both_reversal_c10,2025-08,-0.001079132040429748
q60_edge25_edge20_next_open_both_reversal_c10,2025-09,0.016741633199464534
q60_edge25_edge20_next_open_both_reversal_c10,2025-10,0.13534929720230915
q60_edge25_edge20_next_open_both_reversal_c10,2025-11,-0.04839714725973998
q60_edge25_edge20_next_open_both_reversal_c10,2025-12,-0.02447073845376468
q60_edge25_edge20_next_open_both_reversal_c10,2026-01,0.08390745241387121
q60_edge25_edge20_next_open_both_reversal_c10,2026-02,0.23180146834611703
q60_edge25_edge20_next_open_both_reversal_c10,2026-03,0.09663963408633702
q60_edge25_edge20_next_open_both_reversal_c10,2026-04,-0.20143528729001936
q60_edge25_edge20_next_open_both_reversal_c5,2024-11,0.04529094070868733
q60_edge25_edge20_next_open_both_reversal_c5,2024-12,-0.043987395950875974
q60_edge25_edge20_next_open_both_reversal_c5,2025-01,0.0
q60_edge25_edge20_next_open_both_reversal_c5,2025-02,-0.06902138170150218
q60_edge25_edge20_next_open_both_reversal_c5,2025-03,0.15226812918905208
q60_edge25_edge20_next_open_both_reversal_c5,2025-04,0.2940114906598559
q60_edge25_edge20_next_open_both_reversal_c5,2025-05,0.09164906477804102
q60_edge25_edge20_next_open_both_reversal_c5,2025-06,0.010065896500777383
q60_edge25_edge20_next_open_both_reversal_c5,2025-07,0.03369781154325879
q60_edge25_edge20_next_open_both_reversal_c5,2025-08,0.001920867959570251
q60_edge25_edge20_next_open_both_reversal_c5,2025-09,0.017741633199464535
q60_edge25_edge20_next_open_both_reversal_c5,2025-10,0.13934929720230915
q60_edge25_edge20_next_open_both_reversal_c5,2025-11,-0.04439714725973998
q60_edge25_edge20_next_open_both_reversal_c5,2025-12,-0.022470738453764683
q60_edge25_edge20_next_open_both_reversal_c5,2026-01,0.08890745241387121
q60_edge25_edge20_next_open_both_reversal_c5,2026-02,0.24280146834611704
q60_edge25_edge20_next_open_both_reversal_c5,2026-03,0.10163963408633703
q60_edge25_edge20_next_open_both_reversal_c5,2026-04,-0.19943528729001936
q60_edge25_edge20_next_open_negative_signal_bull_c10,2024-11,0.028665940708687332
q60_edge25_edge20_next_open_negative_signal_bull_c10,2024-12,0.0
q60_edge25_edge20_next_open_negative_signal_bull_c10,2025-01,0.0
q60_edge25_edge20_next_open_negative_signal_bull_c10,2025-02,-0.04908797714154334
q60_edge25_edge20_next_open_negative_signal_bull_c10,2025-03,0.11449642500898782
q60_edge25_edge20_next_open_negative_signal_bull_c10,2025-04,0.0
q60_edge25_edge20_next_open_negative_signal_bull_c10,2025-05,0.0677095435684647
q60_edge25_edge20_next_open_negative_signal_bull_c10,2025-06,0.0
q60_edge25_edge20_next_open_negative_signal_bull_c10,2025-07,0.0
q60_edge25_edge20_next_open_negative_signal_bull_c10,2025-08,-0.010714997885741036
q60_edge25_edge20_next_open_negative_signal_bull_c10,2025-09,0.0
q60_edge25_edge20_next_open_negative_signal_bull_c10,2025-10,0.0796131237183868
q60_edge25_edge20_next_open_negative_signal_bull_c10,2025-11,-0.04839714725973998
q60_edge25_edge20_next_open_negative_signal_bull_c10,2025-12,-0.010636418927137735
q60_edge25_edge20_next_open_negative_signal_bull_c10,2026-01,0.14036262251609988
q60_edge25_edge20_next_open_negative_signal_bull_c10,2026-02,0.04407639370145211
q60_edge25_edge20_next_open_negative_signal_bull_c10,2026-03,0.017319584273136512
q60_edge25_edge20_next_open_negative_signal_bull_c10,2026-04,0.0
q60_edge25_edge20_next_open_negative_signal_bull_c5,2024-11,0.030665940708687334
q60_edge25_edge20_next_open_negative_signal_bull_c5,2024-12,0.0
q60_edge25_edge20_next_open_negative_signal_bull_c5,2025-01,0.0
q60_edge25_edge20_next_open_negative_signal_bull_c5,2025-02,-0.047087977141543336
q60_edge25_edge20_next_open_negative_signal_bull_c5,2025-03,0.11749642500898783
q60_edge25_edge20_next_open_negative_signal_bull_c5,2025-04,0.0
q60_edge25_edge20_next_open_negative_signal_bull_c5,2025-05,0.0687095435684647
q60_edge25_edge20_next_open_negative_signal_bull_c5,2025-06,0.0
q60_edge25_edge20_next_open_negative_signal_bull_c5,2025-07,0.0
q60_edge25_edge20_next_open_negative_signal_bull_c5,2025-08,-0.008714997885741036
q60_edge25_edge20_next_open_negative_signal_bull_c5,2025-09,0.0
q60_edge25_edge20_next_open_negative_signal_bull_c5,2025-10,0.0806131237183868
q60_edge25_edge20_next_open_negative_signal_bull_c5,2025-11,-0.04439714725973998
q60_edge25_edge20_next_open_negative_signal_bull_c5,2025-12,-0.009636418927137735
q60_edge25_edge20_next_open_negative_signal_bull_c5,2026-01,0.14336262251609988
q60_edge25_edge20_next_open_negative_signal_bull_c5,2026-02,0.048076393701452114
q60_edge25_edge20_next_open_negative_signal_bull_c5,2026-03,0.021319584273136516
q60_edge25_edge20_next_open_negative_signal_bull_c5,2026-04,0.0
q60_edge25_edge20_next_open_positive_signal_inverse_c10,2024-11,0.013625
q60_edge25_edge20_next_open_positive_signal_inverse_c10,2024-12,-0.045987395950875976
q60_edge25_edge20_next_open_positive_signal_inverse_c10,2025-01,0.0
q60_edge25_edge20_next_open_positive_signal_inverse_c10,2025-02,-0.023933404559958845
q60_edge25_edge20_next_open_positive_signal_inverse_c10,2025-03,0.033771704180064255
q60_edge25_edge20_next_open_positive_signal_inverse_c10,2025-04,0.2870114906598559
q60_edge25_edge20_next_open_positive_signal_inverse_c10,2025-05,0.021939521209576318
q60_edge25_edge20_next_open_positive_signal_inverse_c10,2025-06,0.00806589650077738
q60_edge25_edge20_next_open_positive_signal_inverse_c10,2025-07,0.03269781154325879
q60_edge25_edge20_next_open_positive_signal_inverse_c10,2025-08,0.009635865845311288
q60_edge25_edge20_next_open_positive_signal_inverse_c10,2025-09,0.016741633199464534
q60_edge25_edge20_next_open_positive_signal_inverse_c10,2025-10,0.05573617348392235
q60_edge25_edge20_next_open_positive_signal_inverse_c10,2025-11,0.0
q60_edge25_edge20_next_open_positive_signal_inverse_c10,2025-12,-0.013834319526626946
q60_edge25_edge20_next_open_positive_signal_inverse_c10,2026-01,-0.05645517010222867
q60_edge25_edge20_next_open_positive_signal_inverse_c10,2026-02,0.18772507464466492
q60_edge25_edge20_next_open_positive_signal_inverse_c10,2026-03,0.07932004981320051
q60_edge25_edge20_next_open_positive_signal_inverse_c10,2026-04,-0.20143528729001936
q60_edge25_edge20_next_open_positive_signal_inverse_c5,2024-11,0.014624999999999999
q60_edge25_edge20_next_open_positive_signal_inverse_c5,2024-12,-0.043987395950875974
q60_edge25_edge20_next_open_positive_signal_inverse_c5,2025-01,0.0
q60_edge25_edge20_next_open_positive_signal_inverse_c5,2025-02,-0.021933404559958847
q60_edge25_edge20_next_open_positive_signal_inverse_c5,2025-03,0.034771704180064256
q60_edge25_edge20_next_open_positive_signal_inverse_c5,2025-04,0.2940114906598559
q60_edge25_edge20_next_open_positive_signal_inverse_c5,2025-05,0.02293952120957632
q60_edge25_edge20_next_open_positive_signal_inverse_c5,2025-06,0.010065896500777383
q60_edge25_edge20_next_open_positive_signal_inverse_c5,2025-07,0.03369781154325879
q60_edge25_edge20_next_open_positive_signal_inverse_c5,2025-08,0.010635865845311288
q60_edge25_edge20_next_open_positive_signal_inverse_c5,2025-09,0.017741633199464535
q60_edge25_edge20_next_open_positive_signal_inverse_c5,2025-10,0.05873617348392235
q60_edge25_edge20_next_open_positive_signal_inverse_c5,2025-11,0.0
q60_edge25_edge20_next_open_positive_signal_inverse_c5,2025-12,-0.012834319526626947
q60_edge25_edge20_next_open_positive_signal_inverse_c5,2026-01,-0.05445517010222867
q60_edge25_edge20_next_open_positive_signal_inverse_c5,2026-02,0.19472507464466493
q60_edge25_edge20_next_open_positive_signal_inverse_c5,2026-03,0.08032004981320051
q60_edge25_edge20_next_open_positive_signal_inverse_c5,2026-04,-0.19943528729001936
q60_edge25_edge40_next_0934_close_both_reversal_c10,2024-11,0.04328219142540746
q60_edge25_edge40_next_0934_close_both_reversal_c10,2024-12,-0.01461038330907327
q60_edge25_edge40_next_0934_close_both_reversal_c10,2025-01,0.0
q60_edge25_edge40_next_0934_close_both_reversal_c10,2025-02,-0.057622641234127525
q60_edge25_edge40_next_0934_close_both_reversal_c10,2025-03,0.19255862425367953
q60_edge25_edge40_next_0934_close_both_reversal_c10,2025-04,0.30378058378641903
q60_edge25_edge40_next_0934_close_both_reversal_c10,2025-05,0.16087841900966415
q60_edge25_edge40_next_0934_close_both_reversal_c10,2025-06,0.024484617068327053
q60_edge25_edge40_next_0934_close_both_reversal_c10,2025-07,-0.023528308367114392
q60_edge25_edge40_next_0934_close_both_reversal_c10,2025-08,-0.05692668421620406
q60_edge25_edge40_next_0934_close_both_reversal_c10,2025-09,0.030858000843955402
q60_edge25_edge40_next_0934_close_both_reversal_c10,2025-10,-0.010009478672985626
q60_edge25_edge40_next_0934_close_both_reversal_c10,2025-11,0.03678452636440722
q60_edge25_edge40_next_0934_close_both_reversal_c10,2025-12,-0.008437718672557711
q60_edge25_edge40_next_0934_close_both_reversal_c10,2026-01,0.041220594006776134
q60_edge25_edge40_next_0934_close_both_reversal_c10,2026-02,0.16922437447889072
q60_edge25_edge40_next_0934_close_both_reversal_c10,2026-03,0.1059687819304177
q60_edge25_edge40_next_0934_close_both_reversal_c10,2026-04,-0.3044779621457232
q60_edge25_edge40_next_0934_close_both_reversal_c5,2024-11,0.04828219142540746
q60_edge25_edge40_next_0934_close_both_reversal_c5,2024-12,-0.01361038330907327
q60_edge25_edge40_next_0934_close_both_reversal_c5,2025-01,0.0
q60_edge25_edge40_next_0934_close_both_reversal_c5,2025-02,-0.05562264123412752
q60_edge25_edge40_next_0934_close_both_reversal_c5,2025-03,0.19655862425367954
q60_edge25_edge40_next_0934_close_both_reversal_c5,2025-04,0.31078058378641904
q60_edge25_edge40_next_0934_close_both_reversal_c5,2025-05,0.16387841900966416
q60_edge25_edge40_next_0934_close_both_reversal_c5,2025-06,0.026484617068327054
q60_edge25_edge40_next_0934_close_both_reversal_c5,2025-07,-0.02052830836711439
q60_edge25_edge40_next_0934_close_both_reversal_c5,2025-08,-0.052926684216204056
q60_edge25_edge40_next_0934_close_both_reversal_c5,2025-09,0.032858000843955404
q60_edge25_edge40_next_0934_close_both_reversal_c5,2025-10,-0.009009478672985627
q60_edge25_edge40_next_0934_close_both_reversal_c5,2025-11,0.04578452636440722
q60_edge25_edge40_next_0934_close_both_reversal_c5,2025-12,-0.006437718672557711
q60_edge25_edge40_next_0934_close_both_reversal_c5,2026-01,0.04622059400677614
q60_edge25_edge40_next_0934_close_both_reversal_c5,2026-02,0.18022437447889073
q60_edge25_edge40_next_0934_close_both_reversal_c5,2026-03,0.1109687819304177
q60_edge25_edge40_next_0934_close_both_reversal_c5,2026-04,-0.3004779621457232
q60_edge25_edge40_next_0934_close_negative_signal_bull_c10,2024-11,0.04940246279122018
q60_edge25_edge40_next_0934_close_negative_signal_bull_c10,2024-12,0.0
q60_edge25_edge40_next_0934_close_negative_signal_bull_c10,2025-01,0.0
q60_edge25_edge40_next_0934_close_negative_signal_bull_c10,2025-02,-0.03813138686131379
q60_edge25_edge40_next_0934_close_negative_signal_bull_c10,2025-03,0.13708274000930654
q60_edge25_edge40_next_0934_close_negative_signal_bull_c10,2025-04,0.0
q60_edge25_edge40_next_0934_close_negative_signal_bull_c10,2025-05,0.15153864580512777
q60_edge25_edge40_next_0934_close_negative_signal_bull_c10,2025-06,0.0
q60_edge25_edge40_next_0934_close_negative_signal_bull_c10,2025-07,-0.05835221130395529
q60_edge25_edge40_next_0934_close_negative_signal_bull_c10,2025-08,-0.021053341064510064
q60_edge25_edge40_next_0934_close_negative_signal_bull_c10,2025-09,0.0
q60_edge25_edge40_next_0934_close_negative_signal_bull_c10,2025-10,0.0
q60_edge25_edge40_next_0934_close_negative_signal_bull_c10,2025-11,0.0038828710539464753
q60_edge25_edge40_next_0934_close_negative_signal_bull_c10,2025-12,-0.0034791387909013354
q60_edge25_edge40_next_0934_close_negative_signal_bull_c10,2026-01,0.11509155093655643
q60_edge25_edge40_next_0934_close_negative_signal_bull_c10,2026-02,0.048376375884457534
q60_edge25_edge40_next_0934_close_negative_signal_bull_c10,2026-03,0.04471099861783989
q60_edge25_edge40_next_0934_close_negative_signal_bull_c10,2026-04,0.0
q60_edge25_edge40_next_0934_close_negative_signal_bull_c5,2024-11,0.05240246279122018
q60_edge25_edge40_next_0934_close_negative_signal_bull_c5,2024-12,0.0
q60_edge25_edge40_next_0934_close_negative_signal_bull_c5,2025-01,0.0
q60_edge25_edge40_next_0934_close_negative_signal_bull_c5,2025-02,-0.037131386861313787
q60_edge25_edge40_next_0934_close_negative_signal_bull_c5,2025-03,0.14008274000930654
q60_edge25_edge40_next_0934_close_negative_signal_bull_c5,2025-04,0.0
q60_edge25_edge40_next_0934_close_negative_signal_bull_c5,2025-05,0.15353864580512777
q60_edge25_edge40_next_0934_close_negative_signal_bull_c5,2025-06,0.0
q60_edge25_edge40_next_0934_close_negative_signal_bull_c5,2025-07,-0.05635221130395529
q60_edge25_edge40_next_0934_close_negative_signal_bull_c5,2025-08,-0.018053341064510064
q60_edge25_edge40_next_0934_close_negative_signal_bull_c5,2025-09,0.0
q60_edge25_edge40_next_0934_close_negative_signal_bull_c5,2025-10,0.0
q60_edge25_edge40_next_0934_close_negative_signal_bull_c5,2025-11,0.009882871053946474
q60_edge25_edge40_next_0934_close_negative_signal_bull_c5,2025-12,-0.0024791387909013354
q60_edge25_edge40_next_0934_close_negative_signal_bull_c5,2026-01,0.11809155093655643
q60_edge25_edge40_next_0934_close_negative_signal_bull_c5,2026-02,0.05237637588445754
q60_edge25_edge40_next_0934_close_negative_signal_bull_c5,2026-03,0.048710998617839896
q60_edge25_edge40_next_0934_close_negative_signal_bull_c5,2026-04,0.0
q60_edge25_edge40_next_0934_close_positive_signal_inverse_c10,2024-11,-0.006120271365812724
q60_edge25_edge40_next_0934_close_positive_signal_inverse_c10,2024-12,-0.01461038330907327
q60_edge25_edge40_next_0934_close_positive_signal_inverse_c10,2025-01,0.0
q60_edge25_edge40_next_0934_close_positive_signal_inverse_c10,2025-02,-0.019491254372813738
q60_edge25_edge40_next_0934_close_positive_signal_inverse_c10,2025-03,0.055475884244373
q60_edge25_edge40_next_0934_close_positive_signal_inverse_c10,2025-04,0.30378058378641903
q60_edge25_edge40_next_0934_close_positive_signal_inverse_c10,2025-05,0.009339773204536385
q60_edge25_edge40_next_0934_close_positive_signal_inverse_c10,2025-06,0.024484617068327053
q60_edge25_edge40_next_0934_close_positive_signal_inverse_c10,2025-07,0.0348239029368409
q60_edge25_edge40_next_0934_close_positive_signal_inverse_c10,2025-08,-0.03587334315169399
q60_edge25_edge40_next_0934_close_positive_signal_inverse_c10,2025-09,0.030858000843955402
q60_edge25_edge40_next_0934_close_positive_signal_inverse_c10,2025-10,-0.010009478672985626
q60_edge25_edge40_next_0934_close_positive_signal_inverse_c10,2025-11,0.03290165531046074
q60_edge25_edge40_next_0934_close_positive_signal_inverse_c10,2025-12,-0.004958579881656376
q60_edge25_edge40_next_0934_close_positive_signal_inverse_c10,2026-01,-0.0738709569297803
q60_edge25_edge40_next_0934_close_positive_signal_inverse_c10,2026-02,0.12084799859443318
q60_edge25_edge40_next_0934_close_positive_signal_inverse_c10,2026-03,0.06125778331257781
q60_edge25_edge40_next_0934_close_positive_signal_inverse_c10,2026-04,-0.3044779621457232
q60_edge25_edge40_next_0934_close_positive_signal_inverse_c5,2024-11,-0.004120271365812722
q60_edge25_edge40_next_0934_close_positive_signal_inverse_c5,2024-12,-0.01361038330907327
q60_edge25_edge40_next_0934_close_positive_signal_inverse_c5,2025-01,0.0
q60_edge25_edge40_next_0934_close_positive_signal_inverse_c5,2025-02,-0.018491254372813737
q60_edge25_edge40_next_0934_close_positive_signal_inverse_c5,2025-03,0.056475884244373
q60_edge25_edge40_next_0934_close_positive_signal_inverse_c5,2025-04,0.31078058378641904
q60_edge25_edge40_next_0934_close_positive_signal_inverse_c5,2025-05,0.010339773204536384
q60_edge25_edge40_next_0934_close_positive_signal_inverse_c5,2025-06,0.026484617068327054
q60_edge25_edge40_next_0934_close_positive_signal_inverse_c5,2025-07,0.0358239029368409
q60_edge25_edge40_next_0934_close_positive_signal_inverse_c5,2025-08,-0.03487334315169399
q60_edge25_edge40_next_0934_close_positive_signal_inverse_c5,2025-09,0.032858000843955404
q60_edge25_edge40_next_0934_close_positive_signal_inverse_c5,2025-10,-0.009009478672985627
q60_edge25_edge40_next_0934_close_positive_signal_inverse_c5,2025-11,0.035901655310460745
q60_edge25_edge40_next_0934_close_positive_signal_inverse_c5,2025-12,-0.003958579881656376
q60_edge25_edge40_next_0934_close_positive_signal_inverse_c5,2026-01,-0.0718709569297803
q60_edge25_edge40_next_0934_close_positive_signal_inverse_c5,2026-02,0.1278479985944332
q60_edge25_edge40_next_0934_close_positive_signal_inverse_c5,2026-03,0.06225778331257781
q60_edge25_edge40_next_0934_close_positive_signal_inverse_c5,2026-04,-0.3004779621457232
q60_edge25_edge40_next_open_both_reversal_c10,2024-11,-0.0075994958438518855
q60_edge25_edge40_next_open_both_reversal_c10,2024-12,-0.021893255701115888
q60_edge25_edge40_next_open_both_reversal_c10,2025-01,0.0
q60_edge25_edge40_next_open_both_reversal_c10,2025-02,-0.0560217993193185
q60_edge25_edge40_next_open_both_reversal_c10,2025-03,0.14826812918905208
q60_edge25_edge40_next_open_both_reversal_c10,2025-04,0.2870114906598559
q60_edge25_edge40_next_open_both_reversal_c10,2025-05,0.15643213356110963
q60_edge25_edge40_next_open_both_reversal_c10,2025-06,0.00806589650077738
q60_edge25_edge40_next_open_both_reversal_c10,2025-07,-0.012802552845679549
q60_edge25_edge40_next_open_both_reversal_c10,2025-08,-0.012467564837877806
q60_edge25_edge40_next_open_both_reversal_c10,2025-09,0.010665546242942693
q60_edge25_edge40_next_open_both_reversal_c10,2025-10,0.014587677725118599
q60_edge25_edge40_next_open_both_reversal_c10,2025-11,-0.007340059355100067
q60_edge25_edge40_next_open_both_reversal_c10,2025-12,-0.02447073845376468
q60_edge25_edge40_next_open_both_reversal_c10,2026-01,0.08390745241387121
q60_edge25_edge40_next_open_both_reversal_c10,2026-02,0.23180146834611703
q60_edge25_edge40_next_open_both_reversal_c10,2026-03,0.09663963408633702
q60_edge25_edge40_next_open_both_reversal_c10,2026-04,-0.2494360549834791
q60_edge25_edge40_next_open_both_reversal_c5,2024-11,-0.0025994958438518845
q60_edge25_edge40_next_open_both_reversal_c5,2024-12,-0.020893255701115887
q60_edge25_edge40_next_open_both_reversal_c5,2025-01,0.0
q60_edge25_edge40_next_open_both_reversal_c5,2025-02,-0.0540217993193185
q60_edge25_edge40_next_open_both_reversal_c5,2025-03,0.15226812918905208
q60_edge25_edge40_next_open_both_reversal_c5,2025-04,0.2940114906598559
q60_edge25_edge40_next_open_both_reversal_c5,2025-05,0.15943213356110963
q60_edge25_edge40_next_open_both_reversal_c5,2025-06,0.010065896500777383
q60_edge25_edge40_next_open_both_reversal_c5,2025-07,-0.009802552845679546
q60_edge25_edge40_next_open_both_reversal_c5,2025-08,-0.008467564837877804
q60_edge25_edge40_next_open_both_reversal_c5,2025-09,0.012665546242942693
q60_edge25_edge40_next_open_both_reversal_c5,2025-10,0.015587677725118598
q60_edge25_edge40_next_open_both_reversal_c5,2025-11,0.0016599406448999376
q60_edge25_edge40_next_open_both_reversal_c5,2025-12,-0.022470738453764683
q60_edge25_edge40_next_open_both_reversal_c5,2026-01,0.08890745241387121
q60_edge25_edge40_next_open_both_reversal_c5,2026-02,0.24280146834611704
q60_edge25_edge40_next_open_both_reversal_c5,2026-03,0.10163963408633703
q60_edge25_edge40_next_open_both_reversal_c5,2026-04,-0.2454360549834791
q60_edge25_edge40_next_open_negative_signal_bull_c10,2024-11,0.016851710074267334
q60_edge25_edge40_next_open_negative_signal_bull_c10,2024-12,0.0
q60_edge25_edge40_next_open_negative_signal_bull_c10,2025-01,0.0
q60_edge25_edge40_next_open_negative_signal_bull_c10,2025-02,-0.04652554744525539
q60_edge25_edge40_next_open_negative_signal_bull_c10,2025-03,0.11449642500898782
q60_edge25_edge40_next_open_negative_signal_bull_c10,2025-04,0.0
q60_edge25_edge40_next_open_negative_signal_bull_c10,2025-05,0.1344926123515333
q60_edge25_edge40_next_open_negative_signal_bull_c10,2025-06,0.0
q60_edge25_edge40_next_open_negative_signal_bull_c10,2025-07,-0.04550036438893834
q60_edge25_edge40_next_open_negative_signal_bull_c10,2025-08,0.01309649996330076
q60_edge25_edge40_next_open_negative_signal_bull_c10,2025-09,0.0
q60_edge25_edge40_next_open_negative_signal_bull_c10,2025-10,0.0
q60_edge25_edge40_next_open_negative_signal_bull_c10,2025-11,-0.048499975479833535
q60_edge25_edge40_next_open_negative_signal_bull_c10,2025-12,-0.010636418927137735
q60_edge25_edge40_next_open_negative_signal_bull_c10,2026-01,0.14036262251609988
q60_edge25_edge40_next_open_negative_signal_bull_c10,2026-02,0.04407639370145211
q60_edge25_edge40_next_open_negative_signal_bull_c10,2026-03,0.017319584273136512
q60_edge25_edge40_next_open_negative_signal_bull_c10,2026-04,0.0
q60_edge25_edge40_next_open_negative_signal_bull_c5,2024-11,0.019851710074267337
q60_edge25_edge40_next_open_negative_signal_bull_c5,2024-12,0.0
q60_edge25_edge40_next_open_negative_signal_bull_c5,2025-01,0.0
q60_edge25_edge40_next_open_negative_signal_bull_c5,2025-02,-0.04552554744525539
q60_edge25_edge40_next_open_negative_signal_bull_c5,2025-03,0.11749642500898783
q60_edge25_edge40_next_open_negative_signal_bull_c5,2025-04,0.0
q60_edge25_edge40_next_open_negative_signal_bull_c5,2025-05,0.13649261235153332
q60_edge25_edge40_next_open_negative_signal_bull_c5,2025-06,0.0
q60_edge25_edge40_next_open_negative_signal_bull_c5,2025-07,-0.04350036438893834
q60_edge25_edge40_next_open_negative_signal_bull_c5,2025-08,0.01609649996330076
q60_edge25_edge40_next_open_negative_signal_bull_c5,2025-09,0.0
q60_edge25_edge40_next_open_negative_signal_bull_c5,2025-10,0.0
q60_edge25_edge40_next_open_negative_signal_bull_c5,2025-11,-0.04249997547983353
q60_edge25_edge40_next_open_negative_signal_bull_c5,2025-12,-0.009636418927137735
q60_edge25_edge40_next_open_negative_signal_bull_c5,2026-01,0.14336262251609988
q60_edge25_edge40_next_open_negative_signal_bull_c5,2026-02,0.048076393701452114
q60_edge25_edge40_next_open_negative_signal_bull_c5,2026-03,0.021319584273136516
q60_edge25_edge40_next_open_negative_signal_bull_c5,2026-04,0.0
q60_edge25_edge40_next_open_positive_signal_inverse_c10,2024-11,-0.024451205918119223
q60_edge25_edge40_next_open_positive_signal_inverse_c10,2024-12,-0.021893255701115888
q60_edge25_edge40_next_open_positive_signal_inverse_c10,2025-01,0.0
q60_edge25_edge40_next_open_positive_signal_inverse_c10,2025-02,-0.009496251874063109
q60_edge25_edge40_next_open_positive_signal_inverse_c10,2025-03,0.033771704180064255
q60_edge25_edge40_next_open_positive_signal_inverse_c10,2025-04,0.2870114906598559
q60_edge25_edge40_next_open_positive_signal_inverse_c10,2025-05,0.021939521209576318
q60_edge25_edge40_next_open_positive_signal_inverse_c10,2025-06,0.00806589650077738
q60_edge25_edge40_next_open_positive_signal_inverse_c10,2025-07,0.03269781154325879
q60_edge25_edge40_next_open_positive_signal_inverse_c10,2025-08,-0.025564064801178565
q60_edge25_edge40_next_open_positive_signal_inverse_c10,2025-09,0.010665546242942693
q60_edge25_edge40_next_open_positive_signal_inverse_c10,2025-10,0.014587677725118599
q60_edge25_edge40_next_open_positive_signal_inverse_c10,2025-11,0.041159916124733464
q60_edge25_edge40_next_open_positive_signal_inverse_c10,2025-12,-0.013834319526626946
q60_edge25_edge40_next_open_positive_signal_inverse_c10,2026-01,-0.05645517010222867
q60_edge25_edge40_next_open_positive_signal_inverse_c10,2026-02,0.18772507464466492
q60_edge25_edge40_next_open_positive_signal_inverse_c10,2026-03,0.07932004981320051
q60_edge25_edge40_next_open_positive_signal_inverse_c10,2026-04,-0.2494360549834791
q60_edge25_edge40_next_open_positive_signal_inverse_c5,2024-11,-0.02245120591811922
q60_edge25_edge40_next_open_positive_signal_inverse_c5,2024-12,-0.020893255701115887
q60_edge25_edge40_next_open_positive_signal_inverse_c5,2025-01,0.0
q60_edge25_edge40_next_open_positive_signal_inverse_c5,2025-02,-0.00849625187406311
q60_edge25_edge40_next_open_positive_signal_inverse_c5,2025-03,0.034771704180064256
q60_edge25_edge40_next_open_positive_signal_inverse_c5,2025-04,0.2940114906598559
q60_edge25_edge40_next_open_positive_signal_inverse_c5,2025-05,0.02293952120957632
q60_edge25_edge40_next_open_positive_signal_inverse_c5,2025-06,0.010065896500777383
q60_edge25_edge40_next_open_positive_signal_inverse_c5,2025-07,0.03369781154325879
q60_edge25_edge40_next_open_positive_signal_inverse_c5,2025-08,-0.024564064801178565
q60_edge25_edge40_next_open_positive_signal_inverse_c5,2025-09,0.012665546242942693
q60_edge25_edge40_next_open_positive_signal_inverse_c5,2025-10,0.015587677725118598
q60_edge25_edge40_next_open_positive_signal_inverse_c5,2025-11,0.04415991612473347
q60_edge25_edge40_next_open_positive_signal_inverse_c5,2025-12,-0.012834319526626947
q60_edge25_edge40_next_open_positive_signal_inverse_c5,2026-01,-0.05445517010222867
q60_edge25_edge40_next_open_positive_signal_inverse_c5,2026-02,0.19472507464466493
q60_edge25_edge40_next_open_positive_signal_inverse_c5,2026-03,0.08032004981320051
q60_edge25_edge40_next_open_positive_signal_inverse_c5,2026-04,-0.2454360549834791
q60_edge33_always_next_0934_close_both_reversal_c10,2024-11,0.04328219142540746
q60_edge33_always_next_0934_close_both_reversal_c10,2024-12,0.005734683364150285
q60_edge33_always_next_0934_close_both_reversal_c10,2025-01,-0.011240000374872714
q60_edge33_always_next_0934_close_both_reversal_c10,2025-02,-0.12256611837915932
q60_edge33_always_next_0934_close_both_reversal_c10,2025-03,0.4129034621309441
q60_edge33_always_next_0934_close_both_reversal_c10,2025-04,0.08626413647770947
q60_edge33_always_next_0934_close_both_reversal_c10,2025-05,0.16087841900966415
q60_edge33_always_next_0934_close_both_reversal_c10,2025-06,0.009122778479337405
q60_edge33_always_next_0934_close_both_reversal_c10,2025-07,-0.05883409793431882
q60_edge33_always_next_0934_close_both_reversal_c10,2025-08,-0.003100728754032663
q60_edge33_always_next_0934_close_both_reversal_c10,2025-09,0.027768792517489985
q60_edge33_always_next_0934_close_both_reversal_c10,2025-10,0.19775248909379162
q60_edge33_always_next_0934_close_both_reversal_c10,2025-11,0.12679307014675245
q60_edge33_always_next_0934_close_both_reversal_c10,2025-12,-0.008437718672557711
q60_edge33_always_next_0934_close_both_reversal_c10,2026-01,0.041220594006776134
q60_edge33_always_next_0934_close_both_reversal_c10,2026-02,0.16922437447889072
q60_edge33_always_next_0934_close_both_reversal_c10,2026-03,0.08618386908989151
q60_edge33_always_next_0934_close_both_reversal_c10,2026-04,-0.27706821630556766
q60_edge33_always_next_0934_close_both_reversal_c5,2024-11,0.04828219142540746
q60_edge33_always_next_0934_close_both_reversal_c5,2024-12,0.009734683364150287
q60_edge33_always_next_0934_close_both_reversal_c5,2025-01,-0.006240000374872712
q60_edge33_always_next_0934_close_both_reversal_c5,2025-02,-0.11356611837915931
q60_edge33_always_next_0934_close_both_reversal_c5,2025-03,0.4209034621309441
q60_edge33_always_next_0934_close_both_reversal_c5,2025-04,0.09526413647770948
q60_edge33_always_next_0934_close_both_reversal_c5,2025-05,0.16387841900966416
q60_edge33_always_next_0934_close_both_reversal_c5,2025-06,0.012122778479337404
q60_edge33_always_next_0934_close_both_reversal_c5,2025-07,-0.053834097934318814
q60_edge33_always_next_0934_close_both_reversal_c5,2025-08,0.0028992712459673387
q60_edge33_always_next_0934_close_both_reversal_c5,2025-09,0.03376879251748999
q60_edge33_always_next_0934_close_both_reversal_c5,2025-10,0.20775248909379163
q60_edge33_always_next_0934_close_both_reversal_c5,2025-11,0.13879307014675246
q60_edge33_always_next_0934_close_both_reversal_c5,2025-12,-0.006437718672557711
q60_edge33_always_next_0934_close_both_reversal_c5,2026-01,0.04622059400677614
q60_edge33_always_next_0934_close_both_reversal_c5,2026-02,0.18022437447889073
q60_edge33_always_next_0934_close_both_reversal_c5,2026-03,0.09618386908989152
q60_edge33_always_next_0934_close_both_reversal_c5,2026-04,-0.26706821630556765
q60_edge33_always_next_0934_close_negative_signal_bull_c10,2024-11,0.04940246279122018
q60_edge33_always_next_0934_close_negative_signal_bull_c10,2024-12,0.0323930974128972
q60_edge33_always_next_0934_close_negative_signal_bull_c10,2025-01,0.0530862641008627
q60_edge33_always_next_0934_close_negative_signal_bull_c10,2025-02,-0.06543360484585647
q60_edge33_always_next_0934_close_negative_signal_bull_c10,2025-03,0.13774197953461542
q60_edge33_always_next_0934_close_negative_signal_bull_c10,2025-04,-0.14525295922840853
q60_edge33_always_next_0934_close_negative_signal_bull_c10,2025-05,0.15153864580512777
q60_edge33_always_next_0934_close_negative_signal_bull_c10,2025-06,0.0
q60_edge33_always_next_0934_close_negative_signal_bull_c10,2025-07,-0.1089351259575454
q60_edge33_always_next_0934_close_negative_signal_bull_c10,2025-08,-0.021053341064510064
q60_edge33_always_next_0934_close_negative_signal_bull_c10,2025-09,0.0
q60_edge33_always_next_0934_close_negative_signal_bull_c10,2025-10,0.21717859681230545
q60_edge33_always_next_0934_close_negative_signal_bull_c10,2025-11,0.03056114615035877
q60_edge33_always_next_0934_close_negative_signal_bull_c10,2025-12,-0.0034791387909013354
q60_edge33_always_next_0934_close_negative_signal_bull_c10,2026-01,0.11509155093655643
q60_edge33_always_next_0934_close_negative_signal_bull_c10,2026-02,0.048376375884457534
q60_edge33_always_next_0934_close_negative_signal_bull_c10,2026-03,0.11272591127095921
q60_edge33_always_next_0934_close_negative_signal_bull_c10,2026-04,0.0792128282697111
q60_edge33_always_next_0934_close_negative_signal_bull_c5,2024-11,0.05240246279122018
q60_edge33_always_next_0934_close_negative_signal_bull_c5,2024-12,0.0343930974128972
q60_edge33_always_next_0934_close_negative_signal_bull_c5,2025-01,0.0540862641008627
q60_edge33_always_next_0934_close_negative_signal_bull_c5,2025-02,-0.06043360484585647
q60_edge33_always_next_0934_close_negative_signal_bull_c5,2025-03,0.14174197953461543
q60_edge33_always_next_0934_close_negative_signal_bull_c5,2025-04,-0.14425295922840853
q60_edge33_always_next_0934_close_negative_signal_bull_c5,2025-05,0.15353864580512777
q60_edge33_always_next_0934_close_negative_signal_bull_c5,2025-06,0.0
q60_edge33_always_next_0934_close_negative_signal_bull_c5,2025-07,-0.1059351259575454
q60_edge33_always_next_0934_close_negative_signal_bull_c5,2025-08,-0.018053341064510064
q60_edge33_always_next_0934_close_negative_signal_bull_c5,2025-09,0.0
q60_edge33_always_next_0934_close_negative_signal_bull_c5,2025-10,0.22117859681230545
q60_edge33_always_next_0934_close_negative_signal_bull_c5,2025-11,0.03756114615035877
q60_edge33_always_next_0934_close_negative_signal_bull_c5,2025-12,-0.0024791387909013354
q60_edge33_always_next_0934_close_negative_signal_bull_c5,2026-01,0.11809155093655643
q60_edge33_always_next_0934_close_negative_signal_bull_c5,2026-02,0.05237637588445754
q60_edge33_always_next_0934_close_negative_signal_bull_c5,2026-03,0.11972591127095922
q60_edge33_always_next_0934_close_negative_signal_bull_c5,2026-04,0.0812128282697111
q60_edge33_always_next_0934_close_positive_signal_inverse_c10,2024-11,-0.006120271365812724
q60_edge33_always_next_0934_close_positive_signal_inverse_c10,2024-12,-0.02665841404874691
q60_edge33_always_next_0934_close_positive_signal_inverse_c10,2025-01,-0.06432626447573542
q60_edge33_always_next_0934_close_positive_signal_inverse_c10,2025-02,-0.05713251353330284
q60_edge33_always_next_0934_close_positive_signal_inverse_c10,2025-03,0.27516148259632867
q60_edge33_always_next_0934_close_positive_signal_inverse_c10,2025-04,0.231517095706118
q60_edge33_always_next_0934_close_positive_signal_inverse_c10,2025-05,0.009339773204536385
q60_edge33_always_next_0934_close_positive_signal_inverse_c10,2025-06,0.009122778479337405
q60_edge33_always_next_0934_close_positive_signal_inverse_c10,2025-07,0.05010102802322658
q60_edge33_always_next_0934_close_positive_signal_inverse_c10,2025-08,0.0179526123104774
q60_edge33_always_next_0934_close_positive_signal_inverse_c10,2025-09,0.027768792517489985
q60_edge33_always_next_0934_close_positive_signal_inverse_c10,2025-10,-0.019426107718513826
q60_edge33_always_next_0934_close_positive_signal_inverse_c10,2025-11,0.09623192399639369
q60_edge33_always_next_0934_close_positive_signal_inverse_c10,2025-12,-0.004958579881656376
q60_edge33_always_next_0934_close_positive_signal_inverse_c10,2026-01,-0.0738709569297803
q60_edge33_always_next_0934_close_positive_signal_inverse_c10,2026-02,0.12084799859443318
q60_edge33_always_next_0934_close_positive_signal_inverse_c10,2026-03,-0.026542042181067704
q60_edge33_always_next_0934_close_positive_signal_inverse_c10,2026-04,-0.35628104457527876
q60_edge33_always_next_0934_close_positive_signal_inverse_c5,2024-11,-0.004120271365812722
q60_edge33_always_next_0934_close_positive_signal_inverse_c5,2024-12,-0.024658414048746913
q60_edge33_always_next_0934_close_positive_signal_inverse_c5,2025-01,-0.060326264475735414
q60_edge33_always_next_0934_close_positive_signal_inverse_c5,2025-02,-0.05313251353330284
q60_edge33_always_next_0934_close_positive_signal_inverse_c5,2025-03,0.27916148259632867
q60_edge33_always_next_0934_close_positive_signal_inverse_c5,2025-04,0.239517095706118
q60_edge33_always_next_0934_close_positive_signal_inverse_c5,2025-05,0.010339773204536384
q60_edge33_always_next_0934_close_positive_signal_inverse_c5,2025-06,0.012122778479337404
q60_edge33_always_next_0934_close_positive_signal_inverse_c5,2025-07,0.05210102802322658
q60_edge33_always_next_0934_close_positive_signal_inverse_c5,2025-08,0.020952612310477403
q60_edge33_always_next_0934_close_positive_signal_inverse_c5,2025-09,0.03376879251748999
q60_edge33_always_next_0934_close_positive_signal_inverse_c5,2025-10,-0.013426107718513824
q60_edge33_always_next_0934_close_positive_signal_inverse_c5,2025-11,0.10123192399639369
q60_edge33_always_next_0934_close_positive_signal_inverse_c5,2025-12,-0.003958579881656376
q60_edge33_always_next_0934_close_positive_signal_inverse_c5,2026-01,-0.0718709569297803
q60_edge33_always_next_0934_close_positive_signal_inverse_c5,2026-02,0.1278479985944332
q60_edge33_always_next_0934_close_positive_signal_inverse_c5,2026-03,-0.0235420421810677
q60_edge33_always_next_0934_close_positive_signal_inverse_c5,2026-04,-0.34828104457527875
q60_edge33_always_next_open_both_reversal_c10,2024-11,-0.0075994958438518855
q60_edge33_always_next_open_both_reversal_c10,2024-12,-0.04474638361310701
q60_edge33_always_next_open_both_reversal_c10,2025-01,-0.039284183780072035
q60_edge33_always_next_open_both_reversal_c10,2025-02,-0.1170920851715852
q60_edge33_always_next_open_both_reversal_c10,2025-03,0.3649773832567126
q60_edge33_always_next_open_both_reversal_c10,2025-04,0.07804753019947841
q60_edge33_always_next_open_both_reversal_c10,2025-05,0.15643213356110963
q60_edge33_always_next_open_both_reversal_c10,2025-06,-0.021192254220761875
q60_edge33_always_next_open_both_reversal_c10,2025-07,-0.06536720764779491
q60_edge33_always_next_open_both_reversal_c10,2025-08,0.01997450255782108
q60_edge33_always_next_open_both_reversal_c10,2025-09,0.019081176806281637
q60_edge33_always_next_open_both_reversal_c10,2025-10,0.23835459227526934
q60_edge33_always_next_open_both_reversal_c10,2025-11,0.07079974796162936
q60_edge33_always_next_open_both_reversal_c10,2025-12,-0.02447073845376468
q60_edge33_always_next_open_both_reversal_c10,2026-01,0.08390745241387121
q60_edge33_always_next_open_both_reversal_c10,2026-02,0.23180146834611703
q60_edge33_always_next_open_both_reversal_c10,2026-03,0.08101926351852973
q60_edge33_always_next_open_both_reversal_c10,2026-04,-0.18111053668194688
q60_edge33_always_next_open_both_reversal_c5,2024-11,-0.0025994958438518845
q60_edge33_always_next_open_both_reversal_c5,2024-12,-0.04074638361310701
q60_edge33_always_next_open_both_reversal_c5,2025-01,-0.03428418378007203
q60_edge33_always_next_open_both_reversal_c5,2025-02,-0.1080920851715852
q60_edge33_always_next_open_both_reversal_c5,2025-03,0.3729773832567126
q60_edge33_always_next_open_both_reversal_c5,2025-04,0.08704753019947842
q60_edge33_always_next_open_both_reversal_c5,2025-05,0.15943213356110963
q60_edge33_always_next_open_both_reversal_c5,2025-06,-0.018192254220761872
q60_edge33_always_next_open_both_reversal_c5,2025-07,-0.06036720764779491
q60_edge33_always_next_open_both_reversal_c5,2025-08,0.025974502557821078
q60_edge33_always_next_open_both_reversal_c5,2025-09,0.025081176806281635
q60_edge33_always_next_open_both_reversal_c5,2025-10,0.24835459227526935
q60_edge33_always_next_open_both_reversal_c5,2025-11,0.08279974796162937
q60_edge33_always_next_open_both_reversal_c5,2025-12,-0.022470738453764683
q60_edge33_always_next_open_both_reversal_c5,2026-01,0.08890745241387121
q60_edge33_always_next_open_both_reversal_c5,2026-02,0.24280146834611704
q60_edge33_always_next_open_both_reversal_c5,2026-03,0.09101926351852974
q60_edge33_always_next_open_both_reversal_c5,2026-04,-0.17111053668194687
q60_edge33_always_next_open_negative_signal_bull_c10,2024-11,0.016851710074267334
q60_edge33_always_next_open_negative_signal_bull_c10,2024-12,0.0012410123377689652
q60_edge33_always_next_open_negative_signal_bull_c10,2025-01,0.06070736562707357
q60_edge33_always_next_open_negative_signal_bull_c10,2025-02,-0.025236440014644312
q60_edge33_always_next_open_negative_signal_bull_c10,2025-03,0.14180134145364753
q60_edge33_always_next_open_negative_signal_bull_c10,2025-04,-0.12080754055238918
q60_edge33_always_next_open_negative_signal_bull_c10,2025-05,0.1344926123515333
q60_edge33_always_next_open_negative_signal_bull_c10,2025-06,0.0
q60_edge33_always_next_open_negative_signal_bull_c10,2025-07,-0.10090261421524138
q60_edge33_always_next_open_negative_signal_bull_c10,2025-08,0.01309649996330076
q60_edge33_always_next_open_negative_signal_bull_c10,2025-09,0.0
q60_edge33_always_next_open_negative_signal_bull_c10,2025-10,0.24443917274905425
q60_edge33_always_next_open_negative_signal_bull_c10,2025-11,-0.04056658761025289
q60_edge33_always_next_open_negative_signal_bull_c10,2025-12,-0.010636418927137735
q60_edge33_always_next_open_negative_signal_bull_c10,2026-01,0.14036262251609988
q60_edge33_always_next_open_negative_signal_bull_c10,2026-02,0.04407639370145211
q60_edge33_always_next_open_negative_signal_bull_c10,2026-03,0.050606388818224324
q60_edge33_always_next_open_negative_signal_bull_c10,2026-04,0.09366007716025515
q60_edge33_always_next_open_negative_signal_bull_c5,2024-11,0.019851710074267337
q60_edge33_always_next_open_negative_signal_bull_c5,2024-12,0.003241012337768967
q60_edge33_always_next_open_negative_signal_bull_c5,2025-01,0.061707365627073574
q60_edge33_always_next_open_negative_signal_bull_c5,2025-02,-0.020236440014644308
q60_edge33_always_next_open_negative_signal_bull_c5,2025-03,0.14580134145364754
q60_edge33_always_next_open_negative_signal_bull_c5,2025-04,-0.11980754055238918
q60_edge33_always_next_open_negative_signal_bull_c5,2025-05,0.13649261235153332
q60_edge33_always_next_open_negative_signal_bull_c5,2025-06,0.0
q60_edge33_always_next_open_negative_signal_bull_c5,2025-07,-0.09790261421524138
q60_edge33_always_next_open_negative_signal_bull_c5,2025-08,0.01609649996330076
q60_edge33_always_next_open_negative_signal_bull_c5,2025-09,0.0
q60_edge33_always_next_open_negative_signal_bull_c5,2025-10,0.24843917274905425
q60_edge33_always_next_open_negative_signal_bull_c5,2025-11,-0.033566587610252885
q60_edge33_always_next_open_negative_signal_bull_c5,2025-12,-0.009636418927137735
q60_edge33_always_next_open_negative_signal_bull_c5,2026-01,0.14336262251609988
q60_edge33_always_next_open_negative_signal_bull_c5,2026-02,0.048076393701452114
q60_edge33_always_next_open_negative_signal_bull_c5,2026-03,0.05760638881822433
q60_edge33_always_next_open_negative_signal_bull_c5,2026-04,0.09566007716025515
q60_edge33_always_next_open_positive_signal_inverse_c10,2024-11,-0.024451205918119223
q60_edge33_always_next_open_positive_signal_inverse_c10,2024-12,-0.045987395950875976
q60_edge33_always_next_open_positive_signal_inverse_c10,2025-01,-0.09999154940714561
q60_edge33_always_next_open_positive_signal_inverse_c10,2025-02,-0.09185564515694089
q60_edge33_always_next_open_positive_signal_inverse_c10,2025-03,0.22317604180306505
q60_edge33_always_next_open_positive_signal_inverse_c10,2025-04,0.1988550707518676
q60_edge33_always_next_open_positive_signal_inverse_c10,2025-05,0.021939521209576318
q60_edge33_always_next_open_positive_signal_inverse_c10,2025-06,-0.021192254220761875
q60_edge33_always_next_open_positive_signal_inverse_c10,2025-07,0.03553540656744647
q60_edge33_always_next_open_positive_signal_inverse_c10,2025-08,0.006878002594520318
q60_edge33_always_next_open_positive_signal_inverse_c10,2025-09,0.019081176806281637
q60_edge33_always_next_open_positive_signal_inverse_c10,2025-10,-0.006084580473784903
q60_edge33_always_next_open_positive_signal_inverse_c10,2025-11,0.11136633557188225
q60_edge33_always_next_open_positive_signal_inverse_c10,2025-12,-0.013834319526626946
q60_edge33_always_next_open_positive_signal_inverse_c10,2026-01,-0.05645517010222867
q60_edge33_always_next_open_positive_signal_inverse_c10,2026-02,0.18772507464466492
q60_edge33_always_next_open_positive_signal_inverse_c10,2026-03,0.030412874700305403
q60_edge33_always_next_open_positive_signal_inverse_c10,2026-04,-0.274770613842202
q60_edge33_always_next_open_positive_signal_inverse_c5,2024-11,-0.02245120591811922
q60_edge33_always_next_open_positive_signal_inverse_c5,2024-12,-0.043987395950875974
q60_edge33_always_next_open_positive_signal_inverse_c5,2025-01,-0.0959915494071456
q60_edge33_always_next_open_positive_signal_inverse_c5,2025-02,-0.08785564515694089
q60_edge33_always_next_open_positive_signal_inverse_c5,2025-03,0.22717604180306505
q60_edge33_always_next_open_positive_signal_inverse_c5,2025-04,0.2068550707518676
q60_edge33_always_next_open_positive_signal_inverse_c5,2025-05,0.02293952120957632
q60_edge33_always_next_open_positive_signal_inverse_c5,2025-06,-0.018192254220761872
q60_edge33_always_next_open_positive_signal_inverse_c5,2025-07,0.03753540656744647
q60_edge33_always_next_open_positive_signal_inverse_c5,2025-08,0.009878002594520319
q60_edge33_always_next_open_positive_signal_inverse_c5,2025-09,0.025081176806281635
q60_edge33_always_next_open_positive_signal_inverse_c5,2025-10,-8.458047378490097e-05
q60_edge33_always_next_open_positive_signal_inverse_c5,2025-11,0.11636633557188225
q60_edge33_always_next_open_positive_signal_inverse_c5,2025-12,-0.012834319526626947
q60_edge33_always_next_open_positive_signal_inverse_c5,2026-01,-0.05445517010222867
q60_edge33_always_next_open_positive_signal_inverse_c5,2026-02,0.19472507464466493
q60_edge33_always_next_open_positive_signal_inverse_c5,2026-03,0.033412874700305406
q60_edge33_always_next_open_positive_signal_inverse_c5,2026-04,-0.266770613842202
q60_edge33_edge10_next_0934_close_both_reversal_c10,2024-11,-0.020345183437706305
q60_edge33_edge10_next_0934_close_both_reversal_c10,2024-12,0.020345066673223555
q60_edge33_edge10_next_0934_close_both_reversal_c10,2025-01,0.010771678243334028
q60_edge33_edge10_next_0934_close_both_reversal_c10,2025-02,-0.030085004372813806
q60_edge33_edge10_next_0934_close_both_reversal_c10,2025-03,0.2999425466279816
q60_edge33_edge10_next_0934_close_both_reversal_c10,2025-04,0.10715108625947245
q60_edge33_edge10_next_0934_close_both_reversal_c10,2025-05,0.15153864580512777
q60_edge33_edge10_next_0934_close_both_reversal_c10,2025-06,-0.009118338271931644
q60_edge33_edge10_next_0934_close_both_reversal_c10,2025-07,-0.05883409793431882
q60_edge33_edge10_next_0934_close_both_reversal_c10,2025-08,-0.029656370635065096
q60_edge33_edge10_next_0934_close_both_reversal_c10,2025-09,0.0
q60_edge33_edge10_next_0934_close_both_reversal_c10,2025-10,0.09741694500785814
q60_edge33_edge10_next_0934_close_both_reversal_c10,2025-11,0.07712476629058773
q60_edge33_edge10_next_0934_close_both_reversal_c10,2025-12,-0.008437718672557711
q60_edge33_edge10_next_0934_close_both_reversal_c10,2026-01,-0.04661187245597176
q60_edge33_edge10_next_0934_close_both_reversal_c10,2026-02,0.16922437447889072
q60_edge33_edge10_next_0934_close_both_reversal_c10,2026-03,0.11272591127095921
q60_edge33_edge10_next_0934_close_both_reversal_c10,2026-04,-0.19945917227541488
q60_edge33_edge10_next_0934_close_both_reversal_c5,2024-11,-0.018345183437706303
q60_edge33_edge10_next_0934_close_both_reversal_c5,2024-12,0.023345066673223558
q60_edge33_edge10_next_0934_close_both_reversal_c5,2025-01,0.011771678243334027
q60_edge33_edge10_next_0934_close_both_reversal_c5,2025-02,-0.028085004372813804
q60_edge33_edge10_next_0934_close_both_reversal_c5,2025-03,0.3059425466279816
q60_edge33_edge10_next_0934_close_both_reversal_c5,2025-04,0.11415108625947246
q60_edge33_edge10_next_0934_close_both_reversal_c5,2025-05,0.15353864580512777
q60_edge33_edge10_next_0934_close_both_reversal_c5,2025-06,-0.007118338271931645
q60_edge33_edge10_next_0934_close_both_reversal_c5,2025-07,-0.053834097934318814
q60_edge33_edge10_next_0934_close_both_reversal_c5,2025-08,-0.026656370635065096
q60_edge33_edge10_next_0934_close_both_reversal_c5,2025-09,0.0
q60_edge33_edge10_next_0934_close_both_reversal_c5,2025-10,0.10141694500785814
q60_edge33_edge10_next_0934_close_both_reversal_c5,2025-11,0.08212476629058774
q60_edge33_edge10_next_0934_close_both_reversal_c5,2025-12,-0.006437718672557711
q60_edge33_edge10_next_0934_close_both_reversal_c5,2026-01,-0.043611872455971756
q60_edge33_edge10_next_0934_close_both_reversal_c5,2026-02,0.18022437447889073
q60_edge33_edge10_next_0934_close_both_reversal_c5,2026-03,0.11972591127095922
q60_edge33_edge10_next_0934_close_both_reversal_c5,2026-04,-0.19645917227541487
q60_edge33_edge10_next_0934_close_negative_signal_bull_c10,2024-11,0.011646709549727909
q60_edge33_edge10_next_0934_close_negative_signal_bull_c10,2024-12,0.0323930974128972
q60_edge33_edge10_next_0934_close_negative_signal_bull_c10,2025-01,0.0
q60_edge33_edge10_next_0934_close_negative_signal_bull_c10,2025-02,-0.010593750000000067
q60_edge33_edge10_next_0934_close_negative_signal_bull_c10,2025-03,0.13708274000930654
q60_edge33_edge10_next_0934_close_negative_signal_bull_c10,2025-04,-0.14525295922840853
q60_edge33_edge10_next_0934_close_negative_signal_bull_c10,2025-05,0.15153864580512777
q60_edge33_edge10_next_0934_close_negative_signal_bull_c10,2025-06,0.0
q60_edge33_edge10_next_0934_close_negative_signal_bull_c10,2025-07,-0.1089351259575454
q60_edge33_edge10_next_0934_close_negative_signal_bull_c10,2025-08,-0.03586992299646152
q60_edge33_edge10_next_0934_close_negative_signal_bull_c10,2025-09,0.0
q60_edge33_edge10_next_0934_close_negative_signal_bull_c10,2025-10,0.06414627477785362
q60_edge33_edge10_next_0934_close_negative_signal_bull_c10,2025-11,0.07087640610906631
q60_edge33_edge10_next_0934_close_negative_signal_bull_c10,2025-12,-0.0034791387909013354
q60_edge33_edge10_next_0934_close_negative_signal_bull_c10,2026-01,0.027259084473808537
q60_edge33_edge10_next_0934_close_negative_signal_bull_c10,2026-02,0.048376375884457534
q60_edge33_edge10_next_0934_close_negative_signal_bull_c10,2026-03,0.11272591127095921
q60_edge33_edge10_next_0934_close_negative_signal_bull_c10,2026-04,0.033320892125625834
q60_edge33_edge10_next_0934_close_negative_signal_bull_c5,2024-11,0.012646709549727908
q60_edge33_edge10_next_0934_close_negative_signal_bull_c5,2024-12,0.0343930974128972
q60_edge33_edge10_next_0934_close_negative_signal_bull_c5,2025-01,0.0
q60_edge33_edge10_next_0934_close_negative_signal_bull_c5,2025-02,-0.009593750000000068
q60_edge33_edge10_next_0934_close_negative_signal_bull_c5,2025-03,0.14008274000930654
q60_edge33_edge10_next_0934_close_negative_signal_bull_c5,2025-04,-0.14425295922840853
q60_edge33_edge10_next_0934_close_negative_signal_bull_c5,2025-05,0.15353864580512777
q60_edge33_edge10_next_0934_close_negative_signal_bull_c5,2025-06,0.0
q60_edge33_edge10_next_0934_close_negative_signal_bull_c5,2025-07,-0.1059351259575454
q60_edge33_edge10_next_0934_close_negative_signal_bull_c5,2025-08,-0.03386992299646152
q60_edge33_edge10_next_0934_close_negative_signal_bull_c5,2025-09,0.0
q60_edge33_edge10_next_0934_close_negative_signal_bull_c5,2025-10,0.06514627477785362
q60_edge33_edge10_next_0934_close_negative_signal_bull_c5,2025-11,0.07387640610906632
q60_edge33_edge10_next_0934_close_negative_signal_bull_c5,2025-12,-0.0024791387909013354
q60_edge33_edge10_next_0934_close_negative_signal_bull_c5,2026-01,0.028259084473808538
q60_edge33_edge10_next_0934_close_negative_signal_bull_c5,2026-02,0.05237637588445754
q60_edge33_edge10_next_0934_close_negative_signal_bull_c5,2026-03,0.11972591127095922
q60_edge33_edge10_next_0934_close_negative_signal_bull_c5,2026-04,0.034320892125625835
q60_edge33_edge10_next_0934_close_positive_signal_inverse_c10,2024-11,-0.03199189298743421
q60_edge33_edge10_next_0934_close_positive_signal_inverse_c10,2024-12,-0.012048030739673641
q60_edge33_edge10_next_0934_close_positive_signal_inverse_c10,2025-01,0.010771678243334028
q60_edge33_edge10_next_0934_close_positive_signal_inverse_c10,2025-02,-0.019491254372813738
q60_edge33_edge10_next_0934_close_positive_signal_inverse_c10,2025-03,0.16285980661867505
q60_edge33_edge10_next_0934_close_positive_signal_inverse_c10,2025-04,0.252404045487881
q60_edge33_edge10_next_0934_close_positive_signal_inverse_c10,2025-05,0.0
q60_edge33_edge10_next_0934_close_positive_signal_inverse_c10,2025-06,-0.009118338271931644
q60_edge33_edge10_next_0934_close_positive_signal_inverse_c10,2025-07,0.05010102802322658
q60_edge33_edge10_next_0934_close_positive_signal_inverse_c10,2025-08,0.006213552361396426
q60_edge33_edge10_next_0934_close_positive_signal_inverse_c10,2025-09,0.0
q60_edge33_edge10_next_0934_close_positive_signal_inverse_c10,2025-10,0.03327067023000452
q60_edge33_edge10_next_0934_close_positive_signal_inverse_c10,2025-11,0.006248360181521417
q60_edge33_edge10_next_0934_close_positive_signal_inverse_c10,2025-12,-0.004958579881656376
q60_edge33_edge10_next_0934_close_positive_signal_inverse_c10,2026-01,-0.0738709569297803
q60_edge33_edge10_next_0934_close_positive_signal_inverse_c10,2026-02,0.12084799859443318
q60_edge33_edge10_next_0934_close_positive_signal_inverse_c10,2026-03,0.0
q60_edge33_edge10_next_0934_close_positive_signal_inverse_c10,2026-04,-0.2327800644010407
q60_edge33_edge10_next_0934_close_positive_signal_inverse_c5,2024-11,-0.03099189298743421
q60_edge33_edge10_next_0934_close_positive_signal_inverse_c5,2024-12,-0.011048030739673642
q60_edge33_edge10_next_0934_close_positive_signal_inverse_c5,2025-01,0.011771678243334027
q60_edge33_edge10_next_0934_close_positive_signal_inverse_c5,2025-02,-0.018491254372813737
q60_edge33_edge10_next_0934_close_positive_signal_inverse_c5,2025-03,0.16585980661867505
q60_edge33_edge10_next_0934_close_positive_signal_inverse_c5,2025-04,0.258404045487881
q60_edge33_edge10_next_0934_close_positive_signal_inverse_c5,2025-05,0.0
q60_edge33_edge10_next_0934_close_positive_signal_inverse_c5,2025-06,-0.007118338271931645
q60_edge33_edge10_next_0934_close_positive_signal_inverse_c5,2025-07,0.05210102802322658
q60_edge33_edge10_next_0934_close_positive_signal_inverse_c5,2025-08,0.007213552361396426
q60_edge33_edge10_next_0934_close_positive_signal_inverse_c5,2025-09,0.0
q60_edge33_edge10_next_0934_close_positive_signal_inverse_c5,2025-10,0.03627067023000452
q60_edge33_edge10_next_0934_close_positive_signal_inverse_c5,2025-11,0.00824836018152142
q60_edge33_edge10_next_0934_close_positive_signal_inverse_c5,2025-12,-0.003958579881656376
q60_edge33_edge10_next_0934_close_positive_signal_inverse_c5,2026-01,-0.0718709569297803
q60_edge33_edge10_next_0934_close_positive_signal_inverse_c5,2026-02,0.1278479985944332
q60_edge33_edge10_next_0934_close_positive_signal_inverse_c5,2026-03,0.0
q60_edge33_edge10_next_0934_close_positive_signal_inverse_c5,2026-04,-0.2307800644010407
q60_edge33_edge10_next_open_both_reversal_c10,2024-11,-0.03859179226151355
q60_edge33_edge10_next_open_both_reversal_c10,2024-12,-0.022853127911991122
q60_edge33_edge10_next_open_both_reversal_c10,2025-01,-0.016116065426842963
q60_edge33_edge10_next_open_both_reversal_c10,2025-02,-0.021652501874063198
q60_edge33_edge10_next_open_both_reversal_c10,2025-03,0.23567590471493183
q60_edge33_edge10_next_open_both_reversal_c10,2025-04,0.12930180945545533
q60_edge33_edge10_next_open_both_reversal_c10,2025-05,0.1344926123515333
q60_edge33_edge10_next_open_both_reversal_c10,2025-06,-0.047111035946650004
q60_edge33_edge10_next_open_both_reversal_c10,2025-07,-0.06536720764779491
q60_edge33_edge10_next_open_both_reversal_c10,2025-08,-0.001079132040429748
q60_edge33_edge10_next_open_both_reversal_c10,2025-09,0.0
q60_edge33_edge10_next_open_both_reversal_c10,2025-10,0.13534929720230915
q60_edge33_edge10_next_open_both_reversal_c10,2025-11,0.046135906683313466
q60_edge33_edge10_next_open_both_reversal_c10,2025-12,-0.02447073845376468
q60_edge33_edge10_next_open_both_reversal_c10,2026-01,-0.005914663573992174
q60_edge33_edge10_next_open_both_reversal_c10,2026-02,0.23180146834611703
q60_edge33_edge10_next_open_both_reversal_c10,2026-03,0.050606388818224324
q60_edge33_edge10_next_open_both_reversal_c10,2026-04,-0.15919313890585918
q60_edge33_edge10_next_open_both_reversal_c5,2024-11,-0.036591792261513545
q60_edge33_edge10_next_open_both_reversal_c5,2024-12,-0.01985312791199112
q60_edge33_edge10_next_open_both_reversal_c5,2025-01,-0.015116065426842962
q60_edge33_edge10_next_open_both_reversal_c5,2025-02,-0.0196525018740632
q60_edge33_edge10_next_open_both_reversal_c5,2025-03,0.24167590471493183
q60_edge33_edge10_next_open_both_reversal_c5,2025-04,0.13630180945545534
q60_edge33_edge10_next_open_both_reversal_c5,2025-05,0.13649261235153332
q60_edge33_edge10_next_open_both_reversal_c5,2025-06,-0.04511103594665
q60_edge33_edge10_next_open_both_reversal_c5,2025-07,-0.06036720764779491
q60_edge33_edge10_next_open_both_reversal_c5,2025-08,0.001920867959570251
q60_edge33_edge10_next_open_both_reversal_c5,2025-09,0.0
q60_edge33_edge10_next_open_both_reversal_c5,2025-10,0.13934929720230915
q60_edge33_edge10_next_open_both_reversal_c5,2025-11,0.05113590668331347
q60_edge33_edge10_next_open_both_reversal_c5,2025-12,-0.022470738453764683
q60_edge33_edge10_next_open_both_reversal_c5,2026-01,-0.002914663573992171
q60_edge33_edge10_next_open_both_reversal_c5,2026-02,0.24280146834611704
q60_edge33_edge10_next_open_both_reversal_c5,2026-03,0.05760638881822433
q60_edge33_edge10_next_open_both_reversal_c5,2026-04,-0.15619313890585917
q60_edge33_edge10_next_open_negative_signal_bull_c10,2024-11,-0.0005155863433943236
q60_edge33_edge10_next_open_negative_signal_bull_c10,2024-12,0.0012410123377689652
q60_edge33_edge10_next_open_negative_signal_bull_c10,2025-01,0.0
q60_edge33_edge10_next_open_negative_signal_bull_c10,2025-02,-0.012156250000000089
q60_edge33_edge10_next_open_negative_signal_bull_c10,2025-03,0.11449642500898782
q60_edge33_edge10_next_open_negative_signal_bull_c10,2025-04,-0.12080754055238918
q60_edge33_edge10_next_open_negative_signal_bull_c10,2025-05,0.1344926123515333
q60_edge33_edge10_next_open_negative_signal_bull_c10,2025-06,0.0
q60_edge33_edge10_next_open_negative_signal_bull_c10,2025-07,-0.10090261421524138
q60_edge33_edge10_next_open_negative_signal_bull_c10,2025-08,-0.010714997885741036
q60_edge33_edge10_next_open_negative_signal_bull_c10,2025-09,0.0
q60_edge33_edge10_next_open_negative_signal_bull_c10,2025-10,0.0796131237183868
q60_edge33_edge10_next_open_negative_signal_bull_c10,2025-11,0.034494615200413525
q60_edge33_edge10_next_open_negative_signal_bull_c10,2025-12,-0.010636418927137735
q60_edge33_edge10_next_open_negative_signal_bull_c10,2026-01,0.050540506528236495
q60_edge33_edge10_next_open_negative_signal_bull_c10,2026-02,0.04407639370145211
q60_edge33_edge10_next_open_negative_signal_bull_c10,2026-03,0.050606388818224324
q60_edge33_edge10_next_open_negative_signal_bull_c10,2026-04,0.04224214838416018
q60_edge33_edge10_next_open_negative_signal_bull_c5,2024-11,0.00048441365660567646
q60_edge33_edge10_next_open_negative_signal_bull_c5,2024-12,0.003241012337768967
q60_edge33_edge10_next_open_negative_signal_bull_c5,2025-01,0.0
q60_edge33_edge10_next_open_negative_signal_bull_c5,2025-02,-0.01115625000000009
q60_edge33_edge10_next_open_negative_signal_bull_c5,2025-03,0.11749642500898783
q60_edge33_edge10_next_open_negative_signal_bull_c5,2025-04,-0.11980754055238918
q60_edge33_edge10_next_open_negative_signal_bull_c5,2025-05,0.13649261235153332
q60_edge33_edge10_next_open_negative_signal_bull_c5,2025-06,0.0
q60_edge33_edge10_next_open_negative_signal_bull_c5,2025-07,-0.09790261421524138
q60_edge33_edge10_next_open_negative_signal_bull_c5,2025-08,-0.008714997885741036
q60_edge33_edge10_next_open_negative_signal_bull_c5,2025-09,0.0
q60_edge33_edge10_next_open_negative_signal_bull_c5,2025-10,0.0806131237183868
q60_edge33_edge10_next_open_negative_signal_bull_c5,2025-11,0.03749461520041353
q60_edge33_edge10_next_open_negative_signal_bull_c5,2025-12,-0.009636418927137735
q60_edge33_edge10_next_open_negative_signal_bull_c5,2026-01,0.051540506528236496
q60_edge33_edge10_next_open_negative_signal_bull_c5,2026-02,0.048076393701452114
q60_edge33_edge10_next_open_negative_signal_bull_c5,2026-03,0.05760638881822433
q60_edge33_edge10_next_open_negative_signal_bull_c5,2026-04,0.043242148384160184
q60_edge33_edge10_next_open_positive_signal_inverse_c10,2024-11,-0.03807620591811922
q60_edge33_edge10_next_open_positive_signal_inverse_c10,2024-12,-0.024094140249760088
q60_edge33_edge10_next_open_positive_signal_inverse_c10,2025-01,-0.016116065426842963
q60_edge33_edge10_next_open_positive_signal_inverse_c10,2025-02,-0.009496251874063109
q60_edge33_edge10_next_open_positive_signal_inverse_c10,2025-03,0.121179479705944
q60_edge33_edge10_next_open_positive_signal_inverse_c10,2025-04,0.2501093500078445
q60_edge33_edge10_next_open_positive_signal_inverse_c10,2025-05,0.0
q60_edge33_edge10_next_open_positive_signal_inverse_c10,2025-06,-0.047111035946650004
q60_edge33_edge10_next_open_positive_signal_inverse_c10,2025-07,0.03553540656744647
q60_edge33_edge10_next_open_positive_signal_inverse_c10,2025-08,0.009635865845311288
q60_edge33_edge10_next_open_positive_signal_inverse_c10,2025-09,0.0
q60_edge33_edge10_next_open_positive_signal_inverse_c10,2025-10,0.05573617348392235
q60_edge33_edge10_next_open_positive_signal_inverse_c10,2025-11,0.01164129148289994
q60_edge33_edge10_next_open_positive_signal_inverse_c10,2025-12,-0.013834319526626946
q60_edge33_edge10_next_open_positive_signal_inverse_c10,2026-01,-0.05645517010222867
q60_edge33_edge10_next_open_positive_signal_inverse_c10,2026-02,0.18772507464466492
q60_edge33_edge10_next_open_positive_signal_inverse_c10,2026-03,0.0
q60_edge33_edge10_next_open_positive_signal_inverse_c10,2026-04,-0.20143528729001936
q60_edge33_edge10_next_open_positive_signal_inverse_c5,2024-11,-0.03707620591811922
q60_edge33_edge10_next_open_positive_signal_inverse_c5,2024-12,-0.023094140249760087
q60_edge33_edge10_next_open_positive_signal_inverse_c5,2025-01,-0.015116065426842962
q60_edge33_edge10_next_open_positive_signal_inverse_c5,2025-02,-0.00849625187406311
q60_edge33_edge10_next_open_positive_signal_inverse_c5,2025-03,0.12417947970594401
q60_edge33_edge10_next_open_positive_signal_inverse_c5,2025-04,0.2561093500078445
q60_edge33_edge10_next_open_positive_signal_inverse_c5,2025-05,0.0
q60_edge33_edge10_next_open_positive_signal_inverse_c5,2025-06,-0.04511103594665
q60_edge33_edge10_next_open_positive_signal_inverse_c5,2025-07,0.03753540656744647
q60_edge33_edge10_next_open_positive_signal_inverse_c5,2025-08,0.010635865845311288
q60_edge33_edge10_next_open_positive_signal_inverse_c5,2025-09,0.0
q60_edge33_edge10_next_open_positive_signal_inverse_c5,2025-10,0.05873617348392235
q60_edge33_edge10_next_open_positive_signal_inverse_c5,2025-11,0.013641291482899942
q60_edge33_edge10_next_open_positive_signal_inverse_c5,2025-12,-0.012834319526626947
q60_edge33_edge10_next_open_positive_signal_inverse_c5,2026-01,-0.05445517010222867
q60_edge33_edge10_next_open_positive_signal_inverse_c5,2026-02,0.19472507464466493
q60_edge33_edge10_next_open_positive_signal_inverse_c5,2026-03,0.0
q60_edge33_edge10_next_open_positive_signal_inverse_c5,2026-04,-0.19943528729001936
q60_edge33_edge20_next_0934_close_both_reversal_c10,2024-11,0.07411600519798012
q60_edge33_edge20_next_0934_close_both_reversal_c10,2024-12,-0.02665841404874691
q60_edge33_edge20_next_0934_close_both_reversal_c10,2025-01,0.010771678243334028
q60_edge33_edge20_next_0934_close_both_reversal_c10,2025-02,-0.09025942263741993
q60_edge33_edge20_next_0934_close_both_reversal_c10,2025-03,0.22405309939180096
q60_edge33_edge20_next_0934_close_both_reversal_c10,2025-04,0.08626413647770947
q60_edge33_edge20_next_0934_close_both_reversal_c10,2025-05,0.10699952424188064
q60_edge33_edge20_next_0934_close_both_reversal_c10,2025-06,0.009122778479337405
q60_edge33_edge20_next_0934_close_both_reversal_c10,2025-07,-0.0004818866303635261
q60_edge33_edge20_next_0934_close_both_reversal_c10,2025-08,-0.029656370635065096
q60_edge33_edge20_next_0934_close_both_reversal_c10,2025-09,0.024773761713520637
q60_edge33_edge20_next_0934_close_both_reversal_c10,2025-10,0.1262707066308506
q60_edge33_edge20_next_0934_close_both_reversal_c10,2025-11,-0.03258123127552626
q60_edge33_edge20_next_0934_close_both_reversal_c10,2025-12,-0.008437718672557711
q60_edge33_edge20_next_0934_close_both_reversal_c10,2026-01,0.041220594006776134
q60_edge33_edge20_next_0934_close_both_reversal_c10,2026-02,0.16922437447889072
q60_edge33_edge20_next_0934_close_both_reversal_c10,2026-03,0.08618386908989151
q60_edge33_edge20_next_0934_close_both_reversal_c10,2026-04,-0.2327800644010407
q60_edge33_edge20_next_0934_close_both_reversal_c5,2024-11,0.07711600519798012
q60_edge33_edge20_next_0934_close_both_reversal_c5,2024-12,-0.024658414048746913
q60_edge33_edge20_next_0934_close_both_reversal_c5,2025-01,0.011771678243334027
q60_edge33_edge20_next_0934_close_both_reversal_c5,2025-02,-0.08525942263741992
q60_edge33_edge20_next_0934_close_both_reversal_c5,2025-03,0.22905309939180096
q60_edge33_edge20_next_0934_close_both_reversal_c5,2025-04,0.09526413647770948
q60_edge33_edge20_next_0934_close_both_reversal_c5,2025-05,0.10899952424188064
q60_edge33_edge20_next_0934_close_both_reversal_c5,2025-06,0.012122778479337404
q60_edge33_edge20_next_0934_close_both_reversal_c5,2025-07,0.0025181133696364766
q60_edge33_edge20_next_0934_close_both_reversal_c5,2025-08,-0.026656370635065096
q60_edge33_edge20_next_0934_close_both_reversal_c5,2025-09,0.025773761713520638
q60_edge33_edge20_next_0934_close_both_reversal_c5,2025-10,0.1312707066308506
q60_edge33_edge20_next_0934_close_both_reversal_c5,2025-11,-0.028581231275526253
q60_edge33_edge20_next_0934_close_both_reversal_c5,2025-12,-0.006437718672557711
q60_edge33_edge20_next_0934_close_both_reversal_c5,2026-01,0.04622059400677614
q60_edge33_edge20_next_0934_close_both_reversal_c5,2026-02,0.18022437447889073
q60_edge33_edge20_next_0934_close_both_reversal_c5,2026-03,0.09618386908989152
q60_edge33_edge20_next_0934_close_both_reversal_c5,2026-04,-0.2307800644010407
q60_edge33_edge20_next_0934_close_negative_signal_bull_c10,2024-11,0.04824438357635863
q60_edge33_edge20_next_0934_close_negative_signal_bull_c10,2024-12,0.0
q60_edge33_edge20_next_0934_close_negative_signal_bull_c10,2025-01,0.0
q60_edge33_edge20_next_0934_close_negative_signal_bull_c10,2025-02,-0.06910158980469605
q60_edge33_edge20_next_0934_close_negative_signal_bull_c10,2025-03,0.13708274000930654
q60_edge33_edge20_next_0934_close_negative_signal_bull_c10,2025-04,-0.14525295922840853
q60_edge33_edge20_next_0934_close_negative_signal_bull_c10,2025-05,0.09765975103734426
q60_edge33_edge20_next_0934_close_negative_signal_bull_c10,2025-06,0.0
q60_edge33_edge20_next_0934_close_negative_signal_bull_c10,2025-07,-0.050582914653590105
q60_edge33_edge20_next_0934_close_negative_signal_bull_c10,2025-08,-0.03586992299646152
q60_edge33_edge20_next_0934_close_negative_signal_bull_c10,2025-09,0.0
q60_edge33_edge20_next_0934_close_negative_signal_bull_c10,2025-10,0.09300003640084609
q60_edge33_edge20_next_0934_close_negative_signal_bull_c10,2025-11,-0.03258123127552626
q60_edge33_edge20_next_0934_close_negative_signal_bull_c10,2025-12,-0.0034791387909013354
q60_edge33_edge20_next_0934_close_negative_signal_bull_c10,2026-01,0.11509155093655643
q60_edge33_edge20_next_0934_close_negative_signal_bull_c10,2026-02,0.048376375884457534
q60_edge33_edge20_next_0934_close_negative_signal_bull_c10,2026-03,0.11272591127095921
q60_edge33_edge20_next_0934_close_negative_signal_bull_c10,2026-04,0.0
q60_edge33_edge20_next_0934_close_negative_signal_bull_c5,2024-11,0.05024438357635863
q60_edge33_edge20_next_0934_close_negative_signal_bull_c5,2024-12,0.0
q60_edge33_edge20_next_0934_close_negative_signal_bull_c5,2025-01,0.0
q60_edge33_edge20_next_0934_close_negative_signal_bull_c5,2025-02,-0.06610158980469605
q60_edge33_edge20_next_0934_close_negative_signal_bull_c5,2025-03,0.14008274000930654
q60_edge33_edge20_next_0934_close_negative_signal_bull_c5,2025-04,-0.14425295922840853
q60_edge33_edge20_next_0934_close_negative_signal_bull_c5,2025-05,0.09865975103734426
q60_edge33_edge20_next_0934_close_negative_signal_bull_c5,2025-06,0.0
q60_edge33_edge20_next_0934_close_negative_signal_bull_c5,2025-07,-0.049582914653590104
q60_edge33_edge20_next_0934_close_negative_signal_bull_c5,2025-08,-0.03386992299646152
q60_edge33_edge20_next_0934_close_negative_signal_bull_c5,2025-09,0.0
q60_edge33_edge20_next_0934_close_negative_signal_bull_c5,2025-10,0.09500003640084609
q60_edge33_edge20_next_0934_close_negative_signal_bull_c5,2025-11,-0.028581231275526253
q60_edge33_edge20_next_0934_close_negative_signal_bull_c5,2025-12,-0.0024791387909013354
q60_edge33_edge20_next_0934_close_negative_signal_bull_c5,2026-01,0.11809155093655643
q60_edge33_edge20_next_0934_close_negative_signal_bull_c5,2026-02,0.05237637588445754
q60_edge33_edge20_next_0934_close_negative_signal_bull_c5,2026-03,0.11972591127095922
q60_edge33_edge20_next_0934_close_negative_signal_bull_c5,2026-04,0.0
q60_edge33_edge20_next_0934_close_positive_signal_inverse_c10,2024-11,0.025871621621621488
q60_edge33_edge20_next_0934_close_positive_signal_inverse_c10,2024-12,-0.02665841404874691
q60_edge33_edge20_next_0934_close_positive_signal_inverse_c10,2025-01,0.010771678243334028
q60_edge33_edge20_next_0934_close_positive_signal_inverse_c10,2025-02,-0.021157832832723877
q60_edge33_edge20_next_0934_close_positive_signal_inverse_c10,2025-03,0.08697035938249442
q60_edge33_edge20_next_0934_close_positive_signal_inverse_c10,2025-04,0.231517095706118
q60_edge33_edge20_next_0934_close_positive_signal_inverse_c10,2025-05,0.009339773204536385
q60_edge33_edge20_next_0934_close_positive_signal_inverse_c10,2025-06,0.009122778479337405
q60_edge33_edge20_next_0934_close_positive_signal_inverse_c10,2025-07,0.05010102802322658
q60_edge33_edge20_next_0934_close_positive_signal_inverse_c10,2025-08,0.006213552361396426
q60_edge33_edge20_next_0934_close_positive_signal_inverse_c10,2025-09,0.024773761713520637
q60_edge33_edge20_next_0934_close_positive_signal_inverse_c10,2025-10,0.03327067023000452
q60_edge33_edge20_next_0934_close_positive_signal_inverse_c10,2025-11,0.0
q60_edge33_edge20_next_0934_close_positive_signal_inverse_c10,2025-12,-0.004958579881656376
q60_edge33_edge20_next_0934_close_positive_signal_inverse_c10,2026-01,-0.0738709569297803
q60_edge33_edge20_next_0934_close_positive_signal_inverse_c10,2026-02,0.12084799859443318
q60_edge33_edge20_next_0934_close_positive_signal_inverse_c10,2026-03,-0.026542042181067704
q60_edge33_edge20_next_0934_close_positive_signal_inverse_c10,2026-04,-0.2327800644010407
q60_edge33_edge20_next_0934_close_positive_signal_inverse_c5,2024-11,0.02687162162162149
q60_edge33_edge20_next_0934_close_positive_signal_inverse_c5,2024-12,-0.024658414048746913
q60_edge33_edge20_next_0934_close_positive_signal_inverse_c5,2025-01,0.011771678243334027
q60_edge33_edge20_next_0934_close_positive_signal_inverse_c5,2025-02,-0.019157832832723876
q60_edge33_edge20_next_0934_close_positive_signal_inverse_c5,2025-03,0.08897035938249442
q60_edge33_edge20_next_0934_close_positive_signal_inverse_c5,2025-04,0.239517095706118
q60_edge33_edge20_next_0934_close_positive_signal_inverse_c5,2025-05,0.010339773204536384
q60_edge33_edge20_next_0934_close_positive_signal_inverse_c5,2025-06,0.012122778479337404
q60_edge33_edge20_next_0934_close_positive_signal_inverse_c5,2025-07,0.05210102802322658
q60_edge33_edge20_next_0934_close_positive_signal_inverse_c5,2025-08,0.007213552361396426
q60_edge33_edge20_next_0934_close_positive_signal_inverse_c5,2025-09,0.025773761713520638
q60_edge33_edge20_next_0934_close_positive_signal_inverse_c5,2025-10,0.03627067023000452
q60_edge33_edge20_next_0934_close_positive_signal_inverse_c5,2025-11,0.0
q60_edge33_edge20_next_0934_close_positive_signal_inverse_c5,2025-12,-0.003958579881656376
q60_edge33_edge20_next_0934_close_positive_signal_inverse_c5,2026-01,-0.0718709569297803
q60_edge33_edge20_next_0934_close_positive_signal_inverse_c5,2026-02,0.1278479985944332
q60_edge33_edge20_next_0934_close_positive_signal_inverse_c5,2026-03,-0.0235420421810677
q60_edge33_edge20_next_0934_close_positive_signal_inverse_c5,2026-04,-0.2307800644010407
q60_edge33_edge20_next_open_both_reversal_c10,2024-11,0.04229094070868733
q60_edge33_edge20_next_open_both_reversal_c10,2024-12,-0.045987395950875976
q60_edge33_edge20_next_open_both_reversal_c10,2025-01,-0.016116065426842963
q60_edge33_edge20_next_open_both_reversal_c10,2025-02,-0.08517763170150228
q60_edge33_edge20_next_open_both_reversal_c10,2025-03,0.16146149935479792
q60_edge33_edge20_next_open_both_reversal_c10,2025-04,0.07804753019947841
q60_edge33_edge20_next_open_both_reversal_c10,2025-05,0.08964906477804102
q60_edge33_edge20_next_open_both_reversal_c10,2025-06,-0.021192254220761875
q60_edge33_edge20_next_open_both_reversal_c10,2025-07,-0.01986684325885657
q60_edge33_edge20_next_open_both_reversal_c10,2025-08,-0.001079132040429748
q60_edge33_edge20_next_open_both_reversal_c10,2025-09,0.016741633199464534
q60_edge33_edge20_next_open_both_reversal_c10,2025-10,0.16399173169089765
q60_edge33_edge20_next_open_both_reversal_c10,2025-11,-0.04839714725973998
q60_edge33_edge20_next_open_both_reversal_c10,2025-12,-0.02447073845376468
q60_edge33_edge20_next_open_both_reversal_c10,2026-01,0.08390745241387121
q60_edge33_edge20_next_open_both_reversal_c10,2026-02,0.23180146834611703
q60_edge33_edge20_next_open_both_reversal_c10,2026-03,0.08101926351852973
q60_edge33_edge20_next_open_both_reversal_c10,2026-04,-0.20143528729001936
q60_edge33_edge20_next_open_both_reversal_c5,2024-11,0.04529094070868733
q60_edge33_edge20_next_open_both_reversal_c5,2024-12,-0.043987395950875974
q60_edge33_edge20_next_open_both_reversal_c5,2025-01,-0.015116065426842962
q60_edge33_edge20_next_open_both_reversal_c5,2025-02,-0.08017763170150227
q60_edge33_edge20_next_open_both_reversal_c5,2025-03,0.16646149935479793
q60_edge33_edge20_next_open_both_reversal_c5,2025-04,0.08704753019947842
q60_edge33_edge20_next_open_both_reversal_c5,2025-05,0.09164906477804102
q60_edge33_edge20_next_open_both_reversal_c5,2025-06,-0.018192254220761872
q60_edge33_edge20_next_open_both_reversal_c5,2025-07,-0.016866843258856568
q60_edge33_edge20_next_open_both_reversal_c5,2025-08,0.001920867959570251
q60_edge33_edge20_next_open_both_reversal_c5,2025-09,0.017741633199464535
q60_edge33_edge20_next_open_both_reversal_c5,2025-10,0.16899173169089765
q60_edge33_edge20_next_open_both_reversal_c5,2025-11,-0.04439714725973998
q60_edge33_edge20_next_open_both_reversal_c5,2025-12,-0.022470738453764683
q60_edge33_edge20_next_open_both_reversal_c5,2026-01,0.08890745241387121
q60_edge33_edge20_next_open_both_reversal_c5,2026-02,0.24280146834611704
q60_edge33_edge20_next_open_both_reversal_c5,2026-03,0.09101926351852974
q60_edge33_edge20_next_open_both_reversal_c5,2026-04,-0.19943528729001936
q60_edge33_edge20_next_open_negative_signal_bull_c10,2024-11,0.028665940708687332
q60_edge33_edge20_next_open_negative_signal_bull_c10,2024-12,0.0
q60_edge33_edge20_next_open_negative_signal_bull_c10,2025-01,0.0
q60_edge33_edge20_next_open_negative_signal_bull_c10,2025-02,-0.06124422714154343
q60_edge33_edge20_next_open_negative_signal_bull_c10,2025-03,0.11449642500898782
q60_edge33_edge20_next_open_negative_signal_bull_c10,2025-04,-0.12080754055238918
q60_edge33_edge20_next_open_negative_signal_bull_c10,2025-05,0.0677095435684647
q60_edge33_edge20_next_open_negative_signal_bull_c10,2025-06,0.0
q60_edge33_edge20_next_open_negative_signal_bull_c10,2025-07,-0.05540224982630304
q60_edge33_edge20_next_open_negative_signal_bull_c10,2025-08,-0.010714997885741036
q60_edge33_edge20_next_open_negative_signal_bull_c10,2025-09,0.0
q60_edge33_edge20_next_open_negative_signal_bull_c10,2025-10,0.1082555582069753
q60_edge33_edge20_next_open_negative_signal_bull_c10,2025-11,-0.04839714725973998
q60_edge33_edge20_next_open_negative_signal_bull_c10,2025-12,-0.010636418927137735
q60_edge33_edge20_next_open_negative_signal_bull_c10,2026-01,0.14036262251609988
q60_edge33_edge20_next_open_negative_signal_bull_c10,2026-02,0.04407639370145211
q60_edge33_edge20_next_open_negative_signal_bull_c10,2026-03,0.050606388818224324
q60_edge33_edge20_next_open_negative_signal_bull_c10,2026-04,0.0
q60_edge33_edge20_next_open_negative_signal_bull_c5,2024-11,0.030665940708687334
q60_edge33_edge20_next_open_negative_signal_bull_c5,2024-12,0.0
q60_edge33_edge20_next_open_negative_signal_bull_c5,2025-01,0.0
q60_edge33_edge20_next_open_negative_signal_bull_c5,2025-02,-0.058244227141543425
q60_edge33_edge20_next_open_negative_signal_bull_c5,2025-03,0.11749642500898783
q60_edge33_edge20_next_open_negative_signal_bull_c5,2025-04,-0.11980754055238918
q60_edge33_edge20_next_open_negative_signal_bull_c5,2025-05,0.0687095435684647
q60_edge33_edge20_next_open_negative_signal_bull_c5,2025-06,0.0
q60_edge33_edge20_next_open_negative_signal_bull_c5,2025-07,-0.05440224982630304
q60_edge33_edge20_next_open_negative_signal_bull_c5,2025-08,-0.008714997885741036
q60_edge33_edge20_next_open_negative_signal_bull_c5,2025-09,0.0
q60_edge33_edge20_next_open_negative_signal_bull_c5,2025-10,0.1102555582069753
q60_edge33_edge20_next_open_negative_signal_bull_c5,2025-11,-0.04439714725973998
q60_edge33_edge20_next_open_negative_signal_bull_c5,2025-12,-0.009636418927137735
q60_edge33_edge20_next_open_negative_signal_bull_c5,2026-01,0.14336262251609988
q60_edge33_edge20_next_open_negative_signal_bull_c5,2026-02,0.048076393701452114
q60_edge33_edge20_next_open_negative_signal_bull_c5,2026-03,0.05760638881822433
q60_edge33_edge20_next_open_negative_signal_bull_c5,2026-04,0.0
q60_edge33_edge20_next_open_positive_signal_inverse_c10,2024-11,0.013625
q60_edge33_edge20_next_open_positive_signal_inverse_c10,2024-12,-0.045987395950875976
q60_edge33_edge20_next_open_positive_signal_inverse_c10,2025-01,-0.016116065426842963
q60_edge33_edge20_next_open_positive_signal_inverse_c10,2025-02,-0.023933404559958845
q60_edge33_edge20_next_open_positive_signal_inverse_c10,2025-03,0.0469650743458101
q60_edge33_edge20_next_open_positive_signal_inverse_c10,2025-04,0.1988550707518676
q60_edge33_edge20_next_open_positive_signal_inverse_c10,2025-05,0.021939521209576318
q60_edge33_edge20_next_open_positive_signal_inverse_c10,2025-06,-0.021192254220761875
q60_edge33_edge20_next_open_positive_signal_inverse_c10,2025-07,0.03553540656744647
q60_edge33_edge20_next_open_positive_signal_inverse_c10,2025-08,0.009635865845311288
q60_edge33_edge20_next_open_positive_signal_inverse_c10,2025-09,0.016741633199464534
q60_edge33_edge20_next_open_positive_signal_inverse_c10,2025-10,0.05573617348392235
q60_edge33_edge20_next_open_positive_signal_inverse_c10,2025-11,0.0
q60_edge33_edge20_next_open_positive_signal_inverse_c10,2025-12,-0.013834319526626946
q60_edge33_edge20_next_open_positive_signal_inverse_c10,2026-01,-0.05645517010222867
q60_edge33_edge20_next_open_positive_signal_inverse_c10,2026-02,0.18772507464466492
q60_edge33_edge20_next_open_positive_signal_inverse_c10,2026-03,0.030412874700305403
q60_edge33_edge20_next_open_positive_signal_inverse_c10,2026-04,-0.20143528729001936
q60_edge33_edge20_next_open_positive_signal_inverse_c5,2024-11,0.014624999999999999
q60_edge33_edge20_next_open_positive_signal_inverse_c5,2024-12,-0.043987395950875974
q60_edge33_edge20_next_open_positive_signal_inverse_c5,2025-01,-0.015116065426842962
q60_edge33_edge20_next_open_positive_signal_inverse_c5,2025-02,-0.021933404559958847
q60_edge33_edge20_next_open_positive_signal_inverse_c5,2025-03,0.0489650743458101
q60_edge33_edge20_next_open_positive_signal_inverse_c5,2025-04,0.2068550707518676
q60_edge33_edge20_next_open_positive_signal_inverse_c5,2025-05,0.02293952120957632
q60_edge33_edge20_next_open_positive_signal_inverse_c5,2025-06,-0.018192254220761872
q60_edge33_edge20_next_open_positive_signal_inverse_c5,2025-07,0.03753540656744647
q60_edge33_edge20_next_open_positive_signal_inverse_c5,2025-08,0.010635865845311288
q60_edge33_edge20_next_open_positive_signal_inverse_c5,2025-09,0.017741633199464535
q60_edge33_edge20_next_open_positive_signal_inverse_c5,2025-10,0.05873617348392235
q60_edge33_edge20_next_open_positive_signal_inverse_c5,2025-11,0.0
q60_edge33_edge20_next_open_positive_signal_inverse_c5,2025-12,-0.012834319526626947
q60_edge33_edge20_next_open_positive_signal_inverse_c5,2026-01,-0.05445517010222867
q60_edge33_edge20_next_open_positive_signal_inverse_c5,2026-02,0.19472507464466493
q60_edge33_edge20_next_open_positive_signal_inverse_c5,2026-03,0.033412874700305406
q60_edge33_edge20_next_open_positive_signal_inverse_c5,2026-04,-0.19943528729001936
q60_edge33_edge40_next_0934_close_both_reversal_c10,2024-11,0.04328219142540746
q60_edge33_edge40_next_0934_close_both_reversal_c10,2024-12,-0.01461038330907327
q60_edge33_edge40_next_0934_close_both_reversal_c10,2025-01,0.010771678243334028
q60_edge33_edge40_next_0934_close_both_reversal_c10,2025-02,-0.057622641234127525
q60_edge33_edge40_next_0934_close_both_reversal_c10,2025-03,0.22405309939180096
q60_edge33_edge40_next_0934_close_both_reversal_c10,2025-04,0.08626413647770947
q60_edge33_edge40_next_0934_close_both_reversal_c10,2025-05,0.16087841900966415
q60_edge33_edge40_next_0934_close_both_reversal_c10,2025-06,0.009122778479337405
q60_edge33_edge40_next_0934_close_both_reversal_c10,2025-07,-0.05883409793431882
q60_edge33_edge40_next_0934_close_both_reversal_c10,2025-08,-0.05692668421620406
q60_edge33_edge40_next_0934_close_both_reversal_c10,2025-09,0.030858000843955402
q60_edge33_edge40_next_0934_close_both_reversal_c10,2025-10,0.01884428295000684
q60_edge33_edge40_next_0934_close_both_reversal_c10,2025-11,0.07400021263891732
q60_edge33_edge40_next_0934_close_both_reversal_c10,2025-12,-0.008437718672557711
q60_edge33_edge40_next_0934_close_both_reversal_c10,2026-01,0.041220594006776134
q60_edge33_edge40_next_0934_close_both_reversal_c10,2026-02,0.16922437447889072
q60_edge33_edge40_next_0934_close_both_reversal_c10,2026-03,0.08618386908989151
q60_edge33_edge40_next_0934_close_both_reversal_c10,2026-04,-0.3044779621457232
q60_edge33_edge40_next_0934_close_both_reversal_c5,2024-11,0.04828219142540746
q60_edge33_edge40_next_0934_close_both_reversal_c5,2024-12,-0.01361038330907327
q60_edge33_edge40_next_0934_close_both_reversal_c5,2025-01,0.011771678243334027
q60_edge33_edge40_next_0934_close_both_reversal_c5,2025-02,-0.05562264123412752
q60_edge33_edge40_next_0934_close_both_reversal_c5,2025-03,0.22905309939180096
q60_edge33_edge40_next_0934_close_both_reversal_c5,2025-04,0.09526413647770948
q60_edge33_edge40_next_0934_close_both_reversal_c5,2025-05,0.16387841900966416
q60_edge33_edge40_next_0934_close_both_reversal_c5,2025-06,0.012122778479337404
q60_edge33_edge40_next_0934_close_both_reversal_c5,2025-07,-0.053834097934318814
q60_edge33_edge40_next_0934_close_both_reversal_c5,2025-08,-0.052926684216204056
q60_edge33_edge40_next_0934_close_both_reversal_c5,2025-09,0.032858000843955404
q60_edge33_edge40_next_0934_close_both_reversal_c5,2025-10,0.020844282950006843
q60_edge33_edge40_next_0934_close_both_reversal_c5,2025-11,0.08400021263891733
q60_edge33_edge40_next_0934_close_both_reversal_c5,2025-12,-0.006437718672557711
q60_edge33_edge40_next_0934_close_both_reversal_c5,2026-01,0.04622059400677614
q60_edge33_edge40_next_0934_close_both_reversal_c5,2026-02,0.18022437447889073
q60_edge33_edge40_next_0934_close_both_reversal_c5,2026-03,0.09618386908989152
q60_edge33_edge40_next_0934_close_both_reversal_c5,2026-04,-0.3004779621457232
q60_edge33_edge40_next_0934_close_negative_signal_bull_c10,2024-11,0.04940246279122018
q60_edge33_edge40_next_0934_close_negative_signal_bull_c10,2024-12,0.0
q60_edge33_edge40_next_0934_close_negative_signal_bull_c10,2025-01,0.0
q60_edge33_edge40_next_0934_close_negative_signal_bull_c10,2025-02,-0.03813138686131379
q60_edge33_edge40_next_0934_close_negative_signal_bull_c10,2025-03,0.13708274000930654
q60_edge33_edge40_next_0934_close_negative_signal_bull_c10,2025-04,-0.14525295922840853
q60_edge33_edge40_next_0934_close_negative_signal_bull_c10,2025-05,0.15153864580512777
q60_edge33_edge40_next_0934_close_negative_signal_bull_c10,2025-06,0.0
q60_edge33_edge40_next_0934_close_negative_signal_bull_c10,2025-07,-0.1089351259575454
q60_edge33_edge40_next_0934_close_negative_signal_bull_c10,2025-08,-0.021053341064510064
q60_edge33_edge40_next_0934_close_negative_signal_bull_c10,2025-09,0.0
q60_edge33_edge40_next_0934_close_negative_signal_bull_c10,2025-10,0.02885376162299247
q60_edge33_edge40_next_0934_close_negative_signal_bull_c10,2025-11,0.0038828710539464753
q60_edge33_edge40_next_0934_close_negative_signal_bull_c10,2025-12,-0.0034791387909013354
q60_edge33_edge40_next_0934_close_negative_signal_bull_c10,2026-01,0.11509155093655643
q60_edge33_edge40_next_0934_close_negative_signal_bull_c10,2026-02,0.048376375884457534
q60_edge33_edge40_next_0934_close_negative_signal_bull_c10,2026-03,0.11272591127095921
q60_edge33_edge40_next_0934_close_negative_signal_bull_c10,2026-04,0.0
q60_edge33_edge40_next_0934_close_negative_signal_bull_c5,2024-11,0.05240246279122018
q60_edge33_edge40_next_0934_close_negative_signal_bull_c5,2024-12,0.0
q60_edge33_edge40_next_0934_close_negative_signal_bull_c5,2025-01,0.0
q60_edge33_edge40_next_0934_close_negative_signal_bull_c5,2025-02,-0.037131386861313787
q60_edge33_edge40_next_0934_close_negative_signal_bull_c5,2025-03,0.14008274000930654
q60_edge33_edge40_next_0934_close_negative_signal_bull_c5,2025-04,-0.14425295922840853
q60_edge33_edge40_next_0934_close_negative_signal_bull_c5,2025-05,0.15353864580512777
q60_edge33_edge40_next_0934_close_negative_signal_bull_c5,2025-06,0.0
q60_edge33_edge40_next_0934_close_negative_signal_bull_c5,2025-07,-0.1059351259575454
q60_edge33_edge40_next_0934_close_negative_signal_bull_c5,2025-08,-0.018053341064510064
q60_edge33_edge40_next_0934_close_negative_signal_bull_c5,2025-09,0.0
q60_edge33_edge40_next_0934_close_negative_signal_bull_c5,2025-10,0.02985376162299247
q60_edge33_edge40_next_0934_close_negative_signal_bull_c5,2025-11,0.009882871053946474
q60_edge33_edge40_next_0934_close_negative_signal_bull_c5,2025-12,-0.0024791387909013354
q60_edge33_edge40_next_0934_close_negative_signal_bull_c5,2026-01,0.11809155093655643
q60_edge33_edge40_next_0934_close_negative_signal_bull_c5,2026-02,0.05237637588445754
q60_edge33_edge40_next_0934_close_negative_signal_bull_c5,2026-03,0.11972591127095922
q60_edge33_edge40_next_0934_close_negative_signal_bull_c5,2026-04,0.0
q60_edge33_edge40_next_0934_close_positive_signal_inverse_c10,2024-11,-0.006120271365812724
q60_edge33_edge40_next_0934_close_positive_signal_inverse_c10,2024-12,-0.01461038330907327
q60_edge33_edge40_next_0934_close_positive_signal_inverse_c10,2025-01,0.010771678243334028
q60_edge33_edge40_next_0934_close_positive_signal_inverse_c10,2025-02,-0.019491254372813738
q60_edge33_edge40_next_0934_close_positive_signal_inverse_c10,2025-03,0.08697035938249442
q60_edge33_edge40_next_0934_close_positive_signal_inverse_c10,2025-04,0.231517095706118
q60_edge33_edge40_next_0934_close_positive_signal_inverse_c10,2025-05,0.009339773204536385
q60_edge33_edge40_next_0934_close_positive_signal_inverse_c10,2025-06,0.009122778479337405
q60_edge33_edge40_next_0934_close_positive_signal_inverse_c10,2025-07,0.05010102802322658
q60_edge33_edge40_next_0934_close_positive_signal_inverse_c10,2025-08,-0.03587334315169399
q60_edge33_edge40_next_0934_close_positive_signal_inverse_c10,2025-09,0.030858000843955402
q60_edge33_edge40_next_0934_close_positive_signal_inverse_c10,2025-10,-0.010009478672985626
q60_edge33_edge40_next_0934_close_positive_signal_inverse_c10,2025-11,0.07011734158497085
q60_edge33_edge40_next_0934_close_positive_signal_inverse_c10,2025-12,-0.004958579881656376
q60_edge33_edge40_next_0934_close_positive_signal_inverse_c10,2026-01,-0.0738709569297803
q60_edge33_edge40_next_0934_close_positive_signal_inverse_c10,2026-02,0.12084799859443318
q60_edge33_edge40_next_0934_close_positive_signal_inverse_c10,2026-03,-0.026542042181067704
q60_edge33_edge40_next_0934_close_positive_signal_inverse_c10,2026-04,-0.3044779621457232
q60_edge33_edge40_next_0934_close_positive_signal_inverse_c5,2024-11,-0.004120271365812722
q60_edge33_edge40_next_0934_close_positive_signal_inverse_c5,2024-12,-0.01361038330907327
q60_edge33_edge40_next_0934_close_positive_signal_inverse_c5,2025-01,0.011771678243334027
q60_edge33_edge40_next_0934_close_positive_signal_inverse_c5,2025-02,-0.018491254372813737
q60_edge33_edge40_next_0934_close_positive_signal_inverse_c5,2025-03,0.08897035938249442
q60_edge33_edge40_next_0934_close_positive_signal_inverse_c5,2025-04,0.239517095706118
q60_edge33_edge40_next_0934_close_positive_signal_inverse_c5,2025-05,0.010339773204536384
q60_edge33_edge40_next_0934_close_positive_signal_inverse_c5,2025-06,0.012122778479337404
q60_edge33_edge40_next_0934_close_positive_signal_inverse_c5,2025-07,0.05210102802322658
q60_edge33_edge40_next_0934_close_positive_signal_inverse_c5,2025-08,-0.03487334315169399
q60_edge33_edge40_next_0934_close_positive_signal_inverse_c5,2025-09,0.032858000843955404
q60_edge33_edge40_next_0934_close_positive_signal_inverse_c5,2025-10,-0.009009478672985627
q60_edge33_edge40_next_0934_close_positive_signal_inverse_c5,2025-11,0.07411734158497085
q60_edge33_edge40_next_0934_close_positive_signal_inverse_c5,2025-12,-0.003958579881656376
q60_edge33_edge40_next_0934_close_positive_signal_inverse_c5,2026-01,-0.0718709569297803
q60_edge33_edge40_next_0934_close_positive_signal_inverse_c5,2026-02,0.1278479985944332
q60_edge33_edge40_next_0934_close_positive_signal_inverse_c5,2026-03,-0.0235420421810677
q60_edge33_edge40_next_0934_close_positive_signal_inverse_c5,2026-04,-0.3004779621457232
q60_edge33_edge40_next_open_both_reversal_c10,2024-11,-0.0075994958438518855
q60_edge33_edge40_next_open_both_reversal_c10,2024-12,-0.021893255701115888
q60_edge33_edge40_next_open_both_reversal_c10,2025-01,-0.016116065426842963
q60_edge33_edge40_next_open_both_reversal_c10,2025-02,-0.0560217993193185
q60_edge33_edge40_next_open_both_reversal_c10,2025-03,0.16146149935479792
q60_edge33_edge40_next_open_both_reversal_c10,2025-04,0.07804753019947841
q60_edge33_edge40_next_open_both_reversal_c10,2025-05,0.15643213356110963
q60_edge33_edge40_next_open_both_reversal_c10,2025-06,-0.021192254220761875
q60_edge33_edge40_next_open_both_reversal_c10,2025-07,-0.06536720764779491
q60_edge33_edge40_next_open_both_reversal_c10,2025-08,-0.012467564837877806
q60_edge33_edge40_next_open_both_reversal_c10,2025-09,0.010665546242942693
q60_edge33_edge40_next_open_both_reversal_c10,2025-10,0.043230112213707095
q60_edge33_edge40_next_open_both_reversal_c10,2025-11,0.03232660731156667
q60_edge33_edge40_next_open_both_reversal_c10,2025-12,-0.02447073845376468
q60_edge33_edge40_next_open_both_reversal_c10,2026-01,0.08390745241387121
q60_edge33_edge40_next_open_both_reversal_c10,2026-02,0.23180146834611703
q60_edge33_edge40_next_open_both_reversal_c10,2026-03,0.08101926351852973
q60_edge33_edge40_next_open_both_reversal_c10,2026-04,-0.2494360549834791
q60_edge33_edge40_next_open_both_reversal_c5,2024-11,-0.0025994958438518845
q60_edge33_edge40_next_open_both_reversal_c5,2024-12,-0.020893255701115887
q60_edge33_edge40_next_open_both_reversal_c5,2025-01,-0.015116065426842962
q60_edge33_edge40_next_open_both_reversal_c5,2025-02,-0.0540217993193185
q60_edge33_edge40_next_open_both_reversal_c5,2025-03,0.16646149935479793
q60_edge33_edge40_next_open_both_reversal_c5,2025-04,0.08704753019947842
q60_edge33_edge40_next_open_both_reversal_c5,2025-05,0.15943213356110963
q60_edge33_edge40_next_open_both_reversal_c5,2025-06,-0.018192254220761872
q60_edge33_edge40_next_open_both_reversal_c5,2025-07,-0.06036720764779491
q60_edge33_edge40_next_open_both_reversal_c5,2025-08,-0.008467564837877804
q60_edge33_edge40_next_open_both_reversal_c5,2025-09,0.012665546242942693
q60_edge33_edge40_next_open_both_reversal_c5,2025-10,0.0452301122137071
q60_edge33_edge40_next_open_both_reversal_c5,2025-11,0.04232660731156668
q60_edge33_edge40_next_open_both_reversal_c5,2025-12,-0.022470738453764683
q60_edge33_edge40_next_open_both_reversal_c5,2026-01,0.08890745241387121
q60_edge33_edge40_next_open_both_reversal_c5,2026-02,0.24280146834611704
q60_edge33_edge40_next_open_both_reversal_c5,2026-03,0.09101926351852974
q60_edge33_edge40_next_open_both_reversal_c5,2026-04,-0.2454360549834791
q60_edge33_edge40_next_open_negative_signal_bull_c10,2024-11,0.016851710074267334
q60_edge33_edge40_next_open_negative_signal_bull_c10,2024-12,0.0
q60_edge33_edge40_next_open_negative_signal_bull_c10,2025-01,0.0
q60_edge33_edge40_next_open_negative_signal_bull_c10,2025-02,-0.04652554744525539
q60_edge33_edge40_next_open_negative_signal_bull_c10,2025-03,0.11449642500898782
q60_edge33_edge40_next_open_negative_signal_bull_c10,2025-04,-0.12080754055238918
q60_edge33_edge40_next_open_negative_signal_bull_c10,2025-05,0.1344926123515333
q60_edge33_edge40_next_open_negative_signal_bull_c10,2025-06,0.0
q60_edge33_edge40_next_open_negative_signal_bull_c10,2025-07,-0.10090261421524138
q60_edge33_edge40_next_open_negative_signal_bull_c10,2025-08,0.01309649996330076
q60_edge33_edge40_next_open_negative_signal_bull_c10,2025-09,0.0
q60_edge33_edge40_next_open_negative_signal_bull_c10,2025-10,0.028642434488588497
q60_edge33_edge40_next_open_negative_signal_bull_c10,2025-11,-0.048499975479833535
q60_edge33_edge40_next_open_negative_signal_bull_c10,2025-12,-0.010636418927137735
q60_edge33_edge40_next_open_negative_signal_bull_c10,2026-01,0.14036262251609988
q60_edge33_edge40_next_open_negative_signal_bull_c10,2026-02,0.04407639370145211
q60_edge33_edge40_next_open_negative_signal_bull_c10,2026-03,0.050606388818224324
q60_edge33_edge40_next_open_negative_signal_bull_c10,2026-04,0.0
q60_edge33_edge40_next_open_negative_signal_bull_c5,2024-11,0.019851710074267337
q60_edge33_edge40_next_open_negative_signal_bull_c5,2024-12,0.0
q60_edge33_edge40_next_open_negative_signal_bull_c5,2025-01,0.0
q60_edge33_edge40_next_open_negative_signal_bull_c5,2025-02,-0.04552554744525539
q60_edge33_edge40_next_open_negative_signal_bull_c5,2025-03,0.11749642500898783
q60_edge33_edge40_next_open_negative_signal_bull_c5,2025-04,-0.11980754055238918
q60_edge33_edge40_next_open_negative_signal_bull_c5,2025-05,0.13649261235153332
q60_edge33_edge40_next_open_negative_signal_bull_c5,2025-06,0.0
q60_edge33_edge40_next_open_negative_signal_bull_c5,2025-07,-0.09790261421524138
q60_edge33_edge40_next_open_negative_signal_bull_c5,2025-08,0.01609649996330076
q60_edge33_edge40_next_open_negative_signal_bull_c5,2025-09,0.0
q60_edge33_edge40_next_open_negative_signal_bull_c5,2025-10,0.0296424344885885
q60_edge33_edge40_next_open_negative_signal_bull_c5,2025-11,-0.04249997547983353
q60_edge33_edge40_next_open_negative_signal_bull_c5,2025-12,-0.009636418927137735
q60_edge33_edge40_next_open_negative_signal_bull_c5,2026-01,0.14336262251609988
q60_edge33_edge40_next_open_negative_signal_bull_c5,2026-02,0.048076393701452114
q60_edge33_edge40_next_open_negative_signal_bull_c5,2026-03,0.05760638881822433
q60_edge33_edge40_next_open_negative_signal_bull_c5,2026-04,0.0
q60_edge33_edge40_next_open_positive_signal_inverse_c10,2024-11,-0.024451205918119223
q60_edge33_edge40_next_open_positive_signal_inverse_c10,2024-12,-0.021893255701115888
q60_edge33_edge40_next_open_positive_signal_inverse_c10,2025-01,-0.016116065426842963
q60_edge33_edge40_next_open_positive_signal_inverse_c10,2025-02,-0.009496251874063109
q60_edge33_edge40_next_open_positive_signal_inverse_c10,2025-03,0.0469650743458101
q60_edge33_edge40_next_open_positive_signal_inverse_c10,2025-04,0.1988550707518676
q60_edge33_edge40_next_open_positive_signal_inverse_c10,2025-05,0.021939521209576318
q60_edge33_edge40_next_open_positive_signal_inverse_c10,2025-06,-0.021192254220761875
q60_edge33_edge40_next_open_positive_signal_inverse_c10,2025-07,0.03553540656744647
q60_edge33_edge40_next_open_positive_signal_inverse_c10,2025-08,-0.025564064801178565
q60_edge33_edge40_next_open_positive_signal_inverse_c10,2025-09,0.010665546242942693
q60_edge33_edge40_next_open_positive_signal_inverse_c10,2025-10,0.014587677725118599
q60_edge33_edge40_next_open_positive_signal_inverse_c10,2025-11,0.0808265827914002
q60_edge33_edge40_next_open_positive_signal_inverse_c10,2025-12,-0.013834319526626946
q60_edge33_edge40_next_open_positive_signal_inverse_c10,2026-01,-0.05645517010222867
q60_edge33_edge40_next_open_positive_signal_inverse_c10,2026-02,0.18772507464466492
q60_edge33_edge40_next_open_positive_signal_inverse_c10,2026-03,0.030412874700305403
q60_edge33_edge40_next_open_positive_signal_inverse_c10,2026-04,-0.2494360549834791
q60_edge33_edge40_next_open_positive_signal_inverse_c5,2024-11,-0.02245120591811922
q60_edge33_edge40_next_open_positive_signal_inverse_c5,2024-12,-0.020893255701115887
q60_edge33_edge40_next_open_positive_signal_inverse_c5,2025-01,-0.015116065426842962
q60_edge33_edge40_next_open_positive_signal_inverse_c5,2025-02,-0.00849625187406311
q60_edge33_edge40_next_open_positive_signal_inverse_c5,2025-03,0.0489650743458101
q60_edge33_edge40_next_open_positive_signal_inverse_c5,2025-04,0.2068550707518676
q60_edge33_edge40_next_open_positive_signal_inverse_c5,2025-05,0.02293952120957632
q60_edge33_edge40_next_open_positive_signal_inverse_c5,2025-06,-0.018192254220761872
q60_edge33_edge40_next_open_positive_signal_inverse_c5,2025-07,0.03753540656744647
q60_edge33_edge40_next_open_positive_signal_inverse_c5,2025-08,-0.024564064801178565
q60_edge33_edge40_next_open_positive_signal_inverse_c5,2025-09,0.012665546242942693
q60_edge33_edge40_next_open_positive_signal_inverse_c5,2025-10,0.015587677725118598
q60_edge33_edge40_next_open_positive_signal_inverse_c5,2025-11,0.0848265827914002
q60_edge33_edge40_next_open_positive_signal_inverse_c5,2025-12,-0.012834319526626947
q60_edge33_edge40_next_open_positive_signal_inverse_c5,2026-01,-0.05445517010222867
q60_edge33_edge40_next_open_positive_signal_inverse_c5,2026-02,0.19472507464466493
q60_edge33_edge40_next_open_positive_signal_inverse_c5,2026-03,0.033412874700305406
q60_edge33_edge40_next_open_positive_signal_inverse_c5,2026-04,-0.2454360549834791
