variant,month,gross_pnl
K1_M1_decile_actionable_oc_all,2024-11,-0.06421347101695606
K1_M1_decile_actionable_oc_all,2024-12,0.002485517261905767
K1_M1_decile_actionable_oc_all,2025-01,-0.054660759028806766
K1_M1_decile_actionable_oc_all,2025-02,-0.01539150818663
K1_M1_decile_actionable_oc_all,2025-03,-0.007773920194358319
K1_M1_decile_actionable_oc_all,2025-04,0.05746212680264254
K1_M1_decile_actionable_oc_all,2025-05,-0.017932501799158205
K1_M1_decile_actionable_oc_all,2025-06,-0.07670045358818649
K1_M1_decile_actionable_oc_all,2025-07,-0.018620216842076175
K1_M1_decile_actionable_oc_all,2025-08,-0.0204506224319383
K1_M1_decile_actionable_oc_all,2025-09,-0.02263920867126031
K1_M1_decile_actionable_oc_all,2025-10,-0.027446539804986077
K1_M1_decile_actionable_oc_all,2025-11,0.006008093051590305
K1_M1_decile_actionable_oc_all,2025-12,-0.007468600736181433
K1_M1_decile_actionable_oc_all,2026-01,0.0002968389264556195
K1_M1_decile_actionable_oc_all,2026-02,0.0012766062269575292
K1_M1_decile_actionable_oc_all,2026-03,0.08263920581552382
K1_M1_decile_actionable_oc_all,2026-04,-0.059253757970509593
K1_M1_decile_actionable_oc_high_market_vol,2024-11,0.0
K1_M1_decile_actionable_oc_high_market_vol,2024-12,0.0
K1_M1_decile_actionable_oc_high_market_vol,2025-01,0.0
K1_M1_decile_actionable_oc_high_market_vol,2025-02,-0.03040988864272161
K1_M1_decile_actionable_oc_high_market_vol,2025-03,-0.004743399826779853
K1_M1_decile_actionable_oc_high_market_vol,2025-04,0.05746212680264254
K1_M1_decile_actionable_oc_high_market_vol,2025-05,-0.010525244847772024
K1_M1_decile_actionable_oc_high_market_vol,2025-06,0.008659156184819094
K1_M1_decile_actionable_oc_high_market_vol,2025-07,0.0
K1_M1_decile_actionable_oc_high_market_vol,2025-08,-0.005893680362899385
K1_M1_decile_actionable_oc_high_market_vol,2025-09,0.0
K1_M1_decile_actionable_oc_high_market_vol,2025-10,0.0
K1_M1_decile_actionable_oc_high_market_vol,2025-11,7.184456743866956e-05
K1_M1_decile_actionable_oc_high_market_vol,2025-12,0.0
K1_M1_decile_actionable_oc_high_market_vol,2026-01,0.0
K1_M1_decile_actionable_oc_high_market_vol,2026-02,0.017959333286043908
K1_M1_decile_actionable_oc_high_market_vol,2026-03,0.050972793228559375
K1_M1_decile_actionable_oc_high_market_vol,2026-04,-0.03959383870954459
K1_M1_decile_actionable_oc_high_noise,2024-11,0.0
K1_M1_decile_actionable_oc_high_noise,2024-12,0.0
K1_M1_decile_actionable_oc_high_noise,2025-01,-0.025193208997724734
K1_M1_decile_actionable_oc_high_noise,2025-02,0.02662559692603406
K1_M1_decile_actionable_oc_high_noise,2025-03,-0.003001645175184358
K1_M1_decile_actionable_oc_high_noise,2025-04,0.042312729518951146
K1_M1_decile_actionable_oc_high_noise,2025-05,-0.00965456937430335
K1_M1_decile_actionable_oc_high_noise,2025-06,-0.014469438813478482
K1_M1_decile_actionable_oc_high_noise,2025-07,0.00023681964227942331
K1_M1_decile_actionable_oc_high_noise,2025-08,-0.016943270703780097
K1_M1_decile_actionable_oc_high_noise,2025-09,-0.00495660259782467
K1_M1_decile_actionable_oc_high_noise,2025-10,-0.022770102633304867
K1_M1_decile_actionable_oc_high_noise,2025-11,0.014296206548114873
K1_M1_decile_actionable_oc_high_noise,2025-12,0.012507340157058922
K1_M1_decile_actionable_oc_high_noise,2026-01,0.0017654261220887639
K1_M1_decile_actionable_oc_high_noise,2026-02,-0.015871237612528552
K1_M1_decile_actionable_oc_high_noise,2026-03,0.048460415429960685
K1_M1_decile_actionable_oc_high_noise,2026-04,-0.018814677346297742
K1_M1_decile_source_cc_all,2024-11,-0.061170425146183975
K1_M1_decile_source_cc_all,2024-12,0.0033915832332332965
K1_M1_decile_source_cc_all,2025-01,-0.05410647597058275
K1_M1_decile_source_cc_all,2025-02,-0.013535903344208542
K1_M1_decile_source_cc_all,2025-03,-0.003823402761099918
K1_M1_decile_source_cc_all,2025-04,0.06145133192537234
K1_M1_decile_source_cc_all,2025-05,-0.016505581594701807
K1_M1_decile_source_cc_all,2025-06,-0.07501518409690175
K1_M1_decile_source_cc_all,2025-07,-0.017190169684493745
K1_M1_decile_source_cc_all,2025-08,-0.018822643330787012
K1_M1_decile_source_cc_all,2025-09,-0.020593329792555376
K1_M1_decile_source_cc_all,2025-10,-0.02493117774965006
K1_M1_decile_source_cc_all,2025-11,0.007764386190489816
K1_M1_decile_source_cc_all,2025-12,-0.006913636854639301
K1_M1_decile_source_cc_all,2026-01,-0.0011165671674225443
K1_M1_decile_source_cc_all,2026-02,0.000977814741067831
K1_M1_decile_source_cc_all,2026-03,0.08572389515596092
K1_M1_decile_source_cc_all,2026-04,-0.057530914281508125
K1_M1_decile_source_cc_high_market_vol,2024-11,0.0
K1_M1_decile_source_cc_high_market_vol,2024-12,0.0
K1_M1_decile_source_cc_high_market_vol,2025-01,0.0
K1_M1_decile_source_cc_high_market_vol,2025-02,-0.02994276963570241
K1_M1_decile_source_cc_high_market_vol,2025-03,-0.0027960428983194075
K1_M1_decile_source_cc_high_market_vol,2025-04,0.06145133192537234
K1_M1_decile_source_cc_high_market_vol,2025-05,-0.00864745190352023
K1_M1_decile_source_cc_high_market_vol,2025-06,0.009336684094029183
K1_M1_decile_source_cc_high_market_vol,2025-07,0.0
K1_M1_decile_source_cc_high_market_vol,2025-08,-0.004813954387479046
K1_M1_decile_source_cc_high_market_vol,2025-09,0.0
K1_M1_decile_source_cc_high_market_vol,2025-10,0.0
K1_M1_decile_source_cc_high_market_vol,2025-11,0.0002789463230367037
K1_M1_decile_source_cc_high_market_vol,2025-12,0.0
K1_M1_decile_source_cc_high_market_vol,2026-01,0.0
K1_M1_decile_source_cc_high_market_vol,2026-02,0.017583129871763515
K1_M1_decile_source_cc_high_market_vol,2026-03,0.05286365519831998
K1_M1_decile_source_cc_high_market_vol,2026-04,-0.03816260994307823
K1_M1_decile_source_cc_high_noise,2024-11,0.0
K1_M1_decile_source_cc_high_noise,2024-12,0.0
K1_M1_decile_source_cc_high_noise,2025-01,-0.02574354924083017
K1_M1_decile_source_cc_high_noise,2025-02,0.02632759474796236
K1_M1_decile_source_cc_high_noise,2025-03,-0.000220480290244253
K1_M1_decile_source_cc_high_noise,2025-04,0.04526153479346723
K1_M1_decile_source_cc_high_noise,2025-05,-0.009536766356008473
K1_M1_decile_source_cc_high_noise,2025-06,-0.014636507085062707
K1_M1_decile_source_cc_high_noise,2025-07,0.0003212767850357263
K1_M1_decile_source_cc_high_noise,2025-08,-0.01657755448716033
K1_M1_decile_source_cc_high_noise,2025-09,-0.005230484032303965
K1_M1_decile_source_cc_high_noise,2025-10,-0.02225469955715568
K1_M1_decile_source_cc_high_noise,2025-11,0.01545454526574965
K1_M1_decile_source_cc_high_noise,2025-12,0.012919359068094837
K1_M1_decile_source_cc_high_noise,2026-01,0.001619132149186812
K1_M1_decile_source_cc_high_noise,2026-02,-0.016515582864007478
K1_M1_decile_source_cc_high_noise,2026-03,0.04994888152145434
K1_M1_decile_source_cc_high_noise,2026-04,-0.01902233784514537
K1_M1_quintile_actionable_oc_all,2024-11,-0.04185835672644036
K1_M1_quintile_actionable_oc_all,2024-12,0.0029894213726816216
K1_M1_quintile_actionable_oc_all,2025-01,-0.02826349865079568
K1_M1_quintile_actionable_oc_all,2025-02,-0.009537538597272181
K1_M1_quintile_actionable_oc_all,2025-03,-0.014826564038950352
K1_M1_quintile_actionable_oc_all,2025-04,0.04280447444644025
K1_M1_quintile_actionable_oc_all,2025-05,-0.016538915920898276
K1_M1_quintile_actionable_oc_all,2025-06,-0.035550626736600685
K1_M1_quintile_actionable_oc_all,2025-07,-0.027895190281470805
K1_M1_quintile_actionable_oc_all,2025-08,-0.011631241878502466
K1_M1_quintile_actionable_oc_all,2025-09,-0.009811965331875906
K1_M1_quintile_actionable_oc_all,2025-10,0.003908617957565175
K1_M1_quintile_actionable_oc_all,2025-11,-0.0003411740440111737
K1_M1_quintile_actionable_oc_all,2025-12,0.00895401820485655
K1_M1_quintile_actionable_oc_all,2026-01,-0.004743634066943443
K1_M1_quintile_actionable_oc_all,2026-02,0.023404021062001023
K1_M1_quintile_actionable_oc_all,2026-03,0.057622510860614824
K1_M1_quintile_actionable_oc_all,2026-04,-0.04292282734405442
K1_M1_quintile_actionable_oc_high_market_vol,2024-11,0.0
K1_M1_quintile_actionable_oc_high_market_vol,2024-12,0.0
K1_M1_quintile_actionable_oc_high_market_vol,2025-01,0.0
K1_M1_quintile_actionable_oc_high_market_vol,2025-02,-0.027623857868293945
K1_M1_quintile_actionable_oc_high_market_vol,2025-03,-0.010124523627671063
K1_M1_quintile_actionable_oc_high_market_vol,2025-04,0.04280447444644025
K1_M1_quintile_actionable_oc_high_market_vol,2025-05,-0.013792460938443331
K1_M1_quintile_actionable_oc_high_market_vol,2025-06,0.008644472585738963
K1_M1_quintile_actionable_oc_high_market_vol,2025-07,0.0
K1_M1_quintile_actionable_oc_high_market_vol,2025-08,-0.008833228816857296
K1_M1_quintile_actionable_oc_high_market_vol,2025-09,0.0
K1_M1_quintile_actionable_oc_high_market_vol,2025-10,0.0
K1_M1_quintile_actionable_oc_high_market_vol,2025-11,0.00010696053087667218
K1_M1_quintile_actionable_oc_high_market_vol,2025-12,0.0
K1_M1_quintile_actionable_oc_high_market_vol,2026-01,0.0
K1_M1_quintile_actionable_oc_high_market_vol,2026-02,0.024744087705479336
K1_M1_quintile_actionable_oc_high_market_vol,2026-03,0.03611069008499586
K1_M1_quintile_actionable_oc_high_market_vol,2026-04,-0.034474741029661894
K1_M1_quintile_actionable_oc_high_noise,2024-11,0.0
K1_M1_quintile_actionable_oc_high_noise,2024-12,0.0
K1_M1_quintile_actionable_oc_high_noise,2025-01,-0.012228880470641697
K1_M1_quintile_actionable_oc_high_noise,2025-02,0.020763889953974223
K1_M1_quintile_actionable_oc_high_noise,2025-03,-0.0038203019363092384
K1_M1_quintile_actionable_oc_high_noise,2025-04,0.03634086099909506
K1_M1_quintile_actionable_oc_high_noise,2025-05,-0.006240879047402488
K1_M1_quintile_actionable_oc_high_noise,2025-06,-0.001650821379316077
K1_M1_quintile_actionable_oc_high_noise,2025-07,-8.339528591398769e-05
K1_M1_quintile_actionable_oc_high_noise,2025-08,-0.010747671274965422
K1_M1_quintile_actionable_oc_high_noise,2025-09,-0.002896500967258836
K1_M1_quintile_actionable_oc_high_noise,2025-10,-0.0075833577553580216
K1_M1_quintile_actionable_oc_high_noise,2025-11,0.0031811964429179704
K1_M1_quintile_actionable_oc_high_noise,2025-12,0.009191485070702334
K1_M1_quintile_actionable_oc_high_noise,2026-01,0.001811568011326743
K1_M1_quintile_actionable_oc_high_noise,2026-02,0.009532655704839485
K1_M1_quintile_actionable_oc_high_noise,2026-03,0.04306826680310395
K1_M1_quintile_actionable_oc_high_noise,2026-04,-0.01719290178920929
K1_M1_quintile_source_cc_all,2024-11,-0.03965888159078762
K1_M1_quintile_source_cc_all,2024-12,0.004325787033475147
K1_M1_quintile_source_cc_all,2025-01,-0.027778445253376968
K1_M1_quintile_source_cc_all,2025-02,-0.008585049008750862
K1_M1_quintile_source_cc_all,2025-03,-0.011234493481382384
K1_M1_quintile_source_cc_all,2025-04,0.046398711874146265
K1_M1_quintile_source_cc_all,2025-05,-0.015165372075025076
K1_M1_quintile_source_cc_all,2025-06,-0.034294407816484775
K1_M1_quintile_source_cc_all,2025-07,-0.02578386975586074
K1_M1_quintile_source_cc_all,2025-08,-0.010807957414051335
K1_M1_quintile_source_cc_all,2025-09,-0.008793190193866882
K1_M1_quintile_source_cc_all,2025-10,0.005272375750098934
K1_M1_quintile_source_cc_all,2025-11,-1.6162431785665503e-05
K1_M1_quintile_source_cc_all,2025-12,0.009681807887672563
K1_M1_quintile_source_cc_all,2026-01,-0.005586309069509698
K1_M1_quintile_source_cc_all,2026-02,0.023953645122487655
K1_M1_quintile_source_cc_all,2026-03,0.05986661763099293
K1_M1_quintile_source_cc_all,2026-04,-0.040987042358743016
K1_M1_quintile_source_cc_high_market_vol,2024-11,0.0
K1_M1_quintile_source_cc_high_market_vol,2024-12,0.0
K1_M1_quintile_source_cc_high_market_vol,2025-01,0.0
K1_M1_quintile_source_cc_high_market_vol,2025-02,-0.027419404918981167
K1_M1_quintile_source_cc_high_market_vol,2025-03,-0.00849095993704149
K1_M1_quintile_source_cc_high_market_vol,2025-04,0.046398711874146265
K1_M1_quintile_source_cc_high_market_vol,2025-05,-0.012623001643426945
K1_M1_quintile_source_cc_high_market_vol,2025-06,0.009074918950697675
K1_M1_quintile_source_cc_high_market_vol,2025-07,0.0
K1_M1_quintile_source_cc_high_market_vol,2025-08,-0.008350131489886267
K1_M1_quintile_source_cc_high_market_vol,2025-09,0.0
K1_M1_quintile_source_cc_high_market_vol,2025-10,0.0
K1_M1_quintile_source_cc_high_market_vol,2025-11,0.00020519057175089062
K1_M1_quintile_source_cc_high_market_vol,2025-12,0.0
K1_M1_quintile_source_cc_high_market_vol,2026-01,0.0
K1_M1_quintile_source_cc_high_market_vol,2026-02,0.024729627189854414
K1_M1_quintile_source_cc_high_market_vol,2026-03,0.03698204293637431
K1_M1_quintile_source_cc_high_market_vol,2026-04,-0.03298103744694171
K1_M1_quintile_source_cc_high_noise,2024-11,0.0
K1_M1_quintile_source_cc_high_noise,2024-12,0.0
K1_M1_quintile_source_cc_high_noise,2025-01,-0.012679543574542559
K1_M1_quintile_source_cc_high_noise,2025-02,0.02073279302249231
K1_M1_quintile_source_cc_high_noise,2025-03,-0.0020188418261519493
K1_M1_quintile_source_cc_high_noise,2025-04,0.03868526001144977
K1_M1_quintile_source_cc_high_noise,2025-05,-0.006187239332876765
K1_M1_quintile_source_cc_high_noise,2025-06,-0.0016926115404267564
K1_M1_quintile_source_cc_high_noise,2025-07,2.1173010791018018e-06
K1_M1_quintile_source_cc_high_noise,2025-08,-0.010294585803790978
K1_M1_quintile_source_cc_high_noise,2025-09,-0.003187026468743036
K1_M1_quintile_source_cc_high_noise,2025-10,-0.007146301961941622
K1_M1_quintile_source_cc_high_noise,2025-11,0.0036466793880969607
K1_M1_quintile_source_cc_high_noise,2025-12,0.009544132136227821
K1_M1_quintile_source_cc_high_noise,2026-01,0.0015441295640477922
K1_M1_quintile_source_cc_high_noise,2026-02,0.01017955002866744
K1_M1_quintile_source_cc_high_noise,2026-03,0.04448480454716361
K1_M1_quintile_source_cc_high_noise,2026-04,-0.01724393226516266
K1_M2_decile_actionable_oc_all,2024-11,-0.0384131909567062
K1_M2_decile_actionable_oc_all,2024-12,0.00841879949317999
K1_M2_decile_actionable_oc_all,2025-01,-0.03471133583502885
K1_M2_decile_actionable_oc_all,2025-02,-0.038238469276092715
K1_M2_decile_actionable_oc_all,2025-03,-0.001504860940847605
K1_M2_decile_actionable_oc_all,2025-04,0.03039738184064852
K1_M2_decile_actionable_oc_all,2025-05,-0.04278906249643934
K1_M2_decile_actionable_oc_all,2025-06,-0.10054681230154908
K1_M2_decile_actionable_oc_all,2025-07,-0.04694950281486057
K1_M2_decile_actionable_oc_all,2025-08,-0.024734570568718358
K1_M2_decile_actionable_oc_all,2025-09,-0.046724471552472086
K1_M2_decile_actionable_oc_all,2025-10,-0.03755332894121629
K1_M2_decile_actionable_oc_all,2025-11,0.01038672121180037
K1_M2_decile_actionable_oc_all,2025-12,-0.019174850507042523
K1_M2_decile_actionable_oc_all,2026-01,-0.024150382980704883
K1_M2_decile_actionable_oc_all,2026-02,-0.05573612456501054
K1_M2_decile_actionable_oc_all,2026-03,0.09691638785740755
K1_M2_decile_actionable_oc_all,2026-04,-0.10503629696136467
K1_M2_decile_actionable_oc_high_market_vol,2024-11,0.0
K1_M2_decile_actionable_oc_high_market_vol,2024-12,0.0
K1_M2_decile_actionable_oc_high_market_vol,2025-01,0.0
K1_M2_decile_actionable_oc_high_market_vol,2025-02,-0.05352696562658571
K1_M2_decile_actionable_oc_high_market_vol,2025-03,0.0019774615825400854
K1_M2_decile_actionable_oc_high_market_vol,2025-04,0.03039738184064852
K1_M2_decile_actionable_oc_high_market_vol,2025-05,-0.029181650507913447
K1_M2_decile_actionable_oc_high_market_vol,2025-06,0.005945522283383678
K1_M2_decile_actionable_oc_high_market_vol,2025-07,0.0
K1_M2_decile_actionable_oc_high_market_vol,2025-08,-0.010269184701999374
K1_M2_decile_actionable_oc_high_market_vol,2025-09,0.0
K1_M2_decile_actionable_oc_high_market_vol,2025-10,0.0
K1_M2_decile_actionable_oc_high_market_vol,2025-11,-0.01411539352465631
K1_M2_decile_actionable_oc_high_market_vol,2025-12,0.0
K1_M2_decile_actionable_oc_high_market_vol,2026-01,0.0
K1_M2_decile_actionable_oc_high_market_vol,2026-02,-0.04278565748164442
K1_M2_decile_actionable_oc_high_market_vol,2026-03,0.04298595829762475
K1_M2_decile_actionable_oc_high_market_vol,2026-04,-0.08892461130234677
K1_M2_decile_actionable_oc_high_noise,2024-11,0.0
K1_M2_decile_actionable_oc_high_noise,2024-12,0.0
K1_M2_decile_actionable_oc_high_noise,2025-01,-0.011921719499542228
K1_M2_decile_actionable_oc_high_noise,2025-02,0.013309449578815954
K1_M2_decile_actionable_oc_high_noise,2025-03,0.019748775933613637
K1_M2_decile_actionable_oc_high_noise,2025-04,0.02301645118491728
K1_M2_decile_actionable_oc_high_noise,2025-05,-0.007023575654254351
K1_M2_decile_actionable_oc_high_noise,2025-06,0.0015503224999118851
K1_M2_decile_actionable_oc_high_noise,2025-07,-0.002827267287766713
K1_M2_decile_actionable_oc_high_noise,2025-08,-0.008602510993759048
K1_M2_decile_actionable_oc_high_noise,2025-09,-0.008593826402761105
K1_M2_decile_actionable_oc_high_noise,2025-10,-0.0001270777081491415
K1_M2_decile_actionable_oc_high_noise,2025-11,-0.0012226378794271604
K1_M2_decile_actionable_oc_high_noise,2025-12,-0.002701249464499501
K1_M2_decile_actionable_oc_high_noise,2026-01,-0.005406001214816556
K1_M2_decile_actionable_oc_high_noise,2026-02,-0.048571083284567704
K1_M2_decile_actionable_oc_high_noise,2026-03,0.04376090221999164
K1_M2_decile_actionable_oc_high_noise,2026-04,-0.042033795629446216
K1_M2_decile_source_cc_all,2024-11,-0.035271906958406804
K1_M2_decile_source_cc_all,2024-12,0.009440578246994803
K1_M2_decile_source_cc_all,2025-01,-0.033904579769546694
K1_M2_decile_source_cc_all,2025-02,-0.03654314593278632
K1_M2_decile_source_cc_all,2025-03,0.0021811755045365276
K1_M2_decile_source_cc_all,2025-04,0.033549546419226195
K1_M2_decile_source_cc_all,2025-05,-0.04140394879068848
K1_M2_decile_source_cc_all,2025-06,-0.09912633203176884
K1_M2_decile_source_cc_all,2025-07,-0.04531302286746766
K1_M2_decile_source_cc_all,2025-08,-0.023544637196218222
K1_M2_decile_source_cc_all,2025-09,-0.04489545114714093
K1_M2_decile_source_cc_all,2025-10,-0.035486142207275514
K1_M2_decile_source_cc_all,2025-11,0.011947584616447352
K1_M2_decile_source_cc_all,2025-12,-0.018767433894494794
K1_M2_decile_source_cc_all,2026-01,-0.02572177876430304
K1_M2_decile_source_cc_all,2026-02,-0.05611922740746133
K1_M2_decile_source_cc_all,2026-03,0.0998492318956693
K1_M2_decile_source_cc_all,2026-04,-0.10412272788587126
K1_M2_decile_source_cc_high_market_vol,2024-11,0.0
K1_M2_decile_source_cc_high_market_vol,2024-12,0.0
K1_M2_decile_source_cc_high_market_vol,2025-01,0.0
K1_M2_decile_source_cc_high_market_vol,2025-02,-0.052964859030429176
K1_M2_decile_source_cc_high_market_vol,2025-03,0.004202030346976649
K1_M2_decile_source_cc_high_market_vol,2025-04,0.033549546419226195
K1_M2_decile_source_cc_high_market_vol,2025-05,-0.027340728203011238
K1_M2_decile_source_cc_high_market_vol,2025-06,0.006574527495211339
K1_M2_decile_source_cc_high_market_vol,2025-07,0.0
K1_M2_decile_source_cc_high_market_vol,2025-08,-0.009540015587064389
K1_M2_decile_source_cc_high_market_vol,2025-09,0.0
K1_M2_decile_source_cc_high_market_vol,2025-10,0.0
K1_M2_decile_source_cc_high_market_vol,2025-11,-0.014015431870104579
K1_M2_decile_source_cc_high_market_vol,2025-12,0.0
K1_M2_decile_source_cc_high_market_vol,2026-01,0.0
K1_M2_decile_source_cc_high_market_vol,2026-02,-0.04335916769576753
K1_M2_decile_source_cc_high_market_vol,2026-03,0.044759206924722995
K1_M2_decile_source_cc_high_market_vol,2026-04,-0.08795866063311165
K1_M2_decile_source_cc_high_noise,2024-11,0.0
K1_M2_decile_source_cc_high_noise,2024-12,0.0
K1_M2_decile_source_cc_high_noise,2025-01,-0.012529527522591408
K1_M2_decile_source_cc_high_noise,2025-02,0.01298954476985378
K1_M2_decile_source_cc_high_noise,2025-03,0.021964665133548753
K1_M2_decile_source_cc_high_noise,2025-04,0.02529280004939966
K1_M2_decile_source_cc_high_noise,2025-05,-0.006826518675566067
K1_M2_decile_source_cc_high_noise,2025-06,0.0014052179107689093
K1_M2_decile_source_cc_high_noise,2025-07,-0.0027731869384167458
K1_M2_decile_source_cc_high_noise,2025-08,-0.008295295915363553
K1_M2_decile_source_cc_high_noise,2025-09,-0.008916217911448327
K1_M2_decile_source_cc_high_noise,2025-10,0.00024562630526567177
K1_M2_decile_source_cc_high_noise,2025-11,-5.865777903808203e-05
K1_M2_decile_source_cc_high_noise,2025-12,-0.002360919884148338
K1_M2_decile_source_cc_high_noise,2026-01,-0.005609514882052672
K1_M2_decile_source_cc_high_noise,2026-02,-0.04939236399554879
K1_M2_decile_source_cc_high_noise,2026-03,0.045038977372625424
K1_M2_decile_source_cc_high_noise,2026-04,-0.04301416349416766
K1_M2_quintile_actionable_oc_all,2024-11,-0.029125963861939788
K1_M2_quintile_actionable_oc_all,2024-12,-0.0017500824971786733
K1_M2_quintile_actionable_oc_all,2025-01,-0.020981689110289498
K1_M2_quintile_actionable_oc_all,2025-02,-0.0380149170819509
K1_M2_quintile_actionable_oc_all,2025-03,-0.01662166083971601
K1_M2_quintile_actionable_oc_all,2025-04,0.040264320477602686
K1_M2_quintile_actionable_oc_all,2025-05,-0.023871248992876917
K1_M2_quintile_actionable_oc_all,2025-06,-0.045202103475106066
K1_M2_quintile_actionable_oc_all,2025-07,-0.033438136583741326
K1_M2_quintile_actionable_oc_all,2025-08,-0.002145364746965619
K1_M2_quintile_actionable_oc_all,2025-09,-0.03257401476297683
K1_M2_quintile_actionable_oc_all,2025-10,-0.015214115071959633
K1_M2_quintile_actionable_oc_all,2025-11,0.002413371669904924
K1_M2_quintile_actionable_oc_all,2025-12,-0.005727102582204412
K1_M2_quintile_actionable_oc_all,2026-01,-0.011408437153278998
K1_M2_quintile_actionable_oc_all,2026-02,0.006178143484724921
K1_M2_quintile_actionable_oc_all,2026-03,0.0616713968180356
K1_M2_quintile_actionable_oc_all,2026-04,-0.06049961426555073
K1_M2_quintile_actionable_oc_high_market_vol,2024-11,0.0
K1_M2_quintile_actionable_oc_high_market_vol,2024-12,0.0
K1_M2_quintile_actionable_oc_high_market_vol,2025-01,0.0
K1_M2_quintile_actionable_oc_high_market_vol,2025-02,-0.05005809282436244
K1_M2_quintile_actionable_oc_high_market_vol,2025-03,-0.00989970161202736
K1_M2_quintile_actionable_oc_high_market_vol,2025-04,0.040264320477602686
K1_M2_quintile_actionable_oc_high_market_vol,2025-05,-0.013070461305637958
K1_M2_quintile_actionable_oc_high_market_vol,2025-06,0.004166014283299784
K1_M2_quintile_actionable_oc_high_market_vol,2025-07,0.0
K1_M2_quintile_actionable_oc_high_market_vol,2025-08,-0.011055876886870783
K1_M2_quintile_actionable_oc_high_market_vol,2025-09,0.0
K1_M2_quintile_actionable_oc_high_market_vol,2025-10,0.0
K1_M2_quintile_actionable_oc_high_market_vol,2025-11,-0.008394289206899422
K1_M2_quintile_actionable_oc_high_market_vol,2025-12,0.0
K1_M2_quintile_actionable_oc_high_market_vol,2026-01,0.0
K1_M2_quintile_actionable_oc_high_market_vol,2026-02,-0.0003422973660790888
K1_M2_quintile_actionable_oc_high_market_vol,2026-03,0.03583532787747384
K1_M2_quintile_actionable_oc_high_market_vol,2026-04,-0.057099732092222966
K1_M2_quintile_actionable_oc_high_noise,2024-11,0.0
K1_M2_quintile_actionable_oc_high_noise,2024-12,0.0
K1_M2_quintile_actionable_oc_high_noise,2025-01,8.407328581401053e-05
K1_M2_quintile_actionable_oc_high_noise,2025-02,0.009272983739883889
K1_M2_quintile_actionable_oc_high_noise,2025-03,0.0038036008845937753
K1_M2_quintile_actionable_oc_high_noise,2025-04,0.03130730900022051
K1_M2_quintile_actionable_oc_high_noise,2025-05,-0.0010170517347034623
K1_M2_quintile_actionable_oc_high_noise,2025-06,0.01571357171206015
K1_M2_quintile_actionable_oc_high_noise,2025-07,0.002207507007975881
K1_M2_quintile_actionable_oc_high_noise,2025-08,-0.003160390757572233
K1_M2_quintile_actionable_oc_high_noise,2025-09,-0.0058057806253173465
K1_M2_quintile_actionable_oc_high_noise,2025-10,0.0007805601240716193
K1_M2_quintile_actionable_oc_high_noise,2025-11,-0.0019147975317324337
K1_M2_quintile_actionable_oc_high_noise,2025-12,-0.0009587292914325868
K1_M2_quintile_actionable_oc_high_noise,2026-01,0.0011653553143043793
K1_M2_quintile_actionable_oc_high_noise,2026-02,-0.0038591384083139107
K1_M2_quintile_actionable_oc_high_noise,2026-03,0.04557565263096752
K1_M2_quintile_actionable_oc_high_noise,2026-04,-0.02482252010869428
K1_M2_quintile_source_cc_all,2024-11,-0.027052846141144653
K1_M2_quintile_source_cc_all,2024-12,-0.0002960249800889256
K1_M2_quintile_source_cc_all,2025-01,-0.020460145141900386
K1_M2_quintile_source_cc_all,2025-02,-0.03709544023362502
K1_M2_quintile_source_cc_all,2025-03,-0.013421471147057155
K1_M2_quintile_source_cc_all,2025-04,0.0434464776699312
K1_M2_quintile_source_cc_all,2025-05,-0.022625821088754335
K1_M2_quintile_source_cc_all,2025-06,-0.043984377863067366
K1_M2_quintile_source_cc_all,2025-07,-0.03147015925097522
K1_M2_quintile_source_cc_all,2025-08,-0.001682552693543671
K1_M2_quintile_source_cc_all,2025-09,-0.03184503195744816
K1_M2_quintile_source_cc_all,2025-10,-0.014017214697368512
K1_M2_quintile_source_cc_all,2025-11,0.002781999830017142
K1_M2_quintile_source_cc_all,2025-12,-0.0052602733403100494
K1_M2_quintile_source_cc_all,2026-01,-0.012265652063759468
K1_M2_quintile_source_cc_all,2026-02,0.006499977330850005
K1_M2_quintile_source_cc_all,2026-03,0.06387929785695581
K1_M2_quintile_source_cc_all,2026-04,-0.05908410074691853
K1_M2_quintile_source_cc_high_market_vol,2024-11,0.0
K1_M2_quintile_source_cc_high_market_vol,2024-12,0.0
K1_M2_quintile_source_cc_high_market_vol,2025-01,0.0
K1_M2_quintile_source_cc_high_market_vol,2025-02,-0.04989605733691555
K1_M2_quintile_source_cc_high_market_vol,2025-03,-0.008183827861421997
K1_M2_quintile_source_cc_high_market_vol,2025-04,0.0434464776699312
K1_M2_quintile_source_cc_high_market_vol,2025-05,-0.011972075859014211
K1_M2_quintile_source_cc_high_market_vol,2025-06,0.004576266124047275
K1_M2_quintile_source_cc_high_market_vol,2025-07,0.0
K1_M2_quintile_source_cc_high_market_vol,2025-08,-0.01078209630401691
K1_M2_quintile_source_cc_high_market_vol,2025-09,0.0
K1_M2_quintile_source_cc_high_market_vol,2025-10,0.0
K1_M2_quintile_source_cc_high_market_vol,2025-11,-0.008327397766041451
K1_M2_quintile_source_cc_high_market_vol,2025-12,0.0
K1_M2_quintile_source_cc_high_market_vol,2026-01,0.0
K1_M2_quintile_source_cc_high_market_vol,2026-02,-0.0006004031069247427
K1_M2_quintile_source_cc_high_market_vol,2026-03,0.03674411668221597
K1_M2_quintile_source_cc_high_market_vol,2026-04,-0.05592305127850204
K1_M2_quintile_source_cc_high_noise,2024-11,0.0
K1_M2_quintile_source_cc_high_noise,2024-12,0.0
K1_M2_quintile_source_cc_high_noise,2025-01,-0.0002964007352732087
K1_M2_quintile_source_cc_high_noise,2025-02,0.009173736783657
K1_M2_quintile_source_cc_high_noise,2025-03,0.005125151399395147
K1_M2_quintile_source_cc_high_noise,2025-04,0.03330673906593904
K1_M2_quintile_source_cc_high_noise,2025-05,-0.0009587601681317717
K1_M2_quintile_source_cc_high_noise,2025-06,0.015704758299048882
K1_M2_quintile_source_cc_high_noise,2025-07,0.0022508754299583817
K1_M2_quintile_source_cc_high_noise,2025-08,-0.00282815471836681
K1_M2_quintile_source_cc_high_noise,2025-09,-0.00611611975416161
K1_M2_quintile_source_cc_high_noise,2025-10,0.0012050639957384849
K1_M2_quintile_source_cc_high_noise,2025-11,-0.001355991679477541
K1_M2_quintile_source_cc_high_noise,2025-12,-0.0007112162861717041
K1_M2_quintile_source_cc_high_noise,2026-01,0.0008813806937818592
K1_M2_quintile_source_cc_high_noise,2026-02,-0.0034746770749551504
K1_M2_quintile_source_cc_high_noise,2026-03,0.04702798233497375
K1_M2_quintile_source_cc_high_noise,2026-04,-0.025259328685828714
K1_M3_decile_actionable_oc_all,2024-11,-0.06504649929282875
K1_M3_decile_actionable_oc_all,2024-12,-0.011606434780174722
K1_M3_decile_actionable_oc_all,2025-01,-0.02710631697665647
K1_M3_decile_actionable_oc_all,2025-02,-0.01654385435677251
K1_M3_decile_actionable_oc_all,2025-03,-0.020831156106782812
K1_M3_decile_actionable_oc_all,2025-04,-0.013555543677239682
K1_M3_decile_actionable_oc_all,2025-05,-0.032257342036320746
K1_M3_decile_actionable_oc_all,2025-06,-0.11405663101520756
K1_M3_decile_actionable_oc_all,2025-07,-0.02515117918886028
K1_M3_decile_actionable_oc_all,2025-08,-0.05547790265858891
K1_M3_decile_actionable_oc_all,2025-09,-0.06609833338871063
K1_M3_decile_actionable_oc_all,2025-10,-0.007558290818240471
K1_M3_decile_actionable_oc_all,2025-11,0.03223337653214105
K1_M3_decile_actionable_oc_all,2025-12,-0.053263998364788165
K1_M3_decile_actionable_oc_all,2026-01,-0.031162930169725198
K1_M3_decile_actionable_oc_all,2026-02,-0.04151204958824439
K1_M3_decile_actionable_oc_all,2026-03,0.10948008315455614
K1_M3_decile_actionable_oc_all,2026-04,-0.12047414863623174
K1_M3_decile_actionable_oc_high_market_vol,2024-11,0.0
K1_M3_decile_actionable_oc_high_market_vol,2024-12,0.0
K1_M3_decile_actionable_oc_high_market_vol,2025-01,0.0
K1_M3_decile_actionable_oc_high_market_vol,2025-02,-0.039877445759643707
K1_M3_decile_actionable_oc_high_market_vol,2025-03,-0.004208005037763842
K1_M3_decile_actionable_oc_high_market_vol,2025-04,-0.013555543677239682
K1_M3_decile_actionable_oc_high_market_vol,2025-05,-0.01380782673473199
K1_M3_decile_actionable_oc_high_market_vol,2025-06,0.0011932995405619109
K1_M3_decile_actionable_oc_high_market_vol,2025-07,0.0
K1_M3_decile_actionable_oc_high_market_vol,2025-08,-0.0246252589839109
K1_M3_decile_actionable_oc_high_market_vol,2025-09,0.0
K1_M3_decile_actionable_oc_high_market_vol,2025-10,0.0
K1_M3_decile_actionable_oc_high_market_vol,2025-11,-0.00520471373340705
K1_M3_decile_actionable_oc_high_market_vol,2025-12,0.0
K1_M3_decile_actionable_oc_high_market_vol,2026-01,0.0
K1_M3_decile_actionable_oc_high_market_vol,2026-02,-0.023317722017520692
K1_M3_decile_actionable_oc_high_market_vol,2026-03,0.04416591325581824
K1_M3_decile_actionable_oc_high_market_vol,2026-04,-0.08767908711144395
K1_M3_decile_actionable_oc_high_noise,2024-11,0.0
K1_M3_decile_actionable_oc_high_noise,2024-12,0.0
K1_M3_decile_actionable_oc_high_noise,2025-01,-0.010034512593407227
K1_M3_decile_actionable_oc_high_noise,2025-02,0.03310834365307543
K1_M3_decile_actionable_oc_high_noise,2025-03,-0.0009420167578406587
K1_M3_decile_actionable_oc_high_noise,2025-04,-0.006239199332951407
K1_M3_decile_actionable_oc_high_noise,2025-05,-0.0017934533443557422
K1_M3_decile_actionable_oc_high_noise,2025-06,-0.008114748386041114
K1_M3_decile_actionable_oc_high_noise,2025-07,0.011677634898117906
K1_M3_decile_actionable_oc_high_noise,2025-08,-0.016835631799526105
K1_M3_decile_actionable_oc_high_noise,2025-09,-0.027957944660831912
K1_M3_decile_actionable_oc_high_noise,2025-10,0.016701449686645817
K1_M3_decile_actionable_oc_high_noise,2025-11,0.0011821993312230842
K1_M3_decile_actionable_oc_high_noise,2025-12,-0.012203483436369207
K1_M3_decile_actionable_oc_high_noise,2026-01,-0.0172306375713719
K1_M3_decile_actionable_oc_high_noise,2026-02,-0.05115263553817177
K1_M3_decile_actionable_oc_high_noise,2026-03,0.042299274209646805
K1_M3_decile_actionable_oc_high_noise,2026-04,-0.04429269281160811
K1_M3_decile_source_cc_all,2024-11,-0.06223742621816837
K1_M3_decile_source_cc_all,2024-12,-0.010269566751491977
K1_M3_decile_source_cc_all,2025-01,-0.026556747871844068
K1_M3_decile_source_cc_all,2025-02,-0.015357422780643434
K1_M3_decile_source_cc_all,2025-03,-0.017958139991298895
K1_M3_decile_source_cc_all,2025-04,-0.010347771513452245
K1_M3_decile_source_cc_all,2025-05,-0.031425225393524284
K1_M3_decile_source_cc_all,2025-06,-0.11273406254059964
K1_M3_decile_source_cc_all,2025-07,-0.02350835754025692
K1_M3_decile_source_cc_all,2025-08,-0.05433972734186591
K1_M3_decile_source_cc_all,2025-09,-0.0646202344205121
K1_M3_decile_source_cc_all,2025-10,-0.0053087810167757425
K1_M3_decile_source_cc_all,2025-11,0.033495709465662146
K1_M3_decile_source_cc_all,2025-12,-0.052810840942017614
K1_M3_decile_source_cc_all,2026-01,-0.032310638096265984
K1_M3_decile_source_cc_all,2026-02,-0.04155050959871926
K1_M3_decile_source_cc_all,2026-03,0.11264234192869714
K1_M3_decile_source_cc_all,2026-04,-0.11908235587152877
K1_M3_decile_source_cc_high_market_vol,2024-11,0.0
K1_M3_decile_source_cc_high_market_vol,2024-12,0.0
K1_M3_decile_source_cc_high_market_vol,2025-01,0.0
K1_M3_decile_source_cc_high_market_vol,2025-02,-0.03940630646774626
K1_M3_decile_source_cc_high_market_vol,2025-03,-0.0027627587894116304
K1_M3_decile_source_cc_high_market_vol,2025-04,-0.010347771513452245
K1_M3_decile_source_cc_high_market_vol,2025-05,-0.012558548062087945
K1_M3_decile_source_cc_high_market_vol,2025-06,0.0018514976363309152
K1_M3_decile_source_cc_high_market_vol,2025-07,0.0
K1_M3_decile_source_cc_high_market_vol,2025-08,-0.023837746084898977
K1_M3_decile_source_cc_high_market_vol,2025-09,0.0
K1_M3_decile_source_cc_high_market_vol,2025-10,0.0
K1_M3_decile_source_cc_high_market_vol,2025-11,-0.005060234671414725
K1_M3_decile_source_cc_high_market_vol,2025-12,0.0
K1_M3_decile_source_cc_high_market_vol,2026-01,0.0
K1_M3_decile_source_cc_high_market_vol,2026-02,-0.02358537869305493
K1_M3_decile_source_cc_high_market_vol,2026-03,0.04586722662675888
K1_M3_decile_source_cc_high_market_vol,2026-04,-0.08657357701856547
K1_M3_decile_source_cc_high_noise,2024-11,0.0
K1_M3_decile_source_cc_high_noise,2024-12,0.0
K1_M3_decile_source_cc_high_noise,2025-01,-0.010543516724348664
K1_M3_decile_source_cc_high_noise,2025-02,0.032803070944944425
K1_M3_decile_source_cc_high_noise,2025-03,0.0006976976018737233
K1_M3_decile_source_cc_high_noise,2025-04,-0.003845177861987145
K1_M3_decile_source_cc_high_noise,2025-05,-0.001630644732813209
K1_M3_decile_source_cc_high_noise,2025-06,-0.008223319624836212
K1_M3_decile_source_cc_high_noise,2025-07,0.01176225397025006
K1_M3_decile_source_cc_high_noise,2025-08,-0.01648778404827971
K1_M3_decile_source_cc_high_noise,2025-09,-0.028324516702702217
K1_M3_decile_source_cc_high_noise,2025-10,0.01722342253230258
K1_M3_decile_source_cc_high_noise,2025-11,0.0021333274068890537
K1_M3_decile_source_cc_high_noise,2025-12,-0.011859007103412367
K1_M3_decile_source_cc_high_noise,2026-01,-0.01718309765704991
K1_M3_decile_source_cc_high_noise,2026-02,-0.05192462915407024
K1_M3_decile_source_cc_high_noise,2026-03,0.043798702088660525
K1_M3_decile_source_cc_high_noise,2026-04,-0.04496618621042143
K1_M3_quintile_actionable_oc_all,2024-11,-0.032066120499629494
K1_M3_quintile_actionable_oc_all,2024-12,-0.017833368174882822
K1_M3_quintile_actionable_oc_all,2025-01,-0.024760330422311964
K1_M3_quintile_actionable_oc_all,2025-02,-0.03289478454132058
K1_M3_quintile_actionable_oc_all,2025-03,-0.03323356372806444
K1_M3_quintile_actionable_oc_all,2025-04,0.016587132322637768
K1_M3_quintile_actionable_oc_all,2025-05,-0.02168488394186117
K1_M3_quintile_actionable_oc_all,2025-06,-0.04222252197217673
K1_M3_quintile_actionable_oc_all,2025-07,-0.0295874594260648
K1_M3_quintile_actionable_oc_all,2025-08,-0.017517665426687312
K1_M3_quintile_actionable_oc_all,2025-09,-0.042343060917085035
K1_M3_quintile_actionable_oc_all,2025-10,0.0017552372407199832
K1_M3_quintile_actionable_oc_all,2025-11,-0.0019041218723292157
K1_M3_quintile_actionable_oc_all,2025-12,-0.034775779153308754
K1_M3_quintile_actionable_oc_all,2026-01,-0.013302091528476293
K1_M3_quintile_actionable_oc_all,2026-02,0.005519777006729147
K1_M3_quintile_actionable_oc_all,2026-03,0.05359079588359698
K1_M3_quintile_actionable_oc_all,2026-04,-0.07138690200692493
K1_M3_quintile_actionable_oc_high_market_vol,2024-11,0.0
K1_M3_quintile_actionable_oc_high_market_vol,2024-12,0.0
K1_M3_quintile_actionable_oc_high_market_vol,2025-01,0.0
K1_M3_quintile_actionable_oc_high_market_vol,2025-02,-0.04455782802145726
K1_M3_quintile_actionable_oc_high_market_vol,2025-03,-0.006731173670025985
K1_M3_quintile_actionable_oc_high_market_vol,2025-04,0.016587132322637768
K1_M3_quintile_actionable_oc_high_market_vol,2025-05,-0.0071394820672990595
K1_M3_quintile_actionable_oc_high_market_vol,2025-06,-5.6691429088565884e-05
K1_M3_quintile_actionable_oc_high_market_vol,2025-07,0.0
K1_M3_quintile_actionable_oc_high_market_vol,2025-08,-0.018114544509049996
K1_M3_quintile_actionable_oc_high_market_vol,2025-09,0.0
K1_M3_quintile_actionable_oc_high_market_vol,2025-10,0.0
K1_M3_quintile_actionable_oc_high_market_vol,2025-11,-0.004372448704439382
K1_M3_quintile_actionable_oc_high_market_vol,2025-12,0.0
K1_M3_quintile_actionable_oc_high_market_vol,2026-01,0.0
K1_M3_quintile_actionable_oc_high_market_vol,2026-02,0.006000563244858799
K1_M3_quintile_actionable_oc_high_market_vol,2026-03,0.0347067853290124
K1_M3_quintile_actionable_oc_high_market_vol,2026-04,-0.06012936710650369
K1_M3_quintile_actionable_oc_high_noise,2024-11,0.0
K1_M3_quintile_actionable_oc_high_noise,2024-12,0.0
K1_M3_quintile_actionable_oc_high_noise,2025-01,-0.0013002098883600972
K1_M3_quintile_actionable_oc_high_noise,2025-02,0.009930276486768648
K1_M3_quintile_actionable_oc_high_noise,2025-03,-0.006482855689592488
K1_M3_quintile_actionable_oc_high_noise,2025-04,0.02339311441407423
K1_M3_quintile_actionable_oc_high_noise,2025-05,0.0014223031926686868
K1_M3_quintile_actionable_oc_high_noise,2025-06,0.014001064476943933
K1_M3_quintile_actionable_oc_high_noise,2025-07,0.010304805893138789
K1_M3_quintile_actionable_oc_high_noise,2025-08,-0.0061529235579218244
K1_M3_quintile_actionable_oc_high_noise,2025-09,-0.01493272152737221
K1_M3_quintile_actionable_oc_high_noise,2025-10,0.013552126829004895
K1_M3_quintile_actionable_oc_high_noise,2025-11,-0.018213427018114906
K1_M3_quintile_actionable_oc_high_noise,2025-12,-0.009815132246071733
K1_M3_quintile_actionable_oc_high_noise,2026-01,-0.00612572208919211
K1_M3_quintile_actionable_oc_high_noise,2026-02,-0.00674638249525521
K1_M3_quintile_actionable_oc_high_noise,2026-03,0.03895535444772495
K1_M3_quintile_actionable_oc_high_noise,2026-04,-0.028343421240495104
K1_M3_quintile_source_cc_all,2024-11,-0.03014161775866053
K1_M3_quintile_source_cc_all,2024-12,-0.016286305786634266
K1_M3_quintile_source_cc_all,2025-01,-0.024503424026840616
K1_M3_quintile_source_cc_all,2025-02,-0.0322174880568051
K1_M3_quintile_source_cc_all,2025-03,-0.030553257272212756
K1_M3_quintile_source_cc_all,2025-04,0.01960716581445838
K1_M3_quintile_source_cc_all,2025-05,-0.020725051910609575
K1_M3_quintile_source_cc_all,2025-06,-0.0412244647458446
K1_M3_quintile_source_cc_all,2025-07,-0.02783152478580858
K1_M3_quintile_source_cc_all,2025-08,-0.01719649867689231
K1_M3_quintile_source_cc_all,2025-09,-0.04197804474755851
K1_M3_quintile_source_cc_all,2025-10,0.0030956970026669015
K1_M3_quintile_source_cc_all,2025-11,-0.0015910615490237418
K1_M3_quintile_source_cc_all,2025-12,-0.03417635246998954
K1_M3_quintile_source_cc_all,2026-01,-0.013958571677652888
K1_M3_quintile_source_cc_all,2026-02,0.005865089140288332
K1_M3_quintile_source_cc_all,2026-03,0.056080760911752785
K1_M3_quintile_source_cc_all,2026-04,-0.06978335388369915
K1_M3_quintile_source_cc_high_market_vol,2024-11,0.0
K1_M3_quintile_source_cc_high_market_vol,2024-12,0.0
K1_M3_quintile_source_cc_high_market_vol,2025-01,0.0
K1_M3_quintile_source_cc_high_market_vol,2025-02,-0.04441467260743804
K1_M3_quintile_source_cc_high_market_vol,2025-03,-0.005407173111972617
K1_M3_quintile_source_cc_high_market_vol,2025-04,0.01960716581445838
K1_M3_quintile_source_cc_high_market_vol,2025-05,-0.00633908348967355
K1_M3_quintile_source_cc_high_market_vol,2025-06,0.0003777800600636424
K1_M3_quintile_source_cc_high_market_vol,2025-07,0.0
K1_M3_quintile_source_cc_high_market_vol,2025-08,-0.017793190134675438
K1_M3_quintile_source_cc_high_market_vol,2025-09,0.0
K1_M3_quintile_source_cc_high_market_vol,2025-10,0.0
K1_M3_quintile_source_cc_high_market_vol,2025-11,-0.004305777631924643
K1_M3_quintile_source_cc_high_market_vol,2025-12,0.0
K1_M3_quintile_source_cc_high_market_vol,2026-01,0.0
K1_M3_quintile_source_cc_high_market_vol,2026-02,0.005880002349983411
K1_M3_quintile_source_cc_high_market_vol,2026-03,0.03559141944939382
K1_M3_quintile_source_cc_high_market_vol,2026-04,-0.05899468027764518
K1_M3_quintile_source_cc_high_noise,2024-11,0.0
K1_M3_quintile_source_cc_high_noise,2024-12,0.0
K1_M3_quintile_source_cc_high_noise,2025-01,-0.0015540593049168153
K1_M3_quintile_source_cc_high_noise,2025-02,0.009867340082236956
K1_M3_quintile_source_cc_high_noise,2025-03,-0.005555712831256921
K1_M3_quintile_source_cc_high_noise,2025-04,0.025258114784814246
K1_M3_quintile_source_cc_high_noise,2025-05,0.0014837833735360918
K1_M3_quintile_source_cc_high_noise,2025-06,0.013894856900053673
K1_M3_quintile_source_cc_high_noise,2025-07,0.010391602371129967
K1_M3_quintile_source_cc_high_noise,2025-08,-0.005844228816823243
K1_M3_quintile_source_cc_high_noise,2025-09,-0.01525282791466476
K1_M3_quintile_source_cc_high_noise,2025-10,0.014160952596488093
K1_M3_quintile_source_cc_high_noise,2025-11,-0.01768384013024345
K1_M3_quintile_source_cc_high_noise,2025-12,-0.009423969235160895
K1_M3_quintile_source_cc_high_noise,2026-01,-0.006309752783791062
K1_M3_quintile_source_cc_high_noise,2026-02,-0.00657353408913287
K1_M3_quintile_source_cc_high_noise,2026-03,0.04060230812182483
K1_M3_quintile_source_cc_high_noise,2026-04,-0.028578091092883482
K1_M4_decile_actionable_oc_all,2024-11,-0.07682045298249716
K1_M4_decile_actionable_oc_all,2024-12,-0.030425608654287804
K1_M4_decile_actionable_oc_all,2025-01,-0.017147071577515445
K1_M4_decile_actionable_oc_all,2025-02,-0.03341618480309417
K1_M4_decile_actionable_oc_all,2025-03,0.039484689555006586
K1_M4_decile_actionable_oc_all,2025-04,0.01572881410296669
K1_M4_decile_actionable_oc_all,2025-05,-0.03957334181438017
K1_M4_decile_actionable_oc_all,2025-06,-0.10194441302956456
K1_M4_decile_actionable_oc_all,2025-07,-0.052640973099642586
K1_M4_decile_actionable_oc_all,2025-08,-0.04740631109042862
K1_M4_decile_actionable_oc_all,2025-09,-0.08479018876584933
K1_M4_decile_actionable_oc_all,2025-10,-0.015324508429602942
K1_M4_decile_actionable_oc_all,2025-11,0.07404944220301264
K1_M4_decile_actionable_oc_all,2025-12,-0.06143923022650495
K1_M4_decile_actionable_oc_all,2026-01,-0.04568712890972848
K1_M4_decile_actionable_oc_all,2026-02,-0.045128412265674475
K1_M4_decile_actionable_oc_all,2026-03,0.11026686819006049
K1_M4_decile_actionable_oc_all,2026-04,-0.1355643260229964
K1_M4_decile_actionable_oc_high_market_vol,2024-11,0.0
K1_M4_decile_actionable_oc_high_market_vol,2024-12,0.0
K1_M4_decile_actionable_oc_high_market_vol,2025-01,0.0
K1_M4_decile_actionable_oc_high_market_vol,2025-02,-0.06104965790560335
K1_M4_decile_actionable_oc_high_market_vol,2025-03,0.03305950600563125
K1_M4_decile_actionable_oc_high_market_vol,2025-04,0.01572881410296669
K1_M4_decile_actionable_oc_high_market_vol,2025-05,-0.03284045199667148
K1_M4_decile_actionable_oc_high_market_vol,2025-06,0.006618965116702505
K1_M4_decile_actionable_oc_high_market_vol,2025-07,0.0
K1_M4_decile_actionable_oc_high_market_vol,2025-08,-0.01643974645146673
K1_M4_decile_actionable_oc_high_market_vol,2025-09,0.0
K1_M4_decile_actionable_oc_high_market_vol,2025-10,0.0
K1_M4_decile_actionable_oc_high_market_vol,2025-11,0.0041220455119841725
K1_M4_decile_actionable_oc_high_market_vol,2025-12,0.0
K1_M4_decile_actionable_oc_high_market_vol,2026-01,0.0
K1_M4_decile_actionable_oc_high_market_vol,2026-02,-0.027750927517551177
K1_M4_decile_actionable_oc_high_market_vol,2026-03,0.0572036846518465
K1_M4_decile_actionable_oc_high_market_vol,2026-04,-0.10250866514643675
K1_M4_decile_actionable_oc_high_noise,2024-11,0.0
K1_M4_decile_actionable_oc_high_noise,2024-12,0.0
K1_M4_decile_actionable_oc_high_noise,2025-01,0.007005848536371699
K1_M4_decile_actionable_oc_high_noise,2025-02,0.029414227469744706
K1_M4_decile_actionable_oc_high_noise,2025-03,0.029933350356704753
K1_M4_decile_actionable_oc_high_noise,2025-04,-0.007940156106990177
K1_M4_decile_actionable_oc_high_noise,2025-05,-0.008873192735515439
K1_M4_decile_actionable_oc_high_noise,2025-06,-0.005401556127219461
K1_M4_decile_actionable_oc_high_noise,2025-07,0.010668565915525499
K1_M4_decile_actionable_oc_high_noise,2025-08,-0.007661175856100797
K1_M4_decile_actionable_oc_high_noise,2025-09,-0.029229958048018412
K1_M4_decile_actionable_oc_high_noise,2025-10,0.004949654006647089
K1_M4_decile_actionable_oc_high_noise,2025-11,0.026652358289429492
K1_M4_decile_actionable_oc_high_noise,2025-12,-0.0160396968413755
K1_M4_decile_actionable_oc_high_noise,2026-01,-0.020389194398207536
K1_M4_decile_actionable_oc_high_noise,2026-02,-0.05690709519038108
K1_M4_decile_actionable_oc_high_noise,2026-03,0.05735959234023903
K1_M4_decile_actionable_oc_high_noise,2026-04,-0.06454865451377789
K1_M4_decile_source_cc_all,2024-11,-0.07425429353916652
K1_M4_decile_source_cc_all,2024-12,-0.029735511509326754
K1_M4_decile_source_cc_all,2025-01,-0.01662181726094815
K1_M4_decile_source_cc_all,2025-02,-0.03211561134501928
K1_M4_decile_source_cc_all,2025-03,0.04258482820661442
K1_M4_decile_source_cc_all,2025-04,0.01916378750801152
K1_M4_decile_source_cc_all,2025-05,-0.03858738173312683
K1_M4_decile_source_cc_all,2025-06,-0.10067556376780751
K1_M4_decile_source_cc_all,2025-07,-0.050949002535979865
K1_M4_decile_source_cc_all,2025-08,-0.045712596236347894
K1_M4_decile_source_cc_all,2025-09,-0.08323558700150828
K1_M4_decile_source_cc_all,2025-10,-0.01340373460130988
K1_M4_decile_source_cc_all,2025-11,0.07521067982223664
K1_M4_decile_source_cc_all,2025-12,-0.06109190724146269
K1_M4_decile_source_cc_all,2026-01,-0.046785428453938405
K1_M4_decile_source_cc_all,2026-02,-0.044893933452847645
K1_M4_decile_source_cc_all,2026-03,0.11312899052280603
K1_M4_decile_source_cc_all,2026-04,-0.1342593391213004
K1_M4_decile_source_cc_high_market_vol,2024-11,0.0
K1_M4_decile_source_cc_high_market_vol,2024-12,0.0
K1_M4_decile_source_cc_high_market_vol,2025-01,0.0
K1_M4_decile_source_cc_high_market_vol,2025-02,-0.06046526597607008
K1_M4_decile_source_cc_high_market_vol,2025-03,0.03442298800031283
K1_M4_decile_source_cc_high_market_vol,2025-04,0.01916378750801152
K1_M4_decile_source_cc_high_market_vol,2025-05,-0.03143314000783802
K1_M4_decile_source_cc_high_market_vol,2025-06,0.007368484427213389
K1_M4_decile_source_cc_high_market_vol,2025-07,0.0
K1_M4_decile_source_cc_high_market_vol,2025-08,-0.01555987096200795
K1_M4_decile_source_cc_high_market_vol,2025-09,0.0
K1_M4_decile_source_cc_high_market_vol,2025-10,0.0
K1_M4_decile_source_cc_high_market_vol,2025-11,0.004262003187365143
K1_M4_decile_source_cc_high_market_vol,2025-12,0.0
K1_M4_decile_source_cc_high_market_vol,2026-01,0.0
K1_M4_decile_source_cc_high_market_vol,2026-02,-0.027650986647038772
K1_M4_decile_source_cc_high_market_vol,2026-03,0.05868194884374039
K1_M4_decile_source_cc_high_market_vol,2026-04,-0.10150061728192225
K1_M4_decile_source_cc_high_noise,2024-11,0.0
K1_M4_decile_source_cc_high_noise,2024-12,0.0
K1_M4_decile_source_cc_high_noise,2025-01,0.006425245061701463
K1_M4_decile_source_cc_high_noise,2025-02,0.029252330612078856
K1_M4_decile_source_cc_high_noise,2025-03,0.03195489168491502
K1_M4_decile_source_cc_high_noise,2025-04,-0.0052835789968696985
K1_M4_decile_source_cc_high_noise,2025-05,-0.008828399320818872
K1_M4_decile_source_cc_high_noise,2025-06,-0.005453062298510518
K1_M4_decile_source_cc_high_noise,2025-07,0.01071801314362545
K1_M4_decile_source_cc_high_noise,2025-08,-0.007225654716725025
K1_M4_decile_source_cc_high_noise,2025-09,-0.029479591288925303
K1_M4_decile_source_cc_high_noise,2025-10,0.005431203097200852
K1_M4_decile_source_cc_high_noise,2025-11,0.02734439841537499
K1_M4_decile_source_cc_high_noise,2025-12,-0.015684576272699802
K1_M4_decile_source_cc_high_noise,2026-01,-0.02039458904895124
K1_M4_decile_source_cc_high_noise,2026-02,-0.057418757557416905
K1_M4_decile_source_cc_high_noise,2026-03,0.05877436105218208
K1_M4_decile_source_cc_high_noise,2026-04,-0.06505579875701649
K1_M4_quintile_actionable_oc_all,2024-11,-0.030179350315264794
K1_M4_quintile_actionable_oc_all,2024-12,-0.021025311957456203
K1_M4_quintile_actionable_oc_all,2025-01,-0.0074354490216487915
K1_M4_quintile_actionable_oc_all,2025-02,-0.044148858206833716
K1_M4_quintile_actionable_oc_all,2025-03,-0.011550521929178362
K1_M4_quintile_actionable_oc_all,2025-04,0.025079596616916066
K1_M4_quintile_actionable_oc_all,2025-05,-0.025861617498938633
K1_M4_quintile_actionable_oc_all,2025-06,-0.04186031007339637
K1_M4_quintile_actionable_oc_all,2025-07,-0.04580361367502292
K1_M4_quintile_actionable_oc_all,2025-08,-0.020994816216556116
K1_M4_quintile_actionable_oc_all,2025-09,-0.05884920632957847
K1_M4_quintile_actionable_oc_all,2025-10,-0.00654877326087988
K1_M4_quintile_actionable_oc_all,2025-11,0.01563078423146035
K1_M4_quintile_actionable_oc_all,2025-12,-0.03950386053250931
K1_M4_quintile_actionable_oc_all,2026-01,-0.03221847087269218
K1_M4_quintile_actionable_oc_all,2026-02,-0.004991017502276028
K1_M4_quintile_actionable_oc_all,2026-03,0.06948904851246973
K1_M4_quintile_actionable_oc_all,2026-04,-0.08308442314147113
K1_M4_quintile_actionable_oc_high_market_vol,2024-11,0.0
K1_M4_quintile_actionable_oc_high_market_vol,2024-12,0.0
K1_M4_quintile_actionable_oc_high_market_vol,2025-01,0.0
K1_M4_quintile_actionable_oc_high_market_vol,2025-02,-0.06301357140015858
K1_M4_quintile_actionable_oc_high_market_vol,2025-03,0.005800140094041796
K1_M4_quintile_actionable_oc_high_market_vol,2025-04,0.025079596616916066
K1_M4_quintile_actionable_oc_high_market_vol,2025-05,-0.017543875268346283
K1_M4_quintile_actionable_oc_high_market_vol,2025-06,0.0015400688002121885
K1_M4_quintile_actionable_oc_high_market_vol,2025-07,0.0
K1_M4_quintile_actionable_oc_high_market_vol,2025-08,-0.015242309046507651
K1_M4_quintile_actionable_oc_high_market_vol,2025-09,0.0
K1_M4_quintile_actionable_oc_high_market_vol,2025-10,0.0
K1_M4_quintile_actionable_oc_high_market_vol,2025-11,-0.0025703154278127567
K1_M4_quintile_actionable_oc_high_market_vol,2025-12,0.0
K1_M4_quintile_actionable_oc_high_market_vol,2026-01,0.0
K1_M4_quintile_actionable_oc_high_market_vol,2026-02,-0.004757842490398753
K1_M4_quintile_actionable_oc_high_market_vol,2026-03,0.05298818168274041
K1_M4_quintile_actionable_oc_high_market_vol,2026-04,-0.07125804583700182
K1_M4_quintile_actionable_oc_high_noise,2024-11,0.0
K1_M4_quintile_actionable_oc_high_noise,2024-12,0.0
K1_M4_quintile_actionable_oc_high_noise,2025-01,0.003060544464797016
K1_M4_quintile_actionable_oc_high_noise,2025-02,0.0020343862413914485
K1_M4_quintile_actionable_oc_high_noise,2025-03,-0.0008968702301791181
K1_M4_quintile_actionable_oc_high_noise,2025-04,0.01617994057313349
K1_M4_quintile_actionable_oc_high_noise,2025-05,-0.008563770290034288
K1_M4_quintile_actionable_oc_high_noise,2025-06,0.009650458195345107
K1_M4_quintile_actionable_oc_high_noise,2025-07,0.009336387123611357
K1_M4_quintile_actionable_oc_high_noise,2025-08,0.00254911707025246
K1_M4_quintile_actionable_oc_high_noise,2025-09,-0.023780853715073883
K1_M4_quintile_actionable_oc_high_noise,2025-10,0.005784424715756865
K1_M4_quintile_actionable_oc_high_noise,2025-11,-0.003930123113675108
K1_M4_quintile_actionable_oc_high_noise,2025-12,-0.011683428492335383
K1_M4_quintile_actionable_oc_high_noise,2026-01,-0.0194793346436499
K1_M4_quintile_actionable_oc_high_noise,2026-02,-0.014271992168602081
K1_M4_quintile_actionable_oc_high_noise,2026-03,0.05489787973182431
K1_M4_quintile_actionable_oc_high_noise,2026-04,-0.042407875555638665
K1_M4_quintile_source_cc_all,2024-11,-0.02828571769795431
K1_M4_quintile_source_cc_all,2024-12,-0.019774590527590882
K1_M4_quintile_source_cc_all,2025-01,-0.007119993800640435
K1_M4_quintile_source_cc_all,2025-02,-0.043388958418635555
K1_M4_quintile_source_cc_all,2025-03,-0.00876368500651912
K1_M4_quintile_source_cc_all,2025-04,0.0281478265165392
K1_M4_quintile_source_cc_all,2025-05,-0.024864931362552044
K1_M4_quintile_source_cc_all,2025-06,-0.041048718523751734
K1_M4_quintile_source_cc_all,2025-07,-0.04429833826845879
K1_M4_quintile_source_cc_all,2025-08,-0.02021582928534766
K1_M4_quintile_source_cc_all,2025-09,-0.058411018397362936
K1_M4_quintile_source_cc_all,2025-10,-0.005473237838253269
K1_M4_quintile_source_cc_all,2025-11,0.015836432714642152
K1_M4_quintile_source_cc_all,2025-12,-0.038964021257608346
K1_M4_quintile_source_cc_all,2026-01,-0.032950353312801293
K1_M4_quintile_source_cc_all,2026-02,-0.004606416369502152
K1_M4_quintile_source_cc_all,2026-03,0.0716105490758014
K1_M4_quintile_source_cc_all,2026-04,-0.08146930088470884
K1_M4_quintile_source_cc_high_market_vol,2024-11,0.0
K1_M4_quintile_source_cc_high_market_vol,2024-12,0.0
K1_M4_quintile_source_cc_high_market_vol,2025-01,0.0
K1_M4_quintile_source_cc_high_market_vol,2025-02,-0.06270141297026631
K1_M4_quintile_source_cc_high_market_vol,2025-03,0.00701781134552276
K1_M4_quintile_source_cc_high_market_vol,2025-04,0.0281478265165392
K1_M4_quintile_source_cc_high_market_vol,2025-05,-0.016758217627543488
K1_M4_quintile_source_cc_high_market_vol,2025-06,0.002037323041180537
K1_M4_quintile_source_cc_high_market_vol,2025-07,0.0
K1_M4_quintile_source_cc_high_market_vol,2025-08,-0.014769122836045537
K1_M4_quintile_source_cc_high_market_vol,2025-09,0.0
K1_M4_quintile_source_cc_high_market_vol,2025-10,0.0
K1_M4_quintile_source_cc_high_market_vol,2025-11,-0.0025302554159227237
K1_M4_quintile_source_cc_high_market_vol,2025-12,0.0
K1_M4_quintile_source_cc_high_market_vol,2026-01,0.0
K1_M4_quintile_source_cc_high_market_vol,2026-02,-0.004805211341072416
K1_M4_quintile_source_cc_high_market_vol,2026-03,0.05375899424149323
K1_M4_quintile_source_cc_high_market_vol,2026-04,-0.07010385326782739
K1_M4_quintile_source_cc_high_noise,2024-11,0.0
K1_M4_quintile_source_cc_high_noise,2024-12,0.0
K1_M4_quintile_source_cc_high_noise,2025-01,0.0027877941779475756
K1_M4_quintile_source_cc_high_noise,2025-02,0.00210468387995717
K1_M4_quintile_source_cc_high_noise,2025-03,0.00031290591048966244
K1_M4_quintile_source_cc_high_noise,2025-04,0.018089413298050146
K1_M4_quintile_source_cc_high_noise,2025-05,-0.008559219783645697
K1_M4_quintile_source_cc_high_noise,2025-06,0.009595106521787663
K1_M4_quintile_source_cc_high_noise,2025-07,0.009381203789255117
K1_M4_quintile_source_cc_high_noise,2025-08,0.0029103419573537383
K1_M4_quintile_source_cc_high_noise,2025-09,-0.023991699655095306
K1_M4_quintile_source_cc_high_noise,2025-10,0.0062448607168723875
K1_M4_quintile_source_cc_high_noise,2025-11,-0.0035450830090667284
K1_M4_quintile_source_cc_high_noise,2025-12,-0.011232287915423654
K1_M4_quintile_source_cc_high_noise,2026-01,-0.019681981799619833
K1_M4_quintile_source_cc_high_noise,2026-02,-0.014040938473532116
K1_M4_quintile_source_cc_high_noise,2026-03,0.05618849375095736
K1_M4_quintile_source_cc_high_noise,2026-04,-0.042557760510931145
K1_M6_decile_actionable_oc_all,2024-11,-0.1105214202401005
K1_M6_decile_actionable_oc_all,2024-12,0.03525159480072409
K1_M6_decile_actionable_oc_all,2025-01,-0.031872919488325574
K1_M6_decile_actionable_oc_all,2025-02,-0.03742883092199557
K1_M6_decile_actionable_oc_all,2025-03,0.005582049385872336
K1_M6_decile_actionable_oc_all,2025-04,-0.00518830638893911
K1_M6_decile_actionable_oc_all,2025-05,-0.027783611459533872
K1_M6_decile_actionable_oc_all,2025-06,-0.08351997712128076
K1_M6_decile_actionable_oc_all,2025-07,-0.04048546743825154
K1_M6_decile_actionable_oc_all,2025-08,-0.07470210158681989
K1_M6_decile_actionable_oc_all,2025-09,-0.0873185388562125
K1_M6_decile_actionable_oc_all,2025-10,-0.015002540520942638
K1_M6_decile_actionable_oc_all,2025-11,0.04837681100809378
K1_M6_decile_actionable_oc_all,2025-12,-0.04359870603463833
K1_M6_decile_actionable_oc_all,2026-01,-0.042704539380101145
K1_M6_decile_actionable_oc_all,2026-02,-0.015653343724902284
K1_M6_decile_actionable_oc_all,2026-03,0.08143208013285277
K1_M6_decile_actionable_oc_all,2026-04,-0.13532285997959465
K1_M6_decile_actionable_oc_high_market_vol,2024-11,0.0
K1_M6_decile_actionable_oc_high_market_vol,2024-12,0.0
K1_M6_decile_actionable_oc_high_market_vol,2025-01,0.0
K1_M6_decile_actionable_oc_high_market_vol,2025-02,-0.06956491105053936
K1_M6_decile_actionable_oc_high_market_vol,2025-03,0.03387987632670822
K1_M6_decile_actionable_oc_high_market_vol,2025-04,-0.00518830638893911
K1_M6_decile_actionable_oc_high_market_vol,2025-05,-0.017791706194410492
K1_M6_decile_actionable_oc_high_market_vol,2025-06,-0.004408333575305495
K1_M6_decile_actionable_oc_high_market_vol,2025-07,0.0
K1_M6_decile_actionable_oc_high_market_vol,2025-08,-0.03639183748069577
K1_M6_decile_actionable_oc_high_market_vol,2025-09,0.0
K1_M6_decile_actionable_oc_high_market_vol,2025-10,0.0
K1_M6_decile_actionable_oc_high_market_vol,2025-11,-0.005015601670822152
K1_M6_decile_actionable_oc_high_market_vol,2025-12,0.0
K1_M6_decile_actionable_oc_high_market_vol,2026-01,0.0
K1_M6_decile_actionable_oc_high_market_vol,2026-02,0.0017404916083514806
K1_M6_decile_actionable_oc_high_market_vol,2026-03,0.049833338759686666
K1_M6_decile_actionable_oc_high_market_vol,2026-04,-0.10495088411741359
K1_M6_decile_actionable_oc_high_noise,2024-11,0.0
K1_M6_decile_actionable_oc_high_noise,2024-12,0.0
K1_M6_decile_actionable_oc_high_noise,2025-01,0.006598404211858152
K1_M6_decile_actionable_oc_high_noise,2025-02,0.019734174193139643
K1_M6_decile_actionable_oc_high_noise,2025-03,0.019894630532638926
K1_M6_decile_actionable_oc_high_noise,2025-04,0.0034655315981688677
K1_M6_decile_actionable_oc_high_noise,2025-05,-0.0043419174940654715
K1_M6_decile_actionable_oc_high_noise,2025-06,-0.011943291664240938
K1_M6_decile_actionable_oc_high_noise,2025-07,0.016561870516636275
K1_M6_decile_actionable_oc_high_noise,2025-08,0.003387439842170324
K1_M6_decile_actionable_oc_high_noise,2025-09,-0.0352803285660776
K1_M6_decile_actionable_oc_high_noise,2025-10,0.03703847535683724
K1_M6_decile_actionable_oc_high_noise,2025-11,0.016909710289265183
K1_M6_decile_actionable_oc_high_noise,2025-12,-0.009016787743547583
K1_M6_decile_actionable_oc_high_noise,2026-01,-0.035439455973856004
K1_M6_decile_actionable_oc_high_noise,2026-02,-0.028707519830334382
K1_M6_decile_actionable_oc_high_noise,2026-03,0.04171772670957551
K1_M6_decile_actionable_oc_high_noise,2026-04,-0.05819346581472319
K1_M6_decile_source_cc_all,2024-11,-0.10904679961758978
K1_M6_decile_source_cc_all,2024-12,0.03623350146915885
K1_M6_decile_source_cc_all,2025-01,-0.03159898100086403
K1_M6_decile_source_cc_all,2025-02,-0.03610629203558552
K1_M6_decile_source_cc_all,2025-03,0.007885219425778172
K1_M6_decile_source_cc_all,2025-04,-0.002134609365479899
K1_M6_decile_source_cc_all,2025-05,-0.027205972524988176
K1_M6_decile_source_cc_all,2025-06,-0.08252287392595432
K1_M6_decile_source_cc_all,2025-07,-0.03878310008014044
K1_M6_decile_source_cc_all,2025-08,-0.07356792701020057
K1_M6_decile_source_cc_all,2025-09,-0.08569936906695172
K1_M6_decile_source_cc_all,2025-10,-0.01370808888916471
K1_M6_decile_source_cc_all,2025-11,0.049611149160996536
K1_M6_decile_source_cc_all,2025-12,-0.043102666914603474
K1_M6_decile_source_cc_all,2026-01,-0.04337187899024372
K1_M6_decile_source_cc_all,2026-02,-0.015727588299439033
K1_M6_decile_source_cc_all,2026-03,0.08373308856722497
K1_M6_decile_source_cc_all,2026-04,-0.1348193357627592
K1_M6_decile_source_cc_high_market_vol,2024-11,0.0
K1_M6_decile_source_cc_high_market_vol,2024-12,0.0
K1_M6_decile_source_cc_high_market_vol,2025-01,0.0
K1_M6_decile_source_cc_high_market_vol,2025-02,-0.06887826470591031
K1_M6_decile_source_cc_high_market_vol,2025-03,0.03480564798392466
K1_M6_decile_source_cc_high_market_vol,2025-04,-0.002134609365479899
K1_M6_decile_source_cc_high_market_vol,2025-05,-0.016639646457600594
K1_M6_decile_source_cc_high_market_vol,2025-06,-0.003743005700563645
K1_M6_decile_source_cc_high_market_vol,2025-07,0.0
K1_M6_decile_source_cc_high_market_vol,2025-08,-0.03573788684505691
K1_M6_decile_source_cc_high_market_vol,2025-09,0.0
K1_M6_decile_source_cc_high_market_vol,2025-10,0.0
K1_M6_decile_source_cc_high_market_vol,2025-11,-0.005165098418304706
K1_M6_decile_source_cc_high_market_vol,2025-12,0.0
K1_M6_decile_source_cc_high_market_vol,2026-01,0.0
K1_M6_decile_source_cc_high_market_vol,2026-02,0.0018207227901048673
K1_M6_decile_source_cc_high_market_vol,2026-03,0.05056761826973871
K1_M6_decile_source_cc_high_market_vol,2026-04,-0.10436388644241243
K1_M6_decile_source_cc_high_noise,2024-11,0.0
K1_M6_decile_source_cc_high_noise,2024-12,0.0
K1_M6_decile_source_cc_high_noise,2025-01,0.005925798116779037
K1_M6_decile_source_cc_high_noise,2025-02,0.019403218050841876
K1_M6_decile_source_cc_high_noise,2025-03,0.021331963028865537
K1_M6_decile_source_cc_high_noise,2025-04,0.005673290797004165
K1_M6_decile_source_cc_high_noise,2025-05,-0.004460248876260378
K1_M6_decile_source_cc_high_noise,2025-06,-0.011865537484284379
K1_M6_decile_source_cc_high_noise,2025-07,0.016628311566663313
K1_M6_decile_source_cc_high_noise,2025-08,0.0036738962281641437
K1_M6_decile_source_cc_high_noise,2025-09,-0.035483681004201656
K1_M6_decile_source_cc_high_noise,2025-10,0.03746398687946252
K1_M6_decile_source_cc_high_noise,2025-11,0.01721967376868828
K1_M6_decile_source_cc_high_noise,2025-12,-0.008444015751042639
K1_M6_decile_source_cc_high_noise,2026-01,-0.03532540729286283
K1_M6_decile_source_cc_high_noise,2026-02,-0.029629827342152193
K1_M6_decile_source_cc_high_noise,2026-03,0.04307937726649005
K1_M6_decile_source_cc_high_noise,2026-04,-0.058855784305384365
K1_M6_quintile_actionable_oc_all,2024-11,-0.0473525887856109
K1_M6_quintile_actionable_oc_all,2024-12,0.0014496869215056473
K1_M6_quintile_actionable_oc_all,2025-01,-0.0057451083300721
K1_M6_quintile_actionable_oc_all,2025-02,-0.026747752013546403
K1_M6_quintile_actionable_oc_all,2025-03,-0.020232129851889716
K1_M6_quintile_actionable_oc_all,2025-04,0.019521327416070922
K1_M6_quintile_actionable_oc_all,2025-05,-0.011415709931119055
K1_M6_quintile_actionable_oc_all,2025-06,-0.0331906109249132
K1_M6_quintile_actionable_oc_all,2025-07,-0.038294539407970354
K1_M6_quintile_actionable_oc_all,2025-08,-0.04475746855160771
K1_M6_quintile_actionable_oc_all,2025-09,-0.08473574751055808
K1_M6_quintile_actionable_oc_all,2025-10,0.005174166562673308
K1_M6_quintile_actionable_oc_all,2025-11,-0.003445531315110722
K1_M6_quintile_actionable_oc_all,2025-12,-0.02941204235239495
K1_M6_quintile_actionable_oc_all,2026-01,-0.020238157184513772
K1_M6_quintile_actionable_oc_all,2026-02,-0.005406087200582913
K1_M6_quintile_actionable_oc_all,2026-03,0.045753267629450714
K1_M6_quintile_actionable_oc_all,2026-04,-0.062805942436076
K1_M6_quintile_actionable_oc_high_market_vol,2024-11,0.0
K1_M6_quintile_actionable_oc_high_market_vol,2024-12,0.0
K1_M6_quintile_actionable_oc_high_market_vol,2025-01,0.0
K1_M6_quintile_actionable_oc_high_market_vol,2025-02,-0.04572911861377387
K1_M6_quintile_actionable_oc_high_market_vol,2025-03,0.007017736540219964
K1_M6_quintile_actionable_oc_high_market_vol,2025-04,0.019521327416070922
K1_M6_quintile_actionable_oc_high_market_vol,2025-05,-0.003557801605007508
K1_M6_quintile_actionable_oc_high_market_vol,2025-06,-0.007491105538740261
K1_M6_quintile_actionable_oc_high_market_vol,2025-07,0.0
K1_M6_quintile_actionable_oc_high_market_vol,2025-08,-0.02328439945565737
K1_M6_quintile_actionable_oc_high_market_vol,2025-09,0.0
K1_M6_quintile_actionable_oc_high_market_vol,2025-10,0.0
K1_M6_quintile_actionable_oc_high_market_vol,2025-11,-0.008672410967052577
K1_M6_quintile_actionable_oc_high_market_vol,2025-12,0.0
K1_M6_quintile_actionable_oc_high_market_vol,2026-01,0.0
K1_M6_quintile_actionable_oc_high_market_vol,2026-02,-0.0028539078322075027
K1_M6_quintile_actionable_oc_high_market_vol,2026-03,0.04770197068808087
K1_M6_quintile_actionable_oc_high_market_vol,2026-04,-0.062086779488705855
K1_M6_quintile_actionable_oc_high_noise,2024-11,0.0
K1_M6_quintile_actionable_oc_high_noise,2024-12,0.0
K1_M6_quintile_actionable_oc_high_noise,2025-01,0.017132398490607083
K1_M6_quintile_actionable_oc_high_noise,2025-02,0.005569758699144992
K1_M6_quintile_actionable_oc_high_noise,2025-03,0.003985236552118439
K1_M6_quintile_actionable_oc_high_noise,2025-04,0.011601743760423645
K1_M6_quintile_actionable_oc_high_noise,2025-05,-0.009990142646312863
K1_M6_quintile_actionable_oc_high_noise,2025-06,0.005194541950477011
K1_M6_quintile_actionable_oc_high_noise,2025-07,0.005852560452097888
K1_M6_quintile_actionable_oc_high_noise,2025-08,0.0018395832957638228
K1_M6_quintile_actionable_oc_high_noise,2025-09,-0.027901478314367657
K1_M6_quintile_actionable_oc_high_noise,2025-10,0.021330126046484463
K1_M6_quintile_actionable_oc_high_noise,2025-11,-0.010277929995260896
K1_M6_quintile_actionable_oc_high_noise,2025-12,-0.003961993234708496
K1_M6_quintile_actionable_oc_high_noise,2026-01,-0.032112315201677046
K1_M6_quintile_actionable_oc_high_noise,2026-02,-0.002135156094319671
K1_M6_quintile_actionable_oc_high_noise,2026-03,0.03438809200231928
K1_M6_quintile_actionable_oc_high_noise,2026-04,-0.019602766947233365
K1_M6_quintile_source_cc_all,2024-11,-0.0459037564535302
K1_M6_quintile_source_cc_all,2024-12,0.002866982428503436
K1_M6_quintile_source_cc_all,2025-01,-0.00556359502271099
K1_M6_quintile_source_cc_all,2025-02,-0.026252266407356915
K1_M6_quintile_source_cc_all,2025-03,-0.01816483680766649
K1_M6_quintile_source_cc_all,2025-04,0.02142058352867019
K1_M6_quintile_source_cc_all,2025-05,-0.010476403190823798
K1_M6_quintile_source_cc_all,2025-06,-0.032449226204317796
K1_M6_quintile_source_cc_all,2025-07,-0.03670948033675969
K1_M6_quintile_source_cc_all,2025-08,-0.04424196342371302
K1_M6_quintile_source_cc_all,2025-09,-0.08427735945353494
K1_M6_quintile_source_cc_all,2025-10,0.00557081574779775
K1_M6_quintile_source_cc_all,2025-11,-0.003233619663592629
K1_M6_quintile_source_cc_all,2025-12,-0.028945054714697032
K1_M6_quintile_source_cc_all,2026-01,-0.020931568762890713
K1_M6_quintile_source_cc_all,2026-02,-0.005270843483590081
K1_M6_quintile_source_cc_all,2026-03,0.04755962979702766
K1_M6_quintile_source_cc_all,2026-04,-0.06204701739574496
K1_M6_quintile_source_cc_high_market_vol,2024-11,0.0
K1_M6_quintile_source_cc_high_market_vol,2024-12,0.0
K1_M6_quintile_source_cc_high_market_vol,2025-01,0.0
K1_M6_quintile_source_cc_high_market_vol,2025-02,-0.045454715762723134
K1_M6_quintile_source_cc_high_market_vol,2025-03,0.00783196721440424
K1_M6_quintile_source_cc_high_market_vol,2025-04,0.02142058352867019
K1_M6_quintile_source_cc_high_market_vol,2025-05,-0.0027437074803383288
K1_M6_quintile_source_cc_high_market_vol,2025-06,-0.007012303559847022
K1_M6_quintile_source_cc_high_market_vol,2025-07,0.0
K1_M6_quintile_source_cc_high_market_vol,2025-08,-0.023055457633749728
K1_M6_quintile_source_cc_high_market_vol,2025-09,0.0
K1_M6_quintile_source_cc_high_market_vol,2025-10,0.0
K1_M6_quintile_source_cc_high_market_vol,2025-11,-0.008795727397379337
K1_M6_quintile_source_cc_high_market_vol,2025-12,0.0
K1_M6_quintile_source_cc_high_market_vol,2026-01,0.0
K1_M6_quintile_source_cc_high_market_vol,2026-02,-0.0029326539728549003
K1_M6_quintile_source_cc_high_market_vol,2026-03,0.048123616864784675
K1_M6_quintile_source_cc_high_market_vol,2026-04,-0.06151468627603398
K1_M6_quintile_source_cc_high_noise,2024-11,0.0
K1_M6_quintile_source_cc_high_noise,2024-12,0.0
K1_M6_quintile_source_cc_high_noise,2025-01,0.0169419693590757
K1_M6_quintile_source_cc_high_noise,2025-02,0.005543876587463179
K1_M6_quintile_source_cc_high_noise,2025-03,0.004708790127908531
K1_M6_quintile_source_cc_high_noise,2025-04,0.012639261217001008
K1_M6_quintile_source_cc_high_noise,2025-05,-0.010023420015185866
K1_M6_quintile_source_cc_high_noise,2025-06,0.005192787409769183
K1_M6_quintile_source_cc_high_noise,2025-07,0.005863190101223187
K1_M6_quintile_source_cc_high_noise,2025-08,0.002051692470193977
K1_M6_quintile_source_cc_high_noise,2025-09,-0.02815699000997574
K1_M6_quintile_source_cc_high_noise,2025-10,0.021560567958587806
K1_M6_quintile_source_cc_high_noise,2025-11,-0.010138567771575013
K1_M6_quintile_source_cc_high_noise,2025-12,-0.0034669159010454415
K1_M6_quintile_source_cc_high_noise,2026-01,-0.032308465368634236
K1_M6_quintile_source_cc_high_noise,2026-02,-0.0021377516612140724
K1_M6_quintile_source_cc_high_noise,2026-03,0.03547785394341591
K1_M6_quintile_source_cc_high_noise,2026-04,-0.020005678610457094
K2_M1_decile_actionable_oc_all,2024-11,-0.010074528868651695
K2_M1_decile_actionable_oc_all,2024-12,-0.0025166541873067752
K2_M1_decile_actionable_oc_all,2025-01,-0.00508794936199353
K2_M1_decile_actionable_oc_all,2025-02,-0.008550310215371185
K2_M1_decile_actionable_oc_all,2025-03,0.023832448991390892
K2_M1_decile_actionable_oc_all,2025-04,0.03633824496164466
K2_M1_decile_actionable_oc_all,2025-05,-0.026410682416287662
K2_M1_decile_actionable_oc_all,2025-06,-0.0709401978345957
K2_M1_decile_actionable_oc_all,2025-07,-0.016502258726685103
K2_M1_decile_actionable_oc_all,2025-08,-0.03043367325589317
K2_M1_decile_actionable_oc_all,2025-09,-0.02855903709410801
K2_M1_decile_actionable_oc_all,2025-10,-0.0027608782151016826
K2_M1_decile_actionable_oc_all,2025-11,0.038417605507666125
K2_M1_decile_actionable_oc_all,2025-12,0.01371509995654747
K2_M1_decile_actionable_oc_all,2026-01,-0.02059048866980349
K2_M1_decile_actionable_oc_all,2026-02,-0.03650214104684367
K2_M1_decile_actionable_oc_all,2026-03,0.0741223550272924
K2_M1_decile_actionable_oc_all,2026-04,-0.05158067676913543
K2_M1_decile_actionable_oc_high_market_vol,2024-11,0.0
K2_M1_decile_actionable_oc_high_market_vol,2024-12,0.0
K2_M1_decile_actionable_oc_high_market_vol,2025-01,0.0
K2_M1_decile_actionable_oc_high_market_vol,2025-02,-0.012967204418815725
K2_M1_decile_actionable_oc_high_market_vol,2025-03,0.011892959065818992
K2_M1_decile_actionable_oc_high_market_vol,2025-04,0.03633824496164466
K2_M1_decile_actionable_oc_high_market_vol,2025-05,-0.023782641142729807
K2_M1_decile_actionable_oc_high_market_vol,2025-06,0.006660263801140432
K2_M1_decile_actionable_oc_high_market_vol,2025-07,0.0
K2_M1_decile_actionable_oc_high_market_vol,2025-08,-0.021182738041689783
K2_M1_decile_actionable_oc_high_market_vol,2025-09,0.0
K2_M1_decile_actionable_oc_high_market_vol,2025-10,0.0
K2_M1_decile_actionable_oc_high_market_vol,2025-11,0.002389603121378995
K2_M1_decile_actionable_oc_high_market_vol,2025-12,0.0
K2_M1_decile_actionable_oc_high_market_vol,2026-01,0.0
K2_M1_decile_actionable_oc_high_market_vol,2026-02,-0.03355434500844707
K2_M1_decile_actionable_oc_high_market_vol,2026-03,0.037935415409411775
K2_M1_decile_actionable_oc_high_market_vol,2026-04,-0.06004731702691044
K2_M1_decile_actionable_oc_high_noise,2024-11,0.0
K2_M1_decile_actionable_oc_high_noise,2024-12,0.0
K2_M1_decile_actionable_oc_high_noise,2025-01,-0.028026774352578405
K2_M1_decile_actionable_oc_high_noise,2025-02,-0.02305672815910209
K2_M1_decile_actionable_oc_high_noise,2025-03,0.023448933830150953
K2_M1_decile_actionable_oc_high_noise,2025-04,0.027094528903065955
K2_M1_decile_actionable_oc_high_noise,2025-05,-0.0016714126785933314
K2_M1_decile_actionable_oc_high_noise,2025-06,-0.002254265363544809
K2_M1_decile_actionable_oc_high_noise,2025-07,-0.003407230357374499
K2_M1_decile_actionable_oc_high_noise,2025-08,-0.01657087976211734
K2_M1_decile_actionable_oc_high_noise,2025-09,0.001277613836446295
K2_M1_decile_actionable_oc_high_noise,2025-10,-0.01721739953617666
K2_M1_decile_actionable_oc_high_noise,2025-11,0.02899926244907747
K2_M1_decile_actionable_oc_high_noise,2025-12,0.00046138481897444903
K2_M1_decile_actionable_oc_high_noise,2026-01,-0.004032052445008642
K2_M1_decile_actionable_oc_high_noise,2026-02,-0.018309214731650772
K2_M1_decile_actionable_oc_high_noise,2026-03,0.0545284839538637
K2_M1_decile_actionable_oc_high_noise,2026-04,-0.015315649449995973
K2_M1_decile_source_cc_all,2024-11,-0.008521598368716299
K2_M1_decile_source_cc_all,2024-12,0.00025954587072407
K2_M1_decile_source_cc_all,2025-01,-0.0048203671802290755
K2_M1_decile_source_cc_all,2025-02,-0.008702473682206408
K2_M1_decile_source_cc_all,2025-03,0.026319853076117675
K2_M1_decile_source_cc_all,2025-04,0.0368418968757274
K2_M1_decile_source_cc_all,2025-05,-0.025216029801665957
K2_M1_decile_source_cc_all,2025-06,-0.06964585248167764
K2_M1_decile_source_cc_all,2025-07,-0.01494060629797164
K2_M1_decile_source_cc_all,2025-08,-0.02709613179078832
K2_M1_decile_source_cc_all,2025-09,-0.02804244120711698
K2_M1_decile_source_cc_all,2025-10,-0.0009205158361802763
K2_M1_decile_source_cc_all,2025-11,0.039641369656894784
K2_M1_decile_source_cc_all,2025-12,0.014410419445827754
K2_M1_decile_source_cc_all,2026-01,-0.020655096967049875
K2_M1_decile_source_cc_all,2026-02,-0.033409967137824875
K2_M1_decile_source_cc_all,2026-03,0.07768323431440224
K2_M1_decile_source_cc_all,2026-04,-0.04932847208799335
K2_M1_decile_source_cc_high_market_vol,2024-11,0.0
K2_M1_decile_source_cc_high_market_vol,2024-12,0.0
K2_M1_decile_source_cc_high_market_vol,2025-01,0.0
K2_M1_decile_source_cc_high_market_vol,2025-02,-0.013025108301229445
K2_M1_decile_source_cc_high_market_vol,2025-03,0.013122208920793764
K2_M1_decile_source_cc_high_market_vol,2025-04,0.0368418968757274
K2_M1_decile_source_cc_high_market_vol,2025-05,-0.022390005108514105
K2_M1_decile_source_cc_high_market_vol,2025-06,0.006765053853444595
K2_M1_decile_source_cc_high_market_vol,2025-07,0.0
K2_M1_decile_source_cc_high_market_vol,2025-08,-0.02013247153181969
K2_M1_decile_source_cc_high_market_vol,2025-09,0.0
K2_M1_decile_source_cc_high_market_vol,2025-10,0.0
K2_M1_decile_source_cc_high_market_vol,2025-11,0.002564702079538383
K2_M1_decile_source_cc_high_market_vol,2025-12,0.0
K2_M1_decile_source_cc_high_market_vol,2026-01,0.0
K2_M1_decile_source_cc_high_market_vol,2026-02,-0.031347352907326084
K2_M1_decile_source_cc_high_market_vol,2026-03,0.039772342438863025
K2_M1_decile_source_cc_high_market_vol,2026-04,-0.05946060569190693
K2_M1_decile_source_cc_high_noise,2024-11,0.0
K2_M1_decile_source_cc_high_noise,2024-12,0.0
K2_M1_decile_source_cc_high_noise,2025-01,-0.027887719245386067
K2_M1_decile_source_cc_high_noise,2025-02,-0.022226596525067165
K2_M1_decile_source_cc_high_noise,2025-03,0.025258116778373647
K2_M1_decile_source_cc_high_noise,2025-04,0.02778948862384052
K2_M1_decile_source_cc_high_noise,2025-05,-0.0011556746655989672
K2_M1_decile_source_cc_high_noise,2025-06,-0.002508537671037753
K2_M1_decile_source_cc_high_noise,2025-07,-0.003325349976429838
K2_M1_decile_source_cc_high_noise,2025-08,-0.016006436994653345
K2_M1_decile_source_cc_high_noise,2025-09,0.0006412349362601234
K2_M1_decile_source_cc_high_noise,2025-10,-0.016700368917802376
K2_M1_decile_source_cc_high_noise,2025-11,0.029419092790635936
K2_M1_decile_source_cc_high_noise,2025-12,0.0011561925698560706
K2_M1_decile_source_cc_high_noise,2026-01,-0.003698876277467818
K2_M1_decile_source_cc_high_noise,2026-02,-0.01655780859654956
K2_M1_decile_source_cc_high_noise,2026-03,0.05600149922139642
K2_M1_decile_source_cc_high_noise,2026-04,-0.014956950336213136
K2_M1_quintile_actionable_oc_all,2024-11,-0.005861682016704134
K2_M1_quintile_actionable_oc_all,2024-12,-0.008206525553306608
K2_M1_quintile_actionable_oc_all,2025-01,-0.015402061662329459
K2_M1_quintile_actionable_oc_all,2025-02,-0.023204650335161697
K2_M1_quintile_actionable_oc_all,2025-03,0.009102034598851156
K2_M1_quintile_actionable_oc_all,2025-04,0.043816166610174095
K2_M1_quintile_actionable_oc_all,2025-05,-0.0029361818409486978
K2_M1_quintile_actionable_oc_all,2025-06,-0.04557264564299344
K2_M1_quintile_actionable_oc_all,2025-07,-0.018578758869113966
K2_M1_quintile_actionable_oc_all,2025-08,0.0009002972901898669
K2_M1_quintile_actionable_oc_all,2025-09,-0.015365476137099366
K2_M1_quintile_actionable_oc_all,2025-10,-0.005003675511747506
K2_M1_quintile_actionable_oc_all,2025-11,0.009738151545193844
K2_M1_quintile_actionable_oc_all,2025-12,-0.013433594230160991
K2_M1_quintile_actionable_oc_all,2026-01,-0.013471521761241678
K2_M1_quintile_actionable_oc_all,2026-02,-0.01874104873623142
K2_M1_quintile_actionable_oc_all,2026-03,0.051024484283379426
K2_M1_quintile_actionable_oc_all,2026-04,-0.02688354303298995
K2_M1_quintile_actionable_oc_high_market_vol,2024-11,0.0
K2_M1_quintile_actionable_oc_high_market_vol,2024-12,0.0
K2_M1_quintile_actionable_oc_high_market_vol,2025-01,0.0
K2_M1_quintile_actionable_oc_high_market_vol,2025-02,-0.025888700186422888
K2_M1_quintile_actionable_oc_high_market_vol,2025-03,0.012736416256655711
K2_M1_quintile_actionable_oc_high_market_vol,2025-04,0.043816166610174095
K2_M1_quintile_actionable_oc_high_market_vol,2025-05,-0.0003744702446136887
K2_M1_quintile_actionable_oc_high_market_vol,2025-06,0.0049059608857671445
K2_M1_quintile_actionable_oc_high_market_vol,2025-07,0.0
K2_M1_quintile_actionable_oc_high_market_vol,2025-08,-0.010450810601689255
K2_M1_quintile_actionable_oc_high_market_vol,2025-09,0.0
K2_M1_quintile_actionable_oc_high_market_vol,2025-10,0.0
K2_M1_quintile_actionable_oc_high_market_vol,2025-11,0.0007881929882266338
K2_M1_quintile_actionable_oc_high_market_vol,2025-12,0.0
K2_M1_quintile_actionable_oc_high_market_vol,2026-01,0.0
K2_M1_quintile_actionable_oc_high_market_vol,2026-02,-0.020112380335602576
K2_M1_quintile_actionable_oc_high_market_vol,2026-03,0.02656151084635966
K2_M1_quintile_actionable_oc_high_market_vol,2026-04,-0.030150630776058805
K2_M1_quintile_actionable_oc_high_noise,2024-11,0.0
K2_M1_quintile_actionable_oc_high_noise,2024-12,0.0
K2_M1_quintile_actionable_oc_high_noise,2025-01,-0.015540669040553443
K2_M1_quintile_actionable_oc_high_noise,2025-02,-0.01640005599926643
K2_M1_quintile_actionable_oc_high_noise,2025-03,0.008503695647883492
K2_M1_quintile_actionable_oc_high_noise,2025-04,0.028779165102606623
K2_M1_quintile_actionable_oc_high_noise,2025-05,0.000750914346312379
K2_M1_quintile_actionable_oc_high_noise,2025-06,-0.0016596957034115162
K2_M1_quintile_actionable_oc_high_noise,2025-07,-0.002187351081733489
K2_M1_quintile_actionable_oc_high_noise,2025-08,-0.010057992794771951
K2_M1_quintile_actionable_oc_high_noise,2025-09,-0.0007847632822971101
K2_M1_quintile_actionable_oc_high_noise,2025-10,-0.001648189218781322
K2_M1_quintile_actionable_oc_high_noise,2025-11,0.004499593470310326
K2_M1_quintile_actionable_oc_high_noise,2025-12,-0.003519657119423529
K2_M1_quintile_actionable_oc_high_noise,2026-01,-0.005394302934910684
K2_M1_quintile_actionable_oc_high_noise,2026-02,-0.01037415149534659
K2_M1_quintile_actionable_oc_high_noise,2026-03,0.03552865780732211
K2_M1_quintile_actionable_oc_high_noise,2026-04,-0.013660825157517983
K2_M1_quintile_source_cc_all,2024-11,-0.004071240631414903
K2_M1_quintile_source_cc_all,2024-12,-0.007406228917631133
K2_M1_quintile_source_cc_all,2025-01,-0.01585294551829191
K2_M1_quintile_source_cc_all,2025-02,-0.02254139685211991
K2_M1_quintile_source_cc_all,2025-03,0.011058022938920616
K2_M1_quintile_source_cc_all,2025-04,0.045199001028172474
K2_M1_quintile_source_cc_all,2025-05,-0.0019299062787930818
K2_M1_quintile_source_cc_all,2025-06,-0.04436609963009517
K2_M1_quintile_source_cc_all,2025-07,-0.017213351275023367
K2_M1_quintile_source_cc_all,2025-08,0.0027152686382555325
K2_M1_quintile_source_cc_all,2025-09,-0.014802026351906089
K2_M1_quintile_source_cc_all,2025-10,-0.003195737064310358
K2_M1_quintile_source_cc_all,2025-11,0.010261985094256347
K2_M1_quintile_source_cc_all,2025-12,-0.012682287319835846
K2_M1_quintile_source_cc_all,2026-01,-0.012999342241152286
K2_M1_quintile_source_cc_all,2026-02,-0.017328024916025676
K2_M1_quintile_source_cc_all,2026-03,0.053593980967364105
K2_M1_quintile_source_cc_all,2026-04,-0.025074701833194386
K2_M1_quintile_source_cc_high_market_vol,2024-11,0.0
K2_M1_quintile_source_cc_high_market_vol,2024-12,0.0
K2_M1_quintile_source_cc_high_market_vol,2025-01,0.0
K2_M1_quintile_source_cc_high_market_vol,2025-02,-0.025407400517548487
K2_M1_quintile_source_cc_high_market_vol,2025-03,0.013516044872837134
K2_M1_quintile_source_cc_high_market_vol,2025-04,0.045199001028172474
K2_M1_quintile_source_cc_high_market_vol,2025-05,0.0006043041811231
K2_M1_quintile_source_cc_high_market_vol,2025-06,0.00494807664068321
K2_M1_quintile_source_cc_high_market_vol,2025-07,0.0
K2_M1_quintile_source_cc_high_market_vol,2025-08,-0.009640811141747365
K2_M1_quintile_source_cc_high_market_vol,2025-09,0.0
K2_M1_quintile_source_cc_high_market_vol,2025-10,0.0
K2_M1_quintile_source_cc_high_market_vol,2025-11,0.000861282285474873
K2_M1_quintile_source_cc_high_market_vol,2025-12,0.0
K2_M1_quintile_source_cc_high_market_vol,2026-01,0.0
K2_M1_quintile_source_cc_high_market_vol,2026-02,-0.018933312923594812
K2_M1_quintile_source_cc_high_market_vol,2026-03,0.028206362827065935
K2_M1_quintile_source_cc_high_market_vol,2026-04,-0.029210701235452906
K2_M1_quintile_source_cc_high_noise,2024-11,0.0
K2_M1_quintile_source_cc_high_noise,2024-12,0.0
K2_M1_quintile_source_cc_high_noise,2025-01,-0.015872608135805558
K2_M1_quintile_source_cc_high_noise,2025-02,-0.015334752262091994
K2_M1_quintile_source_cc_high_noise,2025-03,0.010285577016778971
K2_M1_quintile_source_cc_high_noise,2025-04,0.030425501775927604
K2_M1_quintile_source_cc_high_noise,2025-05,0.0008086447841845548
K2_M1_quintile_source_cc_high_noise,2025-06,-0.002105697102668097
K2_M1_quintile_source_cc_high_noise,2025-07,-0.0024320004372625848
K2_M1_quintile_source_cc_high_noise,2025-08,-0.009517086987158934
K2_M1_quintile_source_cc_high_noise,2025-09,-0.0012942269710103714
K2_M1_quintile_source_cc_high_noise,2025-10,-0.0012958697144267693
K2_M1_quintile_source_cc_high_noise,2025-11,0.004528023445828512
K2_M1_quintile_source_cc_high_noise,2025-12,-0.0031838174594459386
K2_M1_quintile_source_cc_high_noise,2026-01,-0.004967644517791164
K2_M1_quintile_source_cc_high_noise,2026-02,-0.009322416250309114
K2_M1_quintile_source_cc_high_noise,2026-03,0.03680618631979449
K2_M1_quintile_source_cc_high_noise,2026-04,-0.013515631538666164
K2_M2_decile_actionable_oc_all,2024-11,-0.00459074614841253
K2_M2_decile_actionable_oc_all,2024-12,-0.06525955981221866
K2_M2_decile_actionable_oc_all,2025-01,-0.005419233039105172
K2_M2_decile_actionable_oc_all,2025-02,-0.01234417087398103
K2_M2_decile_actionable_oc_all,2025-03,0.018661620125278236
K2_M2_decile_actionable_oc_all,2025-04,0.013366777388916033
K2_M2_decile_actionable_oc_all,2025-05,-0.016510160183257037
K2_M2_decile_actionable_oc_all,2025-06,-0.0875119403983427
K2_M2_decile_actionable_oc_all,2025-07,-0.011191439905902907
K2_M2_decile_actionable_oc_all,2025-08,-0.03379459790290928
K2_M2_decile_actionable_oc_all,2025-09,-0.05895858082571712
K2_M2_decile_actionable_oc_all,2025-10,0.012357596083120908
K2_M2_decile_actionable_oc_all,2025-11,0.037910369516300696
K2_M2_decile_actionable_oc_all,2025-12,-0.014495650399115517
K2_M2_decile_actionable_oc_all,2026-01,-0.03873199346931757
K2_M2_decile_actionable_oc_all,2026-02,-0.05344438093760227
K2_M2_decile_actionable_oc_all,2026-03,0.06258346537728082
K2_M2_decile_actionable_oc_all,2026-04,-0.076980645305884
K2_M2_decile_actionable_oc_high_market_vol,2024-11,0.0
K2_M2_decile_actionable_oc_high_market_vol,2024-12,0.0
K2_M2_decile_actionable_oc_high_market_vol,2025-01,0.0
K2_M2_decile_actionable_oc_high_market_vol,2025-02,-0.016036763375117793
K2_M2_decile_actionable_oc_high_market_vol,2025-03,0.027219173244802983
K2_M2_decile_actionable_oc_high_market_vol,2025-04,0.013366777388916033
K2_M2_decile_actionable_oc_high_market_vol,2025-05,-0.0031671965036399207
K2_M2_decile_actionable_oc_high_market_vol,2025-06,-0.003053858501638906
K2_M2_decile_actionable_oc_high_market_vol,2025-07,0.0
K2_M2_decile_actionable_oc_high_market_vol,2025-08,-0.021888058061936076
K2_M2_decile_actionable_oc_high_market_vol,2025-09,0.0
K2_M2_decile_actionable_oc_high_market_vol,2025-10,0.0
K2_M2_decile_actionable_oc_high_market_vol,2025-11,0.001789736497237909
K2_M2_decile_actionable_oc_high_market_vol,2025-12,0.0
K2_M2_decile_actionable_oc_high_market_vol,2026-01,0.0
K2_M2_decile_actionable_oc_high_market_vol,2026-02,-0.040255675814171596
K2_M2_decile_actionable_oc_high_market_vol,2026-03,0.017208091258066043
K2_M2_decile_actionable_oc_high_market_vol,2026-04,-0.07801010894534342
K2_M2_decile_actionable_oc_high_noise,2024-11,0.0
K2_M2_decile_actionable_oc_high_noise,2024-12,0.0
K2_M2_decile_actionable_oc_high_noise,2025-01,-0.027683696277274687
K2_M2_decile_actionable_oc_high_noise,2025-02,-0.01807564980424938
K2_M2_decile_actionable_oc_high_noise,2025-03,-0.008410494621449618
K2_M2_decile_actionable_oc_high_noise,2025-04,0.02162963769772451
K2_M2_decile_actionable_oc_high_noise,2025-05,0.007355832133328777
K2_M2_decile_actionable_oc_high_noise,2025-06,-0.005508754197761553
K2_M2_decile_actionable_oc_high_noise,2025-07,-0.005341644431863361
K2_M2_decile_actionable_oc_high_noise,2025-08,-0.00986158275394629
K2_M2_decile_actionable_oc_high_noise,2025-09,0.0014447550087777245
K2_M2_decile_actionable_oc_high_noise,2025-10,0.004721519190478288
K2_M2_decile_actionable_oc_high_noise,2025-11,0.011376680104870376
K2_M2_decile_actionable_oc_high_noise,2025-12,-0.01832077009493064
K2_M2_decile_actionable_oc_high_noise,2026-01,-0.018167785714420546
K2_M2_decile_actionable_oc_high_noise,2026-02,-0.03859295925189246
K2_M2_decile_actionable_oc_high_noise,2026-03,0.03390614735065456
K2_M2_decile_actionable_oc_high_noise,2026-04,-0.028907051902546384
K2_M2_decile_source_cc_all,2024-11,-0.0031502488829280506
K2_M2_decile_source_cc_all,2024-12,-0.06254709652528886
K2_M2_decile_source_cc_all,2025-01,-0.00500528585006434
K2_M2_decile_source_cc_all,2025-02,-0.012561018696128096
K2_M2_decile_source_cc_all,2025-03,0.020737467239421006
K2_M2_decile_source_cc_all,2025-04,0.013398189925804957
K2_M2_decile_source_cc_all,2025-05,-0.014848327281338811
K2_M2_decile_source_cc_all,2025-06,-0.08637681362299447
K2_M2_decile_source_cc_all,2025-07,-0.00984032577210172
K2_M2_decile_source_cc_all,2025-08,-0.030704129009499995
K2_M2_decile_source_cc_all,2025-09,-0.058622489397496494
K2_M2_decile_source_cc_all,2025-10,0.014081358519258397
K2_M2_decile_source_cc_all,2025-11,0.038958159413462944
K2_M2_decile_source_cc_all,2025-12,-0.014022023360070053
K2_M2_decile_source_cc_all,2026-01,-0.03828635114966613
K2_M2_decile_source_cc_all,2026-02,-0.050407200945640364
K2_M2_decile_source_cc_all,2026-03,0.06591525047387439
K2_M2_decile_source_cc_all,2026-04,-0.07533570085290084
K2_M2_decile_source_cc_high_market_vol,2024-11,0.0
K2_M2_decile_source_cc_high_market_vol,2024-12,0.0
K2_M2_decile_source_cc_high_market_vol,2025-01,0.0
K2_M2_decile_source_cc_high_market_vol,2025-02,-0.016094640957650508
K2_M2_decile_source_cc_high_market_vol,2025-03,0.028357372472630774
K2_M2_decile_source_cc_high_market_vol,2025-04,0.013398189925804957
K2_M2_decile_source_cc_high_market_vol,2025-05,-0.0013214891639872798
K2_M2_decile_source_cc_high_market_vol,2025-06,-0.002992927063996182
K2_M2_decile_source_cc_high_market_vol,2025-07,0.0
K2_M2_decile_source_cc_high_market_vol,2025-08,-0.02100502473164697
K2_M2_decile_source_cc_high_market_vol,2025-09,0.0
K2_M2_decile_source_cc_high_market_vol,2025-10,0.0
K2_M2_decile_source_cc_high_market_vol,2025-11,0.0019176353420500298
K2_M2_decile_source_cc_high_market_vol,2025-12,0.0
K2_M2_decile_source_cc_high_market_vol,2026-01,0.0
K2_M2_decile_source_cc_high_market_vol,2026-02,-0.03815901976862699
K2_M2_decile_source_cc_high_market_vol,2026-03,0.018910615470916423
K2_M2_decile_source_cc_high_market_vol,2026-04,-0.07764501040868338
K2_M2_decile_source_cc_high_noise,2024-11,0.0
K2_M2_decile_source_cc_high_noise,2024-12,0.0
K2_M2_decile_source_cc_high_noise,2025-01,-0.027591267008342937
K2_M2_decile_source_cc_high_noise,2025-02,-0.017190433625462884
K2_M2_decile_source_cc_high_noise,2025-03,-0.007154224052969813
K2_M2_decile_source_cc_high_noise,2025-04,0.02206698322091436
K2_M2_decile_source_cc_high_noise,2025-05,0.008038297973704716
K2_M2_decile_source_cc_high_noise,2025-06,-0.005653029831947567
K2_M2_decile_source_cc_high_noise,2025-07,-0.005257029820285693
K2_M2_decile_source_cc_high_noise,2025-08,-0.009360962598579783
K2_M2_decile_source_cc_high_noise,2025-09,0.0009057669765801365
K2_M2_decile_source_cc_high_noise,2025-10,0.005222132749391131
K2_M2_decile_source_cc_high_noise,2025-11,0.011752908916922407
K2_M2_decile_source_cc_high_noise,2025-12,-0.017772813323562463
K2_M2_decile_source_cc_high_noise,2026-01,-0.017778977950147865
K2_M2_decile_source_cc_high_noise,2026-02,-0.03700613478068613
K2_M2_decile_source_cc_high_noise,2026-03,0.035301029081390385
K2_M2_decile_source_cc_high_noise,2026-04,-0.029167531486802817
K2_M2_quintile_actionable_oc_all,2024-11,-0.012142601202592217
K2_M2_quintile_actionable_oc_all,2024-12,-0.04533860954284534
K2_M2_quintile_actionable_oc_all,2025-01,-0.0059132310264496364
K2_M2_quintile_actionable_oc_all,2025-02,-0.03641111098599774
K2_M2_quintile_actionable_oc_all,2025-03,0.0012270684151299283
K2_M2_quintile_actionable_oc_all,2025-04,0.021359316572900928
K2_M2_quintile_actionable_oc_all,2025-05,-0.009483345679945762
K2_M2_quintile_actionable_oc_all,2025-06,-0.06258645268354852
K2_M2_quintile_actionable_oc_all,2025-07,-0.021474440706453983
K2_M2_quintile_actionable_oc_all,2025-08,-0.0002551171454914171
K2_M2_quintile_actionable_oc_all,2025-09,-0.04462469163511476
K2_M2_quintile_actionable_oc_all,2025-10,-0.0026890468269838387
K2_M2_quintile_actionable_oc_all,2025-11,0.007841204570605515
K2_M2_quintile_actionable_oc_all,2025-12,-0.042625153069811954
K2_M2_quintile_actionable_oc_all,2026-01,-0.008682564539935227
K2_M2_quintile_actionable_oc_all,2026-02,-0.02841291930975412
K2_M2_quintile_actionable_oc_all,2026-03,0.041316223161976744
K2_M2_quintile_actionable_oc_all,2026-04,-0.0435744464576283
K2_M2_quintile_actionable_oc_high_market_vol,2024-11,0.0
K2_M2_quintile_actionable_oc_high_market_vol,2024-12,0.0
K2_M2_quintile_actionable_oc_high_market_vol,2025-01,0.0
K2_M2_quintile_actionable_oc_high_market_vol,2025-02,-0.03602071047588143
K2_M2_quintile_actionable_oc_high_market_vol,2025-03,0.019894609372714128
K2_M2_quintile_actionable_oc_high_market_vol,2025-04,0.021359316572900928
K2_M2_quintile_actionable_oc_high_market_vol,2025-05,-0.0009106917819483411
K2_M2_quintile_actionable_oc_high_market_vol,2025-06,-0.00040315885658862585
K2_M2_quintile_actionable_oc_high_market_vol,2025-07,0.0
K2_M2_quintile_actionable_oc_high_market_vol,2025-08,-0.015905447175710605
K2_M2_quintile_actionable_oc_high_market_vol,2025-09,0.0
K2_M2_quintile_actionable_oc_high_market_vol,2025-10,0.0
K2_M2_quintile_actionable_oc_high_market_vol,2025-11,0.004475930792627384
K2_M2_quintile_actionable_oc_high_market_vol,2025-12,0.0
K2_M2_quintile_actionable_oc_high_market_vol,2026-01,0.0
K2_M2_quintile_actionable_oc_high_market_vol,2026-02,-0.02174713107610137
K2_M2_quintile_actionable_oc_high_market_vol,2026-03,0.015113267599057583
K2_M2_quintile_actionable_oc_high_market_vol,2026-04,-0.04435753680916028
K2_M2_quintile_actionable_oc_high_noise,2024-11,0.0
K2_M2_quintile_actionable_oc_high_noise,2024-12,0.0
K2_M2_quintile_actionable_oc_high_noise,2025-01,-0.012442344871950454
K2_M2_quintile_actionable_oc_high_noise,2025-02,-0.022413166346270337
K2_M2_quintile_actionable_oc_high_noise,2025-03,-0.010811395307683956
K2_M2_quintile_actionable_oc_high_noise,2025-04,0.020591507368051626
K2_M2_quintile_actionable_oc_high_noise,2025-05,0.005004542958209138
K2_M2_quintile_actionable_oc_high_noise,2025-06,-0.001061064535822161
K2_M2_quintile_actionable_oc_high_noise,2025-07,-0.0027424213709810645
K2_M2_quintile_actionable_oc_high_noise,2025-08,-0.00020398763136156588
K2_M2_quintile_actionable_oc_high_noise,2025-09,-0.0037545627463409
K2_M2_quintile_actionable_oc_high_noise,2025-10,0.005279851891548827
K2_M2_quintile_actionable_oc_high_noise,2025-11,-0.0070719440202681744
K2_M2_quintile_actionable_oc_high_noise,2025-12,-0.016729204341580223
K2_M2_quintile_actionable_oc_high_noise,2026-01,-0.006485978367952781
K2_M2_quintile_actionable_oc_high_noise,2026-02,-0.023795910186080425
K2_M2_quintile_actionable_oc_high_noise,2026-03,0.017073161136634738
K2_M2_quintile_actionable_oc_high_noise,2026-04,-0.026923483777634368
K2_M2_quintile_source_cc_all,2024-11,-0.010424246212468435
K2_M2_quintile_source_cc_all,2024-12,-0.044569254058956356
K2_M2_quintile_source_cc_all,2025-01,-0.006225762940440152
K2_M2_quintile_source_cc_all,2025-02,-0.03591451600111913
K2_M2_quintile_source_cc_all,2025-03,0.002728961953043939
K2_M2_quintile_source_cc_all,2025-04,0.022654037246772542
K2_M2_quintile_source_cc_all,2025-05,-0.008325411700593489
K2_M2_quintile_source_cc_all,2025-06,-0.06139931481962235
K2_M2_quintile_source_cc_all,2025-07,-0.02035677168524743
K2_M2_quintile_source_cc_all,2025-08,0.001338238185428366
K2_M2_quintile_source_cc_all,2025-09,-0.04417410707389757
K2_M2_quintile_source_cc_all,2025-10,-0.0009706263649270808
K2_M2_quintile_source_cc_all,2025-11,0.00833924338391897
K2_M2_quintile_source_cc_all,2025-12,-0.04181660021079573
K2_M2_quintile_source_cc_all,2026-01,-0.008024508029514271
K2_M2_quintile_source_cc_all,2026-02,-0.02709941293098059
K2_M2_quintile_source_cc_all,2026-03,0.04363768233821105
K2_M2_quintile_source_cc_all,2026-04,-0.04208067279901802
K2_M2_quintile_source_cc_high_market_vol,2024-11,0.0
K2_M2_quintile_source_cc_high_market_vol,2024-12,0.0
K2_M2_quintile_source_cc_high_market_vol,2025-01,0.0
K2_M2_quintile_source_cc_high_market_vol,2025-02,-0.035540888067066484
K2_M2_quintile_source_cc_high_market_vol,2025-03,0.020513749009977263
K2_M2_quintile_source_cc_high_market_vol,2025-04,0.022654037246772542
K2_M2_quintile_source_cc_high_market_vol,2025-05,0.00026425373153297037
K2_M2_quintile_source_cc_high_market_vol,2025-06,-0.00036523865733559805
K2_M2_quintile_source_cc_high_market_vol,2025-07,0.0
K2_M2_quintile_source_cc_high_market_vol,2025-08,-0.015162215497142483
K2_M2_quintile_source_cc_high_market_vol,2025-09,0.0
K2_M2_quintile_source_cc_high_market_vol,2025-10,0.0
K2_M2_quintile_source_cc_high_market_vol,2025-11,0.004494571766178803
K2_M2_quintile_source_cc_high_market_vol,2025-12,0.0
K2_M2_quintile_source_cc_high_market_vol,2026-01,0.0
K2_M2_quintile_source_cc_high_market_vol,2026-02,-0.020755166323969152
K2_M2_quintile_source_cc_high_market_vol,2026-03,0.016627304261542252
K2_M2_quintile_source_cc_high_market_vol,2026-04,-0.0435368396909061
K2_M2_quintile_source_cc_high_noise,2024-11,0.0
K2_M2_quintile_source_cc_high_noise,2024-12,0.0
K2_M2_quintile_source_cc_high_noise,2025-01,-0.01268051281324909
K2_M2_quintile_source_cc_high_noise,2025-02,-0.02142082605457015
K2_M2_quintile_source_cc_high_noise,2025-03,-0.009522009113240887
K2_M2_quintile_source_cc_high_noise,2025-04,0.022211538388611902
K2_M2_quintile_source_cc_high_noise,2025-05,0.005175162831274661
K2_M2_quintile_source_cc_high_noise,2025-06,-0.0014041336119307805
K2_M2_quintile_source_cc_high_noise,2025-07,-0.0029727288038932974
K2_M2_quintile_source_cc_high_noise,2025-08,0.00023447271695833645
K2_M2_quintile_source_cc_high_noise,2025-09,-0.0041599739335352265
K2_M2_quintile_source_cc_high_noise,2025-10,0.005604698366125718
K2_M2_quintile_source_cc_high_noise,2025-11,-0.006995706314516036
K2_M2_quintile_source_cc_high_noise,2025-12,-0.016417230085421473
K2_M2_quintile_source_cc_high_noise,2026-01,-0.006019818680551586
K2_M2_quintile_source_cc_high_noise,2026-02,-0.02288982430383614
K2_M2_quintile_source_cc_high_noise,2026-03,0.01815790252591682
K2_M2_quintile_source_cc_high_noise,2026-04,-0.027059453903572422
K2_M3_decile_actionable_oc_all,2024-11,0.0031075410617591604
K2_M3_decile_actionable_oc_all,2024-12,-0.09188897620454284
K2_M3_decile_actionable_oc_all,2025-01,-0.003044085422693447
K2_M3_decile_actionable_oc_all,2025-02,-0.040593495462633335
K2_M3_decile_actionable_oc_all,2025-03,0.021144984512211515
K2_M3_decile_actionable_oc_all,2025-04,0.021979177274099745
K2_M3_decile_actionable_oc_all,2025-05,-0.019038544777761703
K2_M3_decile_actionable_oc_all,2025-06,-0.11226900484864248
K2_M3_decile_actionable_oc_all,2025-07,-0.025979452955973523
K2_M3_decile_actionable_oc_all,2025-08,-0.033853830830714485
K2_M3_decile_actionable_oc_all,2025-09,-0.06916171635410077
K2_M3_decile_actionable_oc_all,2025-10,0.0005085866438820892
K2_M3_decile_actionable_oc_all,2025-11,0.06943322816706031
K2_M3_decile_actionable_oc_all,2025-12,-0.06155435322165447
K2_M3_decile_actionable_oc_all,2026-01,-0.0613893486766212
K2_M3_decile_actionable_oc_all,2026-02,-0.04962733499563691
K2_M3_decile_actionable_oc_all,2026-03,0.07516577432371158
K2_M3_decile_actionable_oc_all,2026-04,-0.08913840473077926
K2_M3_decile_actionable_oc_high_market_vol,2024-11,0.0
K2_M3_decile_actionable_oc_high_market_vol,2024-12,0.0
K2_M3_decile_actionable_oc_high_market_vol,2025-01,0.0
K2_M3_decile_actionable_oc_high_market_vol,2025-02,-0.04007834409260984
K2_M3_decile_actionable_oc_high_market_vol,2025-03,0.025553601390958303
K2_M3_decile_actionable_oc_high_market_vol,2025-04,0.021979177274099745
K2_M3_decile_actionable_oc_high_market_vol,2025-05,-0.008911487342656337
K2_M3_decile_actionable_oc_high_market_vol,2025-06,-0.00465976934627392
K2_M3_decile_actionable_oc_high_market_vol,2025-07,0.0
K2_M3_decile_actionable_oc_high_market_vol,2025-08,-0.016975944034044073
K2_M3_decile_actionable_oc_high_market_vol,2025-09,0.0
K2_M3_decile_actionable_oc_high_market_vol,2025-10,0.0
K2_M3_decile_actionable_oc_high_market_vol,2025-11,0.0033254561149530324
K2_M3_decile_actionable_oc_high_market_vol,2025-12,0.0
K2_M3_decile_actionable_oc_high_market_vol,2026-01,0.0
K2_M3_decile_actionable_oc_high_market_vol,2026-02,-0.03303126091956276
K2_M3_decile_actionable_oc_high_market_vol,2026-03,0.03219773745642669
K2_M3_decile_actionable_oc_high_market_vol,2026-04,-0.0844876730881496
K2_M3_decile_actionable_oc_high_noise,2024-11,0.0
K2_M3_decile_actionable_oc_high_noise,2024-12,0.0
K2_M3_decile_actionable_oc_high_noise,2025-01,-0.024140669669879666
K2_M3_decile_actionable_oc_high_noise,2025-02,-0.03954564794255472
K2_M3_decile_actionable_oc_high_noise,2025-03,-0.012040393763389078
K2_M3_decile_actionable_oc_high_noise,2025-04,0.03830612128937462
K2_M3_decile_actionable_oc_high_noise,2025-05,0.007151852689984353
K2_M3_decile_actionable_oc_high_noise,2025-06,-0.010725397857562772
K2_M3_decile_actionable_oc_high_noise,2025-07,0.0072169608480684945
K2_M3_decile_actionable_oc_high_noise,2025-08,-0.011358408169900601
K2_M3_decile_actionable_oc_high_noise,2025-09,-0.02000852557170696
K2_M3_decile_actionable_oc_high_noise,2025-10,-0.005999653334861818
K2_M3_decile_actionable_oc_high_noise,2025-11,0.01476999417879023
K2_M3_decile_actionable_oc_high_noise,2025-12,-0.029208298592136944
K2_M3_decile_actionable_oc_high_noise,2026-01,-0.02416580586108587
K2_M3_decile_actionable_oc_high_noise,2026-02,-0.05767661173223343
K2_M3_decile_actionable_oc_high_noise,2026-03,0.04423051935954232
K2_M3_decile_actionable_oc_high_noise,2026-04,-0.02987955030307121
K2_M3_decile_source_cc_all,2024-11,0.004462365798596929
K2_M3_decile_source_cc_all,2024-12,-0.0893676693619417
K2_M3_decile_source_cc_all,2025-01,-0.0024645302958174343
K2_M3_decile_source_cc_all,2025-02,-0.04106271494138312
K2_M3_decile_source_cc_all,2025-03,0.022748795146551787
K2_M3_decile_source_cc_all,2025-04,0.021794963238760567
K2_M3_decile_source_cc_all,2025-05,-0.01789485663314837
K2_M3_decile_source_cc_all,2025-06,-0.11121535622656539
K2_M3_decile_source_cc_all,2025-07,-0.024477895764144404
K2_M3_decile_source_cc_all,2025-08,-0.03098432141253499
K2_M3_decile_source_cc_all,2025-09,-0.06890601746307348
K2_M3_decile_source_cc_all,2025-10,0.002341238705925754
K2_M3_decile_source_cc_all,2025-11,0.07038245322706398
K2_M3_decile_source_cc_all,2025-12,-0.06076056410137651
K2_M3_decile_source_cc_all,2026-01,-0.06063456257722761
K2_M3_decile_source_cc_all,2026-02,-0.04691094012138174
K2_M3_decile_source_cc_all,2026-03,0.07858652617785522
K2_M3_decile_source_cc_all,2026-04,-0.0871172277754453
K2_M3_decile_source_cc_high_market_vol,2024-11,0.0
K2_M3_decile_source_cc_high_market_vol,2024-12,0.0
K2_M3_decile_source_cc_high_market_vol,2025-01,0.0
K2_M3_decile_source_cc_high_market_vol,2025-02,-0.040173541314448016
K2_M3_decile_source_cc_high_market_vol,2025-03,0.026322339466277937
K2_M3_decile_source_cc_high_market_vol,2025-04,0.021794963238760567
K2_M3_decile_source_cc_high_market_vol,2025-05,-0.007611753157317079
K2_M3_decile_source_cc_high_market_vol,2025-06,-0.004605200596561113
K2_M3_decile_source_cc_high_market_vol,2025-07,0.0
K2_M3_decile_source_cc_high_market_vol,2025-08,-0.01598673024435278
K2_M3_decile_source_cc_high_market_vol,2025-09,0.0
K2_M3_decile_source_cc_high_market_vol,2025-10,0.0
K2_M3_decile_source_cc_high_market_vol,2025-11,0.0036017021331310115
K2_M3_decile_source_cc_high_market_vol,2025-12,0.0
K2_M3_decile_source_cc_high_market_vol,2026-01,0.0
K2_M3_decile_source_cc_high_market_vol,2026-02,-0.03117183175829165
K2_M3_decile_source_cc_high_market_vol,2026-03,0.03397830013094661
K2_M3_decile_source_cc_high_market_vol,2026-04,-0.08374665652014829
K2_M3_decile_source_cc_high_noise,2024-11,0.0
K2_M3_decile_source_cc_high_noise,2024-12,0.0
K2_M3_decile_source_cc_high_noise,2025-01,-0.02386993587919925
K2_M3_decile_source_cc_high_noise,2025-02,-0.038698827470161866
K2_M3_decile_source_cc_high_noise,2025-03,-0.01123595575398219
K2_M3_decile_source_cc_high_noise,2025-04,0.03849065311317939
K2_M3_decile_source_cc_high_noise,2025-05,0.007722233269686586
K2_M3_decile_source_cc_high_noise,2025-06,-0.01088499633226385
K2_M3_decile_source_cc_high_noise,2025-07,0.007398589881183176
K2_M3_decile_source_cc_high_noise,2025-08,-0.010835630619352183
K2_M3_decile_source_cc_high_noise,2025-09,-0.02047954042385887
K2_M3_decile_source_cc_high_noise,2025-10,-0.005378225609810076
K2_M3_decile_source_cc_high_noise,2025-11,0.015162639601928147
K2_M3_decile_source_cc_high_noise,2025-12,-0.02850342068704819
K2_M3_decile_source_cc_high_noise,2026-01,-0.023563708122483283
K2_M3_decile_source_cc_high_noise,2026-02,-0.056710246574729666
K2_M3_decile_source_cc_high_noise,2026-03,0.045698779233319047
K2_M3_decile_source_cc_high_noise,2026-04,-0.030033933054784814
K2_M3_quintile_actionable_oc_all,2024-11,-0.0153161808758114
K2_M3_quintile_actionable_oc_all,2024-12,-0.058108523694812855
K2_M3_quintile_actionable_oc_all,2025-01,0.00940235785349656
K2_M3_quintile_actionable_oc_all,2025-02,-0.03135660743948954
K2_M3_quintile_actionable_oc_all,2025-03,-0.013744498235279403
K2_M3_quintile_actionable_oc_all,2025-04,0.020695888313296124
K2_M3_quintile_actionable_oc_all,2025-05,-0.020218525972696633
K2_M3_quintile_actionable_oc_all,2025-06,-0.07449890693789991
K2_M3_quintile_actionable_oc_all,2025-07,-0.0274109346999522
K2_M3_quintile_actionable_oc_all,2025-08,-0.009590693631103904
K2_M3_quintile_actionable_oc_all,2025-09,-0.04265526158210704
K2_M3_quintile_actionable_oc_all,2025-10,-0.011269694274895513
K2_M3_quintile_actionable_oc_all,2025-11,0.02741938715053281
K2_M3_quintile_actionable_oc_all,2025-12,-0.059669359041928396
K2_M3_quintile_actionable_oc_all,2026-01,-0.023355142844978395
K2_M3_quintile_actionable_oc_all,2026-02,-0.03636847285848185
K2_M3_quintile_actionable_oc_all,2026-03,0.04801102403465044
K2_M3_quintile_actionable_oc_all,2026-04,-0.048390391416958264
K2_M3_quintile_actionable_oc_high_market_vol,2024-11,0.0
K2_M3_quintile_actionable_oc_high_market_vol,2024-12,0.0
K2_M3_quintile_actionable_oc_high_market_vol,2025-01,0.0
K2_M3_quintile_actionable_oc_high_market_vol,2025-02,-0.031839037183324106
K2_M3_quintile_actionable_oc_high_market_vol,2025-03,0.015070054342108823
K2_M3_quintile_actionable_oc_high_market_vol,2025-04,0.020695888313296124
K2_M3_quintile_actionable_oc_high_market_vol,2025-05,-0.010796391529326564
K2_M3_quintile_actionable_oc_high_market_vol,2025-06,-0.005920296912345144
K2_M3_quintile_actionable_oc_high_market_vol,2025-07,0.0
K2_M3_quintile_actionable_oc_high_market_vol,2025-08,-0.01860531144207518
K2_M3_quintile_actionable_oc_high_market_vol,2025-09,0.0
K2_M3_quintile_actionable_oc_high_market_vol,2025-10,0.0
K2_M3_quintile_actionable_oc_high_market_vol,2025-11,0.006719184658456872
K2_M3_quintile_actionable_oc_high_market_vol,2025-12,0.0
K2_M3_quintile_actionable_oc_high_market_vol,2026-01,0.0
K2_M3_quintile_actionable_oc_high_market_vol,2026-02,-0.028276343772975582
K2_M3_quintile_actionable_oc_high_market_vol,2026-03,0.02253645290253923
K2_M3_quintile_actionable_oc_high_market_vol,2026-04,-0.043100925482239864
K2_M3_quintile_actionable_oc_high_noise,2024-11,0.0
K2_M3_quintile_actionable_oc_high_noise,2024-12,0.0
K2_M3_quintile_actionable_oc_high_noise,2025-01,-0.00021352206877111712
K2_M3_quintile_actionable_oc_high_noise,2025-02,-0.022652265310865755
K2_M3_quintile_actionable_oc_high_noise,2025-03,-0.021337494243922034
K2_M3_quintile_actionable_oc_high_noise,2025-04,0.021039582768099502
K2_M3_quintile_actionable_oc_high_noise,2025-05,-0.0006954048717653484
K2_M3_quintile_actionable_oc_high_noise,2025-06,-0.0028724289949639244
K2_M3_quintile_actionable_oc_high_noise,2025-07,0.004104325644288833
K2_M3_quintile_actionable_oc_high_noise,2025-08,-0.003071083500669208
K2_M3_quintile_actionable_oc_high_noise,2025-09,-0.01832887349835259
K2_M3_quintile_actionable_oc_high_noise,2025-10,-0.0025049353759752013
K2_M3_quintile_actionable_oc_high_noise,2025-11,-0.0060105891648016534
K2_M3_quintile_actionable_oc_high_noise,2025-12,-0.025274124708036857
K2_M3_quintile_actionable_oc_high_noise,2026-01,-0.006260561434365871
K2_M3_quintile_actionable_oc_high_noise,2026-02,-0.03731616727832912
K2_M3_quintile_actionable_oc_high_noise,2026-03,0.015335478368573878
K2_M3_quintile_actionable_oc_high_noise,2026-04,-0.022968714667199217
K2_M3_quintile_source_cc_all,2024-11,-0.013886344617245628
K2_M3_quintile_source_cc_all,2024-12,-0.057251535065785
K2_M3_quintile_source_cc_all,2025-01,0.009130057905790401
K2_M3_quintile_source_cc_all,2025-02,-0.030845793414862478
K2_M3_quintile_source_cc_all,2025-03,-0.012377111970572797
K2_M3_quintile_source_cc_all,2025-04,0.0218116602283873
K2_M3_quintile_source_cc_all,2025-05,-0.01936861716425331
K2_M3_quintile_source_cc_all,2025-06,-0.0734832135903109
K2_M3_quintile_source_cc_all,2025-07,-0.02623146989070013
K2_M3_quintile_source_cc_all,2025-08,-0.008195902350703332
K2_M3_quintile_source_cc_all,2025-09,-0.04225343341679754
K2_M3_quintile_source_cc_all,2025-10,-0.00959765778091896
K2_M3_quintile_source_cc_all,2025-11,0.028028109251759414
K2_M3_quintile_source_cc_all,2025-12,-0.05859820005662478
K2_M3_quintile_source_cc_all,2026-01,-0.02265929775423753
K2_M3_quintile_source_cc_all,2026-02,-0.035368705420260896
K2_M3_quintile_source_cc_all,2026-03,0.050436130355363956
K2_M3_quintile_source_cc_all,2026-04,-0.0466648764332337
K2_M3_quintile_source_cc_high_market_vol,2024-11,0.0
K2_M3_quintile_source_cc_high_market_vol,2024-12,0.0
K2_M3_quintile_source_cc_high_market_vol,2025-01,0.0
K2_M3_quintile_source_cc_high_market_vol,2025-02,-0.03125965038848865
K2_M3_quintile_source_cc_high_market_vol,2025-03,0.015422824156421322
K2_M3_quintile_source_cc_high_market_vol,2025-04,0.0218116602283873
K2_M3_quintile_source_cc_high_market_vol,2025-05,-0.009941248064813793
K2_M3_quintile_source_cc_high_market_vol,2025-06,-0.00587904360321076
K2_M3_quintile_source_cc_high_market_vol,2025-07,0.0
K2_M3_quintile_source_cc_high_market_vol,2025-08,-0.017850498828079563
K2_M3_quintile_source_cc_high_market_vol,2025-09,0.0
K2_M3_quintile_source_cc_high_market_vol,2025-10,0.0
K2_M3_quintile_source_cc_high_market_vol,2025-11,0.006922342423525499
K2_M3_quintile_source_cc_high_market_vol,2025-12,0.0
K2_M3_quintile_source_cc_high_market_vol,2026-01,0.0
K2_M3_quintile_source_cc_high_market_vol,2026-02,-0.02750963691377285
K2_M3_quintile_source_cc_high_market_vol,2026-03,0.024050422249920645
K2_M3_quintile_source_cc_high_market_vol,2026-04,-0.042151442139657255
K2_M3_quintile_source_cc_high_noise,2024-11,0.0
K2_M3_quintile_source_cc_high_noise,2024-12,0.0
K2_M3_quintile_source_cc_high_noise,2025-01,-0.0004394565951782118
K2_M3_quintile_source_cc_high_noise,2025-02,-0.02161266362471312
K2_M3_quintile_source_cc_high_noise,2025-03,-0.02031777545104468
K2_M3_quintile_source_cc_high_noise,2025-04,0.022540374639939433
K2_M3_quintile_source_cc_high_noise,2025-05,-0.0005634106897648896
K2_M3_quintile_source_cc_high_noise,2025-06,-0.003233708553322865
K2_M3_quintile_source_cc_high_noise,2025-07,0.0039746547028551875
K2_M3_quintile_source_cc_high_noise,2025-08,-0.0026968372613206558
K2_M3_quintile_source_cc_high_noise,2025-09,-0.018643550225878547
K2_M3_quintile_source_cc_high_noise,2025-10,-0.0020479264711174916
K2_M3_quintile_source_cc_high_noise,2025-11,-0.0059531441184553936
K2_M3_quintile_source_cc_high_noise,2025-12,-0.024864449184004326
K2_M3_quintile_source_cc_high_noise,2026-01,-0.005778809136067902
K2_M3_quintile_source_cc_high_noise,2026-02,-0.03681074272222112
K2_M3_quintile_source_cc_high_noise,2026-03,0.01648808436307349
K2_M3_quintile_source_cc_high_noise,2026-04,-0.022978390150448676
K2_M4_decile_actionable_oc_all,2024-11,-0.016852178728341702
K2_M4_decile_actionable_oc_all,2024-12,-0.09040061148534023
K2_M4_decile_actionable_oc_all,2025-01,0.004121782259953608
K2_M4_decile_actionable_oc_all,2025-02,-0.05422366450592451
K2_M4_decile_actionable_oc_all,2025-03,0.06758760622190325
K2_M4_decile_actionable_oc_all,2025-04,0.005761586785571225
K2_M4_decile_actionable_oc_all,2025-05,-0.012927515060526947
K2_M4_decile_actionable_oc_all,2025-06,-0.08871938166897177
K2_M4_decile_actionable_oc_all,2025-07,-0.0291702524512884
K2_M4_decile_actionable_oc_all,2025-08,-0.029522052386882332
K2_M4_decile_actionable_oc_all,2025-09,-0.1078872098126394
K2_M4_decile_actionable_oc_all,2025-10,0.037480972511345724
K2_M4_decile_actionable_oc_all,2025-11,0.09855984662456499
K2_M4_decile_actionable_oc_all,2025-12,-0.05918121227181306
K2_M4_decile_actionable_oc_all,2026-01,-0.04639359170088227
K2_M4_decile_actionable_oc_all,2026-02,-0.009256975065458254
K2_M4_decile_actionable_oc_all,2026-03,0.09699197625867863
K2_M4_decile_actionable_oc_all,2026-04,-0.0998873294965654
K2_M4_decile_actionable_oc_high_market_vol,2024-11,0.0
K2_M4_decile_actionable_oc_high_market_vol,2024-12,0.0
K2_M4_decile_actionable_oc_high_market_vol,2025-01,0.0
K2_M4_decile_actionable_oc_high_market_vol,2025-02,-0.056473343696531786
K2_M4_decile_actionable_oc_high_market_vol,2025-03,0.06870827296326457
K2_M4_decile_actionable_oc_high_market_vol,2025-04,0.005761586785571225
K2_M4_decile_actionable_oc_high_market_vol,2025-05,-0.008080348814867622
K2_M4_decile_actionable_oc_high_market_vol,2025-06,-0.0016802669686232998
K2_M4_decile_actionable_oc_high_market_vol,2025-07,0.0
K2_M4_decile_actionable_oc_high_market_vol,2025-08,-0.004785326871026743
K2_M4_decile_actionable_oc_high_market_vol,2025-09,0.0
K2_M4_decile_actionable_oc_high_market_vol,2025-10,0.0
K2_M4_decile_actionable_oc_high_market_vol,2025-11,0.0024163628769598034
K2_M4_decile_actionable_oc_high_market_vol,2025-12,0.0
K2_M4_decile_actionable_oc_high_market_vol,2026-01,0.0
K2_M4_decile_actionable_oc_high_market_vol,2026-02,-0.0032767147512566368
K2_M4_decile_actionable_oc_high_market_vol,2026-03,0.06452408019004292
K2_M4_decile_actionable_oc_high_market_vol,2026-04,-0.09696360135864425
K2_M4_decile_actionable_oc_high_noise,2024-11,0.0
K2_M4_decile_actionable_oc_high_noise,2024-12,0.0
K2_M4_decile_actionable_oc_high_noise,2025-01,-0.012016583434610992
K2_M4_decile_actionable_oc_high_noise,2025-02,-0.05922638923677491
K2_M4_decile_actionable_oc_high_noise,2025-03,0.03216231193039032
K2_M4_decile_actionable_oc_high_noise,2025-04,0.025524843951543932
K2_M4_decile_actionable_oc_high_noise,2025-05,0.010300984988550234
K2_M4_decile_actionable_oc_high_noise,2025-06,-0.011259064409678825
K2_M4_decile_actionable_oc_high_noise,2025-07,0.0046845942739684775
K2_M4_decile_actionable_oc_high_noise,2025-08,-0.012572955384825038
K2_M4_decile_actionable_oc_high_noise,2025-09,-0.023878561700782747
K2_M4_decile_actionable_oc_high_noise,2025-10,-0.0005208489895814827
K2_M4_decile_actionable_oc_high_noise,2025-11,0.040318903064918324
K2_M4_decile_actionable_oc_high_noise,2025-12,-0.029999183312107394
K2_M4_decile_actionable_oc_high_noise,2026-01,-0.030000905906692667
K2_M4_decile_actionable_oc_high_noise,2026-02,-0.023055339829955532
K2_M4_decile_actionable_oc_high_noise,2026-03,0.06851481962928417
K2_M4_decile_actionable_oc_high_noise,2026-04,-0.04726255716677022
K2_M4_decile_source_cc_all,2024-11,-0.01547602397117772
K2_M4_decile_source_cc_all,2024-12,-0.0883207760024717
K2_M4_decile_source_cc_all,2025-01,0.004712227184333636
K2_M4_decile_source_cc_all,2025-02,-0.054336408368990806
K2_M4_decile_source_cc_all,2025-03,0.0688215908183213
K2_M4_decile_source_cc_all,2025-04,0.006264991754086598
K2_M4_decile_source_cc_all,2025-05,-0.011262687427233365
K2_M4_decile_source_cc_all,2025-06,-0.08776903833007464
K2_M4_decile_source_cc_all,2025-07,-0.02795122807524188
K2_M4_decile_source_cc_all,2025-08,-0.02671137548361227
K2_M4_decile_source_cc_all,2025-09,-0.1073566873303548
K2_M4_decile_source_cc_all,2025-10,0.03917038379332502
K2_M4_decile_source_cc_all,2025-11,0.09943170098610707
K2_M4_decile_source_cc_all,2025-12,-0.05827494664969592
K2_M4_decile_source_cc_all,2026-01,-0.0454603082307776
K2_M4_decile_source_cc_all,2026-02,-0.006793855180504665
K2_M4_decile_source_cc_all,2026-03,0.09998098144730759
K2_M4_decile_source_cc_all,2026-04,-0.0981054756114198
K2_M4_decile_source_cc_high_market_vol,2024-11,0.0
K2_M4_decile_source_cc_high_market_vol,2024-12,0.0
K2_M4_decile_source_cc_high_market_vol,2025-01,0.0
K2_M4_decile_source_cc_high_market_vol,2025-02,-0.05634603067665728
K2_M4_decile_source_cc_high_market_vol,2025-03,0.06928349061635486
K2_M4_decile_source_cc_high_market_vol,2025-04,0.006264991754086598
K2_M4_decile_source_cc_high_market_vol,2025-05,-0.006277287000069619
K2_M4_decile_source_cc_high_market_vol,2025-06,-0.001644005469268939
K2_M4_decile_source_cc_high_market_vol,2025-07,0.0
K2_M4_decile_source_cc_high_market_vol,2025-08,-0.0037548025739889933
K2_M4_decile_source_cc_high_market_vol,2025-09,0.0
K2_M4_decile_source_cc_high_market_vol,2025-10,0.0
K2_M4_decile_source_cc_high_market_vol,2025-11,0.002825101064172981
K2_M4_decile_source_cc_high_market_vol,2025-12,0.0
K2_M4_decile_source_cc_high_market_vol,2026-01,0.0
K2_M4_decile_source_cc_high_market_vol,2026-02,-0.001492794476375875
K2_M4_decile_source_cc_high_market_vol,2026-03,0.06609164842230879
K2_M4_decile_source_cc_high_market_vol,2026-04,-0.09624853291723999
K2_M4_decile_source_cc_high_noise,2024-11,0.0
K2_M4_decile_source_cc_high_noise,2024-12,0.0
K2_M4_decile_source_cc_high_noise,2025-01,-0.011636281314008519
K2_M4_decile_source_cc_high_noise,2025-02,-0.05811040905900651
K2_M4_decile_source_cc_high_noise,2025-03,0.032864892090142504
K2_M4_decile_source_cc_high_noise,2025-04,0.026156184881287084
K2_M4_decile_source_cc_high_noise,2025-05,0.010747815272576245
K2_M4_decile_source_cc_high_noise,2025-06,-0.01142158702024023
K2_M4_decile_source_cc_high_noise,2025-07,0.004915021703192377
K2_M4_decile_source_cc_high_noise,2025-08,-0.011977873358572963
K2_M4_decile_source_cc_high_noise,2025-09,-0.024203695042115714
K2_M4_decile_source_cc_high_noise,2025-10,0.00016822763972272527
K2_M4_decile_source_cc_high_noise,2025-11,0.04052459571798056
K2_M4_decile_source_cc_high_noise,2025-12,-0.029242964005984837
K2_M4_decile_source_cc_high_noise,2026-01,-0.02933721723893577
K2_M4_decile_source_cc_high_noise,2026-02,-0.022177722158262636
K2_M4_decile_source_cc_high_noise,2026-03,0.06983462099013199
K2_M4_decile_source_cc_high_noise,2026-04,-0.047367242327027076
K2_M4_quintile_actionable_oc_all,2024-11,-0.02831870443246878
K2_M4_quintile_actionable_oc_all,2024-12,-0.050375326028077025
K2_M4_quintile_actionable_oc_all,2025-01,0.010200725655978397
K2_M4_quintile_actionable_oc_all,2025-02,-0.04386932663596288
K2_M4_quintile_actionable_oc_all,2025-03,-0.003401518510162776
K2_M4_quintile_actionable_oc_all,2025-04,0.005290460733959992
K2_M4_quintile_actionable_oc_all,2025-05,-0.012694282997065792
K2_M4_quintile_actionable_oc_all,2025-06,-0.049410069306148705
K2_M4_quintile_actionable_oc_all,2025-07,-0.031148702579380492
K2_M4_quintile_actionable_oc_all,2025-08,-0.00874306533668602
K2_M4_quintile_actionable_oc_all,2025-09,-0.07069842323513997
K2_M4_quintile_actionable_oc_all,2025-10,0.009104169799923293
K2_M4_quintile_actionable_oc_all,2025-11,0.047953003882826
K2_M4_quintile_actionable_oc_all,2025-12,-0.0504052713276809
K2_M4_quintile_actionable_oc_all,2026-01,-0.012649948505451987
K2_M4_quintile_actionable_oc_all,2026-02,-0.03364706426805057
K2_M4_quintile_actionable_oc_all,2026-03,0.06440267995956245
K2_M4_quintile_actionable_oc_all,2026-04,-0.05051422259371968
K2_M4_quintile_actionable_oc_high_market_vol,2024-11,0.0
K2_M4_quintile_actionable_oc_high_market_vol,2024-12,0.0
K2_M4_quintile_actionable_oc_high_market_vol,2025-01,0.0
K2_M4_quintile_actionable_oc_high_market_vol,2025-02,-0.04510227798890431
K2_M4_quintile_actionable_oc_high_market_vol,2025-03,0.030107344890961084
K2_M4_quintile_actionable_oc_high_market_vol,2025-04,0.005290460733959992
K2_M4_quintile_actionable_oc_high_market_vol,2025-05,-0.004361860697624714
K2_M4_quintile_actionable_oc_high_market_vol,2025-06,-0.0023632682899534024
K2_M4_quintile_actionable_oc_high_market_vol,2025-07,0.0
K2_M4_quintile_actionable_oc_high_market_vol,2025-08,-0.007114629528741655
K2_M4_quintile_actionable_oc_high_market_vol,2025-09,0.0
K2_M4_quintile_actionable_oc_high_market_vol,2025-10,0.0
K2_M4_quintile_actionable_oc_high_market_vol,2025-11,0.007826035321243489
K2_M4_quintile_actionable_oc_high_market_vol,2025-12,0.0
K2_M4_quintile_actionable_oc_high_market_vol,2026-01,0.0
K2_M4_quintile_actionable_oc_high_market_vol,2026-02,-0.026018581752125597
K2_M4_quintile_actionable_oc_high_market_vol,2026-03,0.04819966922812736
K2_M4_quintile_actionable_oc_high_market_vol,2026-04,-0.04837420007245093
K2_M4_quintile_actionable_oc_high_noise,2024-11,0.0
K2_M4_quintile_actionable_oc_high_noise,2024-12,0.0
K2_M4_quintile_actionable_oc_high_noise,2025-01,0.007423794754651879
K2_M4_quintile_actionable_oc_high_noise,2025-02,-0.03959910069752117
K2_M4_quintile_actionable_oc_high_noise,2025-03,-0.00847098354819945
K2_M4_quintile_actionable_oc_high_noise,2025-04,0.004119411353325265
K2_M4_quintile_actionable_oc_high_noise,2025-05,-0.002190563084269415
K2_M4_quintile_actionable_oc_high_noise,2025-06,0.0003976180942655387
K2_M4_quintile_actionable_oc_high_noise,2025-07,0.0013211679871620858
K2_M4_quintile_actionable_oc_high_noise,2025-08,-0.0036924272706793065
K2_M4_quintile_actionable_oc_high_noise,2025-09,-0.02120441197254162
K2_M4_quintile_actionable_oc_high_noise,2025-10,0.006185735124043544
K2_M4_quintile_actionable_oc_high_noise,2025-11,0.012102186478463842
K2_M4_quintile_actionable_oc_high_noise,2025-12,-0.02567722941963951
K2_M4_quintile_actionable_oc_high_noise,2026-01,-0.003921160852132099
K2_M4_quintile_actionable_oc_high_noise,2026-02,-0.031460358045609885
K2_M4_quintile_actionable_oc_high_noise,2026-03,0.03532329657699936
K2_M4_quintile_actionable_oc_high_noise,2026-04,-0.034843848516175
K2_M4_quintile_source_cc_all,2024-11,-0.026968565486785463
K2_M4_quintile_source_cc_all,2024-12,-0.049686544812046526
K2_M4_quintile_source_cc_all,2025-01,0.009702166847779995
K2_M4_quintile_source_cc_all,2025-02,-0.043018550408215374
K2_M4_quintile_source_cc_all,2025-03,-0.0022636610240255664
K2_M4_quintile_source_cc_all,2025-04,0.006256522142231555
K2_M4_quintile_source_cc_all,2025-05,-0.011634750739226816
K2_M4_quintile_source_cc_all,2025-06,-0.04848034826643732
K2_M4_quintile_source_cc_all,2025-07,-0.03015807221499189
K2_M4_quintile_source_cc_all,2025-08,-0.0071290218318761835
K2_M4_quintile_source_cc_all,2025-09,-0.07007766252558788
K2_M4_quintile_source_cc_all,2025-10,0.010555094143675099
K2_M4_quintile_source_cc_all,2025-11,0.04839030615275967
K2_M4_quintile_source_cc_all,2025-12,-0.04930678117039082
K2_M4_quintile_source_cc_all,2026-01,-0.01194898956677614
K2_M4_quintile_source_cc_all,2026-02,-0.03269953099001291
K2_M4_quintile_source_cc_all,2026-03,0.06640357341436084
K2_M4_quintile_source_cc_all,2026-04,-0.048836534535250616
K2_M4_quintile_source_cc_high_market_vol,2024-11,0.0
K2_M4_quintile_source_cc_high_market_vol,2024-12,0.0
K2_M4_quintile_source_cc_high_market_vol,2025-01,0.0
K2_M4_quintile_source_cc_high_market_vol,2025-02,-0.044162820771351745
K2_M4_quintile_source_cc_high_market_vol,2025-03,0.030394446158569392
K2_M4_quintile_source_cc_high_market_vol,2025-04,0.006256522142231555
K2_M4_quintile_source_cc_high_market_vol,2025-05,-0.003254760179373972
K2_M4_quintile_source_cc_high_market_vol,2025-06,-0.0023009945777458583
K2_M4_quintile_source_cc_high_market_vol,2025-07,0.0
K2_M4_quintile_source_cc_high_market_vol,2025-08,-0.006279408398827768
K2_M4_quintile_source_cc_high_market_vol,2025-09,0.0
K2_M4_quintile_source_cc_high_market_vol,2025-10,0.0
K2_M4_quintile_source_cc_high_market_vol,2025-11,0.00809190120159836
K2_M4_quintile_source_cc_high_market_vol,2025-12,0.0
K2_M4_quintile_source_cc_high_market_vol,2026-01,0.0
K2_M4_quintile_source_cc_high_market_vol,2026-02,-0.025258818010612284
K2_M4_quintile_source_cc_high_market_vol,2026-03,0.04955904737999254
K2_M4_quintile_source_cc_high_market_vol,2026-04,-0.04743119010200228
K2_M4_quintile_source_cc_high_noise,2024-11,0.0
K2_M4_quintile_source_cc_high_noise,2024-12,0.0
K2_M4_quintile_source_cc_high_noise,2025-01,0.007264021312297036
K2_M4_quintile_source_cc_high_noise,2025-02,-0.03821238588552969
K2_M4_quintile_source_cc_high_noise,2025-03,-0.007526046148833517
K2_M4_quintile_source_cc_high_noise,2025-04,0.005477212337670439
K2_M4_quintile_source_cc_high_noise,2025-05,-0.0020958613406574364
K2_M4_quintile_source_cc_high_noise,2025-06,0.00010956389468016288
K2_M4_quintile_source_cc_high_noise,2025-07,0.0012122859028681824
K2_M4_quintile_source_cc_high_noise,2025-08,-0.003276947335377701
K2_M4_quintile_source_cc_high_noise,2025-09,-0.021383611171220646
K2_M4_quintile_source_cc_high_noise,2025-10,0.006683523352504024
K2_M4_quintile_source_cc_high_noise,2025-11,0.012041726229862514
K2_M4_quintile_source_cc_high_noise,2025-12,-0.02514240083753249
K2_M4_quintile_source_cc_high_noise,2026-01,-0.003407931269123318
K2_M4_quintile_source_cc_high_noise,2026-02,-0.031008841181537752
K2_M4_quintile_source_cc_high_noise,2026-03,0.03613998715212035
K2_M4_quintile_source_cc_high_noise,2026-04,-0.03476894790441677
K2_M6_decile_actionable_oc_all,2024-11,-0.034233589991810975
K2_M6_decile_actionable_oc_all,2024-12,-0.0078065557316844
K2_M6_decile_actionable_oc_all,2025-01,-0.020437758478294953
K2_M6_decile_actionable_oc_all,2025-02,-0.011212583248716572
K2_M6_decile_actionable_oc_all,2025-03,0.024257248711791836
K2_M6_decile_actionable_oc_all,2025-04,0.046583318707816644
K2_M6_decile_actionable_oc_all,2025-05,0.021544739882314843
K2_M6_decile_actionable_oc_all,2025-06,-0.10776747415814616
K2_M6_decile_actionable_oc_all,2025-07,-0.02215778532196893
K2_M6_decile_actionable_oc_all,2025-08,-0.055872009147159445
K2_M6_decile_actionable_oc_all,2025-09,-0.12484585992909103
K2_M6_decile_actionable_oc_all,2025-10,0.02556995793915265
K2_M6_decile_actionable_oc_all,2025-11,0.06640450195214456
K2_M6_decile_actionable_oc_all,2025-12,-0.01910916703103589
K2_M6_decile_actionable_oc_all,2026-01,-0.028310855923304023
K2_M6_decile_actionable_oc_all,2026-02,0.04784119076839412
K2_M6_decile_actionable_oc_all,2026-03,0.031025930989047167
K2_M6_decile_actionable_oc_all,2026-04,-0.09906919783933223
K2_M6_decile_actionable_oc_high_market_vol,2024-11,0.0
K2_M6_decile_actionable_oc_high_market_vol,2024-12,0.0
K2_M6_decile_actionable_oc_high_market_vol,2025-01,0.0
K2_M6_decile_actionable_oc_high_market_vol,2025-02,-0.042051467601346086
K2_M6_decile_actionable_oc_high_market_vol,2025-03,0.05221700820912665
K2_M6_decile_actionable_oc_high_market_vol,2025-04,0.046583318707816644
K2_M6_decile_actionable_oc_high_market_vol,2025-05,0.02730573011530878
K2_M6_decile_actionable_oc_high_market_vol,2025-06,-0.0035515124050515038
K2_M6_decile_actionable_oc_high_market_vol,2025-07,0.0
K2_M6_decile_actionable_oc_high_market_vol,2025-08,-0.010891377901083712
K2_M6_decile_actionable_oc_high_market_vol,2025-09,0.0
K2_M6_decile_actionable_oc_high_market_vol,2025-10,0.0
K2_M6_decile_actionable_oc_high_market_vol,2025-11,-0.007282441913109885
K2_M6_decile_actionable_oc_high_market_vol,2025-12,0.0
K2_M6_decile_actionable_oc_high_market_vol,2026-01,0.0
K2_M6_decile_actionable_oc_high_market_vol,2026-02,0.060852169847989385
K2_M6_decile_actionable_oc_high_market_vol,2026-03,0.03385891090037739
K2_M6_decile_actionable_oc_high_market_vol,2026-04,-0.07946052804816446
K2_M6_decile_actionable_oc_high_noise,2024-11,0.0
K2_M6_decile_actionable_oc_high_noise,2024-12,0.0
K2_M6_decile_actionable_oc_high_noise,2025-01,-0.017944016590573583
K2_M6_decile_actionable_oc_high_noise,2025-02,-0.03837444313597182
K2_M6_decile_actionable_oc_high_noise,2025-03,0.025210644398822618
K2_M6_decile_actionable_oc_high_noise,2025-04,0.07121366034657539
K2_M6_decile_actionable_oc_high_noise,2025-05,0.016355675755726252
K2_M6_decile_actionable_oc_high_noise,2025-06,-0.012435507210680168
K2_M6_decile_actionable_oc_high_noise,2025-07,0.003993885001832478
K2_M6_decile_actionable_oc_high_noise,2025-08,0.0003400820127031916
K2_M6_decile_actionable_oc_high_noise,2025-09,-0.026670917896568367
K2_M6_decile_actionable_oc_high_noise,2025-10,0.018105356552802432
K2_M6_decile_actionable_oc_high_noise,2025-11,0.017540959564870402
K2_M6_decile_actionable_oc_high_noise,2025-12,-0.02323778454083467
K2_M6_decile_actionable_oc_high_noise,2026-01,-0.0368666828729457
K2_M6_decile_actionable_oc_high_noise,2026-02,0.03394890624763129
K2_M6_decile_actionable_oc_high_noise,2026-03,0.03539846610421703
K2_M6_decile_actionable_oc_high_noise,2026-04,-0.04289663711484833
K2_M6_decile_source_cc_all,2024-11,-0.03394074213504413
K2_M6_decile_source_cc_all,2024-12,-0.005939008214728023
K2_M6_decile_source_cc_all,2025-01,-0.020163129504437587
K2_M6_decile_source_cc_all,2025-02,-0.011421867037070467
K2_M6_decile_source_cc_all,2025-03,0.025391606632245226
K2_M6_decile_source_cc_all,2025-04,0.046365119808170326
K2_M6_decile_source_cc_all,2025-05,0.02351649052820961
K2_M6_decile_source_cc_all,2025-06,-0.10708802410574565
K2_M6_decile_source_cc_all,2025-07,-0.021042538898451053
K2_M6_decile_source_cc_all,2025-08,-0.05347010979169533
K2_M6_decile_source_cc_all,2025-09,-0.12461255068447141
K2_M6_decile_source_cc_all,2025-10,0.026899365984789047
K2_M6_decile_source_cc_all,2025-11,0.06679530103922371
K2_M6_decile_source_cc_all,2025-12,-0.01884776754600427
K2_M6_decile_source_cc_all,2026-01,-0.02710986634602254
K2_M6_decile_source_cc_all,2026-02,0.05000407129485655
K2_M6_decile_source_cc_all,2026-03,0.03340620895921749
K2_M6_decile_source_cc_all,2026-04,-0.09785237371679169
K2_M6_decile_source_cc_high_market_vol,2024-11,0.0
K2_M6_decile_source_cc_high_market_vol,2024-12,0.0
K2_M6_decile_source_cc_high_market_vol,2025-01,0.0
K2_M6_decile_source_cc_high_market_vol,2025-02,-0.04179568837435227
K2_M6_decile_source_cc_high_market_vol,2025-03,0.05232129404661781
K2_M6_decile_source_cc_high_market_vol,2025-04,0.046365119808170326
K2_M6_decile_source_cc_high_market_vol,2025-05,0.029314016990445717
K2_M6_decile_source_cc_high_market_vol,2025-06,-0.0034849105847072036
K2_M6_decile_source_cc_high_market_vol,2025-07,0.0
K2_M6_decile_source_cc_high_market_vol,2025-08,-0.009995919001931522
K2_M6_decile_source_cc_high_market_vol,2025-09,0.0
K2_M6_decile_source_cc_high_market_vol,2025-10,0.0
K2_M6_decile_source_cc_high_market_vol,2025-11,-0.007345033729504758
K2_M6_decile_source_cc_high_market_vol,2025-12,0.0
K2_M6_decile_source_cc_high_market_vol,2026-01,0.0
K2_M6_decile_source_cc_high_market_vol,2026-02,0.06225430569405342
K2_M6_decile_source_cc_high_market_vol,2026-03,0.03506618274051748
K2_M6_decile_source_cc_high_market_vol,2026-04,-0.0788511595383855
K2_M6_decile_source_cc_high_noise,2024-11,0.0
K2_M6_decile_source_cc_high_noise,2024-12,0.0
K2_M6_decile_source_cc_high_noise,2025-01,-0.01763669553480323
K2_M6_decile_source_cc_high_noise,2025-02,-0.03751029758615046
K2_M6_decile_source_cc_high_noise,2025-03,0.026045052215540612
K2_M6_decile_source_cc_high_noise,2025-04,0.07111832796378706
K2_M6_decile_source_cc_high_noise,2025-05,0.016621418081517705
K2_M6_decile_source_cc_high_noise,2025-06,-0.012452576946131522
K2_M6_decile_source_cc_high_noise,2025-07,0.004200762799887463
K2_M6_decile_source_cc_high_noise,2025-08,0.0008519467620151221
K2_M6_decile_source_cc_high_noise,2025-09,-0.027070523324933805
K2_M6_decile_source_cc_high_noise,2025-10,0.018657007408946436
K2_M6_decile_source_cc_high_noise,2025-11,0.017437896368008042
K2_M6_decile_source_cc_high_noise,2025-12,-0.02232090003466334
K2_M6_decile_source_cc_high_noise,2026-01,-0.036204043037464585
K2_M6_decile_source_cc_high_noise,2026-02,0.03476126733887803
K2_M6_decile_source_cc_high_noise,2026-03,0.03634902121979386
K2_M6_decile_source_cc_high_noise,2026-04,-0.04298073892616919
K2_M6_quintile_actionable_oc_all,2024-11,-0.030888194720573418
K2_M6_quintile_actionable_oc_all,2024-12,-0.016233216871742697
K2_M6_quintile_actionable_oc_all,2025-01,-0.01023345942246515
K2_M6_quintile_actionable_oc_all,2025-02,-0.0468986883914151
K2_M6_quintile_actionable_oc_all,2025-03,0.0025816435232974156
K2_M6_quintile_actionable_oc_all,2025-04,-0.005735738037240482
K2_M6_quintile_actionable_oc_all,2025-05,0.01210421717473227
K2_M6_quintile_actionable_oc_all,2025-06,-0.04715384057121935
K2_M6_quintile_actionable_oc_all,2025-07,-0.039886411289205205
K2_M6_quintile_actionable_oc_all,2025-08,-0.033629288687640806
K2_M6_quintile_actionable_oc_all,2025-09,-0.08773639046532894
K2_M6_quintile_actionable_oc_all,2025-10,-0.0010175254805940923
K2_M6_quintile_actionable_oc_all,2025-11,0.03272841701410444
K2_M6_quintile_actionable_oc_all,2025-12,-0.028685423783941035
K2_M6_quintile_actionable_oc_all,2026-01,-0.00961374977841938
K2_M6_quintile_actionable_oc_all,2026-02,-0.01123502422927723
K2_M6_quintile_actionable_oc_all,2026-03,0.0296985597131336
K2_M6_quintile_actionable_oc_all,2026-04,-0.04327162183302607
K2_M6_quintile_actionable_oc_high_market_vol,2024-11,0.0
K2_M6_quintile_actionable_oc_high_market_vol,2024-12,0.0
K2_M6_quintile_actionable_oc_high_market_vol,2025-01,0.0
K2_M6_quintile_actionable_oc_high_market_vol,2025-02,-0.04316272669394328
K2_M6_quintile_actionable_oc_high_market_vol,2025-03,0.03654938088819555
K2_M6_quintile_actionable_oc_high_market_vol,2025-04,-0.005735738037240482
K2_M6_quintile_actionable_oc_high_market_vol,2025-05,0.017383250730282157
K2_M6_quintile_actionable_oc_high_market_vol,2025-06,-0.008484563166051243
K2_M6_quintile_actionable_oc_high_market_vol,2025-07,0.0
K2_M6_quintile_actionable_oc_high_market_vol,2025-08,-0.012595273410405844
K2_M6_quintile_actionable_oc_high_market_vol,2025-09,0.0
K2_M6_quintile_actionable_oc_high_market_vol,2025-10,0.0
K2_M6_quintile_actionable_oc_high_market_vol,2025-11,0.004971903177796017
K2_M6_quintile_actionable_oc_high_market_vol,2025-12,0.0
K2_M6_quintile_actionable_oc_high_market_vol,2026-01,0.0
K2_M6_quintile_actionable_oc_high_market_vol,2026-02,-0.000492960625622622
K2_M6_quintile_actionable_oc_high_market_vol,2026-03,0.026869298249444513
K2_M6_quintile_actionable_oc_high_market_vol,2026-04,-0.045812985460838104
K2_M6_quintile_actionable_oc_high_noise,2024-11,0.0
K2_M6_quintile_actionable_oc_high_noise,2024-12,0.0
K2_M6_quintile_actionable_oc_high_noise,2025-01,-0.001261806813920306
K2_M6_quintile_actionable_oc_high_noise,2025-02,-0.03521971639880553
K2_M6_quintile_actionable_oc_high_noise,2025-03,-0.0022002032696159723
K2_M6_quintile_actionable_oc_high_noise,2025-04,-0.0003635323355493606
K2_M6_quintile_actionable_oc_high_noise,2025-05,0.0016144383945379498
K2_M6_quintile_actionable_oc_high_noise,2025-06,-0.004093293548004277
K2_M6_quintile_actionable_oc_high_noise,2025-07,0.001472453253146598
K2_M6_quintile_actionable_oc_high_noise,2025-08,-0.004706656030340811
K2_M6_quintile_actionable_oc_high_noise,2025-09,-0.01791220555920421
K2_M6_quintile_actionable_oc_high_noise,2025-10,0.011208284702696062
K2_M6_quintile_actionable_oc_high_noise,2025-11,0.008875039970888378
K2_M6_quintile_actionable_oc_high_noise,2025-12,-0.023511810201491155
K2_M6_quintile_actionable_oc_high_noise,2026-01,-0.01328450336252849
K2_M6_quintile_actionable_oc_high_noise,2026-02,0.00033491796352215324
K2_M6_quintile_actionable_oc_high_noise,2026-03,0.015161866861114252
K2_M6_quintile_actionable_oc_high_noise,2026-04,-0.020012028216922904
K2_M6_quintile_source_cc_all,2024-11,-0.03008822975327876
K2_M6_quintile_source_cc_all,2024-12,-0.015485234254734014
K2_M6_quintile_source_cc_all,2025-01,-0.010687037390200178
K2_M6_quintile_source_cc_all,2025-02,-0.04630749467446524
K2_M6_quintile_source_cc_all,2025-03,0.003538421626579115
K2_M6_quintile_source_cc_all,2025-04,-0.005125670126800146
K2_M6_quintile_source_cc_all,2025-05,0.013426438514727225
K2_M6_quintile_source_cc_all,2025-06,-0.04626527236340444
K2_M6_quintile_source_cc_all,2025-07,-0.03919924803894938
K2_M6_quintile_source_cc_all,2025-08,-0.03232369764835574
K2_M6_quintile_source_cc_all,2025-09,-0.0871729267705341
K2_M6_quintile_source_cc_all,2025-10,0.00014724571657652018
K2_M6_quintile_source_cc_all,2025-11,0.03324667811376096
K2_M6_quintile_source_cc_all,2025-12,-0.02816661607860274
K2_M6_quintile_source_cc_all,2026-01,-0.00893536606567612
K2_M6_quintile_source_cc_all,2026-02,-0.01058875580203762
K2_M6_quintile_source_cc_all,2026-03,0.03146632202482432
K2_M6_quintile_source_cc_all,2026-04,-0.04212604417884418
K2_M6_quintile_source_cc_high_market_vol,2024-11,0.0
K2_M6_quintile_source_cc_high_market_vol,2024-12,0.0
K2_M6_quintile_source_cc_high_market_vol,2025-01,0.0
K2_M6_quintile_source_cc_high_market_vol,2025-02,-0.04224366816698617
K2_M6_quintile_source_cc_high_market_vol,2025-03,0.03651433509419695
K2_M6_quintile_source_cc_high_market_vol,2025-04,-0.005125670126800146
K2_M6_quintile_source_cc_high_market_vol,2025-05,0.018728680428217365
K2_M6_quintile_source_cc_high_market_vol,2025-06,-0.00838190499014564
K2_M6_quintile_source_cc_high_market_vol,2025-07,0.0
K2_M6_quintile_source_cc_high_market_vol,2025-08,-0.012037230537283358
K2_M6_quintile_source_cc_high_market_vol,2025-09,0.0
K2_M6_quintile_source_cc_high_market_vol,2025-10,0.0
K2_M6_quintile_source_cc_high_market_vol,2025-11,0.005083604158541194
K2_M6_quintile_source_cc_high_market_vol,2025-12,0.0
K2_M6_quintile_source_cc_high_market_vol,2026-01,0.0
K2_M6_quintile_source_cc_high_market_vol,2026-02,-2.1166975367511998e-05
K2_M6_quintile_source_cc_high_market_vol,2026-03,0.0280052520366964
K2_M6_quintile_source_cc_high_market_vol,2026-04,-0.04517072334899265
K2_M6_quintile_source_cc_high_noise,2024-11,0.0
K2_M6_quintile_source_cc_high_noise,2024-12,0.0
K2_M6_quintile_source_cc_high_noise,2025-01,-0.001400824746518584
K2_M6_quintile_source_cc_high_noise,2025-02,-0.034021383393393986
K2_M6_quintile_source_cc_high_noise,2025-03,-0.0012591782833759023
K2_M6_quintile_source_cc_high_noise,2025-04,0.000638042992954297
K2_M6_quintile_source_cc_high_noise,2025-05,0.0016860770545626365
K2_M6_quintile_source_cc_high_noise,2025-06,-0.004227534736048242
K2_M6_quintile_source_cc_high_noise,2025-07,0.0013542666949659856
K2_M6_quintile_source_cc_high_noise,2025-08,-0.004355004541281017
K2_M6_quintile_source_cc_high_noise,2025-09,-0.01816842961878301
K2_M6_quintile_source_cc_high_noise,2025-10,0.011567299635222317
K2_M6_quintile_source_cc_high_noise,2025-11,0.008677460953846685
K2_M6_quintile_source_cc_high_noise,2025-12,-0.022939926728385327
K2_M6_quintile_source_cc_high_noise,2026-01,-0.012708400653489865
K2_M6_quintile_source_cc_high_noise,2026-02,0.0005813932862359203
K2_M6_quintile_source_cc_high_noise,2026-03,0.015832816997263265
K2_M6_quintile_source_cc_high_noise,2026-04,-0.020107851945418982
K3_M1_decile_actionable_oc_all,2024-11,0.006706313547157978
K3_M1_decile_actionable_oc_all,2024-12,-0.03908371788751378
K3_M1_decile_actionable_oc_all,2025-01,-0.019404430637124378
K3_M1_decile_actionable_oc_all,2025-02,-0.01061944416080117
K3_M1_decile_actionable_oc_all,2025-03,-0.0004411624754295119
K3_M1_decile_actionable_oc_all,2025-04,0.02432504373884712
K3_M1_decile_actionable_oc_all,2025-05,0.008493046324965553
K3_M1_decile_actionable_oc_all,2025-06,-0.05449762146206603
K3_M1_decile_actionable_oc_all,2025-07,0.00915626363476141
K3_M1_decile_actionable_oc_all,2025-08,-0.013084342402187126
K3_M1_decile_actionable_oc_all,2025-09,-0.03500858387755679
K3_M1_decile_actionable_oc_all,2025-10,-0.020354718348514593
K3_M1_decile_actionable_oc_all,2025-11,0.03652224341473816
K3_M1_decile_actionable_oc_all,2025-12,-0.009857848038717922
K3_M1_decile_actionable_oc_all,2026-01,-0.007952557067041779
K3_M1_decile_actionable_oc_all,2026-02,-0.024265243683360412
K3_M1_decile_actionable_oc_all,2026-03,0.02811679092990635
K3_M1_decile_actionable_oc_all,2026-04,-0.03422342819061815
K3_M1_decile_actionable_oc_high_market_vol,2024-11,0.0
K3_M1_decile_actionable_oc_high_market_vol,2024-12,0.0
K3_M1_decile_actionable_oc_high_market_vol,2025-01,0.0
K3_M1_decile_actionable_oc_high_market_vol,2025-02,-0.009391118952435116
K3_M1_decile_actionable_oc_high_market_vol,2025-03,0.009700907117429493
K3_M1_decile_actionable_oc_high_market_vol,2025-04,0.02432504373884712
K3_M1_decile_actionable_oc_high_market_vol,2025-05,0.009326458548667422
K3_M1_decile_actionable_oc_high_market_vol,2025-06,-0.0006168007269752601
K3_M1_decile_actionable_oc_high_market_vol,2025-07,0.0
K3_M1_decile_actionable_oc_high_market_vol,2025-08,-0.005072168192514102
K3_M1_decile_actionable_oc_high_market_vol,2025-09,0.0
K3_M1_decile_actionable_oc_high_market_vol,2025-10,0.0
K3_M1_decile_actionable_oc_high_market_vol,2025-11,0.0003476086796305724
K3_M1_decile_actionable_oc_high_market_vol,2025-12,0.0
K3_M1_decile_actionable_oc_high_market_vol,2026-01,0.0
K3_M1_decile_actionable_oc_high_market_vol,2026-02,-0.003764485434908234
K3_M1_decile_actionable_oc_high_market_vol,2026-03,0.006971800372184908
K3_M1_decile_actionable_oc_high_market_vol,2026-04,-0.02495213886839931
K3_M1_decile_actionable_oc_high_noise,2024-11,0.0
K3_M1_decile_actionable_oc_high_noise,2024-12,0.0
K3_M1_decile_actionable_oc_high_noise,2025-01,-0.02045154134332336
K3_M1_decile_actionable_oc_high_noise,2025-02,-0.021122490604787818
K3_M1_decile_actionable_oc_high_noise,2025-03,-0.003293189578276942
K3_M1_decile_actionable_oc_high_noise,2025-04,0.02077592374683481
K3_M1_decile_actionable_oc_high_noise,2025-05,-0.0011247067854980265
K3_M1_decile_actionable_oc_high_noise,2025-06,0.00391264940925064
K3_M1_decile_actionable_oc_high_noise,2025-07,-0.0024905258041857396
K3_M1_decile_actionable_oc_high_noise,2025-08,-0.0077276462417268715
K3_M1_decile_actionable_oc_high_noise,2025-09,-0.003805832478481206
K3_M1_decile_actionable_oc_high_noise,2025-10,-0.02414848646449223
K3_M1_decile_actionable_oc_high_noise,2025-11,0.017302284802186325
K3_M1_decile_actionable_oc_high_noise,2025-12,-0.0033476998145132355
K3_M1_decile_actionable_oc_high_noise,2026-01,0.0028157885065089447
K3_M1_decile_actionable_oc_high_noise,2026-02,-0.014139750036215017
K3_M1_decile_actionable_oc_high_noise,2026-03,0.01821201279355477
K3_M1_decile_actionable_oc_high_noise,2026-04,-0.011413796839505767
K3_M1_decile_source_cc_all,2024-11,0.00814384816937893
K3_M1_decile_source_cc_all,2024-12,-0.037476899524921344
K3_M1_decile_source_cc_all,2025-01,-0.01858406051803945
K3_M1_decile_source_cc_all,2025-02,-0.010272261800606561
K3_M1_decile_source_cc_all,2025-03,0.0022454299598176084
K3_M1_decile_source_cc_all,2025-04,0.02422763911871673
K3_M1_decile_source_cc_all,2025-05,0.009120251646300582
K3_M1_decile_source_cc_all,2025-06,-0.053736093609292795
K3_M1_decile_source_cc_all,2025-07,0.010142834179518345
K3_M1_decile_source_cc_all,2025-08,-0.011109777636705087
K3_M1_decile_source_cc_all,2025-09,-0.035820832706053296
K3_M1_decile_source_cc_all,2025-10,-0.019290528967626633
K3_M1_decile_source_cc_all,2025-11,0.037852692030813824
K3_M1_decile_source_cc_all,2025-12,-0.01005452008762897
K3_M1_decile_source_cc_all,2026-01,-0.008553203569964665
K3_M1_decile_source_cc_all,2026-02,-0.022293855341441488
K3_M1_decile_source_cc_all,2026-03,0.029548190473408103
K3_M1_decile_source_cc_all,2026-04,-0.035295410874134424
K3_M1_decile_source_cc_high_market_vol,2024-11,0.0
K3_M1_decile_source_cc_high_market_vol,2024-12,0.0
K3_M1_decile_source_cc_high_market_vol,2025-01,0.0
K3_M1_decile_source_cc_high_market_vol,2025-02,-0.009784282778285056
K3_M1_decile_source_cc_high_market_vol,2025-03,0.012011176660569715
K3_M1_decile_source_cc_high_market_vol,2025-04,0.02422763911871673
K3_M1_decile_source_cc_high_market_vol,2025-05,0.009775857721406295
K3_M1_decile_source_cc_high_market_vol,2025-06,-0.0005284123625379261
K3_M1_decile_source_cc_high_market_vol,2025-07,0.0
K3_M1_decile_source_cc_high_market_vol,2025-08,-0.00422835644385062
K3_M1_decile_source_cc_high_market_vol,2025-09,0.0
K3_M1_decile_source_cc_high_market_vol,2025-10,0.0
K3_M1_decile_source_cc_high_market_vol,2025-11,0.0014476284328919058
K3_M1_decile_source_cc_high_market_vol,2025-12,0.0
K3_M1_decile_source_cc_high_market_vol,2026-01,0.0
K3_M1_decile_source_cc_high_market_vol,2026-02,-0.0020785098186953577
K3_M1_decile_source_cc_high_market_vol,2026-03,0.007346232205175855
K3_M1_decile_source_cc_high_market_vol,2026-04,-0.025566861943794573
K3_M1_decile_source_cc_high_noise,2024-11,0.0
K3_M1_decile_source_cc_high_noise,2024-12,0.0
K3_M1_decile_source_cc_high_noise,2025-01,-0.020141702811014017
K3_M1_decile_source_cc_high_noise,2025-02,-0.020523654747695637
K3_M1_decile_source_cc_high_noise,2025-03,-0.0025324512710739626
K3_M1_decile_source_cc_high_noise,2025-04,0.021423452491087937
K3_M1_decile_source_cc_high_noise,2025-05,-0.001052461969442961
K3_M1_decile_source_cc_high_noise,2025-06,0.0037124145867126275
K3_M1_decile_source_cc_high_noise,2025-07,-0.0025176706414936504
K3_M1_decile_source_cc_high_noise,2025-08,-0.00733088343111625
K3_M1_decile_source_cc_high_noise,2025-09,-0.004397491044840669
K3_M1_decile_source_cc_high_noise,2025-10,-0.0248849104953753
K3_M1_decile_source_cc_high_noise,2025-11,0.018046285152356272
K3_M1_decile_source_cc_high_noise,2025-12,-0.0029368021922968578
K3_M1_decile_source_cc_high_noise,2026-01,0.0021449813271487545
K3_M1_decile_source_cc_high_noise,2026-02,-0.012827308618393679
K3_M1_decile_source_cc_high_noise,2026-03,0.018090262140334247
K3_M1_decile_source_cc_high_noise,2026-04,-0.012830818597452092
K3_M1_quintile_actionable_oc_all,2024-11,-0.007367878648858622
K3_M1_quintile_actionable_oc_all,2024-12,-0.022741742065684696
K3_M1_quintile_actionable_oc_all,2025-01,-0.004400426486580466
K3_M1_quintile_actionable_oc_all,2025-02,-0.001733764188903775
K3_M1_quintile_actionable_oc_all,2025-03,0.0019790118336845356
K3_M1_quintile_actionable_oc_all,2025-04,0.019461391801519918
K3_M1_quintile_actionable_oc_all,2025-05,-0.0015751603578996066
K3_M1_quintile_actionable_oc_all,2025-06,-0.031016954954230232
K3_M1_quintile_actionable_oc_all,2025-07,-0.0024073437793758886
K3_M1_quintile_actionable_oc_all,2025-08,-0.004698872134215656
K3_M1_quintile_actionable_oc_all,2025-09,-0.032474799840395294
K3_M1_quintile_actionable_oc_all,2025-10,-0.006430812987372203
K3_M1_quintile_actionable_oc_all,2025-11,0.016135534827997285
K3_M1_quintile_actionable_oc_all,2025-12,-0.011723330200965165
K3_M1_quintile_actionable_oc_all,2026-01,-0.004321772757886952
K3_M1_quintile_actionable_oc_all,2026-02,-0.007710315253028504
K3_M1_quintile_actionable_oc_all,2026-03,0.031541204973867344
K3_M1_quintile_actionable_oc_all,2026-04,-0.018563953706627993
K3_M1_quintile_actionable_oc_high_market_vol,2024-11,0.0
K3_M1_quintile_actionable_oc_high_market_vol,2024-12,0.0
K3_M1_quintile_actionable_oc_high_market_vol,2025-01,0.0
K3_M1_quintile_actionable_oc_high_market_vol,2025-02,-0.006324331733036639
K3_M1_quintile_actionable_oc_high_market_vol,2025-03,0.01220611455777076
K3_M1_quintile_actionable_oc_high_market_vol,2025-04,0.019461391801519918
K3_M1_quintile_actionable_oc_high_market_vol,2025-05,0.0005968221131249221
K3_M1_quintile_actionable_oc_high_market_vol,2025-06,0.0009901245208119355
K3_M1_quintile_actionable_oc_high_market_vol,2025-07,0.0
K3_M1_quintile_actionable_oc_high_market_vol,2025-08,-0.003016581580856231
K3_M1_quintile_actionable_oc_high_market_vol,2025-09,0.0
K3_M1_quintile_actionable_oc_high_market_vol,2025-10,0.0
K3_M1_quintile_actionable_oc_high_market_vol,2025-11,0.0008571789342619205
K3_M1_quintile_actionable_oc_high_market_vol,2025-12,0.0
K3_M1_quintile_actionable_oc_high_market_vol,2026-01,0.0
K3_M1_quintile_actionable_oc_high_market_vol,2026-02,-0.001680474498145552
K3_M1_quintile_actionable_oc_high_market_vol,2026-03,0.0169243701084141
K3_M1_quintile_actionable_oc_high_market_vol,2026-04,-0.016366346330564524
K3_M1_quintile_actionable_oc_high_noise,2024-11,0.0
K3_M1_quintile_actionable_oc_high_noise,2024-12,0.0
K3_M1_quintile_actionable_oc_high_noise,2025-01,-0.0028646491251184355
K3_M1_quintile_actionable_oc_high_noise,2025-02,-0.0016474033616779337
K3_M1_quintile_actionable_oc_high_noise,2025-03,0.001324287826988133
K3_M1_quintile_actionable_oc_high_noise,2025-04,0.017693473234827114
K3_M1_quintile_actionable_oc_high_noise,2025-05,-0.0007252467013724494
K3_M1_quintile_actionable_oc_high_noise,2025-06,0.00048706738217575317
K3_M1_quintile_actionable_oc_high_noise,2025-07,-0.0059309254504672825
K3_M1_quintile_actionable_oc_high_noise,2025-08,-0.0028859608174703713
K3_M1_quintile_actionable_oc_high_noise,2025-09,-0.004256065529591434
K3_M1_quintile_actionable_oc_high_noise,2025-10,-0.011578029678904093
K3_M1_quintile_actionable_oc_high_noise,2025-11,0.007078161471398562
K3_M1_quintile_actionable_oc_high_noise,2025-12,-0.004511665225979897
K3_M1_quintile_actionable_oc_high_noise,2026-01,-0.0046852387733910235
K3_M1_quintile_actionable_oc_high_noise,2026-02,-0.005061574138890311
K3_M1_quintile_actionable_oc_high_noise,2026-03,0.018216342114974172
K3_M1_quintile_actionable_oc_high_noise,2026-04,-0.003932329914009383
K3_M1_quintile_source_cc_all,2024-11,-0.006210214286348046
K3_M1_quintile_source_cc_all,2024-12,-0.02134467682948342
K3_M1_quintile_source_cc_all,2025-01,-0.0035948731979128777
K3_M1_quintile_source_cc_all,2025-02,-0.0007849005411538893
K3_M1_quintile_source_cc_all,2025-03,0.0029610942115818662
K3_M1_quintile_source_cc_all,2025-04,0.019677571676708933
K3_M1_quintile_source_cc_all,2025-05,-0.0007790675000149117
K3_M1_quintile_source_cc_all,2025-06,-0.030443019626495326
K3_M1_quintile_source_cc_all,2025-07,-0.0011220165283990996
K3_M1_quintile_source_cc_all,2025-08,-0.0035778171796961617
K3_M1_quintile_source_cc_all,2025-09,-0.032524694221622026
K3_M1_quintile_source_cc_all,2025-10,-0.005318333326859681
K3_M1_quintile_source_cc_all,2025-11,0.016706855685494616
K3_M1_quintile_source_cc_all,2025-12,-0.011286170309064716
K3_M1_quintile_source_cc_all,2026-01,-0.0038909505689680357
K3_M1_quintile_source_cc_all,2026-02,-0.007198415001119637
K3_M1_quintile_source_cc_all,2026-03,0.033592718720058444
K3_M1_quintile_source_cc_all,2026-04,-0.018697764238840578
K3_M1_quintile_source_cc_high_market_vol,2024-11,0.0
K3_M1_quintile_source_cc_high_market_vol,2024-12,0.0
K3_M1_quintile_source_cc_high_market_vol,2025-01,0.0
K3_M1_quintile_source_cc_high_market_vol,2025-02,-0.005828064918712613
K3_M1_quintile_source_cc_high_market_vol,2025-03,0.013066632624289917
K3_M1_quintile_source_cc_high_market_vol,2025-04,0.019677571676708933
K3_M1_quintile_source_cc_high_market_vol,2025-05,0.0012294308860178174
K3_M1_quintile_source_cc_high_market_vol,2025-06,0.0010263017239571463
K3_M1_quintile_source_cc_high_market_vol,2025-07,0.0
K3_M1_quintile_source_cc_high_market_vol,2025-08,-0.0025588648685403877
K3_M1_quintile_source_cc_high_market_vol,2025-09,0.0
K3_M1_quintile_source_cc_high_market_vol,2025-10,0.0
K3_M1_quintile_source_cc_high_market_vol,2025-11,0.0012402659924549806
K3_M1_quintile_source_cc_high_market_vol,2025-12,0.0
K3_M1_quintile_source_cc_high_market_vol,2026-01,0.0
K3_M1_quintile_source_cc_high_market_vol,2026-02,-0.0012243872361245422
K3_M1_quintile_source_cc_high_market_vol,2026-03,0.017881386331503994
K3_M1_quintile_source_cc_high_market_vol,2026-04,-0.016360611414749298
K3_M1_quintile_source_cc_high_noise,2024-11,0.0
K3_M1_quintile_source_cc_high_noise,2024-12,0.0
K3_M1_quintile_source_cc_high_noise,2025-01,-0.0024641715946440304
K3_M1_quintile_source_cc_high_noise,2025-02,-0.0009332140035692555
K3_M1_quintile_source_cc_high_noise,2025-03,0.001772189161854611
K3_M1_quintile_source_cc_high_noise,2025-04,0.0184237573802004
K3_M1_quintile_source_cc_high_noise,2025-05,-0.0004840328056957107
K3_M1_quintile_source_cc_high_noise,2025-06,0.00022448115687555194
K3_M1_quintile_source_cc_high_noise,2025-07,-0.005920978410236994
K3_M1_quintile_source_cc_high_noise,2025-08,-0.002796678685199039
K3_M1_quintile_source_cc_high_noise,2025-09,-0.0043724871170393535
K3_M1_quintile_source_cc_high_noise,2025-10,-0.0113908116592392
K3_M1_quintile_source_cc_high_noise,2025-11,0.007490588201609153
K3_M1_quintile_source_cc_high_noise,2025-12,-0.004332102921637021
K3_M1_quintile_source_cc_high_noise,2026-01,-0.004235478743545023
K3_M1_quintile_source_cc_high_noise,2026-02,-0.004819803885784851
K3_M1_quintile_source_cc_high_noise,2026-03,0.01871635606968055
K3_M1_quintile_source_cc_high_noise,2026-04,-0.004219318824977164
K3_M2_decile_actionable_oc_all,2024-11,0.004506736778408916
K3_M2_decile_actionable_oc_all,2024-12,-0.07900435381937043
K3_M2_decile_actionable_oc_all,2025-01,-0.015911387340363344
K3_M2_decile_actionable_oc_all,2025-02,-0.035475119814181104
K3_M2_decile_actionable_oc_all,2025-03,0.018088464491350653
K3_M2_decile_actionable_oc_all,2025-04,-0.006558917395643828
K3_M2_decile_actionable_oc_all,2025-05,-0.0015425835215501118
K3_M2_decile_actionable_oc_all,2025-06,-0.08953415048085775
K3_M2_decile_actionable_oc_all,2025-07,-0.004530818140642496
K3_M2_decile_actionable_oc_all,2025-08,-0.016258256024107885
K3_M2_decile_actionable_oc_all,2025-09,-0.054090056878865894
K3_M2_decile_actionable_oc_all,2025-10,-0.030694799585045167
K3_M2_decile_actionable_oc_all,2025-11,0.03711739008521848
K3_M2_decile_actionable_oc_all,2025-12,-0.0437128792152046
K3_M2_decile_actionable_oc_all,2026-01,-0.008429381278620824
K3_M2_decile_actionable_oc_all,2026-02,-0.06168422915599267
K3_M2_decile_actionable_oc_all,2026-03,0.03141263224868655
K3_M2_decile_actionable_oc_all,2026-04,-0.045173675340964205
K3_M2_decile_actionable_oc_high_market_vol,2024-11,0.0
K3_M2_decile_actionable_oc_high_market_vol,2024-12,0.0
K3_M2_decile_actionable_oc_high_market_vol,2025-01,0.0
K3_M2_decile_actionable_oc_high_market_vol,2025-02,-0.019648050731096794
K3_M2_decile_actionable_oc_high_market_vol,2025-03,0.02391132980175492
K3_M2_decile_actionable_oc_high_market_vol,2025-04,-0.006558917395643828
K3_M2_decile_actionable_oc_high_market_vol,2025-05,-0.004952248486909101
K3_M2_decile_actionable_oc_high_market_vol,2025-06,-0.007521958562190503
K3_M2_decile_actionable_oc_high_market_vol,2025-07,0.0
K3_M2_decile_actionable_oc_high_market_vol,2025-08,-0.010688831605477551
K3_M2_decile_actionable_oc_high_market_vol,2025-09,0.0
K3_M2_decile_actionable_oc_high_market_vol,2025-10,0.0
K3_M2_decile_actionable_oc_high_market_vol,2025-11,-0.0034254786879347344
K3_M2_decile_actionable_oc_high_market_vol,2025-12,0.0
K3_M2_decile_actionable_oc_high_market_vol,2026-01,0.0
K3_M2_decile_actionable_oc_high_market_vol,2026-02,-0.03620855254185242
K3_M2_decile_actionable_oc_high_market_vol,2026-03,0.00975860460872851
K3_M2_decile_actionable_oc_high_market_vol,2026-04,-0.03875601228865637
K3_M2_decile_actionable_oc_high_noise,2024-11,0.0
K3_M2_decile_actionable_oc_high_noise,2024-12,0.0
K3_M2_decile_actionable_oc_high_noise,2025-01,-0.01631522200732354
K3_M2_decile_actionable_oc_high_noise,2025-02,-0.027164348906177117
K3_M2_decile_actionable_oc_high_noise,2025-03,0.0013751766769122794
K3_M2_decile_actionable_oc_high_noise,2025-04,0.005387140156703132
K3_M2_decile_actionable_oc_high_noise,2025-05,0.0036020292809710495
K3_M2_decile_actionable_oc_high_noise,2025-06,0.00289248772787378
K3_M2_decile_actionable_oc_high_noise,2025-07,-0.0030036675922980945
K3_M2_decile_actionable_oc_high_noise,2025-08,-0.004825729430771381
K3_M2_decile_actionable_oc_high_noise,2025-09,-0.00935550435263877
K3_M2_decile_actionable_oc_high_noise,2025-10,-0.019159658377211036
K3_M2_decile_actionable_oc_high_noise,2025-11,0.005074692906144972
K3_M2_decile_actionable_oc_high_noise,2025-12,-0.022656586374218718
K3_M2_decile_actionable_oc_high_noise,2026-01,-0.003993971537748532
K3_M2_decile_actionable_oc_high_noise,2026-02,-0.045018837916468296
K3_M2_decile_actionable_oc_high_noise,2026-03,0.013531199703804828
K3_M2_decile_actionable_oc_high_noise,2026-04,-0.017024004890088488
K3_M2_decile_source_cc_all,2024-11,0.0056355522719000305
K3_M2_decile_source_cc_all,2024-12,-0.07768558206487866
K3_M2_decile_source_cc_all,2025-01,-0.01496126278718097
K3_M2_decile_source_cc_all,2025-02,-0.035382815907099505
K3_M2_decile_source_cc_all,2025-03,0.020475950076219065
K3_M2_decile_source_cc_all,2025-04,-0.0073231913167298565
K3_M2_decile_source_cc_all,2025-05,-0.001132494096784804
K3_M2_decile_source_cc_all,2025-06,-0.08892569730408299
K3_M2_decile_source_cc_all,2025-07,-0.0034577192291733675
K3_M2_decile_source_cc_all,2025-08,-0.014579088179332428
K3_M2_decile_source_cc_all,2025-09,-0.05509802258436654
K3_M2_decile_source_cc_all,2025-10,-0.029515313264328956
K3_M2_decile_source_cc_all,2025-11,0.0382302378172521
K3_M2_decile_source_cc_all,2025-12,-0.04407382094617387
K3_M2_decile_source_cc_all,2026-01,-0.008735662397570204
K3_M2_decile_source_cc_all,2026-02,-0.06008084831614246
K3_M2_decile_source_cc_all,2026-03,0.03282836663745033
K3_M2_decile_source_cc_all,2026-04,-0.04657145305594975
K3_M2_decile_source_cc_high_market_vol,2024-11,0.0
K3_M2_decile_source_cc_high_market_vol,2024-12,0.0
K3_M2_decile_source_cc_high_market_vol,2025-01,0.0
K3_M2_decile_source_cc_high_market_vol,2025-02,-0.0200642579603599
K3_M2_decile_source_cc_high_market_vol,2025-03,0.025950279827035204
K3_M2_decile_source_cc_high_market_vol,2025-04,-0.0073231913167298565
K3_M2_decile_source_cc_high_market_vol,2025-05,-0.004549708609715977
K3_M2_decile_source_cc_high_market_vol,2025-06,-0.007494511817601723
K3_M2_decile_source_cc_high_market_vol,2025-07,0.0
K3_M2_decile_source_cc_high_market_vol,2025-08,-0.009918692314072162
K3_M2_decile_source_cc_high_market_vol,2025-09,0.0
K3_M2_decile_source_cc_high_market_vol,2025-10,0.0
K3_M2_decile_source_cc_high_market_vol,2025-11,-0.0024742849177085977
K3_M2_decile_source_cc_high_market_vol,2025-12,0.0
K3_M2_decile_source_cc_high_market_vol,2026-01,0.0
K3_M2_decile_source_cc_high_market_vol,2026-02,-0.034874751492700806
K3_M2_decile_source_cc_high_market_vol,2026-03,0.010039284497148117
K3_M2_decile_source_cc_high_market_vol,2026-04,-0.03953259547976147
K3_M2_decile_source_cc_high_noise,2024-11,0.0
K3_M2_decile_source_cc_high_noise,2024-12,0.0
K3_M2_decile_source_cc_high_noise,2025-01,-0.0160013042197948
K3_M2_decile_source_cc_high_noise,2025-02,-0.026628264921084152
K3_M2_decile_source_cc_high_noise,2025-03,0.0018884700738996335
K3_M2_decile_source_cc_high_noise,2025-04,0.00564589151247035
K3_M2_decile_source_cc_high_noise,2025-05,0.003788216124825894
K3_M2_decile_source_cc_high_noise,2025-06,0.002792621205299366
K3_M2_decile_source_cc_high_noise,2025-07,-0.0030990762160543273
K3_M2_decile_source_cc_high_noise,2025-08,-0.004485026110280097
K3_M2_decile_source_cc_high_noise,2025-09,-0.00996717740919991
K3_M2_decile_source_cc_high_noise,2025-10,-0.019758065302212156
K3_M2_decile_source_cc_high_noise,2025-11,0.005696182243128419
K3_M2_decile_source_cc_high_noise,2025-12,-0.022261289719190086
K3_M2_decile_source_cc_high_noise,2026-01,-0.00472852726907993
K3_M2_decile_source_cc_high_noise,2026-02,-0.044154425241099415
K3_M2_decile_source_cc_high_noise,2026-03,0.013426800163261247
K3_M2_decile_source_cc_high_noise,2026-04,-0.018784382269162177
K3_M2_quintile_actionable_oc_all,2024-11,-0.005560713677465794
K3_M2_quintile_actionable_oc_all,2024-12,-0.04756814066564232
K3_M2_quintile_actionable_oc_all,2025-01,0.006951057566080008
K3_M2_quintile_actionable_oc_all,2025-02,-0.01737850835596827
K3_M2_quintile_actionable_oc_all,2025-03,-0.009172320977496866
K3_M2_quintile_actionable_oc_all,2025-04,0.021943490198659328
K3_M2_quintile_actionable_oc_all,2025-05,-0.011301396194803436
K3_M2_quintile_actionable_oc_all,2025-06,-0.04334709883037041
K3_M2_quintile_actionable_oc_all,2025-07,-0.014639580719171154
K3_M2_quintile_actionable_oc_all,2025-08,-0.0038676875082596434
K3_M2_quintile_actionable_oc_all,2025-09,-0.04125206434896542
K3_M2_quintile_actionable_oc_all,2025-10,-0.012601226657731134
K3_M2_quintile_actionable_oc_all,2025-11,0.02100702519239833
K3_M2_quintile_actionable_oc_all,2025-12,-0.04714690228209608
K3_M2_quintile_actionable_oc_all,2026-01,-0.012189292555038528
K3_M2_quintile_actionable_oc_all,2026-02,-0.02963138721039152
K3_M2_quintile_actionable_oc_all,2026-03,0.031671416723514034
K3_M2_quintile_actionable_oc_all,2026-04,-0.03720881859539633
K3_M2_quintile_actionable_oc_high_market_vol,2024-11,0.0
K3_M2_quintile_actionable_oc_high_market_vol,2024-12,0.0
K3_M2_quintile_actionable_oc_high_market_vol,2025-01,0.0
K3_M2_quintile_actionable_oc_high_market_vol,2025-02,-0.01864962023128934
K3_M2_quintile_actionable_oc_high_market_vol,2025-03,0.009233276346957236
K3_M2_quintile_actionable_oc_high_market_vol,2025-04,0.021943490198659328
K3_M2_quintile_actionable_oc_high_market_vol,2025-05,-0.009124532498658511
K3_M2_quintile_actionable_oc_high_market_vol,2025-06,-0.003069623769971422
K3_M2_quintile_actionable_oc_high_market_vol,2025-07,0.0
K3_M2_quintile_actionable_oc_high_market_vol,2025-08,-0.0046969938344146485
K3_M2_quintile_actionable_oc_high_market_vol,2025-09,0.0
K3_M2_quintile_actionable_oc_high_market_vol,2025-10,0.0
K3_M2_quintile_actionable_oc_high_market_vol,2025-11,0.0019243055612002602
K3_M2_quintile_actionable_oc_high_market_vol,2025-12,0.0
K3_M2_quintile_actionable_oc_high_market_vol,2026-01,0.0
K3_M2_quintile_actionable_oc_high_market_vol,2026-02,-0.023268996690799078
K3_M2_quintile_actionable_oc_high_market_vol,2026-03,0.018125629245833663
K3_M2_quintile_actionable_oc_high_market_vol,2026-04,-0.032590937533598305
K3_M2_quintile_actionable_oc_high_noise,2024-11,0.0
K3_M2_quintile_actionable_oc_high_noise,2024-12,0.0
K3_M2_quintile_actionable_oc_high_noise,2025-01,-0.003063359591547584
K3_M2_quintile_actionable_oc_high_noise,2025-02,-0.011578095954639971
K3_M2_quintile_actionable_oc_high_noise,2025-03,-0.009437442467783365
K3_M2_quintile_actionable_oc_high_noise,2025-04,0.016883462179782968
K3_M2_quintile_actionable_oc_high_noise,2025-05,0.0026062626613181095
K3_M2_quintile_actionable_oc_high_noise,2025-06,0.0004109091706662432
K3_M2_quintile_actionable_oc_high_noise,2025-07,-0.007087309520140694
K3_M2_quintile_actionable_oc_high_noise,2025-08,0.0019679979767329974
K3_M2_quintile_actionable_oc_high_noise,2025-09,-0.007945853731295565
K3_M2_quintile_actionable_oc_high_noise,2025-10,-0.011375392476221262
K3_M2_quintile_actionable_oc_high_noise,2025-11,0.009400379358486399
K3_M2_quintile_actionable_oc_high_noise,2025-12,-0.01941679118383579
K3_M2_quintile_actionable_oc_high_noise,2026-01,-0.010089001079503522
K3_M2_quintile_actionable_oc_high_noise,2026-02,-0.02424819711228677
K3_M2_quintile_actionable_oc_high_noise,2026-03,0.018221871903182862
K3_M2_quintile_actionable_oc_high_noise,2026-04,-0.013763826163493986
K3_M2_quintile_source_cc_all,2024-11,-0.004617290208067574
K3_M2_quintile_source_cc_all,2024-12,-0.0462216407580875
K3_M2_quintile_source_cc_all,2025-01,0.007961413197007574
K3_M2_quintile_source_cc_all,2025-02,-0.016566469167578243
K3_M2_quintile_source_cc_all,2025-03,-0.008373843212210203
K3_M2_quintile_source_cc_all,2025-04,0.02190993178906425
K3_M2_quintile_source_cc_all,2025-05,-0.01045912205743526
K3_M2_quintile_source_cc_all,2025-06,-0.04280866153101374
K3_M2_quintile_source_cc_all,2025-07,-0.013495290628680583
K3_M2_quintile_source_cc_all,2025-08,-0.003057978061314909
K3_M2_quintile_source_cc_all,2025-09,-0.041432170932603894
K3_M2_quintile_source_cc_all,2025-10,-0.01163478948565939
K3_M2_quintile_source_cc_all,2025-11,0.021517640001811854
K3_M2_quintile_source_cc_all,2025-12,-0.04680490007095214
K3_M2_quintile_source_cc_all,2026-01,-0.011728418618450927
K3_M2_quintile_source_cc_all,2026-02,-0.02923704247820433
K3_M2_quintile_source_cc_all,2026-03,0.033469210931986675
K3_M2_quintile_source_cc_all,2026-04,-0.03757895874535733
K3_M2_quintile_source_cc_high_market_vol,2024-11,0.0
K3_M2_quintile_source_cc_high_market_vol,2024-12,0.0
K3_M2_quintile_source_cc_high_market_vol,2025-01,0.0
K3_M2_quintile_source_cc_high_market_vol,2025-02,-0.018203805758282964
K3_M2_quintile_source_cc_high_market_vol,2025-03,0.009998324447675603
K3_M2_quintile_source_cc_high_market_vol,2025-04,0.02190993178906425
K3_M2_quintile_source_cc_high_market_vol,2025-05,-0.00837343486165771
K3_M2_quintile_source_cc_high_market_vol,2025-06,-0.003057252075872709
K3_M2_quintile_source_cc_high_market_vol,2025-07,0.0
K3_M2_quintile_source_cc_high_market_vol,2025-08,-0.0043376489100373445
K3_M2_quintile_source_cc_high_market_vol,2025-09,0.0
K3_M2_quintile_source_cc_high_market_vol,2025-10,0.0
K3_M2_quintile_source_cc_high_market_vol,2025-11,0.0022187350319177604
K3_M2_quintile_source_cc_high_market_vol,2025-12,0.0
K3_M2_quintile_source_cc_high_market_vol,2026-01,0.0
K3_M2_quintile_source_cc_high_market_vol,2026-02,-0.022964597848678953
K3_M2_quintile_source_cc_high_market_vol,2026-03,0.018953853427977528
K3_M2_quintile_source_cc_high_market_vol,2026-04,-0.032709927922292666
K3_M2_quintile_source_cc_high_noise,2024-11,0.0
K3_M2_quintile_source_cc_high_noise,2024-12,0.0
K3_M2_quintile_source_cc_high_noise,2025-01,-0.0025755516143138877
K3_M2_quintile_source_cc_high_noise,2025-02,-0.0110060258125456
K3_M2_quintile_source_cc_high_noise,2025-03,-0.009228934246273825
K3_M2_quintile_source_cc_high_noise,2025-04,0.017433291380588477
K3_M2_quintile_source_cc_high_noise,2025-05,0.002896313224664231
K3_M2_quintile_source_cc_high_noise,2025-06,0.00024473880254733587
K3_M2_quintile_source_cc_high_noise,2025-07,-0.007163223016456316
K3_M2_quintile_source_cc_high_noise,2025-08,0.001958742796411332
K3_M2_quintile_source_cc_high_noise,2025-09,-0.008058118134266698
K3_M2_quintile_source_cc_high_noise,2025-10,-0.011246955254718152
K3_M2_quintile_source_cc_high_noise,2025-11,0.009805420951796538
K3_M2_quintile_source_cc_high_noise,2025-12,-0.019227315746014845
K3_M2_quintile_source_cc_high_noise,2026-01,-0.009794688138535852
K3_M2_quintile_source_cc_high_noise,2026-02,-0.02421617772871478
K3_M2_quintile_source_cc_high_noise,2026-03,0.01857603690625564
K3_M2_quintile_source_cc_high_noise,2026-04,-0.014274906075460135
K3_M3_decile_actionable_oc_all,2024-11,-0.011539634670975282
K3_M3_decile_actionable_oc_all,2024-12,-0.06865782079677836
K3_M3_decile_actionable_oc_all,2025-01,0.0035563659705728436
K3_M3_decile_actionable_oc_all,2025-02,-0.05428165589639239
K3_M3_decile_actionable_oc_all,2025-03,0.004765584331282253
K3_M3_decile_actionable_oc_all,2025-04,-0.018364044292965037
K3_M3_decile_actionable_oc_all,2025-05,0.015175191720344367
K3_M3_decile_actionable_oc_all,2025-06,-0.06669778180942465
K3_M3_decile_actionable_oc_all,2025-07,0.01280481227930557
K3_M3_decile_actionable_oc_all,2025-08,-0.0038189292462972304
K3_M3_decile_actionable_oc_all,2025-09,-0.09180051197649143
K3_M3_decile_actionable_oc_all,2025-10,0.00030077652878227404
K3_M3_decile_actionable_oc_all,2025-11,0.05924727686590639
K3_M3_decile_actionable_oc_all,2025-12,-0.06789978353721443
K3_M3_decile_actionable_oc_all,2026-01,0.017585450940495823
K3_M3_decile_actionable_oc_all,2026-02,-0.03922295376201715
K3_M3_decile_actionable_oc_all,2026-03,0.06113141953992708
K3_M3_decile_actionable_oc_all,2026-04,-0.056883598166893486
K3_M3_decile_actionable_oc_high_market_vol,2024-11,0.0
K3_M3_decile_actionable_oc_high_market_vol,2024-12,0.0
K3_M3_decile_actionable_oc_high_market_vol,2025-01,0.0
K3_M3_decile_actionable_oc_high_market_vol,2025-02,-0.041316884926168196
K3_M3_decile_actionable_oc_high_market_vol,2025-03,0.025563093156263483
K3_M3_decile_actionable_oc_high_market_vol,2025-04,-0.018364044292965037
K3_M3_decile_actionable_oc_high_market_vol,2025-05,0.007620702834074421
K3_M3_decile_actionable_oc_high_market_vol,2025-06,-0.008972088581437644
K3_M3_decile_actionable_oc_high_market_vol,2025-07,0.0
K3_M3_decile_actionable_oc_high_market_vol,2025-08,-0.004772182674784497
K3_M3_decile_actionable_oc_high_market_vol,2025-09,0.0
K3_M3_decile_actionable_oc_high_market_vol,2025-10,0.0
K3_M3_decile_actionable_oc_high_market_vol,2025-11,-0.0020550623766023325
K3_M3_decile_actionable_oc_high_market_vol,2025-12,0.0
K3_M3_decile_actionable_oc_high_market_vol,2026-01,0.0
K3_M3_decile_actionable_oc_high_market_vol,2026-02,-0.018976284654159657
K3_M3_decile_actionable_oc_high_market_vol,2026-03,0.03871128829784018
K3_M3_decile_actionable_oc_high_market_vol,2026-04,-0.053286241612303845
K3_M3_decile_actionable_oc_high_noise,2024-11,0.0
K3_M3_decile_actionable_oc_high_noise,2024-12,0.0
K3_M3_decile_actionable_oc_high_noise,2025-01,0.0006446626072617841
K3_M3_decile_actionable_oc_high_noise,2025-02,-0.045574488636552765
K3_M3_decile_actionable_oc_high_noise,2025-03,-0.024029145155681803
K3_M3_decile_actionable_oc_high_noise,2025-04,0.005344368267317943
K3_M3_decile_actionable_oc_high_noise,2025-05,0.01782013212209974
K3_M3_decile_actionable_oc_high_noise,2025-06,0.00394381525762264
K3_M3_decile_actionable_oc_high_noise,2025-07,0.0036968386455218227
K3_M3_decile_actionable_oc_high_noise,2025-08,-0.002985583497814317
K3_M3_decile_actionable_oc_high_noise,2025-09,-0.04811299181643941
K3_M3_decile_actionable_oc_high_noise,2025-10,-0.013188242531747482
K3_M3_decile_actionable_oc_high_noise,2025-11,0.01634108673765903
K3_M3_decile_actionable_oc_high_noise,2025-12,-0.0352449200550638
K3_M3_decile_actionable_oc_high_noise,2026-01,0.01117030079506933
K3_M3_decile_actionable_oc_high_noise,2026-02,-0.02556464391598639
K3_M3_decile_actionable_oc_high_noise,2026-03,0.03292482835286974
K3_M3_decile_actionable_oc_high_noise,2026-04,-0.017777127205497296
K3_M3_decile_source_cc_all,2024-11,-0.010662120670678326
K3_M3_decile_source_cc_all,2024-12,-0.06716388080285927
K3_M3_decile_source_cc_all,2025-01,0.004772456888688986
K3_M3_decile_source_cc_all,2025-02,-0.05413152274784038
K3_M3_decile_source_cc_all,2025-03,0.006678633098068888
K3_M3_decile_source_cc_all,2025-04,-0.01879441342770701
K3_M3_decile_source_cc_all,2025-05,0.015468800319527878
K3_M3_decile_source_cc_all,2025-06,-0.06597552187137122
K3_M3_decile_source_cc_all,2025-07,0.014021290896460379
K3_M3_decile_source_cc_all,2025-08,-0.0023846999994214272
K3_M3_decile_source_cc_all,2025-09,-0.09270916110169371
K3_M3_decile_source_cc_all,2025-10,0.0015452915917632277
K3_M3_decile_source_cc_all,2025-11,0.060556046140294154
K3_M3_decile_source_cc_all,2025-12,-0.06794856780173901
K3_M3_decile_source_cc_all,2026-01,0.01740404558742752
K3_M3_decile_source_cc_all,2026-02,-0.03777116285151122
K3_M3_decile_source_cc_all,2026-03,0.06279018715409915
K3_M3_decile_source_cc_all,2026-04,-0.05754829853961559
K3_M3_decile_source_cc_high_market_vol,2024-11,0.0
K3_M3_decile_source_cc_high_market_vol,2024-12,0.0
K3_M3_decile_source_cc_high_market_vol,2025-01,0.0
K3_M3_decile_source_cc_high_market_vol,2025-02,-0.041492059146615135
K3_M3_decile_source_cc_high_market_vol,2025-03,0.027273082764197727
K3_M3_decile_source_cc_high_market_vol,2025-04,-0.01879441342770701
K3_M3_decile_source_cc_high_market_vol,2025-05,0.007908283148166259
K3_M3_decile_source_cc_high_market_vol,2025-06,-0.00893077638142437
K3_M3_decile_source_cc_high_market_vol,2025-07,0.0
K3_M3_decile_source_cc_high_market_vol,2025-08,-0.003987601973055728
K3_M3_decile_source_cc_high_market_vol,2025-09,0.0
K3_M3_decile_source_cc_high_market_vol,2025-10,0.0
K3_M3_decile_source_cc_high_market_vol,2025-11,-0.001044523643371556
K3_M3_decile_source_cc_high_market_vol,2025-12,0.0
K3_M3_decile_source_cc_high_market_vol,2026-01,0.0
K3_M3_decile_source_cc_high_market_vol,2026-02,-0.01802243339237704
K3_M3_decile_source_cc_high_market_vol,2026-03,0.039148384542019916
K3_M3_decile_source_cc_high_market_vol,2026-04,-0.053637839585283
K3_M3_decile_source_cc_high_noise,2024-11,0.0
K3_M3_decile_source_cc_high_noise,2024-12,0.0
K3_M3_decile_source_cc_high_noise,2025-01,0.001046408507063847
K3_M3_decile_source_cc_high_noise,2025-02,-0.044950710832694515
K3_M3_decile_source_cc_high_noise,2025-03,-0.024167936054120587
K3_M3_decile_source_cc_high_noise,2025-04,0.0058552507142794145
K3_M3_decile_source_cc_high_noise,2025-05,0.017966530497788027
K3_M3_decile_source_cc_high_noise,2025-06,0.0038596550452698144
K3_M3_decile_source_cc_high_noise,2025-07,0.003760204038629572
K3_M3_decile_source_cc_high_noise,2025-08,-0.0026589448142684494
K3_M3_decile_source_cc_high_noise,2025-09,-0.04856466248109974
K3_M3_decile_source_cc_high_noise,2025-10,-0.013637514321131833
K3_M3_decile_source_cc_high_noise,2025-11,0.017214301161171494
K3_M3_decile_source_cc_high_noise,2025-12,-0.03472649676799723
K3_M3_decile_source_cc_high_noise,2026-01,0.010571726318872824
K3_M3_decile_source_cc_high_noise,2026-02,-0.024849582067269754
K3_M3_decile_source_cc_high_noise,2026-03,0.0327857083401263
K3_M3_decile_source_cc_high_noise,2026-04,-0.0188788509818655
K3_M3_quintile_actionable_oc_all,2024-11,-0.014423840737437936
K3_M3_quintile_actionable_oc_all,2024-12,-0.036696499417885595
K3_M3_quintile_actionable_oc_all,2025-01,0.008098814344205564
K3_M3_quintile_actionable_oc_all,2025-02,-0.033006797130181814
K3_M3_quintile_actionable_oc_all,2025-03,-0.01955013663923658
K3_M3_quintile_actionable_oc_all,2025-04,0.00636644015352944
K3_M3_quintile_actionable_oc_all,2025-05,-0.002946014540915823
K3_M3_quintile_actionable_oc_all,2025-06,-0.033321792978744685
K3_M3_quintile_actionable_oc_all,2025-07,-0.0055727588611851515
K3_M3_quintile_actionable_oc_all,2025-08,-0.005350551214113495
K3_M3_quintile_actionable_oc_all,2025-09,-0.05802282178423944
K3_M3_quintile_actionable_oc_all,2025-10,0.0009418485727718633
K3_M3_quintile_actionable_oc_all,2025-11,0.03676717297079801
K3_M3_quintile_actionable_oc_all,2025-12,-0.05965583776406457
K3_M3_quintile_actionable_oc_all,2026-01,-0.012359436775519443
K3_M3_quintile_actionable_oc_all,2026-02,-0.029006259399018408
K3_M3_quintile_actionable_oc_all,2026-03,0.05463850174560066
K3_M3_quintile_actionable_oc_all,2026-04,-0.05113704847092315
K3_M3_quintile_actionable_oc_high_market_vol,2024-11,0.0
K3_M3_quintile_actionable_oc_high_market_vol,2024-12,0.0
K3_M3_quintile_actionable_oc_high_market_vol,2025-01,0.0
K3_M3_quintile_actionable_oc_high_market_vol,2025-02,-0.02870118263368943
K3_M3_quintile_actionable_oc_high_market_vol,2025-03,0.012013124980578133
K3_M3_quintile_actionable_oc_high_market_vol,2025-04,0.00636644015352944
K3_M3_quintile_actionable_oc_high_market_vol,2025-05,-0.0023894333799103166
K3_M3_quintile_actionable_oc_high_market_vol,2025-06,-0.004986715664182904
K3_M3_quintile_actionable_oc_high_market_vol,2025-07,0.0
K3_M3_quintile_actionable_oc_high_market_vol,2025-08,-0.002347232547851994
K3_M3_quintile_actionable_oc_high_market_vol,2025-09,0.0
K3_M3_quintile_actionable_oc_high_market_vol,2025-10,0.0
K3_M3_quintile_actionable_oc_high_market_vol,2025-11,0.004127707878959928
K3_M3_quintile_actionable_oc_high_market_vol,2025-12,0.0
K3_M3_quintile_actionable_oc_high_market_vol,2026-01,0.0
K3_M3_quintile_actionable_oc_high_market_vol,2026-02,-0.024828133927427484
K3_M3_quintile_actionable_oc_high_market_vol,2026-03,0.03877360171816978
K3_M3_quintile_actionable_oc_high_market_vol,2026-04,-0.04496701751713567
K3_M3_quintile_actionable_oc_high_noise,2024-11,0.0
K3_M3_quintile_actionable_oc_high_noise,2024-12,0.0
K3_M3_quintile_actionable_oc_high_noise,2025-01,0.006555331136955744
K3_M3_quintile_actionable_oc_high_noise,2025-02,-0.021319172057148027
K3_M3_quintile_actionable_oc_high_noise,2025-03,-0.028008065017105555
K3_M3_quintile_actionable_oc_high_noise,2025-04,0.010362007955749857
K3_M3_quintile_actionable_oc_high_noise,2025-05,0.004872118163676446
K3_M3_quintile_actionable_oc_high_noise,2025-06,0.0018904177054364574
K3_M3_quintile_actionable_oc_high_noise,2025-07,0.0012254718079989404
K3_M3_quintile_actionable_oc_high_noise,2025-08,0.0026081070405581993
K3_M3_quintile_actionable_oc_high_noise,2025-09,-0.028857967486796584
K3_M3_quintile_actionable_oc_high_noise,2025-10,-0.014849523241360355
K3_M3_quintile_actionable_oc_high_noise,2025-11,0.011657495423777052
K3_M3_quintile_actionable_oc_high_noise,2025-12,-0.02943537539589892
K3_M3_quintile_actionable_oc_high_noise,2026-01,-0.011956457588301831
K3_M3_quintile_actionable_oc_high_noise,2026-02,-0.02280139214594695
K3_M3_quintile_actionable_oc_high_noise,2026-03,0.030146094261760056
K3_M3_quintile_actionable_oc_high_noise,2026-04,-0.01501424879106552
K3_M3_quintile_source_cc_all,2024-11,-0.013696094408019818
K3_M3_quintile_source_cc_all,2024-12,-0.035386014164245756
K3_M3_quintile_source_cc_all,2025-01,0.00903075968042336
K3_M3_quintile_source_cc_all,2025-02,-0.03235297538001897
K3_M3_quintile_source_cc_all,2025-03,-0.01905362963552823
K3_M3_quintile_source_cc_all,2025-04,0.00648732977699425
K3_M3_quintile_source_cc_all,2025-05,-0.002257571481756403
K3_M3_quintile_source_cc_all,2025-06,-0.03276724698849139
K3_M3_quintile_source_cc_all,2025-07,-0.004446794635933694
K3_M3_quintile_source_cc_all,2025-08,-0.004705181848831134
K3_M3_quintile_source_cc_all,2025-09,-0.058193231963375905
K3_M3_quintile_source_cc_all,2025-10,0.001853529367405285
K3_M3_quintile_source_cc_all,2025-11,0.03746609724369789
K3_M3_quintile_source_cc_all,2025-12,-0.05905260362189484
K3_M3_quintile_source_cc_all,2026-01,-0.012058578434876614
K3_M3_quintile_source_cc_all,2026-02,-0.028813137669505655
K3_M3_quintile_source_cc_all,2026-03,0.05649659613763319
K3_M3_quintile_source_cc_all,2026-04,-0.05110506164937546
K3_M3_quintile_source_cc_high_market_vol,2024-11,0.0
K3_M3_quintile_source_cc_high_market_vol,2024-12,0.0
K3_M3_quintile_source_cc_high_market_vol,2025-01,0.0
K3_M3_quintile_source_cc_high_market_vol,2025-02,-0.02826175403748777
K3_M3_quintile_source_cc_high_market_vol,2025-03,0.012468193065390088
K3_M3_quintile_source_cc_high_market_vol,2025-04,0.00648732977699425
K3_M3_quintile_source_cc_high_market_vol,2025-05,-0.001807164638406051
K3_M3_quintile_source_cc_high_market_vol,2025-06,-0.00495265079518553
K3_M3_quintile_source_cc_high_market_vol,2025-07,0.0
K3_M3_quintile_source_cc_high_market_vol,2025-08,-0.0019664606638414477
K3_M3_quintile_source_cc_high_market_vol,2025-09,0.0
K3_M3_quintile_source_cc_high_market_vol,2025-10,0.0
K3_M3_quintile_source_cc_high_market_vol,2025-11,0.004535113730553795
K3_M3_quintile_source_cc_high_market_vol,2025-12,0.0
K3_M3_quintile_source_cc_high_market_vol,2026-01,0.0
K3_M3_quintile_source_cc_high_market_vol,2026-02,-0.024735692081439848
K3_M3_quintile_source_cc_high_market_vol,2026-03,0.039630485367891904
K3_M3_quintile_source_cc_high_market_vol,2026-04,-0.04484387459656172
K3_M3_quintile_source_cc_high_noise,2024-11,0.0
K3_M3_quintile_source_cc_high_noise,2024-12,0.0
K3_M3_quintile_source_cc_high_noise,2025-01,0.007122584045845648
K3_M3_quintile_source_cc_high_noise,2025-02,-0.020763168124653234
K3_M3_quintile_source_cc_high_noise,2025-03,-0.028195137083152095
K3_M3_quintile_source_cc_high_noise,2025-04,0.01111725496818268
K3_M3_quintile_source_cc_high_noise,2025-05,0.005135417139851673
K3_M3_quintile_source_cc_high_noise,2025-06,0.0017633110640966339
K3_M3_quintile_source_cc_high_noise,2025-07,0.0012480557192869534
K3_M3_quintile_source_cc_high_noise,2025-08,0.0025850170634864546
K3_M3_quintile_source_cc_high_noise,2025-09,-0.02889524393907152
K3_M3_quintile_source_cc_high_noise,2025-10,-0.01463812930454303
K3_M3_quintile_source_cc_high_noise,2025-11,0.01218302786356001
K3_M3_quintile_source_cc_high_noise,2025-12,-0.029051029993198283
K3_M3_quintile_source_cc_high_noise,2026-01,-0.011756810845707196
K3_M3_quintile_source_cc_high_noise,2026-02,-0.023016170570819772
K3_M3_quintile_source_cc_high_noise,2026-03,0.03054999286608192
K3_M3_quintile_source_cc_high_noise,2026-04,-0.015240963351416567
K3_M4_decile_actionable_oc_all,2024-11,-0.06082708151887238
K3_M4_decile_actionable_oc_all,2024-12,-0.05156571484107379
K3_M4_decile_actionable_oc_all,2025-01,0.014096426462322693
K3_M4_decile_actionable_oc_all,2025-02,-0.045343771109282456
K3_M4_decile_actionable_oc_all,2025-03,0.032829374674843606
K3_M4_decile_actionable_oc_all,2025-04,-0.019524171705082242
K3_M4_decile_actionable_oc_all,2025-05,0.03478701850846984
K3_M4_decile_actionable_oc_all,2025-06,-0.073728906919693
K3_M4_decile_actionable_oc_all,2025-07,0.011363339612371154
K3_M4_decile_actionable_oc_all,2025-08,-0.005032879260399253
K3_M4_decile_actionable_oc_all,2025-09,-0.1344876328636273
K3_M4_decile_actionable_oc_all,2025-10,0.036334577894318126
K3_M4_decile_actionable_oc_all,2025-11,0.05027810968912212
K3_M4_decile_actionable_oc_all,2025-12,-0.05792631160593313
K3_M4_decile_actionable_oc_all,2026-01,0.017472126876334447
K3_M4_decile_actionable_oc_all,2026-02,-0.010102533097143249
K3_M4_decile_actionable_oc_all,2026-03,0.020282978188709985
K3_M4_decile_actionable_oc_all,2026-04,-0.08067237887639214
K3_M4_decile_actionable_oc_high_market_vol,2024-11,0.0
K3_M4_decile_actionable_oc_high_market_vol,2024-12,0.0
K3_M4_decile_actionable_oc_high_market_vol,2025-01,0.0
K3_M4_decile_actionable_oc_high_market_vol,2025-02,-0.044582799537807055
K3_M4_decile_actionable_oc_high_market_vol,2025-03,0.05684521162795038
K3_M4_decile_actionable_oc_high_market_vol,2025-04,-0.019524171705082242
K3_M4_decile_actionable_oc_high_market_vol,2025-05,0.028094130823302456
K3_M4_decile_actionable_oc_high_market_vol,2025-06,-0.0026824556170806186
K3_M4_decile_actionable_oc_high_market_vol,2025-07,0.0
K3_M4_decile_actionable_oc_high_market_vol,2025-08,-0.00661853095577818
K3_M4_decile_actionable_oc_high_market_vol,2025-09,0.0
K3_M4_decile_actionable_oc_high_market_vol,2025-10,0.0
K3_M4_decile_actionable_oc_high_market_vol,2025-11,-0.0032985725213226895
K3_M4_decile_actionable_oc_high_market_vol,2025-12,0.0
K3_M4_decile_actionable_oc_high_market_vol,2026-01,0.0
K3_M4_decile_actionable_oc_high_market_vol,2026-02,-0.0035524936167532026
K3_M4_decile_actionable_oc_high_market_vol,2026-03,0.031895469474947126
K3_M4_decile_actionable_oc_high_market_vol,2026-04,-0.06723348355913362
K3_M4_decile_actionable_oc_high_noise,2024-11,0.0
K3_M4_decile_actionable_oc_high_noise,2024-12,0.0
K3_M4_decile_actionable_oc_high_noise,2025-01,0.015409173764702105
K3_M4_decile_actionable_oc_high_noise,2025-02,-0.04656613987053609
K3_M4_decile_actionable_oc_high_noise,2025-03,0.012780561562140896
K3_M4_decile_actionable_oc_high_noise,2025-04,0.0017833089795699026
K3_M4_decile_actionable_oc_high_noise,2025-05,0.0031041121763218955
K3_M4_decile_actionable_oc_high_noise,2025-06,-0.009450216897683423
K3_M4_decile_actionable_oc_high_noise,2025-07,-0.004340659575946565
K3_M4_decile_actionable_oc_high_noise,2025-08,0.010629949542234587
K3_M4_decile_actionable_oc_high_noise,2025-09,-0.0497186145403261
K3_M4_decile_actionable_oc_high_noise,2025-10,0.0007667376820677915
K3_M4_decile_actionable_oc_high_noise,2025-11,0.01638487585227936
K3_M4_decile_actionable_oc_high_noise,2025-12,-0.030206648113527405
K3_M4_decile_actionable_oc_high_noise,2026-01,0.020437944606075977
K3_M4_decile_actionable_oc_high_noise,2026-02,-0.0008702795912091518
K3_M4_decile_actionable_oc_high_noise,2026-03,0.031617895106301926
K3_M4_decile_actionable_oc_high_noise,2026-04,-0.03160425538287331
K3_M4_decile_source_cc_all,2024-11,-0.06009802451769311
K3_M4_decile_source_cc_all,2024-12,-0.050546985878559596
K3_M4_decile_source_cc_all,2025-01,0.015102213004133875
K3_M4_decile_source_cc_all,2025-02,-0.04486765258543493
K3_M4_decile_source_cc_all,2025-03,0.034503538025830276
K3_M4_decile_source_cc_all,2025-04,-0.020123132872700615
K3_M4_decile_source_cc_all,2025-05,0.03513548700872707
K3_M4_decile_source_cc_all,2025-06,-0.07291977070033219
K3_M4_decile_source_cc_all,2025-07,0.011987708462536932
K3_M4_decile_source_cc_all,2025-08,-0.003814186375074298
K3_M4_decile_source_cc_all,2025-09,-0.13495776902789275
K3_M4_decile_source_cc_all,2025-10,0.03718648350306118
K3_M4_decile_source_cc_all,2025-11,0.05150063878748826
K3_M4_decile_source_cc_all,2025-12,-0.05788600288647107
K3_M4_decile_source_cc_all,2026-01,0.017429700005714185
K3_M4_decile_source_cc_all,2026-02,-0.008882120026528896
K3_M4_decile_source_cc_all,2026-03,0.021779406038138212
K3_M4_decile_source_cc_all,2026-04,-0.08113828494607767
K3_M4_decile_source_cc_high_market_vol,2024-11,0.0
K3_M4_decile_source_cc_high_market_vol,2024-12,0.0
K3_M4_decile_source_cc_high_market_vol,2025-01,0.0
K3_M4_decile_source_cc_high_market_vol,2025-02,-0.044343132134452484
K3_M4_decile_source_cc_high_market_vol,2025-03,0.058187123420807195
K3_M4_decile_source_cc_high_market_vol,2025-04,-0.020123132872700615
K3_M4_decile_source_cc_high_market_vol,2025-05,0.028380650362054137
K3_M4_decile_source_cc_high_market_vol,2025-06,-0.002605558753791773
K3_M4_decile_source_cc_high_market_vol,2025-07,0.0
K3_M4_decile_source_cc_high_market_vol,2025-08,-0.006036566075424311
K3_M4_decile_source_cc_high_market_vol,2025-09,0.0
K3_M4_decile_source_cc_high_market_vol,2025-10,0.0
K3_M4_decile_source_cc_high_market_vol,2025-11,-0.002287467713835553
K3_M4_decile_source_cc_high_market_vol,2025-12,0.0
K3_M4_decile_source_cc_high_market_vol,2026-01,0.0
K3_M4_decile_source_cc_high_market_vol,2026-02,-0.0026824681243083123
K3_M4_decile_source_cc_high_market_vol,2026-03,0.03265789394910169
K3_M4_decile_source_cc_high_market_vol,2026-04,-0.06746117520279492
K3_M4_decile_source_cc_high_noise,2024-11,0.0
K3_M4_decile_source_cc_high_noise,2024-12,0.0
K3_M4_decile_source_cc_high_noise,2025-01,0.015831368184049798
K3_M4_decile_source_cc_high_noise,2025-02,-0.04542347146373753
K3_M4_decile_source_cc_high_noise,2025-03,0.012646047609962529
K3_M4_decile_source_cc_high_noise,2025-04,0.0017300884653557035
K3_M4_decile_source_cc_high_noise,2025-05,0.00317570760235022
K3_M4_decile_source_cc_high_noise,2025-06,-0.009495006943935486
K3_M4_decile_source_cc_high_noise,2025-07,-0.004293601541854869
K3_M4_decile_source_cc_high_noise,2025-08,0.010963656135583947
K3_M4_decile_source_cc_high_noise,2025-09,-0.04998296441197558
K3_M4_decile_source_cc_high_noise,2025-10,0.0003441941349015304
K3_M4_decile_source_cc_high_noise,2025-11,0.01714396594368842
K3_M4_decile_source_cc_high_noise,2025-12,-0.02952869520987693
K3_M4_decile_source_cc_high_noise,2026-01,0.019961147642100496
K3_M4_decile_source_cc_high_noise,2026-02,-0.00032892735248952034
K3_M4_decile_source_cc_high_noise,2026-03,0.03141870522974966
K3_M4_decile_source_cc_high_noise,2026-04,-0.032392289531646086
K3_M4_quintile_actionable_oc_all,2024-11,-0.03546691623764696
K3_M4_quintile_actionable_oc_all,2024-12,-0.0240911693106593
K3_M4_quintile_actionable_oc_all,2025-01,0.009854447124217158
K3_M4_quintile_actionable_oc_all,2025-02,-0.03893471051543137
K3_M4_quintile_actionable_oc_all,2025-03,-0.006147906811771009
K3_M4_quintile_actionable_oc_all,2025-04,-0.007230015574944159
K3_M4_quintile_actionable_oc_all,2025-05,0.0039991936095931015
K3_M4_quintile_actionable_oc_all,2025-06,-0.032902028736797
K3_M4_quintile_actionable_oc_all,2025-07,-0.01651273817693962
K3_M4_quintile_actionable_oc_all,2025-08,-0.007161094118833328
K3_M4_quintile_actionable_oc_all,2025-09,-0.07756608377502136
K3_M4_quintile_actionable_oc_all,2025-10,0.00624698035937829
K3_M4_quintile_actionable_oc_all,2025-11,0.03359987795573621
K3_M4_quintile_actionable_oc_all,2025-12,-0.03785704333399073
K3_M4_quintile_actionable_oc_all,2026-01,-0.00949668317822767
K3_M4_quintile_actionable_oc_all,2026-02,-0.006568785038406489
K3_M4_quintile_actionable_oc_all,2026-03,0.03979470006039225
K3_M4_quintile_actionable_oc_all,2026-04,-0.053133549353984864
K3_M4_quintile_actionable_oc_high_market_vol,2024-11,0.0
K3_M4_quintile_actionable_oc_high_market_vol,2024-12,0.0
K3_M4_quintile_actionable_oc_high_market_vol,2025-01,0.0
K3_M4_quintile_actionable_oc_high_market_vol,2025-02,-0.02674556012491432
K3_M4_quintile_actionable_oc_high_market_vol,2025-03,0.024287205570322844
K3_M4_quintile_actionable_oc_high_market_vol,2025-04,-0.007230015574944159
K3_M4_quintile_actionable_oc_high_market_vol,2025-05,0.003571229984858678
K3_M4_quintile_actionable_oc_high_market_vol,2025-06,-0.003313349849974891
K3_M4_quintile_actionable_oc_high_market_vol,2025-07,0.0
K3_M4_quintile_actionable_oc_high_market_vol,2025-08,-0.0014841418583746474
K3_M4_quintile_actionable_oc_high_market_vol,2025-09,0.0
K3_M4_quintile_actionable_oc_high_market_vol,2025-10,0.0
K3_M4_quintile_actionable_oc_high_market_vol,2025-11,0.007362737226242144
K3_M4_quintile_actionable_oc_high_market_vol,2025-12,0.0
K3_M4_quintile_actionable_oc_high_market_vol,2026-01,0.0
K3_M4_quintile_actionable_oc_high_market_vol,2026-02,-0.005766426434394173
K3_M4_quintile_actionable_oc_high_market_vol,2026-03,0.035753914629629464
K3_M4_quintile_actionable_oc_high_market_vol,2026-04,-0.04938944396277085
K3_M4_quintile_actionable_oc_high_noise,2024-11,0.0
K3_M4_quintile_actionable_oc_high_noise,2024-12,0.0
K3_M4_quintile_actionable_oc_high_noise,2025-01,0.015401427829086918
K3_M4_quintile_actionable_oc_high_noise,2025-02,-0.021143826373335686
K3_M4_quintile_actionable_oc_high_noise,2025-03,-0.0077570796579760895
K3_M4_quintile_actionable_oc_high_noise,2025-04,0.007316639682166191
K3_M4_quintile_actionable_oc_high_noise,2025-05,-0.000761861275971944
K3_M4_quintile_actionable_oc_high_noise,2025-06,-0.0016646838948953272
K3_M4_quintile_actionable_oc_high_noise,2025-07,-0.007462283298792751
K3_M4_quintile_actionable_oc_high_noise,2025-08,0.008031342642405698
K3_M4_quintile_actionable_oc_high_noise,2025-09,-0.03130671829243666
K3_M4_quintile_actionable_oc_high_noise,2025-10,-0.017381513963286094
K3_M4_quintile_actionable_oc_high_noise,2025-11,0.00935001290769346
K3_M4_quintile_actionable_oc_high_noise,2025-12,-0.025377006550102596
K3_M4_quintile_actionable_oc_high_noise,2026-01,-0.003915775751225161
K3_M4_quintile_actionable_oc_high_noise,2026-02,-0.004360168431873293
K3_M4_quintile_actionable_oc_high_noise,2026-03,0.040898990445377446
K3_M4_quintile_actionable_oc_high_noise,2026-04,-0.022659024250578027
K3_M4_quintile_source_cc_all,2024-11,-0.03485361520044261
K3_M4_quintile_source_cc_all,2024-12,-0.023330670995860135
K3_M4_quintile_source_cc_all,2025-01,0.010591420587236533
K3_M4_quintile_source_cc_all,2025-02,-0.03795497247912512
K3_M4_quintile_source_cc_all,2025-03,-0.005753441476867441
K3_M4_quintile_source_cc_all,2025-04,-0.007415917627237298
K3_M4_quintile_source_cc_all,2025-05,0.004517872809810748
K3_M4_quintile_source_cc_all,2025-06,-0.032334771730046986
K3_M4_quintile_source_cc_all,2025-07,-0.015593469492729665
K3_M4_quintile_source_cc_all,2025-08,-0.006506160062071091
K3_M4_quintile_source_cc_all,2025-09,-0.07758154184017098
K3_M4_quintile_source_cc_all,2025-10,0.006938229978775414
K3_M4_quintile_source_cc_all,2025-11,0.03421070033943477
K3_M4_quintile_source_cc_all,2025-12,-0.0371724216242757
K3_M4_quintile_source_cc_all,2026-01,-0.009177624463136016
K3_M4_quintile_source_cc_all,2026-02,-0.0064455966367826315
K3_M4_quintile_source_cc_all,2026-03,0.041442018082535545
K3_M4_quintile_source_cc_all,2026-04,-0.053080435721707106
K3_M4_quintile_source_cc_high_market_vol,2024-11,0.0
K3_M4_quintile_source_cc_high_market_vol,2024-12,0.0
K3_M4_quintile_source_cc_high_market_vol,2025-01,0.0
K3_M4_quintile_source_cc_high_market_vol,2025-02,-0.02594898174740639
K3_M4_quintile_source_cc_high_market_vol,2025-03,0.02470402723826056
K3_M4_quintile_source_cc_high_market_vol,2025-04,-0.007415917627237298
K3_M4_quintile_source_cc_high_market_vol,2025-05,0.003918344729359098
K3_M4_quintile_source_cc_high_market_vol,2025-06,-0.003266156907288097
K3_M4_quintile_source_cc_high_market_vol,2025-07,0.0
K3_M4_quintile_source_cc_high_market_vol,2025-08,-0.0011206911637075328
K3_M4_quintile_source_cc_high_market_vol,2025-09,0.0
K3_M4_quintile_source_cc_high_market_vol,2025-10,0.0
K3_M4_quintile_source_cc_high_market_vol,2025-11,0.007822202890982398
K3_M4_quintile_source_cc_high_market_vol,2025-12,0.0
K3_M4_quintile_source_cc_high_market_vol,2026-01,0.0
K3_M4_quintile_source_cc_high_market_vol,2026-02,-0.00565352054171381
K3_M4_quintile_source_cc_high_market_vol,2026-03,0.03668909682511087
K3_M4_quintile_source_cc_high_market_vol,2026-04,-0.04928784281907293
K3_M4_quintile_source_cc_high_noise,2024-11,0.0
K3_M4_quintile_source_cc_high_noise,2024-12,0.0
K3_M4_quintile_source_cc_high_noise,2025-01,0.015981841519081615
K3_M4_quintile_source_cc_high_noise,2025-02,-0.020208218979198854
K3_M4_quintile_source_cc_high_noise,2025-03,-0.007942529728395353
K3_M4_quintile_source_cc_high_noise,2025-04,0.007549055819336725
K3_M4_quintile_source_cc_high_noise,2025-05,-0.0006109189669164764
K3_M4_quintile_source_cc_high_noise,2025-06,-0.0017391328120761151
K3_M4_quintile_source_cc_high_noise,2025-07,-0.0074550441719063686
K3_M4_quintile_source_cc_high_noise,2025-08,0.008040705546843654
K3_M4_quintile_source_cc_high_noise,2025-09,-0.0312915463091929
K3_M4_quintile_source_cc_high_noise,2025-10,-0.01715179557793637
K3_M4_quintile_source_cc_high_noise,2025-11,0.009719201099900921
K3_M4_quintile_source_cc_high_noise,2025-12,-0.024859066478737424
K3_M4_quintile_source_cc_high_noise,2026-01,-0.003697045030843219
K3_M4_quintile_source_cc_high_noise,2026-02,-0.004664698529600631
K3_M4_quintile_source_cc_high_noise,2026-03,0.041150785095123335
K3_M4_quintile_source_cc_high_noise,2026-04,-0.022692277986027427
K3_M6_decile_actionable_oc_all,2024-11,-0.0784525315900333
K3_M6_decile_actionable_oc_all,2024-12,0.010229768191254684
K3_M6_decile_actionable_oc_all,2025-01,-0.02898380775577618
K3_M6_decile_actionable_oc_all,2025-02,-0.01338515902845212
K3_M6_decile_actionable_oc_all,2025-03,-0.029042465945243536
K3_M6_decile_actionable_oc_all,2025-04,0.006637518230680994
K3_M6_decile_actionable_oc_all,2025-05,0.03969539700565555
K3_M6_decile_actionable_oc_all,2025-06,-0.0508780284508877
K3_M6_decile_actionable_oc_all,2025-07,-0.0018859080622883589
K3_M6_decile_actionable_oc_all,2025-08,-0.0038318083241038435
K3_M6_decile_actionable_oc_all,2025-09,-0.1279143777345743
K3_M6_decile_actionable_oc_all,2025-10,0.003969898604649004
K3_M6_decile_actionable_oc_all,2025-11,0.04394984919424618
K3_M6_decile_actionable_oc_all,2025-12,-0.02460524935608958
K3_M6_decile_actionable_oc_all,2026-01,-0.016031138668957112
K3_M6_decile_actionable_oc_all,2026-02,0.0440442839285296
K3_M6_decile_actionable_oc_all,2026-03,0.010024326631152823
K3_M6_decile_actionable_oc_all,2026-04,-0.08092471079699351
K3_M6_decile_actionable_oc_high_market_vol,2024-11,0.0
K3_M6_decile_actionable_oc_high_market_vol,2024-12,0.0
K3_M6_decile_actionable_oc_high_market_vol,2025-01,0.0
K3_M6_decile_actionable_oc_high_market_vol,2025-02,-0.016275946061599857
K3_M6_decile_actionable_oc_high_market_vol,2025-03,0.012817708536573703
K3_M6_decile_actionable_oc_high_market_vol,2025-04,0.006637518230680994
K3_M6_decile_actionable_oc_high_market_vol,2025-05,0.04161529648091959
K3_M6_decile_actionable_oc_high_market_vol,2025-06,-0.010367291120381535
K3_M6_decile_actionable_oc_high_market_vol,2025-07,0.0
K3_M6_decile_actionable_oc_high_market_vol,2025-08,-0.004832654927764685
K3_M6_decile_actionable_oc_high_market_vol,2025-09,0.0
K3_M6_decile_actionable_oc_high_market_vol,2025-10,0.0
K3_M6_decile_actionable_oc_high_market_vol,2025-11,-0.005067741044403858
K3_M6_decile_actionable_oc_high_market_vol,2025-12,0.0
K3_M6_decile_actionable_oc_high_market_vol,2026-01,0.0
K3_M6_decile_actionable_oc_high_market_vol,2026-02,0.048884860362493246
K3_M6_decile_actionable_oc_high_market_vol,2026-03,0.0175484726301599
K3_M6_decile_actionable_oc_high_market_vol,2026-04,-0.06871011465735154
K3_M6_decile_actionable_oc_high_noise,2024-11,0.0
K3_M6_decile_actionable_oc_high_noise,2024-12,0.0
K3_M6_decile_actionable_oc_high_noise,2025-01,-0.004169147661402745
K3_M6_decile_actionable_oc_high_noise,2025-02,-0.03864219879079449
K3_M6_decile_actionable_oc_high_noise,2025-03,-0.006229207919521508
K3_M6_decile_actionable_oc_high_noise,2025-04,0.034277070669945606
K3_M6_decile_actionable_oc_high_noise,2025-05,-0.0007052223357880182
K3_M6_decile_actionable_oc_high_noise,2025-06,-0.009874679498047517
K3_M6_decile_actionable_oc_high_noise,2025-07,-0.004291297807050343
K3_M6_decile_actionable_oc_high_noise,2025-08,0.009422983061228813
K3_M6_decile_actionable_oc_high_noise,2025-09,-0.03285951423886909
K3_M6_decile_actionable_oc_high_noise,2025-10,0.0034533009702011515
K3_M6_decile_actionable_oc_high_noise,2025-11,0.006783187208146886
K3_M6_decile_actionable_oc_high_noise,2025-12,-0.02617400365227618
K3_M6_decile_actionable_oc_high_noise,2026-01,0.019996413317606314
K3_M6_decile_actionable_oc_high_noise,2026-02,0.05339134991432012
K3_M6_decile_actionable_oc_high_noise,2026-03,0.03821058977008827
K3_M6_decile_actionable_oc_high_noise,2026-04,-0.03712875781250209
K3_M6_decile_source_cc_all,2024-11,-0.0780025372751207
K3_M6_decile_source_cc_all,2024-12,0.011159593907652948
K3_M6_decile_source_cc_all,2025-01,-0.027961375022811888
K3_M6_decile_source_cc_all,2025-02,-0.012806628965923031
K3_M6_decile_source_cc_all,2025-03,-0.027014238657533707
K3_M6_decile_source_cc_all,2025-04,0.005689372034948924
K3_M6_decile_source_cc_all,2025-05,0.040953836958990575
K3_M6_decile_source_cc_all,2025-06,-0.050249478363868616
K3_M6_decile_source_cc_all,2025-07,-0.0012520693605881901
K3_M6_decile_source_cc_all,2025-08,-0.0029409753241049427
K3_M6_decile_source_cc_all,2025-09,-0.1279804039303503
K3_M6_decile_source_cc_all,2025-10,0.004744564997431765
K3_M6_decile_source_cc_all,2025-11,0.04484446204033185
K3_M6_decile_source_cc_all,2025-12,-0.025221776325113743
K3_M6_decile_source_cc_all,2026-01,-0.015820124001394043
K3_M6_decile_source_cc_all,2026-02,0.04547635683243459
K3_M6_decile_source_cc_all,2026-03,0.010760807460687739
K3_M6_decile_source_cc_all,2026-04,-0.08087004305061565
K3_M6_decile_source_cc_high_market_vol,2024-11,0.0
K3_M6_decile_source_cc_high_market_vol,2024-12,0.0
K3_M6_decile_source_cc_high_market_vol,2025-01,0.0
K3_M6_decile_source_cc_high_market_vol,2025-02,-0.01582548288522615
K3_M6_decile_source_cc_high_market_vol,2025-03,0.014113656560888227
K3_M6_decile_source_cc_high_market_vol,2025-04,0.005689372034948924
K3_M6_decile_source_cc_high_market_vol,2025-05,0.04289368465388192
K3_M6_decile_source_cc_high_market_vol,2025-06,-0.010349722033956102
K3_M6_decile_source_cc_high_market_vol,2025-07,0.0
K3_M6_decile_source_cc_high_market_vol,2025-08,-0.004317679980763555
K3_M6_decile_source_cc_high_market_vol,2025-09,0.0
K3_M6_decile_source_cc_high_market_vol,2025-10,0.0
K3_M6_decile_source_cc_high_market_vol,2025-11,-0.004347575253102954
K3_M6_decile_source_cc_high_market_vol,2025-12,0.0
K3_M6_decile_source_cc_high_market_vol,2026-01,0.0
K3_M6_decile_source_cc_high_market_vol,2026-02,0.04992741542306839
K3_M6_decile_source_cc_high_market_vol,2026-03,0.017834920994522545
K3_M6_decile_source_cc_high_market_vol,2026-04,-0.06896682173120863
K3_M6_decile_source_cc_high_noise,2024-11,0.0
K3_M6_decile_source_cc_high_noise,2024-12,0.0
K3_M6_decile_source_cc_high_noise,2025-01,-0.0037744559542263467
K3_M6_decile_source_cc_high_noise,2025-02,-0.03763966251144847
K3_M6_decile_source_cc_high_noise,2025-03,-0.005768097397241113
K3_M6_decile_source_cc_high_noise,2025-04,0.03370002793473324
K3_M6_decile_source_cc_high_noise,2025-05,-0.00023671689323011974
K3_M6_decile_source_cc_high_noise,2025-06,-0.009876374527315702
K3_M6_decile_source_cc_high_noise,2025-07,-0.0042903119945741156
K3_M6_decile_source_cc_high_noise,2025-08,0.009585052498629697
K3_M6_decile_source_cc_high_noise,2025-09,-0.032803203297448034
K3_M6_decile_source_cc_high_noise,2025-10,0.00336010055111189
K3_M6_decile_source_cc_high_noise,2025-11,0.00697201414812226
K3_M6_decile_source_cc_high_noise,2025-12,-0.025439426479079284
K3_M6_decile_source_cc_high_noise,2026-01,0.019398761076468506
K3_M6_decile_source_cc_high_noise,2026-02,0.05390477272290746
K3_M6_decile_source_cc_high_noise,2026-03,0.03801050031168056
K3_M6_decile_source_cc_high_noise,2026-04,-0.03785876401120963
K3_M6_quintile_actionable_oc_all,2024-11,-0.038732777875472364
K3_M6_quintile_actionable_oc_all,2024-12,0.011255465804127028
K3_M6_quintile_actionable_oc_all,2025-01,-0.002627825573445806
K3_M6_quintile_actionable_oc_all,2025-02,-0.03748895073842109
K3_M6_quintile_actionable_oc_all,2025-03,-0.04538304819889497
K3_M6_quintile_actionable_oc_all,2025-04,0.0066999583094999714
K3_M6_quintile_actionable_oc_all,2025-05,0.015448879551614133
K3_M6_quintile_actionable_oc_all,2025-06,-0.013386526102492706
K3_M6_quintile_actionable_oc_all,2025-07,-0.03609827028998166
K3_M6_quintile_actionable_oc_all,2025-08,-0.007910782541801479
K3_M6_quintile_actionable_oc_all,2025-09,-0.07566845922135806
K3_M6_quintile_actionable_oc_all,2025-10,-0.0058142743439314505
K3_M6_quintile_actionable_oc_all,2025-11,0.04471038941867139
K3_M6_quintile_actionable_oc_all,2025-12,-0.03485929606548522
K3_M6_quintile_actionable_oc_all,2026-01,-0.01991078232830507
K3_M6_quintile_actionable_oc_all,2026-02,0.012082341263213489
K3_M6_quintile_actionable_oc_all,2026-03,0.03123144143917435
K3_M6_quintile_actionable_oc_all,2026-04,-0.053362541284942486
K3_M6_quintile_actionable_oc_high_market_vol,2024-11,0.0
K3_M6_quintile_actionable_oc_high_market_vol,2024-12,0.0
K3_M6_quintile_actionable_oc_high_market_vol,2025-01,0.0
K3_M6_quintile_actionable_oc_high_market_vol,2025-02,-0.008484696585709087
K3_M6_quintile_actionable_oc_high_market_vol,2025-03,-0.0020280872829297274
K3_M6_quintile_actionable_oc_high_market_vol,2025-04,0.0066999583094999714
K3_M6_quintile_actionable_oc_high_market_vol,2025-05,0.014115779226611357
K3_M6_quintile_actionable_oc_high_market_vol,2025-06,-0.009985010807419363
K3_M6_quintile_actionable_oc_high_market_vol,2025-07,0.0
K3_M6_quintile_actionable_oc_high_market_vol,2025-08,-0.002230025346837747
K3_M6_quintile_actionable_oc_high_market_vol,2025-09,0.0
K3_M6_quintile_actionable_oc_high_market_vol,2025-10,0.0
K3_M6_quintile_actionable_oc_high_market_vol,2025-11,0.00783499802744097
K3_M6_quintile_actionable_oc_high_market_vol,2025-12,0.0
K3_M6_quintile_actionable_oc_high_market_vol,2026-01,0.0
K3_M6_quintile_actionable_oc_high_market_vol,2026-02,0.01645609106591362
K3_M6_quintile_actionable_oc_high_market_vol,2026-03,0.021202546328018892
K3_M6_quintile_actionable_oc_high_market_vol,2026-04,-0.050356874965555014
K3_M6_quintile_actionable_oc_high_noise,2024-11,0.0
K3_M6_quintile_actionable_oc_high_noise,2024-12,0.0
K3_M6_quintile_actionable_oc_high_noise,2025-01,0.005125586043864785
K3_M6_quintile_actionable_oc_high_noise,2025-02,-0.025649444576773383
K3_M6_quintile_actionable_oc_high_noise,2025-03,-0.014521405656213602
K3_M6_quintile_actionable_oc_high_noise,2025-04,0.02635037945016809
K3_M6_quintile_actionable_oc_high_noise,2025-05,-0.0028753457045169483
K3_M6_quintile_actionable_oc_high_noise,2025-06,-0.0017419491939506516
K3_M6_quintile_actionable_oc_high_noise,2025-07,-0.010808333280871954
K3_M6_quintile_actionable_oc_high_noise,2025-08,0.005307717399963401
K3_M6_quintile_actionable_oc_high_noise,2025-09,-0.017149819534399074
K3_M6_quintile_actionable_oc_high_noise,2025-10,-0.009792957830701308
K3_M6_quintile_actionable_oc_high_noise,2025-11,0.008322638192864223
K3_M6_quintile_actionable_oc_high_noise,2025-12,-0.024532176972598844
K3_M6_quintile_actionable_oc_high_noise,2026-01,-0.000892170408544462
K3_M6_quintile_actionable_oc_high_noise,2026-02,0.02833435292463814
K3_M6_quintile_actionable_oc_high_noise,2026-03,0.037524909775426205
K3_M6_quintile_actionable_oc_high_noise,2026-04,-0.02385096463294134
K3_M6_quintile_source_cc_all,2024-11,-0.038248242573216816
K3_M6_quintile_source_cc_all,2024-12,0.01182337222891686
K3_M6_quintile_source_cc_all,2025-01,-0.001879717657325585
K3_M6_quintile_source_cc_all,2025-02,-0.03654003732612422
K3_M6_quintile_source_cc_all,2025-03,-0.04467830139950447
K3_M6_quintile_source_cc_all,2025-04,0.0062488237589697175
K3_M6_quintile_source_cc_all,2025-05,0.016504386331212845
K3_M6_quintile_source_cc_all,2025-06,-0.012911752856248106
K3_M6_quintile_source_cc_all,2025-07,-0.035260438373693304
K3_M6_quintile_source_cc_all,2025-08,-0.007234018084498371
K3_M6_quintile_source_cc_all,2025-09,-0.07572876955434439
K3_M6_quintile_source_cc_all,2025-10,-0.005324306244245905
K3_M6_quintile_source_cc_all,2025-11,0.0451899958216378
K3_M6_quintile_source_cc_all,2025-12,-0.034660864209968674
K3_M6_quintile_source_cc_all,2026-01,-0.019767765930388932
K3_M6_quintile_source_cc_all,2026-02,0.012258422260712833
K3_M6_quintile_source_cc_all,2026-03,0.032523526329288975
K3_M6_quintile_source_cc_all,2026-04,-0.05319932568396587
K3_M6_quintile_source_cc_high_market_vol,2024-11,0.0
K3_M6_quintile_source_cc_high_market_vol,2024-12,0.0
K3_M6_quintile_source_cc_high_market_vol,2025-01,0.0
K3_M6_quintile_source_cc_high_market_vol,2025-02,-0.007732837140450777
K3_M6_quintile_source_cc_high_market_vol,2025-03,-0.0017231994717583385
K3_M6_quintile_source_cc_high_market_vol,2025-04,0.0062488237589697175
K3_M6_quintile_source_cc_high_market_vol,2025-05,0.015029187971542738
K3_M6_quintile_source_cc_high_market_vol,2025-06,-0.009952974391982311
K3_M6_quintile_source_cc_high_market_vol,2025-07,0.0
K3_M6_quintile_source_cc_high_market_vol,2025-08,-0.0018741275309884756
K3_M6_quintile_source_cc_high_market_vol,2025-09,0.0
K3_M6_quintile_source_cc_high_market_vol,2025-10,0.0
K3_M6_quintile_source_cc_high_market_vol,2025-11,0.00820998792166173
K3_M6_quintile_source_cc_high_market_vol,2025-12,0.0
K3_M6_quintile_source_cc_high_market_vol,2026-01,0.0
K3_M6_quintile_source_cc_high_market_vol,2026-02,0.01658539406701009
K3_M6_quintile_source_cc_high_market_vol,2026-03,0.021827576360225184
K3_M6_quintile_source_cc_high_market_vol,2026-04,-0.05041607158753537
K3_M6_quintile_source_cc_high_noise,2024-11,0.0
K3_M6_quintile_source_cc_high_noise,2024-12,0.0
K3_M6_quintile_source_cc_high_noise,2025-01,0.005632715379210866
K3_M6_quintile_source_cc_high_noise,2025-02,-0.024728552061221876
K3_M6_quintile_source_cc_high_noise,2025-03,-0.014308190812061892
K3_M6_quintile_source_cc_high_noise,2025-04,0.026291020595127196
K3_M6_quintile_source_cc_high_noise,2025-05,-0.002700757010920375
K3_M6_quintile_source_cc_high_noise,2025-06,-0.0018055800703293042
K3_M6_quintile_source_cc_high_noise,2025-07,-0.010799506618758505
K3_M6_quintile_source_cc_high_noise,2025-08,0.0052865024466359324
K3_M6_quintile_source_cc_high_noise,2025-09,-0.01709420810195754
K3_M6_quintile_source_cc_high_noise,2025-10,-0.009529135590713316
K3_M6_quintile_source_cc_high_noise,2025-11,0.008364642381383628
K3_M6_quintile_source_cc_high_noise,2025-12,-0.024033736042642796
K3_M6_quintile_source_cc_high_noise,2026-01,-0.0009167736880009865
K3_M6_quintile_source_cc_high_noise,2026-02,0.02804114474310119
K3_M6_quintile_source_cc_high_noise,2026-03,0.03787109060146433
K3_M6_quintile_source_cc_high_noise,2026-04,-0.02398828466089601
K4_M1_decile_actionable_oc_all,2024-11,0.004860804049975294
K4_M1_decile_actionable_oc_all,2024-12,-0.02397657823846045
K4_M1_decile_actionable_oc_all,2025-01,-0.011471408395907096
K4_M1_decile_actionable_oc_all,2025-02,-0.03044252002242155
K4_M1_decile_actionable_oc_all,2025-03,-0.005041635453655734
K4_M1_decile_actionable_oc_all,2025-04,0.012477111378933297
K4_M1_decile_actionable_oc_all,2025-05,-0.0033048475024338624
K4_M1_decile_actionable_oc_all,2025-06,-0.04120430496099221
K4_M1_decile_actionable_oc_all,2025-07,-0.01612412075176129
K4_M1_decile_actionable_oc_all,2025-08,0.0032215415716985987
K4_M1_decile_actionable_oc_all,2025-09,-0.03872823443720495
K4_M1_decile_actionable_oc_all,2025-10,-0.0032439171210145116
K4_M1_decile_actionable_oc_all,2025-11,0.03965307011419134
K4_M1_decile_actionable_oc_all,2025-12,-0.007878060648599704
K4_M1_decile_actionable_oc_all,2026-01,0.017999672220752553
K4_M1_decile_actionable_oc_all,2026-02,-0.045569242269206535
K4_M1_decile_actionable_oc_all,2026-03,0.059966884106049986
K4_M1_decile_actionable_oc_all,2026-04,-0.022752031735728172
K4_M1_decile_actionable_oc_high_market_vol,2024-11,0.0
K4_M1_decile_actionable_oc_high_market_vol,2024-12,0.0
K4_M1_decile_actionable_oc_high_market_vol,2025-01,0.0
K4_M1_decile_actionable_oc_high_market_vol,2025-02,-0.02050908409225917
K4_M1_decile_actionable_oc_high_market_vol,2025-03,0.001191551977966668
K4_M1_decile_actionable_oc_high_market_vol,2025-04,0.012477111378933297
K4_M1_decile_actionable_oc_high_market_vol,2025-05,-0.005732080676212134
K4_M1_decile_actionable_oc_high_market_vol,2025-06,-0.0023669936271805184
K4_M1_decile_actionable_oc_high_market_vol,2025-07,0.0
K4_M1_decile_actionable_oc_high_market_vol,2025-08,-0.00030657909343751117
K4_M1_decile_actionable_oc_high_market_vol,2025-09,0.0
K4_M1_decile_actionable_oc_high_market_vol,2025-10,0.0
K4_M1_decile_actionable_oc_high_market_vol,2025-11,0.005897502843062954
K4_M1_decile_actionable_oc_high_market_vol,2025-12,0.0
K4_M1_decile_actionable_oc_high_market_vol,2026-01,0.0
K4_M1_decile_actionable_oc_high_market_vol,2026-02,-0.03675295010680145
K4_M1_decile_actionable_oc_high_market_vol,2026-03,0.027383933422727692
K4_M1_decile_actionable_oc_high_market_vol,2026-04,-0.018446169914945534
K4_M1_decile_actionable_oc_high_noise,2024-11,0.0
K4_M1_decile_actionable_oc_high_noise,2024-12,0.0
K4_M1_decile_actionable_oc_high_noise,2025-01,0.0013994368758259664
K4_M1_decile_actionable_oc_high_noise,2025-02,-0.022089716536051365
K4_M1_decile_actionable_oc_high_noise,2025-03,0.003664610700662131
K4_M1_decile_actionable_oc_high_noise,2025-04,0.013583476040736163
K4_M1_decile_actionable_oc_high_noise,2025-05,-0.0025325041161497527
K4_M1_decile_actionable_oc_high_noise,2025-06,0.00039930412599431184
K4_M1_decile_actionable_oc_high_noise,2025-07,-0.007077176696040362
K4_M1_decile_actionable_oc_high_noise,2025-08,-0.012951039143518405
K4_M1_decile_actionable_oc_high_noise,2025-09,-0.003485002932542252
K4_M1_decile_actionable_oc_high_noise,2025-10,-0.0025236330661176317
K4_M1_decile_actionable_oc_high_noise,2025-11,0.029302171172786145
K4_M1_decile_actionable_oc_high_noise,2025-12,-0.0031044607686261183
K4_M1_decile_actionable_oc_high_noise,2026-01,0.012590162937186828
K4_M1_decile_actionable_oc_high_noise,2026-02,-0.03790377339445289
K4_M1_decile_actionable_oc_high_noise,2026-03,0.03397809744878092
K4_M1_decile_actionable_oc_high_noise,2026-04,-0.0006215096976581284
K4_M1_decile_source_cc_all,2024-11,0.0071357618555228965
K4_M1_decile_source_cc_all,2024-12,-0.022896648785813985
K4_M1_decile_source_cc_all,2025-01,-0.009962663189454966
K4_M1_decile_source_cc_all,2025-02,-0.03051366843698123
K4_M1_decile_source_cc_all,2025-03,-0.0038440959360866163
K4_M1_decile_source_cc_all,2025-04,0.013503722427225869
K4_M1_decile_source_cc_all,2025-05,-0.0038195131459617367
K4_M1_decile_source_cc_all,2025-06,-0.04053494052223352
K4_M1_decile_source_cc_all,2025-07,-0.014112297914389397
K4_M1_decile_source_cc_all,2025-08,0.004414689073015838
K4_M1_decile_source_cc_all,2025-09,-0.03896927989676765
K4_M1_decile_source_cc_all,2025-10,-0.00117251760335094
K4_M1_decile_source_cc_all,2025-11,0.03985098255224208
K4_M1_decile_source_cc_all,2025-12,-0.008602841321748883
K4_M1_decile_source_cc_all,2026-01,0.01749464317468693
K4_M1_decile_source_cc_all,2026-02,-0.044238333638274764
K4_M1_decile_source_cc_all,2026-03,0.06029075233762167
K4_M1_decile_source_cc_all,2026-04,-0.021020844692064503
K4_M1_decile_source_cc_high_market_vol,2024-11,0.0
K4_M1_decile_source_cc_high_market_vol,2024-12,0.0
K4_M1_decile_source_cc_high_market_vol,2025-01,0.0
K4_M1_decile_source_cc_high_market_vol,2025-02,-0.020775820906071163
K4_M1_decile_source_cc_high_market_vol,2025-03,0.0012608003115349808
K4_M1_decile_source_cc_high_market_vol,2025-04,0.013503722427225869
K4_M1_decile_source_cc_high_market_vol,2025-05,-0.0065514692753167545
K4_M1_decile_source_cc_high_market_vol,2025-06,-0.0024754754519798416
K4_M1_decile_source_cc_high_market_vol,2025-07,0.0
K4_M1_decile_source_cc_high_market_vol,2025-08,0.0001319784401813415
K4_M1_decile_source_cc_high_market_vol,2025-09,0.0
K4_M1_decile_source_cc_high_market_vol,2025-10,0.0
K4_M1_decile_source_cc_high_market_vol,2025-11,0.006195311883562829
K4_M1_decile_source_cc_high_market_vol,2025-12,0.0
K4_M1_decile_source_cc_high_market_vol,2026-01,0.0
K4_M1_decile_source_cc_high_market_vol,2026-02,-0.03527471516961102
K4_M1_decile_source_cc_high_market_vol,2026-03,0.02842402814337286
K4_M1_decile_source_cc_high_market_vol,2026-04,-0.016970285727569208
K4_M1_decile_source_cc_high_noise,2024-11,0.0
K4_M1_decile_source_cc_high_noise,2024-12,0.0
K4_M1_decile_source_cc_high_noise,2025-01,0.0030404643550483866
K4_M1_decile_source_cc_high_noise,2025-02,-0.021541987310065798
K4_M1_decile_source_cc_high_noise,2025-03,0.0039652598137304195
K4_M1_decile_source_cc_high_noise,2025-04,0.014015016465807799
K4_M1_decile_source_cc_high_noise,2025-05,-0.003158482758273814
K4_M1_decile_source_cc_high_noise,2025-06,0.00031086137069660097
K4_M1_decile_source_cc_high_noise,2025-07,-0.0070550198827225635
K4_M1_decile_source_cc_high_noise,2025-08,-0.012167531413981539
K4_M1_decile_source_cc_high_noise,2025-09,-0.00379410484686049
K4_M1_decile_source_cc_high_noise,2025-10,-0.0022788792479729327
K4_M1_decile_source_cc_high_noise,2025-11,0.029765983474090978
K4_M1_decile_source_cc_high_noise,2025-12,-0.0034385937095085866
K4_M1_decile_source_cc_high_noise,2026-01,0.01245801151430443
K4_M1_decile_source_cc_high_noise,2026-02,-0.03728900814065588
K4_M1_decile_source_cc_high_noise,2026-03,0.034850807080564684
K4_M1_decile_source_cc_high_noise,2026-04,-4.7041681109938685e-05
K4_M1_quintile_actionable_oc_all,2024-11,0.002781391487116208
K4_M1_quintile_actionable_oc_all,2024-12,-0.023254388521460796
K4_M1_quintile_actionable_oc_all,2025-01,0.002526668063772663
K4_M1_quintile_actionable_oc_all,2025-02,-0.017945061145031478
K4_M1_quintile_actionable_oc_all,2025-03,0.002353486608049263
K4_M1_quintile_actionable_oc_all,2025-04,0.017511845807565846
K4_M1_quintile_actionable_oc_all,2025-05,-0.0013281594453367612
K4_M1_quintile_actionable_oc_all,2025-06,-0.03104564563546137
K4_M1_quintile_actionable_oc_all,2025-07,-0.002987596342884227
K4_M1_quintile_actionable_oc_all,2025-08,0.007927120472913891
K4_M1_quintile_actionable_oc_all,2025-09,-0.008902657518750563
K4_M1_quintile_actionable_oc_all,2025-10,-0.008497920566132857
K4_M1_quintile_actionable_oc_all,2025-11,0.02901570181817424
K4_M1_quintile_actionable_oc_all,2025-12,-0.016351793886169107
K4_M1_quintile_actionable_oc_all,2026-01,-0.004362461887485617
K4_M1_quintile_actionable_oc_all,2026-02,-0.02148740526427561
K4_M1_quintile_actionable_oc_all,2026-03,0.041119266686068155
K4_M1_quintile_actionable_oc_all,2026-04,-0.016939761611739813
K4_M1_quintile_actionable_oc_high_market_vol,2024-11,0.0
K4_M1_quintile_actionable_oc_high_market_vol,2024-12,0.0
K4_M1_quintile_actionable_oc_high_market_vol,2025-01,0.0
K4_M1_quintile_actionable_oc_high_market_vol,2025-02,-0.015626504607354465
K4_M1_quintile_actionable_oc_high_market_vol,2025-03,0.007089500592985695
K4_M1_quintile_actionable_oc_high_market_vol,2025-04,0.017511845807565846
K4_M1_quintile_actionable_oc_high_market_vol,2025-05,-0.0027811805778935805
K4_M1_quintile_actionable_oc_high_market_vol,2025-06,0.00018512436058847862
K4_M1_quintile_actionable_oc_high_market_vol,2025-07,0.0
K4_M1_quintile_actionable_oc_high_market_vol,2025-08,-0.0018520355811122529
K4_M1_quintile_actionable_oc_high_market_vol,2025-09,0.0
K4_M1_quintile_actionable_oc_high_market_vol,2025-10,0.0
K4_M1_quintile_actionable_oc_high_market_vol,2025-11,0.008172064866226741
K4_M1_quintile_actionable_oc_high_market_vol,2025-12,0.0
K4_M1_quintile_actionable_oc_high_market_vol,2026-01,0.0
K4_M1_quintile_actionable_oc_high_market_vol,2026-02,-0.02019212978815812
K4_M1_quintile_actionable_oc_high_market_vol,2026-03,0.01717202935945096
K4_M1_quintile_actionable_oc_high_market_vol,2026-04,-0.019353757374896537
K4_M1_quintile_actionable_oc_high_noise,2024-11,0.0
K4_M1_quintile_actionable_oc_high_noise,2024-12,0.0
K4_M1_quintile_actionable_oc_high_noise,2025-01,0.00855339581703422
K4_M1_quintile_actionable_oc_high_noise,2025-02,-0.009188161335402059
K4_M1_quintile_actionable_oc_high_noise,2025-03,0.010893049019747076
K4_M1_quintile_actionable_oc_high_noise,2025-04,0.01604768412889951
K4_M1_quintile_actionable_oc_high_noise,2025-05,-0.0025095488115818997
K4_M1_quintile_actionable_oc_high_noise,2025-06,0.00031489224324436
K4_M1_quintile_actionable_oc_high_noise,2025-07,-0.007394114464138509
K4_M1_quintile_actionable_oc_high_noise,2025-08,-0.008908890654929344
K4_M1_quintile_actionable_oc_high_noise,2025-09,0.0038884582409871517
K4_M1_quintile_actionable_oc_high_noise,2025-10,-0.008848446197012475
K4_M1_quintile_actionable_oc_high_noise,2025-11,0.018032385242541672
K4_M1_quintile_actionable_oc_high_noise,2025-12,-0.008201412315608196
K4_M1_quintile_actionable_oc_high_noise,2026-01,0.003870150488748735
K4_M1_quintile_actionable_oc_high_noise,2026-02,-0.016817149846767902
K4_M1_quintile_actionable_oc_high_noise,2026-03,0.017397437181283986
K4_M1_quintile_actionable_oc_high_noise,2026-04,-0.0048719813964800815
K4_M1_quintile_source_cc_all,2024-11,0.004343285577105589
K4_M1_quintile_source_cc_all,2024-12,-0.02307619579850133
K4_M1_quintile_source_cc_all,2025-01,0.0036125362029099982
K4_M1_quintile_source_cc_all,2025-02,-0.017736982188707943
K4_M1_quintile_source_cc_all,2025-03,0.003824261046376668
K4_M1_quintile_source_cc_all,2025-04,0.01957936330829776
K4_M1_quintile_source_cc_all,2025-05,-0.001976323020336166
K4_M1_quintile_source_cc_all,2025-06,-0.030532754385145185
K4_M1_quintile_source_cc_all,2025-07,-0.0011280873674811387
K4_M1_quintile_source_cc_all,2025-08,0.008967629184201215
K4_M1_quintile_source_cc_all,2025-09,-0.009134285462651902
K4_M1_quintile_source_cc_all,2025-10,-0.0071253579965926414
K4_M1_quintile_source_cc_all,2025-11,0.029181764801176742
K4_M1_quintile_source_cc_all,2025-12,-0.016502233759481958
K4_M1_quintile_source_cc_all,2026-01,-0.004243465780946519
K4_M1_quintile_source_cc_all,2026-02,-0.02031423044648601
K4_M1_quintile_source_cc_all,2026-03,0.04233068520464934
K4_M1_quintile_source_cc_all,2026-04,-0.016113884869280875
K4_M1_quintile_source_cc_high_market_vol,2024-11,0.0
K4_M1_quintile_source_cc_high_market_vol,2024-12,0.0
K4_M1_quintile_source_cc_high_market_vol,2025-01,0.0
K4_M1_quintile_source_cc_high_market_vol,2025-02,-0.01545834574154431
K4_M1_quintile_source_cc_high_market_vol,2025-03,0.0076168160223474436
K4_M1_quintile_source_cc_high_market_vol,2025-04,0.01957936330829776
K4_M1_quintile_source_cc_high_market_vol,2025-05,-0.003456867256032068
K4_M1_quintile_source_cc_high_market_vol,2025-06,8.312541235690733e-05
K4_M1_quintile_source_cc_high_market_vol,2025-07,0.0
K4_M1_quintile_source_cc_high_market_vol,2025-08,-0.0014136462819012805
K4_M1_quintile_source_cc_high_market_vol,2025-09,0.0
K4_M1_quintile_source_cc_high_market_vol,2025-10,0.0
K4_M1_quintile_source_cc_high_market_vol,2025-11,0.008357959677609229
K4_M1_quintile_source_cc_high_market_vol,2025-12,0.0
K4_M1_quintile_source_cc_high_market_vol,2026-01,0.0
K4_M1_quintile_source_cc_high_market_vol,2026-02,-0.018947726423859963
K4_M1_quintile_source_cc_high_market_vol,2026-03,0.018052168319337855
K4_M1_quintile_source_cc_high_market_vol,2026-04,-0.018612178314556797
K4_M1_quintile_source_cc_high_noise,2024-11,0.0
K4_M1_quintile_source_cc_high_noise,2024-12,0.0
K4_M1_quintile_source_cc_high_noise,2025-01,0.009230133288041027
K4_M1_quintile_source_cc_high_noise,2025-02,-0.008950646270106664
K4_M1_quintile_source_cc_high_noise,2025-03,0.011512262990207418
K4_M1_quintile_source_cc_high_noise,2025-04,0.017040915750802233
K4_M1_quintile_source_cc_high_noise,2025-05,-0.0027889314615777445
K4_M1_quintile_source_cc_high_noise,2025-06,7.838999855023306e-05
K4_M1_quintile_source_cc_high_noise,2025-07,-0.007261310535382819
K4_M1_quintile_source_cc_high_noise,2025-08,-0.008353760525318821
K4_M1_quintile_source_cc_high_noise,2025-09,0.003680533196462202
K4_M1_quintile_source_cc_high_noise,2025-10,-0.008768944172494735
K4_M1_quintile_source_cc_high_noise,2025-11,0.018429277145447214
K4_M1_quintile_source_cc_high_noise,2025-12,-0.00831359047777315
K4_M1_quintile_source_cc_high_noise,2026-01,0.004158566498778875
K4_M1_quintile_source_cc_high_noise,2026-02,-0.01651468047161678
K4_M1_quintile_source_cc_high_noise,2026-03,0.018276037440692765
K4_M1_quintile_source_cc_high_noise,2026-04,-0.004532344876845891
K4_M2_decile_actionable_oc_all,2024-11,0.0013814630387437646
K4_M2_decile_actionable_oc_all,2024-12,-0.037301763740150845
K4_M2_decile_actionable_oc_all,2025-01,-0.0049419047327614336
K4_M2_decile_actionable_oc_all,2025-02,-0.05445484976684043
K4_M2_decile_actionable_oc_all,2025-03,-0.003760039035481745
K4_M2_decile_actionable_oc_all,2025-04,-0.00398328654460136
K4_M2_decile_actionable_oc_all,2025-05,-0.0025601591645968624
K4_M2_decile_actionable_oc_all,2025-06,-0.046303640730948524
K4_M2_decile_actionable_oc_all,2025-07,-0.02968141572898977
K4_M2_decile_actionable_oc_all,2025-08,0.00019356983008625168
K4_M2_decile_actionable_oc_all,2025-09,-0.08518107837925248
K4_M2_decile_actionable_oc_all,2025-10,0.012808411467281748
K4_M2_decile_actionable_oc_all,2025-11,0.04622501835861567
K4_M2_decile_actionable_oc_all,2025-12,-0.038871257918443404
K4_M2_decile_actionable_oc_all,2026-01,0.010844703799038933
K4_M2_decile_actionable_oc_all,2026-02,-0.06472702666950306
K4_M2_decile_actionable_oc_all,2026-03,0.08051791380318676
K4_M2_decile_actionable_oc_all,2026-04,-0.017946629956226305
K4_M2_decile_actionable_oc_high_market_vol,2024-11,0.0
K4_M2_decile_actionable_oc_high_market_vol,2024-12,0.0
K4_M2_decile_actionable_oc_high_market_vol,2025-01,0.0
K4_M2_decile_actionable_oc_high_market_vol,2025-02,-0.0439361516901629
K4_M2_decile_actionable_oc_high_market_vol,2025-03,0.010344669924412627
K4_M2_decile_actionable_oc_high_market_vol,2025-04,-0.00398328654460136
K4_M2_decile_actionable_oc_high_market_vol,2025-05,-0.008717038297600649
K4_M2_decile_actionable_oc_high_market_vol,2025-06,-0.004462204652481618
K4_M2_decile_actionable_oc_high_market_vol,2025-07,0.0
K4_M2_decile_actionable_oc_high_market_vol,2025-08,-0.007112083792253971
K4_M2_decile_actionable_oc_high_market_vol,2025-09,0.0
K4_M2_decile_actionable_oc_high_market_vol,2025-10,0.0
K4_M2_decile_actionable_oc_high_market_vol,2025-11,-0.0003042346084646992
K4_M2_decile_actionable_oc_high_market_vol,2025-12,0.0
K4_M2_decile_actionable_oc_high_market_vol,2026-01,0.0
K4_M2_decile_actionable_oc_high_market_vol,2026-02,-0.060901974130716435
K4_M2_decile_actionable_oc_high_market_vol,2026-03,0.04237815525552216
K4_M2_decile_actionable_oc_high_market_vol,2026-04,-0.016906953449233507
K4_M2_decile_actionable_oc_high_noise,2024-11,0.0
K4_M2_decile_actionable_oc_high_noise,2024-12,0.0
K4_M2_decile_actionable_oc_high_noise,2025-01,0.002131667300791978
K4_M2_decile_actionable_oc_high_noise,2025-02,-0.02765841674898615
K4_M2_decile_actionable_oc_high_noise,2025-03,-0.0035963718314720276
K4_M2_decile_actionable_oc_high_noise,2025-04,-0.0020704537805240736
K4_M2_decile_actionable_oc_high_noise,2025-05,0.012627891889684103
K4_M2_decile_actionable_oc_high_noise,2025-06,0.008827567704978424
K4_M2_decile_actionable_oc_high_noise,2025-07,-0.007257725329092167
K4_M2_decile_actionable_oc_high_noise,2025-08,-0.007301726588412637
K4_M2_decile_actionable_oc_high_noise,2025-09,-0.009664298724053274
K4_M2_decile_actionable_oc_high_noise,2025-10,0.009140419275249341
K4_M2_decile_actionable_oc_high_noise,2025-11,0.016008581005523183
K4_M2_decile_actionable_oc_high_noise,2025-12,-0.018203072792900468
K4_M2_decile_actionable_oc_high_noise,2026-01,0.007371648339382856
K4_M2_decile_actionable_oc_high_noise,2026-02,-0.043011611565359466
K4_M2_decile_actionable_oc_high_noise,2026-03,0.04919470081007525
K4_M2_decile_actionable_oc_high_noise,2026-04,0.0007834839509125516
K4_M2_decile_source_cc_all,2024-11,0.0034923071620589644
K4_M2_decile_source_cc_all,2024-12,-0.03638872919323361
K4_M2_decile_source_cc_all,2025-01,-0.0029346961025362925
K4_M2_decile_source_cc_all,2025-02,-0.054597265269951616
K4_M2_decile_source_cc_all,2025-03,-0.002591818513367561
K4_M2_decile_source_cc_all,2025-04,-0.003715256246920629
K4_M2_decile_source_cc_all,2025-05,-0.002895524095825822
K4_M2_decile_source_cc_all,2025-06,-0.04587735964335375
K4_M2_decile_source_cc_all,2025-07,-0.027866769854085663
K4_M2_decile_source_cc_all,2025-08,0.0008124130970352558
K4_M2_decile_source_cc_all,2025-09,-0.08551513593165153
K4_M2_decile_source_cc_all,2025-10,0.014725751399849676
K4_M2_decile_source_cc_all,2025-11,0.046698866372712665
K4_M2_decile_source_cc_all,2025-12,-0.03970941458346786
K4_M2_decile_source_cc_all,2026-01,0.010823124349274965
K4_M2_decile_source_cc_all,2026-02,-0.06334960090883719
K4_M2_decile_source_cc_all,2026-03,0.08044229067854419
K4_M2_decile_source_cc_all,2026-04,-0.016916109099698293
K4_M2_decile_source_cc_high_market_vol,2024-11,0.0
K4_M2_decile_source_cc_high_market_vol,2024-12,0.0
K4_M2_decile_source_cc_high_market_vol,2025-01,0.0
K4_M2_decile_source_cc_high_market_vol,2025-02,-0.04416228143405578
K4_M2_decile_source_cc_high_market_vol,2025-03,0.0105135637381186
K4_M2_decile_source_cc_high_market_vol,2025-04,-0.003715256246920629
K4_M2_decile_source_cc_high_market_vol,2025-05,-0.009267405257985993
K4_M2_decile_source_cc_high_market_vol,2025-06,-0.004600935452813886
K4_M2_decile_source_cc_high_market_vol,2025-07,0.0
K4_M2_decile_source_cc_high_market_vol,2025-08,-0.007049635810872113
K4_M2_decile_source_cc_high_market_vol,2025-09,0.0
K4_M2_decile_source_cc_high_market_vol,2025-10,0.0
K4_M2_decile_source_cc_high_market_vol,2025-11,-0.00010415931502731277
K4_M2_decile_source_cc_high_market_vol,2025-12,0.0
K4_M2_decile_source_cc_high_market_vol,2026-01,0.0
K4_M2_decile_source_cc_high_market_vol,2026-02,-0.0593994669587507
K4_M2_decile_source_cc_high_market_vol,2026-03,0.04310197894173621
K4_M2_decile_source_cc_high_market_vol,2026-04,-0.01593159090099725
K4_M2_decile_source_cc_high_noise,2024-11,0.0
K4_M2_decile_source_cc_high_noise,2024-12,0.0
K4_M2_decile_source_cc_high_noise,2025-01,0.003813825410508862
K4_M2_decile_source_cc_high_noise,2025-02,-0.02714448327779481
K4_M2_decile_source_cc_high_noise,2025-03,-0.003763213879018926
K4_M2_decile_source_cc_high_noise,2025-04,-0.0021388817542842328
K4_M2_decile_source_cc_high_noise,2025-05,0.012141980116357951
K4_M2_decile_source_cc_high_noise,2025-06,0.008892177485720687
K4_M2_decile_source_cc_high_noise,2025-07,-0.007283962567487416
K4_M2_decile_source_cc_high_noise,2025-08,-0.006742441022740019
K4_M2_decile_source_cc_high_noise,2025-09,-0.009961352389467769
K4_M2_decile_source_cc_high_noise,2025-10,0.009206403650073467
K4_M2_decile_source_cc_high_noise,2025-11,0.0167030185520438
K4_M2_decile_source_cc_high_noise,2025-12,-0.018404029457540563
K4_M2_decile_source_cc_high_noise,2026-01,0.007251976448195866
K4_M2_decile_source_cc_high_noise,2026-02,-0.0426106944776956
K4_M2_decile_source_cc_high_noise,2026-03,0.0498465853114241
K4_M2_decile_source_cc_high_noise,2026-04,0.0009970463227872888
K4_M2_quintile_actionable_oc_all,2024-11,-0.006150275247703777
K4_M2_quintile_actionable_oc_all,2024-12,-0.0272311417751302
K4_M2_quintile_actionable_oc_all,2025-01,0.0025848820066057044
K4_M2_quintile_actionable_oc_all,2025-02,-0.02944877863193602
K4_M2_quintile_actionable_oc_all,2025-03,-0.01303942966110573
K4_M2_quintile_actionable_oc_all,2025-04,0.009640859267655733
K4_M2_quintile_actionable_oc_all,2025-05,0.002559718464738093
K4_M2_quintile_actionable_oc_all,2025-06,-0.021654912938660204
K4_M2_quintile_actionable_oc_all,2025-07,-0.004343580646349222
K4_M2_quintile_actionable_oc_all,2025-08,0.0036549976187831325
K4_M2_quintile_actionable_oc_all,2025-09,-0.037901836836273496
K4_M2_quintile_actionable_oc_all,2025-10,0.008173460765326815
K4_M2_quintile_actionable_oc_all,2025-11,0.036351574810799515
K4_M2_quintile_actionable_oc_all,2025-12,-0.03823964842732416
K4_M2_quintile_actionable_oc_all,2026-01,-0.0038633132742520076
K4_M2_quintile_actionable_oc_all,2026-02,-0.032100336020728336
K4_M2_quintile_actionable_oc_all,2026-03,0.05886009372814752
K4_M2_quintile_actionable_oc_all,2026-04,-0.014834947559800582
K4_M2_quintile_actionable_oc_high_market_vol,2024-11,0.0
K4_M2_quintile_actionable_oc_high_market_vol,2024-12,0.0
K4_M2_quintile_actionable_oc_high_market_vol,2025-01,0.0
K4_M2_quintile_actionable_oc_high_market_vol,2025-02,-0.027954538057963964
K4_M2_quintile_actionable_oc_high_market_vol,2025-03,0.010974076129417008
K4_M2_quintile_actionable_oc_high_market_vol,2025-04,0.009640859267655733
K4_M2_quintile_actionable_oc_high_market_vol,2025-05,0.0019351267805375947
K4_M2_quintile_actionable_oc_high_market_vol,2025-06,-0.0020261769972240015
K4_M2_quintile_actionable_oc_high_market_vol,2025-07,0.0
K4_M2_quintile_actionable_oc_high_market_vol,2025-08,-0.006120163502276405
K4_M2_quintile_actionable_oc_high_market_vol,2025-09,0.0
K4_M2_quintile_actionable_oc_high_market_vol,2025-10,0.0
K4_M2_quintile_actionable_oc_high_market_vol,2025-11,0.007748623863932615
K4_M2_quintile_actionable_oc_high_market_vol,2025-12,0.0
K4_M2_quintile_actionable_oc_high_market_vol,2026-01,0.0
K4_M2_quintile_actionable_oc_high_market_vol,2026-02,-0.03195746953083417
K4_M2_quintile_actionable_oc_high_market_vol,2026-03,0.029306741448790585
K4_M2_quintile_actionable_oc_high_market_vol,2026-04,-0.022708832277315245
K4_M2_quintile_actionable_oc_high_noise,2024-11,0.0
K4_M2_quintile_actionable_oc_high_noise,2024-12,0.0
K4_M2_quintile_actionable_oc_high_noise,2025-01,0.006912741127221922
K4_M2_quintile_actionable_oc_high_noise,2025-02,-0.01937617019759906
K4_M2_quintile_actionable_oc_high_noise,2025-03,-0.009061905022566274
K4_M2_quintile_actionable_oc_high_noise,2025-04,0.0019973097267857332
K4_M2_quintile_actionable_oc_high_noise,2025-05,0.005052201415391349
K4_M2_quintile_actionable_oc_high_noise,2025-06,0.007732589759051697
K4_M2_quintile_actionable_oc_high_noise,2025-07,-0.005758563653426469
K4_M2_quintile_actionable_oc_high_noise,2025-08,-0.004653904586469073
K4_M2_quintile_actionable_oc_high_noise,2025-09,-0.004283949702974464
K4_M2_quintile_actionable_oc_high_noise,2025-10,5.274331300666058e-05
K4_M2_quintile_actionable_oc_high_noise,2025-11,0.016034328559700477
K4_M2_quintile_actionable_oc_high_noise,2025-12,-0.01936223961082996
K4_M2_quintile_actionable_oc_high_noise,2026-01,-0.0016889901766478238
K4_M2_quintile_actionable_oc_high_noise,2026-02,-0.024201909156273772
K4_M2_quintile_actionable_oc_high_noise,2026-03,0.03169412582623746
K4_M2_quintile_actionable_oc_high_noise,2026-04,-0.005082802331785156
K4_M2_quintile_source_cc_all,2024-11,-0.0046479491285930374
K4_M2_quintile_source_cc_all,2024-12,-0.027136538655502127
K4_M2_quintile_source_cc_all,2025-01,0.00385695658974833
K4_M2_quintile_source_cc_all,2025-02,-0.029309498092305222
K4_M2_quintile_source_cc_all,2025-03,-0.011716207922584852
K4_M2_quintile_source_cc_all,2025-04,0.011102741944338784
K4_M2_quintile_source_cc_all,2025-05,0.0020082715941224893
K4_M2_quintile_source_cc_all,2025-06,-0.021121532425754905
K4_M2_quintile_source_cc_all,2025-07,-0.0026608716092849285
K4_M2_quintile_source_cc_all,2025-08,0.004345867733604692
K4_M2_quintile_source_cc_all,2025-09,-0.0381234574015423
K4_M2_quintile_source_cc_all,2025-10,0.009429285523259456
K4_M2_quintile_source_cc_all,2025-11,0.03663424124364406
K4_M2_quintile_source_cc_all,2025-12,-0.03848111891451829
K4_M2_quintile_source_cc_all,2026-01,-0.0035117761775651
K4_M2_quintile_source_cc_all,2026-02,-0.031031817662613044
K4_M2_quintile_source_cc_all,2026-03,0.059777564735005805
K4_M2_quintile_source_cc_all,2026-04,-0.014408029766106075
K4_M2_quintile_source_cc_high_market_vol,2024-11,0.0
K4_M2_quintile_source_cc_high_market_vol,2024-12,0.0
K4_M2_quintile_source_cc_high_market_vol,2025-01,0.0
K4_M2_quintile_source_cc_high_market_vol,2025-02,-0.02769957009810206
K4_M2_quintile_source_cc_high_market_vol,2025-03,0.011500182383467599
K4_M2_quintile_source_cc_high_market_vol,2025-04,0.011102741944338784
K4_M2_quintile_source_cc_high_market_vol,2025-05,0.001395847922855764
K4_M2_quintile_source_cc_high_market_vol,2025-06,-0.002125453958192735
K4_M2_quintile_source_cc_high_market_vol,2025-07,0.0
K4_M2_quintile_source_cc_high_market_vol,2025-08,-0.005862982016776377
K4_M2_quintile_source_cc_high_market_vol,2025-09,0.0
K4_M2_quintile_source_cc_high_market_vol,2025-10,0.0
K4_M2_quintile_source_cc_high_market_vol,2025-11,0.00787125314496121
K4_M2_quintile_source_cc_high_market_vol,2025-12,0.0
K4_M2_quintile_source_cc_high_market_vol,2026-01,0.0
K4_M2_quintile_source_cc_high_market_vol,2026-02,-0.030837841590519645
K4_M2_quintile_source_cc_high_market_vol,2026-03,0.029998084768882213
K4_M2_quintile_source_cc_high_market_vol,2026-04,-0.022233164875139086
K4_M2_quintile_source_cc_high_noise,2024-11,0.0
K4_M2_quintile_source_cc_high_noise,2024-12,0.0
K4_M2_quintile_source_cc_high_noise,2025-01,0.007609390628294479
K4_M2_quintile_source_cc_high_noise,2025-02,-0.019141204636720692
K4_M2_quintile_source_cc_high_noise,2025-03,-0.00877311397834493
K4_M2_quintile_source_cc_high_noise,2025-04,0.0025574956496316062
K4_M2_quintile_source_cc_high_noise,2025-05,0.004864871490650908
K4_M2_quintile_source_cc_high_noise,2025-06,0.0075937600771819455
K4_M2_quintile_source_cc_high_noise,2025-07,-0.005710159131282184
K4_M2_quintile_source_cc_high_noise,2025-08,-0.0042644517321764235
K4_M2_quintile_source_cc_high_noise,2025-09,-0.004465303797351701
K4_M2_quintile_source_cc_high_noise,2025-10,6.784434450991545e-05
K4_M2_quintile_source_cc_high_noise,2025-11,0.016584538594569497
K4_M2_quintile_source_cc_high_noise,2025-12,-0.01941202253961685
K4_M2_quintile_source_cc_high_noise,2026-01,-0.0014459856067267373
K4_M2_quintile_source_cc_high_noise,2026-02,-0.024130050392588705
K4_M2_quintile_source_cc_high_noise,2026-03,0.032302931005645866
K4_M2_quintile_source_cc_high_noise,2026-04,-0.0049199165622513885
K4_M3_decile_actionable_oc_all,2024-11,-0.03148565377260748
K4_M3_decile_actionable_oc_all,2024-12,-0.031450192959012434
K4_M3_decile_actionable_oc_all,2025-01,0.012635996215349603
K4_M3_decile_actionable_oc_all,2025-02,-0.049396019006656695
K4_M3_decile_actionable_oc_all,2025-03,-0.0007264469617209316
K4_M3_decile_actionable_oc_all,2025-04,-0.004079088429080175
K4_M3_decile_actionable_oc_all,2025-05,0.029643994605343463
K4_M3_decile_actionable_oc_all,2025-06,-0.05639910922111978
K4_M3_decile_actionable_oc_all,2025-07,-0.02452880000104094
K4_M3_decile_actionable_oc_all,2025-08,-0.0021900067824218513
K4_M3_decile_actionable_oc_all,2025-09,-0.11702886235173729
K4_M3_decile_actionable_oc_all,2025-10,0.04913381350069057
K4_M3_decile_actionable_oc_all,2025-11,0.053641920421970746
K4_M3_decile_actionable_oc_all,2025-12,-0.05781003188127904
K4_M3_decile_actionable_oc_all,2026-01,0.006862468061713885
K4_M3_decile_actionable_oc_all,2026-02,-0.03314698112589555
K4_M3_decile_actionable_oc_all,2026-03,0.04998311535257953
K4_M3_decile_actionable_oc_all,2026-04,-0.019034714248211876
K4_M3_decile_actionable_oc_high_market_vol,2024-11,0.0
K4_M3_decile_actionable_oc_high_market_vol,2024-12,0.0
K4_M3_decile_actionable_oc_high_market_vol,2025-01,0.0
K4_M3_decile_actionable_oc_high_market_vol,2025-02,-0.044589476827342885
K4_M3_decile_actionable_oc_high_market_vol,2025-03,0.011897436828969103
K4_M3_decile_actionable_oc_high_market_vol,2025-04,-0.004079088429080175
K4_M3_decile_actionable_oc_high_market_vol,2025-05,0.02474838561942575
K4_M3_decile_actionable_oc_high_market_vol,2025-06,-0.0006429343638058023
K4_M3_decile_actionable_oc_high_market_vol,2025-07,0.0
K4_M3_decile_actionable_oc_high_market_vol,2025-08,-0.008694902724440751
K4_M3_decile_actionable_oc_high_market_vol,2025-09,0.0
K4_M3_decile_actionable_oc_high_market_vol,2025-10,0.0
K4_M3_decile_actionable_oc_high_market_vol,2025-11,-0.00035472867958101506
K4_M3_decile_actionable_oc_high_market_vol,2025-12,0.0
K4_M3_decile_actionable_oc_high_market_vol,2026-01,0.0
K4_M3_decile_actionable_oc_high_market_vol,2026-02,-0.03167997629615755
K4_M3_decile_actionable_oc_high_market_vol,2026-03,0.034621780708704544
K4_M3_decile_actionable_oc_high_market_vol,2026-04,-0.01163190537774943
K4_M3_decile_actionable_oc_high_noise,2024-11,0.0
K4_M3_decile_actionable_oc_high_noise,2024-12,0.0
K4_M3_decile_actionable_oc_high_noise,2025-01,0.009919921068747886
K4_M3_decile_actionable_oc_high_noise,2025-02,-0.033415945696256576
K4_M3_decile_actionable_oc_high_noise,2025-03,-0.02013101719358097
K4_M3_decile_actionable_oc_high_noise,2025-04,0.0042978516602212875
K4_M3_decile_actionable_oc_high_noise,2025-05,0.025388469208649768
K4_M3_decile_actionable_oc_high_noise,2025-06,-0.004925223165072957
K4_M3_decile_actionable_oc_high_noise,2025-07,-0.002033136877092139
K4_M3_decile_actionable_oc_high_noise,2025-08,-0.005743266087347899
K4_M3_decile_actionable_oc_high_noise,2025-09,-0.0481562034256872
K4_M3_decile_actionable_oc_high_noise,2025-10,0.014997096682575886
K4_M3_decile_actionable_oc_high_noise,2025-11,0.009258249562394866
K4_M3_decile_actionable_oc_high_noise,2025-12,-0.027648184297382257
K4_M3_decile_actionable_oc_high_noise,2026-01,0.009182376330023872
K4_M3_decile_actionable_oc_high_noise,2026-02,-0.030284753359746154
K4_M3_decile_actionable_oc_high_noise,2026-03,0.03168022562341045
K4_M3_decile_actionable_oc_high_noise,2026-04,0.010781911278928453
K4_M3_decile_source_cc_all,2024-11,-0.029507117745720908
K4_M3_decile_source_cc_all,2024-12,-0.030428857997067373
K4_M3_decile_source_cc_all,2025-01,0.014705173636866388
K4_M3_decile_source_cc_all,2025-02,-0.04963200268557146
K4_M3_decile_source_cc_all,2025-03,0.0004484325124694752
K4_M3_decile_source_cc_all,2025-04,-0.003413310502352492
K4_M3_decile_source_cc_all,2025-05,0.029523657009118708
K4_M3_decile_source_cc_all,2025-06,-0.056074556252121696
K4_M3_decile_source_cc_all,2025-07,-0.0227922885806333
K4_M3_decile_source_cc_all,2025-08,-0.0017956875228724981
K4_M3_decile_source_cc_all,2025-09,-0.11726864293584863
K4_M3_decile_source_cc_all,2025-10,0.05112033691368322
K4_M3_decile_source_cc_all,2025-11,0.05378257200401964
K4_M3_decile_source_cc_all,2025-12,-0.05844052134352137
K4_M3_decile_source_cc_all,2026-01,0.006797919800317596
K4_M3_decile_source_cc_all,2026-02,-0.03224818397337716
K4_M3_decile_source_cc_all,2026-03,0.05016168452552391
K4_M3_decile_source_cc_all,2026-04,-0.017472233556650854
K4_M3_decile_source_cc_high_market_vol,2024-11,0.0
K4_M3_decile_source_cc_high_market_vol,2024-12,0.0
K4_M3_decile_source_cc_high_market_vol,2025-01,0.0
K4_M3_decile_source_cc_high_market_vol,2025-02,-0.04476769648529601
K4_M3_decile_source_cc_high_market_vol,2025-03,0.012091705045399598
K4_M3_decile_source_cc_high_market_vol,2025-04,-0.003413310502352492
K4_M3_decile_source_cc_high_market_vol,2025-05,0.02435924212990726
K4_M3_decile_source_cc_high_market_vol,2025-06,-0.0007860768253555167
K4_M3_decile_source_cc_high_market_vol,2025-07,0.0
K4_M3_decile_source_cc_high_market_vol,2025-08,-0.008536594388347873
K4_M3_decile_source_cc_high_market_vol,2025-09,0.0
K4_M3_decile_source_cc_high_market_vol,2025-10,0.0
K4_M3_decile_source_cc_high_market_vol,2025-11,-6.933470798346254e-05
K4_M3_decile_source_cc_high_market_vol,2025-12,0.0
K4_M3_decile_source_cc_high_market_vol,2026-01,0.0
K4_M3_decile_source_cc_high_market_vol,2026-02,-0.030793876069325855
K4_M3_decile_source_cc_high_market_vol,2026-03,0.03561800732190205
K4_M3_decile_source_cc_high_market_vol,2026-04,-0.010413583000146533
K4_M3_decile_source_cc_high_noise,2024-11,0.0
K4_M3_decile_source_cc_high_noise,2024-12,0.0
K4_M3_decile_source_cc_high_noise,2025-01,0.011640285976457807
K4_M3_decile_source_cc_high_noise,2025-02,-0.03286461458259503
K4_M3_decile_source_cc_high_noise,2025-03,-0.020417995519222278
K4_M3_decile_source_cc_high_noise,2025-04,0.004947563725990783
K4_M3_decile_source_cc_high_noise,2025-05,0.025023748489499974
K4_M3_decile_source_cc_high_noise,2025-06,-0.004872841749336714
K4_M3_decile_source_cc_high_noise,2025-07,-0.0020500184457404908
K4_M3_decile_source_cc_high_noise,2025-08,-0.005352986305142317
K4_M3_decile_source_cc_high_noise,2025-09,-0.04827394941013125
K4_M3_decile_source_cc_high_noise,2025-10,0.015174214967235113
K4_M3_decile_source_cc_high_noise,2025-11,0.009848631497026137
K4_M3_decile_source_cc_high_noise,2025-12,-0.02772690336488316
K4_M3_decile_source_cc_high_noise,2026-01,0.009071080102745082
K4_M3_decile_source_cc_high_noise,2026-02,-0.030206191478909593
K4_M3_decile_source_cc_high_noise,2026-03,0.03244604215451646
K4_M3_decile_source_cc_high_noise,2026-04,0.01121415883018548
K4_M3_quintile_actionable_oc_all,2024-11,-0.02226769523458502
K4_M3_quintile_actionable_oc_all,2024-12,-0.016313278552009244
K4_M3_quintile_actionable_oc_all,2025-01,-0.0033005739587589084
K4_M3_quintile_actionable_oc_all,2025-02,-0.03179103493410824
K4_M3_quintile_actionable_oc_all,2025-03,-0.006652326579290082
K4_M3_quintile_actionable_oc_all,2025-04,-0.006381896960497154
K4_M3_quintile_actionable_oc_all,2025-05,0.014678139941732067
K4_M3_quintile_actionable_oc_all,2025-06,-0.03727565714359586
K4_M3_quintile_actionable_oc_all,2025-07,-0.010000988539419426
K4_M3_quintile_actionable_oc_all,2025-08,-0.0026068026009489383
K4_M3_quintile_actionable_oc_all,2025-09,-0.0551496630488034
K4_M3_quintile_actionable_oc_all,2025-10,0.024297234085643132
K4_M3_quintile_actionable_oc_all,2025-11,0.0390559460865371
K4_M3_quintile_actionable_oc_all,2025-12,-0.028232951919170093
K4_M3_quintile_actionable_oc_all,2026-01,-0.004843324988479469
K4_M3_quintile_actionable_oc_all,2026-02,-0.012717103517916484
K4_M3_quintile_actionable_oc_all,2026-03,0.04919726794004715
K4_M3_quintile_actionable_oc_all,2026-04,-0.014667717791865348
K4_M3_quintile_actionable_oc_high_market_vol,2024-11,0.0
K4_M3_quintile_actionable_oc_high_market_vol,2024-12,0.0
K4_M3_quintile_actionable_oc_high_market_vol,2025-01,0.0
K4_M3_quintile_actionable_oc_high_market_vol,2025-02,-0.026800791447710033
K4_M3_quintile_actionable_oc_high_market_vol,2025-03,0.021338883638712523
K4_M3_quintile_actionable_oc_high_market_vol,2025-04,-0.006381896960497154
K4_M3_quintile_actionable_oc_high_market_vol,2025-05,0.014854162407593841
K4_M3_quintile_actionable_oc_high_market_vol,2025-06,-0.004688625563227066
K4_M3_quintile_actionable_oc_high_market_vol,2025-07,0.0
K4_M3_quintile_actionable_oc_high_market_vol,2025-08,-0.0015123197939964398
K4_M3_quintile_actionable_oc_high_market_vol,2025-09,0.0
K4_M3_quintile_actionable_oc_high_market_vol,2025-10,0.0
K4_M3_quintile_actionable_oc_high_market_vol,2025-11,0.011716020136324033
K4_M3_quintile_actionable_oc_high_market_vol,2025-12,0.0
K4_M3_quintile_actionable_oc_high_market_vol,2026-01,0.0
K4_M3_quintile_actionable_oc_high_market_vol,2026-02,-0.021077593756728658
K4_M3_quintile_actionable_oc_high_market_vol,2026-03,0.03434330321099733
K4_M3_quintile_actionable_oc_high_market_vol,2026-04,-0.019822231279429194
K4_M3_quintile_actionable_oc_high_noise,2024-11,0.0
K4_M3_quintile_actionable_oc_high_noise,2024-12,0.0
K4_M3_quintile_actionable_oc_high_noise,2025-01,0.010731749780743904
K4_M3_quintile_actionable_oc_high_noise,2025-02,-0.02447905269868634
K4_M3_quintile_actionable_oc_high_noise,2025-03,-0.018719438750028756
K4_M3_quintile_actionable_oc_high_noise,2025-04,-0.0005154071777583027
K4_M3_quintile_actionable_oc_high_noise,2025-05,0.007767532161814191
K4_M3_quintile_actionable_oc_high_noise,2025-06,-0.003234124878531665
K4_M3_quintile_actionable_oc_high_noise,2025-07,-0.0002193654608415715
K4_M3_quintile_actionable_oc_high_noise,2025-08,-0.001271149571420211
K4_M3_quintile_actionable_oc_high_noise,2025-09,-0.025667762950898263
K4_M3_quintile_actionable_oc_high_noise,2025-10,0.004168588223644028
K4_M3_quintile_actionable_oc_high_noise,2025-11,0.006191940636434386
K4_M3_quintile_actionable_oc_high_noise,2025-12,-0.018287563242886343
K4_M3_quintile_actionable_oc_high_noise,2026-01,-0.005445795520042925
K4_M3_quintile_actionable_oc_high_noise,2026-02,-0.010186569444119426
K4_M3_quintile_actionable_oc_high_noise,2026-03,0.029777539370652296
K4_M3_quintile_actionable_oc_high_noise,2026-04,-0.0004899396702730376
K4_M3_quintile_source_cc_all,2024-11,-0.02095054610562073
K4_M3_quintile_source_cc_all,2024-12,-0.01616365044367378
K4_M3_quintile_source_cc_all,2025-01,-0.0017250939916746738
K4_M3_quintile_source_cc_all,2025-02,-0.03185372669234229
K4_M3_quintile_source_cc_all,2025-03,-0.00560382653098573
K4_M3_quintile_source_cc_all,2025-04,-0.004955559829809895
K4_M3_quintile_source_cc_all,2025-05,0.014271152805779109
K4_M3_quintile_source_cc_all,2025-06,-0.03661967136658969
K4_M3_quintile_source_cc_all,2025-07,-0.008482709734242715
K4_M3_quintile_source_cc_all,2025-08,-0.002234166233290498
K4_M3_quintile_source_cc_all,2025-09,-0.0552821373195259
K4_M3_quintile_source_cc_all,2025-10,0.025527180969865504
K4_M3_quintile_source_cc_all,2025-11,0.039153898355471596
K4_M3_quintile_source_cc_all,2025-12,-0.028124336862828427
K4_M3_quintile_source_cc_all,2026-01,-0.004775282634773469
K4_M3_quintile_source_cc_all,2026-02,-0.011822812851723676
K4_M3_quintile_source_cc_all,2026-03,0.050009283925750256
K4_M3_quintile_source_cc_all,2026-04,-0.013873559367234467
K4_M3_quintile_source_cc_high_market_vol,2024-11,0.0
K4_M3_quintile_source_cc_high_market_vol,2024-12,0.0
K4_M3_quintile_source_cc_high_market_vol,2025-01,0.0
K4_M3_quintile_source_cc_high_market_vol,2025-02,-0.026607227933455414
K4_M3_quintile_source_cc_high_market_vol,2025-03,0.02157612278558258
K4_M3_quintile_source_cc_high_market_vol,2025-04,-0.004955559829809895
K4_M3_quintile_source_cc_high_market_vol,2025-05,0.014465752286051585
K4_M3_quintile_source_cc_high_market_vol,2025-06,-0.004755167183533438
K4_M3_quintile_source_cc_high_market_vol,2025-07,0.0
K4_M3_quintile_source_cc_high_market_vol,2025-08,-0.00124364927151898
K4_M3_quintile_source_cc_high_market_vol,2025-09,0.0
K4_M3_quintile_source_cc_high_market_vol,2025-10,0.0
K4_M3_quintile_source_cc_high_market_vol,2025-11,0.011832987528334801
K4_M3_quintile_source_cc_high_market_vol,2025-12,0.0
K4_M3_quintile_source_cc_high_market_vol,2026-01,0.0
K4_M3_quintile_source_cc_high_market_vol,2026-02,-0.02027474863119444
K4_M3_quintile_source_cc_high_market_vol,2026-03,0.035072833078098185
K4_M3_quintile_source_cc_high_market_vol,2026-04,-0.019151334062953544
K4_M3_quintile_source_cc_high_noise,2024-11,0.0
K4_M3_quintile_source_cc_high_noise,2024-12,0.0
K4_M3_quintile_source_cc_high_noise,2025-01,0.011668702418525337
K4_M3_quintile_source_cc_high_noise,2025-02,-0.024303011471875347
K4_M3_quintile_source_cc_high_noise,2025-03,-0.018621979412556434
K4_M3_quintile_source_cc_high_noise,2025-04,0.0001928075985158412
K4_M3_quintile_source_cc_high_noise,2025-05,0.007662898857411054
K4_M3_quintile_source_cc_high_noise,2025-06,-0.003395486190650434
K4_M3_quintile_source_cc_high_noise,2025-07,-0.00010939017932700941
K4_M3_quintile_source_cc_high_noise,2025-08,-0.0009417810297179693
K4_M3_quintile_source_cc_high_noise,2025-09,-0.02579140152374497
K4_M3_quintile_source_cc_high_noise,2025-10,0.004238700772655438
K4_M3_quintile_source_cc_high_noise,2025-11,0.006641573878796811
K4_M3_quintile_source_cc_high_noise,2025-12,-0.018144422339622678
K4_M3_quintile_source_cc_high_noise,2026-01,-0.005346568743238297
K4_M3_quintile_source_cc_high_noise,2026-02,-0.010228420387454308
K4_M3_quintile_source_cc_high_noise,2026-03,0.03035109659215884
K4_M3_quintile_source_cc_high_noise,2026-04,-0.00011581731018213762
K4_M4_decile_actionable_oc_all,2024-11,-0.06486425695509343
K4_M4_decile_actionable_oc_all,2024-12,-0.010631050507201423
K4_M4_decile_actionable_oc_all,2025-01,-0.003671350597363501
K4_M4_decile_actionable_oc_all,2025-02,-0.03124102756389452
K4_M4_decile_actionable_oc_all,2025-03,0.010857852540647289
K4_M4_decile_actionable_oc_all,2025-04,-0.0007851431776763071
K4_M4_decile_actionable_oc_all,2025-05,0.022072463683718575
K4_M4_decile_actionable_oc_all,2025-06,-0.04993347667088366
K4_M4_decile_actionable_oc_all,2025-07,-0.025331011915150442
K4_M4_decile_actionable_oc_all,2025-08,-0.010930956674751921
K4_M4_decile_actionable_oc_all,2025-09,-0.14469548068905605
K4_M4_decile_actionable_oc_all,2025-10,0.055283195673783744
K4_M4_decile_actionable_oc_all,2025-11,0.055562967637548887
K4_M4_decile_actionable_oc_all,2025-12,-0.04108791992040464
K4_M4_decile_actionable_oc_all,2026-01,-0.005795267858445875
K4_M4_decile_actionable_oc_all,2026-02,-0.005848501746993928
K4_M4_decile_actionable_oc_all,2026-03,0.0493539897136368
K4_M4_decile_actionable_oc_all,2026-04,-0.021526572060189923
K4_M4_decile_actionable_oc_high_market_vol,2024-11,0.0
K4_M4_decile_actionable_oc_high_market_vol,2024-12,0.0
K4_M4_decile_actionable_oc_high_market_vol,2025-01,0.0
K4_M4_decile_actionable_oc_high_market_vol,2025-02,-0.03526454431692792
K4_M4_decile_actionable_oc_high_market_vol,2025-03,0.032265204804849665
K4_M4_decile_actionable_oc_high_market_vol,2025-04,-0.0007851431776763071
K4_M4_decile_actionable_oc_high_market_vol,2025-05,0.01498228066861986
K4_M4_decile_actionable_oc_high_market_vol,2025-06,0.001902421525765816
K4_M4_decile_actionable_oc_high_market_vol,2025-07,0.0
K4_M4_decile_actionable_oc_high_market_vol,2025-08,-0.004139420552848103
K4_M4_decile_actionable_oc_high_market_vol,2025-09,0.0
K4_M4_decile_actionable_oc_high_market_vol,2025-10,0.0
K4_M4_decile_actionable_oc_high_market_vol,2025-11,0.006156350573375019
K4_M4_decile_actionable_oc_high_market_vol,2025-12,0.0
K4_M4_decile_actionable_oc_high_market_vol,2026-01,0.0
K4_M4_decile_actionable_oc_high_market_vol,2026-02,-0.015349949015548169
K4_M4_decile_actionable_oc_high_market_vol,2026-03,0.03721255854820092
K4_M4_decile_actionable_oc_high_market_vol,2026-04,-0.013349835433771709
K4_M4_decile_actionable_oc_high_noise,2024-11,0.0
K4_M4_decile_actionable_oc_high_noise,2024-12,0.0
K4_M4_decile_actionable_oc_high_noise,2025-01,0.0066474104002075905
K4_M4_decile_actionable_oc_high_noise,2025-02,-0.03740096799219834
K4_M4_decile_actionable_oc_high_noise,2025-03,0.007943376913710058
K4_M4_decile_actionable_oc_high_noise,2025-04,0.008394351777513548
K4_M4_decile_actionable_oc_high_noise,2025-05,0.0037500489889291484
K4_M4_decile_actionable_oc_high_noise,2025-06,-0.01578683373475749
K4_M4_decile_actionable_oc_high_noise,2025-07,-0.001304602768081625
K4_M4_decile_actionable_oc_high_noise,2025-08,-0.0008910707537488328
K4_M4_decile_actionable_oc_high_noise,2025-09,-0.03903919454867008
K4_M4_decile_actionable_oc_high_noise,2025-10,0.016879453513737173
K4_M4_decile_actionable_oc_high_noise,2025-11,0.017799218031860704
K4_M4_decile_actionable_oc_high_noise,2025-12,-0.02009966425593394
K4_M4_decile_actionable_oc_high_noise,2026-01,0.013180305896292523
K4_M4_decile_actionable_oc_high_noise,2026-02,-0.006673788030372226
K4_M4_decile_actionable_oc_high_noise,2026-03,0.04276646609384933
K4_M4_decile_actionable_oc_high_noise,2026-04,-0.003559622402845436
K4_M4_decile_source_cc_all,2024-11,-0.06324110930199417
K4_M4_decile_source_cc_all,2024-12,-0.010200300141354887
K4_M4_decile_source_cc_all,2025-01,-0.0020804912063672396
K4_M4_decile_source_cc_all,2025-02,-0.030986012212047696
K4_M4_decile_source_cc_all,2025-03,0.012083939433745581
K4_M4_decile_source_cc_all,2025-04,-5.4570483039480255e-05
K4_M4_decile_source_cc_all,2025-05,0.0219185226178695
K4_M4_decile_source_cc_all,2025-06,-0.04961807565543615
K4_M4_decile_source_cc_all,2025-07,-0.0239170036929319
K4_M4_decile_source_cc_all,2025-08,-0.01082366752699546
K4_M4_decile_source_cc_all,2025-09,-0.14459479792702798
K4_M4_decile_source_cc_all,2025-10,0.05692122273103788
K4_M4_decile_source_cc_all,2025-11,0.055717222260036094
K4_M4_decile_source_cc_all,2025-12,-0.04129830385165312
K4_M4_decile_source_cc_all,2026-01,-0.005899758339379058
K4_M4_decile_source_cc_all,2026-02,-0.005385529383198777
K4_M4_decile_source_cc_all,2026-03,0.04950287138316574
K4_M4_decile_source_cc_all,2026-04,-0.01997728591626906
K4_M4_decile_source_cc_high_market_vol,2024-11,0.0
K4_M4_decile_source_cc_high_market_vol,2024-12,0.0
K4_M4_decile_source_cc_high_market_vol,2025-01,0.0
K4_M4_decile_source_cc_high_market_vol,2025-02,-0.03498655751348455
K4_M4_decile_source_cc_high_market_vol,2025-03,0.03249610088385143
K4_M4_decile_source_cc_high_market_vol,2025-04,-5.4570483039480255e-05
K4_M4_decile_source_cc_high_market_vol,2025-05,0.01450737087628249
K4_M4_decile_source_cc_high_market_vol,2025-06,0.0017870003902882132
K4_M4_decile_source_cc_high_market_vol,2025-07,0.0
K4_M4_decile_source_cc_high_market_vol,2025-08,-0.0041134211414047776
K4_M4_decile_source_cc_high_market_vol,2025-09,0.0
K4_M4_decile_source_cc_high_market_vol,2025-10,0.0
K4_M4_decile_source_cc_high_market_vol,2025-11,0.006534512422427412
K4_M4_decile_source_cc_high_market_vol,2025-12,0.0
K4_M4_decile_source_cc_high_market_vol,2026-01,0.0
K4_M4_decile_source_cc_high_market_vol,2026-02,-0.014841584472750892
K4_M4_decile_source_cc_high_market_vol,2026-03,0.038373991395272276
K4_M4_decile_source_cc_high_market_vol,2026-04,-0.01199142614964465
K4_M4_decile_source_cc_high_noise,2024-11,0.0
K4_M4_decile_source_cc_high_noise,2024-12,0.0
K4_M4_decile_source_cc_high_noise,2025-01,0.008066963407770678
K4_M4_decile_source_cc_high_noise,2025-02,-0.03647660826732148
K4_M4_decile_source_cc_high_noise,2025-03,0.007796481108600598
K4_M4_decile_source_cc_high_noise,2025-04,0.00876558559906848
K4_M4_decile_source_cc_high_noise,2025-05,0.0033223767020885645
K4_M4_decile_source_cc_high_noise,2025-06,-0.015716258401953394
K4_M4_decile_source_cc_high_noise,2025-07,-0.0013001769125088238
K4_M4_decile_source_cc_high_noise,2025-08,-0.0005231539177265228
K4_M4_decile_source_cc_high_noise,2025-09,-0.03894791715712646
K4_M4_decile_source_cc_high_noise,2025-10,0.017018588553018778
K4_M4_decile_source_cc_high_noise,2025-11,0.018293083135226762
K4_M4_decile_source_cc_high_noise,2025-12,-0.019920978452190662
K4_M4_decile_source_cc_high_noise,2026-01,0.013125128984621398
K4_M4_decile_source_cc_high_noise,2026-02,-0.00673601711366257
K4_M4_decile_source_cc_high_noise,2026-03,0.043485226909439074
K4_M4_decile_source_cc_high_noise,2026-04,-0.002891372582440174
K4_M4_quintile_actionable_oc_all,2024-11,-0.035517475928431574
K4_M4_quintile_actionable_oc_all,2024-12,-0.005796553697219471
K4_M4_quintile_actionable_oc_all,2025-01,-0.004912102333858897
K4_M4_quintile_actionable_oc_all,2025-02,-0.032014756985498036
K4_M4_quintile_actionable_oc_all,2025-03,0.000668186749605882
K4_M4_quintile_actionable_oc_all,2025-04,-0.001815782240616591
K4_M4_quintile_actionable_oc_all,2025-05,0.019330732335503944
K4_M4_quintile_actionable_oc_all,2025-06,-0.03174979009848754
K4_M4_quintile_actionable_oc_all,2025-07,-0.013005398066494337
K4_M4_quintile_actionable_oc_all,2025-08,-0.013514198555829967
K4_M4_quintile_actionable_oc_all,2025-09,-0.07906491514030829
K4_M4_quintile_actionable_oc_all,2025-10,0.03165397051979174
K4_M4_quintile_actionable_oc_all,2025-11,0.0374531541108895
K4_M4_quintile_actionable_oc_all,2025-12,-0.028845389522001177
K4_M4_quintile_actionable_oc_all,2026-01,0.0011852819165760094
K4_M4_quintile_actionable_oc_all,2026-02,0.00622661835458101
K4_M4_quintile_actionable_oc_all,2026-03,0.050656490571457685
K4_M4_quintile_actionable_oc_all,2026-04,0.0020817540385748186
K4_M4_quintile_actionable_oc_high_market_vol,2024-11,0.0
K4_M4_quintile_actionable_oc_high_market_vol,2024-12,0.0
K4_M4_quintile_actionable_oc_high_market_vol,2025-01,0.0
K4_M4_quintile_actionable_oc_high_market_vol,2025-02,-0.025631665392513343
K4_M4_quintile_actionable_oc_high_market_vol,2025-03,0.03260886026670339
K4_M4_quintile_actionable_oc_high_market_vol,2025-04,-0.001815782240616591
K4_M4_quintile_actionable_oc_high_market_vol,2025-05,0.016906741088439252
K4_M4_quintile_actionable_oc_high_market_vol,2025-06,-0.0061092144701233725
K4_M4_quintile_actionable_oc_high_market_vol,2025-07,0.0
K4_M4_quintile_actionable_oc_high_market_vol,2025-08,-0.0024690182586201976
K4_M4_quintile_actionable_oc_high_market_vol,2025-09,0.0
K4_M4_quintile_actionable_oc_high_market_vol,2025-10,0.0
K4_M4_quintile_actionable_oc_high_market_vol,2025-11,0.012550161970016651
K4_M4_quintile_actionable_oc_high_market_vol,2025-12,0.0
K4_M4_quintile_actionable_oc_high_market_vol,2026-01,0.0
K4_M4_quintile_actionable_oc_high_market_vol,2026-02,-0.005167726728277873
K4_M4_quintile_actionable_oc_high_market_vol,2026-03,0.04251647341097317
K4_M4_quintile_actionable_oc_high_market_vol,2026-04,-0.0076820208470564574
K4_M4_quintile_actionable_oc_high_noise,2024-11,0.0
K4_M4_quintile_actionable_oc_high_noise,2024-12,0.0
K4_M4_quintile_actionable_oc_high_noise,2025-01,0.009334838292412342
K4_M4_quintile_actionable_oc_high_noise,2025-02,-0.026415490354266633
K4_M4_quintile_actionable_oc_high_noise,2025-03,-0.004791233092801058
K4_M4_quintile_actionable_oc_high_noise,2025-04,0.0015077172530934342
K4_M4_quintile_actionable_oc_high_noise,2025-05,0.0001532580555792763
K4_M4_quintile_actionable_oc_high_noise,2025-06,-0.008588991250236227
K4_M4_quintile_actionable_oc_high_noise,2025-07,-0.002894157023399281
K4_M4_quintile_actionable_oc_high_noise,2025-08,0.001766918344514183
K4_M4_quintile_actionable_oc_high_noise,2025-09,-0.024323765632878525
K4_M4_quintile_actionable_oc_high_noise,2025-10,0.002071448053603225
K4_M4_quintile_actionable_oc_high_noise,2025-11,0.011582849197051708
K4_M4_quintile_actionable_oc_high_noise,2025-12,-0.019050975280177768
K4_M4_quintile_actionable_oc_high_noise,2026-01,-0.0017523188334357034
K4_M4_quintile_actionable_oc_high_noise,2026-02,0.006998031343691235
K4_M4_quintile_actionable_oc_high_noise,2026-03,0.04027118475010952
K4_M4_quintile_actionable_oc_high_noise,2026-04,-0.0035674105032768907
K4_M4_quintile_source_cc_all,2024-11,-0.03407196918339288
K4_M4_quintile_source_cc_all,2024-12,-0.005944562671557152
K4_M4_quintile_source_cc_all,2025-01,-0.0035117414224534876
K4_M4_quintile_source_cc_all,2025-02,-0.03173231666347816
K4_M4_quintile_source_cc_all,2025-03,0.001861059126401663
K4_M4_quintile_source_cc_all,2025-04,-0.00041256920005894836
K4_M4_quintile_source_cc_all,2025-05,0.018976000931157474
K4_M4_quintile_source_cc_all,2025-06,-0.03122961028540002
K4_M4_quintile_source_cc_all,2025-07,-0.011563850457687638
K4_M4_quintile_source_cc_all,2025-08,-0.013451223984734704
K4_M4_quintile_source_cc_all,2025-09,-0.0790183699491065
K4_M4_quintile_source_cc_all,2025-10,0.03264512511922214
K4_M4_quintile_source_cc_all,2025-11,0.03759740551176424
K4_M4_quintile_source_cc_all,2025-12,-0.028803619573839954
K4_M4_quintile_source_cc_all,2026-01,0.0012182837799222042
K4_M4_quintile_source_cc_all,2026-02,0.006923917765469401
K4_M4_quintile_source_cc_all,2026-03,0.05143734409711571
K4_M4_quintile_source_cc_all,2026-04,0.0026446696968208065
K4_M4_quintile_source_cc_high_market_vol,2024-11,0.0
K4_M4_quintile_source_cc_high_market_vol,2024-12,0.0
K4_M4_quintile_source_cc_high_market_vol,2025-01,0.0
K4_M4_quintile_source_cc_high_market_vol,2025-02,-0.025193731568519093
K4_M4_quintile_source_cc_high_market_vol,2025-03,0.03284538660626705
K4_M4_quintile_source_cc_high_market_vol,2025-04,-0.00041256920005894836
K4_M4_quintile_source_cc_high_market_vol,2025-05,0.016544420443983122
K4_M4_quintile_source_cc_high_market_vol,2025-06,-0.006178127633316519
K4_M4_quintile_source_cc_high_market_vol,2025-07,0.0
K4_M4_quintile_source_cc_high_market_vol,2025-08,-0.002311782654861144
K4_M4_quintile_source_cc_high_market_vol,2025-09,0.0
K4_M4_quintile_source_cc_high_market_vol,2025-10,0.0
K4_M4_quintile_source_cc_high_market_vol,2025-11,0.012753392469234525
K4_M4_quintile_source_cc_high_market_vol,2025-12,0.0
K4_M4_quintile_source_cc_high_market_vol,2026-01,0.0
K4_M4_quintile_source_cc_high_market_vol,2026-02,-0.004421145432880993
K4_M4_quintile_source_cc_high_market_vol,2026-03,0.04338676082802731
K4_M4_quintile_source_cc_high_market_vol,2026-04,-0.007224988361161012
K4_M4_quintile_source_cc_high_noise,2024-11,0.0
K4_M4_quintile_source_cc_high_noise,2024-12,0.0
K4_M4_quintile_source_cc_high_noise,2025-01,0.010266500265648591
K4_M4_quintile_source_cc_high_noise,2025-02,-0.02598776042713256
K4_M4_quintile_source_cc_high_noise,2025-03,-0.004568343549193304
K4_M4_quintile_source_cc_high_noise,2025-04,0.0020061871194665772
K4_M4_quintile_source_cc_high_noise,2025-05,-1.487099380414244e-05
K4_M4_quintile_source_cc_high_noise,2025-06,-0.008719115486817244
K4_M4_quintile_source_cc_high_noise,2025-07,-0.0027945578326122045
K4_M4_quintile_source_cc_high_noise,2025-08,0.0020788877641685186
K4_M4_quintile_source_cc_high_noise,2025-09,-0.024329757074523093
K4_M4_quintile_source_cc_high_noise,2025-10,0.002072548420265296
K4_M4_quintile_source_cc_high_noise,2025-11,0.011891485102898293
K4_M4_quintile_source_cc_high_noise,2025-12,-0.01888280425320979
K4_M4_quintile_source_cc_high_noise,2026-01,-0.0016839587365462551
K4_M4_quintile_source_cc_high_noise,2026-02,0.006852838015167923
K4_M4_quintile_source_cc_high_noise,2026-03,0.040757560893450326
K4_M4_quintile_source_cc_high_noise,2026-04,-0.0031502093356360825
K4_M6_decile_actionable_oc_all,2024-11,-0.03639840916996115
K4_M6_decile_actionable_oc_all,2024-12,0.011840027282737937
K4_M6_decile_actionable_oc_all,2025-01,-0.01946994421509838
K4_M6_decile_actionable_oc_all,2025-02,0.0011559697425276485
K4_M6_decile_actionable_oc_all,2025-03,-0.061592438605236804
K4_M6_decile_actionable_oc_all,2025-04,0.004753609862342545
K4_M6_decile_actionable_oc_all,2025-05,0.014578598350295992
K4_M6_decile_actionable_oc_all,2025-06,-0.02773635508516788
K4_M6_decile_actionable_oc_all,2025-07,-0.018210461116664106
K4_M6_decile_actionable_oc_all,2025-08,-0.03514501904033036
K4_M6_decile_actionable_oc_all,2025-09,-0.08853477245021657
K4_M6_decile_actionable_oc_all,2025-10,0.019882557383362677
K4_M6_decile_actionable_oc_all,2025-11,0.05429698883875661
K4_M6_decile_actionable_oc_all,2025-12,0.004716834950305027
K4_M6_decile_actionable_oc_all,2026-01,-0.023497483404515348
K4_M6_decile_actionable_oc_all,2026-02,0.02567126611786889
K4_M6_decile_actionable_oc_all,2026-03,0.037017729020114444
K4_M6_decile_actionable_oc_all,2026-04,-0.016810256713457084
K4_M6_decile_actionable_oc_high_market_vol,2024-11,0.0
K4_M6_decile_actionable_oc_high_market_vol,2024-12,0.0
K4_M6_decile_actionable_oc_high_market_vol,2025-01,0.0
K4_M6_decile_actionable_oc_high_market_vol,2025-02,-0.0018844166279885222
K4_M6_decile_actionable_oc_high_market_vol,2025-03,-0.013420527126830768
K4_M6_decile_actionable_oc_high_market_vol,2025-04,0.004753609862342545
K4_M6_decile_actionable_oc_high_market_vol,2025-05,0.014039179507249602
K4_M6_decile_actionable_oc_high_market_vol,2025-06,-0.0012713560790555828
K4_M6_decile_actionable_oc_high_market_vol,2025-07,0.0
K4_M6_decile_actionable_oc_high_market_vol,2025-08,-0.024555029491446046
K4_M6_decile_actionable_oc_high_market_vol,2025-09,0.0
K4_M6_decile_actionable_oc_high_market_vol,2025-10,0.0
K4_M6_decile_actionable_oc_high_market_vol,2025-11,0.0031874547277743765
K4_M6_decile_actionable_oc_high_market_vol,2025-12,0.0
K4_M6_decile_actionable_oc_high_market_vol,2026-01,0.0
K4_M6_decile_actionable_oc_high_market_vol,2026-02,0.017867235929454398
K4_M6_decile_actionable_oc_high_market_vol,2026-03,0.011472957463151249
K4_M6_decile_actionable_oc_high_market_vol,2026-04,-0.004392430610686209
K4_M6_decile_actionable_oc_high_noise,2024-11,0.0
K4_M6_decile_actionable_oc_high_noise,2024-12,0.0
K4_M6_decile_actionable_oc_high_noise,2025-01,0.008654507818696169
K4_M6_decile_actionable_oc_high_noise,2025-02,-0.01941956705589035
K4_M6_decile_actionable_oc_high_noise,2025-03,-0.04747360826304846
K4_M6_decile_actionable_oc_high_noise,2025-04,0.01922468068354967
K4_M6_decile_actionable_oc_high_noise,2025-05,0.0020150542919581834
K4_M6_decile_actionable_oc_high_noise,2025-06,-0.017177088392779864
K4_M6_decile_actionable_oc_high_noise,2025-07,-0.0034363482810721158
K4_M6_decile_actionable_oc_high_noise,2025-08,-0.010614464617478558
K4_M6_decile_actionable_oc_high_noise,2025-09,-0.025732592988051285
K4_M6_decile_actionable_oc_high_noise,2025-10,0.009910815624454174
K4_M6_decile_actionable_oc_high_noise,2025-11,-0.0013079444245345613
K4_M6_decile_actionable_oc_high_noise,2025-12,-0.018210913512448027
K4_M6_decile_actionable_oc_high_noise,2026-01,0.004067909008300089
K4_M6_decile_actionable_oc_high_noise,2026-02,0.028348527017765652
K4_M6_decile_actionable_oc_high_noise,2026-03,0.03927374645512463
K4_M6_decile_actionable_oc_high_noise,2026-04,-0.005285922324319644
K4_M6_decile_source_cc_all,2024-11,-0.03574022084864905
K4_M6_decile_source_cc_all,2024-12,0.012150139043851555
K4_M6_decile_source_cc_all,2025-01,-0.018570396704168088
K4_M6_decile_source_cc_all,2025-02,0.0012048002126448724
K4_M6_decile_source_cc_all,2025-03,-0.060430346729300075
K4_M6_decile_source_cc_all,2025-04,0.005108235430686742
K4_M6_decile_source_cc_all,2025-05,0.015330689450568978
K4_M6_decile_source_cc_all,2025-06,-0.027769606160018615
K4_M6_decile_source_cc_all,2025-07,-0.017016575893207774
K4_M6_decile_source_cc_all,2025-08,-0.03490208580648088
K4_M6_decile_source_cc_all,2025-09,-0.08793142785839582
K4_M6_decile_source_cc_all,2025-10,0.021562348459204225
K4_M6_decile_source_cc_all,2025-11,0.05490091293114333
K4_M6_decile_source_cc_all,2025-12,0.004247475028075778
K4_M6_decile_source_cc_all,2026-01,-0.023750089123612116
K4_M6_decile_source_cc_all,2026-02,0.02574665432390985
K4_M6_decile_source_cc_all,2026-03,0.03735234151539143
K4_M6_decile_source_cc_all,2026-04,-0.01592324242160869
K4_M6_decile_source_cc_high_market_vol,2024-11,0.0
K4_M6_decile_source_cc_high_market_vol,2024-12,0.0
K4_M6_decile_source_cc_high_market_vol,2025-01,0.0
K4_M6_decile_source_cc_high_market_vol,2025-02,-0.0014783396712119805
K4_M6_decile_source_cc_high_market_vol,2025-03,-0.013455756636481058
K4_M6_decile_source_cc_high_market_vol,2025-04,0.005108235430686742
K4_M6_decile_source_cc_high_market_vol,2025-05,0.01448193009083727
K4_M6_decile_source_cc_high_market_vol,2025-06,-0.0014728007459269225
K4_M6_decile_source_cc_high_market_vol,2025-07,0.0
K4_M6_decile_source_cc_high_market_vol,2025-08,-0.024298494725765448
K4_M6_decile_source_cc_high_market_vol,2025-09,0.0
K4_M6_decile_source_cc_high_market_vol,2025-10,0.0
K4_M6_decile_source_cc_high_market_vol,2025-11,0.003439453963947345
K4_M6_decile_source_cc_high_market_vol,2025-12,0.0
K4_M6_decile_source_cc_high_market_vol,2026-01,0.0
K4_M6_decile_source_cc_high_market_vol,2026-02,0.018117165972345438
K4_M6_decile_source_cc_high_market_vol,2026-03,0.01253039233901224
K4_M6_decile_source_cc_high_market_vol,2026-04,-0.003879319019420683
K4_M6_decile_source_cc_high_noise,2024-11,0.0
K4_M6_decile_source_cc_high_noise,2024-12,0.0
K4_M6_decile_source_cc_high_noise,2025-01,0.00933559466292762
K4_M6_decile_source_cc_high_noise,2025-02,-0.01864844877511768
K4_M6_decile_source_cc_high_noise,2025-03,-0.04728226454586054
K4_M6_decile_source_cc_high_noise,2025-04,0.018999051076623735
K4_M6_decile_source_cc_high_noise,2025-05,0.0019243380828851257
K4_M6_decile_source_cc_high_noise,2025-06,-0.01729051003406733
K4_M6_decile_source_cc_high_noise,2025-07,-0.0033332379121924207
K4_M6_decile_source_cc_high_noise,2025-08,-0.010451646219061764
K4_M6_decile_source_cc_high_noise,2025-09,-0.02545455939980655
K4_M6_decile_source_cc_high_noise,2025-10,0.010272052843574896
K4_M6_decile_source_cc_high_noise,2025-11,-0.0007696069222049
K4_M6_decile_source_cc_high_noise,2025-12,-0.018066739049275464
K4_M6_decile_source_cc_high_noise,2026-01,0.003828305054958598
K4_M6_decile_source_cc_high_noise,2026-02,0.02784299595547352
K4_M6_decile_source_cc_high_noise,2026-03,0.04043224808157503
K4_M6_decile_source_cc_high_noise,2026-04,-0.004885642457364848
K4_M6_quintile_actionable_oc_all,2024-11,-0.02478847283299447
K4_M6_quintile_actionable_oc_all,2024-12,0.01911915609391537
K4_M6_quintile_actionable_oc_all,2025-01,-0.009872670236049968
K4_M6_quintile_actionable_oc_all,2025-02,-0.010650910814286237
K4_M6_quintile_actionable_oc_all,2025-03,-0.042246365097339325
K4_M6_quintile_actionable_oc_all,2025-04,0.0028917447671010688
K4_M6_quintile_actionable_oc_all,2025-05,0.02006769041126688
K4_M6_quintile_actionable_oc_all,2025-06,-0.008890504142114829
K4_M6_quintile_actionable_oc_all,2025-07,-0.026808765014892877
K4_M6_quintile_actionable_oc_all,2025-08,-0.014222274718178284
K4_M6_quintile_actionable_oc_all,2025-09,-0.039787277650882996
K4_M6_quintile_actionable_oc_all,2025-10,0.019132061619333257
K4_M6_quintile_actionable_oc_all,2025-11,0.038296215167476624
K4_M6_quintile_actionable_oc_all,2025-12,-0.013525994664572617
K4_M6_quintile_actionable_oc_all,2026-01,-0.017058138913639914
K4_M6_quintile_actionable_oc_all,2026-02,0.015623383638287847
K4_M6_quintile_actionable_oc_all,2026-03,0.047228583093762634
K4_M6_quintile_actionable_oc_all,2026-04,0.0037971655268570076
K4_M6_quintile_actionable_oc_high_market_vol,2024-11,0.0
K4_M6_quintile_actionable_oc_high_market_vol,2024-12,0.0
K4_M6_quintile_actionable_oc_high_market_vol,2025-01,0.0
K4_M6_quintile_actionable_oc_high_market_vol,2025-02,0.00434157611713424
K4_M6_quintile_actionable_oc_high_market_vol,2025-03,0.0024254506280374103
K4_M6_quintile_actionable_oc_high_market_vol,2025-04,0.0028917447671010688
K4_M6_quintile_actionable_oc_high_market_vol,2025-05,0.020360771724010386
K4_M6_quintile_actionable_oc_high_market_vol,2025-06,-0.011047574677059104
K4_M6_quintile_actionable_oc_high_market_vol,2025-07,0.0
K4_M6_quintile_actionable_oc_high_market_vol,2025-08,-0.003469197861313044
K4_M6_quintile_actionable_oc_high_market_vol,2025-09,0.0
K4_M6_quintile_actionable_oc_high_market_vol,2025-10,0.0
K4_M6_quintile_actionable_oc_high_market_vol,2025-11,0.011692190551816866
K4_M6_quintile_actionable_oc_high_market_vol,2025-12,0.0
K4_M6_quintile_actionable_oc_high_market_vol,2026-01,0.0
K4_M6_quintile_actionable_oc_high_market_vol,2026-02,0.008564542227269507
K4_M6_quintile_actionable_oc_high_market_vol,2026-03,0.015728290809850446
K4_M6_quintile_actionable_oc_high_market_vol,2026-04,-0.00011780245037199683
K4_M6_quintile_actionable_oc_high_noise,2024-11,0.0
K4_M6_quintile_actionable_oc_high_noise,2024-12,0.0
K4_M6_quintile_actionable_oc_high_noise,2025-01,0.010523224099604768
K4_M6_quintile_actionable_oc_high_noise,2025-02,-0.02387641390887633
K4_M6_quintile_actionable_oc_high_noise,2025-03,-0.03626481396306434
K4_M6_quintile_actionable_oc_high_noise,2025-04,0.006246874649607818
K4_M6_quintile_actionable_oc_high_noise,2025-05,-0.0016415188547390645
K4_M6_quintile_actionable_oc_high_noise,2025-06,-0.006028190446734123
K4_M6_quintile_actionable_oc_high_noise,2025-07,-0.0064236959967252675
K4_M6_quintile_actionable_oc_high_noise,2025-08,-0.0007404825836381957
K4_M6_quintile_actionable_oc_high_noise,2025-09,-0.015327373713540015
K4_M6_quintile_actionable_oc_high_noise,2025-10,0.007426500824017239
K4_M6_quintile_actionable_oc_high_noise,2025-11,0.003908093101184975
K4_M6_quintile_actionable_oc_high_noise,2025-12,-0.02092388746334224
K4_M6_quintile_actionable_oc_high_noise,2026-01,-0.00576474742120529
K4_M6_quintile_actionable_oc_high_noise,2026-02,0.026747763657938607
K4_M6_quintile_actionable_oc_high_noise,2026-03,0.046859823209827546
K4_M6_quintile_actionable_oc_high_noise,2026-04,-0.008621260919281712
K4_M6_quintile_source_cc_all,2024-11,-0.023920651284363808
K4_M6_quintile_source_cc_all,2024-12,0.01869693917399206
K4_M6_quintile_source_cc_all,2025-01,-0.008594838108248471
K4_M6_quintile_source_cc_all,2025-02,-0.010723250531695427
K4_M6_quintile_source_cc_all,2025-03,-0.04089690496110006
K4_M6_quintile_source_cc_all,2025-04,0.0036901644221197277
K4_M6_quintile_source_cc_all,2025-05,0.020278532664076202
K4_M6_quintile_source_cc_all,2025-06,-0.008468062555198826
K4_M6_quintile_source_cc_all,2025-07,-0.025395890024192604
K4_M6_quintile_source_cc_all,2025-08,-0.01379622850708677
K4_M6_quintile_source_cc_all,2025-09,-0.03942480915181665
K4_M6_quintile_source_cc_all,2025-10,0.019960170910733464
K4_M6_quintile_source_cc_all,2025-11,0.038715734074593375
K4_M6_quintile_source_cc_all,2025-12,-0.013771420864345971
K4_M6_quintile_source_cc_all,2026-01,-0.017378169329585295
K4_M6_quintile_source_cc_all,2026-02,0.01610080986127151
K4_M6_quintile_source_cc_all,2026-03,0.047870611202217334
K4_M6_quintile_source_cc_all,2026-04,0.00391088930052711
K4_M6_quintile_source_cc_high_market_vol,2024-11,0.0
K4_M6_quintile_source_cc_high_market_vol,2024-12,0.0
K4_M6_quintile_source_cc_high_market_vol,2025-01,0.0
K4_M6_quintile_source_cc_high_market_vol,2025-02,0.004576624289103048
K4_M6_quintile_source_cc_high_market_vol,2025-03,0.002510392611513386
K4_M6_quintile_source_cc_high_market_vol,2025-04,0.0036901644221197277
K4_M6_quintile_source_cc_high_market_vol,2025-05,0.02056287812414788
K4_M6_quintile_source_cc_high_market_vol,2025-06,-0.011168257881940133
K4_M6_quintile_source_cc_high_market_vol,2025-07,0.0
K4_M6_quintile_source_cc_high_market_vol,2025-08,-0.0031030414154571357
K4_M6_quintile_source_cc_high_market_vol,2025-09,0.0
K4_M6_quintile_source_cc_high_market_vol,2025-10,0.0
K4_M6_quintile_source_cc_high_market_vol,2025-11,0.011837708591110684
K4_M6_quintile_source_cc_high_market_vol,2025-12,0.0
K4_M6_quintile_source_cc_high_market_vol,2026-01,0.0
K4_M6_quintile_source_cc_high_market_vol,2026-02,0.00909315498263083
K4_M6_quintile_source_cc_high_market_vol,2026-03,0.016502331450960857
K4_M6_quintile_source_cc_high_market_vol,2026-04,-0.00018088813990065847
K4_M6_quintile_source_cc_high_noise,2024-11,0.0
K4_M6_quintile_source_cc_high_noise,2024-12,0.0
K4_M6_quintile_source_cc_high_noise,2025-01,0.011372435351839806
K4_M6_quintile_source_cc_high_noise,2025-02,-0.023484611803396407
K4_M6_quintile_source_cc_high_noise,2025-03,-0.035709155715507576
K4_M6_quintile_source_cc_high_noise,2025-04,0.006158178599974784
K4_M6_quintile_source_cc_high_noise,2025-05,-0.0017650757430483048
K4_M6_quintile_source_cc_high_noise,2025-06,-0.006057300716942634
K4_M6_quintile_source_cc_high_noise,2025-07,-0.0062779018935543
K4_M6_quintile_source_cc_high_noise,2025-08,-0.00047423231524825523
K4_M6_quintile_source_cc_high_noise,2025-09,-0.015191329865454099
K4_M6_quintile_source_cc_high_noise,2025-10,0.007490283612877499
K4_M6_quintile_source_cc_high_noise,2025-11,0.004230061451860075
K4_M6_quintile_source_cc_high_noise,2025-12,-0.020790479213113625
K4_M6_quintile_source_cc_high_noise,2026-01,-0.005950207724253431
K4_M6_quintile_source_cc_high_noise,2026-02,0.026483444385122845
K4_M6_quintile_source_cc_high_noise,2026-03,0.047428402672134724
K4_M6_quintile_source_cc_high_noise,2026-04,-0.008521730022081314
K6_M1_decile_actionable_oc_all,2024-11,-0.02488163137078182
K6_M1_decile_actionable_oc_all,2024-12,-0.01212635514189844
K6_M1_decile_actionable_oc_all,2025-01,-0.010250184857255682
K6_M1_decile_actionable_oc_all,2025-02,-0.003212195150693798
K6_M1_decile_actionable_oc_all,2025-03,-0.017482789184167773
K6_M1_decile_actionable_oc_all,2025-04,0.025026030797365366
K6_M1_decile_actionable_oc_all,2025-05,0.026697679911283672
K6_M1_decile_actionable_oc_all,2025-06,-0.030449400626685923
K6_M1_decile_actionable_oc_all,2025-07,-0.010551693857835488
K6_M1_decile_actionable_oc_all,2025-08,0.00033398597077595894
K6_M1_decile_actionable_oc_all,2025-09,-0.0450284556794239
K6_M1_decile_actionable_oc_all,2025-10,0.022738004603405075
K6_M1_decile_actionable_oc_all,2025-11,0.018270122605949356
K6_M1_decile_actionable_oc_all,2025-12,-0.006633969863000216
K6_M1_decile_actionable_oc_all,2026-01,0.004937002486171765
K6_M1_decile_actionable_oc_all,2026-02,-0.003534402197923124
K6_M1_decile_actionable_oc_all,2026-03,0.01996736738359714
K6_M1_decile_actionable_oc_all,2026-04,0.010192505057801622
K6_M1_decile_actionable_oc_high_market_vol,2024-11,0.0
K6_M1_decile_actionable_oc_high_market_vol,2024-12,0.0
K6_M1_decile_actionable_oc_high_market_vol,2025-01,0.0
K6_M1_decile_actionable_oc_high_market_vol,2025-02,-0.007765923821650734
K6_M1_decile_actionable_oc_high_market_vol,2025-03,-0.005061542221658163
K6_M1_decile_actionable_oc_high_market_vol,2025-04,0.025026030797365366
K6_M1_decile_actionable_oc_high_market_vol,2025-05,0.02421579526272198
K6_M1_decile_actionable_oc_high_market_vol,2025-06,0.0012850201555713048
K6_M1_decile_actionable_oc_high_market_vol,2025-07,0.0
K6_M1_decile_actionable_oc_high_market_vol,2025-08,-0.008122772532126543
K6_M1_decile_actionable_oc_high_market_vol,2025-09,0.0
K6_M1_decile_actionable_oc_high_market_vol,2025-10,0.0
K6_M1_decile_actionable_oc_high_market_vol,2025-11,0.007535405069151815
K6_M1_decile_actionable_oc_high_market_vol,2025-12,0.0
K6_M1_decile_actionable_oc_high_market_vol,2026-01,0.0
K6_M1_decile_actionable_oc_high_market_vol,2026-02,-0.006568682949518539
K6_M1_decile_actionable_oc_high_market_vol,2026-03,0.013191512079056207
K6_M1_decile_actionable_oc_high_market_vol,2026-04,0.00683553029038521
K6_M1_decile_actionable_oc_high_noise,2024-11,0.0
K6_M1_decile_actionable_oc_high_noise,2024-12,0.0
K6_M1_decile_actionable_oc_high_noise,2025-01,-0.008115088201702647
K6_M1_decile_actionable_oc_high_noise,2025-02,-0.0014146576082971962
K6_M1_decile_actionable_oc_high_noise,2025-03,-0.019303394346811376
K6_M1_decile_actionable_oc_high_noise,2025-04,0.01597341824892661
K6_M1_decile_actionable_oc_high_noise,2025-05,0.010746125698619659
K6_M1_decile_actionable_oc_high_noise,2025-06,0.01693593284836785
K6_M1_decile_actionable_oc_high_noise,2025-07,-0.0015998289588072786
K6_M1_decile_actionable_oc_high_noise,2025-08,-0.007923712703793833
K6_M1_decile_actionable_oc_high_noise,2025-09,-0.002935038243901623
K6_M1_decile_actionable_oc_high_noise,2025-10,0.01433733500726243
K6_M1_decile_actionable_oc_high_noise,2025-11,0.008376011394601795
K6_M1_decile_actionable_oc_high_noise,2025-12,0.006923653318566272
K6_M1_decile_actionable_oc_high_noise,2026-01,0.004665747505950571
K6_M1_decile_actionable_oc_high_noise,2026-02,-0.007695991060422417
K6_M1_decile_actionable_oc_high_noise,2026-03,0.00469261444807563
K6_M1_decile_actionable_oc_high_noise,2026-04,0.006449451254944288
K6_M1_decile_source_cc_all,2024-11,-0.023178850759137996
K6_M1_decile_source_cc_all,2024-12,-0.011670213808995319
K6_M1_decile_source_cc_all,2025-01,-0.009150774185080781
K6_M1_decile_source_cc_all,2025-02,-0.0024665185852766175
K6_M1_decile_source_cc_all,2025-03,-0.01680220500821162
K6_M1_decile_source_cc_all,2025-04,0.02828151416548798
K6_M1_decile_source_cc_all,2025-05,0.02610372003536218
K6_M1_decile_source_cc_all,2025-06,-0.030099565485092416
K6_M1_decile_source_cc_all,2025-07,-0.009146387806840666
K6_M1_decile_source_cc_all,2025-08,0.0011926931094560095
K6_M1_decile_source_cc_all,2025-09,-0.04596318600967671
K6_M1_decile_source_cc_all,2025-10,0.022702316119854866
K6_M1_decile_source_cc_all,2025-11,0.019329588388309248
K6_M1_decile_source_cc_all,2025-12,-0.0073162665942635135
K6_M1_decile_source_cc_all,2026-01,0.005119088298596129
K6_M1_decile_source_cc_all,2026-02,-0.002442323886366477
K6_M1_decile_source_cc_all,2026-03,0.02058680012366354
K6_M1_decile_source_cc_all,2026-04,0.010036123357635998
K6_M1_decile_source_cc_high_market_vol,2024-11,0.0
K6_M1_decile_source_cc_high_market_vol,2024-12,0.0
K6_M1_decile_source_cc_high_market_vol,2025-01,0.0
K6_M1_decile_source_cc_high_market_vol,2025-02,-0.007320937714512334
K6_M1_decile_source_cc_high_market_vol,2025-03,-0.005041248269175501
K6_M1_decile_source_cc_high_market_vol,2025-04,0.02828151416548798
K6_M1_decile_source_cc_high_market_vol,2025-05,0.023617887334237406
K6_M1_decile_source_cc_high_market_vol,2025-06,0.001450530503469512
K6_M1_decile_source_cc_high_market_vol,2025-07,0.0
K6_M1_decile_source_cc_high_market_vol,2025-08,-0.008006061777816454
K6_M1_decile_source_cc_high_market_vol,2025-09,0.0
K6_M1_decile_source_cc_high_market_vol,2025-10,0.0
K6_M1_decile_source_cc_high_market_vol,2025-11,0.007603069356126372
K6_M1_decile_source_cc_high_market_vol,2025-12,0.0
K6_M1_decile_source_cc_high_market_vol,2026-01,0.0
K6_M1_decile_source_cc_high_market_vol,2026-02,-0.005913650873281462
K6_M1_decile_source_cc_high_market_vol,2026-03,0.014099737918825128
K6_M1_decile_source_cc_high_market_vol,2026-04,0.006988885786936378
K6_M1_decile_source_cc_high_noise,2024-11,0.0
K6_M1_decile_source_cc_high_noise,2024-12,0.0
K6_M1_decile_source_cc_high_noise,2025-01,-0.007104986953332455
K6_M1_decile_source_cc_high_noise,2025-02,-0.0009955620293244653
K6_M1_decile_source_cc_high_noise,2025-03,-0.018856635892062306
K6_M1_decile_source_cc_high_noise,2025-04,0.017910744518896578
K6_M1_decile_source_cc_high_noise,2025-05,0.009831281475855972
K6_M1_decile_source_cc_high_noise,2025-06,0.016994683471232678
K6_M1_decile_source_cc_high_noise,2025-07,-0.0013988260328679377
K6_M1_decile_source_cc_high_noise,2025-08,-0.007635140017032238
K6_M1_decile_source_cc_high_noise,2025-09,-0.0036902649141469356
K6_M1_decile_source_cc_high_noise,2025-10,0.013818202017897518
K6_M1_decile_source_cc_high_noise,2025-11,0.00941349210989197
K6_M1_decile_source_cc_high_noise,2025-12,0.006577703857967461
K6_M1_decile_source_cc_high_noise,2026-01,0.0046602795249678225
K6_M1_decile_source_cc_high_noise,2026-02,-0.007028307148804131
K6_M1_decile_source_cc_high_noise,2026-03,0.0047330808103134125
K6_M1_decile_source_cc_high_noise,2026-04,0.007086114884618513
K6_M1_quintile_actionable_oc_all,2024-11,-0.015058086498237503
K6_M1_quintile_actionable_oc_all,2024-12,-0.002277244669299244
K6_M1_quintile_actionable_oc_all,2025-01,-0.00993163153767079
K6_M1_quintile_actionable_oc_all,2025-02,-0.0007420251219500216
K6_M1_quintile_actionable_oc_all,2025-03,-0.017875855816183277
K6_M1_quintile_actionable_oc_all,2025-04,-0.003808847638960189
K6_M1_quintile_actionable_oc_all,2025-05,0.018038816994783255
K6_M1_quintile_actionable_oc_all,2025-06,-0.014077172022361932
K6_M1_quintile_actionable_oc_all,2025-07,-0.0020753208915038246
K6_M1_quintile_actionable_oc_all,2025-08,0.004095187737195262
K6_M1_quintile_actionable_oc_all,2025-09,-0.0282524590065329
K6_M1_quintile_actionable_oc_all,2025-10,0.010474511445728007
K6_M1_quintile_actionable_oc_all,2025-11,0.006858201216113776
K6_M1_quintile_actionable_oc_all,2025-12,0.007330787432743757
K6_M1_quintile_actionable_oc_all,2026-01,0.0068199822157502905
K6_M1_quintile_actionable_oc_all,2026-02,0.007958169837179885
K6_M1_quintile_actionable_oc_all,2026-03,0.011494161931125004
K6_M1_quintile_actionable_oc_all,2026-04,0.008246333575101183
K6_M1_quintile_actionable_oc_high_market_vol,2024-11,0.0
K6_M1_quintile_actionable_oc_high_market_vol,2024-12,0.0
K6_M1_quintile_actionable_oc_high_market_vol,2025-01,0.0
K6_M1_quintile_actionable_oc_high_market_vol,2025-02,-0.0010351986712770467
K6_M1_quintile_actionable_oc_high_market_vol,2025-03,-0.004071547419672283
K6_M1_quintile_actionable_oc_high_market_vol,2025-04,-0.003808847638960189
K6_M1_quintile_actionable_oc_high_market_vol,2025-05,0.017821337301026464
K6_M1_quintile_actionable_oc_high_market_vol,2025-06,-0.0022108443816391985
K6_M1_quintile_actionable_oc_high_market_vol,2025-07,0.0
K6_M1_quintile_actionable_oc_high_market_vol,2025-08,-0.002374562103848456
K6_M1_quintile_actionable_oc_high_market_vol,2025-09,0.0
K6_M1_quintile_actionable_oc_high_market_vol,2025-10,0.0
K6_M1_quintile_actionable_oc_high_market_vol,2025-11,0.009166813050826863
K6_M1_quintile_actionable_oc_high_market_vol,2025-12,0.0
K6_M1_quintile_actionable_oc_high_market_vol,2026-01,0.0
K6_M1_quintile_actionable_oc_high_market_vol,2026-02,0.0004597886423396754
K6_M1_quintile_actionable_oc_high_market_vol,2026-03,0.010138200064556742
K6_M1_quintile_actionable_oc_high_market_vol,2026-04,0.004561933201687809
K6_M1_quintile_actionable_oc_high_noise,2024-11,0.0
K6_M1_quintile_actionable_oc_high_noise,2024-12,0.0
K6_M1_quintile_actionable_oc_high_noise,2025-01,-0.00339371753529512
K6_M1_quintile_actionable_oc_high_noise,2025-02,0.002871300863629217
K6_M1_quintile_actionable_oc_high_noise,2025-03,-0.011330655992166244
K6_M1_quintile_actionable_oc_high_noise,2025-04,-0.008846756425133256
K6_M1_quintile_actionable_oc_high_noise,2025-05,0.006541529907676571
K6_M1_quintile_actionable_oc_high_noise,2025-06,0.00821654885086891
K6_M1_quintile_actionable_oc_high_noise,2025-07,-0.001904338594611729
K6_M1_quintile_actionable_oc_high_noise,2025-08,-0.0011731368723565463
K6_M1_quintile_actionable_oc_high_noise,2025-09,-0.0029374740563890946
K6_M1_quintile_actionable_oc_high_noise,2025-10,0.0016733437891788957
K6_M1_quintile_actionable_oc_high_noise,2025-11,0.003917082897818593
K6_M1_quintile_actionable_oc_high_noise,2025-12,0.006340631057179092
K6_M1_quintile_actionable_oc_high_noise,2026-01,0.003789101626690738
K6_M1_quintile_actionable_oc_high_noise,2026-02,0.006202997523962612
K6_M1_quintile_actionable_oc_high_noise,2026-03,0.004554812693304918
K6_M1_quintile_actionable_oc_high_noise,2026-04,0.006327524089349881
K6_M1_quintile_source_cc_all,2024-11,-0.013658495880249437
K6_M1_quintile_source_cc_all,2024-12,-0.002418879561221744
K6_M1_quintile_source_cc_all,2025-01,-0.009627228477122602
K6_M1_quintile_source_cc_all,2025-02,-0.00039433827622248514
K6_M1_quintile_source_cc_all,2025-03,-0.01809145647177888
K6_M1_quintile_source_cc_all,2025-04,-0.001746555629630139
K6_M1_quintile_source_cc_all,2025-05,0.017382698526600796
K6_M1_quintile_source_cc_all,2025-06,-0.013823966376932492
K6_M1_quintile_source_cc_all,2025-07,-0.0012912589538271978
K6_M1_quintile_source_cc_all,2025-08,0.004697475640135418
K6_M1_quintile_source_cc_all,2025-09,-0.029162503078643445
K6_M1_quintile_source_cc_all,2025-10,0.010503337914441106
K6_M1_quintile_source_cc_all,2025-11,0.007193631668102258
K6_M1_quintile_source_cc_all,2025-12,0.006892038116720392
K6_M1_quintile_source_cc_all,2026-01,0.006731709643179477
K6_M1_quintile_source_cc_all,2026-02,0.00838986130113422
K6_M1_quintile_source_cc_all,2026-03,0.012210659605250642
K6_M1_quintile_source_cc_all,2026-04,0.008419059593783708
K6_M1_quintile_source_cc_high_market_vol,2024-11,0.0
K6_M1_quintile_source_cc_high_market_vol,2024-12,0.0
K6_M1_quintile_source_cc_high_market_vol,2025-01,0.0
K6_M1_quintile_source_cc_high_market_vol,2025-02,-0.0008332222934498831
K6_M1_quintile_source_cc_high_market_vol,2025-03,-0.004285079207960748
K6_M1_quintile_source_cc_high_market_vol,2025-04,-0.001746555629630139
K6_M1_quintile_source_cc_high_market_vol,2025-05,0.017298903099086563
K6_M1_quintile_source_cc_high_market_vol,2025-06,-0.0021756158066178555
K6_M1_quintile_source_cc_high_market_vol,2025-07,0.0
K6_M1_quintile_source_cc_high_market_vol,2025-08,-0.0022507917355653944
K6_M1_quintile_source_cc_high_market_vol,2025-09,0.0
K6_M1_quintile_source_cc_high_market_vol,2025-10,0.0
K6_M1_quintile_source_cc_high_market_vol,2025-11,0.00920624153225235
K6_M1_quintile_source_cc_high_market_vol,2025-12,0.0
K6_M1_quintile_source_cc_high_market_vol,2026-01,0.0
K6_M1_quintile_source_cc_high_market_vol,2026-02,0.0008885545850392529
K6_M1_quintile_source_cc_high_market_vol,2026-03,0.010493399601569215
K6_M1_quintile_source_cc_high_market_vol,2026-04,0.004842761637385667
K6_M1_quintile_source_cc_high_noise,2024-11,0.0
K6_M1_quintile_source_cc_high_noise,2024-12,0.0
K6_M1_quintile_source_cc_high_noise,2025-01,-0.0031297642247999505
K6_M1_quintile_source_cc_high_noise,2025-02,0.0031965332590681832
K6_M1_quintile_source_cc_high_noise,2025-03,-0.01094882816110824
K6_M1_quintile_source_cc_high_noise,2025-04,-0.007191806356630818
K6_M1_quintile_source_cc_high_noise,2025-05,0.005828782912982774
K6_M1_quintile_source_cc_high_noise,2025-06,0.008396638232253693
K6_M1_quintile_source_cc_high_noise,2025-07,-0.0018843359278910064
K6_M1_quintile_source_cc_high_noise,2025-08,-0.0010848026180414055
K6_M1_quintile_source_cc_high_noise,2025-09,-0.003603440235082692
K6_M1_quintile_source_cc_high_noise,2025-10,0.0012551474891099174
K6_M1_quintile_source_cc_high_noise,2025-11,0.004515056556207292
K6_M1_quintile_source_cc_high_noise,2025-12,0.006286161570160934
K6_M1_quintile_source_cc_high_noise,2026-01,0.0037158982593231736
K6_M1_quintile_source_cc_high_noise,2026-02,0.0063297442164670726
K6_M1_quintile_source_cc_high_noise,2026-03,0.004983224931859834
K6_M1_quintile_source_cc_high_noise,2026-04,0.006655067793521119
K6_M2_decile_actionable_oc_all,2024-11,-0.04082760320956291
K6_M2_decile_actionable_oc_all,2024-12,-0.007908293576223713
K6_M2_decile_actionable_oc_all,2025-01,-0.018233170735012807
K6_M2_decile_actionable_oc_all,2025-02,-0.002370307221127784
K6_M2_decile_actionable_oc_all,2025-03,-0.036931986105007066
K6_M2_decile_actionable_oc_all,2025-04,0.028712261158931444
K6_M2_decile_actionable_oc_all,2025-05,0.03579558908434907
K6_M2_decile_actionable_oc_all,2025-06,-0.044888618475056416
K6_M2_decile_actionable_oc_all,2025-07,-0.015432243010608263
K6_M2_decile_actionable_oc_all,2025-08,0.004658018563626074
K6_M2_decile_actionable_oc_all,2025-09,-0.08056630001978253
K6_M2_decile_actionable_oc_all,2025-10,0.04936130242024908
K6_M2_decile_actionable_oc_all,2025-11,0.0076929699218410055
K6_M2_decile_actionable_oc_all,2025-12,-0.030789670437607615
K6_M2_decile_actionable_oc_all,2026-01,0.001197174259356653
K6_M2_decile_actionable_oc_all,2026-02,0.008864111874638644
K6_M2_decile_actionable_oc_all,2026-03,0.030283260749950934
K6_M2_decile_actionable_oc_all,2026-04,0.02606415545523713
K6_M2_decile_actionable_oc_high_market_vol,2024-11,0.0
K6_M2_decile_actionable_oc_high_market_vol,2024-12,0.0
K6_M2_decile_actionable_oc_high_market_vol,2025-01,0.0
K6_M2_decile_actionable_oc_high_market_vol,2025-02,-0.006332579161760802
K6_M2_decile_actionable_oc_high_market_vol,2025-03,-0.002513650523303454
K6_M2_decile_actionable_oc_high_market_vol,2025-04,0.028712261158931444
K6_M2_decile_actionable_oc_high_market_vol,2025-05,0.03469757819064485
K6_M2_decile_actionable_oc_high_market_vol,2025-06,-0.006242670306921673
K6_M2_decile_actionable_oc_high_market_vol,2025-07,0.0
K6_M2_decile_actionable_oc_high_market_vol,2025-08,-0.006019238355692438
K6_M2_decile_actionable_oc_high_market_vol,2025-09,0.0
K6_M2_decile_actionable_oc_high_market_vol,2025-10,0.0
K6_M2_decile_actionable_oc_high_market_vol,2025-11,0.007906771514320819
K6_M2_decile_actionable_oc_high_market_vol,2025-12,0.0
K6_M2_decile_actionable_oc_high_market_vol,2026-01,0.0
K6_M2_decile_actionable_oc_high_market_vol,2026-02,-0.004691602147386575
K6_M2_decile_actionable_oc_high_market_vol,2026-03,0.027761494467918896
K6_M2_decile_actionable_oc_high_market_vol,2026-04,0.01599066589668409
K6_M2_decile_actionable_oc_high_noise,2024-11,0.0
K6_M2_decile_actionable_oc_high_noise,2024-12,0.0
K6_M2_decile_actionable_oc_high_noise,2025-01,-0.010727747296767216
K6_M2_decile_actionable_oc_high_noise,2025-02,0.0003242184208211592
K6_M2_decile_actionable_oc_high_noise,2025-03,-0.024407065255173242
K6_M2_decile_actionable_oc_high_noise,2025-04,0.004050880337942073
K6_M2_decile_actionable_oc_high_noise,2025-05,0.02349610799680259
K6_M2_decile_actionable_oc_high_noise,2025-06,0.023695842446973144
K6_M2_decile_actionable_oc_high_noise,2025-07,0.009808200235557318
K6_M2_decile_actionable_oc_high_noise,2025-08,-0.00041929150461518516
K6_M2_decile_actionable_oc_high_noise,2025-09,-0.013037728330025238
K6_M2_decile_actionable_oc_high_noise,2025-10,0.029049654264678943
K6_M2_decile_actionable_oc_high_noise,2025-11,0.0037632220145278603
K6_M2_decile_actionable_oc_high_noise,2025-12,-0.006467478519129585
K6_M2_decile_actionable_oc_high_noise,2026-01,-0.0020675567749062033
K6_M2_decile_actionable_oc_high_noise,2026-02,-0.0016513985430560351
K6_M2_decile_actionable_oc_high_noise,2026-03,0.006864716895709289
K6_M2_decile_actionable_oc_high_noise,2026-04,0.006593622382116573
K6_M2_decile_source_cc_all,2024-11,-0.03933109033876247
K6_M2_decile_source_cc_all,2024-12,-0.007398184006573442
K6_M2_decile_source_cc_all,2025-01,-0.017217166836201638
K6_M2_decile_source_cc_all,2025-02,-0.0020556435986784022
K6_M2_decile_source_cc_all,2025-03,-0.036450828045009855
K6_M2_decile_source_cc_all,2025-04,0.031122210644072765
K6_M2_decile_source_cc_all,2025-05,0.03554010542850595
K6_M2_decile_source_cc_all,2025-06,-0.044404131378878435
K6_M2_decile_source_cc_all,2025-07,-0.013892135036696316
K6_M2_decile_source_cc_all,2025-08,0.0054730608760204975
K6_M2_decile_source_cc_all,2025-09,-0.08139110378785623
K6_M2_decile_source_cc_all,2025-10,0.04946599155721218
K6_M2_decile_source_cc_all,2025-11,0.009066369785764344
K6_M2_decile_source_cc_all,2025-12,-0.03151760969661862
K6_M2_decile_source_cc_all,2026-01,0.0015271251587917947
K6_M2_decile_source_cc_all,2026-02,0.009791830665958541
K6_M2_decile_source_cc_all,2026-03,0.030775733320321734
K6_M2_decile_source_cc_all,2026-04,0.025464737377290693
K6_M2_decile_source_cc_high_market_vol,2024-11,0.0
K6_M2_decile_source_cc_high_market_vol,2024-12,0.0
K6_M2_decile_source_cc_high_market_vol,2025-01,0.0
K6_M2_decile_source_cc_high_market_vol,2025-02,-0.006025248044360157
K6_M2_decile_source_cc_high_market_vol,2025-03,-0.0026716725782438386
K6_M2_decile_source_cc_high_market_vol,2025-04,0.031122210644072765
K6_M2_decile_source_cc_high_market_vol,2025-05,0.03450388667551192
K6_M2_decile_source_cc_high_market_vol,2025-06,-0.006039745749510907
K6_M2_decile_source_cc_high_market_vol,2025-07,0.0
K6_M2_decile_source_cc_high_market_vol,2025-08,-0.006020952979554591
K6_M2_decile_source_cc_high_market_vol,2025-09,0.0
K6_M2_decile_source_cc_high_market_vol,2025-10,0.0
K6_M2_decile_source_cc_high_market_vol,2025-11,0.007937117814232605
K6_M2_decile_source_cc_high_market_vol,2025-12,0.0
K6_M2_decile_source_cc_high_market_vol,2026-01,0.0
K6_M2_decile_source_cc_high_market_vol,2026-02,-0.004127082187179616
K6_M2_decile_source_cc_high_market_vol,2026-03,0.02863811208510542
K6_M2_decile_source_cc_high_market_vol,2026-04,0.015848937243548626
K6_M2_decile_source_cc_high_noise,2024-11,0.0
K6_M2_decile_source_cc_high_noise,2024-12,0.0
K6_M2_decile_source_cc_high_noise,2025-01,-0.009842504874117216
K6_M2_decile_source_cc_high_noise,2025-02,0.00043096261061725013
K6_M2_decile_source_cc_high_noise,2025-03,-0.024243526109214687
K6_M2_decile_source_cc_high_noise,2025-04,0.005413387743400765
K6_M2_decile_source_cc_high_noise,2025-05,0.022667309695611218
K6_M2_decile_source_cc_high_noise,2025-06,0.02390182405723209
K6_M2_decile_source_cc_high_noise,2025-07,0.009965301653074361
K6_M2_decile_source_cc_high_noise,2025-08,-0.00010500828518949091
K6_M2_decile_source_cc_high_noise,2025-09,-0.013713656653500998
K6_M2_decile_source_cc_high_noise,2025-10,0.02845010874405971
K6_M2_decile_source_cc_high_noise,2025-11,0.005016627287328034
K6_M2_decile_source_cc_high_noise,2025-12,-0.00668541578874164
K6_M2_decile_source_cc_high_noise,2026-01,-0.0024111082613184464
K6_M2_decile_source_cc_high_noise,2026-02,-0.001261460331227789
K6_M2_decile_source_cc_high_noise,2026-03,0.006819893700468259
K6_M2_decile_source_cc_high_noise,2026-04,0.006958799050700697
K6_M2_quintile_actionable_oc_all,2024-11,-0.019176980001791966
K6_M2_quintile_actionable_oc_all,2024-12,-0.016796096274568045
K6_M2_quintile_actionable_oc_all,2025-01,-0.02417311452435864
K6_M2_quintile_actionable_oc_all,2025-02,-0.004353644940568704
K6_M2_quintile_actionable_oc_all,2025-03,-0.016452340950020728
K6_M2_quintile_actionable_oc_all,2025-04,0.001203537560980282
K6_M2_quintile_actionable_oc_all,2025-05,0.03561021203987695
K6_M2_quintile_actionable_oc_all,2025-06,-0.013082018328368491
K6_M2_quintile_actionable_oc_all,2025-07,0.003120180305698804
K6_M2_quintile_actionable_oc_all,2025-08,-0.0010299451764868258
K6_M2_quintile_actionable_oc_all,2025-09,-0.05242008008327314
K6_M2_quintile_actionable_oc_all,2025-10,0.01652144757667562
K6_M2_quintile_actionable_oc_all,2025-11,0.002913564317377772
K6_M2_quintile_actionable_oc_all,2025-12,-0.014083285911000174
K6_M2_quintile_actionable_oc_all,2026-01,0.006362767764762748
K6_M2_quintile_actionable_oc_all,2026-02,0.015352041584314696
K6_M2_quintile_actionable_oc_all,2026-03,0.016377835567068066
K6_M2_quintile_actionable_oc_all,2026-04,0.019470791031027807
K6_M2_quintile_actionable_oc_high_market_vol,2024-11,0.0
K6_M2_quintile_actionable_oc_high_market_vol,2024-12,0.0
K6_M2_quintile_actionable_oc_high_market_vol,2025-01,0.0
K6_M2_quintile_actionable_oc_high_market_vol,2025-02,0.0007691227088851768
K6_M2_quintile_actionable_oc_high_market_vol,2025-03,0.003908405543586142
K6_M2_quintile_actionable_oc_high_market_vol,2025-04,0.001203537560980282
K6_M2_quintile_actionable_oc_high_market_vol,2025-05,0.034246681732567806
K6_M2_quintile_actionable_oc_high_market_vol,2025-06,-0.0055321380061691475
K6_M2_quintile_actionable_oc_high_market_vol,2025-07,0.0
K6_M2_quintile_actionable_oc_high_market_vol,2025-08,0.00017094745178099897
K6_M2_quintile_actionable_oc_high_market_vol,2025-09,0.0
K6_M2_quintile_actionable_oc_high_market_vol,2025-10,0.0
K6_M2_quintile_actionable_oc_high_market_vol,2025-11,0.01114397044952144
K6_M2_quintile_actionable_oc_high_market_vol,2025-12,0.0
K6_M2_quintile_actionable_oc_high_market_vol,2026-01,0.0
K6_M2_quintile_actionable_oc_high_market_vol,2026-02,0.00330604879764469
K6_M2_quintile_actionable_oc_high_market_vol,2026-03,0.016717446620664125
K6_M2_quintile_actionable_oc_high_market_vol,2026-04,0.01269606226092926
K6_M2_quintile_actionable_oc_high_noise,2024-11,0.0
K6_M2_quintile_actionable_oc_high_noise,2024-12,0.0
K6_M2_quintile_actionable_oc_high_noise,2025-01,-0.006475493863529175
K6_M2_quintile_actionable_oc_high_noise,2025-02,0.0002922882959327036
K6_M2_quintile_actionable_oc_high_noise,2025-03,0.0008016435870004572
K6_M2_quintile_actionable_oc_high_noise,2025-04,-0.012234493085539817
K6_M2_quintile_actionable_oc_high_noise,2025-05,0.015644922216786712
K6_M2_quintile_actionable_oc_high_noise,2025-06,0.020066844668076497
K6_M2_quintile_actionable_oc_high_noise,2025-07,0.004863516329935184
K6_M2_quintile_actionable_oc_high_noise,2025-08,0.0026506156905972103
K6_M2_quintile_actionable_oc_high_noise,2025-09,-0.012700619038021187
K6_M2_quintile_actionable_oc_high_noise,2025-10,0.011480568200736731
K6_M2_quintile_actionable_oc_high_noise,2025-11,-0.0011442983240453862
K6_M2_quintile_actionable_oc_high_noise,2025-12,-0.006541395229950564
K6_M2_quintile_actionable_oc_high_noise,2026-01,0.0013024867192906974
K6_M2_quintile_actionable_oc_high_noise,2026-02,0.006520985618652065
K6_M2_quintile_actionable_oc_high_noise,2026-03,0.0028039245560420494
K6_M2_quintile_actionable_oc_high_noise,2026-04,0.0049187796414627465
K6_M2_quintile_source_cc_all,2024-11,-0.017995306494088377
K6_M2_quintile_source_cc_all,2024-12,-0.016907969588797506
K6_M2_quintile_source_cc_all,2025-01,-0.023870260283771292
K6_M2_quintile_source_cc_all,2025-02,-0.0042482805623269716
K6_M2_quintile_source_cc_all,2025-03,-0.016813452069390555
K6_M2_quintile_source_cc_all,2025-04,0.002965453720871509
K6_M2_quintile_source_cc_all,2025-05,0.03514358748982338
K6_M2_quintile_source_cc_all,2025-06,-0.012798115906678963
K6_M2_quintile_source_cc_all,2025-07,0.0038966470616228965
K6_M2_quintile_source_cc_all,2025-08,-0.0006147940446021002
K6_M2_quintile_source_cc_all,2025-09,-0.05337567545796761
K6_M2_quintile_source_cc_all,2025-10,0.016625350103909517
K6_M2_quintile_source_cc_all,2025-11,0.0035319438862375964
K6_M2_quintile_source_cc_all,2025-12,-0.014608418874076868
K6_M2_quintile_source_cc_all,2026-01,0.006424054325175857
K6_M2_quintile_source_cc_all,2026-02,0.015601108976648927
K6_M2_quintile_source_cc_all,2026-03,0.0167621062893497
K6_M2_quintile_source_cc_all,2026-04,0.019339449988005783
K6_M2_quintile_source_cc_high_market_vol,2024-11,0.0
K6_M2_quintile_source_cc_high_market_vol,2024-12,0.0
K6_M2_quintile_source_cc_high_market_vol,2025-01,0.0
K6_M2_quintile_source_cc_high_market_vol,2025-02,0.0009468959193308047
K6_M2_quintile_source_cc_high_market_vol,2025-03,0.0037091947472778254
K6_M2_quintile_source_cc_high_market_vol,2025-04,0.002965453720871509
K6_M2_quintile_source_cc_high_market_vol,2025-05,0.033911426857223786
K6_M2_quintile_source_cc_high_market_vol,2025-06,-0.005475326355915508
K6_M2_quintile_source_cc_high_market_vol,2025-07,0.0
K6_M2_quintile_source_cc_high_market_vol,2025-08,0.00014632341004785013
K6_M2_quintile_source_cc_high_market_vol,2025-09,0.0
K6_M2_quintile_source_cc_high_market_vol,2025-10,0.0
K6_M2_quintile_source_cc_high_market_vol,2025-11,0.011229144455741875
K6_M2_quintile_source_cc_high_market_vol,2025-12,0.0
K6_M2_quintile_source_cc_high_market_vol,2026-01,0.0
K6_M2_quintile_source_cc_high_market_vol,2026-02,0.003565331666580146
K6_M2_quintile_source_cc_high_market_vol,2026-03,0.016918116805290657
K6_M2_quintile_source_cc_high_market_vol,2026-04,0.012854401178041578
K6_M2_quintile_source_cc_high_noise,2024-11,0.0
K6_M2_quintile_source_cc_high_noise,2024-12,0.0
K6_M2_quintile_source_cc_high_noise,2025-01,-0.006246304853793791
K6_M2_quintile_source_cc_high_noise,2025-02,0.0004636350835000543
K6_M2_quintile_source_cc_high_noise,2025-03,0.0008923079191200923
K6_M2_quintile_source_cc_high_noise,2025-04,-0.010771038709625048
K6_M2_quintile_source_cc_high_noise,2025-05,0.014940085701653921
K6_M2_quintile_source_cc_high_noise,2025-06,0.020352021618834003
K6_M2_quintile_source_cc_high_noise,2025-07,0.004863512549292689
K6_M2_quintile_source_cc_high_noise,2025-08,0.002689516831781175
K6_M2_quintile_source_cc_high_noise,2025-09,-0.013348533893520517
K6_M2_quintile_source_cc_high_noise,2025-10,0.01099116841065894
K6_M2_quintile_source_cc_high_noise,2025-11,-0.00033812616738752366
K6_M2_quintile_source_cc_high_noise,2025-12,-0.006563943055518267
K6_M2_quintile_source_cc_high_noise,2026-01,0.0011010031716011655
K6_M2_quintile_source_cc_high_noise,2026-02,0.0064811956382803204
K6_M2_quintile_source_cc_high_noise,2026-03,0.002970305421908782
K6_M2_quintile_source_cc_high_noise,2026-04,0.005008570280312151
K6_M3_decile_actionable_oc_all,2024-11,-0.06295029460134688
K6_M3_decile_actionable_oc_all,2024-12,-0.015081329273608144
K6_M3_decile_actionable_oc_all,2025-01,-0.0004075407745767791
K6_M3_decile_actionable_oc_all,2025-02,0.005784768796060141
K6_M3_decile_actionable_oc_all,2025-03,-0.03157204983087318
K6_M3_decile_actionable_oc_all,2025-04,0.008848703931899472
K6_M3_decile_actionable_oc_all,2025-05,0.042416085786195414
K6_M3_decile_actionable_oc_all,2025-06,-0.03949468822049196
K6_M3_decile_actionable_oc_all,2025-07,-0.01778410168726404
K6_M3_decile_actionable_oc_all,2025-08,0.007353493443208013
K6_M3_decile_actionable_oc_all,2025-09,-0.08584671007280849
K6_M3_decile_actionable_oc_all,2025-10,0.07329440876279344
K6_M3_decile_actionable_oc_all,2025-11,0.00036168978792862176
K6_M3_decile_actionable_oc_all,2025-12,-0.04198151876502821
K6_M3_decile_actionable_oc_all,2026-01,-0.006279912531214075
K6_M3_decile_actionable_oc_all,2026-02,0.034885409439385964
K6_M3_decile_actionable_oc_all,2026-03,0.02382796997933054
K6_M3_decile_actionable_oc_all,2026-04,0.023355431335275102
K6_M3_decile_actionable_oc_high_market_vol,2024-11,0.0
K6_M3_decile_actionable_oc_high_market_vol,2024-12,0.0
K6_M3_decile_actionable_oc_high_market_vol,2025-01,0.0
K6_M3_decile_actionable_oc_high_market_vol,2025-02,0.00899885337255132
K6_M3_decile_actionable_oc_high_market_vol,2025-03,-0.0033871185266005008
K6_M3_decile_actionable_oc_high_market_vol,2025-04,0.008848703931899472
K6_M3_decile_actionable_oc_high_market_vol,2025-05,0.04326566441002213
K6_M3_decile_actionable_oc_high_market_vol,2025-06,-0.010558754098782411
K6_M3_decile_actionable_oc_high_market_vol,2025-07,0.0
K6_M3_decile_actionable_oc_high_market_vol,2025-08,0.001122908479016168
K6_M3_decile_actionable_oc_high_market_vol,2025-09,0.0
K6_M3_decile_actionable_oc_high_market_vol,2025-10,0.0
K6_M3_decile_actionable_oc_high_market_vol,2025-11,0.008706860800509206
K6_M3_decile_actionable_oc_high_market_vol,2025-12,0.0
K6_M3_decile_actionable_oc_high_market_vol,2026-01,0.0
K6_M3_decile_actionable_oc_high_market_vol,2026-02,0.018709150521777067
K6_M3_decile_actionable_oc_high_market_vol,2026-03,0.02297898218351043
K6_M3_decile_actionable_oc_high_market_vol,2026-04,0.015450643653771414
K6_M3_decile_actionable_oc_high_noise,2024-11,0.0
K6_M3_decile_actionable_oc_high_noise,2024-12,0.0
K6_M3_decile_actionable_oc_high_noise,2025-01,-0.0006704029745259004
K6_M3_decile_actionable_oc_high_noise,2025-02,0.005643565489123974
K6_M3_decile_actionable_oc_high_noise,2025-03,-0.02867381743243944
K6_M3_decile_actionable_oc_high_noise,2025-04,0.00727310251764603
K6_M3_decile_actionable_oc_high_noise,2025-05,0.0224178588375012
K6_M3_decile_actionable_oc_high_noise,2025-06,0.016634642450273865
K6_M3_decile_actionable_oc_high_noise,2025-07,0.0006359145224591504
K6_M3_decile_actionable_oc_high_noise,2025-08,0.0036108525126615125
K6_M3_decile_actionable_oc_high_noise,2025-09,-0.03598252527871331
K6_M3_decile_actionable_oc_high_noise,2025-10,0.02438891764288063
K6_M3_decile_actionable_oc_high_noise,2025-11,-0.0027917497591708395
K6_M3_decile_actionable_oc_high_noise,2025-12,-0.01696703997496386
K6_M3_decile_actionable_oc_high_noise,2026-01,-0.018848698379087498
K6_M3_decile_actionable_oc_high_noise,2026-02,0.024434003424556615
K6_M3_decile_actionable_oc_high_noise,2026-03,0.01027043161293542
K6_M3_decile_actionable_oc_high_noise,2026-04,0.0077912227661976015
K6_M3_decile_source_cc_all,2024-11,-0.061768835365647576
K6_M3_decile_source_cc_all,2024-12,-0.014533034273706622
K6_M3_decile_source_cc_all,2025-01,0.00037068751484552534
K6_M3_decile_source_cc_all,2025-02,0.0062000725265979025
K6_M3_decile_source_cc_all,2025-03,-0.031596265762974765
K6_M3_decile_source_cc_all,2025-04,0.01127571781521004
K6_M3_decile_source_cc_all,2025-05,0.04214737657359388
K6_M3_decile_source_cc_all,2025-06,-0.03890970521685075
K6_M3_decile_source_cc_all,2025-07,-0.016665532909636738
K6_M3_decile_source_cc_all,2025-08,0.007764289926390125
K6_M3_decile_source_cc_all,2025-09,-0.08676038583017781
K6_M3_decile_source_cc_all,2025-10,0.07367773016603994
K6_M3_decile_source_cc_all,2025-11,0.0011446673316016995
K6_M3_decile_source_cc_all,2025-12,-0.042421735743537525
K6_M3_decile_source_cc_all,2026-01,-0.006006445357016825
K6_M3_decile_source_cc_all,2026-02,0.03503766062860869
K6_M3_decile_source_cc_all,2026-03,0.025026917194670654
K6_M3_decile_source_cc_all,2026-04,0.02272591779088618
K6_M3_decile_source_cc_high_market_vol,2024-11,0.0
K6_M3_decile_source_cc_high_market_vol,2024-12,0.0
K6_M3_decile_source_cc_high_market_vol,2025-01,0.0
K6_M3_decile_source_cc_high_market_vol,2025-02,0.009540127004505055
K6_M3_decile_source_cc_high_market_vol,2025-03,-0.0037340335013461923
K6_M3_decile_source_cc_high_market_vol,2025-04,0.01127571781521004
K6_M3_decile_source_cc_high_market_vol,2025-05,0.043054064962461905
K6_M3_decile_source_cc_high_market_vol,2025-06,-0.010364158427765169
K6_M3_decile_source_cc_high_market_vol,2025-07,0.0
K6_M3_decile_source_cc_high_market_vol,2025-08,0.0009915028732327567
K6_M3_decile_source_cc_high_market_vol,2025-09,0.0
K6_M3_decile_source_cc_high_market_vol,2025-10,0.0
K6_M3_decile_source_cc_high_market_vol,2025-11,0.008590849152298434
K6_M3_decile_source_cc_high_market_vol,2025-12,0.0
K6_M3_decile_source_cc_high_market_vol,2026-01,0.0
K6_M3_decile_source_cc_high_market_vol,2026-02,0.018505714089820963
K6_M3_decile_source_cc_high_market_vol,2026-03,0.024287351296379933
K6_M3_decile_source_cc_high_market_vol,2026-04,0.015487688967804539
K6_M3_decile_source_cc_high_noise,2024-11,0.0
K6_M3_decile_source_cc_high_noise,2024-12,0.0
K6_M3_decile_source_cc_high_noise,2025-01,3.926825463867979e-05
K6_M3_decile_source_cc_high_noise,2025-02,0.0058235213205362416
K6_M3_decile_source_cc_high_noise,2025-03,-0.028579607380464986
K6_M3_decile_source_cc_high_noise,2025-04,0.008928652427282035
K6_M3_decile_source_cc_high_noise,2025-05,0.021735331357993132
K6_M3_decile_source_cc_high_noise,2025-06,0.016707552629509403
K6_M3_decile_source_cc_high_noise,2025-07,0.0007475780827076643
K6_M3_decile_source_cc_high_noise,2025-08,0.003920743966005545
K6_M3_decile_source_cc_high_noise,2025-09,-0.03654390857273406
K6_M3_decile_source_cc_high_noise,2025-10,0.024039630483044333
K6_M3_decile_source_cc_high_noise,2025-11,-0.001899194770232475
K6_M3_decile_source_cc_high_noise,2025-12,-0.016952612445551192
K6_M3_decile_source_cc_high_noise,2026-01,-0.019036686833515067
K6_M3_decile_source_cc_high_noise,2026-02,0.024351770341576682
K6_M3_decile_source_cc_high_noise,2026-03,0.010670803968707414
K6_M3_decile_source_cc_high_noise,2026-04,0.007737243464234818
K6_M3_quintile_actionable_oc_all,2024-11,-0.031175884131246667
K6_M3_quintile_actionable_oc_all,2024-12,-0.017138434117605312
K6_M3_quintile_actionable_oc_all,2025-01,-0.02433487559595024
K6_M3_quintile_actionable_oc_all,2025-02,0.0036315487557292566
K6_M3_quintile_actionable_oc_all,2025-03,-0.02051419066485935
K6_M3_quintile_actionable_oc_all,2025-04,-0.012724101908507323
K6_M3_quintile_actionable_oc_all,2025-05,0.033104062793383286
K6_M3_quintile_actionable_oc_all,2025-06,-0.01876710109404589
K6_M3_quintile_actionable_oc_all,2025-07,-0.00911712102443281
K6_M3_quintile_actionable_oc_all,2025-08,0.005999651462916786
K6_M3_quintile_actionable_oc_all,2025-09,-0.06289404818755107
K6_M3_quintile_actionable_oc_all,2025-10,0.0344837359556472
K6_M3_quintile_actionable_oc_all,2025-11,0.008025733002441084
K6_M3_quintile_actionable_oc_all,2025-12,-0.024861542565345156
K6_M3_quintile_actionable_oc_all,2026-01,-0.006098809999328813
K6_M3_quintile_actionable_oc_all,2026-02,0.03386498830390397
K6_M3_quintile_actionable_oc_all,2026-03,0.02285474630542866
K6_M3_quintile_actionable_oc_all,2026-04,0.022649121541878776
K6_M3_quintile_actionable_oc_high_market_vol,2024-11,0.0
K6_M3_quintile_actionable_oc_high_market_vol,2024-12,0.0
K6_M3_quintile_actionable_oc_high_market_vol,2025-01,0.0
K6_M3_quintile_actionable_oc_high_market_vol,2025-02,0.008988158120409713
K6_M3_quintile_actionable_oc_high_market_vol,2025-03,-0.0030947784623432395
K6_M3_quintile_actionable_oc_high_market_vol,2025-04,-0.012724101908507323
K6_M3_quintile_actionable_oc_high_market_vol,2025-05,0.03243681826790717
K6_M3_quintile_actionable_oc_high_market_vol,2025-06,-0.007605677244875713
K6_M3_quintile_actionable_oc_high_market_vol,2025-07,0.0
K6_M3_quintile_actionable_oc_high_market_vol,2025-08,0.0056120261993724135
K6_M3_quintile_actionable_oc_high_market_vol,2025-09,0.0
K6_M3_quintile_actionable_oc_high_market_vol,2025-10,0.0
K6_M3_quintile_actionable_oc_high_market_vol,2025-11,0.012919291231409292
K6_M3_quintile_actionable_oc_high_market_vol,2025-12,0.0
K6_M3_quintile_actionable_oc_high_market_vol,2026-01,0.0
K6_M3_quintile_actionable_oc_high_market_vol,2026-02,0.018780661826913726
K6_M3_quintile_actionable_oc_high_market_vol,2026-03,0.016838664041314157
K6_M3_quintile_actionable_oc_high_market_vol,2026-04,0.016795486022984633
K6_M3_quintile_actionable_oc_high_noise,2024-11,0.0
K6_M3_quintile_actionable_oc_high_noise,2024-12,0.0
K6_M3_quintile_actionable_oc_high_noise,2025-01,-0.00796521906352841
K6_M3_quintile_actionable_oc_high_noise,2025-02,0.006007752407118519
K6_M3_quintile_actionable_oc_high_noise,2025-03,-0.010818846690524225
K6_M3_quintile_actionable_oc_high_noise,2025-04,-0.016419984494193216
K6_M3_quintile_actionable_oc_high_noise,2025-05,0.014872335911036618
K6_M3_quintile_actionable_oc_high_noise,2025-06,0.004137715649594187
K6_M3_quintile_actionable_oc_high_noise,2025-07,0.00020737756578481485
K6_M3_quintile_actionable_oc_high_noise,2025-08,0.002044862901636988
K6_M3_quintile_actionable_oc_high_noise,2025-09,-0.02928199711149424
K6_M3_quintile_actionable_oc_high_noise,2025-10,0.012965650860602862
K6_M3_quintile_actionable_oc_high_noise,2025-11,-0.0008755747174988213
K6_M3_quintile_actionable_oc_high_noise,2025-12,-0.01505731167591423
K6_M3_quintile_actionable_oc_high_noise,2026-01,-0.008694752957938623
K6_M3_quintile_actionable_oc_high_noise,2026-02,0.028004341702316887
K6_M3_quintile_actionable_oc_high_noise,2026-03,0.007168028191347223
K6_M3_quintile_actionable_oc_high_noise,2026-04,0.012789367248180796
K6_M3_quintile_source_cc_all,2024-11,-0.030156482242974795
K6_M3_quintile_source_cc_all,2024-12,-0.01732082996291804
K6_M3_quintile_source_cc_all,2025-01,-0.023943850403494667
K6_M3_quintile_source_cc_all,2025-02,0.0037240344813936226
K6_M3_quintile_source_cc_all,2025-03,-0.021112410079117412
K6_M3_quintile_source_cc_all,2025-04,-0.011210212560804084
K6_M3_quintile_source_cc_all,2025-05,0.032679620110044744
K6_M3_quintile_source_cc_all,2025-06,-0.01831061867813487
K6_M3_quintile_source_cc_all,2025-07,-0.008452895623549513
K6_M3_quintile_source_cc_all,2025-08,0.006254290369419893
K6_M3_quintile_source_cc_all,2025-09,-0.06369862896227053
K6_M3_quintile_source_cc_all,2025-10,0.03460095176283695
K6_M3_quintile_source_cc_all,2025-11,0.008243939632585089
K6_M3_quintile_source_cc_all,2025-12,-0.025071335951857218
K6_M3_quintile_source_cc_all,2026-01,-0.006094111357019851
K6_M3_quintile_source_cc_all,2026-02,0.03370443175107001
K6_M3_quintile_source_cc_all,2026-03,0.02353103610953106
K6_M3_quintile_source_cc_all,2026-04,0.02262116845712182
K6_M3_quintile_source_cc_high_market_vol,2024-11,0.0
K6_M3_quintile_source_cc_high_market_vol,2024-12,0.0
K6_M3_quintile_source_cc_high_market_vol,2025-01,0.0
K6_M3_quintile_source_cc_high_market_vol,2025-02,0.00926339311585354
K6_M3_quintile_source_cc_high_market_vol,2025-03,-0.0033068777921894327
K6_M3_quintile_source_cc_high_market_vol,2025-04,-0.011210212560804084
K6_M3_quintile_source_cc_high_market_vol,2025-05,0.03212577077621263
K6_M3_quintile_source_cc_high_market_vol,2025-06,-0.007539609414048889
K6_M3_quintile_source_cc_high_market_vol,2025-07,0.0
K6_M3_quintile_source_cc_high_market_vol,2025-08,0.005512987117721274
K6_M3_quintile_source_cc_high_market_vol,2025-09,0.0
K6_M3_quintile_source_cc_high_market_vol,2025-10,0.0
K6_M3_quintile_source_cc_high_market_vol,2025-11,0.012909819774557841
K6_M3_quintile_source_cc_high_market_vol,2025-12,0.0
K6_M3_quintile_source_cc_high_market_vol,2026-01,0.0
K6_M3_quintile_source_cc_high_market_vol,2026-02,0.018586603576869337
K6_M3_quintile_source_cc_high_market_vol,2026-03,0.017310112545982713
K6_M3_quintile_source_cc_high_market_vol,2026-04,0.01719758355537443
K6_M3_quintile_source_cc_high_noise,2024-11,0.0
K6_M3_quintile_source_cc_high_noise,2024-12,0.0
K6_M3_quintile_source_cc_high_noise,2025-01,-0.007669212298285914
K6_M3_quintile_source_cc_high_noise,2025-02,0.006256610562621187
K6_M3_quintile_source_cc_high_noise,2025-03,-0.010901431305397485
K6_M3_quintile_source_cc_high_noise,2025-04,-0.015027126348858472
K6_M3_quintile_source_cc_high_noise,2025-05,0.014267741300390716
K6_M3_quintile_source_cc_high_noise,2025-06,0.004396641148713512
K6_M3_quintile_source_cc_high_noise,2025-07,0.00024673496499080685
K6_M3_quintile_source_cc_high_noise,2025-08,0.0021192461386700463
K6_M3_quintile_source_cc_high_noise,2025-09,-0.0297534858794147
K6_M3_quintile_source_cc_high_noise,2025-10,0.01262355515485598
K6_M3_quintile_source_cc_high_noise,2025-11,-0.00021882564997297764
K6_M3_quintile_source_cc_high_noise,2025-12,-0.014874900847925008
K6_M3_quintile_source_cc_high_noise,2026-01,-0.008826109143093407
K6_M3_quintile_source_cc_high_noise,2026-02,0.027734755545509793
K6_M3_quintile_source_cc_high_noise,2026-03,0.0075724961274101985
K6_M3_quintile_source_cc_high_noise,2026-04,0.012754615881794853
K6_M4_decile_actionable_oc_all,2024-11,-0.057550273873323884
K6_M4_decile_actionable_oc_all,2024-12,-0.020072919313946558
K6_M4_decile_actionable_oc_all,2025-01,0.014584786094074393
K6_M4_decile_actionable_oc_all,2025-02,-0.0005121776729368685
K6_M4_decile_actionable_oc_all,2025-03,-0.06235271579356833
K6_M4_decile_actionable_oc_all,2025-04,-0.010472680612453747
K6_M4_decile_actionable_oc_all,2025-05,0.030770720553369997
K6_M4_decile_actionable_oc_all,2025-06,-0.04594199171349198
K6_M4_decile_actionable_oc_all,2025-07,-0.00839742753789233
K6_M4_decile_actionable_oc_all,2025-08,-0.016990633439506953
K6_M4_decile_actionable_oc_all,2025-09,-0.06145320524886222
K6_M4_decile_actionable_oc_all,2025-10,0.04547320669994384
K6_M4_decile_actionable_oc_all,2025-11,-0.004923383849787694
K6_M4_decile_actionable_oc_all,2025-12,-0.022768190187432386
K6_M4_decile_actionable_oc_all,2026-01,-0.011665773401240094
K6_M4_decile_actionable_oc_all,2026-02,0.05208702042181492
K6_M4_decile_actionable_oc_all,2026-03,0.031716953480228564
K6_M4_decile_actionable_oc_all,2026-04,0.018316461755869408
K6_M4_decile_actionable_oc_high_market_vol,2024-11,0.0
K6_M4_decile_actionable_oc_high_market_vol,2024-12,0.0
K6_M4_decile_actionable_oc_high_market_vol,2025-01,0.0
K6_M4_decile_actionable_oc_high_market_vol,2025-02,0.007874482302357159
K6_M4_decile_actionable_oc_high_market_vol,2025-03,-0.01231899592606753
K6_M4_decile_actionable_oc_high_market_vol,2025-04,-0.010472680612453747
K6_M4_decile_actionable_oc_high_market_vol,2025-05,0.03414428175652935
K6_M4_decile_actionable_oc_high_market_vol,2025-06,-0.007261431918659197
K6_M4_decile_actionable_oc_high_market_vol,2025-07,0.0
K6_M4_decile_actionable_oc_high_market_vol,2025-08,-0.006932525122241018
K6_M4_decile_actionable_oc_high_market_vol,2025-09,0.0
K6_M4_decile_actionable_oc_high_market_vol,2025-10,0.0
K6_M4_decile_actionable_oc_high_market_vol,2025-11,0.008374332822571894
K6_M4_decile_actionable_oc_high_market_vol,2025-12,0.0
K6_M4_decile_actionable_oc_high_market_vol,2026-01,0.0
K6_M4_decile_actionable_oc_high_market_vol,2026-02,0.024105547888818454
K6_M4_decile_actionable_oc_high_market_vol,2026-03,0.01785574262849577
K6_M4_decile_actionable_oc_high_market_vol,2026-04,0.01771383462951065
K6_M4_decile_actionable_oc_high_noise,2024-11,0.0
K6_M4_decile_actionable_oc_high_noise,2024-12,0.0
K6_M4_decile_actionable_oc_high_noise,2025-01,-0.0017589594068382352
K6_M4_decile_actionable_oc_high_noise,2025-02,0.003598856580244593
K6_M4_decile_actionable_oc_high_noise,2025-03,-0.02634505299452658
K6_M4_decile_actionable_oc_high_noise,2025-04,-0.0037839351837431123
K6_M4_decile_actionable_oc_high_noise,2025-05,0.007330161456337688
K6_M4_decile_actionable_oc_high_noise,2025-06,0.0015104569673845053
K6_M4_decile_actionable_oc_high_noise,2025-07,0.00018534722957050864
K6_M4_decile_actionable_oc_high_noise,2025-08,0.001073809328248294
K6_M4_decile_actionable_oc_high_noise,2025-09,-0.03470629860433866
K6_M4_decile_actionable_oc_high_noise,2025-10,0.01790839804742266
K6_M4_decile_actionable_oc_high_noise,2025-11,-0.005525055102174066
K6_M4_decile_actionable_oc_high_noise,2025-12,-0.009017040271034175
K6_M4_decile_actionable_oc_high_noise,2026-01,-0.01326175611642233
K6_M4_decile_actionable_oc_high_noise,2026-02,0.03621996428610875
K6_M4_decile_actionable_oc_high_noise,2026-03,0.018516412372009586
K6_M4_decile_actionable_oc_high_noise,2026-04,-0.011310405996574444
K6_M4_decile_source_cc_all,2024-11,-0.056362610400972124
K6_M4_decile_source_cc_all,2024-12,-0.020156061117315768
K6_M4_decile_source_cc_all,2025-01,0.015451154462207975
K6_M4_decile_source_cc_all,2025-02,8.370778595689823e-05
K6_M4_decile_source_cc_all,2025-03,-0.06241168674143032
K6_M4_decile_source_cc_all,2025-04,-0.008049126039278404
K6_M4_decile_source_cc_all,2025-05,0.03047022405360775
K6_M4_decile_source_cc_all,2025-06,-0.04556268169956993
K6_M4_decile_source_cc_all,2025-07,-0.00767921510405388
K6_M4_decile_source_cc_all,2025-08,-0.016776947014284258
K6_M4_decile_source_cc_all,2025-09,-0.06186545636257115
K6_M4_decile_source_cc_all,2025-10,0.045483946590721594
K6_M4_decile_source_cc_all,2025-11,-0.004391180177870891
K6_M4_decile_source_cc_all,2025-12,-0.023005611954480996
K6_M4_decile_source_cc_all,2026-01,-0.011826102812388401
K6_M4_decile_source_cc_all,2026-02,0.051971750032919574
K6_M4_decile_source_cc_all,2026-03,0.03277755952331746
K6_M4_decile_source_cc_all,2026-04,0.018106359634040975
K6_M4_decile_source_cc_high_market_vol,2024-11,0.0
K6_M4_decile_source_cc_high_market_vol,2024-12,0.0
K6_M4_decile_source_cc_high_market_vol,2025-01,0.0
K6_M4_decile_source_cc_high_market_vol,2025-02,0.008711421867855798
K6_M4_decile_source_cc_high_market_vol,2025-03,-0.012796339719677637
K6_M4_decile_source_cc_high_market_vol,2025-04,-0.008049126039278404
K6_M4_decile_source_cc_high_market_vol,2025-05,0.03379174077370062
K6_M4_decile_source_cc_high_market_vol,2025-06,-0.007145189481904607
K6_M4_decile_source_cc_high_market_vol,2025-07,0.0
K6_M4_decile_source_cc_high_market_vol,2025-08,-0.007131073534608185
K6_M4_decile_source_cc_high_market_vol,2025-09,0.0
K6_M4_decile_source_cc_high_market_vol,2025-10,0.0
K6_M4_decile_source_cc_high_market_vol,2025-11,0.008429309147268823
K6_M4_decile_source_cc_high_market_vol,2025-12,0.0
K6_M4_decile_source_cc_high_market_vol,2026-01,0.0
K6_M4_decile_source_cc_high_market_vol,2026-02,0.023781954656039835
K6_M4_decile_source_cc_high_market_vol,2026-03,0.01904360118321193
K6_M4_decile_source_cc_high_market_vol,2026-04,0.018087803756377495
K6_M4_decile_source_cc_high_noise,2024-11,0.0
K6_M4_decile_source_cc_high_noise,2024-12,0.0
K6_M4_decile_source_cc_high_noise,2025-01,-0.0010517573455098596
K6_M4_decile_source_cc_high_noise,2025-02,0.0041747833736925114
K6_M4_decile_source_cc_high_noise,2025-03,-0.026166100344374818
K6_M4_decile_source_cc_high_noise,2025-04,-0.002443070232572359
K6_M4_decile_source_cc_high_noise,2025-05,0.006468856397968837
K6_M4_decile_source_cc_high_noise,2025-06,0.0014835230185983594
K6_M4_decile_source_cc_high_noise,2025-07,0.0002585514240921083
K6_M4_decile_source_cc_high_noise,2025-08,0.0013859014196189456
K6_M4_decile_source_cc_high_noise,2025-09,-0.03499358034961548
K6_M4_decile_source_cc_high_noise,2025-10,0.01770752762633914
K6_M4_decile_source_cc_high_noise,2025-11,-0.0049501526427616765
K6_M4_decile_source_cc_high_noise,2025-12,-0.009110919271384993
K6_M4_decile_source_cc_high_noise,2026-01,-0.01355595645324213
K6_M4_decile_source_cc_high_noise,2026-02,0.03608702539142499
K6_M4_decile_source_cc_high_noise,2026-03,0.018615561326395726
K6_M4_decile_source_cc_high_noise,2026-04,-0.011034134059049062
K6_M4_quintile_actionable_oc_all,2024-11,-0.028920654873548834
K6_M4_quintile_actionable_oc_all,2024-12,-0.00709532786794865
K6_M4_quintile_actionable_oc_all,2025-01,-0.01713330421464003
K6_M4_quintile_actionable_oc_all,2025-02,0.005160245491203676
K6_M4_quintile_actionable_oc_all,2025-03,-0.035745891951508325
K6_M4_quintile_actionable_oc_all,2025-04,-0.009285031556796794
K6_M4_quintile_actionable_oc_all,2025-05,0.03298460687663991
K6_M4_quintile_actionable_oc_all,2025-06,-0.01663788620004683
K6_M4_quintile_actionable_oc_all,2025-07,-0.011880507714140336
K6_M4_quintile_actionable_oc_all,2025-08,-0.006172712440369347
K6_M4_quintile_actionable_oc_all,2025-09,-0.05060953349967575
K6_M4_quintile_actionable_oc_all,2025-10,0.026963226373982557
K6_M4_quintile_actionable_oc_all,2025-11,0.005950958526722044
K6_M4_quintile_actionable_oc_all,2025-12,-0.015345860137579388
K6_M4_quintile_actionable_oc_all,2026-01,-0.007216593136061545
K6_M4_quintile_actionable_oc_all,2026-02,0.033595744081523396
K6_M4_quintile_actionable_oc_all,2026-03,0.02385688778950127
K6_M4_quintile_actionable_oc_all,2026-04,0.024290753191036733
K6_M4_quintile_actionable_oc_high_market_vol,2024-11,0.0
K6_M4_quintile_actionable_oc_high_market_vol,2024-12,0.0
K6_M4_quintile_actionable_oc_high_market_vol,2025-01,0.0
K6_M4_quintile_actionable_oc_high_market_vol,2025-02,0.01219177714329489
K6_M4_quintile_actionable_oc_high_market_vol,2025-03,-0.00916001172092114
K6_M4_quintile_actionable_oc_high_market_vol,2025-04,-0.009285031556796794
K6_M4_quintile_actionable_oc_high_market_vol,2025-05,0.03161752311574514
K6_M4_quintile_actionable_oc_high_market_vol,2025-06,-0.005377603703886653
K6_M4_quintile_actionable_oc_high_market_vol,2025-07,0.0
K6_M4_quintile_actionable_oc_high_market_vol,2025-08,0.0013452160284314857
K6_M4_quintile_actionable_oc_high_market_vol,2025-09,0.0
K6_M4_quintile_actionable_oc_high_market_vol,2025-10,0.0
K6_M4_quintile_actionable_oc_high_market_vol,2025-11,0.014212635191459445
K6_M4_quintile_actionable_oc_high_market_vol,2025-12,0.0
K6_M4_quintile_actionable_oc_high_market_vol,2026-01,0.0
K6_M4_quintile_actionable_oc_high_market_vol,2026-02,0.015699967841390345
K6_M4_quintile_actionable_oc_high_market_vol,2026-03,0.008296571547677671
K6_M4_quintile_actionable_oc_high_market_vol,2026-04,0.023994667373144728
K6_M4_quintile_actionable_oc_high_noise,2024-11,0.0
K6_M4_quintile_actionable_oc_high_noise,2024-12,0.0
K6_M4_quintile_actionable_oc_high_noise,2025-01,-0.003967923305206058
K6_M4_quintile_actionable_oc_high_noise,2025-02,0.0047911614277640945
K6_M4_quintile_actionable_oc_high_noise,2025-03,-0.0028126614167947412
K6_M4_quintile_actionable_oc_high_noise,2025-04,-0.010904410196238931
K6_M4_quintile_actionable_oc_high_noise,2025-05,0.009166856888212147
K6_M4_quintile_actionable_oc_high_noise,2025-06,-0.0007416291497120073
K6_M4_quintile_actionable_oc_high_noise,2025-07,-0.0025335057556918634
K6_M4_quintile_actionable_oc_high_noise,2025-08,0.0036305004441386304
K6_M4_quintile_actionable_oc_high_noise,2025-09,-0.027885497778741976
K6_M4_quintile_actionable_oc_high_noise,2025-10,0.011274345133493917
K6_M4_quintile_actionable_oc_high_noise,2025-11,0.0054858222417390025
K6_M4_quintile_actionable_oc_high_noise,2025-12,-0.010094176642941113
K6_M4_quintile_actionable_oc_high_noise,2026-01,-0.005511755175416856
K6_M4_quintile_actionable_oc_high_noise,2026-02,0.030923014153603618
K6_M4_quintile_actionable_oc_high_noise,2026-03,0.012553244369199749
K6_M4_quintile_actionable_oc_high_noise,2026-04,-0.0004215082084023918
K6_M4_quintile_source_cc_all,2024-11,-0.02794432063709698
K6_M4_quintile_source_cc_all,2024-12,-0.007501965302058564
K6_M4_quintile_source_cc_all,2025-01,-0.016727537078780188
K6_M4_quintile_source_cc_all,2025-02,0.0053256348744608936
K6_M4_quintile_source_cc_all,2025-03,-0.036404042700543336
K6_M4_quintile_source_cc_all,2025-04,-0.007860489790305934
K6_M4_quintile_source_cc_all,2025-05,0.03258559229295338
K6_M4_quintile_source_cc_all,2025-06,-0.01645095604663563
K6_M4_quintile_source_cc_all,2025-07,-0.011360140886107217
K6_M4_quintile_source_cc_all,2025-08,-0.006052702206204259
K6_M4_quintile_source_cc_all,2025-09,-0.05109898208317494
K6_M4_quintile_source_cc_all,2025-10,0.026922170202666164
K6_M4_quintile_source_cc_all,2025-11,0.006130633958745213
K6_M4_quintile_source_cc_all,2025-12,-0.015482340714377785
K6_M4_quintile_source_cc_all,2026-01,-0.007394521311392299
K6_M4_quintile_source_cc_all,2026-02,0.03342673244130058
K6_M4_quintile_source_cc_all,2026-03,0.024561231263554716
K6_M4_quintile_source_cc_all,2026-04,0.024206841205546937
K6_M4_quintile_source_cc_high_market_vol,2024-11,0.0
K6_M4_quintile_source_cc_high_market_vol,2024-12,0.0
K6_M4_quintile_source_cc_high_market_vol,2025-01,0.0
K6_M4_quintile_source_cc_high_market_vol,2025-02,0.012610557813136048
K6_M4_quintile_source_cc_high_market_vol,2025-03,-0.009502786358213071
K6_M4_quintile_source_cc_high_market_vol,2025-04,-0.007860489790305934
K6_M4_quintile_source_cc_high_market_vol,2025-05,0.03126273525528095
K6_M4_quintile_source_cc_high_market_vol,2025-06,-0.005362882647410675
K6_M4_quintile_source_cc_high_market_vol,2025-07,0.0
K6_M4_quintile_source_cc_high_market_vol,2025-08,0.0012436561687311563
K6_M4_quintile_source_cc_high_market_vol,2025-09,0.0
K6_M4_quintile_source_cc_high_market_vol,2025-10,0.0
K6_M4_quintile_source_cc_high_market_vol,2025-11,0.01430571343591998
K6_M4_quintile_source_cc_high_market_vol,2025-12,0.0
K6_M4_quintile_source_cc_high_market_vol,2026-01,0.0
K6_M4_quintile_source_cc_high_market_vol,2026-02,0.01545761286046211
K6_M4_quintile_source_cc_high_market_vol,2026-03,0.008829255096162477
K6_M4_quintile_source_cc_high_market_vol,2026-04,0.024269863174784453
K6_M4_quintile_source_cc_high_noise,2024-11,0.0
K6_M4_quintile_source_cc_high_noise,2024-12,0.0
K6_M4_quintile_source_cc_high_noise,2025-01,-0.0036265867244420925
K6_M4_quintile_source_cc_high_noise,2025-02,0.005185890635158728
K6_M4_quintile_source_cc_high_noise,2025-03,-0.0029755908612626803
K6_M4_quintile_source_cc_high_noise,2025-04,-0.009948837549940623
K6_M4_quintile_source_cc_high_noise,2025-05,0.008547750068098107
K6_M4_quintile_source_cc_high_noise,2025-06,-0.0006523712541069687
K6_M4_quintile_source_cc_high_noise,2025-07,-0.0025145347910075066
K6_M4_quintile_source_cc_high_noise,2025-08,0.003681189120000004
K6_M4_quintile_source_cc_high_noise,2025-09,-0.028154965222767867
K6_M4_quintile_source_cc_high_noise,2025-10,0.0110327532799286
K6_M4_quintile_source_cc_high_noise,2025-11,0.005948054867472704
K6_M4_quintile_source_cc_high_noise,2025-12,-0.010022809139114281
K6_M4_quintile_source_cc_high_noise,2026-01,-0.005802379528452165
K6_M4_quintile_source_cc_high_noise,2026-02,0.030754720362794065
K6_M4_quintile_source_cc_high_noise,2026-03,0.012862878673836068
K6_M4_quintile_source_cc_high_noise,2026-04,-0.0003265982367725573
K6_M6_decile_actionable_oc_all,2024-11,-0.010578388979887148
K6_M6_decile_actionable_oc_all,2024-12,0.01063873744278149
K6_M6_decile_actionable_oc_all,2025-01,0.011442197464544418
K6_M6_decile_actionable_oc_all,2025-02,-0.017823065254637258
K6_M6_decile_actionable_oc_all,2025-03,-0.05292331400522188
K6_M6_decile_actionable_oc_all,2025-04,0.01568983208168797
K6_M6_decile_actionable_oc_all,2025-05,0.0232571395952543
K6_M6_decile_actionable_oc_all,2025-06,-0.038193519932670505
K6_M6_decile_actionable_oc_all,2025-07,0.0052352028617723275
K6_M6_decile_actionable_oc_all,2025-08,-0.009779785113423277
K6_M6_decile_actionable_oc_all,2025-09,-0.024067643387834764
K6_M6_decile_actionable_oc_all,2025-10,-0.006048687300073123
K6_M6_decile_actionable_oc_all,2025-11,-0.002427403226145315
K6_M6_decile_actionable_oc_all,2025-12,0.011332074597989635
K6_M6_decile_actionable_oc_all,2026-01,0.007318298355682831
K6_M6_decile_actionable_oc_all,2026-02,0.031272717504059494
K6_M6_decile_actionable_oc_all,2026-03,-0.012682643747023582
K6_M6_decile_actionable_oc_all,2026-04,0.010836596347307605
K6_M6_decile_actionable_oc_high_market_vol,2024-11,0.0
K6_M6_decile_actionable_oc_high_market_vol,2024-12,0.0
K6_M6_decile_actionable_oc_high_market_vol,2025-01,0.0
K6_M6_decile_actionable_oc_high_market_vol,2025-02,-0.0002477736796747767
K6_M6_decile_actionable_oc_high_market_vol,2025-03,-0.009652603719223607
K6_M6_decile_actionable_oc_high_market_vol,2025-04,0.01568983208168797
K6_M6_decile_actionable_oc_high_market_vol,2025-05,0.02712953709688669
K6_M6_decile_actionable_oc_high_market_vol,2025-06,-0.014307915356070514
K6_M6_decile_actionable_oc_high_market_vol,2025-07,0.0
K6_M6_decile_actionable_oc_high_market_vol,2025-08,-0.010743091678056269
K6_M6_decile_actionable_oc_high_market_vol,2025-09,0.0
K6_M6_decile_actionable_oc_high_market_vol,2025-10,0.0
K6_M6_decile_actionable_oc_high_market_vol,2025-11,0.00670390967528555
K6_M6_decile_actionable_oc_high_market_vol,2025-12,0.0
K6_M6_decile_actionable_oc_high_market_vol,2026-01,0.0
K6_M6_decile_actionable_oc_high_market_vol,2026-02,0.025869274196167195
K6_M6_decile_actionable_oc_high_market_vol,2026-03,-0.0074757051967532274
K6_M6_decile_actionable_oc_high_market_vol,2026-04,0.011218321143052334
K6_M6_decile_actionable_oc_high_noise,2024-11,0.0
K6_M6_decile_actionable_oc_high_noise,2024-12,0.0
K6_M6_decile_actionable_oc_high_noise,2025-01,-0.0021059717950418517
K6_M6_decile_actionable_oc_high_noise,2025-02,-0.01080785142071842
K6_M6_decile_actionable_oc_high_noise,2025-03,-0.036289096654580744
K6_M6_decile_actionable_oc_high_noise,2025-04,0.012687124036084428
K6_M6_decile_actionable_oc_high_noise,2025-05,-0.0002231904981047604
K6_M6_decile_actionable_oc_high_noise,2025-06,-0.005102837598762447
K6_M6_decile_actionable_oc_high_noise,2025-07,0.0007436815745284773
K6_M6_decile_actionable_oc_high_noise,2025-08,-0.0028290782159363023
K6_M6_decile_actionable_oc_high_noise,2025-09,-0.03312249437162074
K6_M6_decile_actionable_oc_high_noise,2025-10,0.0032631727655056657
K6_M6_decile_actionable_oc_high_noise,2025-11,-0.003764888370005716
K6_M6_decile_actionable_oc_high_noise,2025-12,0.0018826869026715267
K6_M6_decile_actionable_oc_high_noise,2026-01,-0.0028604812059167565
K6_M6_decile_actionable_oc_high_noise,2026-02,0.02740635846333538
K6_M6_decile_actionable_oc_high_noise,2026-03,-0.002795653429240391
K6_M6_decile_actionable_oc_high_noise,2026-04,-0.015369578723929384
K6_M6_decile_source_cc_all,2024-11,-0.01024746288269071
K6_M6_decile_source_cc_all,2024-12,0.011312935807137096
K6_M6_decile_source_cc_all,2025-01,0.011877416678889018
K6_M6_decile_source_cc_all,2025-02,-0.0177309543706367
K6_M6_decile_source_cc_all,2025-03,-0.05335647644097528
K6_M6_decile_source_cc_all,2025-04,0.01644143024543693
K6_M6_decile_source_cc_all,2025-05,0.0234549528089038
K6_M6_decile_source_cc_all,2025-06,-0.037818559787676675
K6_M6_decile_source_cc_all,2025-07,0.006034750679765852
K6_M6_decile_source_cc_all,2025-08,-0.009647230944468736
K6_M6_decile_source_cc_all,2025-09,-0.023950152121767803
K6_M6_decile_source_cc_all,2025-10,-0.006149428736197805
K6_M6_decile_source_cc_all,2025-11,-0.0019081793627251519
K6_M6_decile_source_cc_all,2025-12,0.011001653855986376
K6_M6_decile_source_cc_all,2026-01,0.0073791964716284075
K6_M6_decile_source_cc_all,2026-02,0.03106854895120969
K6_M6_decile_source_cc_all,2026-03,-0.011939332278392655
K6_M6_decile_source_cc_all,2026-04,0.010447762516100523
K6_M6_decile_source_cc_high_market_vol,2024-11,0.0
K6_M6_decile_source_cc_high_market_vol,2024-12,0.0
K6_M6_decile_source_cc_high_market_vol,2025-01,0.0
K6_M6_decile_source_cc_high_market_vol,2025-02,0.00039581039768213627
K6_M6_decile_source_cc_high_market_vol,2025-03,-0.010256215879791239
K6_M6_decile_source_cc_high_market_vol,2025-04,0.01644143024543693
K6_M6_decile_source_cc_high_market_vol,2025-05,0.027473835342644738
K6_M6_decile_source_cc_high_market_vol,2025-06,-0.014234995103990157
K6_M6_decile_source_cc_high_market_vol,2025-07,0.0
K6_M6_decile_source_cc_high_market_vol,2025-08,-0.010735368540358396
K6_M6_decile_source_cc_high_market_vol,2025-09,0.0
K6_M6_decile_source_cc_high_market_vol,2025-10,0.0
K6_M6_decile_source_cc_high_market_vol,2025-11,0.006768630722074587
K6_M6_decile_source_cc_high_market_vol,2025-12,0.0
K6_M6_decile_source_cc_high_market_vol,2026-01,0.0
K6_M6_decile_source_cc_high_market_vol,2026-02,0.02568992310241141
K6_M6_decile_source_cc_high_market_vol,2026-03,-0.006869871610407124
K6_M6_decile_source_cc_high_market_vol,2026-04,0.011047189909344501
K6_M6_decile_source_cc_high_noise,2024-11,0.0
K6_M6_decile_source_cc_high_noise,2024-12,0.0
K6_M6_decile_source_cc_high_noise,2025-01,-0.0017973498900107003
K6_M6_decile_source_cc_high_noise,2025-02,-0.01037655037204558
K6_M6_decile_source_cc_high_noise,2025-03,-0.03636538733812411
K6_M6_decile_source_cc_high_noise,2025-04,0.012741654593122851
K6_M6_decile_source_cc_high_noise,2025-05,-0.0007486828204799709
K6_M6_decile_source_cc_high_noise,2025-06,-0.005121117993669353
K6_M6_decile_source_cc_high_noise,2025-07,0.000813217196880887
K6_M6_decile_source_cc_high_noise,2025-08,-0.002679193914521587
K6_M6_decile_source_cc_high_noise,2025-09,-0.033024061983563086
K6_M6_decile_source_cc_high_noise,2025-10,0.0030971862145046485
K6_M6_decile_source_cc_high_noise,2025-11,-0.003326690873402468
K6_M6_decile_source_cc_high_noise,2025-12,0.0018163071783959383
K6_M6_decile_source_cc_high_noise,2026-01,-0.0029255089203988486
K6_M6_decile_source_cc_high_noise,2026-02,0.026987119422699903
K6_M6_decile_source_cc_high_noise,2026-03,-0.0023832567612016536
K6_M6_decile_source_cc_high_noise,2026-04,-0.01540143037546311
K6_M6_quintile_actionable_oc_all,2024-11,-0.0051187649661102695
K6_M6_quintile_actionable_oc_all,2024-12,0.015797993494453128
K6_M6_quintile_actionable_oc_all,2025-01,-0.007187326535392312
K6_M6_quintile_actionable_oc_all,2025-02,-0.014131518676495619
K6_M6_quintile_actionable_oc_all,2025-03,-0.01949333919329424
K6_M6_quintile_actionable_oc_all,2025-04,-0.0026629405813580337
K6_M6_quintile_actionable_oc_all,2025-05,0.029219111645726974
K6_M6_quintile_actionable_oc_all,2025-06,-0.01243190692999128
K6_M6_quintile_actionable_oc_all,2025-07,0.004400024261733382
K6_M6_quintile_actionable_oc_all,2025-08,0.00059848241508407
K6_M6_quintile_actionable_oc_all,2025-09,-0.024678723436729805
K6_M6_quintile_actionable_oc_all,2025-10,-0.006072160221698193
K6_M6_quintile_actionable_oc_all,2025-11,-0.0003314281067188263
K6_M6_quintile_actionable_oc_all,2025-12,-0.0018820305516262718
K6_M6_quintile_actionable_oc_all,2026-01,0.002841280750268356
K6_M6_quintile_actionable_oc_all,2026-02,0.022749589600703807
K6_M6_quintile_actionable_oc_all,2026-03,0.0037361255194410846
K6_M6_quintile_actionable_oc_all,2026-04,0.018138037189451027
K6_M6_quintile_actionable_oc_high_market_vol,2024-11,0.0
K6_M6_quintile_actionable_oc_high_market_vol,2024-12,0.0
K6_M6_quintile_actionable_oc_high_market_vol,2025-01,0.0
K6_M6_quintile_actionable_oc_high_market_vol,2025-02,0.005442648890022344
K6_M6_quintile_actionable_oc_high_market_vol,2025-03,0.0008801269868395287
K6_M6_quintile_actionable_oc_high_market_vol,2025-04,-0.0026629405813580337
K6_M6_quintile_actionable_oc_high_market_vol,2025-05,0.02915627382057635
K6_M6_quintile_actionable_oc_high_market_vol,2025-06,-0.0073936038042898035
K6_M6_quintile_actionable_oc_high_market_vol,2025-07,0.0
K6_M6_quintile_actionable_oc_high_market_vol,2025-08,0.0006495318183610415
K6_M6_quintile_actionable_oc_high_market_vol,2025-09,0.0
K6_M6_quintile_actionable_oc_high_market_vol,2025-10,0.0
K6_M6_quintile_actionable_oc_high_market_vol,2025-11,0.00966642611450544
K6_M6_quintile_actionable_oc_high_market_vol,2025-12,0.0
K6_M6_quintile_actionable_oc_high_market_vol,2026-01,0.0
K6_M6_quintile_actionable_oc_high_market_vol,2026-02,0.02107985463103864
K6_M6_quintile_actionable_oc_high_market_vol,2026-03,-0.007139669717547821
K6_M6_quintile_actionable_oc_high_market_vol,2026-04,0.02040953108427633
K6_M6_quintile_actionable_oc_high_noise,2024-11,0.0
K6_M6_quintile_actionable_oc_high_noise,2024-12,0.0
K6_M6_quintile_actionable_oc_high_noise,2025-01,0.00035790932610937866
K6_M6_quintile_actionable_oc_high_noise,2025-02,-0.005534913268000013
K6_M6_quintile_actionable_oc_high_noise,2025-03,-0.0034779014665468457
K6_M6_quintile_actionable_oc_high_noise,2025-04,-0.008225420331575084
K6_M6_quintile_actionable_oc_high_noise,2025-05,0.0028816024962198816
K6_M6_quintile_actionable_oc_high_noise,2025-06,-0.006377143455106165
K6_M6_quintile_actionable_oc_high_noise,2025-07,0.0005729276989035789
K6_M6_quintile_actionable_oc_high_noise,2025-08,0.0019363667424803282
K6_M6_quintile_actionable_oc_high_noise,2025-09,-0.020901916033101077
K6_M6_quintile_actionable_oc_high_noise,2025-10,-0.0016427777449114704
K6_M6_quintile_actionable_oc_high_noise,2025-11,-0.001523273811663572
K6_M6_quintile_actionable_oc_high_noise,2025-12,-0.0038931214558810645
K6_M6_quintile_actionable_oc_high_noise,2026-01,-0.002092030724560935
K6_M6_quintile_actionable_oc_high_noise,2026-02,0.013885737645347162
K6_M6_quintile_actionable_oc_high_noise,2026-03,0.008555617243593286
K6_M6_quintile_actionable_oc_high_noise,2026-04,-0.007509922328920598
K6_M6_quintile_source_cc_all,2024-11,-0.004709479029855733
K6_M6_quintile_source_cc_all,2024-12,0.01566703485418581
K6_M6_quintile_source_cc_all,2025-01,-0.007038647110987356
K6_M6_quintile_source_cc_all,2025-02,-0.01429255459277572
K6_M6_quintile_source_cc_all,2025-03,-0.020020591752173186
K6_M6_quintile_source_cc_all,2025-04,-0.0022599217707129256
K6_M6_quintile_source_cc_all,2025-05,0.029422717064987895
K6_M6_quintile_source_cc_all,2025-06,-0.012344001805804122
K6_M6_quintile_source_cc_all,2025-07,0.004779067432087716
K6_M6_quintile_source_cc_all,2025-08,0.0006857728257215292
K6_M6_quintile_source_cc_all,2025-09,-0.024796379887719187
K6_M6_quintile_source_cc_all,2025-10,-0.006022244121064683
K6_M6_quintile_source_cc_all,2025-11,0.00024273282708294912
K6_M6_quintile_source_cc_all,2025-12,-0.0021341624660346963
K6_M6_quintile_source_cc_all,2026-01,0.002907055224629345
K6_M6_quintile_source_cc_all,2026-02,0.022743286680370782
K6_M6_quintile_source_cc_all,2026-03,0.0042743983056376285
K6_M6_quintile_source_cc_all,2026-04,0.01785586809873648
K6_M6_quintile_source_cc_high_market_vol,2024-11,0.0
K6_M6_quintile_source_cc_high_market_vol,2024-12,0.0
K6_M6_quintile_source_cc_high_market_vol,2025-01,0.0
K6_M6_quintile_source_cc_high_market_vol,2025-02,0.005715456633038884
K6_M6_quintile_source_cc_high_market_vol,2025-03,0.0004998049133950857
K6_M6_quintile_source_cc_high_market_vol,2025-04,-0.0022599217707129256
K6_M6_quintile_source_cc_high_market_vol,2025-05,0.029484842207215797
K6_M6_quintile_source_cc_high_market_vol,2025-06,-0.007449101222020159
K6_M6_quintile_source_cc_high_market_vol,2025-07,0.0
K6_M6_quintile_source_cc_high_market_vol,2025-08,0.0006657506030617677
K6_M6_quintile_source_cc_high_market_vol,2025-09,0.0
K6_M6_quintile_source_cc_high_market_vol,2025-10,0.0
K6_M6_quintile_source_cc_high_market_vol,2025-11,0.009783658326437551
K6_M6_quintile_source_cc_high_market_vol,2025-12,0.0
K6_M6_quintile_source_cc_high_market_vol,2026-01,0.0
K6_M6_quintile_source_cc_high_market_vol,2026-02,0.021136820351064525
K6_M6_quintile_source_cc_high_market_vol,2026-03,-0.00689150763788037
K6_M6_quintile_source_cc_high_market_vol,2026-04,0.02026942824101433
K6_M6_quintile_source_cc_high_noise,2024-11,0.0
K6_M6_quintile_source_cc_high_noise,2024-12,0.0
K6_M6_quintile_source_cc_high_noise,2025-01,0.0005597880716182897
K6_M6_quintile_source_cc_high_noise,2025-02,-0.005264463089964184
K6_M6_quintile_source_cc_high_noise,2025-03,-0.003712157386232838
K6_M6_quintile_source_cc_high_noise,2025-04,-0.00818776231166128
K6_M6_quintile_source_cc_high_noise,2025-05,0.002608790211816912
K6_M6_quintile_source_cc_high_noise,2025-06,-0.006343827680548242
K6_M6_quintile_source_cc_high_noise,2025-07,0.0005836867116017109
K6_M6_quintile_source_cc_high_noise,2025-08,0.0019837749549021753
K6_M6_quintile_source_cc_high_noise,2025-09,-0.020894637261366363
K6_M6_quintile_source_cc_high_noise,2025-10,-0.0018591022730569803
K6_M6_quintile_source_cc_high_noise,2025-11,-0.001106449699605174
K6_M6_quintile_source_cc_high_noise,2025-12,-0.0038042991026679667
K6_M6_quintile_source_cc_high_noise,2026-01,-0.002234806079750573
K6_M6_quintile_source_cc_high_noise,2026-02,0.013701158207308078
K6_M6_quintile_source_cc_high_noise,2026-03,0.008827148601355845
K6_M6_quintile_source_cc_high_noise,2026-04,-0.007558688391506637
