candidate,extra_adverse_bps_per_side,month,net_pnl
qqq_single_ma150_weekly_top1,0.0,2019-06,0.0
qqq_single_ma150_weekly_top1,0.0,2019-07,0.0
qqq_single_ma150_weekly_top1,0.0,2019-08,0.0
qqq_single_ma150_weekly_top1,0.0,2019-09,0.0
qqq_single_ma150_weekly_top1,0.0,2019-10,0.0
qqq_single_ma150_weekly_top1,0.0,2019-11,0.0
qqq_single_ma150_weekly_top1,0.0,2019-12,0.0
qqq_single_ma150_weekly_top1,0.0,2020-01,0.21185821912154212
qqq_single_ma150_weekly_top1,0.0,2020-02,0.15178728431992894
qqq_single_ma150_weekly_top1,0.0,2020-03,-0.24920353778209758
qqq_single_ma150_weekly_top1,0.0,2020-04,0.35694120830914033
qqq_single_ma150_weekly_top1,0.0,2020-05,0.14413566247449439
qqq_single_ma150_weekly_top1,0.0,2020-06,0.26721123960329585
qqq_single_ma150_weekly_top1,0.0,2020-07,0.13564804997361668
qqq_single_ma150_weekly_top1,0.0,2020-08,-0.09005198878331644
qqq_single_ma150_weekly_top1,0.0,2020-09,0.16880822273936424
qqq_single_ma150_weekly_top1,0.0,2020-10,0.02442692561474047
qqq_single_ma150_weekly_top1,0.0,2020-11,0.15212840498901103
qqq_single_ma150_weekly_top1,0.0,2020-12,0.039531750688841516
qqq_single_ma150_weekly_top1,0.0,2021-01,0.13496307139711117
qqq_single_ma150_weekly_top1,0.0,2021-02,-0.14665344868732
qqq_single_ma150_weekly_top1,0.0,2021-03,0.0038942863712547737
qqq_single_ma150_weekly_top1,0.0,2021-04,0.1292207074634617
qqq_single_ma150_weekly_top1,0.0,2021-05,0.12762460021402666
qqq_single_ma150_weekly_top1,0.0,2021-06,0.249392383630902
qqq_single_ma150_weekly_top1,0.0,2021-07,-0.13195741144508133
qqq_single_ma150_weekly_top1,0.0,2021-08,0.1317557629738887
qqq_single_ma150_weekly_top1,0.0,2021-09,-0.049271866007459364
qqq_single_ma150_weekly_top1,0.0,2021-10,-0.03956911546375241
qqq_single_ma150_weekly_top1,0.0,2021-11,-0.31185456814384993
qqq_single_ma150_weekly_top1,0.0,2021-12,-0.10001277063379999
qqq_single_ma150_weekly_top1,0.0,2022-01,-0.006964754910705362
qqq_single_ma150_weekly_top1,0.0,2022-02,-0.07294458427398731
qqq_single_ma150_weekly_top1,0.0,2022-03,0.012909810584553094
qqq_single_ma150_weekly_top1,0.0,2022-04,-0.17518184690388294
qqq_single_ma150_weekly_top1,0.0,2022-05,-0.0449873537143356
qqq_single_ma150_weekly_top1,0.0,2022-06,-0.12370796501373582
qqq_single_ma150_weekly_top1,0.0,2022-07,-8.373101265668481e-05
qqq_single_ma150_weekly_top1,0.0,2022-08,0.06223141924729414
qqq_single_ma150_weekly_top1,0.0,2022-09,-0.03024840496481984
qqq_single_ma150_weekly_top1,0.0,2022-10,0.01933440905632311
qqq_single_ma150_weekly_top1,0.0,2022-11,0.2739478697043364
qqq_single_ma150_weekly_top1,0.0,2022-12,-0.16473809806984252
qqq_single_ma150_weekly_top1,0.0,2023-01,0.2079810190406307
qqq_single_ma150_weekly_top1,0.0,2023-02,0.03631110147436256
qqq_single_ma150_weekly_top1,0.0,2023-03,-0.1856405573544374
qqq_single_ma150_weekly_top1,0.0,2023-04,0.009772555062783406
qqq_single_ma150_weekly_top1,0.0,2023-05,0.36266709434395805
qqq_single_ma150_weekly_top1,0.0,2023-06,0.07788994939408145
qqq_single_ma150_weekly_top1,0.0,2023-07,0.12712063000167972
qqq_single_ma150_weekly_top1,0.0,2023-08,0.09021334304500117
qqq_single_ma150_weekly_top1,0.0,2023-09,-0.11518587936060665
qqq_single_ma150_weekly_top1,0.0,2023-10,-0.0692235027391589
qqq_single_ma150_weekly_top1,0.0,2023-11,0.38001611152819603
qqq_single_ma150_weekly_top1,0.0,2023-12,0.007837641342086643
qqq_single_ma150_weekly_top1,0.0,2024-01,-0.11126531481591728
qqq_single_ma150_weekly_top1,0.0,2024-02,-0.011525227629023194
qqq_single_ma150_weekly_top1,0.0,2024-03,0.025597533219373636
qqq_single_ma150_weekly_top1,0.0,2024-04,-0.06973047086133699
qqq_single_ma150_weekly_top1,0.0,2024-05,0.2964701238257206
qqq_single_ma150_weekly_top1,0.0,2024-06,0.09513699343223214
qqq_single_ma150_weekly_top1,0.0,2024-07,-0.040073281182056
qqq_single_ma150_weekly_top1,0.0,2024-08,0.10626289797456678
qqq_single_ma150_weekly_top1,0.0,2024-09,0.06445962275402584
qqq_single_ma150_weekly_top1,0.0,2024-10,0.2703348116578672
qqq_single_ma150_weekly_top1,0.0,2024-11,-0.07733197397687375
qqq_single_ma150_weekly_top1,0.0,2024-12,0.006972138226748581
qqq_single_ma150_weekly_top1,0.0,2025-01,0.07858030484715361
qqq_single_ma150_weekly_top1,0.0,2025-02,0.08516193895197077
qqq_single_ma150_weekly_top1,0.0,2025-03,-0.2218363644603878
qqq_single_ma150_weekly_top1,0.0,2025-04,0.39443168822588237
qqq_single_ma150_weekly_top1,0.0,2025-05,0.10695374298056948
qqq_single_ma150_weekly_top1,0.0,2025-06,0.03479339042125973
qqq_single_ma150_weekly_top1,0.0,2025-07,0.14105772764045388
qqq_single_ma150_weekly_top1,0.0,2025-08,-0.20313365380633674
qqq_single_ma150_weekly_top1,0.0,2025-09,0.14469487276345516
qqq_single_ma150_weekly_top1,0.0,2025-10,0.08489806673949873
qqq_single_ma150_weekly_top1,0.0,2025-11,-0.03817993672791331
qqq_single_ma150_weekly_top1,0.0,2025-12,0.1339684931126912
qqq_single_ma150_weekly_top1,0.0,2026-01,0.35827398343299044
qqq_single_ma150_weekly_top1,0.0,2026-02,0.1277959793154757
qqq_single_ma150_weekly_top1,0.0,2026-03,0.029437140393207217
qqq_single_ma150_weekly_top1,0.0,2026-04,0.43667685656629973
qqq_single_ma150_weekly_top1,1.0,2019-06,0.0
qqq_single_ma150_weekly_top1,1.0,2019-07,0.0
qqq_single_ma150_weekly_top1,1.0,2019-08,0.0
qqq_single_ma150_weekly_top1,1.0,2019-09,0.0
qqq_single_ma150_weekly_top1,1.0,2019-10,0.0
qqq_single_ma150_weekly_top1,1.0,2019-11,0.0
qqq_single_ma150_weekly_top1,1.0,2019-12,0.0
qqq_single_ma150_weekly_top1,1.0,2020-01,0.21175821912154213
qqq_single_ma150_weekly_top1,1.0,2020-02,0.15178728431992894
qqq_single_ma150_weekly_top1,1.0,2020-03,-0.24920353778209758
qqq_single_ma150_weekly_top1,1.0,2020-04,0.3565412083091403
qqq_single_ma150_weekly_top1,1.0,2020-05,0.14413566247449439
qqq_single_ma150_weekly_top1,1.0,2020-06,0.26681123960329584
qqq_single_ma150_weekly_top1,1.0,2020-07,0.13544804997361667
qqq_single_ma150_weekly_top1,1.0,2020-08,-0.09025198878331644
qqq_single_ma150_weekly_top1,1.0,2020-09,0.16860822273936424
qqq_single_ma150_weekly_top1,1.0,2020-10,0.024026925614740464
qqq_single_ma150_weekly_top1,1.0,2020-11,0.15192840498901103
qqq_single_ma150_weekly_top1,1.0,2020-12,0.03933175068884151
qqq_single_ma150_weekly_top1,1.0,2021-01,0.13496307139711117
qqq_single_ma150_weekly_top1,1.0,2021-02,-0.14665344868732
qqq_single_ma150_weekly_top1,1.0,2021-03,0.0034942863712547623
qqq_single_ma150_weekly_top1,1.0,2021-04,0.12862070746346171
qqq_single_ma150_weekly_top1,1.0,2021-05,0.12742460021402666
qqq_single_ma150_weekly_top1,1.0,2021-06,0.24899238363090198
qqq_single_ma150_weekly_top1,1.0,2021-07,-0.13255741144508132
qqq_single_ma150_weekly_top1,1.0,2021-08,0.13155576297388868
qqq_single_ma150_weekly_top1,1.0,2021-09,-0.049271866007459364
qqq_single_ma150_weekly_top1,1.0,2021-10,-0.03956911546375241
qqq_single_ma150_weekly_top1,1.0,2021-11,-0.31225456814384994
qqq_single_ma150_weekly_top1,1.0,2021-12,-0.1004127706338
qqq_single_ma150_weekly_top1,1.0,2022-01,-0.007764754910705378
qqq_single_ma150_weekly_top1,1.0,2022-02,-0.07354458427398733
qqq_single_ma150_weekly_top1,1.0,2022-03,0.01250981058455309
qqq_single_ma150_weekly_top1,1.0,2022-04,-0.17558184690388295
qqq_single_ma150_weekly_top1,1.0,2022-05,-0.045387353714335596
qqq_single_ma150_weekly_top1,1.0,2022-06,-0.12430796501373581
qqq_single_ma150_weekly_top1,1.0,2022-07,-8.373101265668481e-05
qqq_single_ma150_weekly_top1,1.0,2022-08,0.06203141924729414
qqq_single_ma150_weekly_top1,1.0,2022-09,-0.03064840496481984
qqq_single_ma150_weekly_top1,1.0,2022-10,0.019134409056323104
qqq_single_ma150_weekly_top1,1.0,2022-11,0.2737478697043364
qqq_single_ma150_weekly_top1,1.0,2022-12,-0.16473809806984252
qqq_single_ma150_weekly_top1,1.0,2023-01,0.2075810190406307
qqq_single_ma150_weekly_top1,1.0,2023-02,0.03611110147436256
qqq_single_ma150_weekly_top1,1.0,2023-03,-0.1858405573544374
qqq_single_ma150_weekly_top1,1.0,2023-04,0.009572555062783407
qqq_single_ma150_weekly_top1,1.0,2023-05,0.36266709434395805
qqq_single_ma150_weekly_top1,1.0,2023-06,0.07768994939408144
qqq_single_ma150_weekly_top1,1.0,2023-07,0.12692063000167972
qqq_single_ma150_weekly_top1,1.0,2023-08,0.09021334304500117
qqq_single_ma150_weekly_top1,1.0,2023-09,-0.11518587936060665
qqq_single_ma150_weekly_top1,1.0,2023-10,-0.0692235027391589
qqq_single_ma150_weekly_top1,1.0,2023-11,0.37981611152819605
qqq_single_ma150_weekly_top1,1.0,2023-12,0.007837641342086643
qqq_single_ma150_weekly_top1,1.0,2024-01,-0.11126531481591728
qqq_single_ma150_weekly_top1,1.0,2024-02,-0.011725227629023192
qqq_single_ma150_weekly_top1,1.0,2024-03,0.025597533219373636
qqq_single_ma150_weekly_top1,1.0,2024-04,-0.069930470861337
qqq_single_ma150_weekly_top1,1.0,2024-05,0.2964701238257206
qqq_single_ma150_weekly_top1,1.0,2024-06,0.09513699343223214
qqq_single_ma150_weekly_top1,1.0,2024-07,-0.040073281182056
qqq_single_ma150_weekly_top1,1.0,2024-08,0.10606289797456678
qqq_single_ma150_weekly_top1,1.0,2024-09,0.06425962275402583
qqq_single_ma150_weekly_top1,1.0,2024-10,0.2699348116578672
qqq_single_ma150_weekly_top1,1.0,2024-11,-0.07793197397687374
qqq_single_ma150_weekly_top1,1.0,2024-12,0.006972138226748581
qqq_single_ma150_weekly_top1,1.0,2025-01,0.07858030484715361
qqq_single_ma150_weekly_top1,1.0,2025-02,0.08516193895197077
qqq_single_ma150_weekly_top1,1.0,2025-03,-0.2218363644603878
qqq_single_ma150_weekly_top1,1.0,2025-04,0.3942316882258824
qqq_single_ma150_weekly_top1,1.0,2025-05,0.10695374298056948
qqq_single_ma150_weekly_top1,1.0,2025-06,0.03479339042125973
qqq_single_ma150_weekly_top1,1.0,2025-07,0.14105772764045388
qqq_single_ma150_weekly_top1,1.0,2025-08,-0.20353365380633676
qqq_single_ma150_weekly_top1,1.0,2025-09,0.14429487276345515
qqq_single_ma150_weekly_top1,1.0,2025-10,0.08469806673949873
qqq_single_ma150_weekly_top1,1.0,2025-11,-0.038379936727913316
qqq_single_ma150_weekly_top1,1.0,2025-12,0.1335684931126912
qqq_single_ma150_weekly_top1,1.0,2026-01,0.35827398343299044
qqq_single_ma150_weekly_top1,1.0,2026-02,0.1277959793154757
qqq_single_ma150_weekly_top1,1.0,2026-03,0.02923714039320721
qqq_single_ma150_weekly_top1,1.0,2026-04,0.4362768565662997
qqq_single_ma150_weekly_top1,2.0,2019-06,0.0
qqq_single_ma150_weekly_top1,2.0,2019-07,0.0
qqq_single_ma150_weekly_top1,2.0,2019-08,0.0
qqq_single_ma150_weekly_top1,2.0,2019-09,0.0
qqq_single_ma150_weekly_top1,2.0,2019-10,0.0
qqq_single_ma150_weekly_top1,2.0,2019-11,0.0
qqq_single_ma150_weekly_top1,2.0,2019-12,0.0
qqq_single_ma150_weekly_top1,2.0,2020-01,0.21165821912154212
qqq_single_ma150_weekly_top1,2.0,2020-02,0.15178728431992894
qqq_single_ma150_weekly_top1,2.0,2020-03,-0.24920353778209758
qqq_single_ma150_weekly_top1,2.0,2020-04,0.3561412083091403
qqq_single_ma150_weekly_top1,2.0,2020-05,0.14413566247449439
qqq_single_ma150_weekly_top1,2.0,2020-06,0.2664112396032958
qqq_single_ma150_weekly_top1,2.0,2020-07,0.13524804997361667
qqq_single_ma150_weekly_top1,2.0,2020-08,-0.09045198878331644
qqq_single_ma150_weekly_top1,2.0,2020-09,0.16840822273936423
qqq_single_ma150_weekly_top1,2.0,2020-10,0.023626925614740474
qqq_single_ma150_weekly_top1,2.0,2020-11,0.15172840498901102
qqq_single_ma150_weekly_top1,2.0,2020-12,0.03913175068884152
qqq_single_ma150_weekly_top1,2.0,2021-01,0.13496307139711117
qqq_single_ma150_weekly_top1,2.0,2021-02,-0.14665344868732
qqq_single_ma150_weekly_top1,2.0,2021-03,0.0030942863712547786
qqq_single_ma150_weekly_top1,2.0,2021-04,0.12802070746346172
qqq_single_ma150_weekly_top1,2.0,2021-05,0.12722460021402665
qqq_single_ma150_weekly_top1,2.0,2021-06,0.248592383630902
qqq_single_ma150_weekly_top1,2.0,2021-07,-0.1331574114450813
qqq_single_ma150_weekly_top1,2.0,2021-08,0.13135576297388868
qqq_single_ma150_weekly_top1,2.0,2021-09,-0.049271866007459364
qqq_single_ma150_weekly_top1,2.0,2021-10,-0.03956911546375241
qqq_single_ma150_weekly_top1,2.0,2021-11,-0.31265456814384995
qqq_single_ma150_weekly_top1,2.0,2021-12,-0.10081277063379998
qqq_single_ma150_weekly_top1,2.0,2022-01,-0.008564754910705352
qqq_single_ma150_weekly_top1,2.0,2022-02,-0.0741445842739873
qqq_single_ma150_weekly_top1,2.0,2022-03,0.012109810584553099
qqq_single_ma150_weekly_top1,2.0,2022-04,-0.17598184690388294
qqq_single_ma150_weekly_top1,2.0,2022-05,-0.045787353714335594
qqq_single_ma150_weekly_top1,2.0,2022-06,-0.12490796501373583
qqq_single_ma150_weekly_top1,2.0,2022-07,-8.373101265668481e-05
qqq_single_ma150_weekly_top1,2.0,2022-08,0.06183141924729414
qqq_single_ma150_weekly_top1,2.0,2022-09,-0.031048404964819837
qqq_single_ma150_weekly_top1,2.0,2022-10,0.018934409056323098
qqq_single_ma150_weekly_top1,2.0,2022-11,0.27354786970433637
qqq_single_ma150_weekly_top1,2.0,2022-12,-0.16473809806984252
qqq_single_ma150_weekly_top1,2.0,2023-01,0.20718101904063072
qqq_single_ma150_weekly_top1,2.0,2023-02,0.035911101474362564
qqq_single_ma150_weekly_top1,2.0,2023-03,-0.18604055735443742
qqq_single_ma150_weekly_top1,2.0,2023-04,0.009372555062783408
qqq_single_ma150_weekly_top1,2.0,2023-05,0.36266709434395805
qqq_single_ma150_weekly_top1,2.0,2023-06,0.07748994939408145
qqq_single_ma150_weekly_top1,2.0,2023-07,0.1267206300016797
qqq_single_ma150_weekly_top1,2.0,2023-08,0.09021334304500117
qqq_single_ma150_weekly_top1,2.0,2023-09,-0.11518587936060665
qqq_single_ma150_weekly_top1,2.0,2023-10,-0.0692235027391589
qqq_single_ma150_weekly_top1,2.0,2023-11,0.379616111528196
qqq_single_ma150_weekly_top1,2.0,2023-12,0.007837641342086643
qqq_single_ma150_weekly_top1,2.0,2024-01,-0.11126531481591728
qqq_single_ma150_weekly_top1,2.0,2024-02,-0.011925227629023195
qqq_single_ma150_weekly_top1,2.0,2024-03,0.025597533219373636
qqq_single_ma150_weekly_top1,2.0,2024-04,-0.07013047086133699
qqq_single_ma150_weekly_top1,2.0,2024-05,0.2964701238257206
qqq_single_ma150_weekly_top1,2.0,2024-06,0.09513699343223214
qqq_single_ma150_weekly_top1,2.0,2024-07,-0.040073281182056
qqq_single_ma150_weekly_top1,2.0,2024-08,0.10586289797456679
qqq_single_ma150_weekly_top1,2.0,2024-09,0.06405962275402584
qqq_single_ma150_weekly_top1,2.0,2024-10,0.2695348116578672
qqq_single_ma150_weekly_top1,2.0,2024-11,-0.07853197397687374
qqq_single_ma150_weekly_top1,2.0,2024-12,0.006972138226748581
qqq_single_ma150_weekly_top1,2.0,2025-01,0.07858030484715361
qqq_single_ma150_weekly_top1,2.0,2025-02,0.08516193895197077
qqq_single_ma150_weekly_top1,2.0,2025-03,-0.2218363644603878
qqq_single_ma150_weekly_top1,2.0,2025-04,0.39403168822588236
qqq_single_ma150_weekly_top1,2.0,2025-05,0.10695374298056948
qqq_single_ma150_weekly_top1,2.0,2025-06,0.03479339042125973
qqq_single_ma150_weekly_top1,2.0,2025-07,0.14105772764045388
qqq_single_ma150_weekly_top1,2.0,2025-08,-0.20393365380633674
qqq_single_ma150_weekly_top1,2.0,2025-09,0.14389487276345517
qqq_single_ma150_weekly_top1,2.0,2025-10,0.08449806673949874
qqq_single_ma150_weekly_top1,2.0,2025-11,-0.03857993672791331
qqq_single_ma150_weekly_top1,2.0,2025-12,0.13316849311269122
qqq_single_ma150_weekly_top1,2.0,2026-01,0.35827398343299044
qqq_single_ma150_weekly_top1,2.0,2026-02,0.1277959793154757
qqq_single_ma150_weekly_top1,2.0,2026-03,0.02903714039320722
qqq_single_ma150_weekly_top1,2.0,2026-04,0.4358768565662997
qqq_single_ma150_weekly_top1,5.0,2019-06,0.0
qqq_single_ma150_weekly_top1,5.0,2019-07,0.0
qqq_single_ma150_weekly_top1,5.0,2019-08,0.0
qqq_single_ma150_weekly_top1,5.0,2019-09,0.0
qqq_single_ma150_weekly_top1,5.0,2019-10,0.0
qqq_single_ma150_weekly_top1,5.0,2019-11,0.0
qqq_single_ma150_weekly_top1,5.0,2019-12,0.0
qqq_single_ma150_weekly_top1,5.0,2020-01,0.21135821912154212
qqq_single_ma150_weekly_top1,5.0,2020-02,0.15178728431992894
qqq_single_ma150_weekly_top1,5.0,2020-03,-0.24920353778209758
qqq_single_ma150_weekly_top1,5.0,2020-04,0.35494120830914033
qqq_single_ma150_weekly_top1,5.0,2020-05,0.14413566247449439
qqq_single_ma150_weekly_top1,5.0,2020-06,0.26521123960329585
qqq_single_ma150_weekly_top1,5.0,2020-07,0.13464804997361668
qqq_single_ma150_weekly_top1,5.0,2020-08,-0.09105198878331644
qqq_single_ma150_weekly_top1,5.0,2020-09,0.16780822273936424
qqq_single_ma150_weekly_top1,5.0,2020-10,0.022426925614740467
qqq_single_ma150_weekly_top1,5.0,2020-11,0.15112840498901103
qqq_single_ma150_weekly_top1,5.0,2020-12,0.038531750688841515
qqq_single_ma150_weekly_top1,5.0,2021-01,0.13496307139711117
qqq_single_ma150_weekly_top1,5.0,2021-02,-0.14665344868732
qqq_single_ma150_weekly_top1,5.0,2021-03,0.001894286371254772
qqq_single_ma150_weekly_top1,5.0,2021-04,0.1262207074634617
qqq_single_ma150_weekly_top1,5.0,2021-05,0.12662460021402666
qqq_single_ma150_weekly_top1,5.0,2021-06,0.247392383630902
qqq_single_ma150_weekly_top1,5.0,2021-07,-0.13495741144508133
qqq_single_ma150_weekly_top1,5.0,2021-08,0.1307557629738887
qqq_single_ma150_weekly_top1,5.0,2021-09,-0.049271866007459364
qqq_single_ma150_weekly_top1,5.0,2021-10,-0.03956911546375241
qqq_single_ma150_weekly_top1,5.0,2021-11,-0.31385456814384993
qqq_single_ma150_weekly_top1,5.0,2021-12,-0.10201277063379999
qqq_single_ma150_weekly_top1,5.0,2022-01,-0.010964754910705365
qqq_single_ma150_weekly_top1,5.0,2022-02,-0.07594458427398731
qqq_single_ma150_weekly_top1,5.0,2022-03,0.010909810584553092
qqq_single_ma150_weekly_top1,5.0,2022-04,-0.17718184690388294
qqq_single_ma150_weekly_top1,5.0,2022-05,-0.0469873537143356
qqq_single_ma150_weekly_top1,5.0,2022-06,-0.12670796501373582
qqq_single_ma150_weekly_top1,5.0,2022-07,-8.373101265668481e-05
qqq_single_ma150_weekly_top1,5.0,2022-08,0.06123141924729414
qqq_single_ma150_weekly_top1,5.0,2022-09,-0.03224840496481984
qqq_single_ma150_weekly_top1,5.0,2022-10,0.01833440905632311
qqq_single_ma150_weekly_top1,5.0,2022-11,0.2729478697043364
qqq_single_ma150_weekly_top1,5.0,2022-12,-0.16473809806984252
qqq_single_ma150_weekly_top1,5.0,2023-01,0.2059810190406307
qqq_single_ma150_weekly_top1,5.0,2023-02,0.03531110147436256
qqq_single_ma150_weekly_top1,5.0,2023-03,-0.1866405573544374
qqq_single_ma150_weekly_top1,5.0,2023-04,0.008772555062783405
qqq_single_ma150_weekly_top1,5.0,2023-05,0.36266709434395805
qqq_single_ma150_weekly_top1,5.0,2023-06,0.07688994939408145
qqq_single_ma150_weekly_top1,5.0,2023-07,0.12612063000167972
qqq_single_ma150_weekly_top1,5.0,2023-08,0.09021334304500117
qqq_single_ma150_weekly_top1,5.0,2023-09,-0.11518587936060665
qqq_single_ma150_weekly_top1,5.0,2023-10,-0.0692235027391589
qqq_single_ma150_weekly_top1,5.0,2023-11,0.37901611152819603
qqq_single_ma150_weekly_top1,5.0,2023-12,0.007837641342086643
qqq_single_ma150_weekly_top1,5.0,2024-01,-0.11126531481591728
qqq_single_ma150_weekly_top1,5.0,2024-02,-0.012525227629023195
qqq_single_ma150_weekly_top1,5.0,2024-03,0.025597533219373636
qqq_single_ma150_weekly_top1,5.0,2024-04,-0.07073047086133699
qqq_single_ma150_weekly_top1,5.0,2024-05,0.2964701238257206
qqq_single_ma150_weekly_top1,5.0,2024-06,0.09513699343223214
qqq_single_ma150_weekly_top1,5.0,2024-07,-0.040073281182056
qqq_single_ma150_weekly_top1,5.0,2024-08,0.10526289797456678
qqq_single_ma150_weekly_top1,5.0,2024-09,0.06345962275402584
qqq_single_ma150_weekly_top1,5.0,2024-10,0.2683348116578672
qqq_single_ma150_weekly_top1,5.0,2024-11,-0.08033197397687375
qqq_single_ma150_weekly_top1,5.0,2024-12,0.006972138226748581
qqq_single_ma150_weekly_top1,5.0,2025-01,0.07858030484715361
qqq_single_ma150_weekly_top1,5.0,2025-02,0.08516193895197077
qqq_single_ma150_weekly_top1,5.0,2025-03,-0.2218363644603878
qqq_single_ma150_weekly_top1,5.0,2025-04,0.39343168822588237
qqq_single_ma150_weekly_top1,5.0,2025-05,0.10695374298056948
qqq_single_ma150_weekly_top1,5.0,2025-06,0.03479339042125973
qqq_single_ma150_weekly_top1,5.0,2025-07,0.14105772764045388
qqq_single_ma150_weekly_top1,5.0,2025-08,-0.20513365380633675
qqq_single_ma150_weekly_top1,5.0,2025-09,0.14269487276345516
qqq_single_ma150_weekly_top1,5.0,2025-10,0.08389806673949873
qqq_single_ma150_weekly_top1,5.0,2025-11,-0.03917993672791331
qqq_single_ma150_weekly_top1,5.0,2025-12,0.1319684931126912
qqq_single_ma150_weekly_top1,5.0,2026-01,0.35827398343299044
qqq_single_ma150_weekly_top1,5.0,2026-02,0.1277959793154757
qqq_single_ma150_weekly_top1,5.0,2026-03,0.028437140393207216
qqq_single_ma150_weekly_top1,5.0,2026-04,0.43467685656629973
qqq_single_ma150_weekly_top1,10.0,2019-06,0.0
qqq_single_ma150_weekly_top1,10.0,2019-07,0.0
qqq_single_ma150_weekly_top1,10.0,2019-08,0.0
qqq_single_ma150_weekly_top1,10.0,2019-09,0.0
qqq_single_ma150_weekly_top1,10.0,2019-10,0.0
qqq_single_ma150_weekly_top1,10.0,2019-11,0.0
qqq_single_ma150_weekly_top1,10.0,2019-12,0.0
qqq_single_ma150_weekly_top1,10.0,2020-01,0.21085821912154212
qqq_single_ma150_weekly_top1,10.0,2020-02,0.15178728431992894
qqq_single_ma150_weekly_top1,10.0,2020-03,-0.24920353778209758
qqq_single_ma150_weekly_top1,10.0,2020-04,0.35294120830914033
qqq_single_ma150_weekly_top1,10.0,2020-05,0.14413566247449439
qqq_single_ma150_weekly_top1,10.0,2020-06,0.26321123960329584
qqq_single_ma150_weekly_top1,10.0,2020-07,0.13364804997361668
qqq_single_ma150_weekly_top1,10.0,2020-08,-0.09205198878331644
qqq_single_ma150_weekly_top1,10.0,2020-09,0.16680822273936424
qqq_single_ma150_weekly_top1,10.0,2020-10,0.020426925614740465
qqq_single_ma150_weekly_top1,10.0,2020-11,0.15012840498901103
qqq_single_ma150_weekly_top1,10.0,2020-12,0.037531750688841514
qqq_single_ma150_weekly_top1,10.0,2021-01,0.13496307139711117
qqq_single_ma150_weekly_top1,10.0,2021-02,-0.14665344868732
qqq_single_ma150_weekly_top1,10.0,2021-03,-0.00010571362874522983
qqq_single_ma150_weekly_top1,10.0,2021-04,0.1232207074634617
qqq_single_ma150_weekly_top1,10.0,2021-05,0.12562460021402666
qqq_single_ma150_weekly_top1,10.0,2021-06,0.245392383630902
qqq_single_ma150_weekly_top1,10.0,2021-07,-0.13795741144508133
qqq_single_ma150_weekly_top1,10.0,2021-08,0.1297557629738887
qqq_single_ma150_weekly_top1,10.0,2021-09,-0.049271866007459364
qqq_single_ma150_weekly_top1,10.0,2021-10,-0.03956911546375241
qqq_single_ma150_weekly_top1,10.0,2021-11,-0.31585456814384993
qqq_single_ma150_weekly_top1,10.0,2021-12,-0.10401277063379999
qqq_single_ma150_weekly_top1,10.0,2022-01,-0.014964754910705369
qqq_single_ma150_weekly_top1,10.0,2022-02,-0.07894458427398732
qqq_single_ma150_weekly_top1,10.0,2022-03,0.00890981058455309
qqq_single_ma150_weekly_top1,10.0,2022-04,-0.17918184690388295
qqq_single_ma150_weekly_top1,10.0,2022-05,-0.0489873537143356
qqq_single_ma150_weekly_top1,10.0,2022-06,-0.12970796501373583
qqq_single_ma150_weekly_top1,10.0,2022-07,-8.373101265668481e-05
qqq_single_ma150_weekly_top1,10.0,2022-08,0.06023141924729414
qqq_single_ma150_weekly_top1,10.0,2022-09,-0.034248404964819845
qqq_single_ma150_weekly_top1,10.0,2022-10,0.017334409056323108
qqq_single_ma150_weekly_top1,10.0,2022-11,0.2719478697043364
qqq_single_ma150_weekly_top1,10.0,2022-12,-0.16473809806984252
qqq_single_ma150_weekly_top1,10.0,2023-01,0.2039810190406307
qqq_single_ma150_weekly_top1,10.0,2023-02,0.03431110147436256
qqq_single_ma150_weekly_top1,10.0,2023-03,-0.1876405573544374
qqq_single_ma150_weekly_top1,10.0,2023-04,0.007772555062783404
qqq_single_ma150_weekly_top1,10.0,2023-05,0.36266709434395805
qqq_single_ma150_weekly_top1,10.0,2023-06,0.07588994939408145
qqq_single_ma150_weekly_top1,10.0,2023-07,0.12512063000167972
qqq_single_ma150_weekly_top1,10.0,2023-08,0.09021334304500117
qqq_single_ma150_weekly_top1,10.0,2023-09,-0.11518587936060665
qqq_single_ma150_weekly_top1,10.0,2023-10,-0.0692235027391589
qqq_single_ma150_weekly_top1,10.0,2023-11,0.37801611152819603
qqq_single_ma150_weekly_top1,10.0,2023-12,0.007837641342086643
qqq_single_ma150_weekly_top1,10.0,2024-01,-0.11126531481591728
qqq_single_ma150_weekly_top1,10.0,2024-02,-0.013525227629023195
qqq_single_ma150_weekly_top1,10.0,2024-03,0.025597533219373636
qqq_single_ma150_weekly_top1,10.0,2024-04,-0.07173047086133699
qqq_single_ma150_weekly_top1,10.0,2024-05,0.2964701238257206
qqq_single_ma150_weekly_top1,10.0,2024-06,0.09513699343223214
qqq_single_ma150_weekly_top1,10.0,2024-07,-0.040073281182056
qqq_single_ma150_weekly_top1,10.0,2024-08,0.10426289797456678
qqq_single_ma150_weekly_top1,10.0,2024-09,0.062459622754025834
qqq_single_ma150_weekly_top1,10.0,2024-10,0.2663348116578672
qqq_single_ma150_weekly_top1,10.0,2024-11,-0.08333197397687375
qqq_single_ma150_weekly_top1,10.0,2024-12,0.006972138226748581
qqq_single_ma150_weekly_top1,10.0,2025-01,0.07858030484715361
qqq_single_ma150_weekly_top1,10.0,2025-02,0.08516193895197077
qqq_single_ma150_weekly_top1,10.0,2025-03,-0.2218363644603878
qqq_single_ma150_weekly_top1,10.0,2025-04,0.39243168822588237
qqq_single_ma150_weekly_top1,10.0,2025-05,0.10695374298056948
qqq_single_ma150_weekly_top1,10.0,2025-06,0.03479339042125973
qqq_single_ma150_weekly_top1,10.0,2025-07,0.14105772764045388
qqq_single_ma150_weekly_top1,10.0,2025-08,-0.20713365380633675
qqq_single_ma150_weekly_top1,10.0,2025-09,0.14069487276345516
qqq_single_ma150_weekly_top1,10.0,2025-10,0.08289806673949873
qqq_single_ma150_weekly_top1,10.0,2025-11,-0.04017993672791331
qqq_single_ma150_weekly_top1,10.0,2025-12,0.1299684931126912
qqq_single_ma150_weekly_top1,10.0,2026-01,0.35827398343299044
qqq_single_ma150_weekly_top1,10.0,2026-02,0.1277959793154757
qqq_single_ma150_weekly_top1,10.0,2026-03,0.027437140393207216
qqq_single_ma150_weekly_top1,10.0,2026-04,0.43267685656629973
qqq_single_ma150_weekly_top10,0.0,2019-06,0.0
qqq_single_ma150_weekly_top10,0.0,2019-07,0.0
qqq_single_ma150_weekly_top10,0.0,2019-08,0.0
qqq_single_ma150_weekly_top10,0.0,2019-09,0.0
qqq_single_ma150_weekly_top10,0.0,2019-10,0.0
qqq_single_ma150_weekly_top10,0.0,2019-11,0.0
qqq_single_ma150_weekly_top10,0.0,2019-12,0.0
qqq_single_ma150_weekly_top10,0.0,2020-01,0.0032760387506045457
qqq_single_ma150_weekly_top10,0.0,2020-02,0.0034409095319073296
qqq_single_ma150_weekly_top10,0.0,2020-03,-0.1463170120490054
qqq_single_ma150_weekly_top10,0.0,2020-04,0.12147520505186388
qqq_single_ma150_weekly_top10,0.0,2020-05,0.11928764771214034
qqq_single_ma150_weekly_top10,0.0,2020-06,0.1392223125613259
qqq_single_ma150_weekly_top10,0.0,2020-07,0.12055104177446374
qqq_single_ma150_weekly_top10,0.0,2020-08,0.15587153293859513
qqq_single_ma150_weekly_top10,0.0,2020-09,-0.007976770610927289
qqq_single_ma150_weekly_top10,0.0,2020-10,-0.0038475424008558023
qqq_single_ma150_weekly_top10,0.0,2020-11,0.2066266093595764
qqq_single_ma150_weekly_top10,0.0,2020-12,0.023552319183438065
qqq_single_ma150_weekly_top10,0.0,2021-01,0.06518473011428771
qqq_single_ma150_weekly_top10,0.0,2021-02,0.015674238269884858
qqq_single_ma150_weekly_top10,0.0,2021-03,-0.04609146253999766
qqq_single_ma150_weekly_top10,0.0,2021-04,0.011024608668513534
qqq_single_ma150_weekly_top10,0.0,2021-05,0.006560698256467922
qqq_single_ma150_weekly_top10,0.0,2021-06,0.029179806952533468
qqq_single_ma150_weekly_top10,0.0,2021-07,0.08793221991915318
qqq_single_ma150_weekly_top10,0.0,2021-08,0.0661036625422855
qqq_single_ma150_weekly_top10,0.0,2021-09,-0.09433419524129451
qqq_single_ma150_weekly_top10,0.0,2021-10,0.0864663498596796
qqq_single_ma150_weekly_top10,0.0,2021-11,-0.009721748025309979
qqq_single_ma150_weekly_top10,0.0,2021-12,-0.04614325173395862
qqq_single_ma150_weekly_top10,0.0,2022-01,-0.18598626058998136
qqq_single_ma150_weekly_top10,0.0,2022-02,-0.05855685462306113
qqq_single_ma150_weekly_top10,0.0,2022-03,-0.006927358537768231
qqq_single_ma150_weekly_top10,0.0,2022-04,-0.09483316767922334
qqq_single_ma150_weekly_top10,0.0,2022-05,-0.018077785648604232
qqq_single_ma150_weekly_top10,0.0,2022-06,-0.025138940748315068
qqq_single_ma150_weekly_top10,0.0,2022-07,-0.03262178670538976
qqq_single_ma150_weekly_top10,0.0,2022-08,-0.03248671811008299
qqq_single_ma150_weekly_top10,0.0,2022-09,-0.0837052109501256
qqq_single_ma150_weekly_top10,0.0,2022-10,0.05655775339100804
qqq_single_ma150_weekly_top10,0.0,2022-11,0.09427952167135709
qqq_single_ma150_weekly_top10,0.0,2022-12,-0.03391032795378034
qqq_single_ma150_weekly_top10,0.0,2023-01,0.03259268844115129
qqq_single_ma150_weekly_top10,0.0,2023-02,-0.052899767549529714
qqq_single_ma150_weekly_top10,0.0,2023-03,0.050252772638328794
qqq_single_ma150_weekly_top10,0.0,2023-04,-0.01096581485180272
qqq_single_ma150_weekly_top10,0.0,2023-05,0.14131578323039054
qqq_single_ma150_weekly_top10,0.0,2023-06,0.03977325871574245
qqq_single_ma150_weekly_top10,0.0,2023-07,0.030628233650522228
qqq_single_ma150_weekly_top10,0.0,2023-08,-0.001743046818245643
qqq_single_ma150_weekly_top10,0.0,2023-09,-0.06945578440796332
qqq_single_ma150_weekly_top10,0.0,2023-10,-0.03514200557241224
qqq_single_ma150_weekly_top10,0.0,2023-11,0.15680285640853422
qqq_single_ma150_weekly_top10,0.0,2023-12,0.060725883733994915
qqq_single_ma150_weekly_top10,0.0,2024-01,0.012476115398215554
qqq_single_ma150_weekly_top10,0.0,2024-02,0.025757846363317384
qqq_single_ma150_weekly_top10,0.0,2024-03,-0.03146153885931096
qqq_single_ma150_weekly_top10,0.0,2024-04,-0.07721232806004848
qqq_single_ma150_weekly_top10,0.0,2024-05,0.12249583499375817
qqq_single_ma150_weekly_top10,0.0,2024-06,0.04391945311522724
qqq_single_ma150_weekly_top10,0.0,2024-07,-0.09632575119438627
qqq_single_ma150_weekly_top10,0.0,2024-08,-0.014016112293367366
qqq_single_ma150_weekly_top10,0.0,2024-09,-0.0019250906210369267
qqq_single_ma150_weekly_top10,0.0,2024-10,0.01218171793007529
qqq_single_ma150_weekly_top10,0.0,2024-11,0.07245797730603486
qqq_single_ma150_weekly_top10,0.0,2024-12,0.016252494581791115
qqq_single_ma150_weekly_top10,0.0,2025-01,0.01699842661091146
qqq_single_ma150_weekly_top10,0.0,2025-02,-0.03267085353073086
qqq_single_ma150_weekly_top10,0.0,2025-03,-0.13950903009416532
qqq_single_ma150_weekly_top10,0.0,2025-04,0.08208683557124327
qqq_single_ma150_weekly_top10,0.0,2025-05,0.06947730059547032
qqq_single_ma150_weekly_top10,0.0,2025-06,0.048066317259502334
qqq_single_ma150_weekly_top10,0.0,2025-07,-0.03747015488723341
qqq_single_ma150_weekly_top10,0.0,2025-08,-0.007628516849285519
qqq_single_ma150_weekly_top10,0.0,2025-09,0.1914395090741341
qqq_single_ma150_weekly_top10,0.0,2025-10,0.17209059496323376
qqq_single_ma150_weekly_top10,0.0,2025-11,-0.045309285534636465
qqq_single_ma150_weekly_top10,0.0,2025-12,0.07618522505005651
qqq_single_ma150_weekly_top10,0.0,2026-01,0.1700583139558022
qqq_single_ma150_weekly_top10,0.0,2026-02,-0.01815968654336054
qqq_single_ma150_weekly_top10,0.0,2026-03,-0.0364684014688285
qqq_single_ma150_weekly_top10,0.0,2026-04,0.30887904343844513
qqq_single_ma150_weekly_top10,1.0,2019-06,0.0
qqq_single_ma150_weekly_top10,1.0,2019-07,0.0
qqq_single_ma150_weekly_top10,1.0,2019-08,0.0
qqq_single_ma150_weekly_top10,1.0,2019-09,0.0
qqq_single_ma150_weekly_top10,1.0,2019-10,0.0
qqq_single_ma150_weekly_top10,1.0,2019-11,0.0
qqq_single_ma150_weekly_top10,1.0,2019-12,0.0
qqq_single_ma150_weekly_top10,1.0,2020-01,0.0031760387506045464
qqq_single_ma150_weekly_top10,1.0,2020-02,0.0033209095319073206
qqq_single_ma150_weekly_top10,1.0,2020-03,-0.1466970120490054
qqq_single_ma150_weekly_top10,1.0,2020-04,0.12137520505186387
qqq_single_ma150_weekly_top10,1.0,2020-05,0.11920764771214033
qqq_single_ma150_weekly_top10,1.0,2020-06,0.1390623125613259
qqq_single_ma150_weekly_top10,1.0,2020-07,0.12049104177446374
qqq_single_ma150_weekly_top10,1.0,2020-08,0.1557315329385951
qqq_single_ma150_weekly_top10,1.0,2020-09,-0.008056770610927282
qqq_single_ma150_weekly_top10,1.0,2020-10,-0.003907542400855807
qqq_single_ma150_weekly_top10,1.0,2020-11,0.2065066093595764
qqq_single_ma150_weekly_top10,1.0,2020-12,0.023432319183438063
qqq_single_ma150_weekly_top10,1.0,2021-01,0.06504473011428771
qqq_single_ma150_weekly_top10,1.0,2021-02,0.015594238269884854
qqq_single_ma150_weekly_top10,1.0,2021-03,-0.046331462539997655
qqq_single_ma150_weekly_top10,1.0,2021-04,0.01094460866851353
qqq_single_ma150_weekly_top10,1.0,2021-05,0.006500698256467945
qqq_single_ma150_weekly_top10,1.0,2021-06,0.02905980695253347
qqq_single_ma150_weekly_top10,1.0,2021-07,0.08783221991915319
qqq_single_ma150_weekly_top10,1.0,2021-08,0.06596366254228549
qqq_single_ma150_weekly_top10,1.0,2021-09,-0.0944141952412945
qqq_single_ma150_weekly_top10,1.0,2021-10,0.08634634985967961
qqq_single_ma150_weekly_top10,1.0,2021-11,-0.00996174802530998
qqq_single_ma150_weekly_top10,1.0,2021-12,-0.04630325173395862
qqq_single_ma150_weekly_top10,1.0,2022-01,-0.18620626058998135
qqq_single_ma150_weekly_top10,1.0,2022-02,-0.05881685462306112
qqq_single_ma150_weekly_top10,1.0,2022-03,-0.007187358537768234
qqq_single_ma150_weekly_top10,1.0,2022-04,-0.09497316767922334
qqq_single_ma150_weekly_top10,1.0,2022-05,-0.018392706283524865
qqq_single_ma150_weekly_top10,1.0,2022-06,-0.025368940748315066
qqq_single_ma150_weekly_top10,1.0,2022-07,-0.03284718353078658
qqq_single_ma150_weekly_top10,1.0,2022-08,-0.032766718110082985
qqq_single_ma150_weekly_top10,1.0,2022-09,-0.08413409983901449
qqq_single_ma150_weekly_top10,1.0,2022-10,0.05632346767672232
qqq_single_ma150_weekly_top10,1.0,2022-11,0.09423952167135709
qqq_single_ma150_weekly_top10,1.0,2022-12,-0.03405032795378034
qqq_single_ma150_weekly_top10,1.0,2023-01,0.032472688441151296
qqq_single_ma150_weekly_top10,1.0,2023-02,-0.053039767549529715
qqq_single_ma150_weekly_top10,1.0,2023-03,0.05011277263832878
qqq_single_ma150_weekly_top10,1.0,2023-04,-0.011085814851802721
qqq_single_ma150_weekly_top10,1.0,2023-05,0.1411957832303905
qqq_single_ma150_weekly_top10,1.0,2023-06,0.03963325871574244
qqq_single_ma150_weekly_top10,1.0,2023-07,0.03034823365052223
qqq_single_ma150_weekly_top10,1.0,2023-08,-0.0019230468182456634
qqq_single_ma150_weekly_top10,1.0,2023-09,-0.06967578440796332
qqq_single_ma150_weekly_top10,1.0,2023-10,-0.03540200557241225
qqq_single_ma150_weekly_top10,1.0,2023-11,0.15658285640853423
qqq_single_ma150_weekly_top10,1.0,2023-12,0.060565883733994914
qqq_single_ma150_weekly_top10,1.0,2024-01,0.012276115398215545
qqq_single_ma150_weekly_top10,1.0,2024-02,0.025557846363317385
qqq_single_ma150_weekly_top10,1.0,2024-03,-0.03166153885931096
qqq_single_ma150_weekly_top10,1.0,2024-04,-0.07737232806004848
qqq_single_ma150_weekly_top10,1.0,2024-05,0.12237583499375818
qqq_single_ma150_weekly_top10,1.0,2024-06,0.043759453115227234
qqq_single_ma150_weekly_top10,1.0,2024-07,-0.09646575119438626
qqq_single_ma150_weekly_top10,1.0,2024-08,-0.014296112293367372
qqq_single_ma150_weekly_top10,1.0,2024-09,-0.0022650906210369224
qqq_single_ma150_weekly_top10,1.0,2024-10,0.01198171793007529
qqq_single_ma150_weekly_top10,1.0,2024-11,0.07233797730603486
qqq_single_ma150_weekly_top10,1.0,2024-12,0.016032494581791124
qqq_single_ma150_weekly_top10,1.0,2025-01,0.016898426610911454
qqq_single_ma150_weekly_top10,1.0,2025-02,-0.032770853530730865
qqq_single_ma150_weekly_top10,1.0,2025-03,-0.13970903009416533
qqq_single_ma150_weekly_top10,1.0,2025-04,0.08184683557124328
qqq_single_ma150_weekly_top10,1.0,2025-05,0.06931730059547031
qqq_single_ma150_weekly_top10,1.0,2025-06,0.04784631725950233
qqq_single_ma150_weekly_top10,1.0,2025-07,-0.03761015488723342
qqq_single_ma150_weekly_top10,1.0,2025-08,-0.007788516849285519
qqq_single_ma150_weekly_top10,1.0,2025-09,0.1911995090741341
qqq_single_ma150_weekly_top10,1.0,2025-10,0.17187059496323376
qqq_single_ma150_weekly_top10,1.0,2025-11,-0.045409285534636454
qqq_single_ma150_weekly_top10,1.0,2025-12,0.07606522505005651
qqq_single_ma150_weekly_top10,1.0,2026-01,0.1699983139558022
qqq_single_ma150_weekly_top10,1.0,2026-02,-0.01821968654336053
qqq_single_ma150_weekly_top10,1.0,2026-03,-0.036568401468828476
qqq_single_ma150_weekly_top10,1.0,2026-04,0.30873904343844516
qqq_single_ma150_weekly_top10,2.0,2019-06,0.0
qqq_single_ma150_weekly_top10,2.0,2019-07,0.0
qqq_single_ma150_weekly_top10,2.0,2019-08,0.0
qqq_single_ma150_weekly_top10,2.0,2019-09,0.0
qqq_single_ma150_weekly_top10,2.0,2019-10,0.0
qqq_single_ma150_weekly_top10,2.0,2019-11,0.0
qqq_single_ma150_weekly_top10,2.0,2019-12,0.0
qqq_single_ma150_weekly_top10,2.0,2020-01,0.003076038750604547
qqq_single_ma150_weekly_top10,2.0,2020-02,0.0032009095319073116
qqq_single_ma150_weekly_top10,2.0,2020-03,-0.14707701204900542
qqq_single_ma150_weekly_top10,2.0,2020-04,0.12127520505186387
qqq_single_ma150_weekly_top10,2.0,2020-05,0.11912764771214034
qqq_single_ma150_weekly_top10,2.0,2020-06,0.13890231256132587
qqq_single_ma150_weekly_top10,2.0,2020-07,0.12043104177446375
qqq_single_ma150_weekly_top10,2.0,2020-08,0.15559153293859512
qqq_single_ma150_weekly_top10,2.0,2020-09,-0.008136770610927286
qqq_single_ma150_weekly_top10,2.0,2020-10,-0.003967542400855804
qqq_single_ma150_weekly_top10,2.0,2020-11,0.2063866093595764
qqq_single_ma150_weekly_top10,2.0,2020-12,0.02331231918343807
qqq_single_ma150_weekly_top10,2.0,2021-01,0.06490473011428771
qqq_single_ma150_weekly_top10,2.0,2021-02,0.015514238269884857
qqq_single_ma150_weekly_top10,2.0,2021-03,-0.04657146253999765
qqq_single_ma150_weekly_top10,2.0,2021-04,0.010864608668513534
qqq_single_ma150_weekly_top10,2.0,2021-05,0.006440698256467927
qqq_single_ma150_weekly_top10,2.0,2021-06,0.028939806952533467
qqq_single_ma150_weekly_top10,2.0,2021-07,0.08773221991915317
qqq_single_ma150_weekly_top10,2.0,2021-08,0.0658236625422855
qqq_single_ma150_weekly_top10,2.0,2021-09,-0.0944941952412945
qqq_single_ma150_weekly_top10,2.0,2021-10,0.08622634985967961
qqq_single_ma150_weekly_top10,2.0,2021-11,-0.01020174802530998
qqq_single_ma150_weekly_top10,2.0,2021-12,-0.046463251733958634
qqq_single_ma150_weekly_top10,2.0,2022-01,-0.18642626058998135
qqq_single_ma150_weekly_top10,2.0,2022-02,-0.05907685462306112
qqq_single_ma150_weekly_top10,2.0,2022-03,-0.007447358537768237
qqq_single_ma150_weekly_top10,2.0,2022-04,-0.09511316767922334
qqq_single_ma150_weekly_top10,2.0,2022-05,-0.018707626918445498
qqq_single_ma150_weekly_top10,2.0,2022-06,-0.025598940748315067
qqq_single_ma150_weekly_top10,2.0,2022-07,-0.03307258035618341
qqq_single_ma150_weekly_top10,2.0,2022-08,-0.03304671811008299
qqq_single_ma150_weekly_top10,2.0,2022-09,-0.08456298872790338
qqq_single_ma150_weekly_top10,2.0,2022-10,0.056089181962436604
qqq_single_ma150_weekly_top10,2.0,2022-11,0.09419952167135709
qqq_single_ma150_weekly_top10,2.0,2022-12,-0.03419032795378034
qqq_single_ma150_weekly_top10,2.0,2023-01,0.03235268844115129
qqq_single_ma150_weekly_top10,2.0,2023-02,-0.053179767549529716
qqq_single_ma150_weekly_top10,2.0,2023-03,0.049972772638328784
qqq_single_ma150_weekly_top10,2.0,2023-04,-0.011205814851802717
qqq_single_ma150_weekly_top10,2.0,2023-05,0.14107578323039052
qqq_single_ma150_weekly_top10,2.0,2023-06,0.03949325871574244
qqq_single_ma150_weekly_top10,2.0,2023-07,0.030068233650522226
qqq_single_ma150_weekly_top10,2.0,2023-08,-0.002103046818245649
qqq_single_ma150_weekly_top10,2.0,2023-09,-0.06989578440796332
qqq_single_ma150_weekly_top10,2.0,2023-10,-0.03566200557241225
qqq_single_ma150_weekly_top10,2.0,2023-11,0.15636285640853423
qqq_single_ma150_weekly_top10,2.0,2023-12,0.060405883733994914
qqq_single_ma150_weekly_top10,2.0,2024-01,0.01207611539821555
qqq_single_ma150_weekly_top10,2.0,2024-02,0.025357846363317386
qqq_single_ma150_weekly_top10,2.0,2024-03,-0.031861538859310964
qqq_single_ma150_weekly_top10,2.0,2024-04,-0.07753232806004848
qqq_single_ma150_weekly_top10,2.0,2024-05,0.12225583499375817
qqq_single_ma150_weekly_top10,2.0,2024-06,0.04359945311522724
qqq_single_ma150_weekly_top10,2.0,2024-07,-0.09660575119438626
qqq_single_ma150_weekly_top10,2.0,2024-08,-0.014576112293367378
qqq_single_ma150_weekly_top10,2.0,2024-09,-0.002605090621036925
qqq_single_ma150_weekly_top10,2.0,2024-10,0.011781717930075292
qqq_single_ma150_weekly_top10,2.0,2024-11,0.07221797730603487
qqq_single_ma150_weekly_top10,2.0,2024-12,0.01581249458179112
qqq_single_ma150_weekly_top10,2.0,2025-01,0.01679842661091145
qqq_single_ma150_weekly_top10,2.0,2025-02,-0.03287085353073087
qqq_single_ma150_weekly_top10,2.0,2025-03,-0.13990903009416533
qqq_single_ma150_weekly_top10,2.0,2025-04,0.08160683557124329
qqq_single_ma150_weekly_top10,2.0,2025-05,0.06915730059547032
qqq_single_ma150_weekly_top10,2.0,2025-06,0.04762631725950233
qqq_single_ma150_weekly_top10,2.0,2025-07,-0.03775015488723342
qqq_single_ma150_weekly_top10,2.0,2025-08,-0.00794851684928552
qqq_single_ma150_weekly_top10,2.0,2025-09,0.19095950907413412
qqq_single_ma150_weekly_top10,2.0,2025-10,0.17165059496323376
qqq_single_ma150_weekly_top10,2.0,2025-11,-0.045509285534636464
qqq_single_ma150_weekly_top10,2.0,2025-12,0.0759452250500565
qqq_single_ma150_weekly_top10,2.0,2026-01,0.16993831395580222
qqq_single_ma150_weekly_top10,2.0,2026-02,-0.018279686543360534
qqq_single_ma150_weekly_top10,2.0,2026-03,-0.0366684014688285
qqq_single_ma150_weekly_top10,2.0,2026-04,0.3085990434384452
qqq_single_ma150_weekly_top10,5.0,2019-06,0.0
qqq_single_ma150_weekly_top10,5.0,2019-07,0.0
qqq_single_ma150_weekly_top10,5.0,2019-08,0.0
qqq_single_ma150_weekly_top10,5.0,2019-09,0.0
qqq_single_ma150_weekly_top10,5.0,2019-10,0.0
qqq_single_ma150_weekly_top10,5.0,2019-11,0.0
qqq_single_ma150_weekly_top10,5.0,2019-12,0.0
qqq_single_ma150_weekly_top10,5.0,2020-01,0.0027760387506045453
qqq_single_ma150_weekly_top10,5.0,2020-02,0.0028409095319073124
qqq_single_ma150_weekly_top10,5.0,2020-03,-0.14821701204900542
qqq_single_ma150_weekly_top10,5.0,2020-04,0.12097520505186386
qqq_single_ma150_weekly_top10,5.0,2020-05,0.11888764771214035
qqq_single_ma150_weekly_top10,5.0,2020-06,0.13842231256132587
qqq_single_ma150_weekly_top10,5.0,2020-07,0.12025104177446375
qqq_single_ma150_weekly_top10,5.0,2020-08,0.1551715329385951
qqq_single_ma150_weekly_top10,5.0,2020-09,-0.008376770610927287
qqq_single_ma150_weekly_top10,5.0,2020-10,-0.004147542400855804
qqq_single_ma150_weekly_top10,5.0,2020-11,0.2060266093595764
qqq_single_ma150_weekly_top10,5.0,2020-12,0.022952319183438062
qqq_single_ma150_weekly_top10,5.0,2021-01,0.06448473011428772
qqq_single_ma150_weekly_top10,5.0,2021-02,0.015274238269884853
qqq_single_ma150_weekly_top10,5.0,2021-03,-0.04729146253999766
qqq_single_ma150_weekly_top10,5.0,2021-04,0.01062460866851353
qqq_single_ma150_weekly_top10,5.0,2021-05,0.00626069825646792
qqq_single_ma150_weekly_top10,5.0,2021-06,0.028579806952533468
qqq_single_ma150_weekly_top10,5.0,2021-07,0.08743221991915318
qqq_single_ma150_weekly_top10,5.0,2021-08,0.0654036625422855
qqq_single_ma150_weekly_top10,5.0,2021-09,-0.0947341952412945
qqq_single_ma150_weekly_top10,5.0,2021-10,0.08586634985967961
qqq_single_ma150_weekly_top10,5.0,2021-11,-0.010921748025309978
qqq_single_ma150_weekly_top10,5.0,2021-12,-0.04694325173395863
qqq_single_ma150_weekly_top10,5.0,2022-01,-0.18708626058998135
qqq_single_ma150_weekly_top10,5.0,2022-02,-0.059856854623061125
qqq_single_ma150_weekly_top10,5.0,2022-03,-0.008227358537768233
qqq_single_ma150_weekly_top10,5.0,2022-04,-0.09553316767922333
qqq_single_ma150_weekly_top10,5.0,2022-05,-0.01965238882320741
qqq_single_ma150_weekly_top10,5.0,2022-06,-0.026288940748315066
qqq_single_ma150_weekly_top10,5.0,2022-07,-0.03374877083237389
qqq_single_ma150_weekly_top10,5.0,2022-08,-0.03388671811008299
qqq_single_ma150_weekly_top10,5.0,2022-09,-0.08584965539457005
qqq_single_ma150_weekly_top10,5.0,2022-10,0.05538632481957946
qqq_single_ma150_weekly_top10,5.0,2022-11,0.09407952167135708
qqq_single_ma150_weekly_top10,5.0,2022-12,-0.03461032795378034
qqq_single_ma150_weekly_top10,5.0,2023-01,0.03199268844115129
qqq_single_ma150_weekly_top10,5.0,2023-02,-0.05359976754952972
qqq_single_ma150_weekly_top10,5.0,2023-03,0.04955277263832879
qqq_single_ma150_weekly_top10,5.0,2023-04,-0.011565814851802723
qqq_single_ma150_weekly_top10,5.0,2023-05,0.14071578323039052
qqq_single_ma150_weekly_top10,5.0,2023-06,0.03907325871574245
qqq_single_ma150_weekly_top10,5.0,2023-07,0.029228233650522226
qqq_single_ma150_weekly_top10,5.0,2023-08,-0.002643046818245648
qqq_single_ma150_weekly_top10,5.0,2023-09,-0.07055578440796333
qqq_single_ma150_weekly_top10,5.0,2023-10,-0.03644200557241224
qqq_single_ma150_weekly_top10,5.0,2023-11,0.15570285640853423
qqq_single_ma150_weekly_top10,5.0,2023-12,0.05992588373399492
qqq_single_ma150_weekly_top10,5.0,2024-01,0.011476115398215546
qqq_single_ma150_weekly_top10,5.0,2024-02,0.024757846363317383
qqq_single_ma150_weekly_top10,5.0,2024-03,-0.03246153885931096
qqq_single_ma150_weekly_top10,5.0,2024-04,-0.07801232806004846
qqq_single_ma150_weekly_top10,5.0,2024-05,0.12189583499375817
qqq_single_ma150_weekly_top10,5.0,2024-06,0.04311945311522724
qqq_single_ma150_weekly_top10,5.0,2024-07,-0.09702575119438626
qqq_single_ma150_weekly_top10,5.0,2024-08,-0.015416112293367368
qqq_single_ma150_weekly_top10,5.0,2024-09,-0.003625090621036925
qqq_single_ma150_weekly_top10,5.0,2024-10,0.011181717930075292
qqq_single_ma150_weekly_top10,5.0,2024-11,0.07185797730603487
qqq_single_ma150_weekly_top10,5.0,2024-12,0.015152494581791125
qqq_single_ma150_weekly_top10,5.0,2025-01,0.016498426610911453
qqq_single_ma150_weekly_top10,5.0,2025-02,-0.03317085353073086
qqq_single_ma150_weekly_top10,5.0,2025-03,-0.14050903009416532
qqq_single_ma150_weekly_top10,5.0,2025-04,0.08088683557124329
qqq_single_ma150_weekly_top10,5.0,2025-05,0.06867730059547031
qqq_single_ma150_weekly_top10,5.0,2025-06,0.04696631725950233
qqq_single_ma150_weekly_top10,5.0,2025-07,-0.038170154887233416
qqq_single_ma150_weekly_top10,5.0,2025-08,-0.008428516849285514
qqq_single_ma150_weekly_top10,5.0,2025-09,0.19023950907413412
qqq_single_ma150_weekly_top10,5.0,2025-10,0.17099059496323377
qqq_single_ma150_weekly_top10,5.0,2025-11,-0.045809285534636465
qqq_single_ma150_weekly_top10,5.0,2025-12,0.0755852250500565
qqq_single_ma150_weekly_top10,5.0,2026-01,0.1697583139558022
qqq_single_ma150_weekly_top10,5.0,2026-02,-0.01845968654336054
qqq_single_ma150_weekly_top10,5.0,2026-03,-0.036968401468828495
qqq_single_ma150_weekly_top10,5.0,2026-04,0.30817904343844515
qqq_single_ma150_weekly_top10,10.0,2019-06,0.0
qqq_single_ma150_weekly_top10,10.0,2019-07,0.0
qqq_single_ma150_weekly_top10,10.0,2019-08,0.0
qqq_single_ma150_weekly_top10,10.0,2019-09,0.0
qqq_single_ma150_weekly_top10,10.0,2019-10,0.0
qqq_single_ma150_weekly_top10,10.0,2019-11,0.0
qqq_single_ma150_weekly_top10,10.0,2019-12,0.0
qqq_single_ma150_weekly_top10,10.0,2020-01,0.002276038750604545
qqq_single_ma150_weekly_top10,10.0,2020-02,0.002240909531907323
qqq_single_ma150_weekly_top10,10.0,2020-03,-0.15011701204900543
qqq_single_ma150_weekly_top10,10.0,2020-04,0.12047520505186388
qqq_single_ma150_weekly_top10,10.0,2020-05,0.11848764771214033
qqq_single_ma150_weekly_top10,10.0,2020-06,0.13762231256132587
qqq_single_ma150_weekly_top10,10.0,2020-07,0.11995104177446374
qqq_single_ma150_weekly_top10,10.0,2020-08,0.1544715329385951
qqq_single_ma150_weekly_top10,10.0,2020-09,-0.00877677061092728
qqq_single_ma150_weekly_top10,10.0,2020-10,-0.004447542400855806
qqq_single_ma150_weekly_top10,10.0,2020-11,0.2054266093595764
qqq_single_ma150_weekly_top10,10.0,2020-12,0.022352319183438066
qqq_single_ma150_weekly_top10,10.0,2021-01,0.06378473011428772
qqq_single_ma150_weekly_top10,10.0,2021-02,0.014874238269884855
qqq_single_ma150_weekly_top10,10.0,2021-03,-0.04849146253999766
qqq_single_ma150_weekly_top10,10.0,2021-04,0.010224608668513532
qqq_single_ma150_weekly_top10,10.0,2021-05,0.005960698256467925
qqq_single_ma150_weekly_top10,10.0,2021-06,0.027979806952533468
qqq_single_ma150_weekly_top10,10.0,2021-07,0.08693221991915318
qqq_single_ma150_weekly_top10,10.0,2021-08,0.06470366254228549
qqq_single_ma150_weekly_top10,10.0,2021-09,-0.0951341952412945
qqq_single_ma150_weekly_top10,10.0,2021-10,0.08526634985967961
qqq_single_ma150_weekly_top10,10.0,2021-11,-0.012121748025309983
qqq_single_ma150_weekly_top10,10.0,2021-12,-0.047743251733958623
qqq_single_ma150_weekly_top10,10.0,2022-01,-0.18818626058998136
qqq_single_ma150_weekly_top10,10.0,2022-02,-0.06115685462306113
qqq_single_ma150_weekly_top10,10.0,2022-03,-0.009527358537768229
qqq_single_ma150_weekly_top10,10.0,2022-04,-0.09623316767922332
qqq_single_ma150_weekly_top10,10.0,2022-05,-0.021226991997810585
qqq_single_ma150_weekly_top10,10.0,2022-06,-0.027438940748315065
qqq_single_ma150_weekly_top10,10.0,2022-07,-0.03487575495935802
qqq_single_ma150_weekly_top10,10.0,2022-08,-0.03528671811008299
qqq_single_ma150_weekly_top10,10.0,2022-09,-0.08799409983901449
qqq_single_ma150_weekly_top10,10.0,2022-10,0.0542148962481509
qqq_single_ma150_weekly_top10,10.0,2022-11,0.09387952167135709
qqq_single_ma150_weekly_top10,10.0,2022-12,-0.03531032795378034
qqq_single_ma150_weekly_top10,10.0,2023-01,0.0313926884411513
qqq_single_ma150_weekly_top10,10.0,2023-02,-0.05429976754952971
qqq_single_ma150_weekly_top10,10.0,2023-03,0.04885277263832878
qqq_single_ma150_weekly_top10,10.0,2023-04,-0.012165814851802719
qqq_single_ma150_weekly_top10,10.0,2023-05,0.1401157832303905
qqq_single_ma150_weekly_top10,10.0,2023-06,0.038373258715742445
qqq_single_ma150_weekly_top10,10.0,2023-07,0.02782823365052222
qqq_single_ma150_weekly_top10,10.0,2023-08,-0.00354304681824566
qqq_single_ma150_weekly_top10,10.0,2023-09,-0.07165578440796333
qqq_single_ma150_weekly_top10,10.0,2023-10,-0.037742005572412245
qqq_single_ma150_weekly_top10,10.0,2023-11,0.15460285640853422
qqq_single_ma150_weekly_top10,10.0,2023-12,0.05912588373399491
qqq_single_ma150_weekly_top10,10.0,2024-01,0.010476115398215545
qqq_single_ma150_weekly_top10,10.0,2024-02,0.02375784636331739
qqq_single_ma150_weekly_top10,10.0,2024-03,-0.03346153885931097
qqq_single_ma150_weekly_top10,10.0,2024-04,-0.07881232806004848
qqq_single_ma150_weekly_top10,10.0,2024-05,0.12129583499375816
qqq_single_ma150_weekly_top10,10.0,2024-06,0.04231945311522724
qqq_single_ma150_weekly_top10,10.0,2024-07,-0.09772575119438627
qqq_single_ma150_weekly_top10,10.0,2024-08,-0.01681611229336737
qqq_single_ma150_weekly_top10,10.0,2024-09,-0.005325090621036924
qqq_single_ma150_weekly_top10,10.0,2024-10,0.010181717930075291
qqq_single_ma150_weekly_top10,10.0,2024-11,0.07125797730603486
qqq_single_ma150_weekly_top10,10.0,2024-12,0.014052494581791124
qqq_single_ma150_weekly_top10,10.0,2025-01,0.015998426610911456
qqq_single_ma150_weekly_top10,10.0,2025-02,-0.03367085353073086
qqq_single_ma150_weekly_top10,10.0,2025-03,-0.14150903009416532
qqq_single_ma150_weekly_top10,10.0,2025-04,0.07968683557124329
qqq_single_ma150_weekly_top10,10.0,2025-05,0.06787730059547031
qqq_single_ma150_weekly_top10,10.0,2025-06,0.045866317259502326
qqq_single_ma150_weekly_top10,10.0,2025-07,-0.038870154887233416
qqq_single_ma150_weekly_top10,10.0,2025-08,-0.00922851684928552
qqq_single_ma150_weekly_top10,10.0,2025-09,0.1890395090741341
qqq_single_ma150_weekly_top10,10.0,2025-10,0.16989059496323375
qqq_single_ma150_weekly_top10,10.0,2025-11,-0.04630928553463646
qqq_single_ma150_weekly_top10,10.0,2025-12,0.07498522505005652
qqq_single_ma150_weekly_top10,10.0,2026-01,0.16945831395580221
qqq_single_ma150_weekly_top10,10.0,2026-02,-0.018759686543360528
qqq_single_ma150_weekly_top10,10.0,2026-03,-0.037468401468828495
qqq_single_ma150_weekly_top10,10.0,2026-04,0.3074790434384452
qqq_single_ma150_weekly_top2,0.0,2019-06,0.0
qqq_single_ma150_weekly_top2,0.0,2019-07,0.0
qqq_single_ma150_weekly_top2,0.0,2019-08,0.0
qqq_single_ma150_weekly_top2,0.0,2019-09,0.0
qqq_single_ma150_weekly_top2,0.0,2019-10,0.0
qqq_single_ma150_weekly_top2,0.0,2019-11,0.0
qqq_single_ma150_weekly_top2,0.0,2019-12,0.0
qqq_single_ma150_weekly_top2,0.0,2020-01,0.08840993103295436
qqq_single_ma150_weekly_top2,0.0,2020-02,0.06789792177715426
qqq_single_ma150_weekly_top2,0.0,2020-03,-0.2094390351765562
qqq_single_ma150_weekly_top2,0.0,2020-04,0.2108273383451139
qqq_single_ma150_weekly_top2,0.0,2020-05,0.1825896693567612
qqq_single_ma150_weekly_top2,0.0,2020-06,0.16839194788292444
qqq_single_ma150_weekly_top2,0.0,2020-07,0.15864990361312298
qqq_single_ma150_weekly_top2,0.0,2020-08,0.24018651839014926
qqq_single_ma150_weekly_top2,0.0,2020-09,0.06402161091213754
qqq_single_ma150_weekly_top2,0.0,2020-10,-0.0738954751884725
qqq_single_ma150_weekly_top2,0.0,2020-11,0.20564468781951634
qqq_single_ma150_weekly_top2,0.0,2020-12,-0.011730290701495727
qqq_single_ma150_weekly_top2,0.0,2021-01,0.1716751953805355
qqq_single_ma150_weekly_top2,0.0,2021-02,-0.15956941420000176
qqq_single_ma150_weekly_top2,0.0,2021-03,-0.09267083892173839
qqq_single_ma150_weekly_top2,0.0,2021-04,0.0974132183313477
qqq_single_ma150_weekly_top2,0.0,2021-05,-0.0041416785078514096
qqq_single_ma150_weekly_top2,0.0,2021-06,0.14172629469274384
qqq_single_ma150_weekly_top2,0.0,2021-07,-0.01930180318622332
qqq_single_ma150_weekly_top2,0.0,2021-08,0.08378078861520011
qqq_single_ma150_weekly_top2,0.0,2021-09,-0.055121248585160765
qqq_single_ma150_weekly_top2,0.0,2021-10,0.08868265020571481
qqq_single_ma150_weekly_top2,0.0,2021-11,-0.023247916011114034
qqq_single_ma150_weekly_top2,0.0,2021-12,-0.05750489338130771
qqq_single_ma150_weekly_top2,0.0,2022-01,-0.12435451786769902
qqq_single_ma150_weekly_top2,0.0,2022-02,-0.017985175250550933
qqq_single_ma150_weekly_top2,0.0,2022-03,0.011255029387350679
qqq_single_ma150_weekly_top2,0.0,2022-04,-0.15244379116574558
qqq_single_ma150_weekly_top2,0.0,2022-05,-0.09889153383195104
qqq_single_ma150_weekly_top2,0.0,2022-06,-0.0291900343420326
qqq_single_ma150_weekly_top2,0.0,2022-07,0.024650671256087553
qqq_single_ma150_weekly_top2,0.0,2022-08,-0.0013007651947454235
qqq_single_ma150_weekly_top2,0.0,2022-09,0.0012983903750206083
qqq_single_ma150_weekly_top2,0.0,2022-10,0.04287748422642523
qqq_single_ma150_weekly_top2,0.0,2022-11,0.15665144213187593
qqq_single_ma150_weekly_top2,0.0,2022-12,-0.0684417688671477
qqq_single_ma150_weekly_top2,0.0,2023-01,0.12562885302906446
qqq_single_ma150_weekly_top2,0.0,2023-02,-0.028867235421251303
qqq_single_ma150_weekly_top2,0.0,2023-03,-0.06409080272518386
qqq_single_ma150_weekly_top2,0.0,2023-04,0.022587123585395275
qqq_single_ma150_weekly_top2,0.0,2023-05,0.2398750380107353
qqq_single_ma150_weekly_top2,0.0,2023-06,0.09233123458547488
qqq_single_ma150_weekly_top2,0.0,2023-07,0.10026187145112053
qqq_single_ma150_weekly_top2,0.0,2023-08,0.01143000356403423
qqq_single_ma150_weekly_top2,0.0,2023-09,-0.05048645690452391
qqq_single_ma150_weekly_top2,0.0,2023-10,-0.01354702391734558
qqq_single_ma150_weekly_top2,0.0,2023-11,0.24406344006585795
qqq_single_ma150_weekly_top2,0.0,2023-12,-0.016441004734206788
qqq_single_ma150_weekly_top2,0.0,2024-01,0.00866989990492717
qqq_single_ma150_weekly_top2,0.0,2024-02,0.050373457068243754
qqq_single_ma150_weekly_top2,0.0,2024-03,-0.04795402883899058
qqq_single_ma150_weekly_top2,0.0,2024-04,-0.1181503856964643
qqq_single_ma150_weekly_top2,0.0,2024-05,0.22951537029305163
qqq_single_ma150_weekly_top2,0.0,2024-06,0.08342550915209834
qqq_single_ma150_weekly_top2,0.0,2024-07,-0.0885084221443736
qqq_single_ma150_weekly_top2,0.0,2024-08,-0.03454795521849524
qqq_single_ma150_weekly_top2,0.0,2024-09,0.161964199214846
qqq_single_ma150_weekly_top2,0.0,2024-10,0.12106406410696052
qqq_single_ma150_weekly_top2,0.0,2024-11,-0.018030240024971
qqq_single_ma150_weekly_top2,0.0,2024-12,0.035656638002877716
qqq_single_ma150_weekly_top2,0.0,2025-01,0.07181286934486075
qqq_single_ma150_weekly_top2,0.0,2025-02,0.07221339784545722
qqq_single_ma150_weekly_top2,0.0,2025-03,-0.12006313533378593
qqq_single_ma150_weekly_top2,0.0,2025-04,0.3300703937868969
qqq_single_ma150_weekly_top2,0.0,2025-05,0.18576580238971324
qqq_single_ma150_weekly_top2,0.0,2025-06,-0.001856270574638219
qqq_single_ma150_weekly_top2,0.0,2025-07,0.05144951248555779
qqq_single_ma150_weekly_top2,0.0,2025-08,-0.03285307051727626
qqq_single_ma150_weekly_top2,0.0,2025-09,0.09173919296453686
qqq_single_ma150_weekly_top2,0.0,2025-10,0.3029011494371269
qqq_single_ma150_weekly_top2,0.0,2025-11,-0.1092462539033085
qqq_single_ma150_weekly_top2,0.0,2025-12,0.14325447949582737
qqq_single_ma150_weekly_top2,0.0,2026-01,0.1983123117894799
qqq_single_ma150_weekly_top2,0.0,2026-02,0.09195927869096682
qqq_single_ma150_weekly_top2,0.0,2026-03,-0.02313625039039713
qqq_single_ma150_weekly_top2,0.0,2026-04,0.4730025959301498
qqq_single_ma150_weekly_top2,1.0,2019-06,0.0
qqq_single_ma150_weekly_top2,1.0,2019-07,0.0
qqq_single_ma150_weekly_top2,1.0,2019-08,0.0
qqq_single_ma150_weekly_top2,1.0,2019-09,0.0
qqq_single_ma150_weekly_top2,1.0,2019-10,0.0
qqq_single_ma150_weekly_top2,1.0,2019-11,0.0
qqq_single_ma150_weekly_top2,1.0,2019-12,0.0
qqq_single_ma150_weekly_top2,1.0,2020-01,0.08830993103295436
qqq_single_ma150_weekly_top2,1.0,2020-02,0.06769792177715427
qqq_single_ma150_weekly_top2,1.0,2020-03,-0.20993903517655624
qqq_single_ma150_weekly_top2,1.0,2020-04,0.2106273383451139
qqq_single_ma150_weekly_top2,1.0,2020-05,0.18228966935676116
qqq_single_ma150_weekly_top2,1.0,2020-06,0.16819194788292444
qqq_single_ma150_weekly_top2,1.0,2020-07,0.158549903613123
qqq_single_ma150_weekly_top2,1.0,2020-08,0.24018651839014926
qqq_single_ma150_weekly_top2,1.0,2020-09,0.06382161091213753
qqq_single_ma150_weekly_top2,1.0,2020-10,-0.0739954751884725
qqq_single_ma150_weekly_top2,1.0,2020-11,0.20564468781951634
qqq_single_ma150_weekly_top2,1.0,2020-12,-0.011730290701495727
qqq_single_ma150_weekly_top2,1.0,2021-01,0.1714751953805355
qqq_single_ma150_weekly_top2,1.0,2021-02,-0.15956941420000176
qqq_single_ma150_weekly_top2,1.0,2021-03,-0.09287083892173839
qqq_single_ma150_weekly_top2,1.0,2021-04,0.09731321833134769
qqq_single_ma150_weekly_top2,1.0,2021-05,-0.004441678507851418
qqq_single_ma150_weekly_top2,1.0,2021-06,0.14172629469274384
qqq_single_ma150_weekly_top2,1.0,2021-07,-0.01960180318622333
qqq_single_ma150_weekly_top2,1.0,2021-08,0.0834807886152001
qqq_single_ma150_weekly_top2,1.0,2021-09,-0.05542124858516077
qqq_single_ma150_weekly_top2,1.0,2021-10,0.08868265020571481
qqq_single_ma150_weekly_top2,1.0,2021-11,-0.02364791601111404
qqq_single_ma150_weekly_top2,1.0,2021-12,-0.057704893381307715
qqq_single_ma150_weekly_top2,1.0,2022-01,-0.12515451786769904
qqq_single_ma150_weekly_top2,1.0,2022-02,-0.01848517525055093
qqq_single_ma150_weekly_top2,1.0,2022-03,0.010955029387350674
qqq_single_ma150_weekly_top2,1.0,2022-04,-0.15274379116574557
qqq_single_ma150_weekly_top2,1.0,2022-05,-0.09949153383195104
qqq_single_ma150_weekly_top2,1.0,2022-06,-0.0292900343420326
qqq_single_ma150_weekly_top2,1.0,2022-07,0.024350671256087555
qqq_single_ma150_weekly_top2,1.0,2022-08,-0.0016007651947454217
qqq_single_ma150_weekly_top2,1.0,2022-09,0.0011983903750206089
qqq_single_ma150_weekly_top2,1.0,2022-10,0.04277748422642523
qqq_single_ma150_weekly_top2,1.0,2022-11,0.1563514421318759
qqq_single_ma150_weekly_top2,1.0,2022-12,-0.0685417688671477
qqq_single_ma150_weekly_top2,1.0,2023-01,0.12532885302906446
qqq_single_ma150_weekly_top2,1.0,2023-02,-0.028967235421251306
qqq_single_ma150_weekly_top2,1.0,2023-03,-0.06419080272518386
qqq_single_ma150_weekly_top2,1.0,2023-04,0.022287123585395276
qqq_single_ma150_weekly_top2,1.0,2023-05,0.23947503801073527
qqq_single_ma150_weekly_top2,1.0,2023-06,0.09233123458547488
qqq_single_ma150_weekly_top2,1.0,2023-07,0.10026187145112053
qqq_single_ma150_weekly_top2,1.0,2023-08,0.011230003564034224
qqq_single_ma150_weekly_top2,1.0,2023-09,-0.05048645690452391
qqq_single_ma150_weekly_top2,1.0,2023-10,-0.013747023917345585
qqq_single_ma150_weekly_top2,1.0,2023-11,0.24396344006585796
qqq_single_ma150_weekly_top2,1.0,2023-12,-0.016541004734206787
qqq_single_ma150_weekly_top2,1.0,2024-01,0.008569899904927167
qqq_single_ma150_weekly_top2,1.0,2024-02,0.050373457068243754
qqq_single_ma150_weekly_top2,1.0,2024-03,-0.04825402883899058
qqq_single_ma150_weekly_top2,1.0,2024-04,-0.1182503856964643
qqq_single_ma150_weekly_top2,1.0,2024-05,0.22921537029305164
qqq_single_ma150_weekly_top2,1.0,2024-06,0.08312550915209833
qqq_single_ma150_weekly_top2,1.0,2024-07,-0.0886084221443736
qqq_single_ma150_weekly_top2,1.0,2024-08,-0.03484795521849525
qqq_single_ma150_weekly_top2,1.0,2024-09,0.161664199214846
qqq_single_ma150_weekly_top2,1.0,2024-10,0.12066406410696053
qqq_single_ma150_weekly_top2,1.0,2024-11,-0.018430240024971012
qqq_single_ma150_weekly_top2,1.0,2024-12,0.03545663800287771
qqq_single_ma150_weekly_top2,1.0,2025-01,0.07181286934486075
qqq_single_ma150_weekly_top2,1.0,2025-02,0.07201339784545722
qqq_single_ma150_weekly_top2,1.0,2025-03,-0.12006313533378593
qqq_single_ma150_weekly_top2,1.0,2025-04,0.3299703937868969
qqq_single_ma150_weekly_top2,1.0,2025-05,0.18566580238971325
qqq_single_ma150_weekly_top2,1.0,2025-06,-0.0021562705746382173
qqq_single_ma150_weekly_top2,1.0,2025-07,0.05134951248555779
qqq_single_ma150_weekly_top2,1.0,2025-08,-0.03305307051727627
qqq_single_ma150_weekly_top2,1.0,2025-09,0.09143919296453686
qqq_single_ma150_weekly_top2,1.0,2025-10,0.3027011494371269
qqq_single_ma150_weekly_top2,1.0,2025-11,-0.10954625390330851
qqq_single_ma150_weekly_top2,1.0,2025-12,0.14295447949582737
qqq_single_ma150_weekly_top2,1.0,2026-01,0.1982123117894799
qqq_single_ma150_weekly_top2,1.0,2026-02,0.09185927869096681
qqq_single_ma150_weekly_top2,1.0,2026-03,-0.02313625039039713
qqq_single_ma150_weekly_top2,1.0,2026-04,0.4729025959301498
qqq_single_ma150_weekly_top2,2.0,2019-06,0.0
qqq_single_ma150_weekly_top2,2.0,2019-07,0.0
qqq_single_ma150_weekly_top2,2.0,2019-08,0.0
qqq_single_ma150_weekly_top2,2.0,2019-09,0.0
qqq_single_ma150_weekly_top2,2.0,2019-10,0.0
qqq_single_ma150_weekly_top2,2.0,2019-11,0.0
qqq_single_ma150_weekly_top2,2.0,2019-12,0.0
qqq_single_ma150_weekly_top2,2.0,2020-01,0.08820993103295435
qqq_single_ma150_weekly_top2,2.0,2020-02,0.06749792177715425
qqq_single_ma150_weekly_top2,2.0,2020-03,-0.21043903517655624
qqq_single_ma150_weekly_top2,2.0,2020-04,0.2104273383451139
qqq_single_ma150_weekly_top2,2.0,2020-05,0.1819896693567612
qqq_single_ma150_weekly_top2,2.0,2020-06,0.16799194788292443
qqq_single_ma150_weekly_top2,2.0,2020-07,0.15844990361312297
qqq_single_ma150_weekly_top2,2.0,2020-08,0.24018651839014926
qqq_single_ma150_weekly_top2,2.0,2020-09,0.06362161091213754
qqq_single_ma150_weekly_top2,2.0,2020-10,-0.07409547518847251
qqq_single_ma150_weekly_top2,2.0,2020-11,0.20564468781951634
qqq_single_ma150_weekly_top2,2.0,2020-12,-0.011730290701495727
qqq_single_ma150_weekly_top2,2.0,2021-01,0.17127519538053548
qqq_single_ma150_weekly_top2,2.0,2021-02,-0.15956941420000176
qqq_single_ma150_weekly_top2,2.0,2021-03,-0.0930708389217384
qqq_single_ma150_weekly_top2,2.0,2021-04,0.09721321833134769
qqq_single_ma150_weekly_top2,2.0,2021-05,-0.00474167850785142
qqq_single_ma150_weekly_top2,2.0,2021-06,0.14172629469274384
qqq_single_ma150_weekly_top2,2.0,2021-07,-0.019901803186223317
qqq_single_ma150_weekly_top2,2.0,2021-08,0.0831807886152001
qqq_single_ma150_weekly_top2,2.0,2021-09,-0.05572124858516076
qqq_single_ma150_weekly_top2,2.0,2021-10,0.08868265020571481
qqq_single_ma150_weekly_top2,2.0,2021-11,-0.024047916011114036
qqq_single_ma150_weekly_top2,2.0,2021-12,-0.057904893381307714
qqq_single_ma150_weekly_top2,2.0,2022-01,-0.125954517867699
qqq_single_ma150_weekly_top2,2.0,2022-02,-0.018985175250550927
qqq_single_ma150_weekly_top2,2.0,2022-03,0.010655029387350683
qqq_single_ma150_weekly_top2,2.0,2022-04,-0.15304379116574557
qqq_single_ma150_weekly_top2,2.0,2022-05,-0.10009153383195103
qqq_single_ma150_weekly_top2,2.0,2022-06,-0.0293900343420326
qqq_single_ma150_weekly_top2,2.0,2022-07,0.024050671256087557
qqq_single_ma150_weekly_top2,2.0,2022-08,-0.0019007651947454199
qqq_single_ma150_weekly_top2,2.0,2022-09,0.0010983903750206095
qqq_single_ma150_weekly_top2,2.0,2022-10,0.042677484226425234
qqq_single_ma150_weekly_top2,2.0,2022-11,0.15605144213187594
qqq_single_ma150_weekly_top2,2.0,2022-12,-0.0686417688671477
qqq_single_ma150_weekly_top2,2.0,2023-01,0.12502885302906447
qqq_single_ma150_weekly_top2,2.0,2023-02,-0.0290672354212513
qqq_single_ma150_weekly_top2,2.0,2023-03,-0.06429080272518387
qqq_single_ma150_weekly_top2,2.0,2023-04,0.021987123585395278
qqq_single_ma150_weekly_top2,2.0,2023-05,0.2390750380107353
qqq_single_ma150_weekly_top2,2.0,2023-06,0.09233123458547488
qqq_single_ma150_weekly_top2,2.0,2023-07,0.10026187145112053
qqq_single_ma150_weekly_top2,2.0,2023-08,0.011030003564034233
qqq_single_ma150_weekly_top2,2.0,2023-09,-0.05048645690452391
qqq_single_ma150_weekly_top2,2.0,2023-10,-0.013947023917345577
qqq_single_ma150_weekly_top2,2.0,2023-11,0.24386344006585794
qqq_single_ma150_weekly_top2,2.0,2023-12,-0.016641004734206787
qqq_single_ma150_weekly_top2,2.0,2024-01,0.008469899904927171
qqq_single_ma150_weekly_top2,2.0,2024-02,0.050373457068243754
qqq_single_ma150_weekly_top2,2.0,2024-03,-0.04855402883899058
qqq_single_ma150_weekly_top2,2.0,2024-04,-0.1183503856964643
qqq_single_ma150_weekly_top2,2.0,2024-05,0.22891537029305165
qqq_single_ma150_weekly_top2,2.0,2024-06,0.08282550915209835
qqq_single_ma150_weekly_top2,2.0,2024-07,-0.0887084221443736
qqq_single_ma150_weekly_top2,2.0,2024-08,-0.035147955218495244
qqq_single_ma150_weekly_top2,2.0,2024-09,0.16136419921484602
qqq_single_ma150_weekly_top2,2.0,2024-10,0.12026406410696051
qqq_single_ma150_weekly_top2,2.0,2024-11,-0.018830240024970996
qqq_single_ma150_weekly_top2,2.0,2024-12,0.03525663800287772
qqq_single_ma150_weekly_top2,2.0,2025-01,0.07181286934486075
qqq_single_ma150_weekly_top2,2.0,2025-02,0.0718133978454572
qqq_single_ma150_weekly_top2,2.0,2025-03,-0.12006313533378593
qqq_single_ma150_weekly_top2,2.0,2025-04,0.32987039378689686
qqq_single_ma150_weekly_top2,2.0,2025-05,0.18556580238971324
qqq_single_ma150_weekly_top2,2.0,2025-06,-0.002456270574638217
qqq_single_ma150_weekly_top2,2.0,2025-07,0.05124951248555779
qqq_single_ma150_weekly_top2,2.0,2025-08,-0.03325307051727626
qqq_single_ma150_weekly_top2,2.0,2025-09,0.09113919296453687
qqq_single_ma150_weekly_top2,2.0,2025-10,0.3025011494371269
qqq_single_ma150_weekly_top2,2.0,2025-11,-0.10984625390330849
qqq_single_ma150_weekly_top2,2.0,2025-12,0.14265447949582738
qqq_single_ma150_weekly_top2,2.0,2026-01,0.19811231178947988
qqq_single_ma150_weekly_top2,2.0,2026-02,0.09175927869096681
qqq_single_ma150_weekly_top2,2.0,2026-03,-0.02313625039039713
qqq_single_ma150_weekly_top2,2.0,2026-04,0.47280259593014984
qqq_single_ma150_weekly_top2,5.0,2019-06,0.0
qqq_single_ma150_weekly_top2,5.0,2019-07,0.0
qqq_single_ma150_weekly_top2,5.0,2019-08,0.0
qqq_single_ma150_weekly_top2,5.0,2019-09,0.0
qqq_single_ma150_weekly_top2,5.0,2019-10,0.0
qqq_single_ma150_weekly_top2,5.0,2019-11,0.0
qqq_single_ma150_weekly_top2,5.0,2019-12,0.0
qqq_single_ma150_weekly_top2,5.0,2020-01,0.08790993103295436
qqq_single_ma150_weekly_top2,5.0,2020-02,0.06689792177715426
qqq_single_ma150_weekly_top2,5.0,2020-03,-0.2119390351765562
qqq_single_ma150_weekly_top2,5.0,2020-04,0.2098273383451139
qqq_single_ma150_weekly_top2,5.0,2020-05,0.18108966935676118
qqq_single_ma150_weekly_top2,5.0,2020-06,0.16739194788292444
qqq_single_ma150_weekly_top2,5.0,2020-07,0.15814990361312298
qqq_single_ma150_weekly_top2,5.0,2020-08,0.24018651839014926
qqq_single_ma150_weekly_top2,5.0,2020-09,0.06302161091213754
qqq_single_ma150_weekly_top2,5.0,2020-10,-0.0743954751884725
qqq_single_ma150_weekly_top2,5.0,2020-11,0.20564468781951634
qqq_single_ma150_weekly_top2,5.0,2020-12,-0.011730290701495727
qqq_single_ma150_weekly_top2,5.0,2021-01,0.1706751953805355
qqq_single_ma150_weekly_top2,5.0,2021-02,-0.15956941420000176
qqq_single_ma150_weekly_top2,5.0,2021-03,-0.09367083892173839
qqq_single_ma150_weekly_top2,5.0,2021-04,0.0969132183313477
qqq_single_ma150_weekly_top2,5.0,2021-05,-0.005641678507851411
qqq_single_ma150_weekly_top2,5.0,2021-06,0.14172629469274384
qqq_single_ma150_weekly_top2,5.0,2021-07,-0.020801803186223322
qqq_single_ma150_weekly_top2,5.0,2021-08,0.0822807886152001
qqq_single_ma150_weekly_top2,5.0,2021-09,-0.056621248585160766
qqq_single_ma150_weekly_top2,5.0,2021-10,0.08868265020571481
qqq_single_ma150_weekly_top2,5.0,2021-11,-0.025247916011114035
qqq_single_ma150_weekly_top2,5.0,2021-12,-0.05850489338130771
qqq_single_ma150_weekly_top2,5.0,2022-01,-0.12835451786769903
qqq_single_ma150_weekly_top2,5.0,2022-02,-0.020485175250550935
qqq_single_ma150_weekly_top2,5.0,2022-03,0.009755029387350678
qqq_single_ma150_weekly_top2,5.0,2022-04,-0.15394379116574558
qqq_single_ma150_weekly_top2,5.0,2022-05,-0.10189153383195104
qqq_single_ma150_weekly_top2,5.0,2022-06,-0.0296900343420326
qqq_single_ma150_weekly_top2,5.0,2022-07,0.02315067125608755
qqq_single_ma150_weekly_top2,5.0,2022-08,-0.002800765194745425
qqq_single_ma150_weekly_top2,5.0,2022-09,0.0007983903750206078
qqq_single_ma150_weekly_top2,5.0,2022-10,0.04237748422642523
qqq_single_ma150_weekly_top2,5.0,2022-11,0.15515144213187593
qqq_single_ma150_weekly_top2,5.0,2022-12,-0.0689417688671477
qqq_single_ma150_weekly_top2,5.0,2023-01,0.12412885302906446
qqq_single_ma150_weekly_top2,5.0,2023-02,-0.029367235421251303
qqq_single_ma150_weekly_top2,5.0,2023-03,-0.06459080272518386
qqq_single_ma150_weekly_top2,5.0,2023-04,0.021087123585395273
qqq_single_ma150_weekly_top2,5.0,2023-05,0.23787503801073528
qqq_single_ma150_weekly_top2,5.0,2023-06,0.09233123458547488
qqq_single_ma150_weekly_top2,5.0,2023-07,0.10026187145112053
qqq_single_ma150_weekly_top2,5.0,2023-08,0.01043000356403423
qqq_single_ma150_weekly_top2,5.0,2023-09,-0.05048645690452391
qqq_single_ma150_weekly_top2,5.0,2023-10,-0.01454702391734558
qqq_single_ma150_weekly_top2,5.0,2023-11,0.24356344006585795
qqq_single_ma150_weekly_top2,5.0,2023-12,-0.016941004734206788
qqq_single_ma150_weekly_top2,5.0,2024-01,0.00816989990492717
qqq_single_ma150_weekly_top2,5.0,2024-02,0.050373457068243754
qqq_single_ma150_weekly_top2,5.0,2024-03,-0.04945402883899058
qqq_single_ma150_weekly_top2,5.0,2024-04,-0.1186503856964643
qqq_single_ma150_weekly_top2,5.0,2024-05,0.22801537029305163
qqq_single_ma150_weekly_top2,5.0,2024-06,0.08192550915209834
qqq_single_ma150_weekly_top2,5.0,2024-07,-0.0890084221443736
qqq_single_ma150_weekly_top2,5.0,2024-08,-0.03604795521849524
qqq_single_ma150_weekly_top2,5.0,2024-09,0.160464199214846
qqq_single_ma150_weekly_top2,5.0,2024-10,0.11906406410696052
qqq_single_ma150_weekly_top2,5.0,2024-11,-0.020030240024971002
qqq_single_ma150_weekly_top2,5.0,2024-12,0.034656638002877715
qqq_single_ma150_weekly_top2,5.0,2025-01,0.07181286934486075
qqq_single_ma150_weekly_top2,5.0,2025-02,0.07121339784545722
qqq_single_ma150_weekly_top2,5.0,2025-03,-0.12006313533378593
qqq_single_ma150_weekly_top2,5.0,2025-04,0.3295703937868969
qqq_single_ma150_weekly_top2,5.0,2025-05,0.18526580238971324
qqq_single_ma150_weekly_top2,5.0,2025-06,-0.0033562705746382204
qqq_single_ma150_weekly_top2,5.0,2025-07,0.05094951248555779
qqq_single_ma150_weekly_top2,5.0,2025-08,-0.03385307051727626
qqq_single_ma150_weekly_top2,5.0,2025-09,0.09023919296453686
qqq_single_ma150_weekly_top2,5.0,2025-10,0.3019011494371269
qqq_single_ma150_weekly_top2,5.0,2025-11,-0.1107462539033085
qqq_single_ma150_weekly_top2,5.0,2025-12,0.14175447949582737
qqq_single_ma150_weekly_top2,5.0,2026-01,0.1978123117894799
qqq_single_ma150_weekly_top2,5.0,2026-02,0.09145927869096682
qqq_single_ma150_weekly_top2,5.0,2026-03,-0.02313625039039713
qqq_single_ma150_weekly_top2,5.0,2026-04,0.4725025959301498
qqq_single_ma150_weekly_top2,10.0,2019-06,0.0
qqq_single_ma150_weekly_top2,10.0,2019-07,0.0
qqq_single_ma150_weekly_top2,10.0,2019-08,0.0
qqq_single_ma150_weekly_top2,10.0,2019-09,0.0
qqq_single_ma150_weekly_top2,10.0,2019-10,0.0
qqq_single_ma150_weekly_top2,10.0,2019-11,0.0
qqq_single_ma150_weekly_top2,10.0,2019-12,0.0
qqq_single_ma150_weekly_top2,10.0,2020-01,0.08740993103295436
qqq_single_ma150_weekly_top2,10.0,2020-02,0.06589792177715426
qqq_single_ma150_weekly_top2,10.0,2020-03,-0.21443903517655621
qqq_single_ma150_weekly_top2,10.0,2020-04,0.2088273383451139
qqq_single_ma150_weekly_top2,10.0,2020-05,0.17958966935676118
qqq_single_ma150_weekly_top2,10.0,2020-06,0.16639194788292444
qqq_single_ma150_weekly_top2,10.0,2020-07,0.15764990361312298
qqq_single_ma150_weekly_top2,10.0,2020-08,0.24018651839014926
qqq_single_ma150_weekly_top2,10.0,2020-09,0.06202161091213754
qqq_single_ma150_weekly_top2,10.0,2020-10,-0.0748954751884725
qqq_single_ma150_weekly_top2,10.0,2020-11,0.20564468781951634
qqq_single_ma150_weekly_top2,10.0,2020-12,-0.011730290701495727
qqq_single_ma150_weekly_top2,10.0,2021-01,0.1696751953805355
qqq_single_ma150_weekly_top2,10.0,2021-02,-0.15956941420000176
qqq_single_ma150_weekly_top2,10.0,2021-03,-0.09467083892173839
qqq_single_ma150_weekly_top2,10.0,2021-04,0.0964132183313477
qqq_single_ma150_weekly_top2,10.0,2021-05,-0.007141678507851412
qqq_single_ma150_weekly_top2,10.0,2021-06,0.14172629469274384
qqq_single_ma150_weekly_top2,10.0,2021-07,-0.022301803186223323
qqq_single_ma150_weekly_top2,10.0,2021-08,0.0807807886152001
qqq_single_ma150_weekly_top2,10.0,2021-09,-0.05812124858516077
qqq_single_ma150_weekly_top2,10.0,2021-10,0.08868265020571481
qqq_single_ma150_weekly_top2,10.0,2021-11,-0.027247916011114037
qqq_single_ma150_weekly_top2,10.0,2021-12,-0.05950489338130771
qqq_single_ma150_weekly_top2,10.0,2022-01,-0.13235451786769903
qqq_single_ma150_weekly_top2,10.0,2022-02,-0.022985175250550938
qqq_single_ma150_weekly_top2,10.0,2022-03,0.008255029387350676
qqq_single_ma150_weekly_top2,10.0,2022-04,-0.15544379116574558
qqq_single_ma150_weekly_top2,10.0,2022-05,-0.10489153383195104
qqq_single_ma150_weekly_top2,10.0,2022-06,-0.0301900343420326
qqq_single_ma150_weekly_top2,10.0,2022-07,0.02165067125608755
qqq_single_ma150_weekly_top2,10.0,2022-08,-0.004300765194745426
qqq_single_ma150_weekly_top2,10.0,2022-09,0.0002983903750206074
qqq_single_ma150_weekly_top2,10.0,2022-10,0.04187748422642523
qqq_single_ma150_weekly_top2,10.0,2022-11,0.15365144213187593
qqq_single_ma150_weekly_top2,10.0,2022-12,-0.0694417688671477
qqq_single_ma150_weekly_top2,10.0,2023-01,0.12262885302906446
qqq_single_ma150_weekly_top2,10.0,2023-02,-0.029867235421251304
qqq_single_ma150_weekly_top2,10.0,2023-03,-0.06509080272518386
qqq_single_ma150_weekly_top2,10.0,2023-04,0.019587123585395272
qqq_single_ma150_weekly_top2,10.0,2023-05,0.23587503801073528
qqq_single_ma150_weekly_top2,10.0,2023-06,0.09233123458547488
qqq_single_ma150_weekly_top2,10.0,2023-07,0.10026187145112053
qqq_single_ma150_weekly_top2,10.0,2023-08,0.009430003564034228
qqq_single_ma150_weekly_top2,10.0,2023-09,-0.05048645690452391
qqq_single_ma150_weekly_top2,10.0,2023-10,-0.015547023917345582
qqq_single_ma150_weekly_top2,10.0,2023-11,0.24306344006585795
qqq_single_ma150_weekly_top2,10.0,2023-12,-0.01744100473420679
qqq_single_ma150_weekly_top2,10.0,2024-01,0.007669899904927169
qqq_single_ma150_weekly_top2,10.0,2024-02,0.050373457068243754
qqq_single_ma150_weekly_top2,10.0,2024-03,-0.050954028838990584
qqq_single_ma150_weekly_top2,10.0,2024-04,-0.1191503856964643
qqq_single_ma150_weekly_top2,10.0,2024-05,0.22651537029305163
qqq_single_ma150_weekly_top2,10.0,2024-06,0.08042550915209834
qqq_single_ma150_weekly_top2,10.0,2024-07,-0.0895084221443736
qqq_single_ma150_weekly_top2,10.0,2024-08,-0.037547955218495244
qqq_single_ma150_weekly_top2,10.0,2024-09,0.158964199214846
qqq_single_ma150_weekly_top2,10.0,2024-10,0.11706406410696052
qqq_single_ma150_weekly_top2,10.0,2024-11,-0.022030240024971004
qqq_single_ma150_weekly_top2,10.0,2024-12,0.033656638002877715
qqq_single_ma150_weekly_top2,10.0,2025-01,0.07181286934486075
qqq_single_ma150_weekly_top2,10.0,2025-02,0.07021339784545721
qqq_single_ma150_weekly_top2,10.0,2025-03,-0.12006313533378593
qqq_single_ma150_weekly_top2,10.0,2025-04,0.3290703937868969
qqq_single_ma150_weekly_top2,10.0,2025-05,0.18476580238971324
qqq_single_ma150_weekly_top2,10.0,2025-06,-0.004856270574638222
qqq_single_ma150_weekly_top2,10.0,2025-07,0.05044951248555779
qqq_single_ma150_weekly_top2,10.0,2025-08,-0.03485307051727626
qqq_single_ma150_weekly_top2,10.0,2025-09,0.08873919296453686
qqq_single_ma150_weekly_top2,10.0,2025-10,0.3009011494371269
qqq_single_ma150_weekly_top2,10.0,2025-11,-0.1122462539033085
qqq_single_ma150_weekly_top2,10.0,2025-12,0.14025447949582737
qqq_single_ma150_weekly_top2,10.0,2026-01,0.1973123117894799
qqq_single_ma150_weekly_top2,10.0,2026-02,0.09095927869096682
qqq_single_ma150_weekly_top2,10.0,2026-03,-0.02313625039039713
qqq_single_ma150_weekly_top2,10.0,2026-04,0.4720025959301498
qqq_single_ma150_weekly_top3,0.0,2019-06,0.0
qqq_single_ma150_weekly_top3,0.0,2019-07,0.0
qqq_single_ma150_weekly_top3,0.0,2019-08,0.0
qqq_single_ma150_weekly_top3,0.0,2019-09,0.0
qqq_single_ma150_weekly_top3,0.0,2019-10,0.0
qqq_single_ma150_weekly_top3,0.0,2019-11,0.0
qqq_single_ma150_weekly_top3,0.0,2019-12,0.0
qqq_single_ma150_weekly_top3,0.0,2020-01,0.0629121403483492
qqq_single_ma150_weekly_top3,0.0,2020-02,0.05904504024284278
qqq_single_ma150_weekly_top3,0.0,2020-03,-0.19575032844380066
qqq_single_ma150_weekly_top3,0.0,2020-04,0.20449820529541501
qqq_single_ma150_weekly_top3,0.0,2020-05,0.12367343779162762
qqq_single_ma150_weekly_top3,0.0,2020-06,0.20669200040397473
qqq_single_ma150_weekly_top3,0.0,2020-07,0.1549287298934839
qqq_single_ma150_weekly_top3,0.0,2020-08,0.3409402304260124
qqq_single_ma150_weekly_top3,0.0,2020-09,-0.010829007925209915
qqq_single_ma150_weekly_top3,0.0,2020-10,-0.07410217621381193
qqq_single_ma150_weekly_top3,0.0,2020-11,0.18752482960206
qqq_single_ma150_weekly_top3,0.0,2020-12,-0.024089834894077355
qqq_single_ma150_weekly_top3,0.0,2021-01,0.21846019214091644
qqq_single_ma150_weekly_top3,0.0,2021-02,-0.09915066338925003
qqq_single_ma150_weekly_top3,0.0,2021-03,-0.11212266428703449
qqq_single_ma150_weekly_top3,0.0,2021-04,0.09811346788144325
qqq_single_ma150_weekly_top3,0.0,2021-05,-0.02368630679833105
qqq_single_ma150_weekly_top3,0.0,2021-06,0.09490050339777592
qqq_single_ma150_weekly_top3,0.0,2021-07,0.036067212100835536
qqq_single_ma150_weekly_top3,0.0,2021-08,0.08078457977548939
qqq_single_ma150_weekly_top3,0.0,2021-09,-0.08124334742885152
qqq_single_ma150_weekly_top3,0.0,2021-10,0.1045773260153194
qqq_single_ma150_weekly_top3,0.0,2021-11,-0.010262875147430444
qqq_single_ma150_weekly_top3,0.0,2021-12,-0.06352638516167002
qqq_single_ma150_weekly_top3,0.0,2022-01,-0.11463925982701517
qqq_single_ma150_weekly_top3,0.0,2022-02,-0.04679085689332918
qqq_single_ma150_weekly_top3,0.0,2022-03,0.04441440011732852
qqq_single_ma150_weekly_top3,0.0,2022-04,-0.1194614894303917
qqq_single_ma150_weekly_top3,0.0,2022-05,-0.03794185541728811
qqq_single_ma150_weekly_top3,0.0,2022-06,0.024024015903190254
qqq_single_ma150_weekly_top3,0.0,2022-07,0.029923461352959573
qqq_single_ma150_weekly_top3,0.0,2022-08,-0.03193067271495938
qqq_single_ma150_weekly_top3,0.0,2022-09,-0.07703176032475985
qqq_single_ma150_weekly_top3,0.0,2022-10,0.039009873388601235
qqq_single_ma150_weekly_top3,0.0,2022-11,0.16507690176785478
qqq_single_ma150_weekly_top3,0.0,2022-12,-0.03577017783151136
qqq_single_ma150_weekly_top3,0.0,2023-01,0.09470108203930512
qqq_single_ma150_weekly_top3,0.0,2023-02,-0.024198776455133457
qqq_single_ma150_weekly_top3,0.0,2023-03,-0.055915701875688714
qqq_single_ma150_weekly_top3,0.0,2023-04,0.041730803428128814
qqq_single_ma150_weekly_top3,0.0,2023-05,0.1851937445961053
qqq_single_ma150_weekly_top3,0.0,2023-06,0.016755296253505803
qqq_single_ma150_weekly_top3,0.0,2023-07,0.06694919971598819
qqq_single_ma150_weekly_top3,0.0,2023-08,0.005885621648025382
qqq_single_ma150_weekly_top3,0.0,2023-09,-0.046329824665483396
qqq_single_ma150_weekly_top3,0.0,2023-10,-0.004491577806324288
qqq_single_ma150_weekly_top3,0.0,2023-11,0.19905090004373546
qqq_single_ma150_weekly_top3,0.0,2023-12,0.012831312740848663
qqq_single_ma150_weekly_top3,0.0,2024-01,0.024562160201860934
qqq_single_ma150_weekly_top3,0.0,2024-02,0.09916631466956613
qqq_single_ma150_weekly_top3,0.0,2024-03,-0.027753709427481014
qqq_single_ma150_weekly_top3,0.0,2024-04,-0.07074128699963225
qqq_single_ma150_weekly_top3,0.0,2024-05,0.14846210093964854
qqq_single_ma150_weekly_top3,0.0,2024-06,0.05130189781193582
qqq_single_ma150_weekly_top3,0.0,2024-07,-0.08240979069126693
qqq_single_ma150_weekly_top3,0.0,2024-08,0.011021846218433759
qqq_single_ma150_weekly_top3,0.0,2024-09,0.07973442169776848
qqq_single_ma150_weekly_top3,0.0,2024-10,0.01372293876532749
qqq_single_ma150_weekly_top3,0.0,2024-11,0.13652687717656198
qqq_single_ma150_weekly_top3,0.0,2024-12,0.04191266061075134
qqq_single_ma150_weekly_top3,0.0,2025-01,0.07139126773331862
qqq_single_ma150_weekly_top3,0.0,2025-02,0.08992799686931667
qqq_single_ma150_weekly_top3,0.0,2025-03,-0.09926783971903022
qqq_single_ma150_weekly_top3,0.0,2025-04,0.2079267356443013
qqq_single_ma150_weekly_top3,0.0,2025-05,0.1308225807444122
qqq_single_ma150_weekly_top3,0.0,2025-06,0.041662578743029394
qqq_single_ma150_weekly_top3,0.0,2025-07,0.008439645845609339
qqq_single_ma150_weekly_top3,0.0,2025-08,-0.045010613065157634
qqq_single_ma150_weekly_top3,0.0,2025-09,0.06794537767132458
qqq_single_ma150_weekly_top3,0.0,2025-10,0.24408675114413592
qqq_single_ma150_weekly_top3,0.0,2025-11,-0.11856615926562299
qqq_single_ma150_weekly_top3,0.0,2025-12,0.1413971526358085
qqq_single_ma150_weekly_top3,0.0,2026-01,0.22896657084019595
qqq_single_ma150_weekly_top3,0.0,2026-02,0.037758831279340016
qqq_single_ma150_weekly_top3,0.0,2026-03,-0.0040509375327243274
qqq_single_ma150_weekly_top3,0.0,2026-04,0.4375633493279396
qqq_single_ma150_weekly_top3,1.0,2019-06,0.0
qqq_single_ma150_weekly_top3,1.0,2019-07,0.0
qqq_single_ma150_weekly_top3,1.0,2019-08,0.0
qqq_single_ma150_weekly_top3,1.0,2019-09,0.0
qqq_single_ma150_weekly_top3,1.0,2019-10,0.0
qqq_single_ma150_weekly_top3,1.0,2019-11,0.0
qqq_single_ma150_weekly_top3,1.0,2019-12,0.0
qqq_single_ma150_weekly_top3,1.0,2020-01,0.0628121403483492
qqq_single_ma150_weekly_top3,1.0,2020-02,0.058778373576176116
qqq_single_ma150_weekly_top3,1.0,2020-03,-0.19615032844380065
qqq_single_ma150_weekly_top3,1.0,2020-04,0.20443153862874835
qqq_single_ma150_weekly_top3,1.0,2020-05,0.12340677112496096
qqq_single_ma150_weekly_top3,1.0,2020-06,0.20662533373730807
qqq_single_ma150_weekly_top3,1.0,2020-07,0.15486206322681725
qqq_single_ma150_weekly_top3,1.0,2020-08,0.34087356375934574
qqq_single_ma150_weekly_top3,1.0,2020-09,-0.010962341258543241
qqq_single_ma150_weekly_top3,1.0,2020-10,-0.07416884288047862
qqq_single_ma150_weekly_top3,1.0,2020-11,0.18745816293539333
qqq_single_ma150_weekly_top3,1.0,2020-12,-0.024356501560744013
qqq_single_ma150_weekly_top3,1.0,2021-01,0.21839352547424978
qqq_single_ma150_weekly_top3,1.0,2021-02,-0.09928399672258337
qqq_single_ma150_weekly_top3,1.0,2021-03,-0.11245599762036784
qqq_single_ma150_weekly_top3,1.0,2021-04,0.09804680121477659
qqq_single_ma150_weekly_top3,1.0,2021-05,-0.023952973464997716
qqq_single_ma150_weekly_top3,1.0,2021-06,0.09483383673110925
qqq_single_ma150_weekly_top3,1.0,2021-07,0.03586721210083553
qqq_single_ma150_weekly_top3,1.0,2021-08,0.08045124644215607
qqq_single_ma150_weekly_top3,1.0,2021-09,-0.08157668076218486
qqq_single_ma150_weekly_top3,1.0,2021-10,0.10444399268198606
qqq_single_ma150_weekly_top3,1.0,2021-11,-0.010596208480763775
qqq_single_ma150_weekly_top3,1.0,2021-12,-0.06365971849500335
qqq_single_ma150_weekly_top3,1.0,2022-01,-0.1151725931603485
qqq_single_ma150_weekly_top3,1.0,2022-02,-0.04732419022666251
qqq_single_ma150_weekly_top3,1.0,2022-03,0.044214400117328516
qqq_single_ma150_weekly_top3,1.0,2022-04,-0.11972815609705836
qqq_single_ma150_weekly_top3,1.0,2022-05,-0.03834185541728811
qqq_single_ma150_weekly_top3,1.0,2022-06,0.023824015903190256
qqq_single_ma150_weekly_top3,1.0,2022-07,0.029856794686292907
qqq_single_ma150_weekly_top3,1.0,2022-08,-0.032264006048292715
qqq_single_ma150_weekly_top3,1.0,2022-09,-0.07729842699142653
qqq_single_ma150_weekly_top3,1.0,2022-10,0.038676540055267904
qqq_single_ma150_weekly_top3,1.0,2022-11,0.16481023510118814
qqq_single_ma150_weekly_top3,1.0,2022-12,-0.03590351116484469
qqq_single_ma150_weekly_top3,1.0,2023-01,0.09450108203930513
qqq_single_ma150_weekly_top3,1.0,2023-02,-0.024332109788466796
qqq_single_ma150_weekly_top3,1.0,2023-03,-0.05604903520902205
qqq_single_ma150_weekly_top3,1.0,2023-04,0.04146413676146214
qqq_single_ma150_weekly_top3,1.0,2023-05,0.18492707792943863
qqq_single_ma150_weekly_top3,1.0,2023-06,0.016688629586839136
qqq_single_ma150_weekly_top3,1.0,2023-07,0.06688253304932153
qqq_single_ma150_weekly_top3,1.0,2023-08,0.005885621648025382
qqq_single_ma150_weekly_top3,1.0,2023-09,-0.0465298246654834
qqq_single_ma150_weekly_top3,1.0,2023-10,-0.004491577806324288
qqq_single_ma150_weekly_top3,1.0,2023-11,0.1987842333770688
qqq_single_ma150_weekly_top3,1.0,2023-12,0.012831312740848663
qqq_single_ma150_weekly_top3,1.0,2024-01,0.024295493535194262
qqq_single_ma150_weekly_top3,1.0,2024-02,0.0990329813362328
qqq_single_ma150_weekly_top3,1.0,2024-03,-0.02802037609414768
qqq_single_ma150_weekly_top3,1.0,2024-04,-0.07087462033296558
qqq_single_ma150_weekly_top3,1.0,2024-05,0.14819543427298187
qqq_single_ma150_weekly_top3,1.0,2024-06,0.0509685644786025
qqq_single_ma150_weekly_top3,1.0,2024-07,-0.0826764573579336
qqq_single_ma150_weekly_top3,1.0,2024-08,0.01075517955176708
qqq_single_ma150_weekly_top3,1.0,2024-09,0.07926775503110182
qqq_single_ma150_weekly_top3,1.0,2024-10,0.013389605431994158
qqq_single_ma150_weekly_top3,1.0,2024-11,0.13626021050989534
qqq_single_ma150_weekly_top3,1.0,2024-12,0.04177932727741801
qqq_single_ma150_weekly_top3,1.0,2025-01,0.07139126773331862
qqq_single_ma150_weekly_top3,1.0,2025-02,0.08992799686931667
qqq_single_ma150_weekly_top3,1.0,2025-03,-0.09940117305236354
qqq_single_ma150_weekly_top3,1.0,2025-04,0.207793402310968
qqq_single_ma150_weekly_top3,1.0,2025-05,0.13075591407774553
qqq_single_ma150_weekly_top3,1.0,2025-06,0.041462578743029395
qqq_single_ma150_weekly_top3,1.0,2025-07,0.00823964584560934
qqq_single_ma150_weekly_top3,1.0,2025-08,-0.04521061306515763
qqq_single_ma150_weekly_top3,1.0,2025-09,0.06774537767132457
qqq_single_ma150_weekly_top3,1.0,2025-10,0.24388675114413594
qqq_single_ma150_weekly_top3,1.0,2025-11,-0.11876615926562298
qqq_single_ma150_weekly_top3,1.0,2025-12,0.14133048596914183
qqq_single_ma150_weekly_top3,1.0,2026-01,0.22883323750686263
qqq_single_ma150_weekly_top3,1.0,2026-02,0.03769216461267334
qqq_single_ma150_weekly_top3,1.0,2026-03,-0.0040509375327243274
qqq_single_ma150_weekly_top3,1.0,2026-04,0.4373633493279396
qqq_single_ma150_weekly_top3,2.0,2019-06,0.0
qqq_single_ma150_weekly_top3,2.0,2019-07,0.0
qqq_single_ma150_weekly_top3,2.0,2019-08,0.0
qqq_single_ma150_weekly_top3,2.0,2019-09,0.0
qqq_single_ma150_weekly_top3,2.0,2019-10,0.0
qqq_single_ma150_weekly_top3,2.0,2019-11,0.0
qqq_single_ma150_weekly_top3,2.0,2019-12,0.0
qqq_single_ma150_weekly_top3,2.0,2020-01,0.0627121403483492
qqq_single_ma150_weekly_top3,2.0,2020-02,0.05851170690950945
qqq_single_ma150_weekly_top3,2.0,2020-03,-0.19655032844380066
qqq_single_ma150_weekly_top3,2.0,2020-04,0.2043648719620817
qqq_single_ma150_weekly_top3,2.0,2020-05,0.12314010445829429
qqq_single_ma150_weekly_top3,2.0,2020-06,0.2065586670706414
qqq_single_ma150_weekly_top3,2.0,2020-07,0.1547953965601506
qqq_single_ma150_weekly_top3,2.0,2020-08,0.34080689709267903
qqq_single_ma150_weekly_top3,2.0,2020-09,-0.011095674591876582
qqq_single_ma150_weekly_top3,2.0,2020-10,-0.07423550954714528
qqq_single_ma150_weekly_top3,2.0,2020-11,0.18739149626872667
qqq_single_ma150_weekly_top3,2.0,2020-12,-0.024623168227410685
qqq_single_ma150_weekly_top3,2.0,2021-01,0.21832685880758312
qqq_single_ma150_weekly_top3,2.0,2021-02,-0.09941733005591669
qqq_single_ma150_weekly_top3,2.0,2021-03,-0.11278933095370117
qqq_single_ma150_weekly_top3,2.0,2021-04,0.09798013454810992
qqq_single_ma150_weekly_top3,2.0,2021-05,-0.02421964013166438
qqq_single_ma150_weekly_top3,2.0,2021-06,0.09476717006444259
qqq_single_ma150_weekly_top3,2.0,2021-07,0.035667212100835524
qqq_single_ma150_weekly_top3,2.0,2021-08,0.08011791310882274
qqq_single_ma150_weekly_top3,2.0,2021-09,-0.08191001409551818
qqq_single_ma150_weekly_top3,2.0,2021-10,0.10431065934865273
qqq_single_ma150_weekly_top3,2.0,2021-11,-0.010929541814097108
qqq_single_ma150_weekly_top3,2.0,2021-12,-0.06379305182833668
qqq_single_ma150_weekly_top3,2.0,2022-01,-0.11570592649368183
qqq_single_ma150_weekly_top3,2.0,2022-02,-0.04785752355999585
qqq_single_ma150_weekly_top3,2.0,2022-03,0.04401440011732852
qqq_single_ma150_weekly_top3,2.0,2022-04,-0.11999482276372503
qqq_single_ma150_weekly_top3,2.0,2022-05,-0.03874185541728811
qqq_single_ma150_weekly_top3,2.0,2022-06,0.02362401590319025
qqq_single_ma150_weekly_top3,2.0,2022-07,0.02979012801962624
qqq_single_ma150_weekly_top3,2.0,2022-08,-0.03259733938162604
qqq_single_ma150_weekly_top3,2.0,2022-09,-0.07756509365809319
qqq_single_ma150_weekly_top3,2.0,2022-10,0.03834320672193457
qqq_single_ma150_weekly_top3,2.0,2022-11,0.16454356843452145
qqq_single_ma150_weekly_top3,2.0,2022-12,-0.03603684449817804
qqq_single_ma150_weekly_top3,2.0,2023-01,0.09430108203930512
qqq_single_ma150_weekly_top3,2.0,2023-02,-0.024465443121800122
qqq_single_ma150_weekly_top3,2.0,2023-03,-0.056182368542355386
qqq_single_ma150_weekly_top3,2.0,2023-04,0.04119747009479548
qqq_single_ma150_weekly_top3,2.0,2023-05,0.18466041126277197
qqq_single_ma150_weekly_top3,2.0,2023-06,0.01662196292017247
qqq_single_ma150_weekly_top3,2.0,2023-07,0.06681586638265485
qqq_single_ma150_weekly_top3,2.0,2023-08,0.005885621648025382
qqq_single_ma150_weekly_top3,2.0,2023-09,-0.0467298246654834
qqq_single_ma150_weekly_top3,2.0,2023-10,-0.004491577806324288
qqq_single_ma150_weekly_top3,2.0,2023-11,0.19851756671040213
qqq_single_ma150_weekly_top3,2.0,2023-12,0.012831312740848663
qqq_single_ma150_weekly_top3,2.0,2024-01,0.024028826868527593
qqq_single_ma150_weekly_top3,2.0,2024-02,0.09889964800289947
qqq_single_ma150_weekly_top3,2.0,2024-03,-0.028287042760814344
qqq_single_ma150_weekly_top3,2.0,2024-04,-0.07100795366629892
qqq_single_ma150_weekly_top3,2.0,2024-05,0.1479287676063152
qqq_single_ma150_weekly_top3,2.0,2024-06,0.05063523114526916
qqq_single_ma150_weekly_top3,2.0,2024-07,-0.08294312402460026
qqq_single_ma150_weekly_top3,2.0,2024-08,0.010488512885100422
qqq_single_ma150_weekly_top3,2.0,2024-09,0.07880108836443515
qqq_single_ma150_weekly_top3,2.0,2024-10,0.013056272098660823
qqq_single_ma150_weekly_top3,2.0,2024-11,0.13599354384322865
qqq_single_ma150_weekly_top3,2.0,2024-12,0.04164599394408468
qqq_single_ma150_weekly_top3,2.0,2025-01,0.07139126773331862
qqq_single_ma150_weekly_top3,2.0,2025-02,0.08992799686931667
qqq_single_ma150_weekly_top3,2.0,2025-03,-0.09953450638569691
qqq_single_ma150_weekly_top3,2.0,2025-04,0.20766006897763464
qqq_single_ma150_weekly_top3,2.0,2025-05,0.13068924741107887
qqq_single_ma150_weekly_top3,2.0,2025-06,0.041262578743029396
qqq_single_ma150_weekly_top3,2.0,2025-07,0.008039645845609341
qqq_single_ma150_weekly_top3,2.0,2025-08,-0.04541061306515764
qqq_single_ma150_weekly_top3,2.0,2025-09,0.06754537767132458
qqq_single_ma150_weekly_top3,2.0,2025-10,0.2436867511441359
qqq_single_ma150_weekly_top3,2.0,2025-11,-0.118966159265623
qqq_single_ma150_weekly_top3,2.0,2025-12,0.14126381930247514
qqq_single_ma150_weekly_top3,2.0,2026-01,0.22869990417352928
qqq_single_ma150_weekly_top3,2.0,2026-02,0.037625497946006684
qqq_single_ma150_weekly_top3,2.0,2026-03,-0.0040509375327243274
qqq_single_ma150_weekly_top3,2.0,2026-04,0.4371633493279396
qqq_single_ma150_weekly_top3,5.0,2019-06,0.0
qqq_single_ma150_weekly_top3,5.0,2019-07,0.0
qqq_single_ma150_weekly_top3,5.0,2019-08,0.0
qqq_single_ma150_weekly_top3,5.0,2019-09,0.0
qqq_single_ma150_weekly_top3,5.0,2019-10,0.0
qqq_single_ma150_weekly_top3,5.0,2019-11,0.0
qqq_single_ma150_weekly_top3,5.0,2019-12,0.0
qqq_single_ma150_weekly_top3,5.0,2020-01,0.0624121403483492
qqq_single_ma150_weekly_top3,5.0,2020-02,0.057711706909509455
qqq_single_ma150_weekly_top3,5.0,2020-03,-0.19775032844380067
qqq_single_ma150_weekly_top3,5.0,2020-04,0.20416487196208166
qqq_single_ma150_weekly_top3,5.0,2020-05,0.1223401044582943
qqq_single_ma150_weekly_top3,5.0,2020-06,0.2063586670706414
qqq_single_ma150_weekly_top3,5.0,2020-07,0.1545953965601506
qqq_single_ma150_weekly_top3,5.0,2020-08,0.340606897092679
qqq_single_ma150_weekly_top3,5.0,2020-09,-0.011495674591876575
qqq_single_ma150_weekly_top3,5.0,2020-10,-0.07443550954714528
qqq_single_ma150_weekly_top3,5.0,2020-11,0.18719149626872666
qqq_single_ma150_weekly_top3,5.0,2020-12,-0.025423168227410673
qqq_single_ma150_weekly_top3,5.0,2021-01,0.21812685880758312
qqq_single_ma150_weekly_top3,5.0,2021-02,-0.0998173300559167
qqq_single_ma150_weekly_top3,5.0,2021-03,-0.11378933095370118
qqq_single_ma150_weekly_top3,5.0,2021-04,0.09778013454810992
qqq_single_ma150_weekly_top3,5.0,2021-05,-0.02501964013166439
qqq_single_ma150_weekly_top3,5.0,2021-06,0.09456717006444258
qqq_single_ma150_weekly_top3,5.0,2021-07,0.035067212100835535
qqq_single_ma150_weekly_top3,5.0,2021-08,0.07911791310882274
qqq_single_ma150_weekly_top3,5.0,2021-09,-0.0829100140955182
qqq_single_ma150_weekly_top3,5.0,2021-10,0.10391065934865273
qqq_single_ma150_weekly_top3,5.0,2021-11,-0.011929541814097104
qqq_single_ma150_weekly_top3,5.0,2021-12,-0.06419305182833668
qqq_single_ma150_weekly_top3,5.0,2022-01,-0.11730592649368184
qqq_single_ma150_weekly_top3,5.0,2022-02,-0.049457523559995824
qqq_single_ma150_weekly_top3,5.0,2022-03,0.04341440011732852
qqq_single_ma150_weekly_top3,5.0,2022-04,-0.12079482276372502
qqq_single_ma150_weekly_top3,5.0,2022-05,-0.039941855417288105
qqq_single_ma150_weekly_top3,5.0,2022-06,0.023024015903190254
qqq_single_ma150_weekly_top3,5.0,2022-07,0.02959012801962624
qqq_single_ma150_weekly_top3,5.0,2022-08,-0.03359733938162604
qqq_single_ma150_weekly_top3,5.0,2022-09,-0.07836509365809319
qqq_single_ma150_weekly_top3,5.0,2022-10,0.03734320672193458
qqq_single_ma150_weekly_top3,5.0,2022-11,0.16374356843452148
qqq_single_ma150_weekly_top3,5.0,2022-12,-0.036436844498178036
qqq_single_ma150_weekly_top3,5.0,2023-01,0.09370108203930513
qqq_single_ma150_weekly_top3,5.0,2023-02,-0.024865443121800127
qqq_single_ma150_weekly_top3,5.0,2023-03,-0.05658236854235539
qqq_single_ma150_weekly_top3,5.0,2023-04,0.04039747009479548
qqq_single_ma150_weekly_top3,5.0,2023-05,0.18386041126277194
qqq_single_ma150_weekly_top3,5.0,2023-06,0.016421962920172464
qqq_single_ma150_weekly_top3,5.0,2023-07,0.06661586638265486
qqq_single_ma150_weekly_top3,5.0,2023-08,0.005885621648025382
qqq_single_ma150_weekly_top3,5.0,2023-09,-0.047329824665483404
qqq_single_ma150_weekly_top3,5.0,2023-10,-0.004491577806324288
qqq_single_ma150_weekly_top3,5.0,2023-11,0.19771756671040214
qqq_single_ma150_weekly_top3,5.0,2023-12,0.012831312740848663
qqq_single_ma150_weekly_top3,5.0,2024-01,0.02322882686852759
qqq_single_ma150_weekly_top3,5.0,2024-02,0.09849964800289945
qqq_single_ma150_weekly_top3,5.0,2024-03,-0.029087042760814353
qqq_single_ma150_weekly_top3,5.0,2024-04,-0.07140795366629892
qqq_single_ma150_weekly_top3,5.0,2024-05,0.14712876760631521
qqq_single_ma150_weekly_top3,5.0,2024-06,0.049635231145269174
qqq_single_ma150_weekly_top3,5.0,2024-07,-0.08374312402460027
qqq_single_ma150_weekly_top3,5.0,2024-08,0.00968851288510042
qqq_single_ma150_weekly_top3,5.0,2024-09,0.07740108836443516
qqq_single_ma150_weekly_top3,5.0,2024-10,0.012056272098660822
qqq_single_ma150_weekly_top3,5.0,2024-11,0.13519354384322868
qqq_single_ma150_weekly_top3,5.0,2024-12,0.04124599394408468
qqq_single_ma150_weekly_top3,5.0,2025-01,0.07139126773331862
qqq_single_ma150_weekly_top3,5.0,2025-02,0.08992799686931667
qqq_single_ma150_weekly_top3,5.0,2025-03,-0.09993450638569693
qqq_single_ma150_weekly_top3,5.0,2025-04,0.20726006897763463
qqq_single_ma150_weekly_top3,5.0,2025-05,0.13048924741107887
qqq_single_ma150_weekly_top3,5.0,2025-06,0.0406625787430294
qqq_single_ma150_weekly_top3,5.0,2025-07,0.007439645845609341
qqq_single_ma150_weekly_top3,5.0,2025-08,-0.046010613065157635
qqq_single_ma150_weekly_top3,5.0,2025-09,0.06694537767132458
qqq_single_ma150_weekly_top3,5.0,2025-10,0.24308675114413592
qqq_single_ma150_weekly_top3,5.0,2025-11,-0.11956615926562297
qqq_single_ma150_weekly_top3,5.0,2025-12,0.14106381930247516
qqq_single_ma150_weekly_top3,5.0,2026-01,0.2282999041735293
qqq_single_ma150_weekly_top3,5.0,2026-02,0.03742549794600668
qqq_single_ma150_weekly_top3,5.0,2026-03,-0.0040509375327243274
qqq_single_ma150_weekly_top3,5.0,2026-04,0.4365633493279396
qqq_single_ma150_weekly_top3,10.0,2019-06,0.0
qqq_single_ma150_weekly_top3,10.0,2019-07,0.0
qqq_single_ma150_weekly_top3,10.0,2019-08,0.0
qqq_single_ma150_weekly_top3,10.0,2019-09,0.0
qqq_single_ma150_weekly_top3,10.0,2019-10,0.0
qqq_single_ma150_weekly_top3,10.0,2019-11,0.0
qqq_single_ma150_weekly_top3,10.0,2019-12,0.0
qqq_single_ma150_weekly_top3,10.0,2020-01,0.0619121403483492
qqq_single_ma150_weekly_top3,10.0,2020-02,0.0563783735761761
qqq_single_ma150_weekly_top3,10.0,2020-03,-0.19975032844380067
qqq_single_ma150_weekly_top3,10.0,2020-04,0.20383153862874837
qqq_single_ma150_weekly_top3,10.0,2020-05,0.12100677112496094
qqq_single_ma150_weekly_top3,10.0,2020-06,0.20602533373730808
qqq_single_ma150_weekly_top3,10.0,2020-07,0.15426206322681726
qqq_single_ma150_weekly_top3,10.0,2020-08,0.3402735637593457
qqq_single_ma150_weekly_top3,10.0,2020-09,-0.012162341258543246
qqq_single_ma150_weekly_top3,10.0,2020-10,-0.07476884288047861
qqq_single_ma150_weekly_top3,10.0,2020-11,0.18685816293539334
qqq_single_ma150_weekly_top3,10.0,2020-12,-0.026756501560744005
qqq_single_ma150_weekly_top3,10.0,2021-01,0.21779352547424977
qqq_single_ma150_weekly_top3,10.0,2021-02,-0.10048399672258337
qqq_single_ma150_weekly_top3,10.0,2021-03,-0.11545599762036785
qqq_single_ma150_weekly_top3,10.0,2021-04,0.09744680121477658
qqq_single_ma150_weekly_top3,10.0,2021-05,-0.02635297346499773
qqq_single_ma150_weekly_top3,10.0,2021-06,0.09423383673110924
qqq_single_ma150_weekly_top3,10.0,2021-07,0.03406721210083553
qqq_single_ma150_weekly_top3,10.0,2021-08,0.07745124644215606
qqq_single_ma150_weekly_top3,10.0,2021-09,-0.08457668076218486
qqq_single_ma150_weekly_top3,10.0,2021-10,0.10324399268198607
qqq_single_ma150_weekly_top3,10.0,2021-11,-0.013596208480763773
qqq_single_ma150_weekly_top3,10.0,2021-12,-0.06485971849500335
qqq_single_ma150_weekly_top3,10.0,2022-01,-0.1199725931603485
qqq_single_ma150_weekly_top3,10.0,2022-02,-0.05212419022666252
qqq_single_ma150_weekly_top3,10.0,2022-03,0.04241440011732852
qqq_single_ma150_weekly_top3,10.0,2022-04,-0.12212815609705835
qqq_single_ma150_weekly_top3,10.0,2022-05,-0.041941855417288114
qqq_single_ma150_weekly_top3,10.0,2022-06,0.02202401590319026
qqq_single_ma150_weekly_top3,10.0,2022-07,0.029256794686292904
qqq_single_ma150_weekly_top3,10.0,2022-08,-0.03526400604829272
qqq_single_ma150_weekly_top3,10.0,2022-09,-0.07969842699142653
qqq_single_ma150_weekly_top3,10.0,2022-10,0.03567654005526791
qqq_single_ma150_weekly_top3,10.0,2022-11,0.16241023510118813
qqq_single_ma150_weekly_top3,10.0,2022-12,-0.0371035111648447
qqq_single_ma150_weekly_top3,10.0,2023-01,0.09270108203930513
qqq_single_ma150_weekly_top3,10.0,2023-02,-0.025532109788466796
qqq_single_ma150_weekly_top3,10.0,2023-03,-0.05724903520902206
qqq_single_ma150_weekly_top3,10.0,2023-04,0.039064136761462157
qqq_single_ma150_weekly_top3,10.0,2023-05,0.18252707792943862
qqq_single_ma150_weekly_top3,10.0,2023-06,0.016088629586839133
qqq_single_ma150_weekly_top3,10.0,2023-07,0.06628253304932152
qqq_single_ma150_weekly_top3,10.0,2023-08,0.005885621648025382
qqq_single_ma150_weekly_top3,10.0,2023-09,-0.048329824665483405
qqq_single_ma150_weekly_top3,10.0,2023-10,-0.004491577806324288
qqq_single_ma150_weekly_top3,10.0,2023-11,0.1963842333770688
qqq_single_ma150_weekly_top3,10.0,2023-12,0.012831312740848663
qqq_single_ma150_weekly_top3,10.0,2024-01,0.021895493535194266
qqq_single_ma150_weekly_top3,10.0,2024-02,0.0978329813362328
qqq_single_ma150_weekly_top3,10.0,2024-03,-0.03042037609414768
qqq_single_ma150_weekly_top3,10.0,2024-04,-0.07207462033296558
qqq_single_ma150_weekly_top3,10.0,2024-05,0.1457954342729819
qqq_single_ma150_weekly_top3,10.0,2024-06,0.047968564478602496
qqq_single_ma150_weekly_top3,10.0,2024-07,-0.0850764573579336
qqq_single_ma150_weekly_top3,10.0,2024-08,0.00835517955176708
qqq_single_ma150_weekly_top3,10.0,2024-09,0.07506775503110182
qqq_single_ma150_weekly_top3,10.0,2024-10,0.010389605431994155
qqq_single_ma150_weekly_top3,10.0,2024-11,0.13386021050989533
qqq_single_ma150_weekly_top3,10.0,2024-12,0.04057932727741801
qqq_single_ma150_weekly_top3,10.0,2025-01,0.07139126773331862
qqq_single_ma150_weekly_top3,10.0,2025-02,0.08992799686931667
qqq_single_ma150_weekly_top3,10.0,2025-03,-0.10060117305236357
qqq_single_ma150_weekly_top3,10.0,2025-04,0.20659340231096798
qqq_single_ma150_weekly_top3,10.0,2025-05,0.13015591407774554
qqq_single_ma150_weekly_top3,10.0,2025-06,0.03966257874302939
qqq_single_ma150_weekly_top3,10.0,2025-07,0.006439645845609337
qqq_single_ma150_weekly_top3,10.0,2025-08,-0.047010613065157636
qqq_single_ma150_weekly_top3,10.0,2025-09,0.06594537767132458
qqq_single_ma150_weekly_top3,10.0,2025-10,0.24208675114413591
qqq_single_ma150_weekly_top3,10.0,2025-11,-0.12056615926562299
qqq_single_ma150_weekly_top3,10.0,2025-12,0.1407304859691418
qqq_single_ma150_weekly_top3,10.0,2026-01,0.22763323750686262
qqq_single_ma150_weekly_top3,10.0,2026-02,0.03709216461267334
qqq_single_ma150_weekly_top3,10.0,2026-03,-0.0040509375327243274
qqq_single_ma150_weekly_top3,10.0,2026-04,0.4355633493279396
qqq_dual_ma50_200_weekly_top1,0.0,2019-06,0.0
qqq_dual_ma50_200_weekly_top1,0.0,2019-07,0.0
qqq_dual_ma50_200_weekly_top1,0.0,2019-08,0.0
qqq_dual_ma50_200_weekly_top1,0.0,2019-09,0.0
qqq_dual_ma50_200_weekly_top1,0.0,2019-10,0.0
qqq_dual_ma50_200_weekly_top1,0.0,2019-11,0.0
qqq_dual_ma50_200_weekly_top1,0.0,2019-12,0.0
qqq_dual_ma50_200_weekly_top1,0.0,2020-01,0.0
qqq_dual_ma50_200_weekly_top1,0.0,2020-02,0.0
qqq_dual_ma50_200_weekly_top1,0.0,2020-03,0.0
qqq_dual_ma50_200_weekly_top1,0.0,2020-04,0.19580535609506777
qqq_dual_ma50_200_weekly_top1,0.0,2020-05,0.14413566247449439
qqq_dual_ma50_200_weekly_top1,0.0,2020-06,0.26721123960329585
qqq_dual_ma50_200_weekly_top1,0.0,2020-07,0.13564804997361668
qqq_dual_ma50_200_weekly_top1,0.0,2020-08,-0.09005198878331644
qqq_dual_ma50_200_weekly_top1,0.0,2020-09,0.16880822273936424
qqq_dual_ma50_200_weekly_top1,0.0,2020-10,0.02442692561474047
qqq_dual_ma50_200_weekly_top1,0.0,2020-11,0.15212840498901103
qqq_dual_ma50_200_weekly_top1,0.0,2020-12,0.039531750688841516
qqq_dual_ma50_200_weekly_top1,0.0,2021-01,0.13496307139711117
qqq_dual_ma50_200_weekly_top1,0.0,2021-02,-0.14665344868732
qqq_dual_ma50_200_weekly_top1,0.0,2021-03,0.0038942863712547737
qqq_dual_ma50_200_weekly_top1,0.0,2021-04,0.1292207074634617
qqq_dual_ma50_200_weekly_top1,0.0,2021-05,0.12762460021402666
qqq_dual_ma50_200_weekly_top1,0.0,2021-06,0.249392383630902
qqq_dual_ma50_200_weekly_top1,0.0,2021-07,-0.13195741144508133
qqq_dual_ma50_200_weekly_top1,0.0,2021-08,0.1317557629738887
qqq_dual_ma50_200_weekly_top1,0.0,2021-09,-0.049271866007459364
qqq_dual_ma50_200_weekly_top1,0.0,2021-10,-0.03956911546375241
qqq_dual_ma50_200_weekly_top1,0.0,2021-11,0.055604946317950876
qqq_dual_ma50_200_weekly_top1,0.0,2021-12,-0.10001277063379999
qqq_dual_ma50_200_weekly_top1,0.0,2022-01,0.023522569515341707
qqq_dual_ma50_200_weekly_top1,0.0,2022-02,0.06307168896124948
qqq_dual_ma50_200_weekly_top1,0.0,2022-03,0.04182315175651663
qqq_dual_ma50_200_weekly_top1,0.0,2022-04,-0.17518184690388294
qqq_dual_ma50_200_weekly_top1,0.0,2022-05,-0.16817341771905348
qqq_dual_ma50_200_weekly_top1,0.0,2022-06,-0.07412576242032742
qqq_dual_ma50_200_weekly_top1,0.0,2022-07,-8.373101265668481e-05
qqq_dual_ma50_200_weekly_top1,0.0,2022-08,0.06223141924729414
qqq_dual_ma50_200_weekly_top1,0.0,2022-09,-0.03024840496481984
qqq_dual_ma50_200_weekly_top1,0.0,2022-10,0.01933440905632311
qqq_dual_ma50_200_weekly_top1,0.0,2022-11,0.2739478697043364
qqq_dual_ma50_200_weekly_top1,0.0,2022-12,-0.16473809806984252
qqq_dual_ma50_200_weekly_top1,0.0,2023-01,5.884195763727895e-05
qqq_dual_ma50_200_weekly_top1,0.0,2023-02,0.03631110147436256
qqq_dual_ma50_200_weekly_top1,0.0,2023-03,-0.19904204888831556
qqq_dual_ma50_200_weekly_top1,0.0,2023-04,-0.007823548823156945
qqq_dual_ma50_200_weekly_top1,0.0,2023-05,0.36266709434395805
qqq_dual_ma50_200_weekly_top1,0.0,2023-06,0.07788994939408145
qqq_dual_ma50_200_weekly_top1,0.0,2023-07,0.12712063000167972
qqq_dual_ma50_200_weekly_top1,0.0,2023-08,0.09021334304500117
qqq_dual_ma50_200_weekly_top1,0.0,2023-09,-0.11518587936060665
qqq_dual_ma50_200_weekly_top1,0.0,2023-10,-0.0692235027391589
qqq_dual_ma50_200_weekly_top1,0.0,2023-11,0.38001611152819603
qqq_dual_ma50_200_weekly_top1,0.0,2023-12,0.007837641342086643
qqq_dual_ma50_200_weekly_top1,0.0,2024-01,-0.11126531481591728
qqq_dual_ma50_200_weekly_top1,0.0,2024-02,-0.011525227629023194
qqq_dual_ma50_200_weekly_top1,0.0,2024-03,0.025597533219373636
qqq_dual_ma50_200_weekly_top1,0.0,2024-04,-0.06973047086133699
qqq_dual_ma50_200_weekly_top1,0.0,2024-05,0.2964701238257206
qqq_dual_ma50_200_weekly_top1,0.0,2024-06,0.09513699343223214
qqq_dual_ma50_200_weekly_top1,0.0,2024-07,-0.09161336373261464
qqq_dual_ma50_200_weekly_top1,0.0,2024-08,-0.11855767373886428
qqq_dual_ma50_200_weekly_top1,0.0,2024-09,0.12202014618339352
qqq_dual_ma50_200_weekly_top1,0.0,2024-10,0.2703348116578672
qqq_dual_ma50_200_weekly_top1,0.0,2024-11,-0.07733197397687375
qqq_dual_ma50_200_weekly_top1,0.0,2024-12,0.006972138226748581
qqq_dual_ma50_200_weekly_top1,0.0,2025-01,0.07858030484715361
qqq_dual_ma50_200_weekly_top1,0.0,2025-02,0.08516193895197077
qqq_dual_ma50_200_weekly_top1,0.0,2025-03,-0.2218363644603878
qqq_dual_ma50_200_weekly_top1,0.0,2025-04,0.1578558940654211
qqq_dual_ma50_200_weekly_top1,0.0,2025-05,0.14063852489179862
qqq_dual_ma50_200_weekly_top1,0.0,2025-06,0.03479339042125973
qqq_dual_ma50_200_weekly_top1,0.0,2025-07,0.14105772764045388
qqq_dual_ma50_200_weekly_top1,0.0,2025-08,-0.20313365380633674
qqq_dual_ma50_200_weekly_top1,0.0,2025-09,0.14469487276345516
qqq_dual_ma50_200_weekly_top1,0.0,2025-10,0.08489806673949873
qqq_dual_ma50_200_weekly_top1,0.0,2025-11,-0.03817993672791331
qqq_dual_ma50_200_weekly_top1,0.0,2025-12,0.1339684931126912
qqq_dual_ma50_200_weekly_top1,0.0,2026-01,0.35827398343299044
qqq_dual_ma50_200_weekly_top1,0.0,2026-02,0.1277959793154757
qqq_dual_ma50_200_weekly_top1,0.0,2026-03,0.029437140393207217
qqq_dual_ma50_200_weekly_top1,0.0,2026-04,0.43667685656629973
qqq_dual_ma50_200_weekly_top1,1.0,2019-06,0.0
qqq_dual_ma50_200_weekly_top1,1.0,2019-07,0.0
qqq_dual_ma50_200_weekly_top1,1.0,2019-08,0.0
qqq_dual_ma50_200_weekly_top1,1.0,2019-09,0.0
qqq_dual_ma50_200_weekly_top1,1.0,2019-10,0.0
qqq_dual_ma50_200_weekly_top1,1.0,2019-11,0.0
qqq_dual_ma50_200_weekly_top1,1.0,2019-12,0.0
qqq_dual_ma50_200_weekly_top1,1.0,2020-01,0.0
qqq_dual_ma50_200_weekly_top1,1.0,2020-02,0.0
qqq_dual_ma50_200_weekly_top1,1.0,2020-03,0.0
qqq_dual_ma50_200_weekly_top1,1.0,2020-04,0.19530535609506777
qqq_dual_ma50_200_weekly_top1,1.0,2020-05,0.14413566247449439
qqq_dual_ma50_200_weekly_top1,1.0,2020-06,0.26681123960329584
qqq_dual_ma50_200_weekly_top1,1.0,2020-07,0.13544804997361667
qqq_dual_ma50_200_weekly_top1,1.0,2020-08,-0.09025198878331644
qqq_dual_ma50_200_weekly_top1,1.0,2020-09,0.16860822273936424
qqq_dual_ma50_200_weekly_top1,1.0,2020-10,0.024026925614740464
qqq_dual_ma50_200_weekly_top1,1.0,2020-11,0.15192840498901103
qqq_dual_ma50_200_weekly_top1,1.0,2020-12,0.03933175068884151
qqq_dual_ma50_200_weekly_top1,1.0,2021-01,0.13496307139711117
qqq_dual_ma50_200_weekly_top1,1.0,2021-02,-0.14665344868732
qqq_dual_ma50_200_weekly_top1,1.0,2021-03,0.0034942863712547623
qqq_dual_ma50_200_weekly_top1,1.0,2021-04,0.12862070746346171
qqq_dual_ma50_200_weekly_top1,1.0,2021-05,0.12742460021402666
qqq_dual_ma50_200_weekly_top1,1.0,2021-06,0.24899238363090198
qqq_dual_ma50_200_weekly_top1,1.0,2021-07,-0.13255741144508132
qqq_dual_ma50_200_weekly_top1,1.0,2021-08,0.13155576297388868
qqq_dual_ma50_200_weekly_top1,1.0,2021-09,-0.049271866007459364
qqq_dual_ma50_200_weekly_top1,1.0,2021-10,-0.03956911546375241
qqq_dual_ma50_200_weekly_top1,1.0,2021-11,0.055604946317950876
qqq_dual_ma50_200_weekly_top1,1.0,2021-12,-0.1004127706338
qqq_dual_ma50_200_weekly_top1,1.0,2022-01,0.02272256951534169
qqq_dual_ma50_200_weekly_top1,1.0,2022-02,0.06247168896124947
qqq_dual_ma50_200_weekly_top1,1.0,2022-03,0.04162315175651663
qqq_dual_ma50_200_weekly_top1,1.0,2022-04,-0.17558184690388295
qqq_dual_ma50_200_weekly_top1,1.0,2022-05,-0.1685734177190535
qqq_dual_ma50_200_weekly_top1,1.0,2022-06,-0.07472576242032741
qqq_dual_ma50_200_weekly_top1,1.0,2022-07,-8.373101265668481e-05
qqq_dual_ma50_200_weekly_top1,1.0,2022-08,0.06203141924729414
qqq_dual_ma50_200_weekly_top1,1.0,2022-09,-0.03064840496481984
qqq_dual_ma50_200_weekly_top1,1.0,2022-10,0.019134409056323104
qqq_dual_ma50_200_weekly_top1,1.0,2022-11,0.2737478697043364
qqq_dual_ma50_200_weekly_top1,1.0,2022-12,-0.16473809806984252
qqq_dual_ma50_200_weekly_top1,1.0,2023-01,-0.00014115804236271984
qqq_dual_ma50_200_weekly_top1,1.0,2023-02,0.03611110147436256
qqq_dual_ma50_200_weekly_top1,1.0,2023-03,-0.19904204888831556
qqq_dual_ma50_200_weekly_top1,1.0,2023-04,-0.008023548823156944
qqq_dual_ma50_200_weekly_top1,1.0,2023-05,0.36266709434395805
qqq_dual_ma50_200_weekly_top1,1.0,2023-06,0.07768994939408144
qqq_dual_ma50_200_weekly_top1,1.0,2023-07,0.12692063000167972
qqq_dual_ma50_200_weekly_top1,1.0,2023-08,0.09021334304500117
qqq_dual_ma50_200_weekly_top1,1.0,2023-09,-0.11518587936060665
qqq_dual_ma50_200_weekly_top1,1.0,2023-10,-0.0692235027391589
qqq_dual_ma50_200_weekly_top1,1.0,2023-11,0.37981611152819605
qqq_dual_ma50_200_weekly_top1,1.0,2023-12,0.007837641342086643
qqq_dual_ma50_200_weekly_top1,1.0,2024-01,-0.11126531481591728
qqq_dual_ma50_200_weekly_top1,1.0,2024-02,-0.011725227629023192
qqq_dual_ma50_200_weekly_top1,1.0,2024-03,0.025597533219373636
qqq_dual_ma50_200_weekly_top1,1.0,2024-04,-0.069930470861337
qqq_dual_ma50_200_weekly_top1,1.0,2024-05,0.2964701238257206
qqq_dual_ma50_200_weekly_top1,1.0,2024-06,0.09513699343223214
qqq_dual_ma50_200_weekly_top1,1.0,2024-07,-0.09181336373261464
qqq_dual_ma50_200_weekly_top1,1.0,2024-08,-0.11875767373886428
qqq_dual_ma50_200_weekly_top1,1.0,2024-09,0.12142014618339352
qqq_dual_ma50_200_weekly_top1,1.0,2024-10,0.2699348116578672
qqq_dual_ma50_200_weekly_top1,1.0,2024-11,-0.07793197397687374
qqq_dual_ma50_200_weekly_top1,1.0,2024-12,0.006972138226748581
qqq_dual_ma50_200_weekly_top1,1.0,2025-01,0.07858030484715361
qqq_dual_ma50_200_weekly_top1,1.0,2025-02,0.08516193895197077
qqq_dual_ma50_200_weekly_top1,1.0,2025-03,-0.2218363644603878
qqq_dual_ma50_200_weekly_top1,1.0,2025-04,0.1578558940654211
qqq_dual_ma50_200_weekly_top1,1.0,2025-05,0.14043852489179862
qqq_dual_ma50_200_weekly_top1,1.0,2025-06,0.03479339042125973
qqq_dual_ma50_200_weekly_top1,1.0,2025-07,0.14105772764045388
qqq_dual_ma50_200_weekly_top1,1.0,2025-08,-0.20353365380633676
qqq_dual_ma50_200_weekly_top1,1.0,2025-09,0.14429487276345515
qqq_dual_ma50_200_weekly_top1,1.0,2025-10,0.08469806673949873
qqq_dual_ma50_200_weekly_top1,1.0,2025-11,-0.038379936727913316
qqq_dual_ma50_200_weekly_top1,1.0,2025-12,0.1335684931126912
qqq_dual_ma50_200_weekly_top1,1.0,2026-01,0.35827398343299044
qqq_dual_ma50_200_weekly_top1,1.0,2026-02,0.1277959793154757
qqq_dual_ma50_200_weekly_top1,1.0,2026-03,0.02923714039320721
qqq_dual_ma50_200_weekly_top1,1.0,2026-04,0.4362768565662997
qqq_dual_ma50_200_weekly_top1,2.0,2019-06,0.0
qqq_dual_ma50_200_weekly_top1,2.0,2019-07,0.0
qqq_dual_ma50_200_weekly_top1,2.0,2019-08,0.0
qqq_dual_ma50_200_weekly_top1,2.0,2019-09,0.0
qqq_dual_ma50_200_weekly_top1,2.0,2019-10,0.0
qqq_dual_ma50_200_weekly_top1,2.0,2019-11,0.0
qqq_dual_ma50_200_weekly_top1,2.0,2019-12,0.0
qqq_dual_ma50_200_weekly_top1,2.0,2020-01,0.0
qqq_dual_ma50_200_weekly_top1,2.0,2020-02,0.0
qqq_dual_ma50_200_weekly_top1,2.0,2020-03,0.0
qqq_dual_ma50_200_weekly_top1,2.0,2020-04,0.19480535609506777
qqq_dual_ma50_200_weekly_top1,2.0,2020-05,0.14413566247449439
qqq_dual_ma50_200_weekly_top1,2.0,2020-06,0.2664112396032958
qqq_dual_ma50_200_weekly_top1,2.0,2020-07,0.13524804997361667
qqq_dual_ma50_200_weekly_top1,2.0,2020-08,-0.09045198878331644
qqq_dual_ma50_200_weekly_top1,2.0,2020-09,0.16840822273936423
qqq_dual_ma50_200_weekly_top1,2.0,2020-10,0.023626925614740474
qqq_dual_ma50_200_weekly_top1,2.0,2020-11,0.15172840498901102
qqq_dual_ma50_200_weekly_top1,2.0,2020-12,0.03913175068884152
qqq_dual_ma50_200_weekly_top1,2.0,2021-01,0.13496307139711117
qqq_dual_ma50_200_weekly_top1,2.0,2021-02,-0.14665344868732
qqq_dual_ma50_200_weekly_top1,2.0,2021-03,0.0030942863712547786
qqq_dual_ma50_200_weekly_top1,2.0,2021-04,0.12802070746346172
qqq_dual_ma50_200_weekly_top1,2.0,2021-05,0.12722460021402665
qqq_dual_ma50_200_weekly_top1,2.0,2021-06,0.248592383630902
qqq_dual_ma50_200_weekly_top1,2.0,2021-07,-0.1331574114450813
qqq_dual_ma50_200_weekly_top1,2.0,2021-08,0.13135576297388868
qqq_dual_ma50_200_weekly_top1,2.0,2021-09,-0.049271866007459364
qqq_dual_ma50_200_weekly_top1,2.0,2021-10,-0.03956911546375241
qqq_dual_ma50_200_weekly_top1,2.0,2021-11,0.055604946317950876
qqq_dual_ma50_200_weekly_top1,2.0,2021-12,-0.10081277063379998
qqq_dual_ma50_200_weekly_top1,2.0,2022-01,0.021922569515341717
qqq_dual_ma50_200_weekly_top1,2.0,2022-02,0.06187168896124949
qqq_dual_ma50_200_weekly_top1,2.0,2022-03,0.04142315175651663
qqq_dual_ma50_200_weekly_top1,2.0,2022-04,-0.17598184690388294
qqq_dual_ma50_200_weekly_top1,2.0,2022-05,-0.16897341771905347
qqq_dual_ma50_200_weekly_top1,2.0,2022-06,-0.07532576242032743
qqq_dual_ma50_200_weekly_top1,2.0,2022-07,-8.373101265668481e-05
qqq_dual_ma50_200_weekly_top1,2.0,2022-08,0.06183141924729414
qqq_dual_ma50_200_weekly_top1,2.0,2022-09,-0.031048404964819837
qqq_dual_ma50_200_weekly_top1,2.0,2022-10,0.018934409056323098
qqq_dual_ma50_200_weekly_top1,2.0,2022-11,0.27354786970433637
qqq_dual_ma50_200_weekly_top1,2.0,2022-12,-0.16473809806984252
qqq_dual_ma50_200_weekly_top1,2.0,2023-01,-0.00034115804236271863
qqq_dual_ma50_200_weekly_top1,2.0,2023-02,0.035911101474362564
qqq_dual_ma50_200_weekly_top1,2.0,2023-03,-0.19904204888831556
qqq_dual_ma50_200_weekly_top1,2.0,2023-04,-0.008223548823156943
qqq_dual_ma50_200_weekly_top1,2.0,2023-05,0.36266709434395805
qqq_dual_ma50_200_weekly_top1,2.0,2023-06,0.07748994939408145
qqq_dual_ma50_200_weekly_top1,2.0,2023-07,0.1267206300016797
qqq_dual_ma50_200_weekly_top1,2.0,2023-08,0.09021334304500117
qqq_dual_ma50_200_weekly_top1,2.0,2023-09,-0.11518587936060665
qqq_dual_ma50_200_weekly_top1,2.0,2023-10,-0.0692235027391589
qqq_dual_ma50_200_weekly_top1,2.0,2023-11,0.379616111528196
qqq_dual_ma50_200_weekly_top1,2.0,2023-12,0.007837641342086643
qqq_dual_ma50_200_weekly_top1,2.0,2024-01,-0.11126531481591728
qqq_dual_ma50_200_weekly_top1,2.0,2024-02,-0.011925227629023195
qqq_dual_ma50_200_weekly_top1,2.0,2024-03,0.025597533219373636
qqq_dual_ma50_200_weekly_top1,2.0,2024-04,-0.07013047086133699
qqq_dual_ma50_200_weekly_top1,2.0,2024-05,0.2964701238257206
qqq_dual_ma50_200_weekly_top1,2.0,2024-06,0.09513699343223214
qqq_dual_ma50_200_weekly_top1,2.0,2024-07,-0.09201336373261464
qqq_dual_ma50_200_weekly_top1,2.0,2024-08,-0.11895767373886428
qqq_dual_ma50_200_weekly_top1,2.0,2024-09,0.12082014618339353
qqq_dual_ma50_200_weekly_top1,2.0,2024-10,0.2695348116578672
qqq_dual_ma50_200_weekly_top1,2.0,2024-11,-0.07853197397687374
qqq_dual_ma50_200_weekly_top1,2.0,2024-12,0.006972138226748581
qqq_dual_ma50_200_weekly_top1,2.0,2025-01,0.07858030484715361
qqq_dual_ma50_200_weekly_top1,2.0,2025-02,0.08516193895197077
qqq_dual_ma50_200_weekly_top1,2.0,2025-03,-0.2218363644603878
qqq_dual_ma50_200_weekly_top1,2.0,2025-04,0.1578558940654211
qqq_dual_ma50_200_weekly_top1,2.0,2025-05,0.1402385248917986
qqq_dual_ma50_200_weekly_top1,2.0,2025-06,0.03479339042125973
qqq_dual_ma50_200_weekly_top1,2.0,2025-07,0.14105772764045388
qqq_dual_ma50_200_weekly_top1,2.0,2025-08,-0.20393365380633674
qqq_dual_ma50_200_weekly_top1,2.0,2025-09,0.14389487276345517
qqq_dual_ma50_200_weekly_top1,2.0,2025-10,0.08449806673949874
qqq_dual_ma50_200_weekly_top1,2.0,2025-11,-0.03857993672791331
qqq_dual_ma50_200_weekly_top1,2.0,2025-12,0.13316849311269122
qqq_dual_ma50_200_weekly_top1,2.0,2026-01,0.35827398343299044
qqq_dual_ma50_200_weekly_top1,2.0,2026-02,0.1277959793154757
qqq_dual_ma50_200_weekly_top1,2.0,2026-03,0.02903714039320722
qqq_dual_ma50_200_weekly_top1,2.0,2026-04,0.4358768565662997
qqq_dual_ma50_200_weekly_top1,5.0,2019-06,0.0
qqq_dual_ma50_200_weekly_top1,5.0,2019-07,0.0
qqq_dual_ma50_200_weekly_top1,5.0,2019-08,0.0
qqq_dual_ma50_200_weekly_top1,5.0,2019-09,0.0
qqq_dual_ma50_200_weekly_top1,5.0,2019-10,0.0
qqq_dual_ma50_200_weekly_top1,5.0,2019-11,0.0
qqq_dual_ma50_200_weekly_top1,5.0,2019-12,0.0
qqq_dual_ma50_200_weekly_top1,5.0,2020-01,0.0
qqq_dual_ma50_200_weekly_top1,5.0,2020-02,0.0
qqq_dual_ma50_200_weekly_top1,5.0,2020-03,0.0
qqq_dual_ma50_200_weekly_top1,5.0,2020-04,0.19330535609506777
qqq_dual_ma50_200_weekly_top1,5.0,2020-05,0.14413566247449439
qqq_dual_ma50_200_weekly_top1,5.0,2020-06,0.26521123960329585
qqq_dual_ma50_200_weekly_top1,5.0,2020-07,0.13464804997361668
qqq_dual_ma50_200_weekly_top1,5.0,2020-08,-0.09105198878331644
qqq_dual_ma50_200_weekly_top1,5.0,2020-09,0.16780822273936424
qqq_dual_ma50_200_weekly_top1,5.0,2020-10,0.022426925614740467
qqq_dual_ma50_200_weekly_top1,5.0,2020-11,0.15112840498901103
qqq_dual_ma50_200_weekly_top1,5.0,2020-12,0.038531750688841515
qqq_dual_ma50_200_weekly_top1,5.0,2021-01,0.13496307139711117
qqq_dual_ma50_200_weekly_top1,5.0,2021-02,-0.14665344868732
qqq_dual_ma50_200_weekly_top1,5.0,2021-03,0.001894286371254772
qqq_dual_ma50_200_weekly_top1,5.0,2021-04,0.1262207074634617
qqq_dual_ma50_200_weekly_top1,5.0,2021-05,0.12662460021402666
qqq_dual_ma50_200_weekly_top1,5.0,2021-06,0.247392383630902
qqq_dual_ma50_200_weekly_top1,5.0,2021-07,-0.13495741144508133
qqq_dual_ma50_200_weekly_top1,5.0,2021-08,0.1307557629738887
qqq_dual_ma50_200_weekly_top1,5.0,2021-09,-0.049271866007459364
qqq_dual_ma50_200_weekly_top1,5.0,2021-10,-0.03956911546375241
qqq_dual_ma50_200_weekly_top1,5.0,2021-11,0.055604946317950876
qqq_dual_ma50_200_weekly_top1,5.0,2021-12,-0.10201277063379999
qqq_dual_ma50_200_weekly_top1,5.0,2022-01,0.019522569515341703
qqq_dual_ma50_200_weekly_top1,5.0,2022-02,0.06007168896124948
qqq_dual_ma50_200_weekly_top1,5.0,2022-03,0.04082315175651663
qqq_dual_ma50_200_weekly_top1,5.0,2022-04,-0.17718184690388294
qqq_dual_ma50_200_weekly_top1,5.0,2022-05,-0.17017341771905348
qqq_dual_ma50_200_weekly_top1,5.0,2022-06,-0.07712576242032743
qqq_dual_ma50_200_weekly_top1,5.0,2022-07,-8.373101265668481e-05
qqq_dual_ma50_200_weekly_top1,5.0,2022-08,0.06123141924729414
qqq_dual_ma50_200_weekly_top1,5.0,2022-09,-0.03224840496481984
qqq_dual_ma50_200_weekly_top1,5.0,2022-10,0.01833440905632311
qqq_dual_ma50_200_weekly_top1,5.0,2022-11,0.2729478697043364
qqq_dual_ma50_200_weekly_top1,5.0,2022-12,-0.16473809806984252
qqq_dual_ma50_200_weekly_top1,5.0,2023-01,-0.0009411580423627219
qqq_dual_ma50_200_weekly_top1,5.0,2023-02,0.03531110147436256
qqq_dual_ma50_200_weekly_top1,5.0,2023-03,-0.19904204888831556
qqq_dual_ma50_200_weekly_top1,5.0,2023-04,-0.008823548823156946
qqq_dual_ma50_200_weekly_top1,5.0,2023-05,0.36266709434395805
qqq_dual_ma50_200_weekly_top1,5.0,2023-06,0.07688994939408145
qqq_dual_ma50_200_weekly_top1,5.0,2023-07,0.12612063000167972
qqq_dual_ma50_200_weekly_top1,5.0,2023-08,0.09021334304500117
qqq_dual_ma50_200_weekly_top1,5.0,2023-09,-0.11518587936060665
qqq_dual_ma50_200_weekly_top1,5.0,2023-10,-0.0692235027391589
qqq_dual_ma50_200_weekly_top1,5.0,2023-11,0.37901611152819603
qqq_dual_ma50_200_weekly_top1,5.0,2023-12,0.007837641342086643
qqq_dual_ma50_200_weekly_top1,5.0,2024-01,-0.11126531481591728
qqq_dual_ma50_200_weekly_top1,5.0,2024-02,-0.012525227629023195
qqq_dual_ma50_200_weekly_top1,5.0,2024-03,0.025597533219373636
qqq_dual_ma50_200_weekly_top1,5.0,2024-04,-0.07073047086133699
qqq_dual_ma50_200_weekly_top1,5.0,2024-05,0.2964701238257206
qqq_dual_ma50_200_weekly_top1,5.0,2024-06,0.09513699343223214
qqq_dual_ma50_200_weekly_top1,5.0,2024-07,-0.09261336373261464
qqq_dual_ma50_200_weekly_top1,5.0,2024-08,-0.11955767373886428
qqq_dual_ma50_200_weekly_top1,5.0,2024-09,0.11902014618339352
qqq_dual_ma50_200_weekly_top1,5.0,2024-10,0.2683348116578672
qqq_dual_ma50_200_weekly_top1,5.0,2024-11,-0.08033197397687375
qqq_dual_ma50_200_weekly_top1,5.0,2024-12,0.006972138226748581
qqq_dual_ma50_200_weekly_top1,5.0,2025-01,0.07858030484715361
qqq_dual_ma50_200_weekly_top1,5.0,2025-02,0.08516193895197077
qqq_dual_ma50_200_weekly_top1,5.0,2025-03,-0.2218363644603878
qqq_dual_ma50_200_weekly_top1,5.0,2025-04,0.1578558940654211
qqq_dual_ma50_200_weekly_top1,5.0,2025-05,0.13963852489179862
qqq_dual_ma50_200_weekly_top1,5.0,2025-06,0.03479339042125973
qqq_dual_ma50_200_weekly_top1,5.0,2025-07,0.14105772764045388
qqq_dual_ma50_200_weekly_top1,5.0,2025-08,-0.20513365380633675
qqq_dual_ma50_200_weekly_top1,5.0,2025-09,0.14269487276345516
qqq_dual_ma50_200_weekly_top1,5.0,2025-10,0.08389806673949873
qqq_dual_ma50_200_weekly_top1,5.0,2025-11,-0.03917993672791331
qqq_dual_ma50_200_weekly_top1,5.0,2025-12,0.1319684931126912
qqq_dual_ma50_200_weekly_top1,5.0,2026-01,0.35827398343299044
qqq_dual_ma50_200_weekly_top1,5.0,2026-02,0.1277959793154757
qqq_dual_ma50_200_weekly_top1,5.0,2026-03,0.028437140393207216
qqq_dual_ma50_200_weekly_top1,5.0,2026-04,0.43467685656629973
qqq_dual_ma50_200_weekly_top1,10.0,2019-06,0.0
qqq_dual_ma50_200_weekly_top1,10.0,2019-07,0.0
qqq_dual_ma50_200_weekly_top1,10.0,2019-08,0.0
qqq_dual_ma50_200_weekly_top1,10.0,2019-09,0.0
qqq_dual_ma50_200_weekly_top1,10.0,2019-10,0.0
qqq_dual_ma50_200_weekly_top1,10.0,2019-11,0.0
qqq_dual_ma50_200_weekly_top1,10.0,2019-12,0.0
qqq_dual_ma50_200_weekly_top1,10.0,2020-01,0.0
qqq_dual_ma50_200_weekly_top1,10.0,2020-02,0.0
qqq_dual_ma50_200_weekly_top1,10.0,2020-03,0.0
qqq_dual_ma50_200_weekly_top1,10.0,2020-04,0.19080535609506777
qqq_dual_ma50_200_weekly_top1,10.0,2020-05,0.14413566247449439
qqq_dual_ma50_200_weekly_top1,10.0,2020-06,0.26321123960329584
qqq_dual_ma50_200_weekly_top1,10.0,2020-07,0.13364804997361668
qqq_dual_ma50_200_weekly_top1,10.0,2020-08,-0.09205198878331644
qqq_dual_ma50_200_weekly_top1,10.0,2020-09,0.16680822273936424
qqq_dual_ma50_200_weekly_top1,10.0,2020-10,0.020426925614740465
qqq_dual_ma50_200_weekly_top1,10.0,2020-11,0.15012840498901103
qqq_dual_ma50_200_weekly_top1,10.0,2020-12,0.037531750688841514
qqq_dual_ma50_200_weekly_top1,10.0,2021-01,0.13496307139711117
qqq_dual_ma50_200_weekly_top1,10.0,2021-02,-0.14665344868732
qqq_dual_ma50_200_weekly_top1,10.0,2021-03,-0.00010571362874522983
qqq_dual_ma50_200_weekly_top1,10.0,2021-04,0.1232207074634617
qqq_dual_ma50_200_weekly_top1,10.0,2021-05,0.12562460021402666
qqq_dual_ma50_200_weekly_top1,10.0,2021-06,0.245392383630902
qqq_dual_ma50_200_weekly_top1,10.0,2021-07,-0.13795741144508133
qqq_dual_ma50_200_weekly_top1,10.0,2021-08,0.1297557629738887
qqq_dual_ma50_200_weekly_top1,10.0,2021-09,-0.049271866007459364
qqq_dual_ma50_200_weekly_top1,10.0,2021-10,-0.03956911546375241
qqq_dual_ma50_200_weekly_top1,10.0,2021-11,0.055604946317950876
qqq_dual_ma50_200_weekly_top1,10.0,2021-12,-0.10401277063379999
qqq_dual_ma50_200_weekly_top1,10.0,2022-01,0.0155225695153417
qqq_dual_ma50_200_weekly_top1,10.0,2022-02,0.05707168896124948
qqq_dual_ma50_200_weekly_top1,10.0,2022-03,0.03982315175651663
qqq_dual_ma50_200_weekly_top1,10.0,2022-04,-0.17918184690388295
qqq_dual_ma50_200_weekly_top1,10.0,2022-05,-0.17217341771905348
qqq_dual_ma50_200_weekly_top1,10.0,2022-06,-0.08012576242032743
qqq_dual_ma50_200_weekly_top1,10.0,2022-07,-8.373101265668481e-05
qqq_dual_ma50_200_weekly_top1,10.0,2022-08,0.06023141924729414
qqq_dual_ma50_200_weekly_top1,10.0,2022-09,-0.034248404964819845
qqq_dual_ma50_200_weekly_top1,10.0,2022-10,0.017334409056323108
qqq_dual_ma50_200_weekly_top1,10.0,2022-11,0.2719478697043364
qqq_dual_ma50_200_weekly_top1,10.0,2022-12,-0.16473809806984252
qqq_dual_ma50_200_weekly_top1,10.0,2023-01,-0.0019411580423627228
qqq_dual_ma50_200_weekly_top1,10.0,2023-02,0.03431110147436256
qqq_dual_ma50_200_weekly_top1,10.0,2023-03,-0.19904204888831556
qqq_dual_ma50_200_weekly_top1,10.0,2023-04,-0.009823548823156947
qqq_dual_ma50_200_weekly_top1,10.0,2023-05,0.36266709434395805
qqq_dual_ma50_200_weekly_top1,10.0,2023-06,0.07588994939408145
qqq_dual_ma50_200_weekly_top1,10.0,2023-07,0.12512063000167972
qqq_dual_ma50_200_weekly_top1,10.0,2023-08,0.09021334304500117
qqq_dual_ma50_200_weekly_top1,10.0,2023-09,-0.11518587936060665
qqq_dual_ma50_200_weekly_top1,10.0,2023-10,-0.0692235027391589
qqq_dual_ma50_200_weekly_top1,10.0,2023-11,0.37801611152819603
qqq_dual_ma50_200_weekly_top1,10.0,2023-12,0.007837641342086643
qqq_dual_ma50_200_weekly_top1,10.0,2024-01,-0.11126531481591728
qqq_dual_ma50_200_weekly_top1,10.0,2024-02,-0.013525227629023195
qqq_dual_ma50_200_weekly_top1,10.0,2024-03,0.025597533219373636
qqq_dual_ma50_200_weekly_top1,10.0,2024-04,-0.07173047086133699
qqq_dual_ma50_200_weekly_top1,10.0,2024-05,0.2964701238257206
qqq_dual_ma50_200_weekly_top1,10.0,2024-06,0.09513699343223214
qqq_dual_ma50_200_weekly_top1,10.0,2024-07,-0.09361336373261464
qqq_dual_ma50_200_weekly_top1,10.0,2024-08,-0.12055767373886428
qqq_dual_ma50_200_weekly_top1,10.0,2024-09,0.11602014618339351
qqq_dual_ma50_200_weekly_top1,10.0,2024-10,0.2663348116578672
qqq_dual_ma50_200_weekly_top1,10.0,2024-11,-0.08333197397687375
qqq_dual_ma50_200_weekly_top1,10.0,2024-12,0.006972138226748581
qqq_dual_ma50_200_weekly_top1,10.0,2025-01,0.07858030484715361
qqq_dual_ma50_200_weekly_top1,10.0,2025-02,0.08516193895197077
qqq_dual_ma50_200_weekly_top1,10.0,2025-03,-0.2218363644603878
qqq_dual_ma50_200_weekly_top1,10.0,2025-04,0.1578558940654211
qqq_dual_ma50_200_weekly_top1,10.0,2025-05,0.13863852489179862
qqq_dual_ma50_200_weekly_top1,10.0,2025-06,0.03479339042125973
qqq_dual_ma50_200_weekly_top1,10.0,2025-07,0.14105772764045388
qqq_dual_ma50_200_weekly_top1,10.0,2025-08,-0.20713365380633675
qqq_dual_ma50_200_weekly_top1,10.0,2025-09,0.14069487276345516
qqq_dual_ma50_200_weekly_top1,10.0,2025-10,0.08289806673949873
qqq_dual_ma50_200_weekly_top1,10.0,2025-11,-0.04017993672791331
qqq_dual_ma50_200_weekly_top1,10.0,2025-12,0.1299684931126912
qqq_dual_ma50_200_weekly_top1,10.0,2026-01,0.35827398343299044
qqq_dual_ma50_200_weekly_top1,10.0,2026-02,0.1277959793154757
qqq_dual_ma50_200_weekly_top1,10.0,2026-03,0.027437140393207216
qqq_dual_ma50_200_weekly_top1,10.0,2026-04,0.43267685656629973
qqq_dual_ma50_200_weekly_top10,0.0,2019-06,0.0
qqq_dual_ma50_200_weekly_top10,0.0,2019-07,0.0
qqq_dual_ma50_200_weekly_top10,0.0,2019-08,0.0
qqq_dual_ma50_200_weekly_top10,0.0,2019-09,0.0
qqq_dual_ma50_200_weekly_top10,0.0,2019-10,0.0
qqq_dual_ma50_200_weekly_top10,0.0,2019-11,0.0
qqq_dual_ma50_200_weekly_top10,0.0,2019-12,0.0
qqq_dual_ma50_200_weekly_top10,0.0,2020-01,0.0
qqq_dual_ma50_200_weekly_top10,0.0,2020-02,0.0
qqq_dual_ma50_200_weekly_top10,0.0,2020-03,0.0
qqq_dual_ma50_200_weekly_top10,0.0,2020-04,0.05386336444078029
qqq_dual_ma50_200_weekly_top10,0.0,2020-05,0.11928764771214034
qqq_dual_ma50_200_weekly_top10,0.0,2020-06,0.1392223125613259
qqq_dual_ma50_200_weekly_top10,0.0,2020-07,0.12055104177446374
qqq_dual_ma50_200_weekly_top10,0.0,2020-08,0.15587153293859513
qqq_dual_ma50_200_weekly_top10,0.0,2020-09,-0.016306790100902444
qqq_dual_ma50_200_weekly_top10,0.0,2020-10,-0.0038475424008558023
qqq_dual_ma50_200_weekly_top10,0.0,2020-11,0.2066266093595764
qqq_dual_ma50_200_weekly_top10,0.0,2020-12,0.023552319183438065
qqq_dual_ma50_200_weekly_top10,0.0,2021-01,0.08813673932745783
qqq_dual_ma50_200_weekly_top10,0.0,2021-02,0.015674238269884858
qqq_dual_ma50_200_weekly_top10,0.0,2021-03,-0.058203438868457365
qqq_dual_ma50_200_weekly_top10,0.0,2021-04,0.01525910294818759
qqq_dual_ma50_200_weekly_top10,0.0,2021-05,0.012838626899276175
qqq_dual_ma50_200_weekly_top10,0.0,2021-06,0.043596797648258266
qqq_dual_ma50_200_weekly_top10,0.0,2021-07,0.08907212055172736
qqq_dual_ma50_200_weekly_top10,0.0,2021-08,0.0661036625422855
qqq_dual_ma50_200_weekly_top10,0.0,2021-09,-0.09433419524129451
qqq_dual_ma50_200_weekly_top10,0.0,2021-10,0.077048715325296
qqq_dual_ma50_200_weekly_top10,0.0,2021-11,0.036097087254424204
qqq_dual_ma50_200_weekly_top10,0.0,2021-12,-0.03233853065895693
qqq_dual_ma50_200_weekly_top10,0.0,2022-01,-0.1633156830211449
qqq_dual_ma50_200_weekly_top10,0.0,2022-02,0.012106757523193824
qqq_dual_ma50_200_weekly_top10,0.0,2022-03,0.05861107519939776
qqq_dual_ma50_200_weekly_top10,0.0,2022-04,-0.13899394394158998
qqq_dual_ma50_200_weekly_top10,0.0,2022-05,-0.024015953829846167
qqq_dual_ma50_200_weekly_top10,0.0,2022-06,-0.02091371341989322
qqq_dual_ma50_200_weekly_top10,0.0,2022-07,0.026611551931842312
qqq_dual_ma50_200_weekly_top10,0.0,2022-08,0.07633292252983283
qqq_dual_ma50_200_weekly_top10,0.0,2022-09,-0.05327335028272957
qqq_dual_ma50_200_weekly_top10,0.0,2022-10,0.07848404429228335
qqq_dual_ma50_200_weekly_top10,0.0,2022-11,0.09386708553506913
qqq_dual_ma50_200_weekly_top10,0.0,2022-12,-0.0307254554348199
qqq_dual_ma50_200_weekly_top10,0.0,2023-01,0.021863730442401728
qqq_dual_ma50_200_weekly_top10,0.0,2023-02,-0.05523080677870218
qqq_dual_ma50_200_weekly_top10,0.0,2023-03,0.05587428814610548
qqq_dual_ma50_200_weekly_top10,0.0,2023-04,-0.01794295221581587
qqq_dual_ma50_200_weekly_top10,0.0,2023-05,0.1437258209365267
qqq_dual_ma50_200_weekly_top10,0.0,2023-06,0.04183016745947212
qqq_dual_ma50_200_weekly_top10,0.0,2023-07,0.030628233650522228
qqq_dual_ma50_200_weekly_top10,0.0,2023-08,-0.001743046818245643
qqq_dual_ma50_200_weekly_top10,0.0,2023-09,-0.06469819003188841
qqq_dual_ma50_200_weekly_top10,0.0,2023-10,-0.045235707458470345
qqq_dual_ma50_200_weekly_top10,0.0,2023-11,0.1674210625598778
qqq_dual_ma50_200_weekly_top10,0.0,2023-12,0.060725883733994915
qqq_dual_ma50_200_weekly_top10,0.0,2024-01,0.012476115398215554
qqq_dual_ma50_200_weekly_top10,0.0,2024-02,0.025757846363317384
qqq_dual_ma50_200_weekly_top10,0.0,2024-03,-0.021707933075666458
qqq_dual_ma50_200_weekly_top10,0.0,2024-04,-0.07944235008568877
qqq_dual_ma50_200_weekly_top10,0.0,2024-05,0.12249583499375817
qqq_dual_ma50_200_weekly_top10,0.0,2024-06,0.048915891949556395
qqq_dual_ma50_200_weekly_top10,0.0,2024-07,-0.12777012801820453
qqq_dual_ma50_200_weekly_top10,0.0,2024-08,-0.021475179251029833
qqq_dual_ma50_200_weekly_top10,0.0,2024-09,0.017100833987776586
qqq_dual_ma50_200_weekly_top10,0.0,2024-10,0.0050918955462904425
qqq_dual_ma50_200_weekly_top10,0.0,2024-11,0.07381841551313272
qqq_dual_ma50_200_weekly_top10,0.0,2024-12,0.02263115592518336
qqq_dual_ma50_200_weekly_top10,0.0,2025-01,0.01699842661091146
qqq_dual_ma50_200_weekly_top10,0.0,2025-02,-0.046944942995273437
qqq_dual_ma50_200_weekly_top10,0.0,2025-03,-0.11917268604112308
qqq_dual_ma50_200_weekly_top10,0.0,2025-04,0.13592134962922264
qqq_dual_ma50_200_weekly_top10,0.0,2025-05,0.08701599713269326
qqq_dual_ma50_200_weekly_top10,0.0,2025-06,0.04698461790615504
qqq_dual_ma50_200_weekly_top10,0.0,2025-07,-0.03493394960000589
qqq_dual_ma50_200_weekly_top10,0.0,2025-08,-0.0031190607641755283
qqq_dual_ma50_200_weekly_top10,0.0,2025-09,0.16347761803574595
qqq_dual_ma50_200_weekly_top10,0.0,2025-10,0.16309089405868904
qqq_dual_ma50_200_weekly_top10,0.0,2025-11,-0.045309285534636465
qqq_dual_ma50_200_weekly_top10,0.0,2025-12,0.07618522505005651
qqq_dual_ma50_200_weekly_top10,0.0,2026-01,0.16161564766791886
qqq_dual_ma50_200_weekly_top10,0.0,2026-02,-0.04291960558897571
qqq_dual_ma50_200_weekly_top10,0.0,2026-03,-0.02815145416532131
qqq_dual_ma50_200_weekly_top10,0.0,2026-04,0.3149690011234187
qqq_dual_ma50_200_weekly_top10,1.0,2019-06,0.0
qqq_dual_ma50_200_weekly_top10,1.0,2019-07,0.0
qqq_dual_ma50_200_weekly_top10,1.0,2019-08,0.0
qqq_dual_ma50_200_weekly_top10,1.0,2019-09,0.0
qqq_dual_ma50_200_weekly_top10,1.0,2019-10,0.0
qqq_dual_ma50_200_weekly_top10,1.0,2019-11,0.0
qqq_dual_ma50_200_weekly_top10,1.0,2019-12,0.0
qqq_dual_ma50_200_weekly_top10,1.0,2020-01,0.0
qqq_dual_ma50_200_weekly_top10,1.0,2020-02,0.0
qqq_dual_ma50_200_weekly_top10,1.0,2020-03,0.0
qqq_dual_ma50_200_weekly_top10,1.0,2020-04,0.05372336444078029
qqq_dual_ma50_200_weekly_top10,1.0,2020-05,0.11920764771214033
qqq_dual_ma50_200_weekly_top10,1.0,2020-06,0.1390623125613259
qqq_dual_ma50_200_weekly_top10,1.0,2020-07,0.12049104177446374
qqq_dual_ma50_200_weekly_top10,1.0,2020-08,0.1557315329385951
qqq_dual_ma50_200_weekly_top10,1.0,2020-09,-0.01638679010090245
qqq_dual_ma50_200_weekly_top10,1.0,2020-10,-0.003907542400855807
qqq_dual_ma50_200_weekly_top10,1.0,2020-11,0.2065066093595764
qqq_dual_ma50_200_weekly_top10,1.0,2020-12,0.023432319183438063
qqq_dual_ma50_200_weekly_top10,1.0,2021-01,0.08803673932745783
qqq_dual_ma50_200_weekly_top10,1.0,2021-02,0.015594238269884854
qqq_dual_ma50_200_weekly_top10,1.0,2021-03,-0.058363438868457365
qqq_dual_ma50_200_weekly_top10,1.0,2021-04,0.015159102948187586
qqq_dual_ma50_200_weekly_top10,1.0,2021-05,0.012798626899276183
qqq_dual_ma50_200_weekly_top10,1.0,2021-06,0.04339679764825827
qqq_dual_ma50_200_weekly_top10,1.0,2021-07,0.08897212055172737
qqq_dual_ma50_200_weekly_top10,1.0,2021-08,0.06596366254228549
qqq_dual_ma50_200_weekly_top10,1.0,2021-09,-0.0944141952412945
qqq_dual_ma50_200_weekly_top10,1.0,2021-10,0.07692871532529601
qqq_dual_ma50_200_weekly_top10,1.0,2021-11,0.0359170872544242
qqq_dual_ma50_200_weekly_top10,1.0,2021-12,-0.032558530658956926
qqq_dual_ma50_200_weekly_top10,1.0,2022-01,-0.16339568302114493
qqq_dual_ma50_200_weekly_top10,1.0,2022-02,0.011966757523193814
qqq_dual_ma50_200_weekly_top10,1.0,2022-03,0.05845107519939777
qqq_dual_ma50_200_weekly_top10,1.0,2022-04,-0.13913394394158998
qqq_dual_ma50_200_weekly_top10,1.0,2022-05,-0.02411595382984617
qqq_dual_ma50_200_weekly_top10,1.0,2022-06,-0.02109538008655989
qqq_dual_ma50_200_weekly_top10,1.0,2022-07,0.026491551931842314
qqq_dual_ma50_200_weekly_top10,1.0,2022-08,0.07610292252983283
qqq_dual_ma50_200_weekly_top10,1.0,2022-09,-0.053428270917650206
qqq_dual_ma50_200_weekly_top10,1.0,2022-10,0.07831959984783891
qqq_dual_ma50_200_weekly_top10,1.0,2022-11,0.09380708553506913
qqq_dual_ma50_200_weekly_top10,1.0,2022-12,-0.030825455434819904
qqq_dual_ma50_200_weekly_top10,1.0,2023-01,0.021763730442401732
qqq_dual_ma50_200_weekly_top10,1.0,2023-02,-0.05537080677870219
qqq_dual_ma50_200_weekly_top10,1.0,2023-03,0.05573428814610549
qqq_dual_ma50_200_weekly_top10,1.0,2023-04,-0.01806295221581588
qqq_dual_ma50_200_weekly_top10,1.0,2023-05,0.14358582093652666
qqq_dual_ma50_200_weekly_top10,1.0,2023-06,0.041670167459472114
qqq_dual_ma50_200_weekly_top10,1.0,2023-07,0.03034823365052223
qqq_dual_ma50_200_weekly_top10,1.0,2023-08,-0.0019230468182456634
qqq_dual_ma50_200_weekly_top10,1.0,2023-09,-0.06491819003188841
qqq_dual_ma50_200_weekly_top10,1.0,2023-10,-0.04551570745847034
qqq_dual_ma50_200_weekly_top10,1.0,2023-11,0.1672810625598778
qqq_dual_ma50_200_weekly_top10,1.0,2023-12,0.060565883733994914
qqq_dual_ma50_200_weekly_top10,1.0,2024-01,0.012276115398215545
qqq_dual_ma50_200_weekly_top10,1.0,2024-02,0.025557846363317385
qqq_dual_ma50_200_weekly_top10,1.0,2024-03,-0.021867933075666462
qqq_dual_ma50_200_weekly_top10,1.0,2024-04,-0.07960235008568878
qqq_dual_ma50_200_weekly_top10,1.0,2024-05,0.12237583499375818
qqq_dual_ma50_200_weekly_top10,1.0,2024-06,0.04877589194955639
qqq_dual_ma50_200_weekly_top10,1.0,2024-07,-0.12791012801820453
qqq_dual_ma50_200_weekly_top10,1.0,2024-08,-0.021615179251029834
qqq_dual_ma50_200_weekly_top10,1.0,2024-09,0.01674083398777659
qqq_dual_ma50_200_weekly_top10,1.0,2024-10,0.004891895546290442
qqq_dual_ma50_200_weekly_top10,1.0,2024-11,0.07371841551313271
qqq_dual_ma50_200_weekly_top10,1.0,2024-12,0.022391155925183363
qqq_dual_ma50_200_weekly_top10,1.0,2025-01,0.016898426610911454
qqq_dual_ma50_200_weekly_top10,1.0,2025-02,-0.04706494299527343
qqq_dual_ma50_200_weekly_top10,1.0,2025-03,-0.11931268604112308
qqq_dual_ma50_200_weekly_top10,1.0,2025-04,0.13582134962922265
qqq_dual_ma50_200_weekly_top10,1.0,2025-05,0.08697599713269326
qqq_dual_ma50_200_weekly_top10,1.0,2025-06,0.04680461790615504
qqq_dual_ma50_200_weekly_top10,1.0,2025-07,-0.03505394960000589
qqq_dual_ma50_200_weekly_top10,1.0,2025-08,-0.0032590607641755295
qqq_dual_ma50_200_weekly_top10,1.0,2025-09,0.16317761803574596
qqq_dual_ma50_200_weekly_top10,1.0,2025-10,0.16285089405868902
qqq_dual_ma50_200_weekly_top10,1.0,2025-11,-0.045409285534636454
qqq_dual_ma50_200_weekly_top10,1.0,2025-12,0.07606522505005651
qqq_dual_ma50_200_weekly_top10,1.0,2026-01,0.16157564766791888
qqq_dual_ma50_200_weekly_top10,1.0,2026-02,-0.042959605588975706
qqq_dual_ma50_200_weekly_top10,1.0,2026-03,-0.02821145416532129
qqq_dual_ma50_200_weekly_top10,1.0,2026-04,0.3148690011234187
qqq_dual_ma50_200_weekly_top10,2.0,2019-06,0.0
qqq_dual_ma50_200_weekly_top10,2.0,2019-07,0.0
qqq_dual_ma50_200_weekly_top10,2.0,2019-08,0.0
qqq_dual_ma50_200_weekly_top10,2.0,2019-09,0.0
qqq_dual_ma50_200_weekly_top10,2.0,2019-10,0.0
qqq_dual_ma50_200_weekly_top10,2.0,2019-11,0.0
qqq_dual_ma50_200_weekly_top10,2.0,2019-12,0.0
qqq_dual_ma50_200_weekly_top10,2.0,2020-01,0.0
qqq_dual_ma50_200_weekly_top10,2.0,2020-02,0.0
qqq_dual_ma50_200_weekly_top10,2.0,2020-03,0.0
qqq_dual_ma50_200_weekly_top10,2.0,2020-04,0.05358336444078028
qqq_dual_ma50_200_weekly_top10,2.0,2020-05,0.11912764771214034
qqq_dual_ma50_200_weekly_top10,2.0,2020-06,0.13890231256132587
qqq_dual_ma50_200_weekly_top10,2.0,2020-07,0.12043104177446375
qqq_dual_ma50_200_weekly_top10,2.0,2020-08,0.15559153293859512
qqq_dual_ma50_200_weekly_top10,2.0,2020-09,-0.016466790100902455
qqq_dual_ma50_200_weekly_top10,2.0,2020-10,-0.003967542400855804
qqq_dual_ma50_200_weekly_top10,2.0,2020-11,0.2063866093595764
qqq_dual_ma50_200_weekly_top10,2.0,2020-12,0.02331231918343807
qqq_dual_ma50_200_weekly_top10,2.0,2021-01,0.08793673932745782
qqq_dual_ma50_200_weekly_top10,2.0,2021-02,0.015514238269884857
qqq_dual_ma50_200_weekly_top10,2.0,2021-03,-0.05852343886845735
qqq_dual_ma50_200_weekly_top10,2.0,2021-04,0.01505910294818759
qqq_dual_ma50_200_weekly_top10,2.0,2021-05,0.012758626899276192
qqq_dual_ma50_200_weekly_top10,2.0,2021-06,0.04319679764825827
qqq_dual_ma50_200_weekly_top10,2.0,2021-07,0.08887212055172737
qqq_dual_ma50_200_weekly_top10,2.0,2021-08,0.0658236625422855
qqq_dual_ma50_200_weekly_top10,2.0,2021-09,-0.0944941952412945
qqq_dual_ma50_200_weekly_top10,2.0,2021-10,0.076808715325296
qqq_dual_ma50_200_weekly_top10,2.0,2021-11,0.03573708725442419
qqq_dual_ma50_200_weekly_top10,2.0,2021-12,-0.03277853065895693
qqq_dual_ma50_200_weekly_top10,2.0,2022-01,-0.1634756830211449
qqq_dual_ma50_200_weekly_top10,2.0,2022-02,0.01182675752319382
qqq_dual_ma50_200_weekly_top10,2.0,2022-03,0.05829107519939776
qqq_dual_ma50_200_weekly_top10,2.0,2022-04,-0.13927394394158998
qqq_dual_ma50_200_weekly_top10,2.0,2022-05,-0.024215953829846166
qqq_dual_ma50_200_weekly_top10,2.0,2022-06,-0.02127704675322656
qqq_dual_ma50_200_weekly_top10,2.0,2022-07,0.02637155193184231
qqq_dual_ma50_200_weekly_top10,2.0,2022-08,0.07587292252983284
qqq_dual_ma50_200_weekly_top10,2.0,2022-09,-0.05358319155257084
qqq_dual_ma50_200_weekly_top10,2.0,2022-10,0.07815515540339447
qqq_dual_ma50_200_weekly_top10,2.0,2022-11,0.09374708553506914
qqq_dual_ma50_200_weekly_top10,2.0,2022-12,-0.0309254554348199
qqq_dual_ma50_200_weekly_top10,2.0,2023-01,0.021663730442401725
qqq_dual_ma50_200_weekly_top10,2.0,2023-02,-0.05551080677870218
qqq_dual_ma50_200_weekly_top10,2.0,2023-03,0.05559428814610549
qqq_dual_ma50_200_weekly_top10,2.0,2023-04,-0.018182952215815878
qqq_dual_ma50_200_weekly_top10,2.0,2023-05,0.14344582093652666
qqq_dual_ma50_200_weekly_top10,2.0,2023-06,0.041510167459472114
qqq_dual_ma50_200_weekly_top10,2.0,2023-07,0.030068233650522226
qqq_dual_ma50_200_weekly_top10,2.0,2023-08,-0.002103046818245649
qqq_dual_ma50_200_weekly_top10,2.0,2023-09,-0.0651381900318884
qqq_dual_ma50_200_weekly_top10,2.0,2023-10,-0.045795707458470336
qqq_dual_ma50_200_weekly_top10,2.0,2023-11,0.1671410625598778
qqq_dual_ma50_200_weekly_top10,2.0,2023-12,0.060405883733994914
qqq_dual_ma50_200_weekly_top10,2.0,2024-01,0.01207611539821555
qqq_dual_ma50_200_weekly_top10,2.0,2024-02,0.025357846363317386
qqq_dual_ma50_200_weekly_top10,2.0,2024-03,-0.022027933075666462
qqq_dual_ma50_200_weekly_top10,2.0,2024-04,-0.07976235008568877
qqq_dual_ma50_200_weekly_top10,2.0,2024-05,0.12225583499375817
qqq_dual_ma50_200_weekly_top10,2.0,2024-06,0.04863589194955639
qqq_dual_ma50_200_weekly_top10,2.0,2024-07,-0.12805012801820453
qqq_dual_ma50_200_weekly_top10,2.0,2024-08,-0.021755179251029842
qqq_dual_ma50_200_weekly_top10,2.0,2024-09,0.016380833987776587
qqq_dual_ma50_200_weekly_top10,2.0,2024-10,0.0046918955462904414
qqq_dual_ma50_200_weekly_top10,2.0,2024-11,0.07361841551313272
qqq_dual_ma50_200_weekly_top10,2.0,2024-12,0.022151155925183366
qqq_dual_ma50_200_weekly_top10,2.0,2025-01,0.01679842661091145
qqq_dual_ma50_200_weekly_top10,2.0,2025-02,-0.04718494299527344
qqq_dual_ma50_200_weekly_top10,2.0,2025-03,-0.11945268604112307
qqq_dual_ma50_200_weekly_top10,2.0,2025-04,0.13572134962922267
qqq_dual_ma50_200_weekly_top10,2.0,2025-05,0.08693599713269326
qqq_dual_ma50_200_weekly_top10,2.0,2025-06,0.04662461790615504
qqq_dual_ma50_200_weekly_top10,2.0,2025-07,-0.035173949600005895
qqq_dual_ma50_200_weekly_top10,2.0,2025-08,-0.0033990607641755273
qqq_dual_ma50_200_weekly_top10,2.0,2025-09,0.16287761803574596
qqq_dual_ma50_200_weekly_top10,2.0,2025-10,0.16261089405868903
qqq_dual_ma50_200_weekly_top10,2.0,2025-11,-0.045509285534636464
qqq_dual_ma50_200_weekly_top10,2.0,2025-12,0.0759452250500565
qqq_dual_ma50_200_weekly_top10,2.0,2026-01,0.16153564766791886
qqq_dual_ma50_200_weekly_top10,2.0,2026-02,-0.042999605588975705
qqq_dual_ma50_200_weekly_top10,2.0,2026-03,-0.028271454165321307
qqq_dual_ma50_200_weekly_top10,2.0,2026-04,0.3147690011234187
qqq_dual_ma50_200_weekly_top10,5.0,2019-06,0.0
qqq_dual_ma50_200_weekly_top10,5.0,2019-07,0.0
qqq_dual_ma50_200_weekly_top10,5.0,2019-08,0.0
qqq_dual_ma50_200_weekly_top10,5.0,2019-09,0.0
qqq_dual_ma50_200_weekly_top10,5.0,2019-10,0.0
qqq_dual_ma50_200_weekly_top10,5.0,2019-11,0.0
qqq_dual_ma50_200_weekly_top10,5.0,2019-12,0.0
qqq_dual_ma50_200_weekly_top10,5.0,2020-01,0.0
qqq_dual_ma50_200_weekly_top10,5.0,2020-02,0.0
qqq_dual_ma50_200_weekly_top10,5.0,2020-03,0.0
qqq_dual_ma50_200_weekly_top10,5.0,2020-04,0.053163364440780285
qqq_dual_ma50_200_weekly_top10,5.0,2020-05,0.11888764771214035
qqq_dual_ma50_200_weekly_top10,5.0,2020-06,0.13842231256132587
qqq_dual_ma50_200_weekly_top10,5.0,2020-07,0.12025104177446375
qqq_dual_ma50_200_weekly_top10,5.0,2020-08,0.1551715329385951
qqq_dual_ma50_200_weekly_top10,5.0,2020-09,-0.016706790100902452
qqq_dual_ma50_200_weekly_top10,5.0,2020-10,-0.004147542400855804
qqq_dual_ma50_200_weekly_top10,5.0,2020-11,0.2060266093595764
qqq_dual_ma50_200_weekly_top10,5.0,2020-12,0.022952319183438062
qqq_dual_ma50_200_weekly_top10,5.0,2021-01,0.08763673932745783
qqq_dual_ma50_200_weekly_top10,5.0,2021-02,0.015274238269884853
qqq_dual_ma50_200_weekly_top10,5.0,2021-03,-0.05900343886845737
qqq_dual_ma50_200_weekly_top10,5.0,2021-04,0.014759102948187589
qqq_dual_ma50_200_weekly_top10,5.0,2021-05,0.012638626899276187
qqq_dual_ma50_200_weekly_top10,5.0,2021-06,0.042596797648258265
qqq_dual_ma50_200_weekly_top10,5.0,2021-07,0.08857212055172736
qqq_dual_ma50_200_weekly_top10,5.0,2021-08,0.0654036625422855
qqq_dual_ma50_200_weekly_top10,5.0,2021-09,-0.0947341952412945
qqq_dual_ma50_200_weekly_top10,5.0,2021-10,0.076448715325296
qqq_dual_ma50_200_weekly_top10,5.0,2021-11,0.0351970872544242
qqq_dual_ma50_200_weekly_top10,5.0,2021-12,-0.033438530658956925
qqq_dual_ma50_200_weekly_top10,5.0,2022-01,-0.16371568302114492
qqq_dual_ma50_200_weekly_top10,5.0,2022-02,0.011406757523193808
qqq_dual_ma50_200_weekly_top10,5.0,2022-03,0.05781107519939775
qqq_dual_ma50_200_weekly_top10,5.0,2022-04,-0.13969394394159
qqq_dual_ma50_200_weekly_top10,5.0,2022-05,-0.024515953829846168
qqq_dual_ma50_200_weekly_top10,5.0,2022-06,-0.02182204675322656
qqq_dual_ma50_200_weekly_top10,5.0,2022-07,0.026011551931842312
qqq_dual_ma50_200_weekly_top10,5.0,2022-08,0.07518292252983283
qqq_dual_ma50_200_weekly_top10,5.0,2022-09,-0.054047953457332744
qqq_dual_ma50_200_weekly_top10,5.0,2022-10,0.07766182207006113
qqq_dual_ma50_200_weekly_top10,5.0,2022-11,0.09356708553506914
qqq_dual_ma50_200_weekly_top10,5.0,2022-12,-0.03122545543481991
qqq_dual_ma50_200_weekly_top10,5.0,2023-01,0.021363730442401734
qqq_dual_ma50_200_weekly_top10,5.0,2023-02,-0.055930806778702186
qqq_dual_ma50_200_weekly_top10,5.0,2023-03,0.055174288146105484
qqq_dual_ma50_200_weekly_top10,5.0,2023-04,-0.018542952215815877
qqq_dual_ma50_200_weekly_top10,5.0,2023-05,0.1430258209365267
qqq_dual_ma50_200_weekly_top10,5.0,2023-06,0.04103016745947211
qqq_dual_ma50_200_weekly_top10,5.0,2023-07,0.029228233650522226
qqq_dual_ma50_200_weekly_top10,5.0,2023-08,-0.002643046818245648
qqq_dual_ma50_200_weekly_top10,5.0,2023-09,-0.0657981900318884
qqq_dual_ma50_200_weekly_top10,5.0,2023-10,-0.04663570745847034
qqq_dual_ma50_200_weekly_top10,5.0,2023-11,0.1667210625598778
qqq_dual_ma50_200_weekly_top10,5.0,2023-12,0.05992588373399492
qqq_dual_ma50_200_weekly_top10,5.0,2024-01,0.011476115398215546
qqq_dual_ma50_200_weekly_top10,5.0,2024-02,0.024757846363317383
qqq_dual_ma50_200_weekly_top10,5.0,2024-03,-0.02250793307566646
qqq_dual_ma50_200_weekly_top10,5.0,2024-04,-0.08024235008568878
qqq_dual_ma50_200_weekly_top10,5.0,2024-05,0.12189583499375817
qqq_dual_ma50_200_weekly_top10,5.0,2024-06,0.04821589194955638
qqq_dual_ma50_200_weekly_top10,5.0,2024-07,-0.12847012801820454
qqq_dual_ma50_200_weekly_top10,5.0,2024-08,-0.02217517925102984
qqq_dual_ma50_200_weekly_top10,5.0,2024-09,0.01530083398777658
qqq_dual_ma50_200_weekly_top10,5.0,2024-10,0.004091895546290442
qqq_dual_ma50_200_weekly_top10,5.0,2024-11,0.07331841551313271
qqq_dual_ma50_200_weekly_top10,5.0,2024-12,0.021431155925183368
qqq_dual_ma50_200_weekly_top10,5.0,2025-01,0.016498426610911453
qqq_dual_ma50_200_weekly_top10,5.0,2025-02,-0.04754494299527344
qqq_dual_ma50_200_weekly_top10,5.0,2025-03,-0.11987268604112307
qqq_dual_ma50_200_weekly_top10,5.0,2025-04,0.13542134962922264
qqq_dual_ma50_200_weekly_top10,5.0,2025-05,0.08681599713269327
qqq_dual_ma50_200_weekly_top10,5.0,2025-06,0.046084617906155034
qqq_dual_ma50_200_weekly_top10,5.0,2025-07,-0.0355339496000059
qqq_dual_ma50_200_weekly_top10,5.0,2025-08,-0.003819060764175524
qqq_dual_ma50_200_weekly_top10,5.0,2025-09,0.16197761803574595
qqq_dual_ma50_200_weekly_top10,5.0,2025-10,0.16189089405868903
qqq_dual_ma50_200_weekly_top10,5.0,2025-11,-0.045809285534636465
qqq_dual_ma50_200_weekly_top10,5.0,2025-12,0.0755852250500565
qqq_dual_ma50_200_weekly_top10,5.0,2026-01,0.16141564766791888
qqq_dual_ma50_200_weekly_top10,5.0,2026-02,-0.04311960558897571
qqq_dual_ma50_200_weekly_top10,5.0,2026-03,-0.028451454165321306
qqq_dual_ma50_200_weekly_top10,5.0,2026-04,0.3144690011234187
qqq_dual_ma50_200_weekly_top10,10.0,2019-06,0.0
qqq_dual_ma50_200_weekly_top10,10.0,2019-07,0.0
qqq_dual_ma50_200_weekly_top10,10.0,2019-08,0.0
qqq_dual_ma50_200_weekly_top10,10.0,2019-09,0.0
qqq_dual_ma50_200_weekly_top10,10.0,2019-10,0.0
qqq_dual_ma50_200_weekly_top10,10.0,2019-11,0.0
qqq_dual_ma50_200_weekly_top10,10.0,2019-12,0.0
qqq_dual_ma50_200_weekly_top10,10.0,2020-01,0.0
qqq_dual_ma50_200_weekly_top10,10.0,2020-02,0.0
qqq_dual_ma50_200_weekly_top10,10.0,2020-03,0.0
qqq_dual_ma50_200_weekly_top10,10.0,2020-04,0.05246336444078029
qqq_dual_ma50_200_weekly_top10,10.0,2020-05,0.11848764771214033
qqq_dual_ma50_200_weekly_top10,10.0,2020-06,0.13762231256132587
qqq_dual_ma50_200_weekly_top10,10.0,2020-07,0.11995104177446374
qqq_dual_ma50_200_weekly_top10,10.0,2020-08,0.1544715329385951
qqq_dual_ma50_200_weekly_top10,10.0,2020-09,-0.01710679010090245
qqq_dual_ma50_200_weekly_top10,10.0,2020-10,-0.004447542400855806
qqq_dual_ma50_200_weekly_top10,10.0,2020-11,0.2054266093595764
qqq_dual_ma50_200_weekly_top10,10.0,2020-12,0.022352319183438066
qqq_dual_ma50_200_weekly_top10,10.0,2021-01,0.08713673932745783
qqq_dual_ma50_200_weekly_top10,10.0,2021-02,0.014874238269884855
qqq_dual_ma50_200_weekly_top10,10.0,2021-03,-0.05980343886845736
qqq_dual_ma50_200_weekly_top10,10.0,2021-04,0.014259102948187588
qqq_dual_ma50_200_weekly_top10,10.0,2021-05,0.012438626899276184
qqq_dual_ma50_200_weekly_top10,10.0,2021-06,0.041596797648258264
qqq_dual_ma50_200_weekly_top10,10.0,2021-07,0.08807212055172736
qqq_dual_ma50_200_weekly_top10,10.0,2021-08,0.06470366254228549
qqq_dual_ma50_200_weekly_top10,10.0,2021-09,-0.0951341952412945
qqq_dual_ma50_200_weekly_top10,10.0,2021-10,0.07584871532529601
qqq_dual_ma50_200_weekly_top10,10.0,2021-11,0.0342970872544242
qqq_dual_ma50_200_weekly_top10,10.0,2021-12,-0.03453853065895693
qqq_dual_ma50_200_weekly_top10,10.0,2022-01,-0.16411568302114493
qqq_dual_ma50_200_weekly_top10,10.0,2022-02,0.010706757523193817
qqq_dual_ma50_200_weekly_top10,10.0,2022-03,0.05701107519939776
qqq_dual_ma50_200_weekly_top10,10.0,2022-04,-0.14039394394158997
qqq_dual_ma50_200_weekly_top10,10.0,2022-05,-0.025015953829846168
qqq_dual_ma50_200_weekly_top10,10.0,2022-06,-0.02273038008655989
qqq_dual_ma50_200_weekly_top10,10.0,2022-07,0.025411551931842316
qqq_dual_ma50_200_weekly_top10,10.0,2022-08,0.07403292252983282
qqq_dual_ma50_200_weekly_top10,10.0,2022-09,-0.054822556631935915
qqq_dual_ma50_200_weekly_top10,10.0,2022-10,0.0768395998478389
qqq_dual_ma50_200_weekly_top10,10.0,2022-11,0.09326708553506913
qqq_dual_ma50_200_weekly_top10,10.0,2022-12,-0.0317254554348199
qqq_dual_ma50_200_weekly_top10,10.0,2023-01,0.02086373044240173
qqq_dual_ma50_200_weekly_top10,10.0,2023-02,-0.056630806778702185
qqq_dual_ma50_200_weekly_top10,10.0,2023-03,0.054474288146105485
qqq_dual_ma50_200_weekly_top10,10.0,2023-04,-0.01914295221581588
qqq_dual_ma50_200_weekly_top10,10.0,2023-05,0.14232582093652668
qqq_dual_ma50_200_weekly_top10,10.0,2023-06,0.04023016745947212
qqq_dual_ma50_200_weekly_top10,10.0,2023-07,0.02782823365052222
qqq_dual_ma50_200_weekly_top10,10.0,2023-08,-0.00354304681824566
qqq_dual_ma50_200_weekly_top10,10.0,2023-09,-0.0668981900318884
qqq_dual_ma50_200_weekly_top10,10.0,2023-10,-0.04803570745847034
qqq_dual_ma50_200_weekly_top10,10.0,2023-11,0.1660210625598778
qqq_dual_ma50_200_weekly_top10,10.0,2023-12,0.05912588373399491
qqq_dual_ma50_200_weekly_top10,10.0,2024-01,0.010476115398215545
qqq_dual_ma50_200_weekly_top10,10.0,2024-02,0.02375784636331739
qqq_dual_ma50_200_weekly_top10,10.0,2024-03,-0.023307933075666466
qqq_dual_ma50_200_weekly_top10,10.0,2024-04,-0.08104235008568877
qqq_dual_ma50_200_weekly_top10,10.0,2024-05,0.12129583499375816
qqq_dual_ma50_200_weekly_top10,10.0,2024-06,0.04751589194955639
qqq_dual_ma50_200_weekly_top10,10.0,2024-07,-0.12917012801820454
qqq_dual_ma50_200_weekly_top10,10.0,2024-08,-0.022875179251029838
qqq_dual_ma50_200_weekly_top10,10.0,2024-09,0.01350083398777659
qqq_dual_ma50_200_weekly_top10,10.0,2024-10,0.0030918955462904407
qqq_dual_ma50_200_weekly_top10,10.0,2024-11,0.07281841551313273
qqq_dual_ma50_200_weekly_top10,10.0,2024-12,0.020231155925183365
qqq_dual_ma50_200_weekly_top10,10.0,2025-01,0.015998426610911456
qqq_dual_ma50_200_weekly_top10,10.0,2025-02,-0.04814494299527343
qqq_dual_ma50_200_weekly_top10,10.0,2025-03,-0.12057268604112309
qqq_dual_ma50_200_weekly_top10,10.0,2025-04,0.13492134962922264
qqq_dual_ma50_200_weekly_top10,10.0,2025-05,0.08661599713269326
qqq_dual_ma50_200_weekly_top10,10.0,2025-06,0.045184617906155036
qqq_dual_ma50_200_weekly_top10,10.0,2025-07,-0.03613394960000589
qqq_dual_ma50_200_weekly_top10,10.0,2025-08,-0.00451906076417553
qqq_dual_ma50_200_weekly_top10,10.0,2025-09,0.16047761803574598
qqq_dual_ma50_200_weekly_top10,10.0,2025-10,0.16069089405868903
qqq_dual_ma50_200_weekly_top10,10.0,2025-11,-0.04630928553463646
qqq_dual_ma50_200_weekly_top10,10.0,2025-12,0.07498522505005652
qqq_dual_ma50_200_weekly_top10,10.0,2026-01,0.16121564766791885
qqq_dual_ma50_200_weekly_top10,10.0,2026-02,-0.043319605588975706
qqq_dual_ma50_200_weekly_top10,10.0,2026-03,-0.0287514541653213
qqq_dual_ma50_200_weekly_top10,10.0,2026-04,0.3139690011234187
qqq_dual_ma50_200_weekly_top2,0.0,2019-06,0.0
qqq_dual_ma50_200_weekly_top2,0.0,2019-07,0.0
qqq_dual_ma50_200_weekly_top2,0.0,2019-08,0.0
qqq_dual_ma50_200_weekly_top2,0.0,2019-09,0.0
qqq_dual_ma50_200_weekly_top2,0.0,2019-10,0.0
qqq_dual_ma50_200_weekly_top2,0.0,2019-11,0.0
qqq_dual_ma50_200_weekly_top2,0.0,2019-12,0.0
qqq_dual_ma50_200_weekly_top2,0.0,2020-01,0.0
qqq_dual_ma50_200_weekly_top2,0.0,2020-02,0.0
qqq_dual_ma50_200_weekly_top2,0.0,2020-03,0.0
qqq_dual_ma50_200_weekly_top2,0.0,2020-04,0.11149492739857675
qqq_dual_ma50_200_weekly_top2,0.0,2020-05,0.1825896693567612
qqq_dual_ma50_200_weekly_top2,0.0,2020-06,0.16839194788292444
qqq_dual_ma50_200_weekly_top2,0.0,2020-07,0.15864990361312298
qqq_dual_ma50_200_weekly_top2,0.0,2020-08,0.24018651839014926
qqq_dual_ma50_200_weekly_top2,0.0,2020-09,0.06402161091213754
qqq_dual_ma50_200_weekly_top2,0.0,2020-10,-0.0738954751884725
qqq_dual_ma50_200_weekly_top2,0.0,2020-11,0.20564468781951634
qqq_dual_ma50_200_weekly_top2,0.0,2020-12,-0.011730290701495727
qqq_dual_ma50_200_weekly_top2,0.0,2021-01,0.1716751953805355
qqq_dual_ma50_200_weekly_top2,0.0,2021-02,-0.15956941420000176
qqq_dual_ma50_200_weekly_top2,0.0,2021-03,-0.09267083892173839
qqq_dual_ma50_200_weekly_top2,0.0,2021-04,0.0974132183313477
qqq_dual_ma50_200_weekly_top2,0.0,2021-05,-0.0041416785078514096
qqq_dual_ma50_200_weekly_top2,0.0,2021-06,0.14172629469274384
qqq_dual_ma50_200_weekly_top2,0.0,2021-07,-0.01930180318622332
qqq_dual_ma50_200_weekly_top2,0.0,2021-08,0.08378078861520011
qqq_dual_ma50_200_weekly_top2,0.0,2021-09,-0.055121248585160765
qqq_dual_ma50_200_weekly_top2,0.0,2021-10,0.08868265020571481
qqq_dual_ma50_200_weekly_top2,0.0,2021-11,0.16718201713376746
qqq_dual_ma50_200_weekly_top2,0.0,2021-12,-0.05750489338130771
qqq_dual_ma50_200_weekly_top2,0.0,2022-01,-0.030483648251307616
qqq_dual_ma50_200_weekly_top2,0.0,2022-02,-0.04655692241011855
qqq_dual_ma50_200_weekly_top2,0.0,2022-03,0.10039918578088758
qqq_dual_ma50_200_weekly_top2,0.0,2022-04,-0.1631640573085198
qqq_dual_ma50_200_weekly_top2,0.0,2022-05,-0.2188031130653726
qqq_dual_ma50_200_weekly_top2,0.0,2022-06,-0.07918577021365203
qqq_dual_ma50_200_weekly_top2,0.0,2022-07,0.024650671256087553
qqq_dual_ma50_200_weekly_top2,0.0,2022-08,0.00220741145987452
qqq_dual_ma50_200_weekly_top2,0.0,2022-09,-0.014932308884538115
qqq_dual_ma50_200_weekly_top2,0.0,2022-10,0.04287748422642523
qqq_dual_ma50_200_weekly_top2,0.0,2022-11,0.16880289740871124
qqq_dual_ma50_200_weekly_top2,0.0,2022-12,-0.0684417688671477
qqq_dual_ma50_200_weekly_top2,0.0,2023-01,0.03779054738963661
qqq_dual_ma50_200_weekly_top2,0.0,2023-02,-0.024793470233371584
qqq_dual_ma50_200_weekly_top2,0.0,2023-03,-0.0652587993785726
qqq_dual_ma50_200_weekly_top2,0.0,2023-04,0.012763956599247672
qqq_dual_ma50_200_weekly_top2,0.0,2023-05,0.2398750380107353
qqq_dual_ma50_200_weekly_top2,0.0,2023-06,0.09233123458547488
qqq_dual_ma50_200_weekly_top2,0.0,2023-07,0.10026187145112053
qqq_dual_ma50_200_weekly_top2,0.0,2023-08,0.01143000356403423
qqq_dual_ma50_200_weekly_top2,0.0,2023-09,-0.05048645690452391
qqq_dual_ma50_200_weekly_top2,0.0,2023-10,-0.01354702391734558
qqq_dual_ma50_200_weekly_top2,0.0,2023-11,0.24406344006585795
qqq_dual_ma50_200_weekly_top2,0.0,2023-12,-0.016441004734206788
qqq_dual_ma50_200_weekly_top2,0.0,2024-01,0.00866989990492717
qqq_dual_ma50_200_weekly_top2,0.0,2024-02,0.050373457068243754
qqq_dual_ma50_200_weekly_top2,0.0,2024-03,-0.04795402883899058
qqq_dual_ma50_200_weekly_top2,0.0,2024-04,-0.1181503856964643
qqq_dual_ma50_200_weekly_top2,0.0,2024-05,0.22951537029305163
qqq_dual_ma50_200_weekly_top2,0.0,2024-06,0.0062489858279848876
qqq_dual_ma50_200_weekly_top2,0.0,2024-07,-0.12901550849838245
qqq_dual_ma50_200_weekly_top2,0.0,2024-08,-0.08395613424203818
qqq_dual_ma50_200_weekly_top2,0.0,2024-09,0.20686912350536307
qqq_dual_ma50_200_weekly_top2,0.0,2024-10,0.12106406410696052
qqq_dual_ma50_200_weekly_top2,0.0,2024-11,-0.018030240024971
qqq_dual_ma50_200_weekly_top2,0.0,2024-12,0.035656638002877716
qqq_dual_ma50_200_weekly_top2,0.0,2025-01,0.07181286934486075
qqq_dual_ma50_200_weekly_top2,0.0,2025-02,0.07221339784545722
qqq_dual_ma50_200_weekly_top2,0.0,2025-03,-0.12006313533378593
qqq_dual_ma50_200_weekly_top2,0.0,2025-04,0.29114333398860837
qqq_dual_ma50_200_weekly_top2,0.0,2025-05,0.2296097963654259
qqq_dual_ma50_200_weekly_top2,0.0,2025-06,-0.001856270574638219
qqq_dual_ma50_200_weekly_top2,0.0,2025-07,0.05144951248555779
qqq_dual_ma50_200_weekly_top2,0.0,2025-08,-0.03285307051727626
qqq_dual_ma50_200_weekly_top2,0.0,2025-09,0.09173919296453686
qqq_dual_ma50_200_weekly_top2,0.0,2025-10,0.3029011494371269
qqq_dual_ma50_200_weekly_top2,0.0,2025-11,-0.1092462539033085
qqq_dual_ma50_200_weekly_top2,0.0,2025-12,0.14325447949582737
qqq_dual_ma50_200_weekly_top2,0.0,2026-01,0.1983123117894799
qqq_dual_ma50_200_weekly_top2,0.0,2026-02,0.09195927869096682
qqq_dual_ma50_200_weekly_top2,0.0,2026-03,-0.02313625039039713
qqq_dual_ma50_200_weekly_top2,0.0,2026-04,0.4730025959301498
qqq_dual_ma50_200_weekly_top2,1.0,2019-06,0.0
qqq_dual_ma50_200_weekly_top2,1.0,2019-07,0.0
qqq_dual_ma50_200_weekly_top2,1.0,2019-08,0.0
qqq_dual_ma50_200_weekly_top2,1.0,2019-09,0.0
qqq_dual_ma50_200_weekly_top2,1.0,2019-10,0.0
qqq_dual_ma50_200_weekly_top2,1.0,2019-11,0.0
qqq_dual_ma50_200_weekly_top2,1.0,2019-12,0.0
qqq_dual_ma50_200_weekly_top2,1.0,2020-01,0.0
qqq_dual_ma50_200_weekly_top2,1.0,2020-02,0.0
qqq_dual_ma50_200_weekly_top2,1.0,2020-03,0.0
qqq_dual_ma50_200_weekly_top2,1.0,2020-04,0.11129492739857674
qqq_dual_ma50_200_weekly_top2,1.0,2020-05,0.18228966935676116
qqq_dual_ma50_200_weekly_top2,1.0,2020-06,0.16819194788292444
qqq_dual_ma50_200_weekly_top2,1.0,2020-07,0.158549903613123
qqq_dual_ma50_200_weekly_top2,1.0,2020-08,0.24018651839014926
qqq_dual_ma50_200_weekly_top2,1.0,2020-09,0.06382161091213753
qqq_dual_ma50_200_weekly_top2,1.0,2020-10,-0.0739954751884725
qqq_dual_ma50_200_weekly_top2,1.0,2020-11,0.20564468781951634
qqq_dual_ma50_200_weekly_top2,1.0,2020-12,-0.011730290701495727
qqq_dual_ma50_200_weekly_top2,1.0,2021-01,0.1714751953805355
qqq_dual_ma50_200_weekly_top2,1.0,2021-02,-0.15956941420000176
qqq_dual_ma50_200_weekly_top2,1.0,2021-03,-0.09287083892173839
qqq_dual_ma50_200_weekly_top2,1.0,2021-04,0.09731321833134769
qqq_dual_ma50_200_weekly_top2,1.0,2021-05,-0.004441678507851418
qqq_dual_ma50_200_weekly_top2,1.0,2021-06,0.14172629469274384
qqq_dual_ma50_200_weekly_top2,1.0,2021-07,-0.01960180318622333
qqq_dual_ma50_200_weekly_top2,1.0,2021-08,0.0834807886152001
qqq_dual_ma50_200_weekly_top2,1.0,2021-09,-0.05542124858516077
qqq_dual_ma50_200_weekly_top2,1.0,2021-10,0.08868265020571481
qqq_dual_ma50_200_weekly_top2,1.0,2021-11,0.16718201713376746
qqq_dual_ma50_200_weekly_top2,1.0,2021-12,-0.057704893381307715
qqq_dual_ma50_200_weekly_top2,1.0,2022-01,-0.031183648251307622
qqq_dual_ma50_200_weekly_top2,1.0,2022-02,-0.04675692241011856
qqq_dual_ma50_200_weekly_top2,1.0,2022-03,0.09999918578088758
qqq_dual_ma50_200_weekly_top2,1.0,2022-04,-0.1636640573085198
qqq_dual_ma50_200_weekly_top2,1.0,2022-05,-0.21910311306537258
qqq_dual_ma50_200_weekly_top2,1.0,2022-06,-0.07978577021365202
qqq_dual_ma50_200_weekly_top2,1.0,2022-07,0.024350671256087555
qqq_dual_ma50_200_weekly_top2,1.0,2022-08,0.002007411459874521
qqq_dual_ma50_200_weekly_top2,1.0,2022-09,-0.015232308884538113
qqq_dual_ma50_200_weekly_top2,1.0,2022-10,0.04277748422642523
qqq_dual_ma50_200_weekly_top2,1.0,2022-11,0.16850289740871124
qqq_dual_ma50_200_weekly_top2,1.0,2022-12,-0.0685417688671477
qqq_dual_ma50_200_weekly_top2,1.0,2023-01,0.037690547389636606
qqq_dual_ma50_200_weekly_top2,1.0,2023-02,-0.024893470233371587
qqq_dual_ma50_200_weekly_top2,1.0,2023-03,-0.0652587993785726
qqq_dual_ma50_200_weekly_top2,1.0,2023-04,0.012363956599247668
qqq_dual_ma50_200_weekly_top2,1.0,2023-05,0.23947503801073527
qqq_dual_ma50_200_weekly_top2,1.0,2023-06,0.09233123458547488
qqq_dual_ma50_200_weekly_top2,1.0,2023-07,0.10026187145112053
qqq_dual_ma50_200_weekly_top2,1.0,2023-08,0.011230003564034224
qqq_dual_ma50_200_weekly_top2,1.0,2023-09,-0.05048645690452391
qqq_dual_ma50_200_weekly_top2,1.0,2023-10,-0.013747023917345585
qqq_dual_ma50_200_weekly_top2,1.0,2023-11,0.24396344006585796
qqq_dual_ma50_200_weekly_top2,1.0,2023-12,-0.016541004734206787
qqq_dual_ma50_200_weekly_top2,1.0,2024-01,0.008569899904927167
qqq_dual_ma50_200_weekly_top2,1.0,2024-02,0.050373457068243754
qqq_dual_ma50_200_weekly_top2,1.0,2024-03,-0.04825402883899058
qqq_dual_ma50_200_weekly_top2,1.0,2024-04,-0.1182503856964643
qqq_dual_ma50_200_weekly_top2,1.0,2024-05,0.22921537029305164
qqq_dual_ma50_200_weekly_top2,1.0,2024-06,0.005948985827984879
qqq_dual_ma50_200_weekly_top2,1.0,2024-07,-0.12921550849838245
qqq_dual_ma50_200_weekly_top2,1.0,2024-08,-0.08415613424203819
qqq_dual_ma50_200_weekly_top2,1.0,2024-09,0.20666912350536307
qqq_dual_ma50_200_weekly_top2,1.0,2024-10,0.12066406410696053
qqq_dual_ma50_200_weekly_top2,1.0,2024-11,-0.018430240024971012
qqq_dual_ma50_200_weekly_top2,1.0,2024-12,0.03545663800287771
qqq_dual_ma50_200_weekly_top2,1.0,2025-01,0.07181286934486075
qqq_dual_ma50_200_weekly_top2,1.0,2025-02,0.07201339784545722
qqq_dual_ma50_200_weekly_top2,1.0,2025-03,-0.12006313533378593
qqq_dual_ma50_200_weekly_top2,1.0,2025-04,0.29114333398860837
qqq_dual_ma50_200_weekly_top2,1.0,2025-05,0.2296097963654259
qqq_dual_ma50_200_weekly_top2,1.0,2025-06,-0.0021562705746382173
qqq_dual_ma50_200_weekly_top2,1.0,2025-07,0.05134951248555779
qqq_dual_ma50_200_weekly_top2,1.0,2025-08,-0.03305307051727627
qqq_dual_ma50_200_weekly_top2,1.0,2025-09,0.09143919296453686
qqq_dual_ma50_200_weekly_top2,1.0,2025-10,0.3027011494371269
qqq_dual_ma50_200_weekly_top2,1.0,2025-11,-0.10954625390330851
qqq_dual_ma50_200_weekly_top2,1.0,2025-12,0.14295447949582737
qqq_dual_ma50_200_weekly_top2,1.0,2026-01,0.1982123117894799
qqq_dual_ma50_200_weekly_top2,1.0,2026-02,0.09185927869096681
qqq_dual_ma50_200_weekly_top2,1.0,2026-03,-0.02313625039039713
qqq_dual_ma50_200_weekly_top2,1.0,2026-04,0.4729025959301498
qqq_dual_ma50_200_weekly_top2,2.0,2019-06,0.0
qqq_dual_ma50_200_weekly_top2,2.0,2019-07,0.0
qqq_dual_ma50_200_weekly_top2,2.0,2019-08,0.0
qqq_dual_ma50_200_weekly_top2,2.0,2019-09,0.0
qqq_dual_ma50_200_weekly_top2,2.0,2019-10,0.0
qqq_dual_ma50_200_weekly_top2,2.0,2019-11,0.0
qqq_dual_ma50_200_weekly_top2,2.0,2019-12,0.0
qqq_dual_ma50_200_weekly_top2,2.0,2020-01,0.0
qqq_dual_ma50_200_weekly_top2,2.0,2020-02,0.0
qqq_dual_ma50_200_weekly_top2,2.0,2020-03,0.0
qqq_dual_ma50_200_weekly_top2,2.0,2020-04,0.11109492739857674
qqq_dual_ma50_200_weekly_top2,2.0,2020-05,0.1819896693567612
qqq_dual_ma50_200_weekly_top2,2.0,2020-06,0.16799194788292443
qqq_dual_ma50_200_weekly_top2,2.0,2020-07,0.15844990361312297
qqq_dual_ma50_200_weekly_top2,2.0,2020-08,0.24018651839014926
qqq_dual_ma50_200_weekly_top2,2.0,2020-09,0.06362161091213754
qqq_dual_ma50_200_weekly_top2,2.0,2020-10,-0.07409547518847251
qqq_dual_ma50_200_weekly_top2,2.0,2020-11,0.20564468781951634
qqq_dual_ma50_200_weekly_top2,2.0,2020-12,-0.011730290701495727
qqq_dual_ma50_200_weekly_top2,2.0,2021-01,0.17127519538053548
qqq_dual_ma50_200_weekly_top2,2.0,2021-02,-0.15956941420000176
qqq_dual_ma50_200_weekly_top2,2.0,2021-03,-0.0930708389217384
qqq_dual_ma50_200_weekly_top2,2.0,2021-04,0.09721321833134769
qqq_dual_ma50_200_weekly_top2,2.0,2021-05,-0.00474167850785142
qqq_dual_ma50_200_weekly_top2,2.0,2021-06,0.14172629469274384
qqq_dual_ma50_200_weekly_top2,2.0,2021-07,-0.019901803186223317
qqq_dual_ma50_200_weekly_top2,2.0,2021-08,0.0831807886152001
qqq_dual_ma50_200_weekly_top2,2.0,2021-09,-0.05572124858516076
qqq_dual_ma50_200_weekly_top2,2.0,2021-10,0.08868265020571481
qqq_dual_ma50_200_weekly_top2,2.0,2021-11,0.16718201713376746
qqq_dual_ma50_200_weekly_top2,2.0,2021-12,-0.057904893381307714
qqq_dual_ma50_200_weekly_top2,2.0,2022-01,-0.031883648251307614
qqq_dual_ma50_200_weekly_top2,2.0,2022-02,-0.04695692241011856
qqq_dual_ma50_200_weekly_top2,2.0,2022-03,0.09959918578088758
qqq_dual_ma50_200_weekly_top2,2.0,2022-04,-0.1641640573085198
qqq_dual_ma50_200_weekly_top2,2.0,2022-05,-0.21940311306537258
qqq_dual_ma50_200_weekly_top2,2.0,2022-06,-0.08038577021365202
qqq_dual_ma50_200_weekly_top2,2.0,2022-07,0.024050671256087557
qqq_dual_ma50_200_weekly_top2,2.0,2022-08,0.0018074114598745222
qqq_dual_ma50_200_weekly_top2,2.0,2022-09,-0.015532308884538111
qqq_dual_ma50_200_weekly_top2,2.0,2022-10,0.042677484226425234
qqq_dual_ma50_200_weekly_top2,2.0,2022-11,0.16820289740871125
qqq_dual_ma50_200_weekly_top2,2.0,2022-12,-0.0686417688671477
qqq_dual_ma50_200_weekly_top2,2.0,2023-01,0.03759054738963661
qqq_dual_ma50_200_weekly_top2,2.0,2023-02,-0.024993470233371583
qqq_dual_ma50_200_weekly_top2,2.0,2023-03,-0.0652587993785726
qqq_dual_ma50_200_weekly_top2,2.0,2023-04,0.011963956599247674
qqq_dual_ma50_200_weekly_top2,2.0,2023-05,0.2390750380107353
qqq_dual_ma50_200_weekly_top2,2.0,2023-06,0.09233123458547488
qqq_dual_ma50_200_weekly_top2,2.0,2023-07,0.10026187145112053
qqq_dual_ma50_200_weekly_top2,2.0,2023-08,0.011030003564034233
qqq_dual_ma50_200_weekly_top2,2.0,2023-09,-0.05048645690452391
qqq_dual_ma50_200_weekly_top2,2.0,2023-10,-0.013947023917345577
qqq_dual_ma50_200_weekly_top2,2.0,2023-11,0.24386344006585794
qqq_dual_ma50_200_weekly_top2,2.0,2023-12,-0.016641004734206787
qqq_dual_ma50_200_weekly_top2,2.0,2024-01,0.008469899904927171
qqq_dual_ma50_200_weekly_top2,2.0,2024-02,0.050373457068243754
qqq_dual_ma50_200_weekly_top2,2.0,2024-03,-0.04855402883899058
qqq_dual_ma50_200_weekly_top2,2.0,2024-04,-0.1183503856964643
qqq_dual_ma50_200_weekly_top2,2.0,2024-05,0.22891537029305165
qqq_dual_ma50_200_weekly_top2,2.0,2024-06,0.005648985827984891
qqq_dual_ma50_200_weekly_top2,2.0,2024-07,-0.12941550849838246
qqq_dual_ma50_200_weekly_top2,2.0,2024-08,-0.0843561342420382
qqq_dual_ma50_200_weekly_top2,2.0,2024-09,0.20646912350536306
qqq_dual_ma50_200_weekly_top2,2.0,2024-10,0.12026406410696051
qqq_dual_ma50_200_weekly_top2,2.0,2024-11,-0.018830240024970996
qqq_dual_ma50_200_weekly_top2,2.0,2024-12,0.03525663800287772
qqq_dual_ma50_200_weekly_top2,2.0,2025-01,0.07181286934486075
qqq_dual_ma50_200_weekly_top2,2.0,2025-02,0.0718133978454572
qqq_dual_ma50_200_weekly_top2,2.0,2025-03,-0.12006313533378593
qqq_dual_ma50_200_weekly_top2,2.0,2025-04,0.29114333398860837
qqq_dual_ma50_200_weekly_top2,2.0,2025-05,0.2296097963654259
qqq_dual_ma50_200_weekly_top2,2.0,2025-06,-0.002456270574638217
qqq_dual_ma50_200_weekly_top2,2.0,2025-07,0.05124951248555779
qqq_dual_ma50_200_weekly_top2,2.0,2025-08,-0.03325307051727626
qqq_dual_ma50_200_weekly_top2,2.0,2025-09,0.09113919296453687
qqq_dual_ma50_200_weekly_top2,2.0,2025-10,0.3025011494371269
qqq_dual_ma50_200_weekly_top2,2.0,2025-11,-0.10984625390330849
qqq_dual_ma50_200_weekly_top2,2.0,2025-12,0.14265447949582738
qqq_dual_ma50_200_weekly_top2,2.0,2026-01,0.19811231178947988
qqq_dual_ma50_200_weekly_top2,2.0,2026-02,0.09175927869096681
qqq_dual_ma50_200_weekly_top2,2.0,2026-03,-0.02313625039039713
qqq_dual_ma50_200_weekly_top2,2.0,2026-04,0.47280259593014984
qqq_dual_ma50_200_weekly_top2,5.0,2019-06,0.0
qqq_dual_ma50_200_weekly_top2,5.0,2019-07,0.0
qqq_dual_ma50_200_weekly_top2,5.0,2019-08,0.0
qqq_dual_ma50_200_weekly_top2,5.0,2019-09,0.0
qqq_dual_ma50_200_weekly_top2,5.0,2019-10,0.0
qqq_dual_ma50_200_weekly_top2,5.0,2019-11,0.0
qqq_dual_ma50_200_weekly_top2,5.0,2019-12,0.0
qqq_dual_ma50_200_weekly_top2,5.0,2020-01,0.0
qqq_dual_ma50_200_weekly_top2,5.0,2020-02,0.0
qqq_dual_ma50_200_weekly_top2,5.0,2020-03,0.0
qqq_dual_ma50_200_weekly_top2,5.0,2020-04,0.11049492739857675
qqq_dual_ma50_200_weekly_top2,5.0,2020-05,0.18108966935676118
qqq_dual_ma50_200_weekly_top2,5.0,2020-06,0.16739194788292444
qqq_dual_ma50_200_weekly_top2,5.0,2020-07,0.15814990361312298
qqq_dual_ma50_200_weekly_top2,5.0,2020-08,0.24018651839014926
qqq_dual_ma50_200_weekly_top2,5.0,2020-09,0.06302161091213754
qqq_dual_ma50_200_weekly_top2,5.0,2020-10,-0.0743954751884725
qqq_dual_ma50_200_weekly_top2,5.0,2020-11,0.20564468781951634
qqq_dual_ma50_200_weekly_top2,5.0,2020-12,-0.011730290701495727
qqq_dual_ma50_200_weekly_top2,5.0,2021-01,0.1706751953805355
qqq_dual_ma50_200_weekly_top2,5.0,2021-02,-0.15956941420000176
qqq_dual_ma50_200_weekly_top2,5.0,2021-03,-0.09367083892173839
qqq_dual_ma50_200_weekly_top2,5.0,2021-04,0.0969132183313477
qqq_dual_ma50_200_weekly_top2,5.0,2021-05,-0.005641678507851411
qqq_dual_ma50_200_weekly_top2,5.0,2021-06,0.14172629469274384
qqq_dual_ma50_200_weekly_top2,5.0,2021-07,-0.020801803186223322
qqq_dual_ma50_200_weekly_top2,5.0,2021-08,0.0822807886152001
qqq_dual_ma50_200_weekly_top2,5.0,2021-09,-0.056621248585160766
qqq_dual_ma50_200_weekly_top2,5.0,2021-10,0.08868265020571481
qqq_dual_ma50_200_weekly_top2,5.0,2021-11,0.16718201713376746
qqq_dual_ma50_200_weekly_top2,5.0,2021-12,-0.05850489338130771
qqq_dual_ma50_200_weekly_top2,5.0,2022-01,-0.03398364825130762
qqq_dual_ma50_200_weekly_top2,5.0,2022-02,-0.04755692241011855
qqq_dual_ma50_200_weekly_top2,5.0,2022-03,0.09839918578088758
qqq_dual_ma50_200_weekly_top2,5.0,2022-04,-0.1656640573085198
qqq_dual_ma50_200_weekly_top2,5.0,2022-05,-0.2203031130653726
qqq_dual_ma50_200_weekly_top2,5.0,2022-06,-0.08218577021365203
qqq_dual_ma50_200_weekly_top2,5.0,2022-07,0.02315067125608755
qqq_dual_ma50_200_weekly_top2,5.0,2022-08,0.001207411459874519
qqq_dual_ma50_200_weekly_top2,5.0,2022-09,-0.016432308884538116
qqq_dual_ma50_200_weekly_top2,5.0,2022-10,0.04237748422642523
qqq_dual_ma50_200_weekly_top2,5.0,2022-11,0.16730289740871124
qqq_dual_ma50_200_weekly_top2,5.0,2022-12,-0.0689417688671477
qqq_dual_ma50_200_weekly_top2,5.0,2023-01,0.03729054738963661
qqq_dual_ma50_200_weekly_top2,5.0,2023-02,-0.025293470233371584
qqq_dual_ma50_200_weekly_top2,5.0,2023-03,-0.0652587993785726
qqq_dual_ma50_200_weekly_top2,5.0,2023-04,0.01076395659924767
qqq_dual_ma50_200_weekly_top2,5.0,2023-05,0.23787503801073528
qqq_dual_ma50_200_weekly_top2,5.0,2023-06,0.09233123458547488
qqq_dual_ma50_200_weekly_top2,5.0,2023-07,0.10026187145112053
qqq_dual_ma50_200_weekly_top2,5.0,2023-08,0.01043000356403423
qqq_dual_ma50_200_weekly_top2,5.0,2023-09,-0.05048645690452391
qqq_dual_ma50_200_weekly_top2,5.0,2023-10,-0.01454702391734558
qqq_dual_ma50_200_weekly_top2,5.0,2023-11,0.24356344006585795
qqq_dual_ma50_200_weekly_top2,5.0,2023-12,-0.016941004734206788
qqq_dual_ma50_200_weekly_top2,5.0,2024-01,0.00816989990492717
qqq_dual_ma50_200_weekly_top2,5.0,2024-02,0.050373457068243754
qqq_dual_ma50_200_weekly_top2,5.0,2024-03,-0.04945402883899058
qqq_dual_ma50_200_weekly_top2,5.0,2024-04,-0.1186503856964643
qqq_dual_ma50_200_weekly_top2,5.0,2024-05,0.22801537029305163
qqq_dual_ma50_200_weekly_top2,5.0,2024-06,0.004748985827984886
qqq_dual_ma50_200_weekly_top2,5.0,2024-07,-0.13001550849838245
qqq_dual_ma50_200_weekly_top2,5.0,2024-08,-0.08495613424203818
qqq_dual_ma50_200_weekly_top2,5.0,2024-09,0.20586912350536307
qqq_dual_ma50_200_weekly_top2,5.0,2024-10,0.11906406410696052
qqq_dual_ma50_200_weekly_top2,5.0,2024-11,-0.020030240024971002
qqq_dual_ma50_200_weekly_top2,5.0,2024-12,0.034656638002877715
qqq_dual_ma50_200_weekly_top2,5.0,2025-01,0.07181286934486075
qqq_dual_ma50_200_weekly_top2,5.0,2025-02,0.07121339784545722
qqq_dual_ma50_200_weekly_top2,5.0,2025-03,-0.12006313533378593
qqq_dual_ma50_200_weekly_top2,5.0,2025-04,0.29114333398860837
qqq_dual_ma50_200_weekly_top2,5.0,2025-05,0.2296097963654259
qqq_dual_ma50_200_weekly_top2,5.0,2025-06,-0.0033562705746382204
qqq_dual_ma50_200_weekly_top2,5.0,2025-07,0.05094951248555779
qqq_dual_ma50_200_weekly_top2,5.0,2025-08,-0.03385307051727626
qqq_dual_ma50_200_weekly_top2,5.0,2025-09,0.09023919296453686
qqq_dual_ma50_200_weekly_top2,5.0,2025-10,0.3019011494371269
qqq_dual_ma50_200_weekly_top2,5.0,2025-11,-0.1107462539033085
qqq_dual_ma50_200_weekly_top2,5.0,2025-12,0.14175447949582737
qqq_dual_ma50_200_weekly_top2,5.0,2026-01,0.1978123117894799
qqq_dual_ma50_200_weekly_top2,5.0,2026-02,0.09145927869096682
qqq_dual_ma50_200_weekly_top2,5.0,2026-03,-0.02313625039039713
qqq_dual_ma50_200_weekly_top2,5.0,2026-04,0.4725025959301498
qqq_dual_ma50_200_weekly_top2,10.0,2019-06,0.0
qqq_dual_ma50_200_weekly_top2,10.0,2019-07,0.0
qqq_dual_ma50_200_weekly_top2,10.0,2019-08,0.0
qqq_dual_ma50_200_weekly_top2,10.0,2019-09,0.0
qqq_dual_ma50_200_weekly_top2,10.0,2019-10,0.0
qqq_dual_ma50_200_weekly_top2,10.0,2019-11,0.0
qqq_dual_ma50_200_weekly_top2,10.0,2019-12,0.0
qqq_dual_ma50_200_weekly_top2,10.0,2020-01,0.0
qqq_dual_ma50_200_weekly_top2,10.0,2020-02,0.0
qqq_dual_ma50_200_weekly_top2,10.0,2020-03,0.0
qqq_dual_ma50_200_weekly_top2,10.0,2020-04,0.10949492739857675
qqq_dual_ma50_200_weekly_top2,10.0,2020-05,0.17958966935676118
qqq_dual_ma50_200_weekly_top2,10.0,2020-06,0.16639194788292444
qqq_dual_ma50_200_weekly_top2,10.0,2020-07,0.15764990361312298
qqq_dual_ma50_200_weekly_top2,10.0,2020-08,0.24018651839014926
qqq_dual_ma50_200_weekly_top2,10.0,2020-09,0.06202161091213754
qqq_dual_ma50_200_weekly_top2,10.0,2020-10,-0.0748954751884725
qqq_dual_ma50_200_weekly_top2,10.0,2020-11,0.20564468781951634
qqq_dual_ma50_200_weekly_top2,10.0,2020-12,-0.011730290701495727
qqq_dual_ma50_200_weekly_top2,10.0,2021-01,0.1696751953805355
qqq_dual_ma50_200_weekly_top2,10.0,2021-02,-0.15956941420000176
qqq_dual_ma50_200_weekly_top2,10.0,2021-03,-0.09467083892173839
qqq_dual_ma50_200_weekly_top2,10.0,2021-04,0.0964132183313477
qqq_dual_ma50_200_weekly_top2,10.0,2021-05,-0.007141678507851412
qqq_dual_ma50_200_weekly_top2,10.0,2021-06,0.14172629469274384
qqq_dual_ma50_200_weekly_top2,10.0,2021-07,-0.022301803186223323
qqq_dual_ma50_200_weekly_top2,10.0,2021-08,0.0807807886152001
qqq_dual_ma50_200_weekly_top2,10.0,2021-09,-0.05812124858516077
qqq_dual_ma50_200_weekly_top2,10.0,2021-10,0.08868265020571481
qqq_dual_ma50_200_weekly_top2,10.0,2021-11,0.16718201713376746
qqq_dual_ma50_200_weekly_top2,10.0,2021-12,-0.05950489338130771
qqq_dual_ma50_200_weekly_top2,10.0,2022-01,-0.03748364825130762
qqq_dual_ma50_200_weekly_top2,10.0,2022-02,-0.04855692241011855
qqq_dual_ma50_200_weekly_top2,10.0,2022-03,0.09639918578088758
qqq_dual_ma50_200_weekly_top2,10.0,2022-04,-0.1681640573085198
qqq_dual_ma50_200_weekly_top2,10.0,2022-05,-0.2218031130653726
qqq_dual_ma50_200_weekly_top2,10.0,2022-06,-0.08518577021365203
qqq_dual_ma50_200_weekly_top2,10.0,2022-07,0.02165067125608755
qqq_dual_ma50_200_weekly_top2,10.0,2022-08,0.00020741145987451803
qqq_dual_ma50_200_weekly_top2,10.0,2022-09,-0.017932308884538117
qqq_dual_ma50_200_weekly_top2,10.0,2022-10,0.04187748422642523
qqq_dual_ma50_200_weekly_top2,10.0,2022-11,0.16580289740871124
qqq_dual_ma50_200_weekly_top2,10.0,2022-12,-0.0694417688671477
qqq_dual_ma50_200_weekly_top2,10.0,2023-01,0.03679054738963661
qqq_dual_ma50_200_weekly_top2,10.0,2023-02,-0.025793470233371585
qqq_dual_ma50_200_weekly_top2,10.0,2023-03,-0.0652587993785726
qqq_dual_ma50_200_weekly_top2,10.0,2023-04,0.008763956599247669
qqq_dual_ma50_200_weekly_top2,10.0,2023-05,0.23587503801073528
qqq_dual_ma50_200_weekly_top2,10.0,2023-06,0.09233123458547488
qqq_dual_ma50_200_weekly_top2,10.0,2023-07,0.10026187145112053
qqq_dual_ma50_200_weekly_top2,10.0,2023-08,0.009430003564034228
qqq_dual_ma50_200_weekly_top2,10.0,2023-09,-0.05048645690452391
qqq_dual_ma50_200_weekly_top2,10.0,2023-10,-0.015547023917345582
qqq_dual_ma50_200_weekly_top2,10.0,2023-11,0.24306344006585795
qqq_dual_ma50_200_weekly_top2,10.0,2023-12,-0.01744100473420679
qqq_dual_ma50_200_weekly_top2,10.0,2024-01,0.007669899904927169
qqq_dual_ma50_200_weekly_top2,10.0,2024-02,0.050373457068243754
qqq_dual_ma50_200_weekly_top2,10.0,2024-03,-0.050954028838990584
qqq_dual_ma50_200_weekly_top2,10.0,2024-04,-0.1191503856964643
qqq_dual_ma50_200_weekly_top2,10.0,2024-05,0.22651537029305163
qqq_dual_ma50_200_weekly_top2,10.0,2024-06,0.003248985827984885
qqq_dual_ma50_200_weekly_top2,10.0,2024-07,-0.13101550849838245
qqq_dual_ma50_200_weekly_top2,10.0,2024-08,-0.08595613424203818
qqq_dual_ma50_200_weekly_top2,10.0,2024-09,0.20486912350536307
qqq_dual_ma50_200_weekly_top2,10.0,2024-10,0.11706406410696052
qqq_dual_ma50_200_weekly_top2,10.0,2024-11,-0.022030240024971004
qqq_dual_ma50_200_weekly_top2,10.0,2024-12,0.033656638002877715
qqq_dual_ma50_200_weekly_top2,10.0,2025-01,0.07181286934486075
qqq_dual_ma50_200_weekly_top2,10.0,2025-02,0.07021339784545721
qqq_dual_ma50_200_weekly_top2,10.0,2025-03,-0.12006313533378593
qqq_dual_ma50_200_weekly_top2,10.0,2025-04,0.29114333398860837
qqq_dual_ma50_200_weekly_top2,10.0,2025-05,0.2296097963654259
qqq_dual_ma50_200_weekly_top2,10.0,2025-06,-0.004856270574638222
qqq_dual_ma50_200_weekly_top2,10.0,2025-07,0.05044951248555779
qqq_dual_ma50_200_weekly_top2,10.0,2025-08,-0.03485307051727626
qqq_dual_ma50_200_weekly_top2,10.0,2025-09,0.08873919296453686
qqq_dual_ma50_200_weekly_top2,10.0,2025-10,0.3009011494371269
qqq_dual_ma50_200_weekly_top2,10.0,2025-11,-0.1122462539033085
qqq_dual_ma50_200_weekly_top2,10.0,2025-12,0.14025447949582737
qqq_dual_ma50_200_weekly_top2,10.0,2026-01,0.1973123117894799
qqq_dual_ma50_200_weekly_top2,10.0,2026-02,0.09095927869096682
qqq_dual_ma50_200_weekly_top2,10.0,2026-03,-0.02313625039039713
qqq_dual_ma50_200_weekly_top2,10.0,2026-04,0.4720025959301498
qqq_dual_ma50_200_weekly_top3,0.0,2019-06,0.0
qqq_dual_ma50_200_weekly_top3,0.0,2019-07,0.0
qqq_dual_ma50_200_weekly_top3,0.0,2019-08,0.0
qqq_dual_ma50_200_weekly_top3,0.0,2019-09,0.0
qqq_dual_ma50_200_weekly_top3,0.0,2019-10,0.0
qqq_dual_ma50_200_weekly_top3,0.0,2019-11,0.0
qqq_dual_ma50_200_weekly_top3,0.0,2019-12,0.0
qqq_dual_ma50_200_weekly_top3,0.0,2020-01,0.0
qqq_dual_ma50_200_weekly_top3,0.0,2020-02,0.0
qqq_dual_ma50_200_weekly_top3,0.0,2020-03,0.0
qqq_dual_ma50_200_weekly_top3,0.0,2020-04,0.11896833275262318
qqq_dual_ma50_200_weekly_top3,0.0,2020-05,0.12367343779162762
qqq_dual_ma50_200_weekly_top3,0.0,2020-06,0.20669200040397473
qqq_dual_ma50_200_weekly_top3,0.0,2020-07,0.1549287298934839
qqq_dual_ma50_200_weekly_top3,0.0,2020-08,0.3409402304260124
qqq_dual_ma50_200_weekly_top3,0.0,2020-09,-0.010829007925209915
qqq_dual_ma50_200_weekly_top3,0.0,2020-10,-0.07410217621381193
qqq_dual_ma50_200_weekly_top3,0.0,2020-11,0.18752482960206
qqq_dual_ma50_200_weekly_top3,0.0,2020-12,-0.024089834894077355
qqq_dual_ma50_200_weekly_top3,0.0,2021-01,0.21846019214091644
qqq_dual_ma50_200_weekly_top3,0.0,2021-02,-0.09915066338925003
qqq_dual_ma50_200_weekly_top3,0.0,2021-03,-0.11069584611029962
qqq_dual_ma50_200_weekly_top3,0.0,2021-04,0.09302819007149908
qqq_dual_ma50_200_weekly_top3,0.0,2021-05,0.0034844460125518645
qqq_dual_ma50_200_weekly_top3,0.0,2021-06,0.09286502783026854
qqq_dual_ma50_200_weekly_top3,0.0,2021-07,0.036067212100835536
qqq_dual_ma50_200_weekly_top3,0.0,2021-08,0.08078457977548939
qqq_dual_ma50_200_weekly_top3,0.0,2021-09,-0.08124334742885152
qqq_dual_ma50_200_weekly_top3,0.0,2021-10,0.1045773260153194
qqq_dual_ma50_200_weekly_top3,0.0,2021-11,0.13510959671349745
qqq_dual_ma50_200_weekly_top3,0.0,2021-12,-0.06352638516167002
qqq_dual_ma50_200_weekly_top3,0.0,2022-01,-0.06684419656279086
qqq_dual_ma50_200_weekly_top3,0.0,2022-02,-0.022884571752703413
qqq_dual_ma50_200_weekly_top3,0.0,2022-03,0.10207893485422026
qqq_dual_ma50_200_weekly_top3,0.0,2022-04,-0.1657034400917875
qqq_dual_ma50_200_weekly_top3,0.0,2022-05,-0.07191722699384735
qqq_dual_ma50_200_weekly_top3,0.0,2022-06,-0.06044901840788981
qqq_dual_ma50_200_weekly_top3,0.0,2022-07,0.029923461352959573
qqq_dual_ma50_200_weekly_top3,0.0,2022-08,0.008141523401225089
qqq_dual_ma50_200_weekly_top3,0.0,2022-09,-0.010536206000997594
qqq_dual_ma50_200_weekly_top3,0.0,2022-10,0.044932142016004616
qqq_dual_ma50_200_weekly_top3,0.0,2022-11,0.180396293952233
qqq_dual_ma50_200_weekly_top3,0.0,2022-12,-0.03577017783151136
qqq_dual_ma50_200_weekly_top3,0.0,2023-01,0.03093442610575392
qqq_dual_ma50_200_weekly_top3,0.0,2023-02,0.01764084390441175
qqq_dual_ma50_200_weekly_top3,0.0,2023-03,-0.05471525060563893
qqq_dual_ma50_200_weekly_top3,0.0,2023-04,0.040038009143096416
qqq_dual_ma50_200_weekly_top3,0.0,2023-05,0.1851937445961053
qqq_dual_ma50_200_weekly_top3,0.0,2023-06,0.016755296253505803
qqq_dual_ma50_200_weekly_top3,0.0,2023-07,0.06694919971598819
qqq_dual_ma50_200_weekly_top3,0.0,2023-08,0.005885621648025382
qqq_dual_ma50_200_weekly_top3,0.0,2023-09,-0.046329824665483396
qqq_dual_ma50_200_weekly_top3,0.0,2023-10,-0.004491577806324288
qqq_dual_ma50_200_weekly_top3,0.0,2023-11,0.17045293437817716
qqq_dual_ma50_200_weekly_top3,0.0,2023-12,0.012831312740848663
qqq_dual_ma50_200_weekly_top3,0.0,2024-01,0.024562160201860934
qqq_dual_ma50_200_weekly_top3,0.0,2024-02,0.09916631466956613
qqq_dual_ma50_200_weekly_top3,0.0,2024-03,-0.027753709427481014
qqq_dual_ma50_200_weekly_top3,0.0,2024-04,-0.07074128699963225
qqq_dual_ma50_200_weekly_top3,0.0,2024-05,0.14846210093964854
qqq_dual_ma50_200_weekly_top3,0.0,2024-06,0.04692198937855577
qqq_dual_ma50_200_weekly_top3,0.0,2024-07,-0.16540944938580016
qqq_dual_ma50_200_weekly_top3,0.0,2024-08,-0.1161436499386221
qqq_dual_ma50_200_weekly_top3,0.0,2024-09,0.16304869492129537
qqq_dual_ma50_200_weekly_top3,0.0,2024-10,0.01372293876532749
qqq_dual_ma50_200_weekly_top3,0.0,2024-11,0.13652687717656198
qqq_dual_ma50_200_weekly_top3,0.0,2024-12,0.014200182021255656
qqq_dual_ma50_200_weekly_top3,0.0,2025-01,0.07139126773331862
qqq_dual_ma50_200_weekly_top3,0.0,2025-02,0.08992799686931667
qqq_dual_ma50_200_weekly_top3,0.0,2025-03,-0.058923411988201724
qqq_dual_ma50_200_weekly_top3,0.0,2025-04,0.3046141544989148
qqq_dual_ma50_200_weekly_top3,0.0,2025-05,0.13408484987363362
qqq_dual_ma50_200_weekly_top3,0.0,2025-06,0.041662578743029394
qqq_dual_ma50_200_weekly_top3,0.0,2025-07,0.008439645845609339
qqq_dual_ma50_200_weekly_top3,0.0,2025-08,-0.045010613065157634
qqq_dual_ma50_200_weekly_top3,0.0,2025-09,0.06794537767132458
qqq_dual_ma50_200_weekly_top3,0.0,2025-10,0.24408675114413592
qqq_dual_ma50_200_weekly_top3,0.0,2025-11,-0.11856615926562299
qqq_dual_ma50_200_weekly_top3,0.0,2025-12,0.1413971526358085
qqq_dual_ma50_200_weekly_top3,0.0,2026-01,0.22896657084019595
qqq_dual_ma50_200_weekly_top3,0.0,2026-02,0.037758831279340016
qqq_dual_ma50_200_weekly_top3,0.0,2026-03,-0.0040509375327243274
qqq_dual_ma50_200_weekly_top3,0.0,2026-04,0.4375633493279396
qqq_dual_ma50_200_weekly_top3,1.0,2019-06,0.0
qqq_dual_ma50_200_weekly_top3,1.0,2019-07,0.0
qqq_dual_ma50_200_weekly_top3,1.0,2019-08,0.0
qqq_dual_ma50_200_weekly_top3,1.0,2019-09,0.0
qqq_dual_ma50_200_weekly_top3,1.0,2019-10,0.0
qqq_dual_ma50_200_weekly_top3,1.0,2019-11,0.0
qqq_dual_ma50_200_weekly_top3,1.0,2019-12,0.0
qqq_dual_ma50_200_weekly_top3,1.0,2020-01,0.0
qqq_dual_ma50_200_weekly_top3,1.0,2020-02,0.0
qqq_dual_ma50_200_weekly_top3,1.0,2020-03,0.0
qqq_dual_ma50_200_weekly_top3,1.0,2020-04,0.11886833275262318
qqq_dual_ma50_200_weekly_top3,1.0,2020-05,0.12340677112496096
qqq_dual_ma50_200_weekly_top3,1.0,2020-06,0.20662533373730807
qqq_dual_ma50_200_weekly_top3,1.0,2020-07,0.15486206322681725
qqq_dual_ma50_200_weekly_top3,1.0,2020-08,0.34087356375934574
qqq_dual_ma50_200_weekly_top3,1.0,2020-09,-0.010962341258543241
qqq_dual_ma50_200_weekly_top3,1.0,2020-10,-0.07416884288047862
qqq_dual_ma50_200_weekly_top3,1.0,2020-11,0.18745816293539333
qqq_dual_ma50_200_weekly_top3,1.0,2020-12,-0.024356501560744013
qqq_dual_ma50_200_weekly_top3,1.0,2021-01,0.21839352547424978
qqq_dual_ma50_200_weekly_top3,1.0,2021-02,-0.09928399672258337
qqq_dual_ma50_200_weekly_top3,1.0,2021-03,-0.11089584611029962
qqq_dual_ma50_200_weekly_top3,1.0,2021-04,0.09289485673816575
qqq_dual_ma50_200_weekly_top3,1.0,2021-05,0.00315111267921854
qqq_dual_ma50_200_weekly_top3,1.0,2021-06,0.0927316944969352
qqq_dual_ma50_200_weekly_top3,1.0,2021-07,0.03586721210083553
qqq_dual_ma50_200_weekly_top3,1.0,2021-08,0.08045124644215607
qqq_dual_ma50_200_weekly_top3,1.0,2021-09,-0.08157668076218486
qqq_dual_ma50_200_weekly_top3,1.0,2021-10,0.10444399268198606
qqq_dual_ma50_200_weekly_top3,1.0,2021-11,0.1348429300468308
qqq_dual_ma50_200_weekly_top3,1.0,2021-12,-0.06365971849500335
qqq_dual_ma50_200_weekly_top3,1.0,2022-01,-0.06724419656279085
qqq_dual_ma50_200_weekly_top3,1.0,2022-02,-0.02308457175270343
qqq_dual_ma50_200_weekly_top3,1.0,2022-03,0.10174560152088692
qqq_dual_ma50_200_weekly_top3,1.0,2022-04,-0.16597010675845417
qqq_dual_ma50_200_weekly_top3,1.0,2022-05,-0.07218389366051402
qqq_dual_ma50_200_weekly_top3,1.0,2022-06,-0.060915685074556476
qqq_dual_ma50_200_weekly_top3,1.0,2022-07,0.029856794686292907
qqq_dual_ma50_200_weekly_top3,1.0,2022-08,0.00794152340122509
qqq_dual_ma50_200_weekly_top3,1.0,2022-09,-0.010736206000997593
qqq_dual_ma50_200_weekly_top3,1.0,2022-10,0.044598808682671284
qqq_dual_ma50_200_weekly_top3,1.0,2022-11,0.18012962728556633
qqq_dual_ma50_200_weekly_top3,1.0,2022-12,-0.03590351116484469
qqq_dual_ma50_200_weekly_top3,1.0,2023-01,0.030801092772420588
qqq_dual_ma50_200_weekly_top3,1.0,2023-02,0.017440843904411744
qqq_dual_ma50_200_weekly_top3,1.0,2023-03,-0.054848583938972253
qqq_dual_ma50_200_weekly_top3,1.0,2023-04,0.039771342476429744
qqq_dual_ma50_200_weekly_top3,1.0,2023-05,0.18492707792943863
qqq_dual_ma50_200_weekly_top3,1.0,2023-06,0.016688629586839136
qqq_dual_ma50_200_weekly_top3,1.0,2023-07,0.06688253304932153
qqq_dual_ma50_200_weekly_top3,1.0,2023-08,0.005885621648025382
qqq_dual_ma50_200_weekly_top3,1.0,2023-09,-0.0465298246654834
qqq_dual_ma50_200_weekly_top3,1.0,2023-10,-0.004491577806324288
qqq_dual_ma50_200_weekly_top3,1.0,2023-11,0.17011960104484383
qqq_dual_ma50_200_weekly_top3,1.0,2023-12,0.012831312740848663
qqq_dual_ma50_200_weekly_top3,1.0,2024-01,0.024295493535194262
qqq_dual_ma50_200_weekly_top3,1.0,2024-02,0.0990329813362328
qqq_dual_ma50_200_weekly_top3,1.0,2024-03,-0.02802037609414768
qqq_dual_ma50_200_weekly_top3,1.0,2024-04,-0.07087462033296558
qqq_dual_ma50_200_weekly_top3,1.0,2024-05,0.14819543427298187
qqq_dual_ma50_200_weekly_top3,1.0,2024-06,0.046655322711889116
qqq_dual_ma50_200_weekly_top3,1.0,2024-07,-0.16567611605246682
qqq_dual_ma50_200_weekly_top3,1.0,2024-08,-0.1161436499386221
qqq_dual_ma50_200_weekly_top3,1.0,2024-09,0.16271536158796204
qqq_dual_ma50_200_weekly_top3,1.0,2024-10,0.013389605431994158
qqq_dual_ma50_200_weekly_top3,1.0,2024-11,0.13626021050989534
qqq_dual_ma50_200_weekly_top3,1.0,2024-12,0.01393351535458899
qqq_dual_ma50_200_weekly_top3,1.0,2025-01,0.07139126773331862
qqq_dual_ma50_200_weekly_top3,1.0,2025-02,0.08992799686931667
qqq_dual_ma50_200_weekly_top3,1.0,2025-03,-0.058923411988201724
qqq_dual_ma50_200_weekly_top3,1.0,2025-04,0.3046141544989148
qqq_dual_ma50_200_weekly_top3,1.0,2025-05,0.13408484987363362
qqq_dual_ma50_200_weekly_top3,1.0,2025-06,0.041462578743029395
qqq_dual_ma50_200_weekly_top3,1.0,2025-07,0.00823964584560934
qqq_dual_ma50_200_weekly_top3,1.0,2025-08,-0.04521061306515763
qqq_dual_ma50_200_weekly_top3,1.0,2025-09,0.06774537767132457
qqq_dual_ma50_200_weekly_top3,1.0,2025-10,0.24388675114413594
qqq_dual_ma50_200_weekly_top3,1.0,2025-11,-0.11876615926562298
qqq_dual_ma50_200_weekly_top3,1.0,2025-12,0.14133048596914183
qqq_dual_ma50_200_weekly_top3,1.0,2026-01,0.22883323750686263
qqq_dual_ma50_200_weekly_top3,1.0,2026-02,0.03769216461267334
qqq_dual_ma50_200_weekly_top3,1.0,2026-03,-0.0040509375327243274
qqq_dual_ma50_200_weekly_top3,1.0,2026-04,0.4373633493279396
qqq_dual_ma50_200_weekly_top3,2.0,2019-06,0.0
qqq_dual_ma50_200_weekly_top3,2.0,2019-07,0.0
qqq_dual_ma50_200_weekly_top3,2.0,2019-08,0.0
qqq_dual_ma50_200_weekly_top3,2.0,2019-09,0.0
qqq_dual_ma50_200_weekly_top3,2.0,2019-10,0.0
qqq_dual_ma50_200_weekly_top3,2.0,2019-11,0.0
qqq_dual_ma50_200_weekly_top3,2.0,2019-12,0.0
qqq_dual_ma50_200_weekly_top3,2.0,2020-01,0.0
qqq_dual_ma50_200_weekly_top3,2.0,2020-02,0.0
qqq_dual_ma50_200_weekly_top3,2.0,2020-03,0.0
qqq_dual_ma50_200_weekly_top3,2.0,2020-04,0.11876833275262318
qqq_dual_ma50_200_weekly_top3,2.0,2020-05,0.12314010445829429
qqq_dual_ma50_200_weekly_top3,2.0,2020-06,0.2065586670706414
qqq_dual_ma50_200_weekly_top3,2.0,2020-07,0.1547953965601506
qqq_dual_ma50_200_weekly_top3,2.0,2020-08,0.34080689709267903
qqq_dual_ma50_200_weekly_top3,2.0,2020-09,-0.011095674591876582
qqq_dual_ma50_200_weekly_top3,2.0,2020-10,-0.07423550954714528
qqq_dual_ma50_200_weekly_top3,2.0,2020-11,0.18739149626872667
qqq_dual_ma50_200_weekly_top3,2.0,2020-12,-0.024623168227410685
qqq_dual_ma50_200_weekly_top3,2.0,2021-01,0.21832685880758312
qqq_dual_ma50_200_weekly_top3,2.0,2021-02,-0.09941733005591669
qqq_dual_ma50_200_weekly_top3,2.0,2021-03,-0.11109584611029963
qqq_dual_ma50_200_weekly_top3,2.0,2021-04,0.09276152340483242
qqq_dual_ma50_200_weekly_top3,2.0,2021-05,0.002817779345885202
qqq_dual_ma50_200_weekly_top3,2.0,2021-06,0.09259836116360187
qqq_dual_ma50_200_weekly_top3,2.0,2021-07,0.035667212100835524
qqq_dual_ma50_200_weekly_top3,2.0,2021-08,0.08011791310882274
qqq_dual_ma50_200_weekly_top3,2.0,2021-09,-0.08191001409551818
qqq_dual_ma50_200_weekly_top3,2.0,2021-10,0.10431065934865273
qqq_dual_ma50_200_weekly_top3,2.0,2021-11,0.13457626338016412
qqq_dual_ma50_200_weekly_top3,2.0,2021-12,-0.06379305182833668
qqq_dual_ma50_200_weekly_top3,2.0,2022-01,-0.06764419656279086
qqq_dual_ma50_200_weekly_top3,2.0,2022-02,-0.023284571752703414
qqq_dual_ma50_200_weekly_top3,2.0,2022-03,0.10141226818755358
qqq_dual_ma50_200_weekly_top3,2.0,2022-04,-0.16623677342512083
qqq_dual_ma50_200_weekly_top3,2.0,2022-05,-0.07245056032718068
qqq_dual_ma50_200_weekly_top3,2.0,2022-06,-0.06138235174122314
qqq_dual_ma50_200_weekly_top3,2.0,2022-07,0.02979012801962624
qqq_dual_ma50_200_weekly_top3,2.0,2022-08,0.007741523401225091
qqq_dual_ma50_200_weekly_top3,2.0,2022-09,-0.010936206000997591
qqq_dual_ma50_200_weekly_top3,2.0,2022-10,0.044265475349337946
qqq_dual_ma50_200_weekly_top3,2.0,2022-11,0.17986296061889967
qqq_dual_ma50_200_weekly_top3,2.0,2022-12,-0.03603684449817804
qqq_dual_ma50_200_weekly_top3,2.0,2023-01,0.030667759439087255
qqq_dual_ma50_200_weekly_top3,2.0,2023-02,0.017240843904411746
qqq_dual_ma50_200_weekly_top3,2.0,2023-03,-0.0549819172723056
qqq_dual_ma50_200_weekly_top3,2.0,2023-04,0.03950467580976308
qqq_dual_ma50_200_weekly_top3,2.0,2023-05,0.18466041126277197
qqq_dual_ma50_200_weekly_top3,2.0,2023-06,0.01662196292017247
qqq_dual_ma50_200_weekly_top3,2.0,2023-07,0.06681586638265485
qqq_dual_ma50_200_weekly_top3,2.0,2023-08,0.005885621648025382
qqq_dual_ma50_200_weekly_top3,2.0,2023-09,-0.0467298246654834
qqq_dual_ma50_200_weekly_top3,2.0,2023-10,-0.004491577806324288
qqq_dual_ma50_200_weekly_top3,2.0,2023-11,0.1697862677115105
qqq_dual_ma50_200_weekly_top3,2.0,2023-12,0.012831312740848663
qqq_dual_ma50_200_weekly_top3,2.0,2024-01,0.024028826868527593
qqq_dual_ma50_200_weekly_top3,2.0,2024-02,0.09889964800289947
qqq_dual_ma50_200_weekly_top3,2.0,2024-03,-0.028287042760814344
qqq_dual_ma50_200_weekly_top3,2.0,2024-04,-0.07100795366629892
qqq_dual_ma50_200_weekly_top3,2.0,2024-05,0.1479287676063152
qqq_dual_ma50_200_weekly_top3,2.0,2024-06,0.04638865604522244
qqq_dual_ma50_200_weekly_top3,2.0,2024-07,-0.16594278271913349
qqq_dual_ma50_200_weekly_top3,2.0,2024-08,-0.1161436499386221
qqq_dual_ma50_200_weekly_top3,2.0,2024-09,0.1623820282546287
qqq_dual_ma50_200_weekly_top3,2.0,2024-10,0.013056272098660823
qqq_dual_ma50_200_weekly_top3,2.0,2024-11,0.13599354384322865
qqq_dual_ma50_200_weekly_top3,2.0,2024-12,0.013666848687922312
qqq_dual_ma50_200_weekly_top3,2.0,2025-01,0.07139126773331862
qqq_dual_ma50_200_weekly_top3,2.0,2025-02,0.08992799686931667
qqq_dual_ma50_200_weekly_top3,2.0,2025-03,-0.058923411988201724
qqq_dual_ma50_200_weekly_top3,2.0,2025-04,0.3046141544989148
qqq_dual_ma50_200_weekly_top3,2.0,2025-05,0.13408484987363362
qqq_dual_ma50_200_weekly_top3,2.0,2025-06,0.041262578743029396
qqq_dual_ma50_200_weekly_top3,2.0,2025-07,0.008039645845609341
qqq_dual_ma50_200_weekly_top3,2.0,2025-08,-0.04541061306515764
qqq_dual_ma50_200_weekly_top3,2.0,2025-09,0.06754537767132458
qqq_dual_ma50_200_weekly_top3,2.0,2025-10,0.2436867511441359
qqq_dual_ma50_200_weekly_top3,2.0,2025-11,-0.118966159265623
qqq_dual_ma50_200_weekly_top3,2.0,2025-12,0.14126381930247514
qqq_dual_ma50_200_weekly_top3,2.0,2026-01,0.22869990417352928
qqq_dual_ma50_200_weekly_top3,2.0,2026-02,0.037625497946006684
qqq_dual_ma50_200_weekly_top3,2.0,2026-03,-0.0040509375327243274
qqq_dual_ma50_200_weekly_top3,2.0,2026-04,0.4371633493279396
qqq_dual_ma50_200_weekly_top3,5.0,2019-06,0.0
qqq_dual_ma50_200_weekly_top3,5.0,2019-07,0.0
qqq_dual_ma50_200_weekly_top3,5.0,2019-08,0.0
qqq_dual_ma50_200_weekly_top3,5.0,2019-09,0.0
qqq_dual_ma50_200_weekly_top3,5.0,2019-10,0.0
qqq_dual_ma50_200_weekly_top3,5.0,2019-11,0.0
qqq_dual_ma50_200_weekly_top3,5.0,2019-12,0.0
qqq_dual_ma50_200_weekly_top3,5.0,2020-01,0.0
qqq_dual_ma50_200_weekly_top3,5.0,2020-02,0.0
qqq_dual_ma50_200_weekly_top3,5.0,2020-03,0.0
qqq_dual_ma50_200_weekly_top3,5.0,2020-04,0.11846833275262318
qqq_dual_ma50_200_weekly_top3,5.0,2020-05,0.1223401044582943
qqq_dual_ma50_200_weekly_top3,5.0,2020-06,0.2063586670706414
qqq_dual_ma50_200_weekly_top3,5.0,2020-07,0.1545953965601506
qqq_dual_ma50_200_weekly_top3,5.0,2020-08,0.340606897092679
qqq_dual_ma50_200_weekly_top3,5.0,2020-09,-0.011495674591876575
qqq_dual_ma50_200_weekly_top3,5.0,2020-10,-0.07443550954714528
qqq_dual_ma50_200_weekly_top3,5.0,2020-11,0.18719149626872666
qqq_dual_ma50_200_weekly_top3,5.0,2020-12,-0.025423168227410673
qqq_dual_ma50_200_weekly_top3,5.0,2021-01,0.21812685880758312
qqq_dual_ma50_200_weekly_top3,5.0,2021-02,-0.0998173300559167
qqq_dual_ma50_200_weekly_top3,5.0,2021-03,-0.11169584611029962
qqq_dual_ma50_200_weekly_top3,5.0,2021-04,0.09236152340483242
qqq_dual_ma50_200_weekly_top3,5.0,2021-05,0.001817779345885201
qqq_dual_ma50_200_weekly_top3,5.0,2021-06,0.09219836116360187
qqq_dual_ma50_200_weekly_top3,5.0,2021-07,0.035067212100835535
qqq_dual_ma50_200_weekly_top3,5.0,2021-08,0.07911791310882274
qqq_dual_ma50_200_weekly_top3,5.0,2021-09,-0.0829100140955182
qqq_dual_ma50_200_weekly_top3,5.0,2021-10,0.10391065934865273
qqq_dual_ma50_200_weekly_top3,5.0,2021-11,0.13377626338016413
qqq_dual_ma50_200_weekly_top3,5.0,2021-12,-0.06419305182833668
qqq_dual_ma50_200_weekly_top3,5.0,2022-01,-0.06884419656279085
qqq_dual_ma50_200_weekly_top3,5.0,2022-02,-0.023884571752703396
qqq_dual_ma50_200_weekly_top3,5.0,2022-03,0.1004122681875536
qqq_dual_ma50_200_weekly_top3,5.0,2022-04,-0.16703677342512083
qqq_dual_ma50_200_weekly_top3,5.0,2022-05,-0.07325056032718068
qqq_dual_ma50_200_weekly_top3,5.0,2022-06,-0.06278235174122314
qqq_dual_ma50_200_weekly_top3,5.0,2022-07,0.02959012801962624
qqq_dual_ma50_200_weekly_top3,5.0,2022-08,0.007141523401225087
qqq_dual_ma50_200_weekly_top3,5.0,2022-09,-0.011536206000997591
qqq_dual_ma50_200_weekly_top3,5.0,2022-10,0.04326547534933795
qqq_dual_ma50_200_weekly_top3,5.0,2022-11,0.17906296061889967
qqq_dual_ma50_200_weekly_top3,5.0,2022-12,-0.036436844498178036
qqq_dual_ma50_200_weekly_top3,5.0,2023-01,0.030267759439087254
qqq_dual_ma50_200_weekly_top3,5.0,2023-02,0.01664084390441175
qqq_dual_ma50_200_weekly_top3,5.0,2023-03,-0.055381917272305604
qqq_dual_ma50_200_weekly_top3,5.0,2023-04,0.038704675809763084
qqq_dual_ma50_200_weekly_top3,5.0,2023-05,0.18386041126277194
qqq_dual_ma50_200_weekly_top3,5.0,2023-06,0.016421962920172464
qqq_dual_ma50_200_weekly_top3,5.0,2023-07,0.06661586638265486
qqq_dual_ma50_200_weekly_top3,5.0,2023-08,0.005885621648025382
qqq_dual_ma50_200_weekly_top3,5.0,2023-09,-0.047329824665483404
qqq_dual_ma50_200_weekly_top3,5.0,2023-10,-0.004491577806324288
qqq_dual_ma50_200_weekly_top3,5.0,2023-11,0.1687862677115105
qqq_dual_ma50_200_weekly_top3,5.0,2023-12,0.012831312740848663
qqq_dual_ma50_200_weekly_top3,5.0,2024-01,0.02322882686852759
qqq_dual_ma50_200_weekly_top3,5.0,2024-02,0.09849964800289945
qqq_dual_ma50_200_weekly_top3,5.0,2024-03,-0.029087042760814353
qqq_dual_ma50_200_weekly_top3,5.0,2024-04,-0.07140795366629892
qqq_dual_ma50_200_weekly_top3,5.0,2024-05,0.14712876760631521
qqq_dual_ma50_200_weekly_top3,5.0,2024-06,0.04558865604522243
qqq_dual_ma50_200_weekly_top3,5.0,2024-07,-0.16674278271913348
qqq_dual_ma50_200_weekly_top3,5.0,2024-08,-0.1161436499386221
qqq_dual_ma50_200_weekly_top3,5.0,2024-09,0.1613820282546287
qqq_dual_ma50_200_weekly_top3,5.0,2024-10,0.012056272098660822
qqq_dual_ma50_200_weekly_top3,5.0,2024-11,0.13519354384322868
qqq_dual_ma50_200_weekly_top3,5.0,2024-12,0.012866848687922317
qqq_dual_ma50_200_weekly_top3,5.0,2025-01,0.07139126773331862
qqq_dual_ma50_200_weekly_top3,5.0,2025-02,0.08992799686931667
qqq_dual_ma50_200_weekly_top3,5.0,2025-03,-0.058923411988201724
qqq_dual_ma50_200_weekly_top3,5.0,2025-04,0.3046141544989148
qqq_dual_ma50_200_weekly_top3,5.0,2025-05,0.13408484987363362
qqq_dual_ma50_200_weekly_top3,5.0,2025-06,0.0406625787430294
qqq_dual_ma50_200_weekly_top3,5.0,2025-07,0.007439645845609341
qqq_dual_ma50_200_weekly_top3,5.0,2025-08,-0.046010613065157635
qqq_dual_ma50_200_weekly_top3,5.0,2025-09,0.06694537767132458
qqq_dual_ma50_200_weekly_top3,5.0,2025-10,0.24308675114413592
qqq_dual_ma50_200_weekly_top3,5.0,2025-11,-0.11956615926562297
qqq_dual_ma50_200_weekly_top3,5.0,2025-12,0.14106381930247516
qqq_dual_ma50_200_weekly_top3,5.0,2026-01,0.2282999041735293
qqq_dual_ma50_200_weekly_top3,5.0,2026-02,0.03742549794600668
qqq_dual_ma50_200_weekly_top3,5.0,2026-03,-0.0040509375327243274
qqq_dual_ma50_200_weekly_top3,5.0,2026-04,0.4365633493279396
qqq_dual_ma50_200_weekly_top3,10.0,2019-06,0.0
qqq_dual_ma50_200_weekly_top3,10.0,2019-07,0.0
qqq_dual_ma50_200_weekly_top3,10.0,2019-08,0.0
qqq_dual_ma50_200_weekly_top3,10.0,2019-09,0.0
qqq_dual_ma50_200_weekly_top3,10.0,2019-10,0.0
qqq_dual_ma50_200_weekly_top3,10.0,2019-11,0.0
qqq_dual_ma50_200_weekly_top3,10.0,2019-12,0.0
qqq_dual_ma50_200_weekly_top3,10.0,2020-01,0.0
qqq_dual_ma50_200_weekly_top3,10.0,2020-02,0.0
qqq_dual_ma50_200_weekly_top3,10.0,2020-03,0.0
qqq_dual_ma50_200_weekly_top3,10.0,2020-04,0.11796833275262318
qqq_dual_ma50_200_weekly_top3,10.0,2020-05,0.12100677112496094
qqq_dual_ma50_200_weekly_top3,10.0,2020-06,0.20602533373730808
qqq_dual_ma50_200_weekly_top3,10.0,2020-07,0.15426206322681726
qqq_dual_ma50_200_weekly_top3,10.0,2020-08,0.3402735637593457
qqq_dual_ma50_200_weekly_top3,10.0,2020-09,-0.012162341258543246
qqq_dual_ma50_200_weekly_top3,10.0,2020-10,-0.07476884288047861
qqq_dual_ma50_200_weekly_top3,10.0,2020-11,0.18685816293539334
qqq_dual_ma50_200_weekly_top3,10.0,2020-12,-0.026756501560744005
qqq_dual_ma50_200_weekly_top3,10.0,2021-01,0.21779352547424977
qqq_dual_ma50_200_weekly_top3,10.0,2021-02,-0.10048399672258337
qqq_dual_ma50_200_weekly_top3,10.0,2021-03,-0.11269584611029962
qqq_dual_ma50_200_weekly_top3,10.0,2021-04,0.09169485673816576
qqq_dual_ma50_200_weekly_top3,10.0,2021-05,0.00015111267921852356
qqq_dual_ma50_200_weekly_top3,10.0,2021-06,0.0915316944969352
qqq_dual_ma50_200_weekly_top3,10.0,2021-07,0.03406721210083553
qqq_dual_ma50_200_weekly_top3,10.0,2021-08,0.07745124644215606
qqq_dual_ma50_200_weekly_top3,10.0,2021-09,-0.08457668076218486
qqq_dual_ma50_200_weekly_top3,10.0,2021-10,0.10324399268198607
qqq_dual_ma50_200_weekly_top3,10.0,2021-11,0.13244293004683078
qqq_dual_ma50_200_weekly_top3,10.0,2021-12,-0.06485971849500335
qqq_dual_ma50_200_weekly_top3,10.0,2022-01,-0.07084419656279085
qqq_dual_ma50_200_weekly_top3,10.0,2022-02,-0.024884571752703408
qqq_dual_ma50_200_weekly_top3,10.0,2022-03,0.09874560152088692
qqq_dual_ma50_200_weekly_top3,10.0,2022-04,-0.16837010675845415
qqq_dual_ma50_200_weekly_top3,10.0,2022-05,-0.074583893660514
qqq_dual_ma50_200_weekly_top3,10.0,2022-06,-0.06511568507455648
qqq_dual_ma50_200_weekly_top3,10.0,2022-07,0.029256794686292904
qqq_dual_ma50_200_weekly_top3,10.0,2022-08,0.0061415234012250864
qqq_dual_ma50_200_weekly_top3,10.0,2022-09,-0.012536206000997592
qqq_dual_ma50_200_weekly_top3,10.0,2022-10,0.04159880868267129
qqq_dual_ma50_200_weekly_top3,10.0,2022-11,0.17772962728556632
qqq_dual_ma50_200_weekly_top3,10.0,2022-12,-0.0371035111648447
qqq_dual_ma50_200_weekly_top3,10.0,2023-01,0.02960109277242059
qqq_dual_ma50_200_weekly_top3,10.0,2023-02,0.01564084390441175
qqq_dual_ma50_200_weekly_top3,10.0,2023-03,-0.056048583938972274
qqq_dual_ma50_200_weekly_top3,10.0,2023-04,0.03737134247642975
qqq_dual_ma50_200_weekly_top3,10.0,2023-05,0.18252707792943862
qqq_dual_ma50_200_weekly_top3,10.0,2023-06,0.016088629586839133
qqq_dual_ma50_200_weekly_top3,10.0,2023-07,0.06628253304932152
qqq_dual_ma50_200_weekly_top3,10.0,2023-08,0.005885621648025382
qqq_dual_ma50_200_weekly_top3,10.0,2023-09,-0.048329824665483405
qqq_dual_ma50_200_weekly_top3,10.0,2023-10,-0.004491577806324288
qqq_dual_ma50_200_weekly_top3,10.0,2023-11,0.16711960104484383
qqq_dual_ma50_200_weekly_top3,10.0,2023-12,0.012831312740848663
qqq_dual_ma50_200_weekly_top3,10.0,2024-01,0.021895493535194266
qqq_dual_ma50_200_weekly_top3,10.0,2024-02,0.0978329813362328
qqq_dual_ma50_200_weekly_top3,10.0,2024-03,-0.03042037609414768
qqq_dual_ma50_200_weekly_top3,10.0,2024-04,-0.07207462033296558
qqq_dual_ma50_200_weekly_top3,10.0,2024-05,0.1457954342729819
qqq_dual_ma50_200_weekly_top3,10.0,2024-06,0.0442553227118891
qqq_dual_ma50_200_weekly_top3,10.0,2024-07,-0.1680761160524668
qqq_dual_ma50_200_weekly_top3,10.0,2024-08,-0.1161436499386221
qqq_dual_ma50_200_weekly_top3,10.0,2024-09,0.15971536158796204
qqq_dual_ma50_200_weekly_top3,10.0,2024-10,0.010389605431994155
qqq_dual_ma50_200_weekly_top3,10.0,2024-11,0.13386021050989533
qqq_dual_ma50_200_weekly_top3,10.0,2024-12,0.011533515354588984
qqq_dual_ma50_200_weekly_top3,10.0,2025-01,0.07139126773331862
qqq_dual_ma50_200_weekly_top3,10.0,2025-02,0.08992799686931667
qqq_dual_ma50_200_weekly_top3,10.0,2025-03,-0.058923411988201724
qqq_dual_ma50_200_weekly_top3,10.0,2025-04,0.3046141544989148
qqq_dual_ma50_200_weekly_top3,10.0,2025-05,0.13408484987363362
qqq_dual_ma50_200_weekly_top3,10.0,2025-06,0.03966257874302939
qqq_dual_ma50_200_weekly_top3,10.0,2025-07,0.006439645845609337
qqq_dual_ma50_200_weekly_top3,10.0,2025-08,-0.047010613065157636
qqq_dual_ma50_200_weekly_top3,10.0,2025-09,0.06594537767132458
qqq_dual_ma50_200_weekly_top3,10.0,2025-10,0.24208675114413591
qqq_dual_ma50_200_weekly_top3,10.0,2025-11,-0.12056615926562299
qqq_dual_ma50_200_weekly_top3,10.0,2025-12,0.1407304859691418
qqq_dual_ma50_200_weekly_top3,10.0,2026-01,0.22763323750686262
qqq_dual_ma50_200_weekly_top3,10.0,2026-02,0.03709216461267334
qqq_dual_ma50_200_weekly_top3,10.0,2026-03,-0.0040509375327243274
qqq_dual_ma50_200_weekly_top3,10.0,2026-04,0.4355633493279396
qqq_triple_ma10_50_200_monthly_top1,0.0,2019-06,0.0
qqq_triple_ma10_50_200_monthly_top1,0.0,2019-07,0.0
qqq_triple_ma10_50_200_monthly_top1,0.0,2019-08,0.0
qqq_triple_ma10_50_200_monthly_top1,0.0,2019-09,0.0
qqq_triple_ma10_50_200_monthly_top1,0.0,2019-10,0.0
qqq_triple_ma10_50_200_monthly_top1,0.0,2019-11,0.0
qqq_triple_ma10_50_200_monthly_top1,0.0,2019-12,0.0
qqq_triple_ma10_50_200_monthly_top1,0.0,2020-01,0.0
qqq_triple_ma10_50_200_monthly_top1,0.0,2020-02,0.0
qqq_triple_ma10_50_200_monthly_top1,0.0,2020-03,0.0
qqq_triple_ma10_50_200_monthly_top1,0.0,2020-04,0.0
qqq_triple_ma10_50_200_monthly_top1,0.0,2020-05,0.135473066609758
qqq_triple_ma10_50_200_monthly_top1,0.0,2020-06,0.24983734433444227
qqq_triple_ma10_50_200_monthly_top1,0.0,2020-07,0.053348455499150016
qqq_triple_ma10_50_200_monthly_top1,0.0,2020-08,0.6292811099485733
qqq_triple_ma10_50_200_monthly_top1,0.0,2020-09,0.11135572332892196
qqq_triple_ma10_50_200_monthly_top1,0.0,2020-10,-0.11729260318652956
qqq_triple_ma10_50_200_monthly_top1,0.0,2020-11,-0.021000784223213165
qqq_triple_ma10_50_200_monthly_top1,0.0,2020-12,0.18242155308289842
qqq_triple_ma10_50_200_monthly_top1,0.0,2021-01,0.13496307139711117
qqq_triple_ma10_50_200_monthly_top1,0.0,2021-02,-0.14665344868732
qqq_triple_ma10_50_200_monthly_top1,0.0,2021-03,-0.24322814644502977
qqq_triple_ma10_50_200_monthly_top1,0.0,2021-04,-0.052053876895183926
qqq_triple_ma10_50_200_monthly_top1,0.0,2021-05,0.03879710199583997
qqq_triple_ma10_50_200_monthly_top1,0.0,2021-06,0.2839053090003104
qqq_triple_ma10_50_200_monthly_top1,0.0,2021-07,0.0027107066167296745
qqq_triple_ma10_50_200_monthly_top1,0.0,2021-08,0.1317557629738887
qqq_triple_ma10_50_200_monthly_top1,0.0,2021-09,-0.049271866007459364
qqq_triple_ma10_50_200_monthly_top1,0.0,2021-10,-0.03956911546375241
qqq_triple_ma10_50_200_monthly_top1,0.0,2021-11,0.26278901106961994
qqq_triple_ma10_50_200_monthly_top1,0.0,2021-12,-0.08386638838065097
qqq_triple_ma10_50_200_monthly_top1,0.0,2022-01,-0.19092492559851193
qqq_triple_ma10_50_200_monthly_top1,0.0,2022-02,-0.08375617979897276
qqq_triple_ma10_50_200_monthly_top1,0.0,2022-03,-0.04525260079362403
qqq_triple_ma10_50_200_monthly_top1,0.0,2022-04,-0.08418713514237508
qqq_triple_ma10_50_200_monthly_top1,0.0,2022-05,-0.09865971196511114
qqq_triple_ma10_50_200_monthly_top1,0.0,2022-06,-0.03494160575812366
qqq_triple_ma10_50_200_monthly_top1,0.0,2022-07,-0.0010723080748076264
qqq_triple_ma10_50_200_monthly_top1,0.0,2022-08,0.012250778726409228
qqq_triple_ma10_50_200_monthly_top1,0.0,2022-09,-0.0399941159310071
qqq_triple_ma10_50_200_monthly_top1,0.0,2022-10,0.032458081068898026
qqq_triple_ma10_50_200_monthly_top1,0.0,2022-11,0.0019193944305048172
qqq_triple_ma10_50_200_monthly_top1,0.0,2022-12,-0.16179251418991247
qqq_triple_ma10_50_200_monthly_top1,0.0,2023-01,0.14314919513454982
qqq_triple_ma10_50_200_monthly_top1,0.0,2023-02,-0.07069328719728951
qqq_triple_ma10_50_200_monthly_top1,0.0,2023-03,0.06852445013117037
qqq_triple_ma10_50_200_monthly_top1,0.0,2023-04,0.009772555062783406
qqq_triple_ma10_50_200_monthly_top1,0.0,2023-05,0.36266709434395805
qqq_triple_ma10_50_200_monthly_top1,0.0,2023-06,0.07410471340021052
qqq_triple_ma10_50_200_monthly_top1,0.0,2023-07,0.10879965826057236
qqq_triple_ma10_50_200_monthly_top1,0.0,2023-08,0.08242497223525935
qqq_triple_ma10_50_200_monthly_top1,0.0,2023-09,-0.11518587936060665
qqq_triple_ma10_50_200_monthly_top1,0.0,2023-10,-0.0456899578533998
qqq_triple_ma10_50_200_monthly_top1,0.0,2023-11,0.08135154448998527
qqq_triple_ma10_50_200_monthly_top1,0.0,2023-12,-0.005756701535211239
qqq_triple_ma10_50_200_monthly_top1,0.0,2024-01,-0.11126531481591728
qqq_triple_ma10_50_200_monthly_top1,0.0,2024-02,0.10706713790676059
qqq_triple_ma10_50_200_monthly_top1,0.0,2024-03,0.025597533219373636
qqq_triple_ma10_50_200_monthly_top1,0.0,2024-04,-0.09041705080034002
qqq_triple_ma10_50_200_monthly_top1,0.0,2024-05,0.13728979640517502
qqq_triple_ma10_50_200_monthly_top1,0.0,2024-06,0.08726699889344658
qqq_triple_ma10_50_200_monthly_top1,0.0,2024-07,-0.040073281182056
qqq_triple_ma10_50_200_monthly_top1,0.0,2024-08,0.013041001341733693
qqq_triple_ma10_50_200_monthly_top1,0.0,2024-09,0.06445962275402584
qqq_triple_ma10_50_200_monthly_top1,0.0,2024-10,0.1074497154827172
qqq_triple_ma10_50_200_monthly_top1,0.0,2024-11,0.36468591055603183
qqq_triple_ma10_50_200_monthly_top1,0.0,2024-12,0.009372799659780662
qqq_triple_ma10_50_200_monthly_top1,0.0,2025-01,0.07858030484715361
qqq_triple_ma10_50_200_monthly_top1,0.0,2025-02,0.08516193895197077
qqq_triple_ma10_50_200_monthly_top1,0.0,2025-03,-0.2218363644603878
qqq_triple_ma10_50_200_monthly_top1,0.0,2025-04,-0.05458134328133346
qqq_triple_ma10_50_200_monthly_top1,0.0,2025-05,0.09943645531536238
qqq_triple_ma10_50_200_monthly_top1,0.0,2025-06,0.03479339042125973
qqq_triple_ma10_50_200_monthly_top1,0.0,2025-07,0.14105772764045388
qqq_triple_ma10_50_200_monthly_top1,0.0,2025-08,-0.008737807899370287
qqq_triple_ma10_50_200_monthly_top1,0.0,2025-09,0.18769175047412534
qqq_triple_ma10_50_200_monthly_top1,0.0,2025-10,0.12923277151607027
qqq_triple_ma10_50_200_monthly_top1,0.0,2025-11,-0.07874614130111246
qqq_triple_ma10_50_200_monthly_top1,0.0,2025-12,0.23605853303121493
qqq_triple_ma10_50_200_monthly_top1,0.0,2026-01,0.37615072904012803
qqq_triple_ma10_50_200_monthly_top1,0.0,2026-02,0.1277959793154757
qqq_triple_ma10_50_200_monthly_top1,0.0,2026-03,0.0637094327553901
qqq_triple_ma10_50_200_monthly_top1,0.0,2026-04,0.462211911074202
qqq_triple_ma10_50_200_monthly_top1,1.0,2019-06,0.0
qqq_triple_ma10_50_200_monthly_top1,1.0,2019-07,0.0
qqq_triple_ma10_50_200_monthly_top1,1.0,2019-08,0.0
qqq_triple_ma10_50_200_monthly_top1,1.0,2019-09,0.0
qqq_triple_ma10_50_200_monthly_top1,1.0,2019-10,0.0
qqq_triple_ma10_50_200_monthly_top1,1.0,2019-11,0.0
qqq_triple_ma10_50_200_monthly_top1,1.0,2019-12,0.0
qqq_triple_ma10_50_200_monthly_top1,1.0,2020-01,0.0
qqq_triple_ma10_50_200_monthly_top1,1.0,2020-02,0.0
qqq_triple_ma10_50_200_monthly_top1,1.0,2020-03,0.0
qqq_triple_ma10_50_200_monthly_top1,1.0,2020-04,0.0
qqq_triple_ma10_50_200_monthly_top1,1.0,2020-05,0.135373066609758
qqq_triple_ma10_50_200_monthly_top1,1.0,2020-06,0.24983734433444227
qqq_triple_ma10_50_200_monthly_top1,1.0,2020-07,0.05314845549915001
qqq_triple_ma10_50_200_monthly_top1,1.0,2020-08,0.6292811099485733
qqq_triple_ma10_50_200_monthly_top1,1.0,2020-09,0.11135572332892196
qqq_triple_ma10_50_200_monthly_top1,1.0,2020-10,-0.11749260318652957
qqq_triple_ma10_50_200_monthly_top1,1.0,2020-11,-0.02120078422321317
qqq_triple_ma10_50_200_monthly_top1,1.0,2020-12,0.18222155308289842
qqq_triple_ma10_50_200_monthly_top1,1.0,2021-01,0.13496307139711117
qqq_triple_ma10_50_200_monthly_top1,1.0,2021-02,-0.14665344868732
qqq_triple_ma10_50_200_monthly_top1,1.0,2021-03,-0.24342814644502977
qqq_triple_ma10_50_200_monthly_top1,1.0,2021-04,-0.052253876895183925
qqq_triple_ma10_50_200_monthly_top1,1.0,2021-05,0.03859710199583996
qqq_triple_ma10_50_200_monthly_top1,1.0,2021-06,0.28370530900031043
qqq_triple_ma10_50_200_monthly_top1,1.0,2021-07,0.0025107066167296688
qqq_triple_ma10_50_200_monthly_top1,1.0,2021-08,0.13155576297388868
qqq_triple_ma10_50_200_monthly_top1,1.0,2021-09,-0.049271866007459364
qqq_triple_ma10_50_200_monthly_top1,1.0,2021-10,-0.03956911546375241
qqq_triple_ma10_50_200_monthly_top1,1.0,2021-11,0.26258901106961996
qqq_triple_ma10_50_200_monthly_top1,1.0,2021-12,-0.08386638838065097
qqq_triple_ma10_50_200_monthly_top1,1.0,2022-01,-0.19112492559851194
qqq_triple_ma10_50_200_monthly_top1,1.0,2022-02,-0.08395617979897277
qqq_triple_ma10_50_200_monthly_top1,1.0,2022-03,-0.04545260079362404
qqq_triple_ma10_50_200_monthly_top1,1.0,2022-04,-0.08438713514237509
qqq_triple_ma10_50_200_monthly_top1,1.0,2022-05,-0.09885971196511115
qqq_triple_ma10_50_200_monthly_top1,1.0,2022-06,-0.03514160575812366
qqq_triple_ma10_50_200_monthly_top1,1.0,2022-07,-0.0012723080748076251
qqq_triple_ma10_50_200_monthly_top1,1.0,2022-08,0.012250778726409228
qqq_triple_ma10_50_200_monthly_top1,1.0,2022-09,-0.0401941159310071
qqq_triple_ma10_50_200_monthly_top1,1.0,2022-10,0.03225808106889802
qqq_triple_ma10_50_200_monthly_top1,1.0,2022-11,0.0017193944305048184
qqq_triple_ma10_50_200_monthly_top1,1.0,2022-12,-0.16199251418991248
qqq_triple_ma10_50_200_monthly_top1,1.0,2023-01,0.14294919513454982
qqq_triple_ma10_50_200_monthly_top1,1.0,2023-02,-0.07089328719728952
qqq_triple_ma10_50_200_monthly_top1,1.0,2023-03,0.06852445013117037
qqq_triple_ma10_50_200_monthly_top1,1.0,2023-04,0.009572555062783407
qqq_triple_ma10_50_200_monthly_top1,1.0,2023-05,0.36266709434395805
qqq_triple_ma10_50_200_monthly_top1,1.0,2023-06,0.07390471340021051
qqq_triple_ma10_50_200_monthly_top1,1.0,2023-07,0.10879965826057236
qqq_triple_ma10_50_200_monthly_top1,1.0,2023-08,0.08222497223525935
qqq_triple_ma10_50_200_monthly_top1,1.0,2023-09,-0.11518587936060665
qqq_triple_ma10_50_200_monthly_top1,1.0,2023-10,-0.0458899578533998
qqq_triple_ma10_50_200_monthly_top1,1.0,2023-11,0.08115154448998527
qqq_triple_ma10_50_200_monthly_top1,1.0,2023-12,-0.005956701535211238
qqq_triple_ma10_50_200_monthly_top1,1.0,2024-01,-0.11126531481591728
qqq_triple_ma10_50_200_monthly_top1,1.0,2024-02,0.10686713790676058
qqq_triple_ma10_50_200_monthly_top1,1.0,2024-03,0.025597533219373636
qqq_triple_ma10_50_200_monthly_top1,1.0,2024-04,-0.09041705080034002
qqq_triple_ma10_50_200_monthly_top1,1.0,2024-05,0.13708979640517502
qqq_triple_ma10_50_200_monthly_top1,1.0,2024-06,0.08706699889344657
qqq_triple_ma10_50_200_monthly_top1,1.0,2024-07,-0.040073281182056
qqq_triple_ma10_50_200_monthly_top1,1.0,2024-08,0.012841001341733688
qqq_triple_ma10_50_200_monthly_top1,1.0,2024-09,0.06425962275402583
qqq_triple_ma10_50_200_monthly_top1,1.0,2024-10,0.1074497154827172
qqq_triple_ma10_50_200_monthly_top1,1.0,2024-11,0.36448591055603186
qqq_triple_ma10_50_200_monthly_top1,1.0,2024-12,0.009172799659780656
qqq_triple_ma10_50_200_monthly_top1,1.0,2025-01,0.07858030484715361
qqq_triple_ma10_50_200_monthly_top1,1.0,2025-02,0.08516193895197077
qqq_triple_ma10_50_200_monthly_top1,1.0,2025-03,-0.2218363644603878
qqq_triple_ma10_50_200_monthly_top1,1.0,2025-04,-0.05478134328133347
qqq_triple_ma10_50_200_monthly_top1,1.0,2025-05,0.09923645531536238
qqq_triple_ma10_50_200_monthly_top1,1.0,2025-06,0.03479339042125973
qqq_triple_ma10_50_200_monthly_top1,1.0,2025-07,0.14105772764045388
qqq_triple_ma10_50_200_monthly_top1,1.0,2025-08,-0.008737807899370287
qqq_triple_ma10_50_200_monthly_top1,1.0,2025-09,0.18769175047412534
qqq_triple_ma10_50_200_monthly_top1,1.0,2025-10,0.12923277151607027
qqq_triple_ma10_50_200_monthly_top1,1.0,2025-11,-0.07894614130111247
qqq_triple_ma10_50_200_monthly_top1,1.0,2025-12,0.23585853303121493
qqq_triple_ma10_50_200_monthly_top1,1.0,2026-01,0.37595072904012805
qqq_triple_ma10_50_200_monthly_top1,1.0,2026-02,0.1277959793154757
qqq_triple_ma10_50_200_monthly_top1,1.0,2026-03,0.0637094327553901
qqq_triple_ma10_50_200_monthly_top1,1.0,2026-04,0.462211911074202
qqq_triple_ma10_50_200_monthly_top1,2.0,2019-06,0.0
qqq_triple_ma10_50_200_monthly_top1,2.0,2019-07,0.0
qqq_triple_ma10_50_200_monthly_top1,2.0,2019-08,0.0
qqq_triple_ma10_50_200_monthly_top1,2.0,2019-09,0.0
qqq_triple_ma10_50_200_monthly_top1,2.0,2019-10,0.0
qqq_triple_ma10_50_200_monthly_top1,2.0,2019-11,0.0
qqq_triple_ma10_50_200_monthly_top1,2.0,2019-12,0.0
qqq_triple_ma10_50_200_monthly_top1,2.0,2020-01,0.0
qqq_triple_ma10_50_200_monthly_top1,2.0,2020-02,0.0
qqq_triple_ma10_50_200_monthly_top1,2.0,2020-03,0.0
qqq_triple_ma10_50_200_monthly_top1,2.0,2020-04,0.0
qqq_triple_ma10_50_200_monthly_top1,2.0,2020-05,0.135273066609758
qqq_triple_ma10_50_200_monthly_top1,2.0,2020-06,0.24983734433444227
qqq_triple_ma10_50_200_monthly_top1,2.0,2020-07,0.05294845549915002
qqq_triple_ma10_50_200_monthly_top1,2.0,2020-08,0.6292811099485733
qqq_triple_ma10_50_200_monthly_top1,2.0,2020-09,0.11135572332892196
qqq_triple_ma10_50_200_monthly_top1,2.0,2020-10,-0.11769260318652956
qqq_triple_ma10_50_200_monthly_top1,2.0,2020-11,-0.021400784223213162
qqq_triple_ma10_50_200_monthly_top1,2.0,2020-12,0.1820215530828984
qqq_triple_ma10_50_200_monthly_top1,2.0,2021-01,0.13496307139711117
qqq_triple_ma10_50_200_monthly_top1,2.0,2021-02,-0.14665344868732
qqq_triple_ma10_50_200_monthly_top1,2.0,2021-03,-0.24362814644502978
qqq_triple_ma10_50_200_monthly_top1,2.0,2021-04,-0.052453876895183923
qqq_triple_ma10_50_200_monthly_top1,2.0,2021-05,0.03839710199583997
qqq_triple_ma10_50_200_monthly_top1,2.0,2021-06,0.2835053090003104
qqq_triple_ma10_50_200_monthly_top1,2.0,2021-07,0.002310706616729677
qqq_triple_ma10_50_200_monthly_top1,2.0,2021-08,0.13135576297388868
qqq_triple_ma10_50_200_monthly_top1,2.0,2021-09,-0.049271866007459364
qqq_triple_ma10_50_200_monthly_top1,2.0,2021-10,-0.03956911546375241
qqq_triple_ma10_50_200_monthly_top1,2.0,2021-11,0.2623890110696199
qqq_triple_ma10_50_200_monthly_top1,2.0,2021-12,-0.08386638838065097
qqq_triple_ma10_50_200_monthly_top1,2.0,2022-01,-0.19132492559851194
qqq_triple_ma10_50_200_monthly_top1,2.0,2022-02,-0.08415617979897276
qqq_triple_ma10_50_200_monthly_top1,2.0,2022-03,-0.04565260079362403
qqq_triple_ma10_50_200_monthly_top1,2.0,2022-04,-0.08458713514237508
qqq_triple_ma10_50_200_monthly_top1,2.0,2022-05,-0.09905971196511114
qqq_triple_ma10_50_200_monthly_top1,2.0,2022-06,-0.03534160575812366
qqq_triple_ma10_50_200_monthly_top1,2.0,2022-07,-0.0014723080748076274
qqq_triple_ma10_50_200_monthly_top1,2.0,2022-08,0.012250778726409228
qqq_triple_ma10_50_200_monthly_top1,2.0,2022-09,-0.0403941159310071
qqq_triple_ma10_50_200_monthly_top1,2.0,2022-10,0.032058081068898014
qqq_triple_ma10_50_200_monthly_top1,2.0,2022-11,0.0015193944305048196
qqq_triple_ma10_50_200_monthly_top1,2.0,2022-12,-0.16219251418991248
qqq_triple_ma10_50_200_monthly_top1,2.0,2023-01,0.1427491951345498
qqq_triple_ma10_50_200_monthly_top1,2.0,2023-02,-0.07109328719728951
qqq_triple_ma10_50_200_monthly_top1,2.0,2023-03,0.06852445013117037
qqq_triple_ma10_50_200_monthly_top1,2.0,2023-04,0.009372555062783408
qqq_triple_ma10_50_200_monthly_top1,2.0,2023-05,0.36266709434395805
qqq_triple_ma10_50_200_monthly_top1,2.0,2023-06,0.07370471340021052
qqq_triple_ma10_50_200_monthly_top1,2.0,2023-07,0.10879965826057236
qqq_triple_ma10_50_200_monthly_top1,2.0,2023-08,0.08202497223525936
qqq_triple_ma10_50_200_monthly_top1,2.0,2023-09,-0.11518587936060665
qqq_triple_ma10_50_200_monthly_top1,2.0,2023-10,-0.046089957853399796
qqq_triple_ma10_50_200_monthly_top1,2.0,2023-11,0.08095154448998527
qqq_triple_ma10_50_200_monthly_top1,2.0,2023-12,-0.006156701535211237
qqq_triple_ma10_50_200_monthly_top1,2.0,2024-01,-0.11126531481591728
qqq_triple_ma10_50_200_monthly_top1,2.0,2024-02,0.10666713790676059
qqq_triple_ma10_50_200_monthly_top1,2.0,2024-03,0.025597533219373636
qqq_triple_ma10_50_200_monthly_top1,2.0,2024-04,-0.09041705080034002
qqq_triple_ma10_50_200_monthly_top1,2.0,2024-05,0.136889796405175
qqq_triple_ma10_50_200_monthly_top1,2.0,2024-06,0.08686699889344658
qqq_triple_ma10_50_200_monthly_top1,2.0,2024-07,-0.040073281182056
qqq_triple_ma10_50_200_monthly_top1,2.0,2024-08,0.012641001341733682
qqq_triple_ma10_50_200_monthly_top1,2.0,2024-09,0.06405962275402584
qqq_triple_ma10_50_200_monthly_top1,2.0,2024-10,0.1074497154827172
qqq_triple_ma10_50_200_monthly_top1,2.0,2024-11,0.3642859105560318
qqq_triple_ma10_50_200_monthly_top1,2.0,2024-12,0.008972799659780664
qqq_triple_ma10_50_200_monthly_top1,2.0,2025-01,0.07858030484715361
qqq_triple_ma10_50_200_monthly_top1,2.0,2025-02,0.08516193895197077
qqq_triple_ma10_50_200_monthly_top1,2.0,2025-03,-0.2218363644603878
qqq_triple_ma10_50_200_monthly_top1,2.0,2025-04,-0.05498134328133346
qqq_triple_ma10_50_200_monthly_top1,2.0,2025-05,0.09903645531536238
qqq_triple_ma10_50_200_monthly_top1,2.0,2025-06,0.03479339042125973
qqq_triple_ma10_50_200_monthly_top1,2.0,2025-07,0.14105772764045388
qqq_triple_ma10_50_200_monthly_top1,2.0,2025-08,-0.008737807899370287
qqq_triple_ma10_50_200_monthly_top1,2.0,2025-09,0.18769175047412534
qqq_triple_ma10_50_200_monthly_top1,2.0,2025-10,0.12923277151607027
qqq_triple_ma10_50_200_monthly_top1,2.0,2025-11,-0.07914614130111246
qqq_triple_ma10_50_200_monthly_top1,2.0,2025-12,0.23565853303121492
qqq_triple_ma10_50_200_monthly_top1,2.0,2026-01,0.375750729040128
qqq_triple_ma10_50_200_monthly_top1,2.0,2026-02,0.1277959793154757
qqq_triple_ma10_50_200_monthly_top1,2.0,2026-03,0.0637094327553901
qqq_triple_ma10_50_200_monthly_top1,2.0,2026-04,0.462211911074202
qqq_triple_ma10_50_200_monthly_top1,5.0,2019-06,0.0
qqq_triple_ma10_50_200_monthly_top1,5.0,2019-07,0.0
qqq_triple_ma10_50_200_monthly_top1,5.0,2019-08,0.0
qqq_triple_ma10_50_200_monthly_top1,5.0,2019-09,0.0
qqq_triple_ma10_50_200_monthly_top1,5.0,2019-10,0.0
qqq_triple_ma10_50_200_monthly_top1,5.0,2019-11,0.0
qqq_triple_ma10_50_200_monthly_top1,5.0,2019-12,0.0
qqq_triple_ma10_50_200_monthly_top1,5.0,2020-01,0.0
qqq_triple_ma10_50_200_monthly_top1,5.0,2020-02,0.0
qqq_triple_ma10_50_200_monthly_top1,5.0,2020-03,0.0
qqq_triple_ma10_50_200_monthly_top1,5.0,2020-04,0.0
qqq_triple_ma10_50_200_monthly_top1,5.0,2020-05,0.134973066609758
qqq_triple_ma10_50_200_monthly_top1,5.0,2020-06,0.24983734433444227
qqq_triple_ma10_50_200_monthly_top1,5.0,2020-07,0.052348455499150015
qqq_triple_ma10_50_200_monthly_top1,5.0,2020-08,0.6292811099485733
qqq_triple_ma10_50_200_monthly_top1,5.0,2020-09,0.11135572332892196
qqq_triple_ma10_50_200_monthly_top1,5.0,2020-10,-0.11829260318652957
qqq_triple_ma10_50_200_monthly_top1,5.0,2020-11,-0.022000784223213166
qqq_triple_ma10_50_200_monthly_top1,5.0,2020-12,0.18142155308289842
qqq_triple_ma10_50_200_monthly_top1,5.0,2021-01,0.13496307139711117
qqq_triple_ma10_50_200_monthly_top1,5.0,2021-02,-0.14665344868732
qqq_triple_ma10_50_200_monthly_top1,5.0,2021-03,-0.24422814644502977
qqq_triple_ma10_50_200_monthly_top1,5.0,2021-04,-0.05305387689518393
qqq_triple_ma10_50_200_monthly_top1,5.0,2021-05,0.037797101995839966
qqq_triple_ma10_50_200_monthly_top1,5.0,2021-06,0.2829053090003104
qqq_triple_ma10_50_200_monthly_top1,5.0,2021-07,0.0017107066167296736
qqq_triple_ma10_50_200_monthly_top1,5.0,2021-08,0.1307557629738887
qqq_triple_ma10_50_200_monthly_top1,5.0,2021-09,-0.049271866007459364
qqq_triple_ma10_50_200_monthly_top1,5.0,2021-10,-0.03956911546375241
qqq_triple_ma10_50_200_monthly_top1,5.0,2021-11,0.26178901106961994
qqq_triple_ma10_50_200_monthly_top1,5.0,2021-12,-0.08386638838065097
qqq_triple_ma10_50_200_monthly_top1,5.0,2022-01,-0.19192492559851193
qqq_triple_ma10_50_200_monthly_top1,5.0,2022-02,-0.08475617979897276
qqq_triple_ma10_50_200_monthly_top1,5.0,2022-03,-0.04625260079362403
qqq_triple_ma10_50_200_monthly_top1,5.0,2022-04,-0.08518713514237508
qqq_triple_ma10_50_200_monthly_top1,5.0,2022-05,-0.09965971196511114
qqq_triple_ma10_50_200_monthly_top1,5.0,2022-06,-0.03594160575812366
qqq_triple_ma10_50_200_monthly_top1,5.0,2022-07,-0.0020723080748076272
qqq_triple_ma10_50_200_monthly_top1,5.0,2022-08,0.012250778726409228
qqq_triple_ma10_50_200_monthly_top1,5.0,2022-09,-0.0409941159310071
qqq_triple_ma10_50_200_monthly_top1,5.0,2022-10,0.031458081068898025
qqq_triple_ma10_50_200_monthly_top1,5.0,2022-11,0.0009193944305048163
qqq_triple_ma10_50_200_monthly_top1,5.0,2022-12,-0.16279251418991247
qqq_triple_ma10_50_200_monthly_top1,5.0,2023-01,0.14214919513454982
qqq_triple_ma10_50_200_monthly_top1,5.0,2023-02,-0.07169328719728951
qqq_triple_ma10_50_200_monthly_top1,5.0,2023-03,0.06852445013117037
qqq_triple_ma10_50_200_monthly_top1,5.0,2023-04,0.008772555062783405
qqq_triple_ma10_50_200_monthly_top1,5.0,2023-05,0.36266709434395805
qqq_triple_ma10_50_200_monthly_top1,5.0,2023-06,0.07310471340021052
qqq_triple_ma10_50_200_monthly_top1,5.0,2023-07,0.10879965826057236
qqq_triple_ma10_50_200_monthly_top1,5.0,2023-08,0.08142497223525935
qqq_triple_ma10_50_200_monthly_top1,5.0,2023-09,-0.11518587936060665
qqq_triple_ma10_50_200_monthly_top1,5.0,2023-10,-0.0466899578533998
qqq_triple_ma10_50_200_monthly_top1,5.0,2023-11,0.08035154448998527
qqq_triple_ma10_50_200_monthly_top1,5.0,2023-12,-0.00675670153521124
qqq_triple_ma10_50_200_monthly_top1,5.0,2024-01,-0.11126531481591728
qqq_triple_ma10_50_200_monthly_top1,5.0,2024-02,0.10606713790676059
qqq_triple_ma10_50_200_monthly_top1,5.0,2024-03,0.025597533219373636
qqq_triple_ma10_50_200_monthly_top1,5.0,2024-04,-0.09041705080034002
qqq_triple_ma10_50_200_monthly_top1,5.0,2024-05,0.13628979640517502
qqq_triple_ma10_50_200_monthly_top1,5.0,2024-06,0.08626699889344658
qqq_triple_ma10_50_200_monthly_top1,5.0,2024-07,-0.040073281182056
qqq_triple_ma10_50_200_monthly_top1,5.0,2024-08,0.012041001341733693
qqq_triple_ma10_50_200_monthly_top1,5.0,2024-09,0.06345962275402584
qqq_triple_ma10_50_200_monthly_top1,5.0,2024-10,0.1074497154827172
qqq_triple_ma10_50_200_monthly_top1,5.0,2024-11,0.36368591055603183
qqq_triple_ma10_50_200_monthly_top1,5.0,2024-12,0.008372799659780661
qqq_triple_ma10_50_200_monthly_top1,5.0,2025-01,0.07858030484715361
qqq_triple_ma10_50_200_monthly_top1,5.0,2025-02,0.08516193895197077
qqq_triple_ma10_50_200_monthly_top1,5.0,2025-03,-0.2218363644603878
qqq_triple_ma10_50_200_monthly_top1,5.0,2025-04,-0.05558134328133346
qqq_triple_ma10_50_200_monthly_top1,5.0,2025-05,0.09843645531536238
qqq_triple_ma10_50_200_monthly_top1,5.0,2025-06,0.03479339042125973
qqq_triple_ma10_50_200_monthly_top1,5.0,2025-07,0.14105772764045388
qqq_triple_ma10_50_200_monthly_top1,5.0,2025-08,-0.008737807899370287
qqq_triple_ma10_50_200_monthly_top1,5.0,2025-09,0.18769175047412534
qqq_triple_ma10_50_200_monthly_top1,5.0,2025-10,0.12923277151607027
qqq_triple_ma10_50_200_monthly_top1,5.0,2025-11,-0.07974614130111246
qqq_triple_ma10_50_200_monthly_top1,5.0,2025-12,0.23505853303121493
qqq_triple_ma10_50_200_monthly_top1,5.0,2026-01,0.37515072904012803
qqq_triple_ma10_50_200_monthly_top1,5.0,2026-02,0.1277959793154757
qqq_triple_ma10_50_200_monthly_top1,5.0,2026-03,0.0637094327553901
qqq_triple_ma10_50_200_monthly_top1,5.0,2026-04,0.462211911074202
qqq_triple_ma10_50_200_monthly_top1,10.0,2019-06,0.0
qqq_triple_ma10_50_200_monthly_top1,10.0,2019-07,0.0
qqq_triple_ma10_50_200_monthly_top1,10.0,2019-08,0.0
qqq_triple_ma10_50_200_monthly_top1,10.0,2019-09,0.0
qqq_triple_ma10_50_200_monthly_top1,10.0,2019-10,0.0
qqq_triple_ma10_50_200_monthly_top1,10.0,2019-11,0.0
qqq_triple_ma10_50_200_monthly_top1,10.0,2019-12,0.0
qqq_triple_ma10_50_200_monthly_top1,10.0,2020-01,0.0
qqq_triple_ma10_50_200_monthly_top1,10.0,2020-02,0.0
qqq_triple_ma10_50_200_monthly_top1,10.0,2020-03,0.0
qqq_triple_ma10_50_200_monthly_top1,10.0,2020-04,0.0
qqq_triple_ma10_50_200_monthly_top1,10.0,2020-05,0.134473066609758
qqq_triple_ma10_50_200_monthly_top1,10.0,2020-06,0.24983734433444227
qqq_triple_ma10_50_200_monthly_top1,10.0,2020-07,0.051348455499150014
qqq_triple_ma10_50_200_monthly_top1,10.0,2020-08,0.6292811099485733
qqq_triple_ma10_50_200_monthly_top1,10.0,2020-09,0.11135572332892196
qqq_triple_ma10_50_200_monthly_top1,10.0,2020-10,-0.11929260318652957
qqq_triple_ma10_50_200_monthly_top1,10.0,2020-11,-0.023000784223213167
qqq_triple_ma10_50_200_monthly_top1,10.0,2020-12,0.18042155308289842
qqq_triple_ma10_50_200_monthly_top1,10.0,2021-01,0.13496307139711117
qqq_triple_ma10_50_200_monthly_top1,10.0,2021-02,-0.14665344868732
qqq_triple_ma10_50_200_monthly_top1,10.0,2021-03,-0.24522814644502977
qqq_triple_ma10_50_200_monthly_top1,10.0,2021-04,-0.05405387689518393
qqq_triple_ma10_50_200_monthly_top1,10.0,2021-05,0.036797101995839965
qqq_triple_ma10_50_200_monthly_top1,10.0,2021-06,0.2819053090003104
qqq_triple_ma10_50_200_monthly_top1,10.0,2021-07,0.0007107066167296727
qqq_triple_ma10_50_200_monthly_top1,10.0,2021-08,0.1297557629738887
qqq_triple_ma10_50_200_monthly_top1,10.0,2021-09,-0.049271866007459364
qqq_triple_ma10_50_200_monthly_top1,10.0,2021-10,-0.03956911546375241
qqq_triple_ma10_50_200_monthly_top1,10.0,2021-11,0.26078901106961994
qqq_triple_ma10_50_200_monthly_top1,10.0,2021-12,-0.08386638838065097
qqq_triple_ma10_50_200_monthly_top1,10.0,2022-01,-0.19292492559851193
qqq_triple_ma10_50_200_monthly_top1,10.0,2022-02,-0.08575617979897276
qqq_triple_ma10_50_200_monthly_top1,10.0,2022-03,-0.04725260079362403
qqq_triple_ma10_50_200_monthly_top1,10.0,2022-04,-0.08618713514237508
qqq_triple_ma10_50_200_monthly_top1,10.0,2022-05,-0.10065971196511114
qqq_triple_ma10_50_200_monthly_top1,10.0,2022-06,-0.03694160575812366
qqq_triple_ma10_50_200_monthly_top1,10.0,2022-07,-0.003072308074807628
qqq_triple_ma10_50_200_monthly_top1,10.0,2022-08,0.012250778726409228
qqq_triple_ma10_50_200_monthly_top1,10.0,2022-09,-0.0419941159310071
qqq_triple_ma10_50_200_monthly_top1,10.0,2022-10,0.030458081068898024
qqq_triple_ma10_50_200_monthly_top1,10.0,2022-11,-8.06055694951846e-05
qqq_triple_ma10_50_200_monthly_top1,10.0,2022-12,-0.16379251418991247
qqq_triple_ma10_50_200_monthly_top1,10.0,2023-01,0.14114919513454982
qqq_triple_ma10_50_200_monthly_top1,10.0,2023-02,-0.07269328719728951
qqq_triple_ma10_50_200_monthly_top1,10.0,2023-03,0.06852445013117037
qqq_triple_ma10_50_200_monthly_top1,10.0,2023-04,0.007772555062783404
qqq_triple_ma10_50_200_monthly_top1,10.0,2023-05,0.36266709434395805
qqq_triple_ma10_50_200_monthly_top1,10.0,2023-06,0.07210471340021052
qqq_triple_ma10_50_200_monthly_top1,10.0,2023-07,0.10879965826057236
qqq_triple_ma10_50_200_monthly_top1,10.0,2023-08,0.08042497223525935
qqq_triple_ma10_50_200_monthly_top1,10.0,2023-09,-0.11518587936060665
qqq_triple_ma10_50_200_monthly_top1,10.0,2023-10,-0.0476899578533998
qqq_triple_ma10_50_200_monthly_top1,10.0,2023-11,0.07935154448998527
qqq_triple_ma10_50_200_monthly_top1,10.0,2023-12,-0.007756701535211241
qqq_triple_ma10_50_200_monthly_top1,10.0,2024-01,-0.11126531481591728
qqq_triple_ma10_50_200_monthly_top1,10.0,2024-02,0.10506713790676059
qqq_triple_ma10_50_200_monthly_top1,10.0,2024-03,0.025597533219373636
qqq_triple_ma10_50_200_monthly_top1,10.0,2024-04,-0.09041705080034002
qqq_triple_ma10_50_200_monthly_top1,10.0,2024-05,0.13528979640517502
qqq_triple_ma10_50_200_monthly_top1,10.0,2024-06,0.08526699889344658
qqq_triple_ma10_50_200_monthly_top1,10.0,2024-07,-0.040073281182056
qqq_triple_ma10_50_200_monthly_top1,10.0,2024-08,0.011041001341733692
qqq_triple_ma10_50_200_monthly_top1,10.0,2024-09,0.062459622754025834
qqq_triple_ma10_50_200_monthly_top1,10.0,2024-10,0.1074497154827172
qqq_triple_ma10_50_200_monthly_top1,10.0,2024-11,0.36268591055603183
qqq_triple_ma10_50_200_monthly_top1,10.0,2024-12,0.00737279965978066
qqq_triple_ma10_50_200_monthly_top1,10.0,2025-01,0.07858030484715361
qqq_triple_ma10_50_200_monthly_top1,10.0,2025-02,0.08516193895197077
qqq_triple_ma10_50_200_monthly_top1,10.0,2025-03,-0.2218363644603878
qqq_triple_ma10_50_200_monthly_top1,10.0,2025-04,-0.05658134328133346
qqq_triple_ma10_50_200_monthly_top1,10.0,2025-05,0.09743645531536238
qqq_triple_ma10_50_200_monthly_top1,10.0,2025-06,0.03479339042125973
qqq_triple_ma10_50_200_monthly_top1,10.0,2025-07,0.14105772764045388
qqq_triple_ma10_50_200_monthly_top1,10.0,2025-08,-0.008737807899370287
qqq_triple_ma10_50_200_monthly_top1,10.0,2025-09,0.18769175047412534
qqq_triple_ma10_50_200_monthly_top1,10.0,2025-10,0.12923277151607027
qqq_triple_ma10_50_200_monthly_top1,10.0,2025-11,-0.08074614130111246
qqq_triple_ma10_50_200_monthly_top1,10.0,2025-12,0.23405853303121493
qqq_triple_ma10_50_200_monthly_top1,10.0,2026-01,0.374150729040128
qqq_triple_ma10_50_200_monthly_top1,10.0,2026-02,0.1277959793154757
qqq_triple_ma10_50_200_monthly_top1,10.0,2026-03,0.0637094327553901
qqq_triple_ma10_50_200_monthly_top1,10.0,2026-04,0.462211911074202
qqq_triple_ma10_50_200_monthly_top10,0.0,2019-06,0.0
qqq_triple_ma10_50_200_monthly_top10,0.0,2019-07,0.0
qqq_triple_ma10_50_200_monthly_top10,0.0,2019-08,0.0
qqq_triple_ma10_50_200_monthly_top10,0.0,2019-09,0.0
qqq_triple_ma10_50_200_monthly_top10,0.0,2019-10,0.0
qqq_triple_ma10_50_200_monthly_top10,0.0,2019-11,0.0
qqq_triple_ma10_50_200_monthly_top10,0.0,2019-12,0.0
qqq_triple_ma10_50_200_monthly_top10,0.0,2020-01,0.0
qqq_triple_ma10_50_200_monthly_top10,0.0,2020-02,0.0
qqq_triple_ma10_50_200_monthly_top10,0.0,2020-03,0.0
qqq_triple_ma10_50_200_monthly_top10,0.0,2020-04,0.0
qqq_triple_ma10_50_200_monthly_top10,0.0,2020-05,0.12841909259365927
qqq_triple_ma10_50_200_monthly_top10,0.0,2020-06,0.11302424641542744
qqq_triple_ma10_50_200_monthly_top10,0.0,2020-07,0.1357844530423648
qqq_triple_ma10_50_200_monthly_top10,0.0,2020-08,0.1676977587121618
qqq_triple_ma10_50_200_monthly_top10,0.0,2020-09,-0.03309634951950029
qqq_triple_ma10_50_200_monthly_top10,0.0,2020-10,-0.03349286761746717
qqq_triple_ma10_50_200_monthly_top10,0.0,2020-11,0.22418343131893495
qqq_triple_ma10_50_200_monthly_top10,0.0,2020-12,0.07211421419721438
qqq_triple_ma10_50_200_monthly_top10,0.0,2021-01,0.07638363391159504
qqq_triple_ma10_50_200_monthly_top10,0.0,2021-02,-0.01129624863871883
qqq_triple_ma10_50_200_monthly_top10,0.0,2021-03,-0.07101811967526672
qqq_triple_ma10_50_200_monthly_top10,0.0,2021-04,0.025457710056269976
qqq_triple_ma10_50_200_monthly_top10,0.0,2021-05,0.01566584968605663
qqq_triple_ma10_50_200_monthly_top10,0.0,2021-06,0.03886482511807981
qqq_triple_ma10_50_200_monthly_top10,0.0,2021-07,0.10029589906736273
qqq_triple_ma10_50_200_monthly_top10,0.0,2021-08,0.08808308240490219
qqq_triple_ma10_50_200_monthly_top10,0.0,2021-09,-0.0888599417641918
qqq_triple_ma10_50_200_monthly_top10,0.0,2021-10,0.07834442574661375
qqq_triple_ma10_50_200_monthly_top10,0.0,2021-11,0.032920921976257275
qqq_triple_ma10_50_200_monthly_top10,0.0,2021-12,-0.04323493183955466
qqq_triple_ma10_50_200_monthly_top10,0.0,2022-01,-0.09906868239986993
qqq_triple_ma10_50_200_monthly_top10,0.0,2022-02,-0.10436125921399912
qqq_triple_ma10_50_200_monthly_top10,0.0,2022-03,0.028936040237194538
qqq_triple_ma10_50_200_monthly_top10,0.0,2022-04,-0.1432655155775902
qqq_triple_ma10_50_200_monthly_top10,0.0,2022-05,-0.01745954670294976
qqq_triple_ma10_50_200_monthly_top10,0.0,2022-06,-0.01525158777172994
qqq_triple_ma10_50_200_monthly_top10,0.0,2022-07,0.03163106315864306
qqq_triple_ma10_50_200_monthly_top10,0.0,2022-08,-0.005009548683771264
qqq_triple_ma10_50_200_monthly_top10,0.0,2022-09,-0.03970044354971976
qqq_triple_ma10_50_200_monthly_top10,0.0,2022-10,0.015618506354766304
qqq_triple_ma10_50_200_monthly_top10,0.0,2022-11,0.016570329146210892
qqq_triple_ma10_50_200_monthly_top10,0.0,2022-12,-0.0637704956946461
qqq_triple_ma10_50_200_monthly_top10,0.0,2023-01,0.021413796437119163
qqq_triple_ma10_50_200_monthly_top10,0.0,2023-02,-0.04460714360800256
qqq_triple_ma10_50_200_monthly_top10,0.0,2023-03,0.07408438476245693
qqq_triple_ma10_50_200_monthly_top10,0.0,2023-04,0.008244454835067427
qqq_triple_ma10_50_200_monthly_top10,0.0,2023-05,0.11093020795965004
qqq_triple_ma10_50_200_monthly_top10,0.0,2023-06,0.04610554024548534
qqq_triple_ma10_50_200_monthly_top10,0.0,2023-07,0.045313494687434924
qqq_triple_ma10_50_200_monthly_top10,0.0,2023-08,0.003972266848690963
qqq_triple_ma10_50_200_monthly_top10,0.0,2023-09,-0.08338877304578915
qqq_triple_ma10_50_200_monthly_top10,0.0,2023-10,-0.03906361416014327
qqq_triple_ma10_50_200_monthly_top10,0.0,2023-11,0.1629072867965353
qqq_triple_ma10_50_200_monthly_top10,0.0,2023-12,0.03742630336281741
qqq_triple_ma10_50_200_monthly_top10,0.0,2024-01,0.04270827467594274
qqq_triple_ma10_50_200_monthly_top10,0.0,2024-02,0.035159054378829185
qqq_triple_ma10_50_200_monthly_top10,0.0,2024-03,-0.010068682336337927
qqq_triple_ma10_50_200_monthly_top10,0.0,2024-04,-0.08577341605171421
qqq_triple_ma10_50_200_monthly_top10,0.0,2024-05,0.05275175041399656
qqq_triple_ma10_50_200_monthly_top10,0.0,2024-06,0.061356162150826954
qqq_triple_ma10_50_200_monthly_top10,0.0,2024-07,-0.1178236710981572
qqq_triple_ma10_50_200_monthly_top10,0.0,2024-08,0.03577981068872357
qqq_triple_ma10_50_200_monthly_top10,0.0,2024-09,0.022120169975979053
qqq_triple_ma10_50_200_monthly_top10,0.0,2024-10,0.010072564044976487
qqq_triple_ma10_50_200_monthly_top10,0.0,2024-11,0.07267573690034239
qqq_triple_ma10_50_200_monthly_top10,0.0,2024-12,-0.011676924150227776
qqq_triple_ma10_50_200_monthly_top10,0.0,2025-01,0.03449524555776974
qqq_triple_ma10_50_200_monthly_top10,0.0,2025-02,-0.018108293098900698
qqq_triple_ma10_50_200_monthly_top10,0.0,2025-03,-0.12303396714038482
qqq_triple_ma10_50_200_monthly_top10,0.0,2025-04,0.014822565376368672
qqq_triple_ma10_50_200_monthly_top10,0.0,2025-05,0.03801804632673204
qqq_triple_ma10_50_200_monthly_top10,0.0,2025-06,0.05371428610873982
qqq_triple_ma10_50_200_monthly_top10,0.0,2025-07,-0.021006325956793994
qqq_triple_ma10_50_200_monthly_top10,0.0,2025-08,-0.03518155575047721
qqq_triple_ma10_50_200_monthly_top10,0.0,2025-09,0.10840110372518355
qqq_triple_ma10_50_200_monthly_top10,0.0,2025-10,0.13507632945336387
qqq_triple_ma10_50_200_monthly_top10,0.0,2025-11,-0.03931508428298339
qqq_triple_ma10_50_200_monthly_top10,0.0,2025-12,0.049760640957364495
qqq_triple_ma10_50_200_monthly_top10,0.0,2026-01,0.14007612714451084
qqq_triple_ma10_50_200_monthly_top10,0.0,2026-02,-0.018370841964010044
qqq_triple_ma10_50_200_monthly_top10,0.0,2026-03,-0.023269620864195505
qqq_triple_ma10_50_200_monthly_top10,0.0,2026-04,0.29291186709159844
qqq_triple_ma10_50_200_monthly_top10,1.0,2019-06,0.0
qqq_triple_ma10_50_200_monthly_top10,1.0,2019-07,0.0
qqq_triple_ma10_50_200_monthly_top10,1.0,2019-08,0.0
qqq_triple_ma10_50_200_monthly_top10,1.0,2019-09,0.0
qqq_triple_ma10_50_200_monthly_top10,1.0,2019-10,0.0
qqq_triple_ma10_50_200_monthly_top10,1.0,2019-11,0.0
qqq_triple_ma10_50_200_monthly_top10,1.0,2019-12,0.0
qqq_triple_ma10_50_200_monthly_top10,1.0,2020-01,0.0
qqq_triple_ma10_50_200_monthly_top10,1.0,2020-02,0.0
qqq_triple_ma10_50_200_monthly_top10,1.0,2020-03,0.0
qqq_triple_ma10_50_200_monthly_top10,1.0,2020-04,0.0
qqq_triple_ma10_50_200_monthly_top10,1.0,2020-05,0.12831909259365926
qqq_triple_ma10_50_200_monthly_top10,1.0,2020-06,0.11298424641542744
qqq_triple_ma10_50_200_monthly_top10,1.0,2020-07,0.1357244530423648
qqq_triple_ma10_50_200_monthly_top10,1.0,2020-08,0.1676777587121618
qqq_triple_ma10_50_200_monthly_top10,1.0,2020-09,-0.03313634951950027
qqq_triple_ma10_50_200_monthly_top10,1.0,2020-10,-0.03361286761746717
qqq_triple_ma10_50_200_monthly_top10,1.0,2020-11,0.22406343131893494
qqq_triple_ma10_50_200_monthly_top10,1.0,2020-12,0.07201421419721438
qqq_triple_ma10_50_200_monthly_top10,1.0,2021-01,0.07632363391159504
qqq_triple_ma10_50_200_monthly_top10,1.0,2021-02,-0.011336248638718828
qqq_triple_ma10_50_200_monthly_top10,1.0,2021-03,-0.07111811967526672
qqq_triple_ma10_50_200_monthly_top10,1.0,2021-04,0.025317710056269975
qqq_triple_ma10_50_200_monthly_top10,1.0,2021-05,0.015585849686056618
qqq_triple_ma10_50_200_monthly_top10,1.0,2021-06,0.03880482511807981
qqq_triple_ma10_50_200_monthly_top10,1.0,2021-07,0.10025589906736272
qqq_triple_ma10_50_200_monthly_top10,1.0,2021-08,0.0879830824049022
qqq_triple_ma10_50_200_monthly_top10,1.0,2021-09,-0.0888999417641918
qqq_triple_ma10_50_200_monthly_top10,1.0,2021-10,0.07822442574661376
qqq_triple_ma10_50_200_monthly_top10,1.0,2021-11,0.032780921976257274
qqq_triple_ma10_50_200_monthly_top10,1.0,2021-12,-0.043314931839554656
qqq_triple_ma10_50_200_monthly_top10,1.0,2022-01,-0.09918868239986994
qqq_triple_ma10_50_200_monthly_top10,1.0,2022-02,-0.10456125921399913
qqq_triple_ma10_50_200_monthly_top10,1.0,2022-03,0.02878604023719454
qqq_triple_ma10_50_200_monthly_top10,1.0,2022-04,-0.1434455155775902
qqq_triple_ma10_50_200_monthly_top10,1.0,2022-05,-0.017579546702949755
qqq_triple_ma10_50_200_monthly_top10,1.0,2022-06,-0.015394444914587087
qqq_triple_ma10_50_200_monthly_top10,1.0,2022-07,0.031531063158643055
qqq_triple_ma10_50_200_monthly_top10,1.0,2022-08,-0.005109548683771264
qqq_triple_ma10_50_200_monthly_top10,1.0,2022-09,-0.03978044354971976
qqq_triple_ma10_50_200_monthly_top10,1.0,2022-10,0.01545850635476631
qqq_triple_ma10_50_200_monthly_top10,1.0,2022-11,0.016370329146210894
qqq_triple_ma10_50_200_monthly_top10,1.0,2022-12,-0.0638704956946461
qqq_triple_ma10_50_200_monthly_top10,1.0,2023-01,0.02127379643711916
qqq_triple_ma10_50_200_monthly_top10,1.0,2023-02,-0.044707143608002556
qqq_triple_ma10_50_200_monthly_top10,1.0,2023-03,0.07402438476245694
qqq_triple_ma10_50_200_monthly_top10,1.0,2023-04,0.008184454835067426
qqq_triple_ma10_50_200_monthly_top10,1.0,2023-05,0.11085020795965003
qqq_triple_ma10_50_200_monthly_top10,1.0,2023-06,0.046025540245485344
qqq_triple_ma10_50_200_monthly_top10,1.0,2023-07,0.04523349468743492
qqq_triple_ma10_50_200_monthly_top10,1.0,2023-08,0.0038922668486909666
qqq_triple_ma10_50_200_monthly_top10,1.0,2023-09,-0.08350877304578916
qqq_triple_ma10_50_200_monthly_top10,1.0,2023-10,-0.03920361416014327
qqq_triple_ma10_50_200_monthly_top10,1.0,2023-11,0.1627672867965353
qqq_triple_ma10_50_200_monthly_top10,1.0,2023-12,0.03732630336281741
qqq_triple_ma10_50_200_monthly_top10,1.0,2024-01,0.042608274675942734
qqq_triple_ma10_50_200_monthly_top10,1.0,2024-02,0.035039054378829176
qqq_triple_ma10_50_200_monthly_top10,1.0,2024-03,-0.010168682336337923
qqq_triple_ma10_50_200_monthly_top10,1.0,2024-04,-0.08587341605171421
qqq_triple_ma10_50_200_monthly_top10,1.0,2024-05,0.05255175041399656
qqq_triple_ma10_50_200_monthly_top10,1.0,2024-06,0.061176162150826954
qqq_triple_ma10_50_200_monthly_top10,1.0,2024-07,-0.1178836710981572
qqq_triple_ma10_50_200_monthly_top10,1.0,2024-08,0.035579810688723575
qqq_triple_ma10_50_200_monthly_top10,1.0,2024-09,0.022020169975979057
qqq_triple_ma10_50_200_monthly_top10,1.0,2024-10,0.010012564044976482
qqq_triple_ma10_50_200_monthly_top10,1.0,2024-11,0.07259573690034238
qqq_triple_ma10_50_200_monthly_top10,1.0,2024-12,-0.01175692415022778
qqq_triple_ma10_50_200_monthly_top10,1.0,2025-01,0.03439524555776974
qqq_triple_ma10_50_200_monthly_top10,1.0,2025-02,-0.01816829309890069
qqq_triple_ma10_50_200_monthly_top10,1.0,2025-03,-0.12317396714038482
qqq_triple_ma10_50_200_monthly_top10,1.0,2025-04,0.014642565376368686
qqq_triple_ma10_50_200_monthly_top10,1.0,2025-05,0.03786804632673203
qqq_triple_ma10_50_200_monthly_top10,1.0,2025-06,0.053634286108739826
qqq_triple_ma10_50_200_monthly_top10,1.0,2025-07,-0.021106325956793997
qqq_triple_ma10_50_200_monthly_top10,1.0,2025-08,-0.035281555750477214
qqq_triple_ma10_50_200_monthly_top10,1.0,2025-09,0.10828110372518356
qqq_triple_ma10_50_200_monthly_top10,1.0,2025-10,0.13499632945336387
qqq_triple_ma10_50_200_monthly_top10,1.0,2025-11,-0.039395084282983384
qqq_triple_ma10_50_200_monthly_top10,1.0,2025-12,0.0496606409573645
qqq_triple_ma10_50_200_monthly_top10,1.0,2026-01,0.13999612714451085
qqq_triple_ma10_50_200_monthly_top10,1.0,2026-02,-0.018410841964010043
qqq_triple_ma10_50_200_monthly_top10,1.0,2026-03,-0.02332962086419551
qqq_triple_ma10_50_200_monthly_top10,1.0,2026-04,0.29279186709159843
qqq_triple_ma10_50_200_monthly_top10,2.0,2019-06,0.0
qqq_triple_ma10_50_200_monthly_top10,2.0,2019-07,0.0
qqq_triple_ma10_50_200_monthly_top10,2.0,2019-08,0.0
qqq_triple_ma10_50_200_monthly_top10,2.0,2019-09,0.0
qqq_triple_ma10_50_200_monthly_top10,2.0,2019-10,0.0
qqq_triple_ma10_50_200_monthly_top10,2.0,2019-11,0.0
qqq_triple_ma10_50_200_monthly_top10,2.0,2019-12,0.0
qqq_triple_ma10_50_200_monthly_top10,2.0,2020-01,0.0
qqq_triple_ma10_50_200_monthly_top10,2.0,2020-02,0.0
qqq_triple_ma10_50_200_monthly_top10,2.0,2020-03,0.0
qqq_triple_ma10_50_200_monthly_top10,2.0,2020-04,0.0
qqq_triple_ma10_50_200_monthly_top10,2.0,2020-05,0.12821909259365927
qqq_triple_ma10_50_200_monthly_top10,2.0,2020-06,0.11294424641542744
qqq_triple_ma10_50_200_monthly_top10,2.0,2020-07,0.1356644530423648
qqq_triple_ma10_50_200_monthly_top10,2.0,2020-08,0.1676577587121618
qqq_triple_ma10_50_200_monthly_top10,2.0,2020-09,-0.033176349519500284
qqq_triple_ma10_50_200_monthly_top10,2.0,2020-10,-0.033732867617467174
qqq_triple_ma10_50_200_monthly_top10,2.0,2020-11,0.22394343131893496
qqq_triple_ma10_50_200_monthly_top10,2.0,2020-12,0.07191421419721437
qqq_triple_ma10_50_200_monthly_top10,2.0,2021-01,0.07626363391159505
qqq_triple_ma10_50_200_monthly_top10,2.0,2021-02,-0.011376248638718826
qqq_triple_ma10_50_200_monthly_top10,2.0,2021-03,-0.07121811967526673
qqq_triple_ma10_50_200_monthly_top10,2.0,2021-04,0.025177710056269974
qqq_triple_ma10_50_200_monthly_top10,2.0,2021-05,0.015505849686056622
qqq_triple_ma10_50_200_monthly_top10,2.0,2021-06,0.038744825118079806
qqq_triple_ma10_50_200_monthly_top10,2.0,2021-07,0.10021589906736272
qqq_triple_ma10_50_200_monthly_top10,2.0,2021-08,0.0878830824049022
qqq_triple_ma10_50_200_monthly_top10,2.0,2021-09,-0.0889399417641918
qqq_triple_ma10_50_200_monthly_top10,2.0,2021-10,0.07810442574661376
qqq_triple_ma10_50_200_monthly_top10,2.0,2021-11,0.03264092197625727
qqq_triple_ma10_50_200_monthly_top10,2.0,2021-12,-0.04339493183955465
qqq_triple_ma10_50_200_monthly_top10,2.0,2022-01,-0.09930868239986992
qqq_triple_ma10_50_200_monthly_top10,2.0,2022-02,-0.10476125921399912
qqq_triple_ma10_50_200_monthly_top10,2.0,2022-03,0.028636040237194543
qqq_triple_ma10_50_200_monthly_top10,2.0,2022-04,-0.14362551557759018
qqq_triple_ma10_50_200_monthly_top10,2.0,2022-05,-0.017699546702949764
qqq_triple_ma10_50_200_monthly_top10,2.0,2022-06,-0.015537302057444233
qqq_triple_ma10_50_200_monthly_top10,2.0,2022-07,0.03143106315864306
qqq_triple_ma10_50_200_monthly_top10,2.0,2022-08,-0.005209548683771263
qqq_triple_ma10_50_200_monthly_top10,2.0,2022-09,-0.03986044354971976
qqq_triple_ma10_50_200_monthly_top10,2.0,2022-10,0.015298506354766317
qqq_triple_ma10_50_200_monthly_top10,2.0,2022-11,0.016170329146210895
qqq_triple_ma10_50_200_monthly_top10,2.0,2022-12,-0.0639704956946461
qqq_triple_ma10_50_200_monthly_top10,2.0,2023-01,0.02113379643711916
qqq_triple_ma10_50_200_monthly_top10,2.0,2023-02,-0.04480714360800256
qqq_triple_ma10_50_200_monthly_top10,2.0,2023-03,0.07396438476245694
qqq_triple_ma10_50_200_monthly_top10,2.0,2023-04,0.008124454835067428
qqq_triple_ma10_50_200_monthly_top10,2.0,2023-05,0.11077020795965004
qqq_triple_ma10_50_200_monthly_top10,2.0,2023-06,0.04594554024548534
qqq_triple_ma10_50_200_monthly_top10,2.0,2023-07,0.045153494687434924
qqq_triple_ma10_50_200_monthly_top10,2.0,2023-08,0.00381226684869097
qqq_triple_ma10_50_200_monthly_top10,2.0,2023-09,-0.08362877304578915
qqq_triple_ma10_50_200_monthly_top10,2.0,2023-10,-0.03934361416014327
qqq_triple_ma10_50_200_monthly_top10,2.0,2023-11,0.1626272867965353
qqq_triple_ma10_50_200_monthly_top10,2.0,2023-12,0.03722630336281741
qqq_triple_ma10_50_200_monthly_top10,2.0,2024-01,0.04250827467594273
qqq_triple_ma10_50_200_monthly_top10,2.0,2024-02,0.03491905437882918
qqq_triple_ma10_50_200_monthly_top10,2.0,2024-03,-0.010268682336337926
qqq_triple_ma10_50_200_monthly_top10,2.0,2024-04,-0.08597341605171421
qqq_triple_ma10_50_200_monthly_top10,2.0,2024-05,0.052351750413996555
qqq_triple_ma10_50_200_monthly_top10,2.0,2024-06,0.060996162150826955
qqq_triple_ma10_50_200_monthly_top10,2.0,2024-07,-0.1179436710981572
qqq_triple_ma10_50_200_monthly_top10,2.0,2024-08,0.03537981068872357
qqq_triple_ma10_50_200_monthly_top10,2.0,2024-09,0.021920169975979054
qqq_triple_ma10_50_200_monthly_top10,2.0,2024-10,0.009952564044976485
qqq_triple_ma10_50_200_monthly_top10,2.0,2024-11,0.07251573690034238
qqq_triple_ma10_50_200_monthly_top10,2.0,2024-12,-0.011836924150227777
qqq_triple_ma10_50_200_monthly_top10,2.0,2025-01,0.034295245557769735
qqq_triple_ma10_50_200_monthly_top10,2.0,2025-02,-0.018228293098900693
qqq_triple_ma10_50_200_monthly_top10,2.0,2025-03,-0.12331396714038483
qqq_triple_ma10_50_200_monthly_top10,2.0,2025-04,0.014462565376368672
qqq_triple_ma10_50_200_monthly_top10,2.0,2025-05,0.037718046326732035
qqq_triple_ma10_50_200_monthly_top10,2.0,2025-06,0.05355428610873982
qqq_triple_ma10_50_200_monthly_top10,2.0,2025-07,-0.021206325956793993
qqq_triple_ma10_50_200_monthly_top10,2.0,2025-08,-0.03538155575047721
qqq_triple_ma10_50_200_monthly_top10,2.0,2025-09,0.10816110372518355
qqq_triple_ma10_50_200_monthly_top10,2.0,2025-10,0.13491632945336388
qqq_triple_ma10_50_200_monthly_top10,2.0,2025-11,-0.039475084282983394
qqq_triple_ma10_50_200_monthly_top10,2.0,2025-12,0.049560640957364496
qqq_triple_ma10_50_200_monthly_top10,2.0,2026-01,0.13991612714451085
qqq_triple_ma10_50_200_monthly_top10,2.0,2026-02,-0.018450841964010048
qqq_triple_ma10_50_200_monthly_top10,2.0,2026-03,-0.023389620864195514
qqq_triple_ma10_50_200_monthly_top10,2.0,2026-04,0.2926718670915984
qqq_triple_ma10_50_200_monthly_top10,5.0,2019-06,0.0
qqq_triple_ma10_50_200_monthly_top10,5.0,2019-07,0.0
qqq_triple_ma10_50_200_monthly_top10,5.0,2019-08,0.0
qqq_triple_ma10_50_200_monthly_top10,5.0,2019-09,0.0
qqq_triple_ma10_50_200_monthly_top10,5.0,2019-10,0.0
qqq_triple_ma10_50_200_monthly_top10,5.0,2019-11,0.0
qqq_triple_ma10_50_200_monthly_top10,5.0,2019-12,0.0
qqq_triple_ma10_50_200_monthly_top10,5.0,2020-01,0.0
qqq_triple_ma10_50_200_monthly_top10,5.0,2020-02,0.0
qqq_triple_ma10_50_200_monthly_top10,5.0,2020-03,0.0
qqq_triple_ma10_50_200_monthly_top10,5.0,2020-04,0.0
qqq_triple_ma10_50_200_monthly_top10,5.0,2020-05,0.12791909259365927
qqq_triple_ma10_50_200_monthly_top10,5.0,2020-06,0.11282424641542745
qqq_triple_ma10_50_200_monthly_top10,5.0,2020-07,0.13548445304236478
qqq_triple_ma10_50_200_monthly_top10,5.0,2020-08,0.16759775871216182
qqq_triple_ma10_50_200_monthly_top10,5.0,2020-09,-0.03329634951950028
qqq_triple_ma10_50_200_monthly_top10,5.0,2020-10,-0.034092867617467174
qqq_triple_ma10_50_200_monthly_top10,5.0,2020-11,0.22358343131893496
qqq_triple_ma10_50_200_monthly_top10,5.0,2020-12,0.07161421419721438
qqq_triple_ma10_50_200_monthly_top10,5.0,2021-01,0.07608363391159505
qqq_triple_ma10_50_200_monthly_top10,5.0,2021-02,-0.011496248638718828
qqq_triple_ma10_50_200_monthly_top10,5.0,2021-03,-0.07151811967526672
qqq_triple_ma10_50_200_monthly_top10,5.0,2021-04,0.024757710056269977
qqq_triple_ma10_50_200_monthly_top10,5.0,2021-05,0.015265849686056631
qqq_triple_ma10_50_200_monthly_top10,5.0,2021-06,0.03856482511807981
qqq_triple_ma10_50_200_monthly_top10,5.0,2021-07,0.10009589906736273
qqq_triple_ma10_50_200_monthly_top10,5.0,2021-08,0.08758308240490219
qqq_triple_ma10_50_200_monthly_top10,5.0,2021-09,-0.08905994176419181
qqq_triple_ma10_50_200_monthly_top10,5.0,2021-10,0.07774442574661376
qqq_triple_ma10_50_200_monthly_top10,5.0,2021-11,0.03222092197625728
qqq_triple_ma10_50_200_monthly_top10,5.0,2021-12,-0.04363493183955466
qqq_triple_ma10_50_200_monthly_top10,5.0,2022-01,-0.09966868239986995
qqq_triple_ma10_50_200_monthly_top10,5.0,2022-02,-0.10536125921399912
qqq_triple_ma10_50_200_monthly_top10,5.0,2022-03,0.028186040237194537
qqq_triple_ma10_50_200_monthly_top10,5.0,2022-04,-0.14416551557759022
qqq_triple_ma10_50_200_monthly_top10,5.0,2022-05,-0.018059546702949764
qqq_triple_ma10_50_200_monthly_top10,5.0,2022-06,-0.015965873486015657
qqq_triple_ma10_50_200_monthly_top10,5.0,2022-07,0.031131063158643058
qqq_triple_ma10_50_200_monthly_top10,5.0,2022-08,-0.005509548683771265
qqq_triple_ma10_50_200_monthly_top10,5.0,2022-09,-0.04010044354971976
qqq_triple_ma10_50_200_monthly_top10,5.0,2022-10,0.014818506354766309
qqq_triple_ma10_50_200_monthly_top10,5.0,2022-11,0.015570329146210895
qqq_triple_ma10_50_200_monthly_top10,5.0,2022-12,-0.0642704956946461
qqq_triple_ma10_50_200_monthly_top10,5.0,2023-01,0.020713796437119163
qqq_triple_ma10_50_200_monthly_top10,5.0,2023-02,-0.04510714360800256
qqq_triple_ma10_50_200_monthly_top10,5.0,2023-03,0.07378438476245694
qqq_triple_ma10_50_200_monthly_top10,5.0,2023-04,0.007944454835067428
qqq_triple_ma10_50_200_monthly_top10,5.0,2023-05,0.11053020795965005
qqq_triple_ma10_50_200_monthly_top10,5.0,2023-06,0.04570554024548534
qqq_triple_ma10_50_200_monthly_top10,5.0,2023-07,0.04491349468743492
qqq_triple_ma10_50_200_monthly_top10,5.0,2023-08,0.0035722668486909658
qqq_triple_ma10_50_200_monthly_top10,5.0,2023-09,-0.08398877304578915
qqq_triple_ma10_50_200_monthly_top10,5.0,2023-10,-0.03976361416014327
qqq_triple_ma10_50_200_monthly_top10,5.0,2023-11,0.1622072867965353
qqq_triple_ma10_50_200_monthly_top10,5.0,2023-12,0.03692630336281741
qqq_triple_ma10_50_200_monthly_top10,5.0,2024-01,0.042208274675942736
qqq_triple_ma10_50_200_monthly_top10,5.0,2024-02,0.03455905437882918
qqq_triple_ma10_50_200_monthly_top10,5.0,2024-03,-0.010568682336337927
qqq_triple_ma10_50_200_monthly_top10,5.0,2024-04,-0.08627341605171421
qqq_triple_ma10_50_200_monthly_top10,5.0,2024-05,0.05175175041399656
qqq_triple_ma10_50_200_monthly_top10,5.0,2024-06,0.060456162150826956
qqq_triple_ma10_50_200_monthly_top10,5.0,2024-07,-0.1181236710981572
qqq_triple_ma10_50_200_monthly_top10,5.0,2024-08,0.03477981068872357
qqq_triple_ma10_50_200_monthly_top10,5.0,2024-09,0.021620169975979053
qqq_triple_ma10_50_200_monthly_top10,5.0,2024-10,0.009772564044976485
qqq_triple_ma10_50_200_monthly_top10,5.0,2024-11,0.07227573690034239
qqq_triple_ma10_50_200_monthly_top10,5.0,2024-12,-0.012076924150227774
qqq_triple_ma10_50_200_monthly_top10,5.0,2025-01,0.03399524555776974
qqq_triple_ma10_50_200_monthly_top10,5.0,2025-02,-0.018408293098900692
qqq_triple_ma10_50_200_monthly_top10,5.0,2025-03,-0.12373396714038483
qqq_triple_ma10_50_200_monthly_top10,5.0,2025-04,0.013922565376368688
qqq_triple_ma10_50_200_monthly_top10,5.0,2025-05,0.037268046326732036
qqq_triple_ma10_50_200_monthly_top10,5.0,2025-06,0.053314286108739825
qqq_triple_ma10_50_200_monthly_top10,5.0,2025-07,-0.021506325956793994
qqq_triple_ma10_50_200_monthly_top10,5.0,2025-08,-0.03568155575047721
qqq_triple_ma10_50_200_monthly_top10,5.0,2025-09,0.10780110372518355
qqq_triple_ma10_50_200_monthly_top10,5.0,2025-10,0.13467632945336386
qqq_triple_ma10_50_200_monthly_top10,5.0,2025-11,-0.0397150842829834
qqq_triple_ma10_50_200_monthly_top10,5.0,2025-12,0.049260640957364495
qqq_triple_ma10_50_200_monthly_top10,5.0,2026-01,0.13967612714451083
qqq_triple_ma10_50_200_monthly_top10,5.0,2026-02,-0.018570841964010043
qqq_triple_ma10_50_200_monthly_top10,5.0,2026-03,-0.023569620864195513
qqq_triple_ma10_50_200_monthly_top10,5.0,2026-04,0.29231186709159845
qqq_triple_ma10_50_200_monthly_top10,10.0,2019-06,0.0
qqq_triple_ma10_50_200_monthly_top10,10.0,2019-07,0.0
qqq_triple_ma10_50_200_monthly_top10,10.0,2019-08,0.0
qqq_triple_ma10_50_200_monthly_top10,10.0,2019-09,0.0
qqq_triple_ma10_50_200_monthly_top10,10.0,2019-10,0.0
qqq_triple_ma10_50_200_monthly_top10,10.0,2019-11,0.0
qqq_triple_ma10_50_200_monthly_top10,10.0,2019-12,0.0
qqq_triple_ma10_50_200_monthly_top10,10.0,2020-01,0.0
qqq_triple_ma10_50_200_monthly_top10,10.0,2020-02,0.0
qqq_triple_ma10_50_200_monthly_top10,10.0,2020-03,0.0
qqq_triple_ma10_50_200_monthly_top10,10.0,2020-04,0.0
qqq_triple_ma10_50_200_monthly_top10,10.0,2020-05,0.12741909259365927
qqq_triple_ma10_50_200_monthly_top10,10.0,2020-06,0.11262424641542744
qqq_triple_ma10_50_200_monthly_top10,10.0,2020-07,0.1351844530423648
qqq_triple_ma10_50_200_monthly_top10,10.0,2020-08,0.1674977587121618
qqq_triple_ma10_50_200_monthly_top10,10.0,2020-09,-0.03349634951950027
qqq_triple_ma10_50_200_monthly_top10,10.0,2020-10,-0.03469286761746717
qqq_triple_ma10_50_200_monthly_top10,10.0,2020-11,0.22298343131893494
qqq_triple_ma10_50_200_monthly_top10,10.0,2020-12,0.07111421419721438
qqq_triple_ma10_50_200_monthly_top10,10.0,2021-01,0.07578363391159504
qqq_triple_ma10_50_200_monthly_top10,10.0,2021-02,-0.011696248638718827
qqq_triple_ma10_50_200_monthly_top10,10.0,2021-03,-0.07201811967526672
qqq_triple_ma10_50_200_monthly_top10,10.0,2021-04,0.024057710056269978
qqq_triple_ma10_50_200_monthly_top10,10.0,2021-05,0.01486584968605662
qqq_triple_ma10_50_200_monthly_top10,10.0,2021-06,0.03826482511807981
qqq_triple_ma10_50_200_monthly_top10,10.0,2021-07,0.09989589906736272
qqq_triple_ma10_50_200_monthly_top10,10.0,2021-08,0.08708308240490219
qqq_triple_ma10_50_200_monthly_top10,10.0,2021-09,-0.0892599417641918
qqq_triple_ma10_50_200_monthly_top10,10.0,2021-10,0.07714442574661376
qqq_triple_ma10_50_200_monthly_top10,10.0,2021-11,0.03152092197625728
qqq_triple_ma10_50_200_monthly_top10,10.0,2021-12,-0.044034931839554654
qqq_triple_ma10_50_200_monthly_top10,10.0,2022-01,-0.10026868239986994
qqq_triple_ma10_50_200_monthly_top10,10.0,2022-02,-0.10636125921399912
qqq_triple_ma10_50_200_monthly_top10,10.0,2022-03,0.027436040237194537
qqq_triple_ma10_50_200_monthly_top10,10.0,2022-04,-0.1450655155775902
qqq_triple_ma10_50_200_monthly_top10,10.0,2022-05,-0.01865954670294976
qqq_triple_ma10_50_200_monthly_top10,10.0,2022-06,-0.016680159200301373
qqq_triple_ma10_50_200_monthly_top10,10.0,2022-07,0.030631063158643057
qqq_triple_ma10_50_200_monthly_top10,10.0,2022-08,-0.006009548683771265
qqq_triple_ma10_50_200_monthly_top10,10.0,2022-09,-0.04050044354971976
qqq_triple_ma10_50_200_monthly_top10,10.0,2022-10,0.014018506354766314
qqq_triple_ma10_50_200_monthly_top10,10.0,2022-11,0.014570329146210897
qqq_triple_ma10_50_200_monthly_top10,10.0,2022-12,-0.0647704956946461
qqq_triple_ma10_50_200_monthly_top10,10.0,2023-01,0.020013796437119164
qqq_triple_ma10_50_200_monthly_top10,10.0,2023-02,-0.04560714360800256
qqq_triple_ma10_50_200_monthly_top10,10.0,2023-03,0.07348438476245694
qqq_triple_ma10_50_200_monthly_top10,10.0,2023-04,0.007644454835067427
qqq_triple_ma10_50_200_monthly_top10,10.0,2023-05,0.11013020795965003
qqq_triple_ma10_50_200_monthly_top10,10.0,2023-06,0.045305540245485346
qqq_triple_ma10_50_200_monthly_top10,10.0,2023-07,0.04451349468743492
qqq_triple_ma10_50_200_monthly_top10,10.0,2023-08,0.003172266848690968
qqq_triple_ma10_50_200_monthly_top10,10.0,2023-09,-0.08458877304578916
qqq_triple_ma10_50_200_monthly_top10,10.0,2023-10,-0.04046361416014327
qqq_triple_ma10_50_200_monthly_top10,10.0,2023-11,0.16150728679653528
qqq_triple_ma10_50_200_monthly_top10,10.0,2023-12,0.03642630336281741
qqq_triple_ma10_50_200_monthly_top10,10.0,2024-01,0.041708274675942736
qqq_triple_ma10_50_200_monthly_top10,10.0,2024-02,0.03395905437882918
qqq_triple_ma10_50_200_monthly_top10,10.0,2024-03,-0.011068682336337921
qqq_triple_ma10_50_200_monthly_top10,10.0,2024-04,-0.08677341605171421
qqq_triple_ma10_50_200_monthly_top10,10.0,2024-05,0.05075175041399656
qqq_triple_ma10_50_200_monthly_top10,10.0,2024-06,0.05955616215082696
qqq_triple_ma10_50_200_monthly_top10,10.0,2024-07,-0.1184236710981572
qqq_triple_ma10_50_200_monthly_top10,10.0,2024-08,0.03377981068872357
qqq_triple_ma10_50_200_monthly_top10,10.0,2024-09,0.021120169975979052
qqq_triple_ma10_50_200_monthly_top10,10.0,2024-10,0.009472564044976484
qqq_triple_ma10_50_200_monthly_top10,10.0,2024-11,0.07187573690034238
qqq_triple_ma10_50_200_monthly_top10,10.0,2024-12,-0.012476924150227778
qqq_triple_ma10_50_200_monthly_top10,10.0,2025-01,0.03349524555776974
qqq_triple_ma10_50_200_monthly_top10,10.0,2025-02,-0.018708293098900687
qqq_triple_ma10_50_200_monthly_top10,10.0,2025-03,-0.12443396714038482
qqq_triple_ma10_50_200_monthly_top10,10.0,2025-04,0.013022565376368676
qqq_triple_ma10_50_200_monthly_top10,10.0,2025-05,0.036518046326732036
qqq_triple_ma10_50_200_monthly_top10,10.0,2025-06,0.05291428610873983
qqq_triple_ma10_50_200_monthly_top10,10.0,2025-07,-0.022006325956793995
qqq_triple_ma10_50_200_monthly_top10,10.0,2025-08,-0.03618155575047721
qqq_triple_ma10_50_200_monthly_top10,10.0,2025-09,0.10720110372518356
qqq_triple_ma10_50_200_monthly_top10,10.0,2025-10,0.13427632945336387
qqq_triple_ma10_50_200_monthly_top10,10.0,2025-11,-0.04011508428298338
qqq_triple_ma10_50_200_monthly_top10,10.0,2025-12,0.048760640957364494
qqq_triple_ma10_50_200_monthly_top10,10.0,2026-01,0.13927612714451085
qqq_triple_ma10_50_200_monthly_top10,10.0,2026-02,-0.01877084196401005
qqq_triple_ma10_50_200_monthly_top10,10.0,2026-03,-0.023869620864195508
qqq_triple_ma10_50_200_monthly_top10,10.0,2026-04,0.2917118670915984
qqq_triple_ma10_50_200_monthly_top2,0.0,2019-06,0.0
qqq_triple_ma10_50_200_monthly_top2,0.0,2019-07,0.0
qqq_triple_ma10_50_200_monthly_top2,0.0,2019-08,0.0
qqq_triple_ma10_50_200_monthly_top2,0.0,2019-09,0.0
qqq_triple_ma10_50_200_monthly_top2,0.0,2019-10,0.0
qqq_triple_ma10_50_200_monthly_top2,0.0,2019-11,0.0
qqq_triple_ma10_50_200_monthly_top2,0.0,2019-12,0.0
qqq_triple_ma10_50_200_monthly_top2,0.0,2020-01,0.0
qqq_triple_ma10_50_200_monthly_top2,0.0,2020-02,0.0
qqq_triple_ma10_50_200_monthly_top2,0.0,2020-03,0.0
qqq_triple_ma10_50_200_monthly_top2,0.0,2020-04,0.0
qqq_triple_ma10_50_200_monthly_top2,0.0,2020-05,0.21573951535526292
qqq_triple_ma10_50_200_monthly_top2,0.0,2020-06,0.1915573216605364
qqq_triple_ma10_50_200_monthly_top2,0.0,2020-07,0.1845763125455414
qqq_triple_ma10_50_200_monthly_top2,0.0,2020-08,0.24437584234444915
qqq_triple_ma10_50_200_monthly_top2,0.0,2020-09,0.026901029181289504
qqq_triple_ma10_50_200_monthly_top2,0.0,2020-10,-0.05623107137598604
qqq_triple_ma10_50_200_monthly_top2,0.0,2020-11,0.04535601779238979
qqq_triple_ma10_50_200_monthly_top2,0.0,2020-12,0.1298229535287444
qqq_triple_ma10_50_200_monthly_top2,0.0,2021-01,0.3243004387530744
qqq_triple_ma10_50_200_monthly_top2,0.0,2021-02,-0.1633550636079268
qqq_triple_ma10_50_200_monthly_top2,0.0,2021-03,-0.23850473070798267
qqq_triple_ma10_50_200_monthly_top2,0.0,2021-04,-0.030318350963798535
qqq_triple_ma10_50_200_monthly_top2,0.0,2021-05,0.02969035611253773
qqq_triple_ma10_50_200_monthly_top2,0.0,2021-06,0.14172629469274384
qqq_triple_ma10_50_200_monthly_top2,0.0,2021-07,0.056644932429851136
qqq_triple_ma10_50_200_monthly_top2,0.0,2021-08,0.1403736072917251
qqq_triple_ma10_50_200_monthly_top2,0.0,2021-09,-0.06309877277106529
qqq_triple_ma10_50_200_monthly_top2,0.0,2021-10,0.08868265020571481
qqq_triple_ma10_50_200_monthly_top2,0.0,2021-11,0.16354219663268676
qqq_triple_ma10_50_200_monthly_top2,0.0,2021-12,-0.040230428243552774
qqq_triple_ma10_50_200_monthly_top2,0.0,2022-01,-0.15816744813518302
qqq_triple_ma10_50_200_monthly_top2,0.0,2022-02,-0.10638973043466549
qqq_triple_ma10_50_200_monthly_top2,0.0,2022-03,0.03544761087520848
qqq_triple_ma10_50_200_monthly_top2,0.0,2022-04,-0.1412670744907985
qqq_triple_ma10_50_200_monthly_top2,0.0,2022-05,-0.0851643043823902
qqq_triple_ma10_50_200_monthly_top2,0.0,2022-06,0.0013390995230269653
qqq_triple_ma10_50_200_monthly_top2,0.0,2022-07,0.03163106315864306
qqq_triple_ma10_50_200_monthly_top2,0.0,2022-08,-0.001018916343011711
qqq_triple_ma10_50_200_monthly_top2,0.0,2022-09,0.0006138491509982136
qqq_triple_ma10_50_200_monthly_top2,0.0,2022-10,0.0241501305990674
qqq_triple_ma10_50_200_monthly_top2,0.0,2022-11,-0.012843249442094196
qqq_triple_ma10_50_200_monthly_top2,0.0,2022-12,-0.0997519327751229
qqq_triple_ma10_50_200_monthly_top2,0.0,2023-01,0.06233474488796659
qqq_triple_ma10_50_200_monthly_top2,0.0,2023-02,-0.01480533329302014
qqq_triple_ma10_50_200_monthly_top2,0.0,2023-03,0.07007771724467954
qqq_triple_ma10_50_200_monthly_top2,0.0,2023-04,-0.00945576536149928
qqq_triple_ma10_50_200_monthly_top2,0.0,2023-05,0.14008836228482824
qqq_triple_ma10_50_200_monthly_top2,0.0,2023-06,0.09075655821358408
qqq_triple_ma10_50_200_monthly_top2,0.0,2023-07,0.10026187145112053
qqq_triple_ma10_50_200_monthly_top2,0.0,2023-08,0.018317165209353392
qqq_triple_ma10_50_200_monthly_top2,0.0,2023-09,-0.05246047033400997
qqq_triple_ma10_50_200_monthly_top2,0.0,2023-10,-0.05161056772513417
qqq_triple_ma10_50_200_monthly_top2,0.0,2023-11,0.21698676485811003
qqq_triple_ma10_50_200_monthly_top2,0.0,2023-12,0.03403658413367411
qqq_triple_ma10_50_200_monthly_top2,0.0,2024-01,-0.02841483842788406
qqq_triple_ma10_50_200_monthly_top2,0.0,2024-02,0.06031347301250667
qqq_triple_ma10_50_200_monthly_top2,0.0,2024-03,-0.0322299359074642
qqq_triple_ma10_50_200_monthly_top2,0.0,2024-04,-0.13658744198523393
qqq_triple_ma10_50_200_monthly_top2,0.0,2024-05,0.01363485248040508
qqq_triple_ma10_50_200_monthly_top2,0.0,2024-06,0.1363453947451262
qqq_triple_ma10_50_200_monthly_top2,0.0,2024-07,-0.07953999491152342
qqq_triple_ma10_50_200_monthly_top2,0.0,2024-08,0.061037035824570596
qqq_triple_ma10_50_200_monthly_top2,0.0,2024-09,0.08511034512247856
qqq_triple_ma10_50_200_monthly_top2,0.0,2024-10,0.04131910419584628
qqq_triple_ma10_50_200_monthly_top2,0.0,2024-11,0.1819125451627926
qqq_triple_ma10_50_200_monthly_top2,0.0,2024-12,-0.007778826101572434
qqq_triple_ma10_50_200_monthly_top2,0.0,2025-01,0.09070977545341807
qqq_triple_ma10_50_200_monthly_top2,0.0,2025-02,0.1346841544058055
qqq_triple_ma10_50_200_monthly_top2,0.0,2025-03,-0.12006313533378593
qqq_triple_ma10_50_200_monthly_top2,0.0,2025-04,-0.059953547381170536
qqq_triple_ma10_50_200_monthly_top2,0.0,2025-05,0.023124390755873914
qqq_triple_ma10_50_200_monthly_top2,0.0,2025-06,-0.040936798779688754
qqq_triple_ma10_50_200_monthly_top2,0.0,2025-07,0.11312730517460212
qqq_triple_ma10_50_200_monthly_top2,0.0,2025-08,-0.014339807778396996
qqq_triple_ma10_50_200_monthly_top2,0.0,2025-09,0.1047792222828971
qqq_triple_ma10_50_200_monthly_top2,0.0,2025-10,0.1320016776286776
qqq_triple_ma10_50_200_monthly_top2,0.0,2025-11,-0.1459225293946227
qqq_triple_ma10_50_200_monthly_top2,0.0,2025-12,0.12670442430148704
qqq_triple_ma10_50_200_monthly_top2,0.0,2026-01,0.35948772828054465
qqq_triple_ma10_50_200_monthly_top2,0.0,2026-02,0.08760920576531056
qqq_triple_ma10_50_200_monthly_top2,0.0,2026-03,-0.040598958030108934
qqq_triple_ma10_50_200_monthly_top2,0.0,2026-04,0.2974364241873083
qqq_triple_ma10_50_200_monthly_top2,1.0,2019-06,0.0
qqq_triple_ma10_50_200_monthly_top2,1.0,2019-07,0.0
qqq_triple_ma10_50_200_monthly_top2,1.0,2019-08,0.0
qqq_triple_ma10_50_200_monthly_top2,1.0,2019-09,0.0
qqq_triple_ma10_50_200_monthly_top2,1.0,2019-10,0.0
qqq_triple_ma10_50_200_monthly_top2,1.0,2019-11,0.0
qqq_triple_ma10_50_200_monthly_top2,1.0,2019-12,0.0
qqq_triple_ma10_50_200_monthly_top2,1.0,2020-01,0.0
qqq_triple_ma10_50_200_monthly_top2,1.0,2020-02,0.0
qqq_triple_ma10_50_200_monthly_top2,1.0,2020-03,0.0
qqq_triple_ma10_50_200_monthly_top2,1.0,2020-04,0.0
qqq_triple_ma10_50_200_monthly_top2,1.0,2020-05,0.21563951535526293
qqq_triple_ma10_50_200_monthly_top2,1.0,2020-06,0.19145732166053642
qqq_triple_ma10_50_200_monthly_top2,1.0,2020-07,0.18447631254554142
qqq_triple_ma10_50_200_monthly_top2,1.0,2020-08,0.24427584234444916
qqq_triple_ma10_50_200_monthly_top2,1.0,2020-09,0.0268010291812895
qqq_triple_ma10_50_200_monthly_top2,1.0,2020-10,-0.056331071375986044
qqq_triple_ma10_50_200_monthly_top2,1.0,2020-11,0.04525601779238979
qqq_triple_ma10_50_200_monthly_top2,1.0,2020-12,0.1296229535287444
qqq_triple_ma10_50_200_monthly_top2,1.0,2021-01,0.3242004387530744
qqq_triple_ma10_50_200_monthly_top2,1.0,2021-02,-0.16345506360792678
qqq_triple_ma10_50_200_monthly_top2,1.0,2021-03,-0.23870473070798268
qqq_triple_ma10_50_200_monthly_top2,1.0,2021-04,-0.03051835096379854
qqq_triple_ma10_50_200_monthly_top2,1.0,2021-05,0.029590356112537727
qqq_triple_ma10_50_200_monthly_top2,1.0,2021-06,0.14172629469274384
qqq_triple_ma10_50_200_monthly_top2,1.0,2021-07,0.05654493242985113
qqq_triple_ma10_50_200_monthly_top2,1.0,2021-08,0.1401736072917251
qqq_triple_ma10_50_200_monthly_top2,1.0,2021-09,-0.06309877277106529
qqq_triple_ma10_50_200_monthly_top2,1.0,2021-10,0.08868265020571481
qqq_triple_ma10_50_200_monthly_top2,1.0,2021-11,0.16344219663268678
qqq_triple_ma10_50_200_monthly_top2,1.0,2021-12,-0.04033042824355278
qqq_triple_ma10_50_200_monthly_top2,1.0,2022-01,-0.15836744813518303
qqq_triple_ma10_50_200_monthly_top2,1.0,2022-02,-0.10658973043466549
qqq_triple_ma10_50_200_monthly_top2,1.0,2022-03,0.03534761087520848
qqq_triple_ma10_50_200_monthly_top2,1.0,2022-04,-0.1414670744907985
qqq_triple_ma10_50_200_monthly_top2,1.0,2022-05,-0.0851643043823902
qqq_triple_ma10_50_200_monthly_top2,1.0,2022-06,0.0011390995230269665
qqq_triple_ma10_50_200_monthly_top2,1.0,2022-07,0.031531063158643055
qqq_triple_ma10_50_200_monthly_top2,1.0,2022-08,-0.0011189163430117104
qqq_triple_ma10_50_200_monthly_top2,1.0,2022-09,0.0005138491509982142
qqq_triple_ma10_50_200_monthly_top2,1.0,2022-10,0.023950130599067393
qqq_triple_ma10_50_200_monthly_top2,1.0,2022-11,-0.013043249442094194
qqq_triple_ma10_50_200_monthly_top2,1.0,2022-12,-0.0999519327751229
qqq_triple_ma10_50_200_monthly_top2,1.0,2023-01,0.06213474488796659
qqq_triple_ma10_50_200_monthly_top2,1.0,2023-02,-0.015005333293020139
qqq_triple_ma10_50_200_monthly_top2,1.0,2023-03,0.07007771724467954
qqq_triple_ma10_50_200_monthly_top2,1.0,2023-04,-0.00955576536149928
qqq_triple_ma10_50_200_monthly_top2,1.0,2023-05,0.13998836228482825
qqq_triple_ma10_50_200_monthly_top2,1.0,2023-06,0.09065655821358408
qqq_triple_ma10_50_200_monthly_top2,1.0,2023-07,0.10026187145112053
qqq_triple_ma10_50_200_monthly_top2,1.0,2023-08,0.018317165209353392
qqq_triple_ma10_50_200_monthly_top2,1.0,2023-09,-0.05256047033400997
qqq_triple_ma10_50_200_monthly_top2,1.0,2023-10,-0.05181056772513417
qqq_triple_ma10_50_200_monthly_top2,1.0,2023-11,0.21678676485811002
qqq_triple_ma10_50_200_monthly_top2,1.0,2023-12,0.033936584133674105
qqq_triple_ma10_50_200_monthly_top2,1.0,2024-01,-0.02851483842788406
qqq_triple_ma10_50_200_monthly_top2,1.0,2024-02,0.06011347301250666
qqq_triple_ma10_50_200_monthly_top2,1.0,2024-03,-0.032329935907464205
qqq_triple_ma10_50_200_monthly_top2,1.0,2024-04,-0.13658744198523393
qqq_triple_ma10_50_200_monthly_top2,1.0,2024-05,0.013434852480405081
qqq_triple_ma10_50_200_monthly_top2,1.0,2024-06,0.13614539474512619
qqq_triple_ma10_50_200_monthly_top2,1.0,2024-07,-0.07963999491152342
qqq_triple_ma10_50_200_monthly_top2,1.0,2024-08,0.06083703582457059
qqq_triple_ma10_50_200_monthly_top2,1.0,2024-09,0.08491034512247855
qqq_triple_ma10_50_200_monthly_top2,1.0,2024-10,0.041219104195846276
qqq_triple_ma10_50_200_monthly_top2,1.0,2024-11,0.1817125451627926
qqq_triple_ma10_50_200_monthly_top2,1.0,2024-12,-0.00797882610157244
qqq_triple_ma10_50_200_monthly_top2,1.0,2025-01,0.09060977545341807
qqq_triple_ma10_50_200_monthly_top2,1.0,2025-02,0.1346841544058055
qqq_triple_ma10_50_200_monthly_top2,1.0,2025-03,-0.12006313533378593
qqq_triple_ma10_50_200_monthly_top2,1.0,2025-04,-0.06015354738117054
qqq_triple_ma10_50_200_monthly_top2,1.0,2025-05,0.022924390755873915
qqq_triple_ma10_50_200_monthly_top2,1.0,2025-06,-0.04103679877968876
qqq_triple_ma10_50_200_monthly_top2,1.0,2025-07,0.11302730517460212
qqq_triple_ma10_50_200_monthly_top2,1.0,2025-08,-0.014439807778396999
qqq_triple_ma10_50_200_monthly_top2,1.0,2025-09,0.1046792222828971
qqq_triple_ma10_50_200_monthly_top2,1.0,2025-10,0.1319016776286776
qqq_triple_ma10_50_200_monthly_top2,1.0,2025-11,-0.14602252939462268
qqq_triple_ma10_50_200_monthly_top2,1.0,2025-12,0.12650442430148703
qqq_triple_ma10_50_200_monthly_top2,1.0,2026-01,0.35938772828054466
qqq_triple_ma10_50_200_monthly_top2,1.0,2026-02,0.08750920576531056
qqq_triple_ma10_50_200_monthly_top2,1.0,2026-03,-0.04069895803010894
qqq_triple_ma10_50_200_monthly_top2,1.0,2026-04,0.2973364241873083
qqq_triple_ma10_50_200_monthly_top2,2.0,2019-06,0.0
qqq_triple_ma10_50_200_monthly_top2,2.0,2019-07,0.0
qqq_triple_ma10_50_200_monthly_top2,2.0,2019-08,0.0
qqq_triple_ma10_50_200_monthly_top2,2.0,2019-09,0.0
qqq_triple_ma10_50_200_monthly_top2,2.0,2019-10,0.0
qqq_triple_ma10_50_200_monthly_top2,2.0,2019-11,0.0
qqq_triple_ma10_50_200_monthly_top2,2.0,2019-12,0.0
qqq_triple_ma10_50_200_monthly_top2,2.0,2020-01,0.0
qqq_triple_ma10_50_200_monthly_top2,2.0,2020-02,0.0
qqq_triple_ma10_50_200_monthly_top2,2.0,2020-03,0.0
qqq_triple_ma10_50_200_monthly_top2,2.0,2020-04,0.0
qqq_triple_ma10_50_200_monthly_top2,2.0,2020-05,0.21553951535526292
qqq_triple_ma10_50_200_monthly_top2,2.0,2020-06,0.1913573216605364
qqq_triple_ma10_50_200_monthly_top2,2.0,2020-07,0.1843763125455414
qqq_triple_ma10_50_200_monthly_top2,2.0,2020-08,0.24417584234444914
qqq_triple_ma10_50_200_monthly_top2,2.0,2020-09,0.0267010291812895
qqq_triple_ma10_50_200_monthly_top2,2.0,2020-10,-0.05643107137598604
qqq_triple_ma10_50_200_monthly_top2,2.0,2020-11,0.045156017792389785
qqq_triple_ma10_50_200_monthly_top2,2.0,2020-12,0.1294229535287444
qqq_triple_ma10_50_200_monthly_top2,2.0,2021-01,0.32410043875307437
qqq_triple_ma10_50_200_monthly_top2,2.0,2021-02,-0.1635550636079268
qqq_triple_ma10_50_200_monthly_top2,2.0,2021-03,-0.23890473070798268
qqq_triple_ma10_50_200_monthly_top2,2.0,2021-04,-0.030718350963798532
qqq_triple_ma10_50_200_monthly_top2,2.0,2021-05,0.029490356112537724
qqq_triple_ma10_50_200_monthly_top2,2.0,2021-06,0.14172629469274384
qqq_triple_ma10_50_200_monthly_top2,2.0,2021-07,0.05644493242985114
qqq_triple_ma10_50_200_monthly_top2,2.0,2021-08,0.1399736072917251
qqq_triple_ma10_50_200_monthly_top2,2.0,2021-09,-0.06309877277106529
qqq_triple_ma10_50_200_monthly_top2,2.0,2021-10,0.08868265020571481
qqq_triple_ma10_50_200_monthly_top2,2.0,2021-11,0.16334219663268676
qqq_triple_ma10_50_200_monthly_top2,2.0,2021-12,-0.04043042824355278
qqq_triple_ma10_50_200_monthly_top2,2.0,2022-01,-0.15856744813518303
qqq_triple_ma10_50_200_monthly_top2,2.0,2022-02,-0.10678973043466548
qqq_triple_ma10_50_200_monthly_top2,2.0,2022-03,0.035247610875208474
qqq_triple_ma10_50_200_monthly_top2,2.0,2022-04,-0.14166707449079852
qqq_triple_ma10_50_200_monthly_top2,2.0,2022-05,-0.0851643043823902
qqq_triple_ma10_50_200_monthly_top2,2.0,2022-06,0.0009390995230269678
qqq_triple_ma10_50_200_monthly_top2,2.0,2022-07,0.03143106315864306
qqq_triple_ma10_50_200_monthly_top2,2.0,2022-08,-0.0012189163430117098
qqq_triple_ma10_50_200_monthly_top2,2.0,2022-09,0.0004138491509982148
qqq_triple_ma10_50_200_monthly_top2,2.0,2022-10,0.023750130599067387
qqq_triple_ma10_50_200_monthly_top2,2.0,2022-11,-0.013243249442094193
qqq_triple_ma10_50_200_monthly_top2,2.0,2022-12,-0.1001519327751229
qqq_triple_ma10_50_200_monthly_top2,2.0,2023-01,0.06193474488796659
qqq_triple_ma10_50_200_monthly_top2,2.0,2023-02,-0.015205333293020137
qqq_triple_ma10_50_200_monthly_top2,2.0,2023-03,0.07007771724467954
qqq_triple_ma10_50_200_monthly_top2,2.0,2023-04,-0.009655765361499279
qqq_triple_ma10_50_200_monthly_top2,2.0,2023-05,0.13988836228482823
qqq_triple_ma10_50_200_monthly_top2,2.0,2023-06,0.09055655821358408
qqq_triple_ma10_50_200_monthly_top2,2.0,2023-07,0.10026187145112053
qqq_triple_ma10_50_200_monthly_top2,2.0,2023-08,0.018317165209353392
qqq_triple_ma10_50_200_monthly_top2,2.0,2023-09,-0.052660470334009966
qqq_triple_ma10_50_200_monthly_top2,2.0,2023-10,-0.05201056772513417
qqq_triple_ma10_50_200_monthly_top2,2.0,2023-11,0.21658676485811001
qqq_triple_ma10_50_200_monthly_top2,2.0,2023-12,0.03383658413367411
qqq_triple_ma10_50_200_monthly_top2,2.0,2024-01,-0.028614838427884058
qqq_triple_ma10_50_200_monthly_top2,2.0,2024-02,0.05991347301250667
qqq_triple_ma10_50_200_monthly_top2,2.0,2024-03,-0.03242993590746421
qqq_triple_ma10_50_200_monthly_top2,2.0,2024-04,-0.13658744198523393
qqq_triple_ma10_50_200_monthly_top2,2.0,2024-05,0.013234852480405082
qqq_triple_ma10_50_200_monthly_top2,2.0,2024-06,0.13594539474512618
qqq_triple_ma10_50_200_monthly_top2,2.0,2024-07,-0.07973999491152342
qqq_triple_ma10_50_200_monthly_top2,2.0,2024-08,0.0606370358245706
qqq_triple_ma10_50_200_monthly_top2,2.0,2024-09,0.08471034512247856
qqq_triple_ma10_50_200_monthly_top2,2.0,2024-10,0.04111910419584628
qqq_triple_ma10_50_200_monthly_top2,2.0,2024-11,0.18151254516279258
qqq_triple_ma10_50_200_monthly_top2,2.0,2024-12,-0.008178826101572431
qqq_triple_ma10_50_200_monthly_top2,2.0,2025-01,0.09050977545341807
qqq_triple_ma10_50_200_monthly_top2,2.0,2025-02,0.1346841544058055
qqq_triple_ma10_50_200_monthly_top2,2.0,2025-03,-0.12006313533378593
qqq_triple_ma10_50_200_monthly_top2,2.0,2025-04,-0.06035354738117053
qqq_triple_ma10_50_200_monthly_top2,2.0,2025-05,0.022724390755873916
qqq_triple_ma10_50_200_monthly_top2,2.0,2025-06,-0.04113679877968875
qqq_triple_ma10_50_200_monthly_top2,2.0,2025-07,0.11292730517460212
qqq_triple_ma10_50_200_monthly_top2,2.0,2025-08,-0.014539807778397001
qqq_triple_ma10_50_200_monthly_top2,2.0,2025-09,0.1045792222828971
qqq_triple_ma10_50_200_monthly_top2,2.0,2025-10,0.1318016776286776
qqq_triple_ma10_50_200_monthly_top2,2.0,2025-11,-0.1461225293946227
qqq_triple_ma10_50_200_monthly_top2,2.0,2025-12,0.12630442430148703
qqq_triple_ma10_50_200_monthly_top2,2.0,2026-01,0.35928772828054467
qqq_triple_ma10_50_200_monthly_top2,2.0,2026-02,0.08740920576531055
qqq_triple_ma10_50_200_monthly_top2,2.0,2026-03,-0.04079895803010894
qqq_triple_ma10_50_200_monthly_top2,2.0,2026-04,0.29723642418730833
qqq_triple_ma10_50_200_monthly_top2,5.0,2019-06,0.0
qqq_triple_ma10_50_200_monthly_top2,5.0,2019-07,0.0
qqq_triple_ma10_50_200_monthly_top2,5.0,2019-08,0.0
qqq_triple_ma10_50_200_monthly_top2,5.0,2019-09,0.0
qqq_triple_ma10_50_200_monthly_top2,5.0,2019-10,0.0
qqq_triple_ma10_50_200_monthly_top2,5.0,2019-11,0.0
qqq_triple_ma10_50_200_monthly_top2,5.0,2019-12,0.0
qqq_triple_ma10_50_200_monthly_top2,5.0,2020-01,0.0
qqq_triple_ma10_50_200_monthly_top2,5.0,2020-02,0.0
qqq_triple_ma10_50_200_monthly_top2,5.0,2020-03,0.0
qqq_triple_ma10_50_200_monthly_top2,5.0,2020-04,0.0
qqq_triple_ma10_50_200_monthly_top2,5.0,2020-05,0.21523951535526292
qqq_triple_ma10_50_200_monthly_top2,5.0,2020-06,0.1910573216605364
qqq_triple_ma10_50_200_monthly_top2,5.0,2020-07,0.1840763125455414
qqq_triple_ma10_50_200_monthly_top2,5.0,2020-08,0.24387584234444915
qqq_triple_ma10_50_200_monthly_top2,5.0,2020-09,0.026401029181289504
qqq_triple_ma10_50_200_monthly_top2,5.0,2020-10,-0.05673107137598604
qqq_triple_ma10_50_200_monthly_top2,5.0,2020-11,0.04485601779238979
qqq_triple_ma10_50_200_monthly_top2,5.0,2020-12,0.1288229535287444
qqq_triple_ma10_50_200_monthly_top2,5.0,2021-01,0.3238004387530744
qqq_triple_ma10_50_200_monthly_top2,5.0,2021-02,-0.1638550636079268
qqq_triple_ma10_50_200_monthly_top2,5.0,2021-03,-0.23950473070798267
qqq_triple_ma10_50_200_monthly_top2,5.0,2021-04,-0.031318350963798536
qqq_triple_ma10_50_200_monthly_top2,5.0,2021-05,0.02919035611253773
qqq_triple_ma10_50_200_monthly_top2,5.0,2021-06,0.14172629469274384
qqq_triple_ma10_50_200_monthly_top2,5.0,2021-07,0.056144932429851135
qqq_triple_ma10_50_200_monthly_top2,5.0,2021-08,0.1393736072917251
qqq_triple_ma10_50_200_monthly_top2,5.0,2021-09,-0.06309877277106529
qqq_triple_ma10_50_200_monthly_top2,5.0,2021-10,0.08868265020571481
qqq_triple_ma10_50_200_monthly_top2,5.0,2021-11,0.16304219663268676
qqq_triple_ma10_50_200_monthly_top2,5.0,2021-12,-0.040730428243552774
qqq_triple_ma10_50_200_monthly_top2,5.0,2022-01,-0.15916744813518302
qqq_triple_ma10_50_200_monthly_top2,5.0,2022-02,-0.10738973043466549
qqq_triple_ma10_50_200_monthly_top2,5.0,2022-03,0.03494761087520848
qqq_triple_ma10_50_200_monthly_top2,5.0,2022-04,-0.1422670744907985
qqq_triple_ma10_50_200_monthly_top2,5.0,2022-05,-0.0851643043823902
qqq_triple_ma10_50_200_monthly_top2,5.0,2022-06,0.00033909952302696444
qqq_triple_ma10_50_200_monthly_top2,5.0,2022-07,0.031131063158643058
qqq_triple_ma10_50_200_monthly_top2,5.0,2022-08,-0.0015189163430117114
qqq_triple_ma10_50_200_monthly_top2,5.0,2022-09,0.00011384915099821313
qqq_triple_ma10_50_200_monthly_top2,5.0,2022-10,0.023150130599067398
qqq_triple_ma10_50_200_monthly_top2,5.0,2022-11,-0.013843249442094196
qqq_triple_ma10_50_200_monthly_top2,5.0,2022-12,-0.1007519327751229
qqq_triple_ma10_50_200_monthly_top2,5.0,2023-01,0.061334744887966586
qqq_triple_ma10_50_200_monthly_top2,5.0,2023-02,-0.01580533329302014
qqq_triple_ma10_50_200_monthly_top2,5.0,2023-03,0.07007771724467954
qqq_triple_ma10_50_200_monthly_top2,5.0,2023-04,-0.00995576536149928
qqq_triple_ma10_50_200_monthly_top2,5.0,2023-05,0.13958836228482824
qqq_triple_ma10_50_200_monthly_top2,5.0,2023-06,0.09025655821358408
qqq_triple_ma10_50_200_monthly_top2,5.0,2023-07,0.10026187145112053
qqq_triple_ma10_50_200_monthly_top2,5.0,2023-08,0.018317165209353392
qqq_triple_ma10_50_200_monthly_top2,5.0,2023-09,-0.05296047033400997
qqq_triple_ma10_50_200_monthly_top2,5.0,2023-10,-0.05261056772513417
qqq_triple_ma10_50_200_monthly_top2,5.0,2023-11,0.21598676485811003
qqq_triple_ma10_50_200_monthly_top2,5.0,2023-12,0.03353658413367411
qqq_triple_ma10_50_200_monthly_top2,5.0,2024-01,-0.02891483842788406
qqq_triple_ma10_50_200_monthly_top2,5.0,2024-02,0.05931347301250667
qqq_triple_ma10_50_200_monthly_top2,5.0,2024-03,-0.0327299359074642
qqq_triple_ma10_50_200_monthly_top2,5.0,2024-04,-0.13658744198523393
qqq_triple_ma10_50_200_monthly_top2,5.0,2024-05,0.012634852480405079
qqq_triple_ma10_50_200_monthly_top2,5.0,2024-06,0.1353453947451262
qqq_triple_ma10_50_200_monthly_top2,5.0,2024-07,-0.08003999491152342
qqq_triple_ma10_50_200_monthly_top2,5.0,2024-08,0.060037035824570595
qqq_triple_ma10_50_200_monthly_top2,5.0,2024-09,0.08411034512247856
qqq_triple_ma10_50_200_monthly_top2,5.0,2024-10,0.04081910419584628
qqq_triple_ma10_50_200_monthly_top2,5.0,2024-11,0.1809125451627926
qqq_triple_ma10_50_200_monthly_top2,5.0,2024-12,-0.008778826101572434
qqq_triple_ma10_50_200_monthly_top2,5.0,2025-01,0.09020977545341807
qqq_triple_ma10_50_200_monthly_top2,5.0,2025-02,0.1346841544058055
qqq_triple_ma10_50_200_monthly_top2,5.0,2025-03,-0.12006313533378593
qqq_triple_ma10_50_200_monthly_top2,5.0,2025-04,-0.060953547381170536
qqq_triple_ma10_50_200_monthly_top2,5.0,2025-05,0.022124390755873913
qqq_triple_ma10_50_200_monthly_top2,5.0,2025-06,-0.041436798779688755
qqq_triple_ma10_50_200_monthly_top2,5.0,2025-07,0.11262730517460212
qqq_triple_ma10_50_200_monthly_top2,5.0,2025-08,-0.014839807778396996
qqq_triple_ma10_50_200_monthly_top2,5.0,2025-09,0.1042792222828971
qqq_triple_ma10_50_200_monthly_top2,5.0,2025-10,0.1315016776286776
qqq_triple_ma10_50_200_monthly_top2,5.0,2025-11,-0.1464225293946227
qqq_triple_ma10_50_200_monthly_top2,5.0,2025-12,0.12570442430148704
qqq_triple_ma10_50_200_monthly_top2,5.0,2026-01,0.35898772828054465
qqq_triple_ma10_50_200_monthly_top2,5.0,2026-02,0.08710920576531056
qqq_triple_ma10_50_200_monthly_top2,5.0,2026-03,-0.041098958030108934
qqq_triple_ma10_50_200_monthly_top2,5.0,2026-04,0.2969364241873083
qqq_triple_ma10_50_200_monthly_top2,10.0,2019-06,0.0
qqq_triple_ma10_50_200_monthly_top2,10.0,2019-07,0.0
qqq_triple_ma10_50_200_monthly_top2,10.0,2019-08,0.0
qqq_triple_ma10_50_200_monthly_top2,10.0,2019-09,0.0
qqq_triple_ma10_50_200_monthly_top2,10.0,2019-10,0.0
qqq_triple_ma10_50_200_monthly_top2,10.0,2019-11,0.0
qqq_triple_ma10_50_200_monthly_top2,10.0,2019-12,0.0
qqq_triple_ma10_50_200_monthly_top2,10.0,2020-01,0.0
qqq_triple_ma10_50_200_monthly_top2,10.0,2020-02,0.0
qqq_triple_ma10_50_200_monthly_top2,10.0,2020-03,0.0
qqq_triple_ma10_50_200_monthly_top2,10.0,2020-04,0.0
qqq_triple_ma10_50_200_monthly_top2,10.0,2020-05,0.21473951535526292
qqq_triple_ma10_50_200_monthly_top2,10.0,2020-06,0.1905573216605364
qqq_triple_ma10_50_200_monthly_top2,10.0,2020-07,0.1835763125455414
qqq_triple_ma10_50_200_monthly_top2,10.0,2020-08,0.24337584234444914
qqq_triple_ma10_50_200_monthly_top2,10.0,2020-09,0.025901029181289503
qqq_triple_ma10_50_200_monthly_top2,10.0,2020-10,-0.05723107137598604
qqq_triple_ma10_50_200_monthly_top2,10.0,2020-11,0.04435601779238979
qqq_triple_ma10_50_200_monthly_top2,10.0,2020-12,0.1278229535287444
qqq_triple_ma10_50_200_monthly_top2,10.0,2021-01,0.3233004387530744
qqq_triple_ma10_50_200_monthly_top2,10.0,2021-02,-0.1643550636079268
qqq_triple_ma10_50_200_monthly_top2,10.0,2021-03,-0.24050473070798267
qqq_triple_ma10_50_200_monthly_top2,10.0,2021-04,-0.03231835096379854
qqq_triple_ma10_50_200_monthly_top2,10.0,2021-05,0.02869035611253773
qqq_triple_ma10_50_200_monthly_top2,10.0,2021-06,0.14172629469274384
qqq_triple_ma10_50_200_monthly_top2,10.0,2021-07,0.055644932429851135
qqq_triple_ma10_50_200_monthly_top2,10.0,2021-08,0.1383736072917251
qqq_triple_ma10_50_200_monthly_top2,10.0,2021-09,-0.06309877277106529
qqq_triple_ma10_50_200_monthly_top2,10.0,2021-10,0.08868265020571481
qqq_triple_ma10_50_200_monthly_top2,10.0,2021-11,0.16254219663268676
qqq_triple_ma10_50_200_monthly_top2,10.0,2021-12,-0.041230428243552775
qqq_triple_ma10_50_200_monthly_top2,10.0,2022-01,-0.16016744813518302
qqq_triple_ma10_50_200_monthly_top2,10.0,2022-02,-0.10838973043466549
qqq_triple_ma10_50_200_monthly_top2,10.0,2022-03,0.03444761087520848
qqq_triple_ma10_50_200_monthly_top2,10.0,2022-04,-0.1432670744907985
qqq_triple_ma10_50_200_monthly_top2,10.0,2022-05,-0.0851643043823902
qqq_triple_ma10_50_200_monthly_top2,10.0,2022-06,-0.0006609004769730364
qqq_triple_ma10_50_200_monthly_top2,10.0,2022-07,0.030631063158643057
qqq_triple_ma10_50_200_monthly_top2,10.0,2022-08,-0.002018916343011712
qqq_triple_ma10_50_200_monthly_top2,10.0,2022-09,-0.0003861508490017873
qqq_triple_ma10_50_200_monthly_top2,10.0,2022-10,0.022150130599067397
qqq_triple_ma10_50_200_monthly_top2,10.0,2022-11,-0.014843249442094197
qqq_triple_ma10_50_200_monthly_top2,10.0,2022-12,-0.1017519327751229
qqq_triple_ma10_50_200_monthly_top2,10.0,2023-01,0.060334744887966585
qqq_triple_ma10_50_200_monthly_top2,10.0,2023-02,-0.01680533329302014
qqq_triple_ma10_50_200_monthly_top2,10.0,2023-03,0.07007771724467954
qqq_triple_ma10_50_200_monthly_top2,10.0,2023-04,-0.01045576536149928
qqq_triple_ma10_50_200_monthly_top2,10.0,2023-05,0.13908836228482824
qqq_triple_ma10_50_200_monthly_top2,10.0,2023-06,0.08975655821358408
qqq_triple_ma10_50_200_monthly_top2,10.0,2023-07,0.10026187145112053
qqq_triple_ma10_50_200_monthly_top2,10.0,2023-08,0.018317165209353392
qqq_triple_ma10_50_200_monthly_top2,10.0,2023-09,-0.05346047033400997
qqq_triple_ma10_50_200_monthly_top2,10.0,2023-10,-0.05361056772513417
qqq_triple_ma10_50_200_monthly_top2,10.0,2023-11,0.21498676485811002
qqq_triple_ma10_50_200_monthly_top2,10.0,2023-12,0.03303658413367411
qqq_triple_ma10_50_200_monthly_top2,10.0,2024-01,-0.02941483842788406
qqq_triple_ma10_50_200_monthly_top2,10.0,2024-02,0.05831347301250667
qqq_triple_ma10_50_200_monthly_top2,10.0,2024-03,-0.0332299359074642
qqq_triple_ma10_50_200_monthly_top2,10.0,2024-04,-0.13658744198523393
qqq_triple_ma10_50_200_monthly_top2,10.0,2024-05,0.011634852480405078
qqq_triple_ma10_50_200_monthly_top2,10.0,2024-06,0.1343453947451262
qqq_triple_ma10_50_200_monthly_top2,10.0,2024-07,-0.08053999491152342
qqq_triple_ma10_50_200_monthly_top2,10.0,2024-08,0.059037035824570594
qqq_triple_ma10_50_200_monthly_top2,10.0,2024-09,0.08311034512247856
qqq_triple_ma10_50_200_monthly_top2,10.0,2024-10,0.04031910419584628
qqq_triple_ma10_50_200_monthly_top2,10.0,2024-11,0.1799125451627926
qqq_triple_ma10_50_200_monthly_top2,10.0,2024-12,-0.009778826101572435
qqq_triple_ma10_50_200_monthly_top2,10.0,2025-01,0.08970977545341807
qqq_triple_ma10_50_200_monthly_top2,10.0,2025-02,0.1346841544058055
qqq_triple_ma10_50_200_monthly_top2,10.0,2025-03,-0.12006313533378593
qqq_triple_ma10_50_200_monthly_top2,10.0,2025-04,-0.06195354738117054
qqq_triple_ma10_50_200_monthly_top2,10.0,2025-05,0.021124390755873912
qqq_triple_ma10_50_200_monthly_top2,10.0,2025-06,-0.041936798779688755
qqq_triple_ma10_50_200_monthly_top2,10.0,2025-07,0.11212730517460212
qqq_triple_ma10_50_200_monthly_top2,10.0,2025-08,-0.015339807778396997
qqq_triple_ma10_50_200_monthly_top2,10.0,2025-09,0.1037792222828971
qqq_triple_ma10_50_200_monthly_top2,10.0,2025-10,0.1310016776286776
qqq_triple_ma10_50_200_monthly_top2,10.0,2025-11,-0.1469225293946227
qqq_triple_ma10_50_200_monthly_top2,10.0,2025-12,0.12470442430148704
qqq_triple_ma10_50_200_monthly_top2,10.0,2026-01,0.35848772828054465
qqq_triple_ma10_50_200_monthly_top2,10.0,2026-02,0.08660920576531056
qqq_triple_ma10_50_200_monthly_top2,10.0,2026-03,-0.041598958030108935
qqq_triple_ma10_50_200_monthly_top2,10.0,2026-04,0.2964364241873083
qqq_triple_ma10_50_200_monthly_top3,0.0,2019-06,0.0
qqq_triple_ma10_50_200_monthly_top3,0.0,2019-07,0.0
qqq_triple_ma10_50_200_monthly_top3,0.0,2019-08,0.0
qqq_triple_ma10_50_200_monthly_top3,0.0,2019-09,0.0
qqq_triple_ma10_50_200_monthly_top3,0.0,2019-10,0.0
qqq_triple_ma10_50_200_monthly_top3,0.0,2019-11,0.0
qqq_triple_ma10_50_200_monthly_top3,0.0,2019-12,0.0
qqq_triple_ma10_50_200_monthly_top3,0.0,2020-01,0.0
qqq_triple_ma10_50_200_monthly_top3,0.0,2020-02,0.0
qqq_triple_ma10_50_200_monthly_top3,0.0,2020-03,0.0
qqq_triple_ma10_50_200_monthly_top3,0.0,2020-04,0.0
qqq_triple_ma10_50_200_monthly_top3,0.0,2020-05,0.19801640657945543
qqq_triple_ma10_50_200_monthly_top3,0.0,2020-06,0.2236922140402664
qqq_triple_ma10_50_200_monthly_top3,0.0,2020-07,0.20716798189827595
qqq_triple_ma10_50_200_monthly_top3,0.0,2020-08,0.360551983090339
qqq_triple_ma10_50_200_monthly_top3,0.0,2020-09,-0.05936843933805311
qqq_triple_ma10_50_200_monthly_top3,0.0,2020-10,-0.06787754860843538
qqq_triple_ma10_50_200_monthly_top3,0.0,2020-11,0.10859984091753434
qqq_triple_ma10_50_200_monthly_top3,0.0,2020-12,0.1763089066440943
qqq_triple_ma10_50_200_monthly_top3,0.0,2021-01,0.20872227957593073
qqq_triple_ma10_50_200_monthly_top3,0.0,2021-02,-0.09250469665109609
qqq_triple_ma10_50_200_monthly_top3,0.0,2021-03,-0.18820848197116896
qqq_triple_ma10_50_200_monthly_top3,0.0,2021-04,-0.013698588296269314
qqq_triple_ma10_50_200_monthly_top3,0.0,2021-05,0.037154593763097474
qqq_triple_ma10_50_200_monthly_top3,0.0,2021-06,0.0908076187322853
qqq_triple_ma10_50_200_monthly_top3,0.0,2021-07,0.18815007621748187
qqq_triple_ma10_50_200_monthly_top3,0.0,2021-08,0.12212952680337015
qqq_triple_ma10_50_200_monthly_top3,0.0,2021-09,-0.07040051521423339
qqq_triple_ma10_50_200_monthly_top3,0.0,2021-10,0.0901975568279987
qqq_triple_ma10_50_200_monthly_top3,0.0,2021-11,0.07447455671686125
qqq_triple_ma10_50_200_monthly_top3,0.0,2021-12,-0.056990931833821215
qqq_triple_ma10_50_200_monthly_top3,0.0,2022-01,-0.15797221001229728
qqq_triple_ma10_50_200_monthly_top3,0.0,2022-02,-0.10965398351806874
qqq_triple_ma10_50_200_monthly_top3,0.0,2022-03,-0.014185156379831903
qqq_triple_ma10_50_200_monthly_top3,0.0,2022-04,-0.17084479503996441
qqq_triple_ma10_50_200_monthly_top3,0.0,2022-05,-0.10368648258198206
qqq_triple_ma10_50_200_monthly_top3,0.0,2022-06,-0.006198169337770711
qqq_triple_ma10_50_200_monthly_top3,0.0,2022-07,0.03163106315864306
qqq_triple_ma10_50_200_monthly_top3,0.0,2022-08,-7.124623897547533e-05
qqq_triple_ma10_50_200_monthly_top3,0.0,2022-09,-0.012756742807148449
qqq_triple_ma10_50_200_monthly_top3,0.0,2022-10,0.024192257481334384
qqq_triple_ma10_50_200_monthly_top3,0.0,2022-11,0.024445961496571172
qqq_triple_ma10_50_200_monthly_top3,0.0,2022-12,-0.07795433403267037
qqq_triple_ma10_50_200_monthly_top3,0.0,2023-01,0.06888646690702353
qqq_triple_ma10_50_200_monthly_top3,0.0,2023-02,-0.04183232072730913
qqq_triple_ma10_50_200_monthly_top3,0.0,2023-03,0.05781364311784365
qqq_triple_ma10_50_200_monthly_top3,0.0,2023-04,-0.0013984032479581188
qqq_triple_ma10_50_200_monthly_top3,0.0,2023-05,0.13335428276605923
qqq_triple_ma10_50_200_monthly_top3,0.0,2023-06,0.05365271556667202
qqq_triple_ma10_50_200_monthly_top3,0.0,2023-07,0.06247078698288796
qqq_triple_ma10_50_200_monthly_top3,0.0,2023-08,0.007524135987066463
qqq_triple_ma10_50_200_monthly_top3,0.0,2023-09,-0.07327375028945596
qqq_triple_ma10_50_200_monthly_top3,0.0,2023-10,-0.09102871990302265
qqq_triple_ma10_50_200_monthly_top3,0.0,2023-11,0.23823605952759846
qqq_triple_ma10_50_200_monthly_top3,0.0,2023-12,0.041199978063547096
qqq_triple_ma10_50_200_monthly_top3,0.0,2024-01,0.03177811087832834
qqq_triple_ma10_50_200_monthly_top3,0.0,2024-02,0.05522235769394382
qqq_triple_ma10_50_200_monthly_top3,0.0,2024-03,-0.06386376799096646
qqq_triple_ma10_50_200_monthly_top3,0.0,2024-04,-0.13203953298236107
qqq_triple_ma10_50_200_monthly_top3,0.0,2024-05,0.07252296915372715
qqq_triple_ma10_50_200_monthly_top3,0.0,2024-06,0.10470552476178474
qqq_triple_ma10_50_200_monthly_top3,0.0,2024-07,-0.11602354469893958
qqq_triple_ma10_50_200_monthly_top3,0.0,2024-08,0.07841053296098441
qqq_triple_ma10_50_200_monthly_top3,0.0,2024-09,0.05780891464985948
qqq_triple_ma10_50_200_monthly_top3,0.0,2024-10,0.02029113858585063
qqq_triple_ma10_50_200_monthly_top3,0.0,2024-11,0.14177561126022659
qqq_triple_ma10_50_200_monthly_top3,0.0,2024-12,0.0344947927683327
qqq_triple_ma10_50_200_monthly_top3,0.0,2025-01,0.07688206971365029
qqq_triple_ma10_50_200_monthly_top3,0.0,2025-02,0.023203167992420642
qqq_triple_ma10_50_200_monthly_top3,0.0,2025-03,-0.14188623573379303
qqq_triple_ma10_50_200_monthly_top3,0.0,2025-04,0.02892249570936367
qqq_triple_ma10_50_200_monthly_top3,0.0,2025-05,0.03288816854748906
qqq_triple_ma10_50_200_monthly_top3,0.0,2025-06,-0.004998693922407857
qqq_triple_ma10_50_200_monthly_top3,0.0,2025-07,0.024245669739050846
qqq_triple_ma10_50_200_monthly_top3,0.0,2025-08,-0.018964986887471093
qqq_triple_ma10_50_200_monthly_top3,0.0,2025-09,0.09849478029700005
qqq_triple_ma10_50_200_monthly_top3,0.0,2025-10,0.06468554877297715
qqq_triple_ma10_50_200_monthly_top3,0.0,2025-11,-0.09245894193370187
qqq_triple_ma10_50_200_monthly_top3,0.0,2025-12,0.15389285413547044
qqq_triple_ma10_50_200_monthly_top3,0.0,2026-01,0.2249252849263229
qqq_triple_ma10_50_200_monthly_top3,0.0,2026-02,0.045998193906322114
qqq_triple_ma10_50_200_monthly_top3,0.0,2026-03,-0.009161722160674027
qqq_triple_ma10_50_200_monthly_top3,0.0,2026-04,0.38724666748037273
qqq_triple_ma10_50_200_monthly_top3,1.0,2019-06,0.0
qqq_triple_ma10_50_200_monthly_top3,1.0,2019-07,0.0
qqq_triple_ma10_50_200_monthly_top3,1.0,2019-08,0.0
qqq_triple_ma10_50_200_monthly_top3,1.0,2019-09,0.0
qqq_triple_ma10_50_200_monthly_top3,1.0,2019-10,0.0
qqq_triple_ma10_50_200_monthly_top3,1.0,2019-11,0.0
qqq_triple_ma10_50_200_monthly_top3,1.0,2019-12,0.0
qqq_triple_ma10_50_200_monthly_top3,1.0,2020-01,0.0
qqq_triple_ma10_50_200_monthly_top3,1.0,2020-02,0.0
qqq_triple_ma10_50_200_monthly_top3,1.0,2020-03,0.0
qqq_triple_ma10_50_200_monthly_top3,1.0,2020-04,0.0
qqq_triple_ma10_50_200_monthly_top3,1.0,2020-05,0.19791640657945542
qqq_triple_ma10_50_200_monthly_top3,1.0,2020-06,0.22362554737359974
qqq_triple_ma10_50_200_monthly_top3,1.0,2020-07,0.2071013152316093
qqq_triple_ma10_50_200_monthly_top3,1.0,2020-08,0.3604853164236723
qqq_triple_ma10_50_200_monthly_top3,1.0,2020-09,-0.05950177267138644
qqq_triple_ma10_50_200_monthly_top3,1.0,2020-10,-0.06801088194176871
qqq_triple_ma10_50_200_monthly_top3,1.0,2020-11,0.10846650758420101
qqq_triple_ma10_50_200_monthly_top3,1.0,2020-12,0.17617557331076095
qqq_triple_ma10_50_200_monthly_top3,1.0,2021-01,0.20858894624259738
qqq_triple_ma10_50_200_monthly_top3,1.0,2021-02,-0.09257136331776275
qqq_triple_ma10_50_200_monthly_top3,1.0,2021-03,-0.1883418153045023
qqq_triple_ma10_50_200_monthly_top3,1.0,2021-04,-0.013898588296269313
qqq_triple_ma10_50_200_monthly_top3,1.0,2021-05,0.037087927096430814
qqq_triple_ma10_50_200_monthly_top3,1.0,2021-06,0.0908076187322853
qqq_triple_ma10_50_200_monthly_top3,1.0,2021-07,0.1880834095508152
qqq_triple_ma10_50_200_monthly_top3,1.0,2021-08,0.12206286013670349
qqq_triple_ma10_50_200_monthly_top3,1.0,2021-09,-0.07046718188090006
qqq_triple_ma10_50_200_monthly_top3,1.0,2021-10,0.09013089016133202
qqq_triple_ma10_50_200_monthly_top3,1.0,2021-11,0.07434122338352792
qqq_triple_ma10_50_200_monthly_top3,1.0,2021-12,-0.05712426516715455
qqq_triple_ma10_50_200_monthly_top3,1.0,2022-01,-0.15803887667896394
qqq_triple_ma10_50_200_monthly_top3,1.0,2022-02,-0.10985398351806874
qqq_triple_ma10_50_200_monthly_top3,1.0,2022-03,-0.01431848971316525
qqq_triple_ma10_50_200_monthly_top3,1.0,2022-04,-0.17097812837329776
qqq_triple_ma10_50_200_monthly_top3,1.0,2022-05,-0.10375314924864873
qqq_triple_ma10_50_200_monthly_top3,1.0,2022-06,-0.006398169337770709
qqq_triple_ma10_50_200_monthly_top3,1.0,2022-07,0.031531063158643055
qqq_triple_ma10_50_200_monthly_top3,1.0,2022-08,-0.0001379129056421416
qqq_triple_ma10_50_200_monthly_top3,1.0,2022-09,-0.012823409473815115
qqq_triple_ma10_50_200_monthly_top3,1.0,2022-10,0.023992257481334378
qqq_triple_ma10_50_200_monthly_top3,1.0,2022-11,0.024245961496571173
qqq_triple_ma10_50_200_monthly_top3,1.0,2022-12,-0.0780876673660037
qqq_triple_ma10_50_200_monthly_top3,1.0,2023-01,0.0687531335736902
qqq_triple_ma10_50_200_monthly_top3,1.0,2023-02,-0.04196565406064246
qqq_triple_ma10_50_200_monthly_top3,1.0,2023-03,0.05774697645117698
qqq_triple_ma10_50_200_monthly_top3,1.0,2023-04,-0.001465069914624785
qqq_triple_ma10_50_200_monthly_top3,1.0,2023-05,0.13328761609939258
qqq_triple_ma10_50_200_monthly_top3,1.0,2023-06,0.053586048900005345
qqq_triple_ma10_50_200_monthly_top3,1.0,2023-07,0.06240412031622129
qqq_triple_ma10_50_200_monthly_top3,1.0,2023-08,0.0074574693203998035
qqq_triple_ma10_50_200_monthly_top3,1.0,2023-09,-0.07340708362278929
qqq_triple_ma10_50_200_monthly_top3,1.0,2023-10,-0.09122871990302266
qqq_triple_ma10_50_200_monthly_top3,1.0,2023-11,0.2380360595275985
qqq_triple_ma10_50_200_monthly_top3,1.0,2023-12,0.04113331139688043
qqq_triple_ma10_50_200_monthly_top3,1.0,2024-01,0.03171144421166167
qqq_triple_ma10_50_200_monthly_top3,1.0,2024-02,0.055089024360610486
qqq_triple_ma10_50_200_monthly_top3,1.0,2024-03,-0.0639971013242998
qqq_triple_ma10_50_200_monthly_top3,1.0,2024-04,-0.13210619964902773
qqq_triple_ma10_50_200_monthly_top3,1.0,2024-05,0.07232296915372714
qqq_triple_ma10_50_200_monthly_top3,1.0,2024-06,0.10457219142845141
qqq_triple_ma10_50_200_monthly_top3,1.0,2024-07,-0.11609021136560627
qqq_triple_ma10_50_200_monthly_top3,1.0,2024-08,0.07821053296098442
qqq_triple_ma10_50_200_monthly_top3,1.0,2024-09,0.05760891464985948
qqq_triple_ma10_50_200_monthly_top3,1.0,2024-10,0.020157805252517296
qqq_triple_ma10_50_200_monthly_top3,1.0,2024-11,0.14164227792689327
qqq_triple_ma10_50_200_monthly_top3,1.0,2024-12,0.03436145943499937
qqq_triple_ma10_50_200_monthly_top3,1.0,2025-01,0.07674873638031694
qqq_triple_ma10_50_200_monthly_top3,1.0,2025-02,0.023136501325753955
qqq_triple_ma10_50_200_monthly_top3,1.0,2025-03,-0.14195290240045969
qqq_triple_ma10_50_200_monthly_top3,1.0,2025-04,0.02872249570936368
qqq_triple_ma10_50_200_monthly_top3,1.0,2025-05,0.032688168547489065
qqq_triple_ma10_50_200_monthly_top3,1.0,2025-06,-0.005065360589074523
qqq_triple_ma10_50_200_monthly_top3,1.0,2025-07,0.024112336405717513
qqq_triple_ma10_50_200_monthly_top3,1.0,2025-08,-0.019098320220804425
qqq_triple_ma10_50_200_monthly_top3,1.0,2025-09,0.09836144696366672
qqq_triple_ma10_50_200_monthly_top3,1.0,2025-10,0.06455221543964382
qqq_triple_ma10_50_200_monthly_top3,1.0,2025-11,-0.09252560860036853
qqq_triple_ma10_50_200_monthly_top3,1.0,2025-12,0.15375952080213712
qqq_triple_ma10_50_200_monthly_top3,1.0,2026-01,0.22485861825965625
qqq_triple_ma10_50_200_monthly_top3,1.0,2026-02,0.045998193906322114
qqq_triple_ma10_50_200_monthly_top3,1.0,2026-03,-0.009228388827340714
qqq_triple_ma10_50_200_monthly_top3,1.0,2026-04,0.387180000813706
qqq_triple_ma10_50_200_monthly_top3,2.0,2019-06,0.0
qqq_triple_ma10_50_200_monthly_top3,2.0,2019-07,0.0
qqq_triple_ma10_50_200_monthly_top3,2.0,2019-08,0.0
qqq_triple_ma10_50_200_monthly_top3,2.0,2019-09,0.0
qqq_triple_ma10_50_200_monthly_top3,2.0,2019-10,0.0
qqq_triple_ma10_50_200_monthly_top3,2.0,2019-11,0.0
qqq_triple_ma10_50_200_monthly_top3,2.0,2019-12,0.0
qqq_triple_ma10_50_200_monthly_top3,2.0,2020-01,0.0
qqq_triple_ma10_50_200_monthly_top3,2.0,2020-02,0.0
qqq_triple_ma10_50_200_monthly_top3,2.0,2020-03,0.0
qqq_triple_ma10_50_200_monthly_top3,2.0,2020-04,0.0
qqq_triple_ma10_50_200_monthly_top3,2.0,2020-05,0.19781640657945543
qqq_triple_ma10_50_200_monthly_top3,2.0,2020-06,0.22355888070693308
qqq_triple_ma10_50_200_monthly_top3,2.0,2020-07,0.2070346485649426
qqq_triple_ma10_50_200_monthly_top3,2.0,2020-08,0.36041864975700566
qqq_triple_ma10_50_200_monthly_top3,2.0,2020-09,-0.05963510600471977
qqq_triple_ma10_50_200_monthly_top3,2.0,2020-10,-0.06814421527510205
qqq_triple_ma10_50_200_monthly_top3,2.0,2020-11,0.10833317425086768
qqq_triple_ma10_50_200_monthly_top3,2.0,2020-12,0.17604223997742763
qqq_triple_ma10_50_200_monthly_top3,2.0,2021-01,0.20845561290926407
qqq_triple_ma10_50_200_monthly_top3,2.0,2021-02,-0.09263802998442941
qqq_triple_ma10_50_200_monthly_top3,2.0,2021-03,-0.18847514863783563
qqq_triple_ma10_50_200_monthly_top3,2.0,2021-04,-0.014098588296269312
qqq_triple_ma10_50_200_monthly_top3,2.0,2021-05,0.03702126042976413
qqq_triple_ma10_50_200_monthly_top3,2.0,2021-06,0.0908076187322853
qqq_triple_ma10_50_200_monthly_top3,2.0,2021-07,0.18801674288414855
qqq_triple_ma10_50_200_monthly_top3,2.0,2021-08,0.12199619347003682
qqq_triple_ma10_50_200_monthly_top3,2.0,2021-09,-0.07053384854756674
qqq_triple_ma10_50_200_monthly_top3,2.0,2021-10,0.09006422349466536
qqq_triple_ma10_50_200_monthly_top3,2.0,2021-11,0.07420789005019458
qqq_triple_ma10_50_200_monthly_top3,2.0,2021-12,-0.05725759850048788
qqq_triple_ma10_50_200_monthly_top3,2.0,2022-01,-0.15810554334563062
qqq_triple_ma10_50_200_monthly_top3,2.0,2022-02,-0.11005398351806875
qqq_triple_ma10_50_200_monthly_top3,2.0,2022-03,-0.014451823046498568
qqq_triple_ma10_50_200_monthly_top3,2.0,2022-04,-0.1711114617066311
qqq_triple_ma10_50_200_monthly_top3,2.0,2022-05,-0.10381981591531539
qqq_triple_ma10_50_200_monthly_top3,2.0,2022-06,-0.006598169337770715
qqq_triple_ma10_50_200_monthly_top3,2.0,2022-07,0.03143106315864306
qqq_triple_ma10_50_200_monthly_top3,2.0,2022-08,-0.00020457957230881132
qqq_triple_ma10_50_200_monthly_top3,2.0,2022-09,-0.012890076140481781
qqq_triple_ma10_50_200_monthly_top3,2.0,2022-10,0.0237922574813344
qqq_triple_ma10_50_200_monthly_top3,2.0,2022-11,0.024045961496571174
qqq_triple_ma10_50_200_monthly_top3,2.0,2022-12,-0.07822100069933703
qqq_triple_ma10_50_200_monthly_top3,2.0,2023-01,0.06861980024035687
qqq_triple_ma10_50_200_monthly_top3,2.0,2023-02,-0.042098987393975794
qqq_triple_ma10_50_200_monthly_top3,2.0,2023-03,0.05768030978451031
qqq_triple_ma10_50_200_monthly_top3,2.0,2023-04,-0.0015317365812914513
qqq_triple_ma10_50_200_monthly_top3,2.0,2023-05,0.1332209494327259
qqq_triple_ma10_50_200_monthly_top3,2.0,2023-06,0.053519382233338686
qqq_triple_ma10_50_200_monthly_top3,2.0,2023-07,0.062337453649554626
qqq_triple_ma10_50_200_monthly_top3,2.0,2023-08,0.00739080265373313
qqq_triple_ma10_50_200_monthly_top3,2.0,2023-09,-0.07354041695612262
qqq_triple_ma10_50_200_monthly_top3,2.0,2023-10,-0.09142871990302265
qqq_triple_ma10_50_200_monthly_top3,2.0,2023-11,0.23783605952759848
qqq_triple_ma10_50_200_monthly_top3,2.0,2023-12,0.041066644730213764
qqq_triple_ma10_50_200_monthly_top3,2.0,2024-01,0.031644777544995006
qqq_triple_ma10_50_200_monthly_top3,2.0,2024-02,0.054955691027277154
qqq_triple_ma10_50_200_monthly_top3,2.0,2024-03,-0.06413043465763313
qqq_triple_ma10_50_200_monthly_top3,2.0,2024-04,-0.13217286631569442
qqq_triple_ma10_50_200_monthly_top3,2.0,2024-05,0.07212296915372714
qqq_triple_ma10_50_200_monthly_top3,2.0,2024-06,0.10443885809511808
qqq_triple_ma10_50_200_monthly_top3,2.0,2024-07,-0.11615687803227293
qqq_triple_ma10_50_200_monthly_top3,2.0,2024-08,0.07801053296098441
qqq_triple_ma10_50_200_monthly_top3,2.0,2024-09,0.057408914649859484
qqq_triple_ma10_50_200_monthly_top3,2.0,2024-10,0.020024471919183964
qqq_triple_ma10_50_200_monthly_top3,2.0,2024-11,0.14150894459355992
qqq_triple_ma10_50_200_monthly_top3,2.0,2024-12,0.034228126101666034
qqq_triple_ma10_50_200_monthly_top3,2.0,2025-01,0.07661540304698362
qqq_triple_ma10_50_200_monthly_top3,2.0,2025-02,0.023069834659087296
qqq_triple_ma10_50_200_monthly_top3,2.0,2025-03,-0.14201956906712634
qqq_triple_ma10_50_200_monthly_top3,2.0,2025-04,0.028522495709363674
qqq_triple_ma10_50_200_monthly_top3,2.0,2025-05,0.032488168547489066
qqq_triple_ma10_50_200_monthly_top3,2.0,2025-06,-0.0051320272557411895
qqq_triple_ma10_50_200_monthly_top3,2.0,2025-07,0.02397900307238418
qqq_triple_ma10_50_200_monthly_top3,2.0,2025-08,-0.019231653554137758
qqq_triple_ma10_50_200_monthly_top3,2.0,2025-09,0.09822811363033339
qqq_triple_ma10_50_200_monthly_top3,2.0,2025-10,0.06441888210631047
qqq_triple_ma10_50_200_monthly_top3,2.0,2025-11,-0.09259227526703519
qqq_triple_ma10_50_200_monthly_top3,2.0,2025-12,0.15362618746880377
qqq_triple_ma10_50_200_monthly_top3,2.0,2026-01,0.2247919515929896
qqq_triple_ma10_50_200_monthly_top3,2.0,2026-02,0.045998193906322114
qqq_triple_ma10_50_200_monthly_top3,2.0,2026-03,-0.009295055494007373
qqq_triple_ma10_50_200_monthly_top3,2.0,2026-04,0.38711333414703936
qqq_triple_ma10_50_200_monthly_top3,5.0,2019-06,0.0
qqq_triple_ma10_50_200_monthly_top3,5.0,2019-07,0.0
qqq_triple_ma10_50_200_monthly_top3,5.0,2019-08,0.0
qqq_triple_ma10_50_200_monthly_top3,5.0,2019-09,0.0
qqq_triple_ma10_50_200_monthly_top3,5.0,2019-10,0.0
qqq_triple_ma10_50_200_monthly_top3,5.0,2019-11,0.0
qqq_triple_ma10_50_200_monthly_top3,5.0,2019-12,0.0
qqq_triple_ma10_50_200_monthly_top3,5.0,2020-01,0.0
qqq_triple_ma10_50_200_monthly_top3,5.0,2020-02,0.0
qqq_triple_ma10_50_200_monthly_top3,5.0,2020-03,0.0
qqq_triple_ma10_50_200_monthly_top3,5.0,2020-04,0.0
qqq_triple_ma10_50_200_monthly_top3,5.0,2020-05,0.19751640657945543
qqq_triple_ma10_50_200_monthly_top3,5.0,2020-06,0.22335888070693305
qqq_triple_ma10_50_200_monthly_top3,5.0,2020-07,0.2068346485649426
qqq_triple_ma10_50_200_monthly_top3,5.0,2020-08,0.3602186497570057
qqq_triple_ma10_50_200_monthly_top3,5.0,2020-09,-0.06003510600471977
qqq_triple_ma10_50_200_monthly_top3,5.0,2020-10,-0.06854421527510204
qqq_triple_ma10_50_200_monthly_top3,5.0,2020-11,0.10793317425086768
qqq_triple_ma10_50_200_monthly_top3,5.0,2020-12,0.17564223997742762
qqq_triple_ma10_50_200_monthly_top3,5.0,2021-01,0.20805561290926405
qqq_triple_ma10_50_200_monthly_top3,5.0,2021-02,-0.09283802998442942
qqq_triple_ma10_50_200_monthly_top3,5.0,2021-03,-0.18887514863783564
qqq_triple_ma10_50_200_monthly_top3,5.0,2021-04,-0.014698588296269315
qqq_triple_ma10_50_200_monthly_top3,5.0,2021-05,0.03682126042976412
qqq_triple_ma10_50_200_monthly_top3,5.0,2021-06,0.0908076187322853
qqq_triple_ma10_50_200_monthly_top3,5.0,2021-07,0.18781674288414854
qqq_triple_ma10_50_200_monthly_top3,5.0,2021-08,0.12179619347003683
qqq_triple_ma10_50_200_monthly_top3,5.0,2021-09,-0.07073384854756673
qqq_triple_ma10_50_200_monthly_top3,5.0,2021-10,0.08986422349466536
qqq_triple_ma10_50_200_monthly_top3,5.0,2021-11,0.07380789005019457
qqq_triple_ma10_50_200_monthly_top3,5.0,2021-12,-0.05765759850048788
qqq_triple_ma10_50_200_monthly_top3,5.0,2022-01,-0.15830554334563063
qqq_triple_ma10_50_200_monthly_top3,5.0,2022-02,-0.11065398351806874
qqq_triple_ma10_50_200_monthly_top3,5.0,2022-03,-0.01485182304649858
qqq_triple_ma10_50_200_monthly_top3,5.0,2022-04,-0.1715114617066311
qqq_triple_ma10_50_200_monthly_top3,5.0,2022-05,-0.1040198159153154
qqq_triple_ma10_50_200_monthly_top3,5.0,2022-06,-0.0071981693377707115
qqq_triple_ma10_50_200_monthly_top3,5.0,2022-07,0.031131063158643058
qqq_triple_ma10_50_200_monthly_top3,5.0,2022-08,-0.0004045795723088101
qqq_triple_ma10_50_200_monthly_top3,5.0,2022-09,-0.01309007614048178
qqq_triple_ma10_50_200_monthly_top3,5.0,2022-10,0.023192257481334383
qqq_triple_ma10_50_200_monthly_top3,5.0,2022-11,0.023445961496571178
qqq_triple_ma10_50_200_monthly_top3,5.0,2022-12,-0.07862100069933703
qqq_triple_ma10_50_200_monthly_top3,5.0,2023-01,0.06821980024035686
qqq_triple_ma10_50_200_monthly_top3,5.0,2023-02,-0.04249898739397579
qqq_triple_ma10_50_200_monthly_top3,5.0,2023-03,0.05748030978451031
qqq_triple_ma10_50_200_monthly_top3,5.0,2023-04,-0.00173173658129145
qqq_triple_ma10_50_200_monthly_top3,5.0,2023-05,0.1330209494327259
qqq_triple_ma10_50_200_monthly_top3,5.0,2023-06,0.05331938223333868
qqq_triple_ma10_50_200_monthly_top3,5.0,2023-07,0.06213745364955463
qqq_triple_ma10_50_200_monthly_top3,5.0,2023-08,0.007190802653733138
qqq_triple_ma10_50_200_monthly_top3,5.0,2023-09,-0.07394041695612263
qqq_triple_ma10_50_200_monthly_top3,5.0,2023-10,-0.09202871990302265
qqq_triple_ma10_50_200_monthly_top3,5.0,2023-11,0.23723605952759846
qqq_triple_ma10_50_200_monthly_top3,5.0,2023-12,0.040866644730213765
qqq_triple_ma10_50_200_monthly_top3,5.0,2024-01,0.03144477754499501
qqq_triple_ma10_50_200_monthly_top3,5.0,2024-02,0.054555691027277156
qqq_triple_ma10_50_200_monthly_top3,5.0,2024-03,-0.06453043465763313
qqq_triple_ma10_50_200_monthly_top3,5.0,2024-04,-0.1323728663156944
qqq_triple_ma10_50_200_monthly_top3,5.0,2024-05,0.07152296915372715
qqq_triple_ma10_50_200_monthly_top3,5.0,2024-06,0.10403885809511808
qqq_triple_ma10_50_200_monthly_top3,5.0,2024-07,-0.11635687803227293
qqq_triple_ma10_50_200_monthly_top3,5.0,2024-08,0.07741053296098441
qqq_triple_ma10_50_200_monthly_top3,5.0,2024-09,0.05680891464985948
qqq_triple_ma10_50_200_monthly_top3,5.0,2024-10,0.019624471919183966
qqq_triple_ma10_50_200_monthly_top3,5.0,2024-11,0.14110894459355994
qqq_triple_ma10_50_200_monthly_top3,5.0,2024-12,0.03382812610166604
qqq_triple_ma10_50_200_monthly_top3,5.0,2025-01,0.07621540304698361
qqq_triple_ma10_50_200_monthly_top3,5.0,2025-02,0.02286983465908729
qqq_triple_ma10_50_200_monthly_top3,5.0,2025-03,-0.14221956906712635
qqq_triple_ma10_50_200_monthly_top3,5.0,2025-04,0.027922495709363684
qqq_triple_ma10_50_200_monthly_top3,5.0,2025-05,0.03188816854748907
qqq_triple_ma10_50_200_monthly_top3,5.0,2025-06,-0.005332027255741195
qqq_triple_ma10_50_200_monthly_top3,5.0,2025-07,0.023579003072384183
qqq_triple_ma10_50_200_monthly_top3,5.0,2025-08,-0.019631653554137755
qqq_triple_ma10_50_200_monthly_top3,5.0,2025-09,0.09782811363033338
qqq_triple_ma10_50_200_monthly_top3,5.0,2025-10,0.06401888210631049
qqq_triple_ma10_50_200_monthly_top3,5.0,2025-11,-0.09279227526703519
qqq_triple_ma10_50_200_monthly_top3,5.0,2025-12,0.1532261874688038
qqq_triple_ma10_50_200_monthly_top3,5.0,2026-01,0.22459195159298959
qqq_triple_ma10_50_200_monthly_top3,5.0,2026-02,0.045998193906322114
qqq_triple_ma10_50_200_monthly_top3,5.0,2026-03,-0.009495055494007379
qqq_triple_ma10_50_200_monthly_top3,5.0,2026-04,0.3869133341470394
qqq_triple_ma10_50_200_monthly_top3,10.0,2019-06,0.0
qqq_triple_ma10_50_200_monthly_top3,10.0,2019-07,0.0
qqq_triple_ma10_50_200_monthly_top3,10.0,2019-08,0.0
qqq_triple_ma10_50_200_monthly_top3,10.0,2019-09,0.0
qqq_triple_ma10_50_200_monthly_top3,10.0,2019-10,0.0
qqq_triple_ma10_50_200_monthly_top3,10.0,2019-11,0.0
qqq_triple_ma10_50_200_monthly_top3,10.0,2019-12,0.0
qqq_triple_ma10_50_200_monthly_top3,10.0,2020-01,0.0
qqq_triple_ma10_50_200_monthly_top3,10.0,2020-02,0.0
qqq_triple_ma10_50_200_monthly_top3,10.0,2020-03,0.0
qqq_triple_ma10_50_200_monthly_top3,10.0,2020-04,0.0
qqq_triple_ma10_50_200_monthly_top3,10.0,2020-05,0.19701640657945543
qqq_triple_ma10_50_200_monthly_top3,10.0,2020-06,0.22302554737359975
qqq_triple_ma10_50_200_monthly_top3,10.0,2020-07,0.20650131523160928
qqq_triple_ma10_50_200_monthly_top3,10.0,2020-08,0.35988531642367233
qqq_triple_ma10_50_200_monthly_top3,10.0,2020-09,-0.060701772671386434
qqq_triple_ma10_50_200_monthly_top3,10.0,2020-10,-0.06921088194176872
qqq_triple_ma10_50_200_monthly_top3,10.0,2020-11,0.107266507584201
qqq_triple_ma10_50_200_monthly_top3,10.0,2020-12,0.17497557331076097
qqq_triple_ma10_50_200_monthly_top3,10.0,2021-01,0.2073889462425974
qqq_triple_ma10_50_200_monthly_top3,10.0,2021-02,-0.09317136331776277
qqq_triple_ma10_50_200_monthly_top3,10.0,2021-03,-0.18954181530450231
qqq_triple_ma10_50_200_monthly_top3,10.0,2021-04,-0.01569858829626932
qqq_triple_ma10_50_200_monthly_top3,10.0,2021-05,0.0364879270964308
qqq_triple_ma10_50_200_monthly_top3,10.0,2021-06,0.0908076187322853
qqq_triple_ma10_50_200_monthly_top3,10.0,2021-07,0.18748340955081522
qqq_triple_ma10_50_200_monthly_top3,10.0,2021-08,0.12146286013670349
qqq_triple_ma10_50_200_monthly_top3,10.0,2021-09,-0.07106718188090007
qqq_triple_ma10_50_200_monthly_top3,10.0,2021-10,0.08953089016133202
qqq_triple_ma10_50_200_monthly_top3,10.0,2021-11,0.07314122338352791
qqq_triple_ma10_50_200_monthly_top3,10.0,2021-12,-0.05832426516715454
qqq_triple_ma10_50_200_monthly_top3,10.0,2022-01,-0.15863887667896395
qqq_triple_ma10_50_200_monthly_top3,10.0,2022-02,-0.11165398351806874
qqq_triple_ma10_50_200_monthly_top3,10.0,2022-03,-0.015518489713165228
qqq_triple_ma10_50_200_monthly_top3,10.0,2022-04,-0.17217812837329777
qqq_triple_ma10_50_200_monthly_top3,10.0,2022-05,-0.10435314924864873
qqq_triple_ma10_50_200_monthly_top3,10.0,2022-06,-0.008198169337770712
qqq_triple_ma10_50_200_monthly_top3,10.0,2022-07,0.030631063158643057
qqq_triple_ma10_50_200_monthly_top3,10.0,2022-08,-0.0007379129056421414
qqq_triple_ma10_50_200_monthly_top3,10.0,2022-09,-0.013423409473815111
qqq_triple_ma10_50_200_monthly_top3,10.0,2022-10,0.022192257481334382
qqq_triple_ma10_50_200_monthly_top3,10.0,2022-11,0.022445961496571177
qqq_triple_ma10_50_200_monthly_top3,10.0,2022-12,-0.0792876673660037
qqq_triple_ma10_50_200_monthly_top3,10.0,2023-01,0.0675531335736902
qqq_triple_ma10_50_200_monthly_top3,10.0,2023-02,-0.043165654060642454
qqq_triple_ma10_50_200_monthly_top3,10.0,2023-03,0.05714697645117698
qqq_triple_ma10_50_200_monthly_top3,10.0,2023-04,-0.0020650699146247814
qqq_triple_ma10_50_200_monthly_top3,10.0,2023-05,0.13268761609939256
qqq_triple_ma10_50_200_monthly_top3,10.0,2023-06,0.05298604890000534
qqq_triple_ma10_50_200_monthly_top3,10.0,2023-07,0.061804120316221296
qqq_triple_ma10_50_200_monthly_top3,10.0,2023-08,0.0068574693203998
qqq_triple_ma10_50_200_monthly_top3,10.0,2023-09,-0.0746070836227893
qqq_triple_ma10_50_200_monthly_top3,10.0,2023-10,-0.09302871990302265
qqq_triple_ma10_50_200_monthly_top3,10.0,2023-11,0.23623605952759846
qqq_triple_ma10_50_200_monthly_top3,10.0,2023-12,0.04053331139688043
qqq_triple_ma10_50_200_monthly_top3,10.0,2024-01,0.031111444211661673
qqq_triple_ma10_50_200_monthly_top3,10.0,2024-02,0.05388902436061048
qqq_triple_ma10_50_200_monthly_top3,10.0,2024-03,-0.06519710132429979
qqq_triple_ma10_50_200_monthly_top3,10.0,2024-04,-0.13270619964902775
qqq_triple_ma10_50_200_monthly_top3,10.0,2024-05,0.07052296915372715
qqq_triple_ma10_50_200_monthly_top3,10.0,2024-06,0.1033721914284514
qqq_triple_ma10_50_200_monthly_top3,10.0,2024-07,-0.11669021136560626
qqq_triple_ma10_50_200_monthly_top3,10.0,2024-08,0.0764105329609844
qqq_triple_ma10_50_200_monthly_top3,10.0,2024-09,0.05580891464985949
qqq_triple_ma10_50_200_monthly_top3,10.0,2024-10,0.018957805252517296
qqq_triple_ma10_50_200_monthly_top3,10.0,2024-11,0.14044227792689326
qqq_triple_ma10_50_200_monthly_top3,10.0,2024-12,0.033161459434999374
qqq_triple_ma10_50_200_monthly_top3,10.0,2025-01,0.07554873638031694
qqq_triple_ma10_50_200_monthly_top3,10.0,2025-02,0.022536501325753966
qqq_triple_ma10_50_200_monthly_top3,10.0,2025-03,-0.14255290240045967
qqq_triple_ma10_50_200_monthly_top3,10.0,2025-04,0.026922495709363684
qqq_triple_ma10_50_200_monthly_top3,10.0,2025-05,0.03088816854748907
qqq_triple_ma10_50_200_monthly_top3,10.0,2025-06,-0.0056653605890745265
qqq_triple_ma10_50_200_monthly_top3,10.0,2025-07,0.022912336405717507
qqq_triple_ma10_50_200_monthly_top3,10.0,2025-08,-0.020298320220804425
qqq_triple_ma10_50_200_monthly_top3,10.0,2025-09,0.09716144696366671
qqq_triple_ma10_50_200_monthly_top3,10.0,2025-10,0.06335221543964381
qqq_triple_ma10_50_200_monthly_top3,10.0,2025-11,-0.09312560860036852
qqq_triple_ma10_50_200_monthly_top3,10.0,2025-12,0.1525595208021371
qqq_triple_ma10_50_200_monthly_top3,10.0,2026-01,0.22425861825965626
qqq_triple_ma10_50_200_monthly_top3,10.0,2026-02,0.045998193906322114
qqq_triple_ma10_50_200_monthly_top3,10.0,2026-03,-0.009828388827340703
qqq_triple_ma10_50_200_monthly_top3,10.0,2026-04,0.386580000813706
sp500_dual_ma50_200_weekly_top1,0.0,2021-05,0.0
sp500_dual_ma50_200_weekly_top1,0.0,2021-06,0.0
sp500_dual_ma50_200_weekly_top1,0.0,2021-07,0.0
sp500_dual_ma50_200_weekly_top1,0.0,2021-08,0.0
sp500_dual_ma50_200_weekly_top1,0.0,2021-09,0.0
sp500_dual_ma50_200_weekly_top1,0.0,2021-10,0.0
sp500_dual_ma50_200_weekly_top1,0.0,2021-11,0.0
sp500_dual_ma50_200_weekly_top1,0.0,2021-12,0.0
sp500_dual_ma50_200_weekly_top1,0.0,2022-01,0.0
sp500_dual_ma50_200_weekly_top1,0.0,2022-02,0.0886742125498492
sp500_dual_ma50_200_weekly_top1,0.0,2022-03,0.018043334272397127
sp500_dual_ma50_200_weekly_top1,0.0,2022-04,-0.06670356784159037
sp500_dual_ma50_200_weekly_top1,0.0,2022-05,0.18182759055594522
sp500_dual_ma50_200_weekly_top1,0.0,2022-06,-0.1492376892819104
sp500_dual_ma50_200_weekly_top1,0.0,2022-07,0.10100821770509316
sp500_dual_ma50_200_weekly_top1,0.0,2022-08,0.10168079580931655
sp500_dual_ma50_200_weekly_top1,0.0,2022-09,0.008194209812853237
sp500_dual_ma50_200_weekly_top1,0.0,2022-10,0.14136024141649128
sp500_dual_ma50_200_weekly_top1,0.0,2022-11,0.06726044523661623
sp500_dual_ma50_200_weekly_top1,0.0,2022-12,-0.16473809806984252
sp500_dual_ma50_200_weekly_top1,0.0,2023-01,0.07532624538102861
sp500_dual_ma50_200_weekly_top1,0.0,2023-02,-0.02656381845005673
sp500_dual_ma50_200_weekly_top1,0.0,2023-03,-0.08666513055152947
sp500_dual_ma50_200_weekly_top1,0.0,2023-04,0.01889380002767871
sp500_dual_ma50_200_weekly_top1,0.0,2023-05,0.36266709434395805
sp500_dual_ma50_200_weekly_top1,0.0,2023-06,0.07788994939408145
sp500_dual_ma50_200_weekly_top1,0.0,2023-07,0.1337395212091611
sp500_dual_ma50_200_weekly_top1,0.0,2023-08,-0.02940904640983444
sp500_dual_ma50_200_weekly_top1,0.0,2023-09,-0.08573232256356589
sp500_dual_ma50_200_weekly_top1,0.0,2023-10,0.019324664460186325
sp500_dual_ma50_200_weekly_top1,0.0,2023-11,0.1318216493522666
sp500_dual_ma50_200_weekly_top1,0.0,2023-12,0.018347073943363545
sp500_dual_ma50_200_weekly_top1,0.0,2024-01,0.011914243001979519
sp500_dual_ma50_200_weekly_top1,0.0,2024-02,0.13969380815592325
sp500_dual_ma50_200_weekly_top1,0.0,2024-03,0.04392260160894501
sp500_dual_ma50_200_weekly_top1,0.0,2024-04,-0.21019975421410508
sp500_dual_ma50_200_weekly_top1,0.0,2024-05,0.049231188408976556
sp500_dual_ma50_200_weekly_top1,0.0,2024-06,0.05630395583853709
sp500_dual_ma50_200_weekly_top1,0.0,2024-07,-0.15014490540703762
sp500_dual_ma50_200_weekly_top1,0.0,2024-08,-0.20446715603121146
sp500_dual_ma50_200_weekly_top1,0.0,2024-09,0.058094678285822265
sp500_dual_ma50_200_weekly_top1,0.0,2024-10,0.03333624464539764
sp500_dual_ma50_200_weekly_top1,0.0,2024-11,0.5257526685721028
sp500_dual_ma50_200_weekly_top1,0.0,2024-12,0.14575777611597052
sp500_dual_ma50_200_weekly_top1,0.0,2025-01,0.06504543384256789
sp500_dual_ma50_200_weekly_top1,0.0,2025-02,0.18420636985964023
sp500_dual_ma50_200_weekly_top1,0.0,2025-03,-0.01828990620718407
sp500_dual_ma50_200_weekly_top1,0.0,2025-04,0.4244307739117956
sp500_dual_ma50_200_weekly_top1,0.0,2025-05,0.10695374298056948
sp500_dual_ma50_200_weekly_top1,0.0,2025-06,0.17786176198200343
sp500_dual_ma50_200_weekly_top1,0.0,2025-07,0.14105772764045388
sp500_dual_ma50_200_weekly_top1,0.0,2025-08,-0.18579468152627432
sp500_dual_ma50_200_weekly_top1,0.0,2025-09,0.054721663722875014
sp500_dual_ma50_200_weekly_top1,0.0,2025-10,0.14181508723913805
sp500_dual_ma50_200_weekly_top1,0.0,2025-11,0.07507939821392429
sp500_dual_ma50_200_weekly_top1,0.0,2025-12,0.1953390001850942
sp500_dual_ma50_200_weekly_top1,0.0,2026-01,0.9580115918555997
sp500_dual_ma50_200_weekly_top1,0.0,2026-02,0.09461148204621084
sp500_dual_ma50_200_weekly_top1,0.0,2026-03,0.10317090045490906
sp500_dual_ma50_200_weekly_top1,0.0,2026-04,0.5458514917435942
sp500_dual_ma50_200_weekly_top1,1.0,2021-05,0.0
sp500_dual_ma50_200_weekly_top1,1.0,2021-06,0.0
sp500_dual_ma50_200_weekly_top1,1.0,2021-07,0.0
sp500_dual_ma50_200_weekly_top1,1.0,2021-08,0.0
sp500_dual_ma50_200_weekly_top1,1.0,2021-09,0.0
sp500_dual_ma50_200_weekly_top1,1.0,2021-10,0.0
sp500_dual_ma50_200_weekly_top1,1.0,2021-11,0.0
sp500_dual_ma50_200_weekly_top1,1.0,2021-12,0.0
sp500_dual_ma50_200_weekly_top1,1.0,2022-01,0.0
sp500_dual_ma50_200_weekly_top1,1.0,2022-02,0.0885742125498492
sp500_dual_ma50_200_weekly_top1,1.0,2022-03,0.017843334272397128
sp500_dual_ma50_200_weekly_top1,1.0,2022-04,-0.06710356784159037
sp500_dual_ma50_200_weekly_top1,1.0,2022-05,0.1812275905559452
sp500_dual_ma50_200_weekly_top1,1.0,2022-06,-0.1494376892819104
sp500_dual_ma50_200_weekly_top1,1.0,2022-07,0.10100821770509316
sp500_dual_ma50_200_weekly_top1,1.0,2022-08,0.10148079580931654
sp500_dual_ma50_200_weekly_top1,1.0,2022-09,0.008194209812853237
sp500_dual_ma50_200_weekly_top1,1.0,2022-10,0.14136024141649128
sp500_dual_ma50_200_weekly_top1,1.0,2022-11,0.06686044523661622
sp500_dual_ma50_200_weekly_top1,1.0,2022-12,-0.16473809806984252
sp500_dual_ma50_200_weekly_top1,1.0,2023-01,0.07472624538102861
sp500_dual_ma50_200_weekly_top1,1.0,2023-02,-0.027163818450056727
sp500_dual_ma50_200_weekly_top1,1.0,2023-03,-0.08666513055152947
sp500_dual_ma50_200_weekly_top1,1.0,2023-04,0.01849380002767871
sp500_dual_ma50_200_weekly_top1,1.0,2023-05,0.36266709434395805
sp500_dual_ma50_200_weekly_top1,1.0,2023-06,0.07768994939408144
sp500_dual_ma50_200_weekly_top1,1.0,2023-07,0.1333395212091611
sp500_dual_ma50_200_weekly_top1,1.0,2023-08,-0.02940904640983444
sp500_dual_ma50_200_weekly_top1,1.0,2023-09,-0.08573232256356589
sp500_dual_ma50_200_weekly_top1,1.0,2023-10,0.019324664460186325
sp500_dual_ma50_200_weekly_top1,1.0,2023-11,0.1318216493522666
sp500_dual_ma50_200_weekly_top1,1.0,2023-12,0.018347073943363545
sp500_dual_ma50_200_weekly_top1,1.0,2024-01,0.011514243001979521
sp500_dual_ma50_200_weekly_top1,1.0,2024-02,0.13909380815592323
sp500_dual_ma50_200_weekly_top1,1.0,2024-03,0.043522601608945
sp500_dual_ma50_200_weekly_top1,1.0,2024-04,-0.21019975421410508
sp500_dual_ma50_200_weekly_top1,1.0,2024-05,0.049231188408976556
sp500_dual_ma50_200_weekly_top1,1.0,2024-06,0.05630395583853709
sp500_dual_ma50_200_weekly_top1,1.0,2024-07,-0.15014490540703762
sp500_dual_ma50_200_weekly_top1,1.0,2024-08,-0.20466715603121147
sp500_dual_ma50_200_weekly_top1,1.0,2024-09,0.05749467828582227
sp500_dual_ma50_200_weekly_top1,1.0,2024-10,0.03293624464539764
sp500_dual_ma50_200_weekly_top1,1.0,2024-11,0.5255526685721028
sp500_dual_ma50_200_weekly_top1,1.0,2024-12,0.14575777611597052
sp500_dual_ma50_200_weekly_top1,1.0,2025-01,0.06504543384256789
sp500_dual_ma50_200_weekly_top1,1.0,2025-02,0.18420636985964023
sp500_dual_ma50_200_weekly_top1,1.0,2025-03,-0.01828990620718407
sp500_dual_ma50_200_weekly_top1,1.0,2025-04,0.4244307739117956
sp500_dual_ma50_200_weekly_top1,1.0,2025-05,0.10695374298056948
sp500_dual_ma50_200_weekly_top1,1.0,2025-06,0.17746176198200342
sp500_dual_ma50_200_weekly_top1,1.0,2025-07,0.14105772764045388
sp500_dual_ma50_200_weekly_top1,1.0,2025-08,-0.18619468152627433
sp500_dual_ma50_200_weekly_top1,1.0,2025-09,0.054321663722875016
sp500_dual_ma50_200_weekly_top1,1.0,2025-10,0.14121508723913803
sp500_dual_ma50_200_weekly_top1,1.0,2025-11,0.07507939821392429
sp500_dual_ma50_200_weekly_top1,1.0,2025-12,0.1951390001850942
sp500_dual_ma50_200_weekly_top1,1.0,2026-01,0.9580115918555997
sp500_dual_ma50_200_weekly_top1,1.0,2026-02,0.09461148204621084
sp500_dual_ma50_200_weekly_top1,1.0,2026-03,0.10317090045490906
sp500_dual_ma50_200_weekly_top1,1.0,2026-04,0.5458514917435942
sp500_dual_ma50_200_weekly_top1,2.0,2021-05,0.0
sp500_dual_ma50_200_weekly_top1,2.0,2021-06,0.0
sp500_dual_ma50_200_weekly_top1,2.0,2021-07,0.0
sp500_dual_ma50_200_weekly_top1,2.0,2021-08,0.0
sp500_dual_ma50_200_weekly_top1,2.0,2021-09,0.0
sp500_dual_ma50_200_weekly_top1,2.0,2021-10,0.0
sp500_dual_ma50_200_weekly_top1,2.0,2021-11,0.0
sp500_dual_ma50_200_weekly_top1,2.0,2021-12,0.0
sp500_dual_ma50_200_weekly_top1,2.0,2022-01,0.0
sp500_dual_ma50_200_weekly_top1,2.0,2022-02,0.08847421254984919
sp500_dual_ma50_200_weekly_top1,2.0,2022-03,0.017643334272397126
sp500_dual_ma50_200_weekly_top1,2.0,2022-04,-0.06750356784159037
sp500_dual_ma50_200_weekly_top1,2.0,2022-05,0.1806275905559452
sp500_dual_ma50_200_weekly_top1,2.0,2022-06,-0.1496376892819104
sp500_dual_ma50_200_weekly_top1,2.0,2022-07,0.10100821770509316
sp500_dual_ma50_200_weekly_top1,2.0,2022-08,0.10128079580931655
sp500_dual_ma50_200_weekly_top1,2.0,2022-09,0.008194209812853237
sp500_dual_ma50_200_weekly_top1,2.0,2022-10,0.14136024141649128
sp500_dual_ma50_200_weekly_top1,2.0,2022-11,0.06646044523661623
sp500_dual_ma50_200_weekly_top1,2.0,2022-12,-0.16473809806984252
sp500_dual_ma50_200_weekly_top1,2.0,2023-01,0.07412624538102862
sp500_dual_ma50_200_weekly_top1,2.0,2023-02,-0.027763818450056724
sp500_dual_ma50_200_weekly_top1,2.0,2023-03,-0.08666513055152947
sp500_dual_ma50_200_weekly_top1,2.0,2023-04,0.01809380002767871
sp500_dual_ma50_200_weekly_top1,2.0,2023-05,0.36266709434395805
sp500_dual_ma50_200_weekly_top1,2.0,2023-06,0.07748994939408145
sp500_dual_ma50_200_weekly_top1,2.0,2023-07,0.1329395212091611
sp500_dual_ma50_200_weekly_top1,2.0,2023-08,-0.02940904640983444
sp500_dual_ma50_200_weekly_top1,2.0,2023-09,-0.08573232256356589
sp500_dual_ma50_200_weekly_top1,2.0,2023-10,0.019324664460186325
sp500_dual_ma50_200_weekly_top1,2.0,2023-11,0.1318216493522666
sp500_dual_ma50_200_weekly_top1,2.0,2023-12,0.018347073943363545
sp500_dual_ma50_200_weekly_top1,2.0,2024-01,0.011114243001979524
sp500_dual_ma50_200_weekly_top1,2.0,2024-02,0.13849380815592327
sp500_dual_ma50_200_weekly_top1,2.0,2024-03,0.043122601608945016
sp500_dual_ma50_200_weekly_top1,2.0,2024-04,-0.21019975421410508
sp500_dual_ma50_200_weekly_top1,2.0,2024-05,0.049231188408976556
sp500_dual_ma50_200_weekly_top1,2.0,2024-06,0.05630395583853709
sp500_dual_ma50_200_weekly_top1,2.0,2024-07,-0.15014490540703762
sp500_dual_ma50_200_weekly_top1,2.0,2024-08,-0.20486715603121147
sp500_dual_ma50_200_weekly_top1,2.0,2024-09,0.05689467828582227
sp500_dual_ma50_200_weekly_top1,2.0,2024-10,0.032536244645397644
sp500_dual_ma50_200_weekly_top1,2.0,2024-11,0.5253526685721028
sp500_dual_ma50_200_weekly_top1,2.0,2024-12,0.14575777611597052
sp500_dual_ma50_200_weekly_top1,2.0,2025-01,0.06504543384256789
sp500_dual_ma50_200_weekly_top1,2.0,2025-02,0.18420636985964023
sp500_dual_ma50_200_weekly_top1,2.0,2025-03,-0.01828990620718407
sp500_dual_ma50_200_weekly_top1,2.0,2025-04,0.4244307739117956
sp500_dual_ma50_200_weekly_top1,2.0,2025-05,0.10695374298056948
sp500_dual_ma50_200_weekly_top1,2.0,2025-06,0.17706176198200343
sp500_dual_ma50_200_weekly_top1,2.0,2025-07,0.14105772764045388
sp500_dual_ma50_200_weekly_top1,2.0,2025-08,-0.18659468152627431
sp500_dual_ma50_200_weekly_top1,2.0,2025-09,0.05392166372287502
sp500_dual_ma50_200_weekly_top1,2.0,2025-10,0.14061508723913807
sp500_dual_ma50_200_weekly_top1,2.0,2025-11,0.07507939821392429
sp500_dual_ma50_200_weekly_top1,2.0,2025-12,0.1949390001850942
sp500_dual_ma50_200_weekly_top1,2.0,2026-01,0.9580115918555997
sp500_dual_ma50_200_weekly_top1,2.0,2026-02,0.09461148204621084
sp500_dual_ma50_200_weekly_top1,2.0,2026-03,0.10317090045490906
sp500_dual_ma50_200_weekly_top1,2.0,2026-04,0.5458514917435942
sp500_dual_ma50_200_weekly_top1,5.0,2021-05,0.0
sp500_dual_ma50_200_weekly_top1,5.0,2021-06,0.0
sp500_dual_ma50_200_weekly_top1,5.0,2021-07,0.0
sp500_dual_ma50_200_weekly_top1,5.0,2021-08,0.0
sp500_dual_ma50_200_weekly_top1,5.0,2021-09,0.0
sp500_dual_ma50_200_weekly_top1,5.0,2021-10,0.0
sp500_dual_ma50_200_weekly_top1,5.0,2021-11,0.0
sp500_dual_ma50_200_weekly_top1,5.0,2021-12,0.0
sp500_dual_ma50_200_weekly_top1,5.0,2022-01,0.0
sp500_dual_ma50_200_weekly_top1,5.0,2022-02,0.0881742125498492
sp500_dual_ma50_200_weekly_top1,5.0,2022-03,0.017043334272397126
sp500_dual_ma50_200_weekly_top1,5.0,2022-04,-0.06870356784159037
sp500_dual_ma50_200_weekly_top1,5.0,2022-05,0.17882759055594522
sp500_dual_ma50_200_weekly_top1,5.0,2022-06,-0.1502376892819104
sp500_dual_ma50_200_weekly_top1,5.0,2022-07,0.10100821770509316
sp500_dual_ma50_200_weekly_top1,5.0,2022-08,0.10068079580931655
sp500_dual_ma50_200_weekly_top1,5.0,2022-09,0.008194209812853237
sp500_dual_ma50_200_weekly_top1,5.0,2022-10,0.14136024141649128
sp500_dual_ma50_200_weekly_top1,5.0,2022-11,0.06526044523661623
sp500_dual_ma50_200_weekly_top1,5.0,2022-12,-0.16473809806984252
sp500_dual_ma50_200_weekly_top1,5.0,2023-01,0.07232624538102861
sp500_dual_ma50_200_weekly_top1,5.0,2023-02,-0.029563818450056734
sp500_dual_ma50_200_weekly_top1,5.0,2023-03,-0.08666513055152947
sp500_dual_ma50_200_weekly_top1,5.0,2023-04,0.016893800027678707
sp500_dual_ma50_200_weekly_top1,5.0,2023-05,0.36266709434395805
sp500_dual_ma50_200_weekly_top1,5.0,2023-06,0.07688994939408145
sp500_dual_ma50_200_weekly_top1,5.0,2023-07,0.1317395212091611
sp500_dual_ma50_200_weekly_top1,5.0,2023-08,-0.02940904640983444
sp500_dual_ma50_200_weekly_top1,5.0,2023-09,-0.08573232256356589
sp500_dual_ma50_200_weekly_top1,5.0,2023-10,0.019324664460186325
sp500_dual_ma50_200_weekly_top1,5.0,2023-11,0.1318216493522666
sp500_dual_ma50_200_weekly_top1,5.0,2023-12,0.018347073943363545
sp500_dual_ma50_200_weekly_top1,5.0,2024-01,0.009914243001979517
sp500_dual_ma50_200_weekly_top1,5.0,2024-02,0.13669380815592325
sp500_dual_ma50_200_weekly_top1,5.0,2024-03,0.04192260160894501
sp500_dual_ma50_200_weekly_top1,5.0,2024-04,-0.21019975421410508
sp500_dual_ma50_200_weekly_top1,5.0,2024-05,0.049231188408976556
sp500_dual_ma50_200_weekly_top1,5.0,2024-06,0.05630395583853709
sp500_dual_ma50_200_weekly_top1,5.0,2024-07,-0.15014490540703762
sp500_dual_ma50_200_weekly_top1,5.0,2024-08,-0.20546715603121146
sp500_dual_ma50_200_weekly_top1,5.0,2024-09,0.05509467828582226
sp500_dual_ma50_200_weekly_top1,5.0,2024-10,0.03133624464539764
sp500_dual_ma50_200_weekly_top1,5.0,2024-11,0.5247526685721028
sp500_dual_ma50_200_weekly_top1,5.0,2024-12,0.14575777611597052
sp500_dual_ma50_200_weekly_top1,5.0,2025-01,0.06504543384256789
sp500_dual_ma50_200_weekly_top1,5.0,2025-02,0.18420636985964023
sp500_dual_ma50_200_weekly_top1,5.0,2025-03,-0.01828990620718407
sp500_dual_ma50_200_weekly_top1,5.0,2025-04,0.4244307739117956
sp500_dual_ma50_200_weekly_top1,5.0,2025-05,0.10695374298056948
sp500_dual_ma50_200_weekly_top1,5.0,2025-06,0.17586176198200343
sp500_dual_ma50_200_weekly_top1,5.0,2025-07,0.14105772764045388
sp500_dual_ma50_200_weekly_top1,5.0,2025-08,-0.18779468152627432
sp500_dual_ma50_200_weekly_top1,5.0,2025-09,0.05272166372287501
sp500_dual_ma50_200_weekly_top1,5.0,2025-10,0.13881508723913805
sp500_dual_ma50_200_weekly_top1,5.0,2025-11,0.07507939821392429
sp500_dual_ma50_200_weekly_top1,5.0,2025-12,0.1943390001850942
sp500_dual_ma50_200_weekly_top1,5.0,2026-01,0.9580115918555997
sp500_dual_ma50_200_weekly_top1,5.0,2026-02,0.09461148204621084
sp500_dual_ma50_200_weekly_top1,5.0,2026-03,0.10317090045490906
sp500_dual_ma50_200_weekly_top1,5.0,2026-04,0.5458514917435942
sp500_dual_ma50_200_weekly_top1,10.0,2021-05,0.0
sp500_dual_ma50_200_weekly_top1,10.0,2021-06,0.0
sp500_dual_ma50_200_weekly_top1,10.0,2021-07,0.0
sp500_dual_ma50_200_weekly_top1,10.0,2021-08,0.0
sp500_dual_ma50_200_weekly_top1,10.0,2021-09,0.0
sp500_dual_ma50_200_weekly_top1,10.0,2021-10,0.0
sp500_dual_ma50_200_weekly_top1,10.0,2021-11,0.0
sp500_dual_ma50_200_weekly_top1,10.0,2021-12,0.0
sp500_dual_ma50_200_weekly_top1,10.0,2022-01,0.0
sp500_dual_ma50_200_weekly_top1,10.0,2022-02,0.0876742125498492
sp500_dual_ma50_200_weekly_top1,10.0,2022-03,0.016043334272397125
sp500_dual_ma50_200_weekly_top1,10.0,2022-04,-0.07070356784159038
sp500_dual_ma50_200_weekly_top1,10.0,2022-05,0.1758275905559452
sp500_dual_ma50_200_weekly_top1,10.0,2022-06,-0.1512376892819104
sp500_dual_ma50_200_weekly_top1,10.0,2022-07,0.10100821770509316
sp500_dual_ma50_200_weekly_top1,10.0,2022-08,0.09968079580931655
sp500_dual_ma50_200_weekly_top1,10.0,2022-09,0.008194209812853237
sp500_dual_ma50_200_weekly_top1,10.0,2022-10,0.14136024141649128
sp500_dual_ma50_200_weekly_top1,10.0,2022-11,0.06326044523661623
sp500_dual_ma50_200_weekly_top1,10.0,2022-12,-0.16473809806984252
sp500_dual_ma50_200_weekly_top1,10.0,2023-01,0.0693262453810286
sp500_dual_ma50_200_weekly_top1,10.0,2023-02,-0.032563818450056736
sp500_dual_ma50_200_weekly_top1,10.0,2023-03,-0.08666513055152947
sp500_dual_ma50_200_weekly_top1,10.0,2023-04,0.014893800027678705
sp500_dual_ma50_200_weekly_top1,10.0,2023-05,0.36266709434395805
sp500_dual_ma50_200_weekly_top1,10.0,2023-06,0.07588994939408145
sp500_dual_ma50_200_weekly_top1,10.0,2023-07,0.1297395212091611
sp500_dual_ma50_200_weekly_top1,10.0,2023-08,-0.02940904640983444
sp500_dual_ma50_200_weekly_top1,10.0,2023-09,-0.08573232256356589
sp500_dual_ma50_200_weekly_top1,10.0,2023-10,0.019324664460186325
sp500_dual_ma50_200_weekly_top1,10.0,2023-11,0.1318216493522666
sp500_dual_ma50_200_weekly_top1,10.0,2023-12,0.018347073943363545
sp500_dual_ma50_200_weekly_top1,10.0,2024-01,0.007914243001979515
sp500_dual_ma50_200_weekly_top1,10.0,2024-02,0.13369380815592324
sp500_dual_ma50_200_weekly_top1,10.0,2024-03,0.03992260160894501
sp500_dual_ma50_200_weekly_top1,10.0,2024-04,-0.21019975421410508
sp500_dual_ma50_200_weekly_top1,10.0,2024-05,0.049231188408976556
sp500_dual_ma50_200_weekly_top1,10.0,2024-06,0.05630395583853709
sp500_dual_ma50_200_weekly_top1,10.0,2024-07,-0.15014490540703762
sp500_dual_ma50_200_weekly_top1,10.0,2024-08,-0.20646715603121146
sp500_dual_ma50_200_weekly_top1,10.0,2024-09,0.05209467828582226
sp500_dual_ma50_200_weekly_top1,10.0,2024-10,0.029336244645397636
sp500_dual_ma50_200_weekly_top1,10.0,2024-11,0.5237526685721028
sp500_dual_ma50_200_weekly_top1,10.0,2024-12,0.14575777611597052
sp500_dual_ma50_200_weekly_top1,10.0,2025-01,0.06504543384256789
sp500_dual_ma50_200_weekly_top1,10.0,2025-02,0.18420636985964023
sp500_dual_ma50_200_weekly_top1,10.0,2025-03,-0.01828990620718407
sp500_dual_ma50_200_weekly_top1,10.0,2025-04,0.4244307739117956
sp500_dual_ma50_200_weekly_top1,10.0,2025-05,0.10695374298056948
sp500_dual_ma50_200_weekly_top1,10.0,2025-06,0.17386176198200343
sp500_dual_ma50_200_weekly_top1,10.0,2025-07,0.14105772764045388
sp500_dual_ma50_200_weekly_top1,10.0,2025-08,-0.18979468152627432
sp500_dual_ma50_200_weekly_top1,10.0,2025-09,0.05072166372287501
sp500_dual_ma50_200_weekly_top1,10.0,2025-10,0.13581508723913804
sp500_dual_ma50_200_weekly_top1,10.0,2025-11,0.07507939821392429
sp500_dual_ma50_200_weekly_top1,10.0,2025-12,0.1933390001850942
sp500_dual_ma50_200_weekly_top1,10.0,2026-01,0.9580115918555997
sp500_dual_ma50_200_weekly_top1,10.0,2026-02,0.09461148204621084
sp500_dual_ma50_200_weekly_top1,10.0,2026-03,0.10317090045490906
sp500_dual_ma50_200_weekly_top1,10.0,2026-04,0.5458514917435942
sp500_dual_ma50_200_weekly_top10,0.0,2021-05,0.0
sp500_dual_ma50_200_weekly_top10,0.0,2021-06,0.0
sp500_dual_ma50_200_weekly_top10,0.0,2021-07,0.0
sp500_dual_ma50_200_weekly_top10,0.0,2021-08,0.0
sp500_dual_ma50_200_weekly_top10,0.0,2021-09,0.0
sp500_dual_ma50_200_weekly_top10,0.0,2021-10,0.0
sp500_dual_ma50_200_weekly_top10,0.0,2021-11,0.0
sp500_dual_ma50_200_weekly_top10,0.0,2021-12,0.0
sp500_dual_ma50_200_weekly_top10,0.0,2022-01,0.0
sp500_dual_ma50_200_weekly_top10,0.0,2022-02,0.05440132520610782
sp500_dual_ma50_200_weekly_top10,0.0,2022-03,0.05278162298320039
sp500_dual_ma50_200_weekly_top10,0.0,2022-04,-0.04177003566571266
sp500_dual_ma50_200_weekly_top10,0.0,2022-05,0.13543395858610216
sp500_dual_ma50_200_weekly_top10,0.0,2022-06,-0.21852079963057516
sp500_dual_ma50_200_weekly_top10,0.0,2022-07,0.053597739104850106
sp500_dual_ma50_200_weekly_top10,0.0,2022-08,-0.03070094472879496
sp500_dual_ma50_200_weekly_top10,0.0,2022-09,-0.008912645653898127
sp500_dual_ma50_200_weekly_top10,0.0,2022-10,0.1337345385183151
sp500_dual_ma50_200_weekly_top10,0.0,2022-11,0.04172055212877883
sp500_dual_ma50_200_weekly_top10,0.0,2022-12,-0.030930907762858836
sp500_dual_ma50_200_weekly_top10,0.0,2023-01,0.03774718646749748
sp500_dual_ma50_200_weekly_top10,0.0,2023-02,-0.015172510014927806
sp500_dual_ma50_200_weekly_top10,0.0,2023-03,-0.033800561834601534
sp500_dual_ma50_200_weekly_top10,0.0,2023-04,0.0198534806039839
sp500_dual_ma50_200_weekly_top10,0.0,2023-05,0.05021190487032708
sp500_dual_ma50_200_weekly_top10,0.0,2023-06,0.09152182982546557
sp500_dual_ma50_200_weekly_top10,0.0,2023-07,0.059950511802056516
sp500_dual_ma50_200_weekly_top10,0.0,2023-08,-0.03534211964343672
sp500_dual_ma50_200_weekly_top10,0.0,2023-09,-0.05710963994364661
sp500_dual_ma50_200_weekly_top10,0.0,2023-10,-0.02091779275293433
sp500_dual_ma50_200_weekly_top10,0.0,2023-11,0.12742789699011497
sp500_dual_ma50_200_weekly_top10,0.0,2023-12,0.03195384786175078
sp500_dual_ma50_200_weekly_top10,0.0,2024-01,0.056454953426274324
sp500_dual_ma50_200_weekly_top10,0.0,2024-02,0.024417176683883456
sp500_dual_ma50_200_weekly_top10,0.0,2024-03,0.03187632137132605
sp500_dual_ma50_200_weekly_top10,0.0,2024-04,-0.09022474181722392
sp500_dual_ma50_200_weekly_top10,0.0,2024-05,0.12305333051808251
sp500_dual_ma50_200_weekly_top10,0.0,2024-06,-0.02195468108374869
sp500_dual_ma50_200_weekly_top10,0.0,2024-07,-0.10992285379952962
sp500_dual_ma50_200_weekly_top10,0.0,2024-08,0.013418988833066761
sp500_dual_ma50_200_weekly_top10,0.0,2024-09,0.046670212612891726
sp500_dual_ma50_200_weekly_top10,0.0,2024-10,-0.045684521458047675
sp500_dual_ma50_200_weekly_top10,0.0,2024-11,0.12097690721773238
sp500_dual_ma50_200_weekly_top10,0.0,2024-12,-0.04479665799513405
sp500_dual_ma50_200_weekly_top10,0.0,2025-01,0.03530389978906768
sp500_dual_ma50_200_weekly_top10,0.0,2025-02,-0.024735748876710317
sp500_dual_ma50_200_weekly_top10,0.0,2025-03,-0.13184028844001341
sp500_dual_ma50_200_weekly_top10,0.0,2025-04,0.11908485149093206
sp500_dual_ma50_200_weekly_top10,0.0,2025-05,0.100732150062467
sp500_dual_ma50_200_weekly_top10,0.0,2025-06,0.0875051487325807
sp500_dual_ma50_200_weekly_top10,0.0,2025-07,0.029818408272737948
sp500_dual_ma50_200_weekly_top10,0.0,2025-08,-0.009602138518360271
sp500_dual_ma50_200_weekly_top10,0.0,2025-09,0.1262058181018162
sp500_dual_ma50_200_weekly_top10,0.0,2025-10,0.11304861446168785
sp500_dual_ma50_200_weekly_top10,0.0,2025-11,-0.057666473543267295
sp500_dual_ma50_200_weekly_top10,0.0,2025-12,0.12932827955224477
sp500_dual_ma50_200_weekly_top10,0.0,2026-01,0.24571387999554983
sp500_dual_ma50_200_weekly_top10,0.0,2026-02,0.03748776285195122
sp500_dual_ma50_200_weekly_top10,0.0,2026-03,-0.0007597700049632727
sp500_dual_ma50_200_weekly_top10,0.0,2026-04,0.2699450380285511
sp500_dual_ma50_200_weekly_top10,1.0,2021-05,0.0
sp500_dual_ma50_200_weekly_top10,1.0,2021-06,0.0
sp500_dual_ma50_200_weekly_top10,1.0,2021-07,0.0
sp500_dual_ma50_200_weekly_top10,1.0,2021-08,0.0
sp500_dual_ma50_200_weekly_top10,1.0,2021-09,0.0
sp500_dual_ma50_200_weekly_top10,1.0,2021-10,0.0
sp500_dual_ma50_200_weekly_top10,1.0,2021-11,0.0
sp500_dual_ma50_200_weekly_top10,1.0,2021-12,0.0
sp500_dual_ma50_200_weekly_top10,1.0,2022-01,0.0
sp500_dual_ma50_200_weekly_top10,1.0,2022-02,0.05428132520610782
sp500_dual_ma50_200_weekly_top10,1.0,2022-03,0.052741622983200384
sp500_dual_ma50_200_weekly_top10,1.0,2022-04,-0.04185003566571267
sp500_dual_ma50_200_weekly_top10,1.0,2022-05,0.13531395858610218
sp500_dual_ma50_200_weekly_top10,1.0,2022-06,-0.21872079963057517
sp500_dual_ma50_200_weekly_top10,1.0,2022-07,0.0535177391048501
sp500_dual_ma50_200_weekly_top10,1.0,2022-08,-0.030900944728794955
sp500_dual_ma50_200_weekly_top10,1.0,2022-09,-0.009152645653898124
sp500_dual_ma50_200_weekly_top10,1.0,2022-10,0.13337453851831507
sp500_dual_ma50_200_weekly_top10,1.0,2022-11,0.04142055212877883
sp500_dual_ma50_200_weekly_top10,1.0,2022-12,-0.031190907762858846
sp500_dual_ma50_200_weekly_top10,1.0,2023-01,0.03754718646749748
sp500_dual_ma50_200_weekly_top10,1.0,2023-02,-0.015332510014927804
sp500_dual_ma50_200_weekly_top10,1.0,2023-03,-0.033980561834601526
sp500_dual_ma50_200_weekly_top10,1.0,2023-04,0.019613480603983904
sp500_dual_ma50_200_weekly_top10,1.0,2023-05,0.04985190487032708
sp500_dual_ma50_200_weekly_top10,1.0,2023-06,0.09142182982546557
sp500_dual_ma50_200_weekly_top10,1.0,2023-07,0.059750511802056525
sp500_dual_ma50_200_weekly_top10,1.0,2023-08,-0.03544211964343672
sp500_dual_ma50_200_weekly_top10,1.0,2023-09,-0.057269639943646616
sp500_dual_ma50_200_weekly_top10,1.0,2023-10,-0.02111779275293433
sp500_dual_ma50_200_weekly_top10,1.0,2023-11,0.12732789699011496
sp500_dual_ma50_200_weekly_top10,1.0,2023-12,0.03165384786175078
sp500_dual_ma50_200_weekly_top10,1.0,2024-01,0.05601495342627433
sp500_dual_ma50_200_weekly_top10,1.0,2024-02,0.02419717668388345
sp500_dual_ma50_200_weekly_top10,1.0,2024-03,0.03167632137132605
sp500_dual_ma50_200_weekly_top10,1.0,2024-04,-0.0904247418172239
sp500_dual_ma50_200_weekly_top10,1.0,2024-05,0.12285333051808252
sp500_dual_ma50_200_weekly_top10,1.0,2024-06,-0.022134681083748692
sp500_dual_ma50_200_weekly_top10,1.0,2024-07,-0.11008285379952963
sp500_dual_ma50_200_weekly_top10,1.0,2024-08,0.013158988833066754
sp500_dual_ma50_200_weekly_top10,1.0,2024-09,0.046350212612891725
sp500_dual_ma50_200_weekly_top10,1.0,2024-10,-0.04590452145804768
sp500_dual_ma50_200_weekly_top10,1.0,2024-11,0.12071690721773239
sp500_dual_ma50_200_weekly_top10,1.0,2024-12,-0.04495665799513404
sp500_dual_ma50_200_weekly_top10,1.0,2025-01,0.03518389978906768
sp500_dual_ma50_200_weekly_top10,1.0,2025-02,-0.02487574887671032
sp500_dual_ma50_200_weekly_top10,1.0,2025-03,-0.13204028844001342
sp500_dual_ma50_200_weekly_top10,1.0,2025-04,0.11892485149093207
sp500_dual_ma50_200_weekly_top10,1.0,2025-05,0.100472150062467
sp500_dual_ma50_200_weekly_top10,1.0,2025-06,0.08730514873258069
sp500_dual_ma50_200_weekly_top10,1.0,2025-07,0.029598408272737946
sp500_dual_ma50_200_weekly_top10,1.0,2025-08,-0.009842138518360272
sp500_dual_ma50_200_weekly_top10,1.0,2025-09,0.1259258181018162
sp500_dual_ma50_200_weekly_top10,1.0,2025-10,0.11290861446168786
sp500_dual_ma50_200_weekly_top10,1.0,2025-11,-0.057786473543267304
sp500_dual_ma50_200_weekly_top10,1.0,2025-12,0.12914827955224478
sp500_dual_ma50_200_weekly_top10,1.0,2026-01,0.24561387999554984
sp500_dual_ma50_200_weekly_top10,1.0,2026-02,0.03742776285195123
sp500_dual_ma50_200_weekly_top10,1.0,2026-03,-0.0008397700049632695
sp500_dual_ma50_200_weekly_top10,1.0,2026-04,0.2698650380285511
sp500_dual_ma50_200_weekly_top10,2.0,2021-05,0.0
sp500_dual_ma50_200_weekly_top10,2.0,2021-06,0.0
sp500_dual_ma50_200_weekly_top10,2.0,2021-07,0.0
sp500_dual_ma50_200_weekly_top10,2.0,2021-08,0.0
sp500_dual_ma50_200_weekly_top10,2.0,2021-09,0.0
sp500_dual_ma50_200_weekly_top10,2.0,2021-10,0.0
sp500_dual_ma50_200_weekly_top10,2.0,2021-11,0.0
sp500_dual_ma50_200_weekly_top10,2.0,2021-12,0.0
sp500_dual_ma50_200_weekly_top10,2.0,2022-01,0.0
sp500_dual_ma50_200_weekly_top10,2.0,2022-02,0.05416132520610782
sp500_dual_ma50_200_weekly_top10,2.0,2022-03,0.052701622983200386
sp500_dual_ma50_200_weekly_top10,2.0,2022-04,-0.04193003566571267
sp500_dual_ma50_200_weekly_top10,2.0,2022-05,0.13519395858610217
sp500_dual_ma50_200_weekly_top10,2.0,2022-06,-0.21892079963057517
sp500_dual_ma50_200_weekly_top10,2.0,2022-07,0.0534377391048501
sp500_dual_ma50_200_weekly_top10,2.0,2022-08,-0.031100944728794964
sp500_dual_ma50_200_weekly_top10,2.0,2022-09,-0.009392645653898128
sp500_dual_ma50_200_weekly_top10,2.0,2022-10,0.1330145385183151
sp500_dual_ma50_200_weekly_top10,2.0,2022-11,0.041120552128778826
sp500_dual_ma50_200_weekly_top10,2.0,2022-12,-0.03145090776285883
sp500_dual_ma50_200_weekly_top10,2.0,2023-01,0.037347186467497476
sp500_dual_ma50_200_weekly_top10,2.0,2023-02,-0.015492510014927801
sp500_dual_ma50_200_weekly_top10,2.0,2023-03,-0.034160561834601526
sp500_dual_ma50_200_weekly_top10,2.0,2023-04,0.019373480603983896
sp500_dual_ma50_200_weekly_top10,2.0,2023-05,0.049491904870327084
sp500_dual_ma50_200_weekly_top10,2.0,2023-06,0.09132182982546556
sp500_dual_ma50_200_weekly_top10,2.0,2023-07,0.05955051180205652
sp500_dual_ma50_200_weekly_top10,2.0,2023-08,-0.035542119643436725
sp500_dual_ma50_200_weekly_top10,2.0,2023-09,-0.05742963994364661
sp500_dual_ma50_200_weekly_top10,2.0,2023-10,-0.02131779275293433
sp500_dual_ma50_200_weekly_top10,2.0,2023-11,0.12722789699011497
sp500_dual_ma50_200_weekly_top10,2.0,2023-12,0.031353847861750786
sp500_dual_ma50_200_weekly_top10,2.0,2024-01,0.055574953426274325
sp500_dual_ma50_200_weekly_top10,2.0,2024-02,0.023977176683883446
sp500_dual_ma50_200_weekly_top10,2.0,2024-03,0.03147632137132605
sp500_dual_ma50_200_weekly_top10,2.0,2024-04,-0.09062474181722392
sp500_dual_ma50_200_weekly_top10,2.0,2024-05,0.12265333051808251
sp500_dual_ma50_200_weekly_top10,2.0,2024-06,-0.02231468108374869
sp500_dual_ma50_200_weekly_top10,2.0,2024-07,-0.11024285379952962
sp500_dual_ma50_200_weekly_top10,2.0,2024-08,0.012898988833066755
sp500_dual_ma50_200_weekly_top10,2.0,2024-09,0.046030212612891724
sp500_dual_ma50_200_weekly_top10,2.0,2024-10,-0.04612452145804768
sp500_dual_ma50_200_weekly_top10,2.0,2024-11,0.12045690721773238
sp500_dual_ma50_200_weekly_top10,2.0,2024-12,-0.04511665799513404
sp500_dual_ma50_200_weekly_top10,2.0,2025-01,0.035063899789067675
sp500_dual_ma50_200_weekly_top10,2.0,2025-02,-0.02501574887671032
sp500_dual_ma50_200_weekly_top10,2.0,2025-03,-0.13224028844001343
sp500_dual_ma50_200_weekly_top10,2.0,2025-04,0.11876485149093208
sp500_dual_ma50_200_weekly_top10,2.0,2025-05,0.100212150062467
sp500_dual_ma50_200_weekly_top10,2.0,2025-06,0.0871051487325807
sp500_dual_ma50_200_weekly_top10,2.0,2025-07,0.02937840827273795
sp500_dual_ma50_200_weekly_top10,2.0,2025-08,-0.010082138518360272
sp500_dual_ma50_200_weekly_top10,2.0,2025-09,0.1256458181018162
sp500_dual_ma50_200_weekly_top10,2.0,2025-10,0.11276861446168784
sp500_dual_ma50_200_weekly_top10,2.0,2025-11,-0.05790647354326731
sp500_dual_ma50_200_weekly_top10,2.0,2025-12,0.1289682795522448
sp500_dual_ma50_200_weekly_top10,2.0,2026-01,0.24551387999554983
sp500_dual_ma50_200_weekly_top10,2.0,2026-02,0.037367762851951224
sp500_dual_ma50_200_weekly_top10,2.0,2026-03,-0.0009197700049632801
sp500_dual_ma50_200_weekly_top10,2.0,2026-04,0.26978503802855114
sp500_dual_ma50_200_weekly_top10,5.0,2021-05,0.0
sp500_dual_ma50_200_weekly_top10,5.0,2021-06,0.0
sp500_dual_ma50_200_weekly_top10,5.0,2021-07,0.0
sp500_dual_ma50_200_weekly_top10,5.0,2021-08,0.0
sp500_dual_ma50_200_weekly_top10,5.0,2021-09,0.0
sp500_dual_ma50_200_weekly_top10,5.0,2021-10,0.0
sp500_dual_ma50_200_weekly_top10,5.0,2021-11,0.0
sp500_dual_ma50_200_weekly_top10,5.0,2021-12,0.0
sp500_dual_ma50_200_weekly_top10,5.0,2022-01,0.0
sp500_dual_ma50_200_weekly_top10,5.0,2022-02,0.05380132520610782
sp500_dual_ma50_200_weekly_top10,5.0,2022-03,0.052581622983200384
sp500_dual_ma50_200_weekly_top10,5.0,2022-04,-0.04217003566571266
sp500_dual_ma50_200_weekly_top10,5.0,2022-05,0.13483395858610217
sp500_dual_ma50_200_weekly_top10,5.0,2022-06,-0.21952079963057516
sp500_dual_ma50_200_weekly_top10,5.0,2022-07,0.053197739104850095
sp500_dual_ma50_200_weekly_top10,5.0,2022-08,-0.03170094472879496
sp500_dual_ma50_200_weekly_top10,5.0,2022-09,-0.01011264565389812
sp500_dual_ma50_200_weekly_top10,5.0,2022-10,0.13193453851831508
sp500_dual_ma50_200_weekly_top10,5.0,2022-11,0.04022055212877883
sp500_dual_ma50_200_weekly_top10,5.0,2022-12,-0.03223090776285885
sp500_dual_ma50_200_weekly_top10,5.0,2023-01,0.036747186467497486
sp500_dual_ma50_200_weekly_top10,5.0,2023-02,-0.0159725100149278
sp500_dual_ma50_200_weekly_top10,5.0,2023-03,-0.034700561834601525
sp500_dual_ma50_200_weekly_top10,5.0,2023-04,0.0186534806039839
sp500_dual_ma50_200_weekly_top10,5.0,2023-05,0.04841190487032708
sp500_dual_ma50_200_weekly_top10,5.0,2023-06,0.09102182982546557
sp500_dual_ma50_200_weekly_top10,5.0,2023-07,0.05895051180205652
sp500_dual_ma50_200_weekly_top10,5.0,2023-08,-0.03584211964343672
sp500_dual_ma50_200_weekly_top10,5.0,2023-09,-0.05790963994364661
sp500_dual_ma50_200_weekly_top10,5.0,2023-10,-0.02191779275293433
sp500_dual_ma50_200_weekly_top10,5.0,2023-11,0.12692789699011497
sp500_dual_ma50_200_weekly_top10,5.0,2023-12,0.030453847861750784
sp500_dual_ma50_200_weekly_top10,5.0,2024-01,0.05425495342627433
sp500_dual_ma50_200_weekly_top10,5.0,2024-02,0.023317176683883445
sp500_dual_ma50_200_weekly_top10,5.0,2024-03,0.03087632137132606
sp500_dual_ma50_200_weekly_top10,5.0,2024-04,-0.09122474181722393
sp500_dual_ma50_200_weekly_top10,5.0,2024-05,0.12205333051808252
sp500_dual_ma50_200_weekly_top10,5.0,2024-06,-0.02285468108374869
sp500_dual_ma50_200_weekly_top10,5.0,2024-07,-0.11072285379952962
sp500_dual_ma50_200_weekly_top10,5.0,2024-08,0.012118988833066752
sp500_dual_ma50_200_weekly_top10,5.0,2024-09,0.04507021261289172
sp500_dual_ma50_200_weekly_top10,5.0,2024-10,-0.04678452145804768
sp500_dual_ma50_200_weekly_top10,5.0,2024-11,0.11967690721773239
sp500_dual_ma50_200_weekly_top10,5.0,2024-12,-0.04559665799513405
sp500_dual_ma50_200_weekly_top10,5.0,2025-01,0.034703899789067676
sp500_dual_ma50_200_weekly_top10,5.0,2025-02,-0.025435748876710317
sp500_dual_ma50_200_weekly_top10,5.0,2025-03,-0.13284028844001342
sp500_dual_ma50_200_weekly_top10,5.0,2025-04,0.11828485149093207
sp500_dual_ma50_200_weekly_top10,5.0,2025-05,0.099432150062467
sp500_dual_ma50_200_weekly_top10,5.0,2025-06,0.0865051487325807
sp500_dual_ma50_200_weekly_top10,5.0,2025-07,0.028718408272737948
sp500_dual_ma50_200_weekly_top10,5.0,2025-08,-0.01080213851836027
sp500_dual_ma50_200_weekly_top10,5.0,2025-09,0.1248058181018162
sp500_dual_ma50_200_weekly_top10,5.0,2025-10,0.11234861446168785
sp500_dual_ma50_200_weekly_top10,5.0,2025-11,-0.05826647354326731
sp500_dual_ma50_200_weekly_top10,5.0,2025-12,0.12842827955224478
sp500_dual_ma50_200_weekly_top10,5.0,2026-01,0.24521387999554983
sp500_dual_ma50_200_weekly_top10,5.0,2026-02,0.03718776285195123
sp500_dual_ma50_200_weekly_top10,5.0,2026-03,-0.0011597700049632703
sp500_dual_ma50_200_weekly_top10,5.0,2026-04,0.2695450380285511
sp500_dual_ma50_200_weekly_top10,10.0,2021-05,0.0
sp500_dual_ma50_200_weekly_top10,10.0,2021-06,0.0
sp500_dual_ma50_200_weekly_top10,10.0,2021-07,0.0
sp500_dual_ma50_200_weekly_top10,10.0,2021-08,0.0
sp500_dual_ma50_200_weekly_top10,10.0,2021-09,0.0
sp500_dual_ma50_200_weekly_top10,10.0,2021-10,0.0
sp500_dual_ma50_200_weekly_top10,10.0,2021-11,0.0
sp500_dual_ma50_200_weekly_top10,10.0,2021-12,0.0
sp500_dual_ma50_200_weekly_top10,10.0,2022-01,0.0
sp500_dual_ma50_200_weekly_top10,10.0,2022-02,0.05320132520610782
sp500_dual_ma50_200_weekly_top10,10.0,2022-03,0.052381622983200385
sp500_dual_ma50_200_weekly_top10,10.0,2022-04,-0.04257003566571267
sp500_dual_ma50_200_weekly_top10,10.0,2022-05,0.13423395858610218
sp500_dual_ma50_200_weekly_top10,10.0,2022-06,-0.22052079963057516
sp500_dual_ma50_200_weekly_top10,10.0,2022-07,0.05279773910485009
sp500_dual_ma50_200_weekly_top10,10.0,2022-08,-0.032700944728794965
sp500_dual_ma50_200_weekly_top10,10.0,2022-09,-0.011312645653898133
sp500_dual_ma50_200_weekly_top10,10.0,2022-10,0.13013453851831508
sp500_dual_ma50_200_weekly_top10,10.0,2022-11,0.038720552128778826
sp500_dual_ma50_200_weekly_top10,10.0,2022-12,-0.033530907762858844
sp500_dual_ma50_200_weekly_top10,10.0,2023-01,0.035747186467497485
sp500_dual_ma50_200_weekly_top10,10.0,2023-02,-0.016772510014927803
sp500_dual_ma50_200_weekly_top10,10.0,2023-03,-0.03560056183460153
sp500_dual_ma50_200_weekly_top10,10.0,2023-04,0.017453480603983895
sp500_dual_ma50_200_weekly_top10,10.0,2023-05,0.04661190487032708
sp500_dual_ma50_200_weekly_top10,10.0,2023-06,0.09052182982546556
sp500_dual_ma50_200_weekly_top10,10.0,2023-07,0.05795051180205652
sp500_dual_ma50_200_weekly_top10,10.0,2023-08,-0.03634211964343672
sp500_dual_ma50_200_weekly_top10,10.0,2023-09,-0.05870963994364661
sp500_dual_ma50_200_weekly_top10,10.0,2023-10,-0.022917792752934332
sp500_dual_ma50_200_weekly_top10,10.0,2023-11,0.12642789699011497
sp500_dual_ma50_200_weekly_top10,10.0,2023-12,0.02895384786175078
sp500_dual_ma50_200_weekly_top10,10.0,2024-01,0.05205495342627432
sp500_dual_ma50_200_weekly_top10,10.0,2024-02,0.022217176683883448
sp500_dual_ma50_200_weekly_top10,10.0,2024-03,0.029876321371326044
sp500_dual_ma50_200_weekly_top10,10.0,2024-04,-0.09222474181722391
sp500_dual_ma50_200_weekly_top10,10.0,2024-05,0.12105333051808252
sp500_dual_ma50_200_weekly_top10,10.0,2024-06,-0.023754681083748688
sp500_dual_ma50_200_weekly_top10,10.0,2024-07,-0.11152285379952963
sp500_dual_ma50_200_weekly_top10,10.0,2024-08,0.01081898883306676
sp500_dual_ma50_200_weekly_top10,10.0,2024-09,0.043470212612891725
sp500_dual_ma50_200_weekly_top10,10.0,2024-10,-0.04788452145804768
sp500_dual_ma50_200_weekly_top10,10.0,2024-11,0.11837690721773238
sp500_dual_ma50_200_weekly_top10,10.0,2024-12,-0.04639665799513404
sp500_dual_ma50_200_weekly_top10,10.0,2025-01,0.03410389978906767
sp500_dual_ma50_200_weekly_top10,10.0,2025-02,-0.026135748876710316
sp500_dual_ma50_200_weekly_top10,10.0,2025-03,-0.1338402884400134
sp500_dual_ma50_200_weekly_top10,10.0,2025-04,0.11748485149093206
sp500_dual_ma50_200_weekly_top10,10.0,2025-05,0.098132150062467
sp500_dual_ma50_200_weekly_top10,10.0,2025-06,0.0855051487325807
sp500_dual_ma50_200_weekly_top10,10.0,2025-07,0.027618408272737944
sp500_dual_ma50_200_weekly_top10,10.0,2025-08,-0.012002138518360274
sp500_dual_ma50_200_weekly_top10,10.0,2025-09,0.1234058181018162
sp500_dual_ma50_200_weekly_top10,10.0,2025-10,0.11164861446168785
sp500_dual_ma50_200_weekly_top10,10.0,2025-11,-0.0588664735432673
sp500_dual_ma50_200_weekly_top10,10.0,2025-12,0.12752827955224477
sp500_dual_ma50_200_weekly_top10,10.0,2026-01,0.24471387999554983
sp500_dual_ma50_200_weekly_top10,10.0,2026-02,0.03688776285195122
sp500_dual_ma50_200_weekly_top10,10.0,2026-03,-0.001559770004963268
sp500_dual_ma50_200_weekly_top10,10.0,2026-04,0.2691450380285511
sp500_dual_ma50_200_weekly_top2,0.0,2021-05,0.0
sp500_dual_ma50_200_weekly_top2,0.0,2021-06,0.0
sp500_dual_ma50_200_weekly_top2,0.0,2021-07,0.0
sp500_dual_ma50_200_weekly_top2,0.0,2021-08,0.0
sp500_dual_ma50_200_weekly_top2,0.0,2021-09,0.0
sp500_dual_ma50_200_weekly_top2,0.0,2021-10,0.0
sp500_dual_ma50_200_weekly_top2,0.0,2021-11,0.0
sp500_dual_ma50_200_weekly_top2,0.0,2021-12,0.0
sp500_dual_ma50_200_weekly_top2,0.0,2022-01,0.0
sp500_dual_ma50_200_weekly_top2,0.0,2022-02,0.1077076955917633
sp500_dual_ma50_200_weekly_top2,0.0,2022-03,0.051816615397959065
sp500_dual_ma50_200_weekly_top2,0.0,2022-04,-0.0899551438896935
sp500_dual_ma50_200_weekly_top2,0.0,2022-05,0.25375636385161565
sp500_dual_ma50_200_weekly_top2,0.0,2022-06,-0.17684309530068748
sp500_dual_ma50_200_weekly_top2,0.0,2022-07,0.027617352792694727
sp500_dual_ma50_200_weekly_top2,0.0,2022-08,0.007268015592646171
sp500_dual_ma50_200_weekly_top2,0.0,2022-09,-0.03326626417124007
sp500_dual_ma50_200_weekly_top2,0.0,2022-10,0.12778701258201353
sp500_dual_ma50_200_weekly_top2,0.0,2022-11,0.13869171367578803
sp500_dual_ma50_200_weekly_top2,0.0,2022-12,-0.11631494136266568
sp500_dual_ma50_200_weekly_top2,0.0,2023-01,0.038903676285123756
sp500_dual_ma50_200_weekly_top2,0.0,2023-02,0.023951314312067984
sp500_dual_ma50_200_weekly_top2,0.0,2023-03,-0.04178296943274523
sp500_dual_ma50_200_weekly_top2,0.0,2023-04,-0.0016624931755486183
sp500_dual_ma50_200_weekly_top2,0.0,2023-05,0.12611592444763914
sp500_dual_ma50_200_weekly_top2,0.0,2023-06,0.08884797145802936
sp500_dual_ma50_200_weekly_top2,0.0,2023-07,0.1106802124792971
sp500_dual_ma50_200_weekly_top2,0.0,2023-08,0.030402148317583366
sp500_dual_ma50_200_weekly_top2,0.0,2023-09,-0.10045910096208627
sp500_dual_ma50_200_weekly_top2,0.0,2023-10,-0.04518903017635051
sp500_dual_ma50_200_weekly_top2,0.0,2023-11,0.11845550940081351
sp500_dual_ma50_200_weekly_top2,0.0,2023-12,-0.006109512318403121
sp500_dual_ma50_200_weekly_top2,0.0,2024-01,0.07344411449245436
sp500_dual_ma50_200_weekly_top2,0.0,2024-02,0.13819875411083482
sp500_dual_ma50_200_weekly_top2,0.0,2024-03,0.056449833464620125
sp500_dual_ma50_200_weekly_top2,0.0,2024-04,-0.17804173740334683
sp500_dual_ma50_200_weekly_top2,0.0,2024-05,0.17285065611734857
sp500_dual_ma50_200_weekly_top2,0.0,2024-06,0.07572047463538462
sp500_dual_ma50_200_weekly_top2,0.0,2024-07,-0.09510909329454681
sp500_dual_ma50_200_weekly_top2,0.0,2024-08,-0.20005495236995657
sp500_dual_ma50_200_weekly_top2,0.0,2024-09,0.055023439324552115
sp500_dual_ma50_200_weekly_top2,0.0,2024-10,-0.08004345142758257
sp500_dual_ma50_200_weekly_top2,0.0,2024-11,0.3414925442102042
sp500_dual_ma50_200_weekly_top2,0.0,2024-12,0.030305164456705336
sp500_dual_ma50_200_weekly_top2,0.0,2025-01,0.0008275958093136859
sp500_dual_ma50_200_weekly_top2,0.0,2025-02,0.09139137208380166
sp500_dual_ma50_200_weekly_top2,0.0,2025-03,-0.18618384601269156
sp500_dual_ma50_200_weekly_top2,0.0,2025-04,0.27180161000174924
sp500_dual_ma50_200_weekly_top2,0.0,2025-05,0.12249113482047896
sp500_dual_ma50_200_weekly_top2,0.0,2025-06,0.09017103105051466
sp500_dual_ma50_200_weekly_top2,0.0,2025-07,0.07889714329444819
sp500_dual_ma50_200_weekly_top2,0.0,2025-08,-0.1468313714749926
sp500_dual_ma50_200_weekly_top2,0.0,2025-09,0.09719406473928921
sp500_dual_ma50_200_weekly_top2,0.0,2025-10,0.08410025861030607
sp500_dual_ma50_200_weekly_top2,0.0,2025-11,0.07463451100155721
sp500_dual_ma50_200_weekly_top2,0.0,2025-12,0.15149329202405626
sp500_dual_ma50_200_weekly_top2,0.0,2026-01,0.6581427876442951
sp500_dual_ma50_200_weekly_top2,0.0,2026-02,0.11120373068084327
sp500_dual_ma50_200_weekly_top2,0.0,2026-03,0.09726982986802823
sp500_dual_ma50_200_weekly_top2,0.0,2026-04,0.3948830848352631
sp500_dual_ma50_200_weekly_top2,1.0,2021-05,0.0
sp500_dual_ma50_200_weekly_top2,1.0,2021-06,0.0
sp500_dual_ma50_200_weekly_top2,1.0,2021-07,0.0
sp500_dual_ma50_200_weekly_top2,1.0,2021-08,0.0
sp500_dual_ma50_200_weekly_top2,1.0,2021-09,0.0
sp500_dual_ma50_200_weekly_top2,1.0,2021-10,0.0
sp500_dual_ma50_200_weekly_top2,1.0,2021-11,0.0
sp500_dual_ma50_200_weekly_top2,1.0,2021-12,0.0
sp500_dual_ma50_200_weekly_top2,1.0,2022-01,0.0
sp500_dual_ma50_200_weekly_top2,1.0,2022-02,0.1076076955917633
sp500_dual_ma50_200_weekly_top2,1.0,2022-03,0.05171661539795906
sp500_dual_ma50_200_weekly_top2,1.0,2022-04,-0.0902551438896935
sp500_dual_ma50_200_weekly_top2,1.0,2022-05,0.25325636385161565
sp500_dual_ma50_200_weekly_top2,1.0,2022-06,-0.1770430953006875
sp500_dual_ma50_200_weekly_top2,1.0,2022-07,0.027517352792694724
sp500_dual_ma50_200_weekly_top2,1.0,2022-08,0.007168015592646168
sp500_dual_ma50_200_weekly_top2,1.0,2022-09,-0.03326626417124007
sp500_dual_ma50_200_weekly_top2,1.0,2022-10,0.12758701258201352
sp500_dual_ma50_200_weekly_top2,1.0,2022-11,0.13809171367578804
sp500_dual_ma50_200_weekly_top2,1.0,2022-12,-0.11641494136266568
sp500_dual_ma50_200_weekly_top2,1.0,2023-01,0.03860367628512376
sp500_dual_ma50_200_weekly_top2,1.0,2023-02,0.023351314312067984
sp500_dual_ma50_200_weekly_top2,1.0,2023-03,-0.041882969432745235
sp500_dual_ma50_200_weekly_top2,1.0,2023-04,-0.0017624931755486212
sp500_dual_ma50_200_weekly_top2,1.0,2023-05,0.12591592444763913
sp500_dual_ma50_200_weekly_top2,1.0,2023-06,0.08874797145802936
sp500_dual_ma50_200_weekly_top2,1.0,2023-07,0.1105802124792971
sp500_dual_ma50_200_weekly_top2,1.0,2023-08,0.030402148317583366
sp500_dual_ma50_200_weekly_top2,1.0,2023-09,-0.10045910096208627
sp500_dual_ma50_200_weekly_top2,1.0,2023-10,-0.04528903017635051
sp500_dual_ma50_200_weekly_top2,1.0,2023-11,0.1182555094008135
sp500_dual_ma50_200_weekly_top2,1.0,2023-12,-0.00630951231840312
sp500_dual_ma50_200_weekly_top2,1.0,2024-01,0.07304411449245436
sp500_dual_ma50_200_weekly_top2,1.0,2024-02,0.13789875411083483
sp500_dual_ma50_200_weekly_top2,1.0,2024-03,0.055949833464620125
sp500_dual_ma50_200_weekly_top2,1.0,2024-04,-0.17814173740334682
sp500_dual_ma50_200_weekly_top2,1.0,2024-05,0.17285065611734857
sp500_dual_ma50_200_weekly_top2,1.0,2024-06,0.07572047463538462
sp500_dual_ma50_200_weekly_top2,1.0,2024-07,-0.09510909329454681
sp500_dual_ma50_200_weekly_top2,1.0,2024-08,-0.20005495236995657
sp500_dual_ma50_200_weekly_top2,1.0,2024-09,0.05482343932455211
sp500_dual_ma50_200_weekly_top2,1.0,2024-10,-0.08044345142758257
sp500_dual_ma50_200_weekly_top2,1.0,2024-11,0.3412925442102042
sp500_dual_ma50_200_weekly_top2,1.0,2024-12,0.030005164456705327
sp500_dual_ma50_200_weekly_top2,1.0,2025-01,0.0007275958093136831
sp500_dual_ma50_200_weekly_top2,1.0,2025-02,0.09109137208380166
sp500_dual_ma50_200_weekly_top2,1.0,2025-03,-0.18628384601269155
sp500_dual_ma50_200_weekly_top2,1.0,2025-04,0.27170161000174925
sp500_dual_ma50_200_weekly_top2,1.0,2025-05,0.12229113482047896
sp500_dual_ma50_200_weekly_top2,1.0,2025-06,0.08967103105051466
sp500_dual_ma50_200_weekly_top2,1.0,2025-07,0.07889714329444819
sp500_dual_ma50_200_weekly_top2,1.0,2025-08,-0.1472313714749926
sp500_dual_ma50_200_weekly_top2,1.0,2025-09,0.0966940647392892
sp500_dual_ma50_200_weekly_top2,1.0,2025-10,0.08390025861030606
sp500_dual_ma50_200_weekly_top2,1.0,2025-11,0.07463451100155721
sp500_dual_ma50_200_weekly_top2,1.0,2025-12,0.15139329202405627
sp500_dual_ma50_200_weekly_top2,1.0,2026-01,0.6581427876442951
sp500_dual_ma50_200_weekly_top2,1.0,2026-02,0.11120373068084327
sp500_dual_ma50_200_weekly_top2,1.0,2026-03,0.09716982986802823
sp500_dual_ma50_200_weekly_top2,1.0,2026-04,0.3948830848352631
sp500_dual_ma50_200_weekly_top2,2.0,2021-05,0.0
sp500_dual_ma50_200_weekly_top2,2.0,2021-06,0.0
sp500_dual_ma50_200_weekly_top2,2.0,2021-07,0.0
sp500_dual_ma50_200_weekly_top2,2.0,2021-08,0.0
sp500_dual_ma50_200_weekly_top2,2.0,2021-09,0.0
sp500_dual_ma50_200_weekly_top2,2.0,2021-10,0.0
sp500_dual_ma50_200_weekly_top2,2.0,2021-11,0.0
sp500_dual_ma50_200_weekly_top2,2.0,2021-12,0.0
sp500_dual_ma50_200_weekly_top2,2.0,2022-01,0.0
sp500_dual_ma50_200_weekly_top2,2.0,2022-02,0.10750769559176329
sp500_dual_ma50_200_weekly_top2,2.0,2022-03,0.051616615397959066
sp500_dual_ma50_200_weekly_top2,2.0,2022-04,-0.09055514388969349
sp500_dual_ma50_200_weekly_top2,2.0,2022-05,0.25275636385161565
sp500_dual_ma50_200_weekly_top2,2.0,2022-06,-0.1772430953006875
sp500_dual_ma50_200_weekly_top2,2.0,2022-07,0.02741735279269473
sp500_dual_ma50_200_weekly_top2,2.0,2022-08,0.007068015592646172
sp500_dual_ma50_200_weekly_top2,2.0,2022-09,-0.03326626417124007
sp500_dual_ma50_200_weekly_top2,2.0,2022-10,0.12738701258201351
sp500_dual_ma50_200_weekly_top2,2.0,2022-11,0.13749171367578805
sp500_dual_ma50_200_weekly_top2,2.0,2022-12,-0.11651494136266569
sp500_dual_ma50_200_weekly_top2,2.0,2023-01,0.03830367628512376
sp500_dual_ma50_200_weekly_top2,2.0,2023-02,0.022751314312067984
sp500_dual_ma50_200_weekly_top2,2.0,2023-03,-0.04198296943274523
sp500_dual_ma50_200_weekly_top2,2.0,2023-04,-0.001862493175548617
sp500_dual_ma50_200_weekly_top2,2.0,2023-05,0.12571592444763913
sp500_dual_ma50_200_weekly_top2,2.0,2023-06,0.08864797145802936
sp500_dual_ma50_200_weekly_top2,2.0,2023-07,0.1104802124792971
sp500_dual_ma50_200_weekly_top2,2.0,2023-08,0.030402148317583366
sp500_dual_ma50_200_weekly_top2,2.0,2023-09,-0.10045910096208627
sp500_dual_ma50_200_weekly_top2,2.0,2023-10,-0.04538903017635051
sp500_dual_ma50_200_weekly_top2,2.0,2023-11,0.11805550940081351
sp500_dual_ma50_200_weekly_top2,2.0,2023-12,-0.006509512318403118
sp500_dual_ma50_200_weekly_top2,2.0,2024-01,0.07264411449245436
sp500_dual_ma50_200_weekly_top2,2.0,2024-02,0.13759875411083483
sp500_dual_ma50_200_weekly_top2,2.0,2024-03,0.055449833464620124
sp500_dual_ma50_200_weekly_top2,2.0,2024-04,-0.17824173740334684
sp500_dual_ma50_200_weekly_top2,2.0,2024-05,0.17285065611734857
sp500_dual_ma50_200_weekly_top2,2.0,2024-06,0.07572047463538462
sp500_dual_ma50_200_weekly_top2,2.0,2024-07,-0.09510909329454681
sp500_dual_ma50_200_weekly_top2,2.0,2024-08,-0.20005495236995657
sp500_dual_ma50_200_weekly_top2,2.0,2024-09,0.05462343932455212
sp500_dual_ma50_200_weekly_top2,2.0,2024-10,-0.08084345142758256
sp500_dual_ma50_200_weekly_top2,2.0,2024-11,0.3410925442102042
sp500_dual_ma50_200_weekly_top2,2.0,2024-12,0.02970516445670532
sp500_dual_ma50_200_weekly_top2,2.0,2025-01,0.0006275958093136871
sp500_dual_ma50_200_weekly_top2,2.0,2025-02,0.09079137208380164
sp500_dual_ma50_200_weekly_top2,2.0,2025-03,-0.18638384601269156
sp500_dual_ma50_200_weekly_top2,2.0,2025-04,0.2716016100017492
sp500_dual_ma50_200_weekly_top2,2.0,2025-05,0.12209113482047897
sp500_dual_ma50_200_weekly_top2,2.0,2025-06,0.08917103105051466
sp500_dual_ma50_200_weekly_top2,2.0,2025-07,0.07889714329444819
sp500_dual_ma50_200_weekly_top2,2.0,2025-08,-0.14763137147499258
sp500_dual_ma50_200_weekly_top2,2.0,2025-09,0.09619406473928921
sp500_dual_ma50_200_weekly_top2,2.0,2025-10,0.08370025861030607
sp500_dual_ma50_200_weekly_top2,2.0,2025-11,0.07463451100155721
sp500_dual_ma50_200_weekly_top2,2.0,2025-12,0.15129329202405625
sp500_dual_ma50_200_weekly_top2,2.0,2026-01,0.6581427876442951
sp500_dual_ma50_200_weekly_top2,2.0,2026-02,0.11120373068084327
sp500_dual_ma50_200_weekly_top2,2.0,2026-03,0.09706982986802823
sp500_dual_ma50_200_weekly_top2,2.0,2026-04,0.3948830848352631
sp500_dual_ma50_200_weekly_top2,5.0,2021-05,0.0
sp500_dual_ma50_200_weekly_top2,5.0,2021-06,0.0
sp500_dual_ma50_200_weekly_top2,5.0,2021-07,0.0
sp500_dual_ma50_200_weekly_top2,5.0,2021-08,0.0
sp500_dual_ma50_200_weekly_top2,5.0,2021-09,0.0
sp500_dual_ma50_200_weekly_top2,5.0,2021-10,0.0
sp500_dual_ma50_200_weekly_top2,5.0,2021-11,0.0
sp500_dual_ma50_200_weekly_top2,5.0,2021-12,0.0
sp500_dual_ma50_200_weekly_top2,5.0,2022-01,0.0
sp500_dual_ma50_200_weekly_top2,5.0,2022-02,0.1072076955917633
sp500_dual_ma50_200_weekly_top2,5.0,2022-03,0.051316615397959064
sp500_dual_ma50_200_weekly_top2,5.0,2022-04,-0.0914551438896935
sp500_dual_ma50_200_weekly_top2,5.0,2022-05,0.25125636385161565
sp500_dual_ma50_200_weekly_top2,5.0,2022-06,-0.17784309530068748
sp500_dual_ma50_200_weekly_top2,5.0,2022-07,0.027117352792694727
sp500_dual_ma50_200_weekly_top2,5.0,2022-08,0.0067680155926461705
sp500_dual_ma50_200_weekly_top2,5.0,2022-09,-0.03326626417124007
sp500_dual_ma50_200_weekly_top2,5.0,2022-10,0.12678701258201353
sp500_dual_ma50_200_weekly_top2,5.0,2022-11,0.13569171367578803
sp500_dual_ma50_200_weekly_top2,5.0,2022-12,-0.11681494136266568
sp500_dual_ma50_200_weekly_top2,5.0,2023-01,0.037403676285123755
sp500_dual_ma50_200_weekly_top2,5.0,2023-02,0.02095131431206798
sp500_dual_ma50_200_weekly_top2,5.0,2023-03,-0.04228296943274523
sp500_dual_ma50_200_weekly_top2,5.0,2023-04,-0.0021624931755486188
sp500_dual_ma50_200_weekly_top2,5.0,2023-05,0.12511592444763914
sp500_dual_ma50_200_weekly_top2,5.0,2023-06,0.08834797145802936
sp500_dual_ma50_200_weekly_top2,5.0,2023-07,0.1101802124792971
sp500_dual_ma50_200_weekly_top2,5.0,2023-08,0.030402148317583366
sp500_dual_ma50_200_weekly_top2,5.0,2023-09,-0.10045910096208627
sp500_dual_ma50_200_weekly_top2,5.0,2023-10,-0.04568903017635051
sp500_dual_ma50_200_weekly_top2,5.0,2023-11,0.11745550940081351
sp500_dual_ma50_200_weekly_top2,5.0,2023-12,-0.007109512318403122
sp500_dual_ma50_200_weekly_top2,5.0,2024-01,0.07144411449245436
sp500_dual_ma50_200_weekly_top2,5.0,2024-02,0.13669875411083482
sp500_dual_ma50_200_weekly_top2,5.0,2024-03,0.05394983346462012
sp500_dual_ma50_200_weekly_top2,5.0,2024-04,-0.17854173740334683
sp500_dual_ma50_200_weekly_top2,5.0,2024-05,0.17285065611734857
sp500_dual_ma50_200_weekly_top2,5.0,2024-06,0.07572047463538462
sp500_dual_ma50_200_weekly_top2,5.0,2024-07,-0.09510909329454681
sp500_dual_ma50_200_weekly_top2,5.0,2024-08,-0.20005495236995657
sp500_dual_ma50_200_weekly_top2,5.0,2024-09,0.054023439324552114
sp500_dual_ma50_200_weekly_top2,5.0,2024-10,-0.08204345142758257
sp500_dual_ma50_200_weekly_top2,5.0,2024-11,0.3404925442102042
sp500_dual_ma50_200_weekly_top2,5.0,2024-12,0.028805164456705334
sp500_dual_ma50_200_weekly_top2,5.0,2025-01,0.0003275958093136855
sp500_dual_ma50_200_weekly_top2,5.0,2025-02,0.08989137208380166
sp500_dual_ma50_200_weekly_top2,5.0,2025-03,-0.18668384601269156
sp500_dual_ma50_200_weekly_top2,5.0,2025-04,0.27130161000174924
sp500_dual_ma50_200_weekly_top2,5.0,2025-05,0.12149113482047896
sp500_dual_ma50_200_weekly_top2,5.0,2025-06,0.08767103105051466
sp500_dual_ma50_200_weekly_top2,5.0,2025-07,0.07889714329444819
sp500_dual_ma50_200_weekly_top2,5.0,2025-08,-0.1488313714749926
sp500_dual_ma50_200_weekly_top2,5.0,2025-09,0.09469406473928921
sp500_dual_ma50_200_weekly_top2,5.0,2025-10,0.08310025861030607
sp500_dual_ma50_200_weekly_top2,5.0,2025-11,0.07463451100155721
sp500_dual_ma50_200_weekly_top2,5.0,2025-12,0.15099329202405626
sp500_dual_ma50_200_weekly_top2,5.0,2026-01,0.6581427876442951
sp500_dual_ma50_200_weekly_top2,5.0,2026-02,0.11120373068084327
sp500_dual_ma50_200_weekly_top2,5.0,2026-03,0.09676982986802823
sp500_dual_ma50_200_weekly_top2,5.0,2026-04,0.3948830848352631
sp500_dual_ma50_200_weekly_top2,10.0,2021-05,0.0
sp500_dual_ma50_200_weekly_top2,10.0,2021-06,0.0
sp500_dual_ma50_200_weekly_top2,10.0,2021-07,0.0
sp500_dual_ma50_200_weekly_top2,10.0,2021-08,0.0
sp500_dual_ma50_200_weekly_top2,10.0,2021-09,0.0
sp500_dual_ma50_200_weekly_top2,10.0,2021-10,0.0
sp500_dual_ma50_200_weekly_top2,10.0,2021-11,0.0
sp500_dual_ma50_200_weekly_top2,10.0,2021-12,0.0
sp500_dual_ma50_200_weekly_top2,10.0,2022-01,0.0
sp500_dual_ma50_200_weekly_top2,10.0,2022-02,0.1067076955917633
sp500_dual_ma50_200_weekly_top2,10.0,2022-03,0.050816615397959064
sp500_dual_ma50_200_weekly_top2,10.0,2022-04,-0.0929551438896935
sp500_dual_ma50_200_weekly_top2,10.0,2022-05,0.24875636385161565
sp500_dual_ma50_200_weekly_top2,10.0,2022-06,-0.17884309530068748
sp500_dual_ma50_200_weekly_top2,10.0,2022-07,0.026617352792694726
sp500_dual_ma50_200_weekly_top2,10.0,2022-08,0.00626801559264617
sp500_dual_ma50_200_weekly_top2,10.0,2022-09,-0.03326626417124007
sp500_dual_ma50_200_weekly_top2,10.0,2022-10,0.12578701258201352
sp500_dual_ma50_200_weekly_top2,10.0,2022-11,0.13269171367578803
sp500_dual_ma50_200_weekly_top2,10.0,2022-12,-0.11731494136266568
sp500_dual_ma50_200_weekly_top2,10.0,2023-01,0.03590367628512375
sp500_dual_ma50_200_weekly_top2,10.0,2023-02,0.01795131431206798
sp500_dual_ma50_200_weekly_top2,10.0,2023-03,-0.04278296943274523
sp500_dual_ma50_200_weekly_top2,10.0,2023-04,-0.002662493175548619
sp500_dual_ma50_200_weekly_top2,10.0,2023-05,0.12411592444763914
sp500_dual_ma50_200_weekly_top2,10.0,2023-06,0.08784797145802936
sp500_dual_ma50_200_weekly_top2,10.0,2023-07,0.1096802124792971
sp500_dual_ma50_200_weekly_top2,10.0,2023-08,0.030402148317583366
sp500_dual_ma50_200_weekly_top2,10.0,2023-09,-0.10045910096208627
sp500_dual_ma50_200_weekly_top2,10.0,2023-10,-0.04618903017635051
sp500_dual_ma50_200_weekly_top2,10.0,2023-11,0.1164555094008135
sp500_dual_ma50_200_weekly_top2,10.0,2023-12,-0.008109512318403123
sp500_dual_ma50_200_weekly_top2,10.0,2024-01,0.06944411449245436
sp500_dual_ma50_200_weekly_top2,10.0,2024-02,0.13519875411083482
sp500_dual_ma50_200_weekly_top2,10.0,2024-03,0.05144983346462012
sp500_dual_ma50_200_weekly_top2,10.0,2024-04,-0.17904173740334683
sp500_dual_ma50_200_weekly_top2,10.0,2024-05,0.17285065611734857
sp500_dual_ma50_200_weekly_top2,10.0,2024-06,0.07572047463538462
sp500_dual_ma50_200_weekly_top2,10.0,2024-07,-0.09510909329454681
sp500_dual_ma50_200_weekly_top2,10.0,2024-08,-0.20005495236995657
sp500_dual_ma50_200_weekly_top2,10.0,2024-09,0.05302343932455211
sp500_dual_ma50_200_weekly_top2,10.0,2024-10,-0.08404345142758257
sp500_dual_ma50_200_weekly_top2,10.0,2024-11,0.3394925442102042
sp500_dual_ma50_200_weekly_top2,10.0,2024-12,0.027305164456705333
sp500_dual_ma50_200_weekly_top2,10.0,2025-01,-0.00017240419068631496
sp500_dual_ma50_200_weekly_top2,10.0,2025-02,0.08839137208380166
sp500_dual_ma50_200_weekly_top2,10.0,2025-03,-0.18718384601269156
sp500_dual_ma50_200_weekly_top2,10.0,2025-04,0.27080161000174924
sp500_dual_ma50_200_weekly_top2,10.0,2025-05,0.12049113482047896
sp500_dual_ma50_200_weekly_top2,10.0,2025-06,0.08517103105051466
sp500_dual_ma50_200_weekly_top2,10.0,2025-07,0.07889714329444819
sp500_dual_ma50_200_weekly_top2,10.0,2025-08,-0.1508313714749926
sp500_dual_ma50_200_weekly_top2,10.0,2025-09,0.0921940647392892
sp500_dual_ma50_200_weekly_top2,10.0,2025-10,0.08210025861030606
sp500_dual_ma50_200_weekly_top2,10.0,2025-11,0.07463451100155721
sp500_dual_ma50_200_weekly_top2,10.0,2025-12,0.15049329202405626
sp500_dual_ma50_200_weekly_top2,10.0,2026-01,0.6581427876442951
sp500_dual_ma50_200_weekly_top2,10.0,2026-02,0.11120373068084327
sp500_dual_ma50_200_weekly_top2,10.0,2026-03,0.09626982986802823
sp500_dual_ma50_200_weekly_top2,10.0,2026-04,0.3948830848352631
sp500_dual_ma50_200_weekly_top3,0.0,2021-05,0.0
sp500_dual_ma50_200_weekly_top3,0.0,2021-06,0.0
sp500_dual_ma50_200_weekly_top3,0.0,2021-07,0.0
sp500_dual_ma50_200_weekly_top3,0.0,2021-08,0.0
sp500_dual_ma50_200_weekly_top3,0.0,2021-09,0.0
sp500_dual_ma50_200_weekly_top3,0.0,2021-10,0.0
sp500_dual_ma50_200_weekly_top3,0.0,2021-11,0.0
sp500_dual_ma50_200_weekly_top3,0.0,2021-12,0.0
sp500_dual_ma50_200_weekly_top3,0.0,2022-01,0.0
sp500_dual_ma50_200_weekly_top3,0.0,2022-02,0.07952565892381949
sp500_dual_ma50_200_weekly_top3,0.0,2022-03,0.08438903387190295
sp500_dual_ma50_200_weekly_top3,0.0,2022-04,-0.07225891973638512
sp500_dual_ma50_200_weekly_top3,0.0,2022-05,0.2129475097928247
sp500_dual_ma50_200_weekly_top3,0.0,2022-06,-0.23555140187984347
sp500_dual_ma50_200_weekly_top3,0.0,2022-07,0.06460517635461194
sp500_dual_ma50_200_weekly_top3,0.0,2022-08,0.0023019970528336507
sp500_dual_ma50_200_weekly_top3,0.0,2022-09,-0.06600386327637171
sp500_dual_ma50_200_weekly_top3,0.0,2022-10,0.13728090012950858
sp500_dual_ma50_200_weekly_top3,0.0,2022-11,0.12871635061227196
sp500_dual_ma50_200_weekly_top3,0.0,2022-12,-0.08433448518248925
sp500_dual_ma50_200_weekly_top3,0.0,2023-01,-0.02007626260156673
sp500_dual_ma50_200_weekly_top3,0.0,2023-02,0.021514752550608605
sp500_dual_ma50_200_weekly_top3,0.0,2023-03,-0.016464963936361612
sp500_dual_ma50_200_weekly_top3,0.0,2023-04,0.020508974551577817
sp500_dual_ma50_200_weekly_top3,0.0,2023-05,0.03384472350019398
sp500_dual_ma50_200_weekly_top3,0.0,2023-06,0.10131745761374567
sp500_dual_ma50_200_weekly_top3,0.0,2023-07,0.07140579076457046
sp500_dual_ma50_200_weekly_top3,0.0,2023-08,-0.0021830130939219927
sp500_dual_ma50_200_weekly_top3,0.0,2023-09,-0.062235078790871236
sp500_dual_ma50_200_weekly_top3,0.0,2023-10,0.014277296013505435
sp500_dual_ma50_200_weekly_top3,0.0,2023-11,0.11127134808319797
sp500_dual_ma50_200_weekly_top3,0.0,2023-12,0.01524689971317472
sp500_dual_ma50_200_weekly_top3,0.0,2024-01,0.11088081222052029
sp500_dual_ma50_200_weekly_top3,0.0,2024-02,0.13367704289607768
sp500_dual_ma50_200_weekly_top3,0.0,2024-03,0.011768587533795267
sp500_dual_ma50_200_weekly_top3,0.0,2024-04,-0.11066885480422059
sp500_dual_ma50_200_weekly_top3,0.0,2024-05,0.131070192583208
sp500_dual_ma50_200_weekly_top3,0.0,2024-06,-0.022667857694846277
sp500_dual_ma50_200_weekly_top3,0.0,2024-07,-0.036941967415093764
sp500_dual_ma50_200_weekly_top3,0.0,2024-08,-0.11395063984780379
sp500_dual_ma50_200_weekly_top3,0.0,2024-09,0.02135788942764271
sp500_dual_ma50_200_weekly_top3,0.0,2024-10,-0.09880194708067302
sp500_dual_ma50_200_weekly_top3,0.0,2024-11,0.25801475819169156
sp500_dual_ma50_200_weekly_top3,0.0,2024-12,-0.02041054243571211
sp500_dual_ma50_200_weekly_top3,0.0,2025-01,0.04524065979633285
sp500_dual_ma50_200_weekly_top3,0.0,2025-02,0.017567191765726492
sp500_dual_ma50_200_weekly_top3,0.0,2025-03,-0.1324366223852275
sp500_dual_ma50_200_weekly_top3,0.0,2025-04,0.1515603535881631
sp500_dual_ma50_200_weekly_top3,0.0,2025-05,0.13613112667027844
sp500_dual_ma50_200_weekly_top3,0.0,2025-06,0.09101590285532371
sp500_dual_ma50_200_weekly_top3,0.0,2025-07,0.048494501728884955
sp500_dual_ma50_200_weekly_top3,0.0,2025-08,-0.0676732683440005
sp500_dual_ma50_200_weekly_top3,0.0,2025-09,0.1349641171558126
sp500_dual_ma50_200_weekly_top3,0.0,2025-10,0.11107235979056357
sp500_dual_ma50_200_weekly_top3,0.0,2025-11,0.032532814383839675
sp500_dual_ma50_200_weekly_top3,0.0,2025-12,0.14809757728705017
sp500_dual_ma50_200_weekly_top3,0.0,2026-01,0.45154540514485314
sp500_dual_ma50_200_weekly_top3,0.0,2026-02,0.09284334647604814
sp500_dual_ma50_200_weekly_top3,0.0,2026-03,0.0281859087332907
sp500_dual_ma50_200_weekly_top3,0.0,2026-04,0.4124336103218569
sp500_dual_ma50_200_weekly_top3,1.0,2021-05,0.0
sp500_dual_ma50_200_weekly_top3,1.0,2021-06,0.0
sp500_dual_ma50_200_weekly_top3,1.0,2021-07,0.0
sp500_dual_ma50_200_weekly_top3,1.0,2021-08,0.0
sp500_dual_ma50_200_weekly_top3,1.0,2021-09,0.0
sp500_dual_ma50_200_weekly_top3,1.0,2021-10,0.0
sp500_dual_ma50_200_weekly_top3,1.0,2021-11,0.0
sp500_dual_ma50_200_weekly_top3,1.0,2021-12,0.0
sp500_dual_ma50_200_weekly_top3,1.0,2022-01,0.0
sp500_dual_ma50_200_weekly_top3,1.0,2022-02,0.0794256589238195
sp500_dual_ma50_200_weekly_top3,1.0,2022-03,0.08438903387190295
sp500_dual_ma50_200_weekly_top3,1.0,2022-04,-0.07252558640305179
sp500_dual_ma50_200_weekly_top3,1.0,2022-05,0.21254750979282472
sp500_dual_ma50_200_weekly_top3,1.0,2022-06,-0.2358847352131768
sp500_dual_ma50_200_weekly_top3,1.0,2022-07,0.06453850968794526
sp500_dual_ma50_200_weekly_top3,1.0,2022-08,0.0019686637195003194
sp500_dual_ma50_200_weekly_top3,1.0,2022-09,-0.06613719660970505
sp500_dual_ma50_200_weekly_top3,1.0,2022-10,0.13701423346284192
sp500_dual_ma50_200_weekly_top3,1.0,2022-11,0.12831635061227198
sp500_dual_ma50_200_weekly_top3,1.0,2022-12,-0.08453448518248925
sp500_dual_ma50_200_weekly_top3,1.0,2023-01,-0.020342929268233396
sp500_dual_ma50_200_weekly_top3,1.0,2023-02,0.02118141921727528
sp500_dual_ma50_200_weekly_top3,1.0,2023-03,-0.01666496393636161
sp500_dual_ma50_200_weekly_top3,1.0,2023-04,0.02030897455157782
sp500_dual_ma50_200_weekly_top3,1.0,2023-05,0.03364472350019398
sp500_dual_ma50_200_weekly_top3,1.0,2023-06,0.10111745761374566
sp500_dual_ma50_200_weekly_top3,1.0,2023-07,0.07127245743123713
sp500_dual_ma50_200_weekly_top3,1.0,2023-08,-0.0023163464272553252
sp500_dual_ma50_200_weekly_top3,1.0,2023-09,-0.062235078790871236
sp500_dual_ma50_200_weekly_top3,1.0,2023-10,0.014077296013505436
sp500_dual_ma50_200_weekly_top3,1.0,2023-11,0.11127134808319797
sp500_dual_ma50_200_weekly_top3,1.0,2023-12,0.015046899713174718
sp500_dual_ma50_200_weekly_top3,1.0,2024-01,0.11034747888718696
sp500_dual_ma50_200_weekly_top3,1.0,2024-02,0.13334370956274438
sp500_dual_ma50_200_weekly_top3,1.0,2024-03,0.011435254200461929
sp500_dual_ma50_200_weekly_top3,1.0,2024-04,-0.11080218813755394
sp500_dual_ma50_200_weekly_top3,1.0,2024-05,0.13080352591654135
sp500_dual_ma50_200_weekly_top3,1.0,2024-06,-0.022734524361512944
sp500_dual_ma50_200_weekly_top3,1.0,2024-07,-0.03714196741509377
sp500_dual_ma50_200_weekly_top3,1.0,2024-08,-0.11395063984780379
sp500_dual_ma50_200_weekly_top3,1.0,2024-09,0.021024556094309373
sp500_dual_ma50_200_weekly_top3,1.0,2024-10,-0.09906861374733969
sp500_dual_ma50_200_weekly_top3,1.0,2024-11,0.2578147581916916
sp500_dual_ma50_200_weekly_top3,1.0,2024-12,-0.020677209102378774
sp500_dual_ma50_200_weekly_top3,1.0,2025-01,0.04524065979633285
sp500_dual_ma50_200_weekly_top3,1.0,2025-02,0.01743385843239316
sp500_dual_ma50_200_weekly_top3,1.0,2025-03,-0.13256995571856084
sp500_dual_ma50_200_weekly_top3,1.0,2025-04,0.15136035358816308
sp500_dual_ma50_200_weekly_top3,1.0,2025-05,0.13586446000361177
sp500_dual_ma50_200_weekly_top3,1.0,2025-06,0.09054923618865705
sp500_dual_ma50_200_weekly_top3,1.0,2025-07,0.04842783506221829
sp500_dual_ma50_200_weekly_top3,1.0,2025-08,-0.06793993501066718
sp500_dual_ma50_200_weekly_top3,1.0,2025-09,0.13463078382247928
sp500_dual_ma50_200_weekly_top3,1.0,2025-10,0.11087235979056359
sp500_dual_ma50_200_weekly_top3,1.0,2025-11,0.03239948105050633
sp500_dual_ma50_200_weekly_top3,1.0,2025-12,0.14783091062038348
sp500_dual_ma50_200_weekly_top3,1.0,2026-01,0.4514787384781865
sp500_dual_ma50_200_weekly_top3,1.0,2026-02,0.09277667980938148
sp500_dual_ma50_200_weekly_top3,1.0,2026-03,0.028119242066624042
sp500_dual_ma50_200_weekly_top3,1.0,2026-04,0.4123669436551902
sp500_dual_ma50_200_weekly_top3,2.0,2021-05,0.0
sp500_dual_ma50_200_weekly_top3,2.0,2021-06,0.0
sp500_dual_ma50_200_weekly_top3,2.0,2021-07,0.0
sp500_dual_ma50_200_weekly_top3,2.0,2021-08,0.0
sp500_dual_ma50_200_weekly_top3,2.0,2021-09,0.0
sp500_dual_ma50_200_weekly_top3,2.0,2021-10,0.0
sp500_dual_ma50_200_weekly_top3,2.0,2021-11,0.0
sp500_dual_ma50_200_weekly_top3,2.0,2021-12,0.0
sp500_dual_ma50_200_weekly_top3,2.0,2022-01,0.0
sp500_dual_ma50_200_weekly_top3,2.0,2022-02,0.07932565892381949
sp500_dual_ma50_200_weekly_top3,2.0,2022-03,0.08438903387190295
sp500_dual_ma50_200_weekly_top3,2.0,2022-04,-0.07279225306971845
sp500_dual_ma50_200_weekly_top3,2.0,2022-05,0.2121475097928247
sp500_dual_ma50_200_weekly_top3,2.0,2022-06,-0.23621806854651012
sp500_dual_ma50_200_weekly_top3,2.0,2022-07,0.0644718430212786
sp500_dual_ma50_200_weekly_top3,2.0,2022-08,0.001635330386166988
sp500_dual_ma50_200_weekly_top3,2.0,2022-09,-0.06627052994303838
sp500_dual_ma50_200_weekly_top3,2.0,2022-10,0.13674756679617525
sp500_dual_ma50_200_weekly_top3,2.0,2022-11,0.12791635061227197
sp500_dual_ma50_200_weekly_top3,2.0,2022-12,-0.08473448518248924
sp500_dual_ma50_200_weekly_top3,2.0,2023-01,-0.020609595934900072
sp500_dual_ma50_200_weekly_top3,2.0,2023-02,0.020848085883941943
sp500_dual_ma50_200_weekly_top3,2.0,2023-03,-0.01686496393636161
sp500_dual_ma50_200_weekly_top3,2.0,2023-04,0.020108974551577813
sp500_dual_ma50_200_weekly_top3,2.0,2023-05,0.03344472350019397
sp500_dual_ma50_200_weekly_top3,2.0,2023-06,0.10091745761374565
sp500_dual_ma50_200_weekly_top3,2.0,2023-07,0.0711391240979038
sp500_dual_ma50_200_weekly_top3,2.0,2023-08,-0.0024496797605886578
sp500_dual_ma50_200_weekly_top3,2.0,2023-09,-0.062235078790871236
sp500_dual_ma50_200_weekly_top3,2.0,2023-10,0.013877296013505435
sp500_dual_ma50_200_weekly_top3,2.0,2023-11,0.11127134808319797
sp500_dual_ma50_200_weekly_top3,2.0,2023-12,0.01484689971317472
sp500_dual_ma50_200_weekly_top3,2.0,2024-01,0.10981414555385362
sp500_dual_ma50_200_weekly_top3,2.0,2024-02,0.13301037622941103
sp500_dual_ma50_200_weekly_top3,2.0,2024-03,0.011101920867128598
sp500_dual_ma50_200_weekly_top3,2.0,2024-04,-0.11093552147088726
sp500_dual_ma50_200_weekly_top3,2.0,2024-05,0.13053685924987468
sp500_dual_ma50_200_weekly_top3,2.0,2024-06,-0.02280119102817961
sp500_dual_ma50_200_weekly_top3,2.0,2024-07,-0.03734196741509376
sp500_dual_ma50_200_weekly_top3,2.0,2024-08,-0.11395063984780379
sp500_dual_ma50_200_weekly_top3,2.0,2024-09,0.020691222760976048
sp500_dual_ma50_200_weekly_top3,2.0,2024-10,-0.09933528041400635
sp500_dual_ma50_200_weekly_top3,2.0,2024-11,0.2576147581916916
sp500_dual_ma50_200_weekly_top3,2.0,2024-12,-0.020943875769045453
sp500_dual_ma50_200_weekly_top3,2.0,2025-01,0.04524065979633285
sp500_dual_ma50_200_weekly_top3,2.0,2025-02,0.017300525099059827
sp500_dual_ma50_200_weekly_top3,2.0,2025-03,-0.13270328905189416
sp500_dual_ma50_200_weekly_top3,2.0,2025-04,0.1511603535881631
sp500_dual_ma50_200_weekly_top3,2.0,2025-05,0.1355977933369451
sp500_dual_ma50_200_weekly_top3,2.0,2025-06,0.09008256952199038
sp500_dual_ma50_200_weekly_top3,2.0,2025-07,0.04836116839555162
sp500_dual_ma50_200_weekly_top3,2.0,2025-08,-0.06820660167733385
sp500_dual_ma50_200_weekly_top3,2.0,2025-09,0.13429745048914593
sp500_dual_ma50_200_weekly_top3,2.0,2025-10,0.11067235979056356
sp500_dual_ma50_200_weekly_top3,2.0,2025-11,0.03226614771717301
sp500_dual_ma50_200_weekly_top3,2.0,2025-12,0.14756424395371684
sp500_dual_ma50_200_weekly_top3,2.0,2026-01,0.45141207181151977
sp500_dual_ma50_200_weekly_top3,2.0,2026-02,0.0927100131427148
sp500_dual_ma50_200_weekly_top3,2.0,2026-03,0.02805257539995737
sp500_dual_ma50_200_weekly_top3,2.0,2026-04,0.41230027698852356
sp500_dual_ma50_200_weekly_top3,5.0,2021-05,0.0
sp500_dual_ma50_200_weekly_top3,5.0,2021-06,0.0
sp500_dual_ma50_200_weekly_top3,5.0,2021-07,0.0
sp500_dual_ma50_200_weekly_top3,5.0,2021-08,0.0
sp500_dual_ma50_200_weekly_top3,5.0,2021-09,0.0
sp500_dual_ma50_200_weekly_top3,5.0,2021-10,0.0
sp500_dual_ma50_200_weekly_top3,5.0,2021-11,0.0
sp500_dual_ma50_200_weekly_top3,5.0,2021-12,0.0
sp500_dual_ma50_200_weekly_top3,5.0,2022-01,0.0
sp500_dual_ma50_200_weekly_top3,5.0,2022-02,0.07902565892381949
sp500_dual_ma50_200_weekly_top3,5.0,2022-03,0.08438903387190295
sp500_dual_ma50_200_weekly_top3,5.0,2022-04,-0.07359225306971846
sp500_dual_ma50_200_weekly_top3,5.0,2022-05,0.21094750979282473
sp500_dual_ma50_200_weekly_top3,5.0,2022-06,-0.23721806854651015
sp500_dual_ma50_200_weekly_top3,5.0,2022-07,0.0642718430212786
sp500_dual_ma50_200_weekly_top3,5.0,2022-08,0.0006353303861669941
sp500_dual_ma50_200_weekly_top3,5.0,2022-09,-0.06667052994303838
sp500_dual_ma50_200_weekly_top3,5.0,2022-10,0.13594756679617526
sp500_dual_ma50_200_weekly_top3,5.0,2022-11,0.12671635061227196
sp500_dual_ma50_200_weekly_top3,5.0,2022-12,-0.08533448518248925
sp500_dual_ma50_200_weekly_top3,5.0,2023-01,-0.02140959593490007
sp500_dual_ma50_200_weekly_top3,5.0,2023-02,0.01984808588394194
sp500_dual_ma50_200_weekly_top3,5.0,2023-03,-0.017464963936361606
sp500_dual_ma50_200_weekly_top3,5.0,2023-04,0.019508974551577817
sp500_dual_ma50_200_weekly_top3,5.0,2023-05,0.032844723500193976
sp500_dual_ma50_200_weekly_top3,5.0,2023-06,0.10031745761374566
sp500_dual_ma50_200_weekly_top3,5.0,2023-07,0.0707391240979038
sp500_dual_ma50_200_weekly_top3,5.0,2023-08,-0.0028496797605886692
sp500_dual_ma50_200_weekly_top3,5.0,2023-09,-0.062235078790871236
sp500_dual_ma50_200_weekly_top3,5.0,2023-10,0.013277296013505436
sp500_dual_ma50_200_weekly_top3,5.0,2023-11,0.11127134808319797
sp500_dual_ma50_200_weekly_top3,5.0,2023-12,0.014246899713174721
sp500_dual_ma50_200_weekly_top3,5.0,2024-01,0.10821414555385363
sp500_dual_ma50_200_weekly_top3,5.0,2024-02,0.13201037622941103
sp500_dual_ma50_200_weekly_top3,5.0,2024-03,0.010101920867128597
sp500_dual_ma50_200_weekly_top3,5.0,2024-04,-0.11133552147088727
sp500_dual_ma50_200_weekly_top3,5.0,2024-05,0.1297368592498747
sp500_dual_ma50_200_weekly_top3,5.0,2024-06,-0.02300119102817961
sp500_dual_ma50_200_weekly_top3,5.0,2024-07,-0.037941967415093765
sp500_dual_ma50_200_weekly_top3,5.0,2024-08,-0.11395063984780379
sp500_dual_ma50_200_weekly_top3,5.0,2024-09,0.019691222760976037
sp500_dual_ma50_200_weekly_top3,5.0,2024-10,-0.10013528041400635
sp500_dual_ma50_200_weekly_top3,5.0,2024-11,0.25701475819169156
sp500_dual_ma50_200_weekly_top3,5.0,2024-12,-0.021743875769045462
sp500_dual_ma50_200_weekly_top3,5.0,2025-01,0.04524065979633285
sp500_dual_ma50_200_weekly_top3,5.0,2025-02,0.016900525099059815
sp500_dual_ma50_200_weekly_top3,5.0,2025-03,-0.13310328905189417
sp500_dual_ma50_200_weekly_top3,5.0,2025-04,0.1505603535881631
sp500_dual_ma50_200_weekly_top3,5.0,2025-05,0.1347977933369451
sp500_dual_ma50_200_weekly_top3,5.0,2025-06,0.08868256952199038
sp500_dual_ma50_200_weekly_top3,5.0,2025-07,0.04816116839555162
sp500_dual_ma50_200_weekly_top3,5.0,2025-08,-0.06900660167733384
sp500_dual_ma50_200_weekly_top3,5.0,2025-09,0.13329745048914593
sp500_dual_ma50_200_weekly_top3,5.0,2025-10,0.11007235979056357
sp500_dual_ma50_200_weekly_top3,5.0,2025-11,0.031866147717173
sp500_dual_ma50_200_weekly_top3,5.0,2025-12,0.14676424395371682
sp500_dual_ma50_200_weekly_top3,5.0,2026-01,0.4512120718115198
sp500_dual_ma50_200_weekly_top3,5.0,2026-02,0.09251001314271481
sp500_dual_ma50_200_weekly_top3,5.0,2026-03,0.027852575399957377
sp500_dual_ma50_200_weekly_top3,5.0,2026-04,0.41210027698852353
sp500_dual_ma50_200_weekly_top3,10.0,2021-05,0.0
sp500_dual_ma50_200_weekly_top3,10.0,2021-06,0.0
sp500_dual_ma50_200_weekly_top3,10.0,2021-07,0.0
sp500_dual_ma50_200_weekly_top3,10.0,2021-08,0.0
sp500_dual_ma50_200_weekly_top3,10.0,2021-09,0.0
sp500_dual_ma50_200_weekly_top3,10.0,2021-10,0.0
sp500_dual_ma50_200_weekly_top3,10.0,2021-11,0.0
sp500_dual_ma50_200_weekly_top3,10.0,2021-12,0.0
sp500_dual_ma50_200_weekly_top3,10.0,2022-01,0.0
sp500_dual_ma50_200_weekly_top3,10.0,2022-02,0.07852565892381949
sp500_dual_ma50_200_weekly_top3,10.0,2022-03,0.08438903387190295
sp500_dual_ma50_200_weekly_top3,10.0,2022-04,-0.0749255864030518
sp500_dual_ma50_200_weekly_top3,10.0,2022-05,0.20894750979282473
sp500_dual_ma50_200_weekly_top3,10.0,2022-06,-0.2388847352131768
sp500_dual_ma50_200_weekly_top3,10.0,2022-07,0.06393850968794526
sp500_dual_ma50_200_weekly_top3,10.0,2022-08,-0.0010313362804996833
sp500_dual_ma50_200_weekly_top3,10.0,2022-09,-0.06733719660970504
sp500_dual_ma50_200_weekly_top3,10.0,2022-10,0.1346142334628419
sp500_dual_ma50_200_weekly_top3,10.0,2022-11,0.12471635061227196
sp500_dual_ma50_200_weekly_top3,10.0,2022-12,-0.08633448518248925
sp500_dual_ma50_200_weekly_top3,10.0,2023-01,-0.022742929268233403
sp500_dual_ma50_200_weekly_top3,10.0,2023-02,0.018181419217275275
sp500_dual_ma50_200_weekly_top3,10.0,2023-03,-0.01846496393636162
sp500_dual_ma50_200_weekly_top3,10.0,2023-04,0.018508974551577823
sp500_dual_ma50_200_weekly_top3,10.0,2023-05,0.031844723500193975
sp500_dual_ma50_200_weekly_top3,10.0,2023-06,0.09931745761374566
sp500_dual_ma50_200_weekly_top3,10.0,2023-07,0.07007245743123713
sp500_dual_ma50_200_weekly_top3,10.0,2023-08,-0.003516346427255332
sp500_dual_ma50_200_weekly_top3,10.0,2023-09,-0.062235078790871236
sp500_dual_ma50_200_weekly_top3,10.0,2023-10,0.012277296013505435
sp500_dual_ma50_200_weekly_top3,10.0,2023-11,0.11127134808319797
sp500_dual_ma50_200_weekly_top3,10.0,2023-12,0.01324689971317472
sp500_dual_ma50_200_weekly_top3,10.0,2024-01,0.10554747888718696
sp500_dual_ma50_200_weekly_top3,10.0,2024-02,0.13034370956274435
sp500_dual_ma50_200_weekly_top3,10.0,2024-03,0.008435254200461933
sp500_dual_ma50_200_weekly_top3,10.0,2024-04,-0.11200218813755394
sp500_dual_ma50_200_weekly_top3,10.0,2024-05,0.12840352591654136
sp500_dual_ma50_200_weekly_top3,10.0,2024-06,-0.02333452436151294
sp500_dual_ma50_200_weekly_top3,10.0,2024-07,-0.03894196741509376
sp500_dual_ma50_200_weekly_top3,10.0,2024-08,-0.11395063984780379
sp500_dual_ma50_200_weekly_top3,10.0,2024-09,0.018024556094309363
sp500_dual_ma50_200_weekly_top3,10.0,2024-10,-0.10146861374733969
sp500_dual_ma50_200_weekly_top3,10.0,2024-11,0.25601475819169156
sp500_dual_ma50_200_weekly_top3,10.0,2024-12,-0.023077209102378787
sp500_dual_ma50_200_weekly_top3,10.0,2025-01,0.04524065979633285
sp500_dual_ma50_200_weekly_top3,10.0,2025-02,0.016233858432393167
sp500_dual_ma50_200_weekly_top3,10.0,2025-03,-0.13376995571856085
sp500_dual_ma50_200_weekly_top3,10.0,2025-04,0.1495603535881631
sp500_dual_ma50_200_weekly_top3,10.0,2025-05,0.13346446000361178
sp500_dual_ma50_200_weekly_top3,10.0,2025-06,0.08634923618865706
sp500_dual_ma50_200_weekly_top3,10.0,2025-07,0.04782783506221829
sp500_dual_ma50_200_weekly_top3,10.0,2025-08,-0.07033993501066717
sp500_dual_ma50_200_weekly_top3,10.0,2025-09,0.13163078382247928
sp500_dual_ma50_200_weekly_top3,10.0,2025-10,0.10907235979056357
sp500_dual_ma50_200_weekly_top3,10.0,2025-11,0.03119948105050634
sp500_dual_ma50_200_weekly_top3,10.0,2025-12,0.14543091062038346
sp500_dual_ma50_200_weekly_top3,10.0,2026-01,0.4508787384781865
sp500_dual_ma50_200_weekly_top3,10.0,2026-02,0.09217667980938148
sp500_dual_ma50_200_weekly_top3,10.0,2026-03,0.027519242066624025
sp500_dual_ma50_200_weekly_top3,10.0,2026-04,0.41176694365519023
sp500_triple_ma10_50_200_monthly_top1,0.0,2021-05,0.0
sp500_triple_ma10_50_200_monthly_top1,0.0,2021-06,0.0
sp500_triple_ma10_50_200_monthly_top1,0.0,2021-07,0.0
sp500_triple_ma10_50_200_monthly_top1,0.0,2021-08,0.0
sp500_triple_ma10_50_200_monthly_top1,0.0,2021-09,0.0
sp500_triple_ma10_50_200_monthly_top1,0.0,2021-10,0.0
sp500_triple_ma10_50_200_monthly_top1,0.0,2021-11,0.0
sp500_triple_ma10_50_200_monthly_top1,0.0,2021-12,0.0
sp500_triple_ma10_50_200_monthly_top1,0.0,2022-01,0.0
sp500_triple_ma10_50_200_monthly_top1,0.0,2022-02,0.0
sp500_triple_ma10_50_200_monthly_top1,0.0,2022-03,0.008766715621127297
sp500_triple_ma10_50_200_monthly_top1,0.0,2022-04,-0.023213314236403715
sp500_triple_ma10_50_200_monthly_top1,0.0,2022-05,0.1928029898480338
sp500_triple_ma10_50_200_monthly_top1,0.0,2022-06,-0.1426963846200514
sp500_triple_ma10_50_200_monthly_top1,0.0,2022-07,-0.007580571267455816
sp500_triple_ma10_50_200_monthly_top1,0.0,2022-08,0.08415047288613853
sp500_triple_ma10_50_200_monthly_top1,0.0,2022-09,0.006192500346615559
sp500_triple_ma10_50_200_monthly_top1,0.0,2022-10,0.14136024141649128
sp500_triple_ma10_50_200_monthly_top1,0.0,2022-11,0.06199884371090403
sp500_triple_ma10_50_200_monthly_top1,0.0,2022-12,-0.164515712494114
sp500_triple_ma10_50_200_monthly_top1,0.0,2023-01,0.11266467394303836
sp500_triple_ma10_50_200_monthly_top1,0.0,2023-02,-0.1232779679998276
sp500_triple_ma10_50_200_monthly_top1,0.0,2023-03,-0.09898837797773286
sp500_triple_ma10_50_200_monthly_top1,0.0,2023-04,0.012159459479441304
sp500_triple_ma10_50_200_monthly_top1,0.0,2023-05,0.36511908202581256
sp500_triple_ma10_50_200_monthly_top1,0.0,2023-06,0.07410471340021052
sp500_triple_ma10_50_200_monthly_top1,0.0,2023-07,0.10879965826057236
sp500_triple_ma10_50_200_monthly_top1,0.0,2023-08,-0.04218646916609692
sp500_triple_ma10_50_200_monthly_top1,0.0,2023-09,-0.10386868153286788
sp500_triple_ma10_50_200_monthly_top1,0.0,2023-10,0.06018951757650892
sp500_triple_ma10_50_200_monthly_top1,0.0,2023-11,0.06774296246051237
sp500_triple_ma10_50_200_monthly_top1,0.0,2023-12,0.021686587643719113
sp500_triple_ma10_50_200_monthly_top1,0.0,2024-01,0.07238189458194966
sp500_triple_ma10_50_200_monthly_top1,0.0,2024-02,0.01255537113495675
sp500_triple_ma10_50_200_monthly_top1,0.0,2024-03,0.028541516980887915
sp500_triple_ma10_50_200_monthly_top1,0.0,2024-04,-0.2271894568559084
sp500_triple_ma10_50_200_monthly_top1,0.0,2024-05,0.09817898229390565
sp500_triple_ma10_50_200_monthly_top1,0.0,2024-06,0.08726699889344658
sp500_triple_ma10_50_200_monthly_top1,0.0,2024-07,-0.12994965564898897
sp500_triple_ma10_50_200_monthly_top1,0.0,2024-08,-0.03473766328108763
sp500_triple_ma10_50_200_monthly_top1,0.0,2024-09,0.08311410182472223
sp500_triple_ma10_50_200_monthly_top1,0.0,2024-10,-0.17766965121334755
sp500_triple_ma10_50_200_monthly_top1,0.0,2024-11,0.5236738787218729
sp500_triple_ma10_50_200_monthly_top1,0.0,2024-12,0.14575777611597052
sp500_triple_ma10_50_200_monthly_top1,0.0,2025-01,0.06504543384256789
sp500_triple_ma10_50_200_monthly_top1,0.0,2025-02,0.18420636985964023
sp500_triple_ma10_50_200_monthly_top1,0.0,2025-03,-0.01828990620718407
sp500_triple_ma10_50_200_monthly_top1,0.0,2025-04,-0.050694990792936045
sp500_triple_ma10_50_200_monthly_top1,0.0,2025-05,0.09943645531536238
sp500_triple_ma10_50_200_monthly_top1,0.0,2025-06,0.03479339042125973
sp500_triple_ma10_50_200_monthly_top1,0.0,2025-07,0.14105772764045388
sp500_triple_ma10_50_200_monthly_top1,0.0,2025-08,-0.12270316137778525
sp500_triple_ma10_50_200_monthly_top1,0.0,2025-09,0.17143291436922237
sp500_triple_ma10_50_200_monthly_top1,0.0,2025-10,0.12923277151607027
sp500_triple_ma10_50_200_monthly_top1,0.0,2025-11,0.09221596343224403
sp500_triple_ma10_50_200_monthly_top1,0.0,2025-12,0.1953390001850942
sp500_triple_ma10_50_200_monthly_top1,0.0,2026-01,0.9580115918555997
sp500_triple_ma10_50_200_monthly_top1,0.0,2026-02,0.09461148204621084
sp500_triple_ma10_50_200_monthly_top1,0.0,2026-03,0.10317090045490906
sp500_triple_ma10_50_200_monthly_top1,0.0,2026-04,0.5458514917435942
sp500_triple_ma10_50_200_monthly_top1,1.0,2021-05,0.0
sp500_triple_ma10_50_200_monthly_top1,1.0,2021-06,0.0
sp500_triple_ma10_50_200_monthly_top1,1.0,2021-07,0.0
sp500_triple_ma10_50_200_monthly_top1,1.0,2021-08,0.0
sp500_triple_ma10_50_200_monthly_top1,1.0,2021-09,0.0
sp500_triple_ma10_50_200_monthly_top1,1.0,2021-10,0.0
sp500_triple_ma10_50_200_monthly_top1,1.0,2021-11,0.0
sp500_triple_ma10_50_200_monthly_top1,1.0,2021-12,0.0
sp500_triple_ma10_50_200_monthly_top1,1.0,2022-01,0.0
sp500_triple_ma10_50_200_monthly_top1,1.0,2022-02,0.0
sp500_triple_ma10_50_200_monthly_top1,1.0,2022-03,0.008666715621127294
sp500_triple_ma10_50_200_monthly_top1,1.0,2022-04,-0.023213314236403715
sp500_triple_ma10_50_200_monthly_top1,1.0,2022-05,0.19260298984803378
sp500_triple_ma10_50_200_monthly_top1,1.0,2022-06,-0.14289638462005141
sp500_triple_ma10_50_200_monthly_top1,1.0,2022-07,-0.0077805712674558145
sp500_triple_ma10_50_200_monthly_top1,1.0,2022-08,0.08395047288613852
sp500_triple_ma10_50_200_monthly_top1,1.0,2022-09,0.0059925003466155535
sp500_triple_ma10_50_200_monthly_top1,1.0,2022-10,0.14136024141649128
sp500_triple_ma10_50_200_monthly_top1,1.0,2022-11,0.06179884371090403
sp500_triple_ma10_50_200_monthly_top1,1.0,2022-12,-0.164715712494114
sp500_triple_ma10_50_200_monthly_top1,1.0,2023-01,0.11246467394303836
sp500_triple_ma10_50_200_monthly_top1,1.0,2023-02,-0.1232779679998276
sp500_triple_ma10_50_200_monthly_top1,1.0,2023-03,-0.09918837797773286
sp500_triple_ma10_50_200_monthly_top1,1.0,2023-04,0.011959459479441305
sp500_triple_ma10_50_200_monthly_top1,1.0,2023-05,0.3649190820258126
sp500_triple_ma10_50_200_monthly_top1,1.0,2023-06,0.07390471340021051
sp500_triple_ma10_50_200_monthly_top1,1.0,2023-07,0.10879965826057236
sp500_triple_ma10_50_200_monthly_top1,1.0,2023-08,-0.04238646916609692
sp500_triple_ma10_50_200_monthly_top1,1.0,2023-09,-0.10406868153286788
sp500_triple_ma10_50_200_monthly_top1,1.0,2023-10,0.05998951757650892
sp500_triple_ma10_50_200_monthly_top1,1.0,2023-11,0.06774296246051237
sp500_triple_ma10_50_200_monthly_top1,1.0,2023-12,0.021486587643719114
sp500_triple_ma10_50_200_monthly_top1,1.0,2024-01,0.07238189458194966
sp500_triple_ma10_50_200_monthly_top1,1.0,2024-02,0.012355371134956751
sp500_triple_ma10_50_200_monthly_top1,1.0,2024-03,0.028341516980887917
sp500_triple_ma10_50_200_monthly_top1,1.0,2024-04,-0.22738945685590842
sp500_triple_ma10_50_200_monthly_top1,1.0,2024-05,0.09797898229390564
sp500_triple_ma10_50_200_monthly_top1,1.0,2024-06,0.08706699889344657
sp500_triple_ma10_50_200_monthly_top1,1.0,2024-07,-0.13014965564898898
sp500_triple_ma10_50_200_monthly_top1,1.0,2024-08,-0.034937663281087626
sp500_triple_ma10_50_200_monthly_top1,1.0,2024-09,0.08291410182472223
sp500_triple_ma10_50_200_monthly_top1,1.0,2024-10,-0.17786965121334755
sp500_triple_ma10_50_200_monthly_top1,1.0,2024-11,0.5234738787218729
sp500_triple_ma10_50_200_monthly_top1,1.0,2024-12,0.14575777611597052
sp500_triple_ma10_50_200_monthly_top1,1.0,2025-01,0.06504543384256789
sp500_triple_ma10_50_200_monthly_top1,1.0,2025-02,0.18420636985964023
sp500_triple_ma10_50_200_monthly_top1,1.0,2025-03,-0.01828990620718407
sp500_triple_ma10_50_200_monthly_top1,1.0,2025-04,-0.05089499079293605
sp500_triple_ma10_50_200_monthly_top1,1.0,2025-05,0.09923645531536238
sp500_triple_ma10_50_200_monthly_top1,1.0,2025-06,0.03479339042125973
sp500_triple_ma10_50_200_monthly_top1,1.0,2025-07,0.14105772764045388
sp500_triple_ma10_50_200_monthly_top1,1.0,2025-08,-0.12290316137778526
sp500_triple_ma10_50_200_monthly_top1,1.0,2025-09,0.17123291436922236
sp500_triple_ma10_50_200_monthly_top1,1.0,2025-10,0.12923277151607027
sp500_triple_ma10_50_200_monthly_top1,1.0,2025-11,0.09201596343224402
sp500_triple_ma10_50_200_monthly_top1,1.0,2025-12,0.1951390001850942
sp500_triple_ma10_50_200_monthly_top1,1.0,2026-01,0.9580115918555997
sp500_triple_ma10_50_200_monthly_top1,1.0,2026-02,0.09461148204621084
sp500_triple_ma10_50_200_monthly_top1,1.0,2026-03,0.10317090045490906
sp500_triple_ma10_50_200_monthly_top1,1.0,2026-04,0.5458514917435942
sp500_triple_ma10_50_200_monthly_top1,2.0,2021-05,0.0
sp500_triple_ma10_50_200_monthly_top1,2.0,2021-06,0.0
sp500_triple_ma10_50_200_monthly_top1,2.0,2021-07,0.0
sp500_triple_ma10_50_200_monthly_top1,2.0,2021-08,0.0
sp500_triple_ma10_50_200_monthly_top1,2.0,2021-09,0.0
sp500_triple_ma10_50_200_monthly_top1,2.0,2021-10,0.0
sp500_triple_ma10_50_200_monthly_top1,2.0,2021-11,0.0
sp500_triple_ma10_50_200_monthly_top1,2.0,2021-12,0.0
sp500_triple_ma10_50_200_monthly_top1,2.0,2022-01,0.0
sp500_triple_ma10_50_200_monthly_top1,2.0,2022-02,0.0
sp500_triple_ma10_50_200_monthly_top1,2.0,2022-03,0.008566715621127291
sp500_triple_ma10_50_200_monthly_top1,2.0,2022-04,-0.023213314236403715
sp500_triple_ma10_50_200_monthly_top1,2.0,2022-05,0.19240298984803378
sp500_triple_ma10_50_200_monthly_top1,2.0,2022-06,-0.14309638462005142
sp500_triple_ma10_50_200_monthly_top1,2.0,2022-07,-0.007980571267455813
sp500_triple_ma10_50_200_monthly_top1,2.0,2022-08,0.08375047288613853
sp500_triple_ma10_50_200_monthly_top1,2.0,2022-09,0.005792500346615562
sp500_triple_ma10_50_200_monthly_top1,2.0,2022-10,0.14136024141649128
sp500_triple_ma10_50_200_monthly_top1,2.0,2022-11,0.06159884371090403
sp500_triple_ma10_50_200_monthly_top1,2.0,2022-12,-0.16491571249411402
sp500_triple_ma10_50_200_monthly_top1,2.0,2023-01,0.11226467394303837
sp500_triple_ma10_50_200_monthly_top1,2.0,2023-02,-0.1232779679998276
sp500_triple_ma10_50_200_monthly_top1,2.0,2023-03,-0.09938837797773285
sp500_triple_ma10_50_200_monthly_top1,2.0,2023-04,0.011759459479441306
sp500_triple_ma10_50_200_monthly_top1,2.0,2023-05,0.36471908202581255
sp500_triple_ma10_50_200_monthly_top1,2.0,2023-06,0.07370471340021052
sp500_triple_ma10_50_200_monthly_top1,2.0,2023-07,0.10879965826057236
sp500_triple_ma10_50_200_monthly_top1,2.0,2023-08,-0.042586469166096916
sp500_triple_ma10_50_200_monthly_top1,2.0,2023-09,-0.10426868153286788
sp500_triple_ma10_50_200_monthly_top1,2.0,2023-10,0.059789517576508924
sp500_triple_ma10_50_200_monthly_top1,2.0,2023-11,0.06774296246051237
sp500_triple_ma10_50_200_monthly_top1,2.0,2023-12,0.021286587643719112
sp500_triple_ma10_50_200_monthly_top1,2.0,2024-01,0.07238189458194966
sp500_triple_ma10_50_200_monthly_top1,2.0,2024-02,0.012155371134956752
sp500_triple_ma10_50_200_monthly_top1,2.0,2024-03,0.028141516980887918
sp500_triple_ma10_50_200_monthly_top1,2.0,2024-04,-0.22758945685590842
sp500_triple_ma10_50_200_monthly_top1,2.0,2024-05,0.09777898229390565
sp500_triple_ma10_50_200_monthly_top1,2.0,2024-06,0.08686699889344658
sp500_triple_ma10_50_200_monthly_top1,2.0,2024-07,-0.13034965564898898
sp500_triple_ma10_50_200_monthly_top1,2.0,2024-08,-0.035137663281087625
sp500_triple_ma10_50_200_monthly_top1,2.0,2024-09,0.08271410182472223
sp500_triple_ma10_50_200_monthly_top1,2.0,2024-10,-0.17806965121334756
sp500_triple_ma10_50_200_monthly_top1,2.0,2024-11,0.5232738787218729
sp500_triple_ma10_50_200_monthly_top1,2.0,2024-12,0.14575777611597052
sp500_triple_ma10_50_200_monthly_top1,2.0,2025-01,0.06504543384256789
sp500_triple_ma10_50_200_monthly_top1,2.0,2025-02,0.18420636985964023
sp500_triple_ma10_50_200_monthly_top1,2.0,2025-03,-0.01828990620718407
sp500_triple_ma10_50_200_monthly_top1,2.0,2025-04,-0.05109499079293604
sp500_triple_ma10_50_200_monthly_top1,2.0,2025-05,0.09903645531536238
sp500_triple_ma10_50_200_monthly_top1,2.0,2025-06,0.03479339042125973
sp500_triple_ma10_50_200_monthly_top1,2.0,2025-07,0.14105772764045388
sp500_triple_ma10_50_200_monthly_top1,2.0,2025-08,-0.12310316137778525
sp500_triple_ma10_50_200_monthly_top1,2.0,2025-09,0.17103291436922236
sp500_triple_ma10_50_200_monthly_top1,2.0,2025-10,0.12923277151607027
sp500_triple_ma10_50_200_monthly_top1,2.0,2025-11,0.09181596343224403
sp500_triple_ma10_50_200_monthly_top1,2.0,2025-12,0.1949390001850942
sp500_triple_ma10_50_200_monthly_top1,2.0,2026-01,0.9580115918555997
sp500_triple_ma10_50_200_monthly_top1,2.0,2026-02,0.09461148204621084
sp500_triple_ma10_50_200_monthly_top1,2.0,2026-03,0.10317090045490906
sp500_triple_ma10_50_200_monthly_top1,2.0,2026-04,0.5458514917435942
sp500_triple_ma10_50_200_monthly_top1,5.0,2021-05,0.0
sp500_triple_ma10_50_200_monthly_top1,5.0,2021-06,0.0
sp500_triple_ma10_50_200_monthly_top1,5.0,2021-07,0.0
sp500_triple_ma10_50_200_monthly_top1,5.0,2021-08,0.0
sp500_triple_ma10_50_200_monthly_top1,5.0,2021-09,0.0
sp500_triple_ma10_50_200_monthly_top1,5.0,2021-10,0.0
sp500_triple_ma10_50_200_monthly_top1,5.0,2021-11,0.0
sp500_triple_ma10_50_200_monthly_top1,5.0,2021-12,0.0
sp500_triple_ma10_50_200_monthly_top1,5.0,2022-01,0.0
sp500_triple_ma10_50_200_monthly_top1,5.0,2022-02,0.0
sp500_triple_ma10_50_200_monthly_top1,5.0,2022-03,0.008266715621127296
sp500_triple_ma10_50_200_monthly_top1,5.0,2022-04,-0.023213314236403715
sp500_triple_ma10_50_200_monthly_top1,5.0,2022-05,0.1918029898480338
sp500_triple_ma10_50_200_monthly_top1,5.0,2022-06,-0.1436963846200514
sp500_triple_ma10_50_200_monthly_top1,5.0,2022-07,-0.008580571267455817
sp500_triple_ma10_50_200_monthly_top1,5.0,2022-08,0.08315047288613853
sp500_triple_ma10_50_200_monthly_top1,5.0,2022-09,0.005192500346615558
sp500_triple_ma10_50_200_monthly_top1,5.0,2022-10,0.14136024141649128
sp500_triple_ma10_50_200_monthly_top1,5.0,2022-11,0.06099884371090403
sp500_triple_ma10_50_200_monthly_top1,5.0,2022-12,-0.165515712494114
sp500_triple_ma10_50_200_monthly_top1,5.0,2023-01,0.11166467394303836
sp500_triple_ma10_50_200_monthly_top1,5.0,2023-02,-0.1232779679998276
sp500_triple_ma10_50_200_monthly_top1,5.0,2023-03,-0.09998837797773286
sp500_triple_ma10_50_200_monthly_top1,5.0,2023-04,0.011159459479441303
sp500_triple_ma10_50_200_monthly_top1,5.0,2023-05,0.36411908202581256
sp500_triple_ma10_50_200_monthly_top1,5.0,2023-06,0.07310471340021052
sp500_triple_ma10_50_200_monthly_top1,5.0,2023-07,0.10879965826057236
sp500_triple_ma10_50_200_monthly_top1,5.0,2023-08,-0.04318646916609692
sp500_triple_ma10_50_200_monthly_top1,5.0,2023-09,-0.10486868153286788
sp500_triple_ma10_50_200_monthly_top1,5.0,2023-10,0.05918951757650892
sp500_triple_ma10_50_200_monthly_top1,5.0,2023-11,0.06774296246051237
sp500_triple_ma10_50_200_monthly_top1,5.0,2023-12,0.020686587643719112
sp500_triple_ma10_50_200_monthly_top1,5.0,2024-01,0.07238189458194966
sp500_triple_ma10_50_200_monthly_top1,5.0,2024-02,0.011555371134956749
sp500_triple_ma10_50_200_monthly_top1,5.0,2024-03,0.027541516980887915
sp500_triple_ma10_50_200_monthly_top1,5.0,2024-04,-0.2281894568559084
sp500_triple_ma10_50_200_monthly_top1,5.0,2024-05,0.09717898229390565
sp500_triple_ma10_50_200_monthly_top1,5.0,2024-06,0.08626699889344658
sp500_triple_ma10_50_200_monthly_top1,5.0,2024-07,-0.13094965564898897
sp500_triple_ma10_50_200_monthly_top1,5.0,2024-08,-0.03573766328108763
sp500_triple_ma10_50_200_monthly_top1,5.0,2024-09,0.08211410182472223
sp500_triple_ma10_50_200_monthly_top1,5.0,2024-10,-0.17866965121334755
sp500_triple_ma10_50_200_monthly_top1,5.0,2024-11,0.5226738787218729
sp500_triple_ma10_50_200_monthly_top1,5.0,2024-12,0.14575777611597052
sp500_triple_ma10_50_200_monthly_top1,5.0,2025-01,0.06504543384256789
sp500_triple_ma10_50_200_monthly_top1,5.0,2025-02,0.18420636985964023
sp500_triple_ma10_50_200_monthly_top1,5.0,2025-03,-0.01828990620718407
sp500_triple_ma10_50_200_monthly_top1,5.0,2025-04,-0.051694990792936046
sp500_triple_ma10_50_200_monthly_top1,5.0,2025-05,0.09843645531536238
sp500_triple_ma10_50_200_monthly_top1,5.0,2025-06,0.03479339042125973
sp500_triple_ma10_50_200_monthly_top1,5.0,2025-07,0.14105772764045388
sp500_triple_ma10_50_200_monthly_top1,5.0,2025-08,-0.12370316137778525
sp500_triple_ma10_50_200_monthly_top1,5.0,2025-09,0.17043291436922237
sp500_triple_ma10_50_200_monthly_top1,5.0,2025-10,0.12923277151607027
sp500_triple_ma10_50_200_monthly_top1,5.0,2025-11,0.09121596343224403
sp500_triple_ma10_50_200_monthly_top1,5.0,2025-12,0.1943390001850942
sp500_triple_ma10_50_200_monthly_top1,5.0,2026-01,0.9580115918555997
sp500_triple_ma10_50_200_monthly_top1,5.0,2026-02,0.09461148204621084
sp500_triple_ma10_50_200_monthly_top1,5.0,2026-03,0.10317090045490906
sp500_triple_ma10_50_200_monthly_top1,5.0,2026-04,0.5458514917435942
sp500_triple_ma10_50_200_monthly_top1,10.0,2021-05,0.0
sp500_triple_ma10_50_200_monthly_top1,10.0,2021-06,0.0
sp500_triple_ma10_50_200_monthly_top1,10.0,2021-07,0.0
sp500_triple_ma10_50_200_monthly_top1,10.0,2021-08,0.0
sp500_triple_ma10_50_200_monthly_top1,10.0,2021-09,0.0
sp500_triple_ma10_50_200_monthly_top1,10.0,2021-10,0.0
sp500_triple_ma10_50_200_monthly_top1,10.0,2021-11,0.0
sp500_triple_ma10_50_200_monthly_top1,10.0,2021-12,0.0
sp500_triple_ma10_50_200_monthly_top1,10.0,2022-01,0.0
sp500_triple_ma10_50_200_monthly_top1,10.0,2022-02,0.0
sp500_triple_ma10_50_200_monthly_top1,10.0,2022-03,0.007766715621127296
sp500_triple_ma10_50_200_monthly_top1,10.0,2022-04,-0.023213314236403715
sp500_triple_ma10_50_200_monthly_top1,10.0,2022-05,0.1908029898480338
sp500_triple_ma10_50_200_monthly_top1,10.0,2022-06,-0.1446963846200514
sp500_triple_ma10_50_200_monthly_top1,10.0,2022-07,-0.009580571267455817
sp500_triple_ma10_50_200_monthly_top1,10.0,2022-08,0.08215047288613853
sp500_triple_ma10_50_200_monthly_top1,10.0,2022-09,0.0041925003466155575
sp500_triple_ma10_50_200_monthly_top1,10.0,2022-10,0.14136024141649128
sp500_triple_ma10_50_200_monthly_top1,10.0,2022-11,0.059998843710904026
sp500_triple_ma10_50_200_monthly_top1,10.0,2022-12,-0.166515712494114
sp500_triple_ma10_50_200_monthly_top1,10.0,2023-01,0.11066467394303836
sp500_triple_ma10_50_200_monthly_top1,10.0,2023-02,-0.1232779679998276
sp500_triple_ma10_50_200_monthly_top1,10.0,2023-03,-0.10098837797773286
sp500_triple_ma10_50_200_monthly_top1,10.0,2023-04,0.010159459479441302
sp500_triple_ma10_50_200_monthly_top1,10.0,2023-05,0.36311908202581256
sp500_triple_ma10_50_200_monthly_top1,10.0,2023-06,0.07210471340021052
sp500_triple_ma10_50_200_monthly_top1,10.0,2023-07,0.10879965826057236
sp500_triple_ma10_50_200_monthly_top1,10.0,2023-08,-0.04418646916609692
sp500_triple_ma10_50_200_monthly_top1,10.0,2023-09,-0.10586868153286788
sp500_triple_ma10_50_200_monthly_top1,10.0,2023-10,0.05818951757650892
sp500_triple_ma10_50_200_monthly_top1,10.0,2023-11,0.06774296246051237
sp500_triple_ma10_50_200_monthly_top1,10.0,2023-12,0.01968658764371911
sp500_triple_ma10_50_200_monthly_top1,10.0,2024-01,0.07238189458194966
sp500_triple_ma10_50_200_monthly_top1,10.0,2024-02,0.010555371134956748
sp500_triple_ma10_50_200_monthly_top1,10.0,2024-03,0.026541516980887914
sp500_triple_ma10_50_200_monthly_top1,10.0,2024-04,-0.2291894568559084
sp500_triple_ma10_50_200_monthly_top1,10.0,2024-05,0.09617898229390565
sp500_triple_ma10_50_200_monthly_top1,10.0,2024-06,0.08526699889344658
sp500_triple_ma10_50_200_monthly_top1,10.0,2024-07,-0.13194965564898897
sp500_triple_ma10_50_200_monthly_top1,10.0,2024-08,-0.03673766328108763
sp500_triple_ma10_50_200_monthly_top1,10.0,2024-09,0.08111410182472223
sp500_triple_ma10_50_200_monthly_top1,10.0,2024-10,-0.17966965121334755
sp500_triple_ma10_50_200_monthly_top1,10.0,2024-11,0.5216738787218729
sp500_triple_ma10_50_200_monthly_top1,10.0,2024-12,0.14575777611597052
sp500_triple_ma10_50_200_monthly_top1,10.0,2025-01,0.06504543384256789
sp500_triple_ma10_50_200_monthly_top1,10.0,2025-02,0.18420636985964023
sp500_triple_ma10_50_200_monthly_top1,10.0,2025-03,-0.01828990620718407
sp500_triple_ma10_50_200_monthly_top1,10.0,2025-04,-0.05269499079293605
sp500_triple_ma10_50_200_monthly_top1,10.0,2025-05,0.09743645531536238
sp500_triple_ma10_50_200_monthly_top1,10.0,2025-06,0.03479339042125973
sp500_triple_ma10_50_200_monthly_top1,10.0,2025-07,0.14105772764045388
sp500_triple_ma10_50_200_monthly_top1,10.0,2025-08,-0.12470316137778525
sp500_triple_ma10_50_200_monthly_top1,10.0,2025-09,0.16943291436922236
sp500_triple_ma10_50_200_monthly_top1,10.0,2025-10,0.12923277151607027
sp500_triple_ma10_50_200_monthly_top1,10.0,2025-11,0.09021596343224403
sp500_triple_ma10_50_200_monthly_top1,10.0,2025-12,0.1933390001850942
sp500_triple_ma10_50_200_monthly_top1,10.0,2026-01,0.9580115918555997
sp500_triple_ma10_50_200_monthly_top1,10.0,2026-02,0.09461148204621084
sp500_triple_ma10_50_200_monthly_top1,10.0,2026-03,0.10317090045490906
sp500_triple_ma10_50_200_monthly_top1,10.0,2026-04,0.5458514917435942
sp500_triple_ma10_50_200_monthly_top10,0.0,2021-05,0.0
sp500_triple_ma10_50_200_monthly_top10,0.0,2021-06,0.0
sp500_triple_ma10_50_200_monthly_top10,0.0,2021-07,0.0
sp500_triple_ma10_50_200_monthly_top10,0.0,2021-08,0.0
sp500_triple_ma10_50_200_monthly_top10,0.0,2021-09,0.0
sp500_triple_ma10_50_200_monthly_top10,0.0,2021-10,0.0
sp500_triple_ma10_50_200_monthly_top10,0.0,2021-11,0.0
sp500_triple_ma10_50_200_monthly_top10,0.0,2021-12,0.0
sp500_triple_ma10_50_200_monthly_top10,0.0,2022-01,0.0
sp500_triple_ma10_50_200_monthly_top10,0.0,2022-02,0.0
sp500_triple_ma10_50_200_monthly_top10,0.0,2022-03,0.08328792385631932
sp500_triple_ma10_50_200_monthly_top10,0.0,2022-04,-0.04457217015017575
sp500_triple_ma10_50_200_monthly_top10,0.0,2022-05,0.133333396128636
sp500_triple_ma10_50_200_monthly_top10,0.0,2022-06,-0.18344827223145205
sp500_triple_ma10_50_200_monthly_top10,0.0,2022-07,-0.0033650313534658114
sp500_triple_ma10_50_200_monthly_top10,0.0,2022-08,0.003689869991412958
sp500_triple_ma10_50_200_monthly_top10,0.0,2022-09,-0.03815225328493838
sp500_triple_ma10_50_200_monthly_top10,0.0,2022-10,0.12044402789164134
sp500_triple_ma10_50_200_monthly_top10,0.0,2022-11,0.0312985058511974
sp500_triple_ma10_50_200_monthly_top10,0.0,2022-12,-0.066775688971219
sp500_triple_ma10_50_200_monthly_top10,0.0,2023-01,0.06190678642223221
sp500_triple_ma10_50_200_monthly_top10,0.0,2023-02,-0.03429357953440818
sp500_triple_ma10_50_200_monthly_top10,0.0,2023-03,-0.01885226042459512
sp500_triple_ma10_50_200_monthly_top10,0.0,2023-04,0.013139374364131342
sp500_triple_ma10_50_200_monthly_top10,0.0,2023-05,0.05069804359965537
sp500_triple_ma10_50_200_monthly_top10,0.0,2023-06,0.05909614401171662
sp500_triple_ma10_50_200_monthly_top10,0.0,2023-07,0.053731047268646547
sp500_triple_ma10_50_200_monthly_top10,0.0,2023-08,-0.03855472422718223
sp500_triple_ma10_50_200_monthly_top10,0.0,2023-09,-0.07902055625198882
sp500_triple_ma10_50_200_monthly_top10,0.0,2023-10,-0.032583740805155074
sp500_triple_ma10_50_200_monthly_top10,0.0,2023-11,0.020909018086771085
sp500_triple_ma10_50_200_monthly_top10,0.0,2023-12,0.03230462001599314
sp500_triple_ma10_50_200_monthly_top10,0.0,2024-01,0.05027422402193739
sp500_triple_ma10_50_200_monthly_top10,0.0,2024-02,0.006320318711110864
sp500_triple_ma10_50_200_monthly_top10,0.0,2024-03,0.03858814337825902
sp500_triple_ma10_50_200_monthly_top10,0.0,2024-04,-0.09046750792873375
sp500_triple_ma10_50_200_monthly_top10,0.0,2024-05,0.040824669065368406
sp500_triple_ma10_50_200_monthly_top10,0.0,2024-06,0.025633860794726716
sp500_triple_ma10_50_200_monthly_top10,0.0,2024-07,-0.14777855328702413
sp500_triple_ma10_50_200_monthly_top10,0.0,2024-08,0.051054989706031846
sp500_triple_ma10_50_200_monthly_top10,0.0,2024-09,0.062450857414350185
sp500_triple_ma10_50_200_monthly_top10,0.0,2024-10,-0.02299768088792399
sp500_triple_ma10_50_200_monthly_top10,0.0,2024-11,0.14673043777953318
sp500_triple_ma10_50_200_monthly_top10,0.0,2024-12,-0.05140746346553708
sp500_triple_ma10_50_200_monthly_top10,0.0,2025-01,0.039833219984847706
sp500_triple_ma10_50_200_monthly_top10,0.0,2025-02,-0.028904152169279017
sp500_triple_ma10_50_200_monthly_top10,0.0,2025-03,-0.10791135379379356
sp500_triple_ma10_50_200_monthly_top10,0.0,2025-04,-0.02856579273135971
sp500_triple_ma10_50_200_monthly_top10,0.0,2025-05,0.06812435331823316
sp500_triple_ma10_50_200_monthly_top10,0.0,2025-06,0.06315838555538769
sp500_triple_ma10_50_200_monthly_top10,0.0,2025-07,0.07264681131911074
sp500_triple_ma10_50_200_monthly_top10,0.0,2025-08,-0.01933274697546071
sp500_triple_ma10_50_200_monthly_top10,0.0,2025-09,0.10172842316531837
sp500_triple_ma10_50_200_monthly_top10,0.0,2025-10,0.07912745248432332
sp500_triple_ma10_50_200_monthly_top10,0.0,2025-11,-0.020563451429786772
sp500_triple_ma10_50_200_monthly_top10,0.0,2025-12,0.09355182530043514
sp500_triple_ma10_50_200_monthly_top10,0.0,2026-01,0.2850229438160718
sp500_triple_ma10_50_200_monthly_top10,0.0,2026-02,0.03519179850357335
sp500_triple_ma10_50_200_monthly_top10,0.0,2026-03,-0.002166236079674866
sp500_triple_ma10_50_200_monthly_top10,0.0,2026-04,0.24768841697219737
sp500_triple_ma10_50_200_monthly_top10,1.0,2021-05,0.0
sp500_triple_ma10_50_200_monthly_top10,1.0,2021-06,0.0
sp500_triple_ma10_50_200_monthly_top10,1.0,2021-07,0.0
sp500_triple_ma10_50_200_monthly_top10,1.0,2021-08,0.0
sp500_triple_ma10_50_200_monthly_top10,1.0,2021-09,0.0
sp500_triple_ma10_50_200_monthly_top10,1.0,2021-10,0.0
sp500_triple_ma10_50_200_monthly_top10,1.0,2021-11,0.0
sp500_triple_ma10_50_200_monthly_top10,1.0,2021-12,0.0
sp500_triple_ma10_50_200_monthly_top10,1.0,2022-01,0.0
sp500_triple_ma10_50_200_monthly_top10,1.0,2022-02,0.0
sp500_triple_ma10_50_200_monthly_top10,1.0,2022-03,0.08318792385631932
sp500_triple_ma10_50_200_monthly_top10,1.0,2022-04,-0.044612170150175746
sp500_triple_ma10_50_200_monthly_top10,1.0,2022-05,0.13327339612863603
sp500_triple_ma10_50_200_monthly_top10,1.0,2022-06,-0.18352827223145207
sp500_triple_ma10_50_200_monthly_top10,1.0,2022-07,-0.003545031353465811
sp500_triple_ma10_50_200_monthly_top10,1.0,2022-08,0.003569869991412956
sp500_triple_ma10_50_200_monthly_top10,1.0,2022-09,-0.03829225328493838
sp500_triple_ma10_50_200_monthly_top10,1.0,2022-10,0.12027291678053023
sp500_triple_ma10_50_200_monthly_top10,1.0,2022-11,0.031149616962308516
sp500_triple_ma10_50_200_monthly_top10,1.0,2022-12,-0.066935688971219
sp500_triple_ma10_50_200_monthly_top10,1.0,2023-01,0.06174678642223221
sp500_triple_ma10_50_200_monthly_top10,1.0,2023-02,-0.034413579534408184
sp500_triple_ma10_50_200_monthly_top10,1.0,2023-03,-0.018952260424595115
sp500_triple_ma10_50_200_monthly_top10,1.0,2023-04,0.012979374364131342
sp500_triple_ma10_50_200_monthly_top10,1.0,2023-05,0.05057804359965538
sp500_triple_ma10_50_200_monthly_top10,1.0,2023-06,0.058956144011716616
sp500_triple_ma10_50_200_monthly_top10,1.0,2023-07,0.05365104726864654
sp500_triple_ma10_50_200_monthly_top10,1.0,2023-08,-0.03865472422718223
sp500_triple_ma10_50_200_monthly_top10,1.0,2023-09,-0.07920055625198882
sp500_triple_ma10_50_200_monthly_top10,1.0,2023-10,-0.03275374080515508
sp500_triple_ma10_50_200_monthly_top10,1.0,2023-11,0.020759018086771084
sp500_triple_ma10_50_200_monthly_top10,1.0,2023-12,0.032144620015993136
sp500_triple_ma10_50_200_monthly_top10,1.0,2024-01,0.05015422402193739
sp500_triple_ma10_50_200_monthly_top10,1.0,2024-02,0.006180318711110863
sp500_triple_ma10_50_200_monthly_top10,1.0,2024-03,0.03842814337825902
sp500_triple_ma10_50_200_monthly_top10,1.0,2024-04,-0.09054750792873374
sp500_triple_ma10_50_200_monthly_top10,1.0,2024-05,0.040664669065368406
sp500_triple_ma10_50_200_monthly_top10,1.0,2024-06,0.02555386079472672
sp500_triple_ma10_50_200_monthly_top10,1.0,2024-07,-0.14787855328702412
sp500_triple_ma10_50_200_monthly_top10,1.0,2024-08,0.05085498970603185
sp500_triple_ma10_50_200_monthly_top10,1.0,2024-09,0.062290857414350184
sp500_triple_ma10_50_200_monthly_top10,1.0,2024-10,-0.02309768088792399
sp500_triple_ma10_50_200_monthly_top10,1.0,2024-11,0.14657043777953319
sp500_triple_ma10_50_200_monthly_top10,1.0,2024-12,-0.051507463465537084
sp500_triple_ma10_50_200_monthly_top10,1.0,2025-01,0.039713219984847704
sp500_triple_ma10_50_200_monthly_top10,1.0,2025-02,-0.028984152169279014
sp500_triple_ma10_50_200_monthly_top10,1.0,2025-03,-0.10803135379379356
sp500_triple_ma10_50_200_monthly_top10,1.0,2025-04,-0.028725792731359702
sp500_triple_ma10_50_200_monthly_top10,1.0,2025-05,0.06800435331823315
sp500_triple_ma10_50_200_monthly_top10,1.0,2025-06,0.06309838555538769
sp500_triple_ma10_50_200_monthly_top10,1.0,2025-07,0.07252681131911073
sp500_triple_ma10_50_200_monthly_top10,1.0,2025-08,-0.019432746975460713
sp500_triple_ma10_50_200_monthly_top10,1.0,2025-09,0.10160842316531836
sp500_triple_ma10_50_200_monthly_top10,1.0,2025-10,0.07902745248432332
sp500_triple_ma10_50_200_monthly_top10,1.0,2025-11,-0.020623451429786777
sp500_triple_ma10_50_200_monthly_top10,1.0,2025-12,0.09347182530043514
sp500_triple_ma10_50_200_monthly_top10,1.0,2026-01,0.2849629438160718
sp500_triple_ma10_50_200_monthly_top10,1.0,2026-02,0.03519179850357335
sp500_triple_ma10_50_200_monthly_top10,1.0,2026-03,-0.0022062360796748504
sp500_triple_ma10_50_200_monthly_top10,1.0,2026-04,0.24756841697219736
sp500_triple_ma10_50_200_monthly_top10,2.0,2021-05,0.0
sp500_triple_ma10_50_200_monthly_top10,2.0,2021-06,0.0
sp500_triple_ma10_50_200_monthly_top10,2.0,2021-07,0.0
sp500_triple_ma10_50_200_monthly_top10,2.0,2021-08,0.0
sp500_triple_ma10_50_200_monthly_top10,2.0,2021-09,0.0
sp500_triple_ma10_50_200_monthly_top10,2.0,2021-10,0.0
sp500_triple_ma10_50_200_monthly_top10,2.0,2021-11,0.0
sp500_triple_ma10_50_200_monthly_top10,2.0,2021-12,0.0
sp500_triple_ma10_50_200_monthly_top10,2.0,2022-01,0.0
sp500_triple_ma10_50_200_monthly_top10,2.0,2022-02,0.0
sp500_triple_ma10_50_200_monthly_top10,2.0,2022-03,0.08308792385631933
sp500_triple_ma10_50_200_monthly_top10,2.0,2022-04,-0.044652170150175745
sp500_triple_ma10_50_200_monthly_top10,2.0,2022-05,0.13321339612863603
sp500_triple_ma10_50_200_monthly_top10,2.0,2022-06,-0.18360827223145207
sp500_triple_ma10_50_200_monthly_top10,2.0,2022-07,-0.0037250313534658106
sp500_triple_ma10_50_200_monthly_top10,2.0,2022-08,0.003449869991412954
sp500_triple_ma10_50_200_monthly_top10,2.0,2022-09,-0.03843225328493838
sp500_triple_ma10_50_200_monthly_top10,2.0,2022-10,0.12010180566941911
sp500_triple_ma10_50_200_monthly_top10,2.0,2022-11,0.031000728073419623
sp500_triple_ma10_50_200_monthly_top10,2.0,2022-12,-0.06709568897121901
sp500_triple_ma10_50_200_monthly_top10,2.0,2023-01,0.06158678642223222
sp500_triple_ma10_50_200_monthly_top10,2.0,2023-02,-0.03453357953440818
sp500_triple_ma10_50_200_monthly_top10,2.0,2023-03,-0.019052260424595117
sp500_triple_ma10_50_200_monthly_top10,2.0,2023-04,0.012819374364131341
sp500_triple_ma10_50_200_monthly_top10,2.0,2023-05,0.05045804359965537
sp500_triple_ma10_50_200_monthly_top10,2.0,2023-06,0.058816144011716615
sp500_triple_ma10_50_200_monthly_top10,2.0,2023-07,0.053571047268646546
sp500_triple_ma10_50_200_monthly_top10,2.0,2023-08,-0.038754724227182236
sp500_triple_ma10_50_200_monthly_top10,2.0,2023-09,-0.07938055625198882
sp500_triple_ma10_50_200_monthly_top10,2.0,2023-10,-0.032923740805155075
sp500_triple_ma10_50_200_monthly_top10,2.0,2023-11,0.020609018086771083
sp500_triple_ma10_50_200_monthly_top10,2.0,2023-12,0.031984620015993136
sp500_triple_ma10_50_200_monthly_top10,2.0,2024-01,0.050034224021937385
sp500_triple_ma10_50_200_monthly_top10,2.0,2024-02,0.006040318711110861
sp500_triple_ma10_50_200_monthly_top10,2.0,2024-03,0.03826814337825902
sp500_triple_ma10_50_200_monthly_top10,2.0,2024-04,-0.09062750792873375
sp500_triple_ma10_50_200_monthly_top10,2.0,2024-05,0.040504669065368405
sp500_triple_ma10_50_200_monthly_top10,2.0,2024-06,0.025473860794726716
sp500_triple_ma10_50_200_monthly_top10,2.0,2024-07,-0.14797855328702414
sp500_triple_ma10_50_200_monthly_top10,2.0,2024-08,0.05065498970603184
sp500_triple_ma10_50_200_monthly_top10,2.0,2024-09,0.062130857414350184
sp500_triple_ma10_50_200_monthly_top10,2.0,2024-10,-0.02319768088792399
sp500_triple_ma10_50_200_monthly_top10,2.0,2024-11,0.1464104377795332
sp500_triple_ma10_50_200_monthly_top10,2.0,2024-12,-0.05160746346553708
sp500_triple_ma10_50_200_monthly_top10,2.0,2025-01,0.0395932199848477
sp500_triple_ma10_50_200_monthly_top10,2.0,2025-02,-0.029064152169279024
sp500_triple_ma10_50_200_monthly_top10,2.0,2025-03,-0.10815135379379356
sp500_triple_ma10_50_200_monthly_top10,2.0,2025-04,-0.028885792731359695
sp500_triple_ma10_50_200_monthly_top10,2.0,2025-05,0.06788435331823316
sp500_triple_ma10_50_200_monthly_top10,2.0,2025-06,0.06303838555538768
sp500_triple_ma10_50_200_monthly_top10,2.0,2025-07,0.07240681131911075
sp500_triple_ma10_50_200_monthly_top10,2.0,2025-08,-0.01953274697546071
sp500_triple_ma10_50_200_monthly_top10,2.0,2025-09,0.10148842316531836
sp500_triple_ma10_50_200_monthly_top10,2.0,2025-10,0.07892745248432331
sp500_triple_ma10_50_200_monthly_top10,2.0,2025-11,-0.02068345142978678
sp500_triple_ma10_50_200_monthly_top10,2.0,2025-12,0.09339182530043515
sp500_triple_ma10_50_200_monthly_top10,2.0,2026-01,0.2849029438160718
sp500_triple_ma10_50_200_monthly_top10,2.0,2026-02,0.03519179850357335
sp500_triple_ma10_50_200_monthly_top10,2.0,2026-03,-0.0022462360796748626
sp500_triple_ma10_50_200_monthly_top10,2.0,2026-04,0.24744841697219738
sp500_triple_ma10_50_200_monthly_top10,5.0,2021-05,0.0
sp500_triple_ma10_50_200_monthly_top10,5.0,2021-06,0.0
sp500_triple_ma10_50_200_monthly_top10,5.0,2021-07,0.0
sp500_triple_ma10_50_200_monthly_top10,5.0,2021-08,0.0
sp500_triple_ma10_50_200_monthly_top10,5.0,2021-09,0.0
sp500_triple_ma10_50_200_monthly_top10,5.0,2021-10,0.0
sp500_triple_ma10_50_200_monthly_top10,5.0,2021-11,0.0
sp500_triple_ma10_50_200_monthly_top10,5.0,2021-12,0.0
sp500_triple_ma10_50_200_monthly_top10,5.0,2022-01,0.0
sp500_triple_ma10_50_200_monthly_top10,5.0,2022-02,0.0
sp500_triple_ma10_50_200_monthly_top10,5.0,2022-03,0.08278792385631932
sp500_triple_ma10_50_200_monthly_top10,5.0,2022-04,-0.04477217015017574
sp500_triple_ma10_50_200_monthly_top10,5.0,2022-05,0.13303339612863602
sp500_triple_ma10_50_200_monthly_top10,5.0,2022-06,-0.18384827223145206
sp500_triple_ma10_50_200_monthly_top10,5.0,2022-07,-0.004265031353465809
sp500_triple_ma10_50_200_monthly_top10,5.0,2022-08,0.0030898699914129546
sp500_triple_ma10_50_200_monthly_top10,5.0,2022-09,-0.03885225328493838
sp500_triple_ma10_50_200_monthly_top10,5.0,2022-10,0.11958847233608579
sp500_triple_ma10_50_200_monthly_top10,5.0,2022-11,0.030554061406752958
sp500_triple_ma10_50_200_monthly_top10,5.0,2022-12,-0.067575688971219
sp500_triple_ma10_50_200_monthly_top10,5.0,2023-01,0.06110678642223222
sp500_triple_ma10_50_200_monthly_top10,5.0,2023-02,-0.03489357953440818
sp500_triple_ma10_50_200_monthly_top10,5.0,2023-03,-0.01935226042459512
sp500_triple_ma10_50_200_monthly_top10,5.0,2023-04,0.01233937436413134
sp500_triple_ma10_50_200_monthly_top10,5.0,2023-05,0.05009804359965537
sp500_triple_ma10_50_200_monthly_top10,5.0,2023-06,0.05839614401171662
sp500_triple_ma10_50_200_monthly_top10,5.0,2023-07,0.05333104726864654
sp500_triple_ma10_50_200_monthly_top10,5.0,2023-08,-0.03905472422718223
sp500_triple_ma10_50_200_monthly_top10,5.0,2023-09,-0.07992055625198882
sp500_triple_ma10_50_200_monthly_top10,5.0,2023-10,-0.03343374080515507
sp500_triple_ma10_50_200_monthly_top10,5.0,2023-11,0.020159018086771084
sp500_triple_ma10_50_200_monthly_top10,5.0,2023-12,0.03150462001599314
sp500_triple_ma10_50_200_monthly_top10,5.0,2024-01,0.049674224021937385
sp500_triple_ma10_50_200_monthly_top10,5.0,2024-02,0.005620318711110865
sp500_triple_ma10_50_200_monthly_top10,5.0,2024-03,0.03778814337825902
sp500_triple_ma10_50_200_monthly_top10,5.0,2024-04,-0.09086750792873374
sp500_triple_ma10_50_200_monthly_top10,5.0,2024-05,0.040024669065368404
sp500_triple_ma10_50_200_monthly_top10,5.0,2024-06,0.02523386079472672
sp500_triple_ma10_50_200_monthly_top10,5.0,2024-07,-0.14827855328702413
sp500_triple_ma10_50_200_monthly_top10,5.0,2024-08,0.050054989706031845
sp500_triple_ma10_50_200_monthly_top10,5.0,2024-09,0.06165085741435018
sp500_triple_ma10_50_200_monthly_top10,5.0,2024-10,-0.02349768088792399
sp500_triple_ma10_50_200_monthly_top10,5.0,2024-11,0.14593043777953318
sp500_triple_ma10_50_200_monthly_top10,5.0,2024-12,-0.05190746346553708
sp500_triple_ma10_50_200_monthly_top10,5.0,2025-01,0.0392332199848477
sp500_triple_ma10_50_200_monthly_top10,5.0,2025-02,-0.029304152169279014
sp500_triple_ma10_50_200_monthly_top10,5.0,2025-03,-0.10851135379379356
sp500_triple_ma10_50_200_monthly_top10,5.0,2025-04,-0.029365792731359704
sp500_triple_ma10_50_200_monthly_top10,5.0,2025-05,0.06752435331823316
sp500_triple_ma10_50_200_monthly_top10,5.0,2025-06,0.06285838555538768
sp500_triple_ma10_50_200_monthly_top10,5.0,2025-07,0.07204681131911075
sp500_triple_ma10_50_200_monthly_top10,5.0,2025-08,-0.019832746975460714
sp500_triple_ma10_50_200_monthly_top10,5.0,2025-09,0.10112842316531837
sp500_triple_ma10_50_200_monthly_top10,5.0,2025-10,0.07862745248432332
sp500_triple_ma10_50_200_monthly_top10,5.0,2025-11,-0.020863451429786767
sp500_triple_ma10_50_200_monthly_top10,5.0,2025-12,0.09315182530043514
sp500_triple_ma10_50_200_monthly_top10,5.0,2026-01,0.2847229438160718
sp500_triple_ma10_50_200_monthly_top10,5.0,2026-02,0.03519179850357335
sp500_triple_ma10_50_200_monthly_top10,5.0,2026-03,-0.002366236079674844
sp500_triple_ma10_50_200_monthly_top10,5.0,2026-04,0.24708841697219736
sp500_triple_ma10_50_200_monthly_top10,10.0,2021-05,0.0
sp500_triple_ma10_50_200_monthly_top10,10.0,2021-06,0.0
sp500_triple_ma10_50_200_monthly_top10,10.0,2021-07,0.0
sp500_triple_ma10_50_200_monthly_top10,10.0,2021-08,0.0
sp500_triple_ma10_50_200_monthly_top10,10.0,2021-09,0.0
sp500_triple_ma10_50_200_monthly_top10,10.0,2021-10,0.0
sp500_triple_ma10_50_200_monthly_top10,10.0,2021-11,0.0
sp500_triple_ma10_50_200_monthly_top10,10.0,2021-12,0.0
sp500_triple_ma10_50_200_monthly_top10,10.0,2022-01,0.0
sp500_triple_ma10_50_200_monthly_top10,10.0,2022-02,0.0
sp500_triple_ma10_50_200_monthly_top10,10.0,2022-03,0.08228792385631932
sp500_triple_ma10_50_200_monthly_top10,10.0,2022-04,-0.044972170150175746
sp500_triple_ma10_50_200_monthly_top10,10.0,2022-05,0.132733396128636
sp500_triple_ma10_50_200_monthly_top10,10.0,2022-06,-0.18424827223145207
sp500_triple_ma10_50_200_monthly_top10,10.0,2022-07,-0.0051650313534658075
sp500_triple_ma10_50_200_monthly_top10,10.0,2022-08,0.0024898699914129583
sp500_triple_ma10_50_200_monthly_top10,10.0,2022-09,-0.03955225328493838
sp500_triple_ma10_50_200_monthly_top10,10.0,2022-10,0.11873291678053022
sp500_triple_ma10_50_200_monthly_top10,10.0,2022-11,0.029809616962308515
sp500_triple_ma10_50_200_monthly_top10,10.0,2022-12,-0.06837568897121901
sp500_triple_ma10_50_200_monthly_top10,10.0,2023-01,0.060306786422232216
sp500_triple_ma10_50_200_monthly_top10,10.0,2023-02,-0.03549357953440818
sp500_triple_ma10_50_200_monthly_top10,10.0,2023-03,-0.019852260424595113
sp500_triple_ma10_50_200_monthly_top10,10.0,2023-04,0.011539374364131345
sp500_triple_ma10_50_200_monthly_top10,10.0,2023-05,0.049498043599655366
sp500_triple_ma10_50_200_monthly_top10,10.0,2023-06,0.05769614401171661
sp500_triple_ma10_50_200_monthly_top10,10.0,2023-07,0.052931047268646544
sp500_triple_ma10_50_200_monthly_top10,10.0,2023-08,-0.03955472422718223
sp500_triple_ma10_50_200_monthly_top10,10.0,2023-09,-0.08082055625198882
sp500_triple_ma10_50_200_monthly_top10,10.0,2023-10,-0.034283740805155075
sp500_triple_ma10_50_200_monthly_top10,10.0,2023-11,0.019409018086771083
sp500_triple_ma10_50_200_monthly_top10,10.0,2023-12,0.03070462001599314
sp500_triple_ma10_50_200_monthly_top10,10.0,2024-01,0.04907422402193738
sp500_triple_ma10_50_200_monthly_top10,10.0,2024-02,0.004920318711110862
sp500_triple_ma10_50_200_monthly_top10,10.0,2024-03,0.036988143378259015
sp500_triple_ma10_50_200_monthly_top10,10.0,2024-04,-0.09126750792873374
sp500_triple_ma10_50_200_monthly_top10,10.0,2024-05,0.0392246690653684
sp500_triple_ma10_50_200_monthly_top10,10.0,2024-06,0.024833860794726714
sp500_triple_ma10_50_200_monthly_top10,10.0,2024-07,-0.14877855328702413
sp500_triple_ma10_50_200_monthly_top10,10.0,2024-08,0.049054989706031844
sp500_triple_ma10_50_200_monthly_top10,10.0,2024-09,0.06085085741435018
sp500_triple_ma10_50_200_monthly_top10,10.0,2024-10,-0.02399768088792399
sp500_triple_ma10_50_200_monthly_top10,10.0,2024-11,0.1451304377795332
sp500_triple_ma10_50_200_monthly_top10,10.0,2024-12,-0.05240746346553708
sp500_triple_ma10_50_200_monthly_top10,10.0,2025-01,0.03863321998484771
sp500_triple_ma10_50_200_monthly_top10,10.0,2025-02,-0.029704152169279012
sp500_triple_ma10_50_200_monthly_top10,10.0,2025-03,-0.10911135379379357
sp500_triple_ma10_50_200_monthly_top10,10.0,2025-04,-0.0301657927313597
sp500_triple_ma10_50_200_monthly_top10,10.0,2025-05,0.06692435331823315
sp500_triple_ma10_50_200_monthly_top10,10.0,2025-06,0.06255838555538769
sp500_triple_ma10_50_200_monthly_top10,10.0,2025-07,0.07144681131911074
sp500_triple_ma10_50_200_monthly_top10,10.0,2025-08,-0.020332746975460714
sp500_triple_ma10_50_200_monthly_top10,10.0,2025-09,0.10052842316531836
sp500_triple_ma10_50_200_monthly_top10,10.0,2025-10,0.07812745248432332
sp500_triple_ma10_50_200_monthly_top10,10.0,2025-11,-0.02116345142978676
sp500_triple_ma10_50_200_monthly_top10,10.0,2025-12,0.09275182530043515
sp500_triple_ma10_50_200_monthly_top10,10.0,2026-01,0.2844229438160718
sp500_triple_ma10_50_200_monthly_top10,10.0,2026-02,0.03519179850357335
sp500_triple_ma10_50_200_monthly_top10,10.0,2026-03,-0.0025662360796748496
sp500_triple_ma10_50_200_monthly_top10,10.0,2026-04,0.24648841697219737
sp500_triple_ma10_50_200_monthly_top2,0.0,2021-05,0.0
sp500_triple_ma10_50_200_monthly_top2,0.0,2021-06,0.0
sp500_triple_ma10_50_200_monthly_top2,0.0,2021-07,0.0
sp500_triple_ma10_50_200_monthly_top2,0.0,2021-08,0.0
sp500_triple_ma10_50_200_monthly_top2,0.0,2021-09,0.0
sp500_triple_ma10_50_200_monthly_top2,0.0,2021-10,0.0
sp500_triple_ma10_50_200_monthly_top2,0.0,2021-11,0.0
sp500_triple_ma10_50_200_monthly_top2,0.0,2021-12,0.0
sp500_triple_ma10_50_200_monthly_top2,0.0,2022-01,0.0
sp500_triple_ma10_50_200_monthly_top2,0.0,2022-02,0.0
sp500_triple_ma10_50_200_monthly_top2,0.0,2022-03,0.07217480758166267
sp500_triple_ma10_50_200_monthly_top2,0.0,2022-04,-0.020497454861287345
sp500_triple_ma10_50_200_monthly_top2,0.0,2022-05,0.2310457756037052
sp500_triple_ma10_50_200_monthly_top2,0.0,2022-06,-0.2382919210612534
sp500_triple_ma10_50_200_monthly_top2,0.0,2022-07,-0.026242160003599246
sp500_triple_ma10_50_200_monthly_top2,0.0,2022-08,0.0797901926988342
sp500_triple_ma10_50_200_monthly_top2,0.0,2022-09,-0.033102250567349445
sp500_triple_ma10_50_200_monthly_top2,0.0,2022-10,0.1215985006054715
sp500_triple_ma10_50_200_monthly_top2,0.0,2022-11,0.06908677907211819
sp500_triple_ma10_50_200_monthly_top2,0.0,2022-12,-0.10472198191626197
sp500_triple_ma10_50_200_monthly_top2,0.0,2023-01,0.06038326808656519
sp500_triple_ma10_50_200_monthly_top2,0.0,2023-02,-0.10817985904908073
sp500_triple_ma10_50_200_monthly_top2,0.0,2023-03,-0.026274509025972892
sp500_triple_ma10_50_200_monthly_top2,0.0,2023-04,0.011938957967235375
sp500_triple_ma10_50_200_monthly_top2,0.0,2023-05,0.09737097802416761
sp500_triple_ma10_50_200_monthly_top2,0.0,2023-06,0.08060139982858405
sp500_triple_ma10_50_200_monthly_top2,0.0,2023-07,0.10026187145112053
sp500_triple_ma10_50_200_monthly_top2,0.0,2023-08,0.024013436939452126
sp500_triple_ma10_50_200_monthly_top2,0.0,2023-09,-0.1085875483055514
sp500_triple_ma10_50_200_monthly_top2,0.0,2023-10,0.0033527147634641596
sp500_triple_ma10_50_200_monthly_top2,0.0,2023-11,0.07454725347524882
sp500_triple_ma10_50_200_monthly_top2,0.0,2023-12,0.041296018009449764
sp500_triple_ma10_50_200_monthly_top2,0.0,2024-01,0.05932301908092541
sp500_triple_ma10_50_200_monthly_top2,0.0,2024-02,0.04925002716123911
sp500_triple_ma10_50_200_monthly_top2,0.0,2024-03,-0.02428000034621014
sp500_triple_ma10_50_200_monthly_top2,0.0,2024-04,-0.20497364501301812
sp500_triple_ma10_50_200_monthly_top2,0.0,2024-05,0.12835386892795547
sp500_triple_ma10_50_200_monthly_top2,0.0,2024-06,0.03455987412656747
sp500_triple_ma10_50_200_monthly_top2,0.0,2024-07,-0.07369730923498868
sp500_triple_ma10_50_200_monthly_top2,0.0,2024-08,-0.008513606830596043
sp500_triple_ma10_50_200_monthly_top2,0.0,2024-09,0.10232256135688939
sp500_triple_ma10_50_200_monthly_top2,0.0,2024-10,-0.03389444631292937
sp500_triple_ma10_50_200_monthly_top2,0.0,2024-11,0.3531371866717624
sp500_triple_ma10_50_200_monthly_top2,0.0,2024-12,-0.010049148447406842
sp500_triple_ma10_50_200_monthly_top2,0.0,2025-01,0.0700352913304984
sp500_triple_ma10_50_200_monthly_top2,0.0,2025-02,0.02001882841371666
sp500_triple_ma10_50_200_monthly_top2,0.0,2025-03,-0.11336444527969952
sp500_triple_ma10_50_200_monthly_top2,0.0,2025-04,-0.05461371278261662
sp500_triple_ma10_50_200_monthly_top2,0.0,2025-05,0.07157504822459465
sp500_triple_ma10_50_200_monthly_top2,0.0,2025-06,0.06908880798124639
sp500_triple_ma10_50_200_monthly_top2,0.0,2025-07,0.08106824447933941
sp500_triple_ma10_50_200_monthly_top2,0.0,2025-08,-0.027274215536941704
sp500_triple_ma10_50_200_monthly_top2,0.0,2025-09,0.10253620105297723
sp500_triple_ma10_50_200_monthly_top2,0.0,2025-10,0.03935802870295374
sp500_triple_ma10_50_200_monthly_top2,0.0,2025-11,0.08263962073074183
sp500_triple_ma10_50_200_monthly_top2,0.0,2025-12,0.15149329202405626
sp500_triple_ma10_50_200_monthly_top2,0.0,2026-01,0.6581427876442951
sp500_triple_ma10_50_200_monthly_top2,0.0,2026-02,0.11120373068084327
sp500_triple_ma10_50_200_monthly_top2,0.0,2026-03,0.08344016660514958
sp500_triple_ma10_50_200_monthly_top2,0.0,2026-04,0.40342464746535617
sp500_triple_ma10_50_200_monthly_top2,1.0,2021-05,0.0
sp500_triple_ma10_50_200_monthly_top2,1.0,2021-06,0.0
sp500_triple_ma10_50_200_monthly_top2,1.0,2021-07,0.0
sp500_triple_ma10_50_200_monthly_top2,1.0,2021-08,0.0
sp500_triple_ma10_50_200_monthly_top2,1.0,2021-09,0.0
sp500_triple_ma10_50_200_monthly_top2,1.0,2021-10,0.0
sp500_triple_ma10_50_200_monthly_top2,1.0,2021-11,0.0
sp500_triple_ma10_50_200_monthly_top2,1.0,2021-12,0.0
sp500_triple_ma10_50_200_monthly_top2,1.0,2022-01,0.0
sp500_triple_ma10_50_200_monthly_top2,1.0,2022-02,0.0
sp500_triple_ma10_50_200_monthly_top2,1.0,2022-03,0.07207480758166267
sp500_triple_ma10_50_200_monthly_top2,1.0,2022-04,-0.020597454861287348
sp500_triple_ma10_50_200_monthly_top2,1.0,2022-05,0.2308457756037052
sp500_triple_ma10_50_200_monthly_top2,1.0,2022-06,-0.2383919210612534
sp500_triple_ma10_50_200_monthly_top2,1.0,2022-07,-0.026442160003599245
sp500_triple_ma10_50_200_monthly_top2,1.0,2022-08,0.07959019269883419
sp500_triple_ma10_50_200_monthly_top2,1.0,2022-09,-0.03320225056734945
sp500_triple_ma10_50_200_monthly_top2,1.0,2022-10,0.1214985006054715
sp500_triple_ma10_50_200_monthly_top2,1.0,2022-11,0.06888677907211818
sp500_triple_ma10_50_200_monthly_top2,1.0,2022-12,-0.10492198191626198
sp500_triple_ma10_50_200_monthly_top2,1.0,2023-01,0.06018326808656519
sp500_triple_ma10_50_200_monthly_top2,1.0,2023-02,-0.10827985904908073
sp500_triple_ma10_50_200_monthly_top2,1.0,2023-03,-0.02647450902597289
sp500_triple_ma10_50_200_monthly_top2,1.0,2023-04,0.011838957967235376
sp500_triple_ma10_50_200_monthly_top2,1.0,2023-05,0.09737097802416761
sp500_triple_ma10_50_200_monthly_top2,1.0,2023-06,0.08050139982858405
sp500_triple_ma10_50_200_monthly_top2,1.0,2023-07,0.10026187145112053
sp500_triple_ma10_50_200_monthly_top2,1.0,2023-08,0.023913436939452123
sp500_triple_ma10_50_200_monthly_top2,1.0,2023-09,-0.1086875483055514
sp500_triple_ma10_50_200_monthly_top2,1.0,2023-10,0.003152714763464161
sp500_triple_ma10_50_200_monthly_top2,1.0,2023-11,0.07444725347524882
sp500_triple_ma10_50_200_monthly_top2,1.0,2023-12,0.041096018009449765
sp500_triple_ma10_50_200_monthly_top2,1.0,2024-01,0.05922301908092541
sp500_triple_ma10_50_200_monthly_top2,1.0,2024-02,0.04905002716123911
sp500_triple_ma10_50_200_monthly_top2,1.0,2024-03,-0.024380000346210143
sp500_triple_ma10_50_200_monthly_top2,1.0,2024-04,-0.2050736450130181
sp500_triple_ma10_50_200_monthly_top2,1.0,2024-05,0.12815386892795547
sp500_triple_ma10_50_200_monthly_top2,1.0,2024-06,0.03435987412656747
sp500_triple_ma10_50_200_monthly_top2,1.0,2024-07,-0.07379730923498869
sp500_triple_ma10_50_200_monthly_top2,1.0,2024-08,-0.008713606830596042
sp500_triple_ma10_50_200_monthly_top2,1.0,2024-09,0.10212256135688938
sp500_triple_ma10_50_200_monthly_top2,1.0,2024-10,-0.033994446312929374
sp500_triple_ma10_50_200_monthly_top2,1.0,2024-11,0.35293718667176244
sp500_triple_ma10_50_200_monthly_top2,1.0,2024-12,-0.010049148447406842
sp500_triple_ma10_50_200_monthly_top2,1.0,2025-01,0.0699352913304984
sp500_triple_ma10_50_200_monthly_top2,1.0,2025-02,0.02001882841371666
sp500_triple_ma10_50_200_monthly_top2,1.0,2025-03,-0.11346444527969952
sp500_triple_ma10_50_200_monthly_top2,1.0,2025-04,-0.054813712782616625
sp500_triple_ma10_50_200_monthly_top2,1.0,2025-05,0.07137504822459464
sp500_triple_ma10_50_200_monthly_top2,1.0,2025-06,0.06898880798124639
sp500_triple_ma10_50_200_monthly_top2,1.0,2025-07,0.08096824447933941
sp500_triple_ma10_50_200_monthly_top2,1.0,2025-08,-0.027374215536941707
sp500_triple_ma10_50_200_monthly_top2,1.0,2025-09,0.10233620105297722
sp500_triple_ma10_50_200_monthly_top2,1.0,2025-10,0.03925802870295374
sp500_triple_ma10_50_200_monthly_top2,1.0,2025-11,0.08243962073074182
sp500_triple_ma10_50_200_monthly_top2,1.0,2025-12,0.15139329202405627
sp500_triple_ma10_50_200_monthly_top2,1.0,2026-01,0.6581427876442951
sp500_triple_ma10_50_200_monthly_top2,1.0,2026-02,0.11120373068084327
sp500_triple_ma10_50_200_monthly_top2,1.0,2026-03,0.08344016660514958
sp500_triple_ma10_50_200_monthly_top2,1.0,2026-04,0.4033246474653562
sp500_triple_ma10_50_200_monthly_top2,2.0,2021-05,0.0
sp500_triple_ma10_50_200_monthly_top2,2.0,2021-06,0.0
sp500_triple_ma10_50_200_monthly_top2,2.0,2021-07,0.0
sp500_triple_ma10_50_200_monthly_top2,2.0,2021-08,0.0
sp500_triple_ma10_50_200_monthly_top2,2.0,2021-09,0.0
sp500_triple_ma10_50_200_monthly_top2,2.0,2021-10,0.0
sp500_triple_ma10_50_200_monthly_top2,2.0,2021-11,0.0
sp500_triple_ma10_50_200_monthly_top2,2.0,2021-12,0.0
sp500_triple_ma10_50_200_monthly_top2,2.0,2022-01,0.0
sp500_triple_ma10_50_200_monthly_top2,2.0,2022-02,0.0
sp500_triple_ma10_50_200_monthly_top2,2.0,2022-03,0.07197480758166266
sp500_triple_ma10_50_200_monthly_top2,2.0,2022-04,-0.02069745486128735
sp500_triple_ma10_50_200_monthly_top2,2.0,2022-05,0.2306457756037052
sp500_triple_ma10_50_200_monthly_top2,2.0,2022-06,-0.23849192106125341
sp500_triple_ma10_50_200_monthly_top2,2.0,2022-07,-0.026642160003599247
sp500_triple_ma10_50_200_monthly_top2,2.0,2022-08,0.0793901926988342
sp500_triple_ma10_50_200_monthly_top2,2.0,2022-09,-0.03330225056734945
sp500_triple_ma10_50_200_monthly_top2,2.0,2022-10,0.1213985006054715
sp500_triple_ma10_50_200_monthly_top2,2.0,2022-11,0.06868677907211819
sp500_triple_ma10_50_200_monthly_top2,2.0,2022-12,-0.10512198191626197
sp500_triple_ma10_50_200_monthly_top2,2.0,2023-01,0.05998326808656519
sp500_triple_ma10_50_200_monthly_top2,2.0,2023-02,-0.10837985904908073
sp500_triple_ma10_50_200_monthly_top2,2.0,2023-03,-0.02667450902597289
sp500_triple_ma10_50_200_monthly_top2,2.0,2023-04,0.011738957967235376
sp500_triple_ma10_50_200_monthly_top2,2.0,2023-05,0.09737097802416761
sp500_triple_ma10_50_200_monthly_top2,2.0,2023-06,0.08040139982858405
sp500_triple_ma10_50_200_monthly_top2,2.0,2023-07,0.10026187145112053
sp500_triple_ma10_50_200_monthly_top2,2.0,2023-08,0.023813436939452128
sp500_triple_ma10_50_200_monthly_top2,2.0,2023-09,-0.1087875483055514
sp500_triple_ma10_50_200_monthly_top2,2.0,2023-10,0.002952714763464162
sp500_triple_ma10_50_200_monthly_top2,2.0,2023-11,0.07434725347524881
sp500_triple_ma10_50_200_monthly_top2,2.0,2023-12,0.04089601800944977
sp500_triple_ma10_50_200_monthly_top2,2.0,2024-01,0.05912301908092541
sp500_triple_ma10_50_200_monthly_top2,2.0,2024-02,0.04885002716123911
sp500_triple_ma10_50_200_monthly_top2,2.0,2024-03,-0.02448000034621014
sp500_triple_ma10_50_200_monthly_top2,2.0,2024-04,-0.20517364501301813
sp500_triple_ma10_50_200_monthly_top2,2.0,2024-05,0.12795386892795546
sp500_triple_ma10_50_200_monthly_top2,2.0,2024-06,0.03415987412656747
sp500_triple_ma10_50_200_monthly_top2,2.0,2024-07,-0.07389730923498869
sp500_triple_ma10_50_200_monthly_top2,2.0,2024-08,-0.00891360683059604
sp500_triple_ma10_50_200_monthly_top2,2.0,2024-09,0.10192256135688939
sp500_triple_ma10_50_200_monthly_top2,2.0,2024-10,-0.03409444631292938
sp500_triple_ma10_50_200_monthly_top2,2.0,2024-11,0.3527371866717624
sp500_triple_ma10_50_200_monthly_top2,2.0,2024-12,-0.010049148447406842
sp500_triple_ma10_50_200_monthly_top2,2.0,2025-01,0.0698352913304984
sp500_triple_ma10_50_200_monthly_top2,2.0,2025-02,0.02001882841371666
sp500_triple_ma10_50_200_monthly_top2,2.0,2025-03,-0.11356444527969953
sp500_triple_ma10_50_200_monthly_top2,2.0,2025-04,-0.05501371278261662
sp500_triple_ma10_50_200_monthly_top2,2.0,2025-05,0.07117504822459465
sp500_triple_ma10_50_200_monthly_top2,2.0,2025-06,0.06888880798124639
sp500_triple_ma10_50_200_monthly_top2,2.0,2025-07,0.08086824447933941
sp500_triple_ma10_50_200_monthly_top2,2.0,2025-08,-0.02747421553694171
sp500_triple_ma10_50_200_monthly_top2,2.0,2025-09,0.10213620105297723
sp500_triple_ma10_50_200_monthly_top2,2.0,2025-10,0.03915802870295374
sp500_triple_ma10_50_200_monthly_top2,2.0,2025-11,0.08223962073074183
sp500_triple_ma10_50_200_monthly_top2,2.0,2025-12,0.15129329202405625
sp500_triple_ma10_50_200_monthly_top2,2.0,2026-01,0.6581427876442951
sp500_triple_ma10_50_200_monthly_top2,2.0,2026-02,0.11120373068084327
sp500_triple_ma10_50_200_monthly_top2,2.0,2026-03,0.08344016660514958
sp500_triple_ma10_50_200_monthly_top2,2.0,2026-04,0.40322464746535613
sp500_triple_ma10_50_200_monthly_top2,5.0,2021-05,0.0
sp500_triple_ma10_50_200_monthly_top2,5.0,2021-06,0.0
sp500_triple_ma10_50_200_monthly_top2,5.0,2021-07,0.0
sp500_triple_ma10_50_200_monthly_top2,5.0,2021-08,0.0
sp500_triple_ma10_50_200_monthly_top2,5.0,2021-09,0.0
sp500_triple_ma10_50_200_monthly_top2,5.0,2021-10,0.0
sp500_triple_ma10_50_200_monthly_top2,5.0,2021-11,0.0
sp500_triple_ma10_50_200_monthly_top2,5.0,2021-12,0.0
sp500_triple_ma10_50_200_monthly_top2,5.0,2022-01,0.0
sp500_triple_ma10_50_200_monthly_top2,5.0,2022-02,0.0
sp500_triple_ma10_50_200_monthly_top2,5.0,2022-03,0.07167480758166267
sp500_triple_ma10_50_200_monthly_top2,5.0,2022-04,-0.020997454861287346
sp500_triple_ma10_50_200_monthly_top2,5.0,2022-05,0.2300457756037052
sp500_triple_ma10_50_200_monthly_top2,5.0,2022-06,-0.2387919210612534
sp500_triple_ma10_50_200_monthly_top2,5.0,2022-07,-0.027242160003599247
sp500_triple_ma10_50_200_monthly_top2,5.0,2022-08,0.0787901926988342
sp500_triple_ma10_50_200_monthly_top2,5.0,2022-09,-0.033602250567349445
sp500_triple_ma10_50_200_monthly_top2,5.0,2022-10,0.1210985006054715
sp500_triple_ma10_50_200_monthly_top2,5.0,2022-11,0.06808677907211819
sp500_triple_ma10_50_200_monthly_top2,5.0,2022-12,-0.10572198191626198
sp500_triple_ma10_50_200_monthly_top2,5.0,2023-01,0.05938326808656519
sp500_triple_ma10_50_200_monthly_top2,5.0,2023-02,-0.10867985904908073
sp500_triple_ma10_50_200_monthly_top2,5.0,2023-03,-0.027274509025972893
sp500_triple_ma10_50_200_monthly_top2,5.0,2023-04,0.011438957967235375
sp500_triple_ma10_50_200_monthly_top2,5.0,2023-05,0.09737097802416761
sp500_triple_ma10_50_200_monthly_top2,5.0,2023-06,0.08010139982858405
sp500_triple_ma10_50_200_monthly_top2,5.0,2023-07,0.10026187145112053
sp500_triple_ma10_50_200_monthly_top2,5.0,2023-08,0.023513436939452126
sp500_triple_ma10_50_200_monthly_top2,5.0,2023-09,-0.1090875483055514
sp500_triple_ma10_50_200_monthly_top2,5.0,2023-10,0.0023527147634641588
sp500_triple_ma10_50_200_monthly_top2,5.0,2023-11,0.07404725347524882
sp500_triple_ma10_50_200_monthly_top2,5.0,2023-12,0.04029601800944976
sp500_triple_ma10_50_200_monthly_top2,5.0,2024-01,0.05882301908092541
sp500_triple_ma10_50_200_monthly_top2,5.0,2024-02,0.048250027161239106
sp500_triple_ma10_50_200_monthly_top2,5.0,2024-03,-0.02478000034621014
sp500_triple_ma10_50_200_monthly_top2,5.0,2024-04,-0.20547364501301812
sp500_triple_ma10_50_200_monthly_top2,5.0,2024-05,0.12735386892795547
sp500_triple_ma10_50_200_monthly_top2,5.0,2024-06,0.03355987412656747
sp500_triple_ma10_50_200_monthly_top2,5.0,2024-07,-0.07419730923498868
sp500_triple_ma10_50_200_monthly_top2,5.0,2024-08,-0.009513606830596044
sp500_triple_ma10_50_200_monthly_top2,5.0,2024-09,0.10132256135688938
sp500_triple_ma10_50_200_monthly_top2,5.0,2024-10,-0.03439444631292937
sp500_triple_ma10_50_200_monthly_top2,5.0,2024-11,0.3521371866717624
sp500_triple_ma10_50_200_monthly_top2,5.0,2024-12,-0.010049148447406842
sp500_triple_ma10_50_200_monthly_top2,5.0,2025-01,0.0695352913304984
sp500_triple_ma10_50_200_monthly_top2,5.0,2025-02,0.02001882841371666
sp500_triple_ma10_50_200_monthly_top2,5.0,2025-03,-0.11386444527969952
sp500_triple_ma10_50_200_monthly_top2,5.0,2025-04,-0.05561371278261662
sp500_triple_ma10_50_200_monthly_top2,5.0,2025-05,0.07057504822459465
sp500_triple_ma10_50_200_monthly_top2,5.0,2025-06,0.06858880798124639
sp500_triple_ma10_50_200_monthly_top2,5.0,2025-07,0.08056824447933941
sp500_triple_ma10_50_200_monthly_top2,5.0,2025-08,-0.027774215536941704
sp500_triple_ma10_50_200_monthly_top2,5.0,2025-09,0.10153620105297723
sp500_triple_ma10_50_200_monthly_top2,5.0,2025-10,0.03885802870295374
sp500_triple_ma10_50_200_monthly_top2,5.0,2025-11,0.08163962073074182
sp500_triple_ma10_50_200_monthly_top2,5.0,2025-12,0.15099329202405626
sp500_triple_ma10_50_200_monthly_top2,5.0,2026-01,0.6581427876442951
sp500_triple_ma10_50_200_monthly_top2,5.0,2026-02,0.11120373068084327
sp500_triple_ma10_50_200_monthly_top2,5.0,2026-03,0.08344016660514958
sp500_triple_ma10_50_200_monthly_top2,5.0,2026-04,0.40292464746535617
sp500_triple_ma10_50_200_monthly_top2,10.0,2021-05,0.0
sp500_triple_ma10_50_200_monthly_top2,10.0,2021-06,0.0
sp500_triple_ma10_50_200_monthly_top2,10.0,2021-07,0.0
sp500_triple_ma10_50_200_monthly_top2,10.0,2021-08,0.0
sp500_triple_ma10_50_200_monthly_top2,10.0,2021-09,0.0
sp500_triple_ma10_50_200_monthly_top2,10.0,2021-10,0.0
sp500_triple_ma10_50_200_monthly_top2,10.0,2021-11,0.0
sp500_triple_ma10_50_200_monthly_top2,10.0,2021-12,0.0
sp500_triple_ma10_50_200_monthly_top2,10.0,2022-01,0.0
sp500_triple_ma10_50_200_monthly_top2,10.0,2022-02,0.0
sp500_triple_ma10_50_200_monthly_top2,10.0,2022-03,0.07117480758166267
sp500_triple_ma10_50_200_monthly_top2,10.0,2022-04,-0.021497454861287346
sp500_triple_ma10_50_200_monthly_top2,10.0,2022-05,0.2290457756037052
sp500_triple_ma10_50_200_monthly_top2,10.0,2022-06,-0.2392919210612534
sp500_triple_ma10_50_200_monthly_top2,10.0,2022-07,-0.028242160003599248
sp500_triple_ma10_50_200_monthly_top2,10.0,2022-08,0.07779019269883419
sp500_triple_ma10_50_200_monthly_top2,10.0,2022-09,-0.034102250567349446
sp500_triple_ma10_50_200_monthly_top2,10.0,2022-10,0.1205985006054715
sp500_triple_ma10_50_200_monthly_top2,10.0,2022-11,0.06708677907211819
sp500_triple_ma10_50_200_monthly_top2,10.0,2022-12,-0.10672198191626198
sp500_triple_ma10_50_200_monthly_top2,10.0,2023-01,0.05838326808656519
sp500_triple_ma10_50_200_monthly_top2,10.0,2023-02,-0.10917985904908073
sp500_triple_ma10_50_200_monthly_top2,10.0,2023-03,-0.028274509025972894
sp500_triple_ma10_50_200_monthly_top2,10.0,2023-04,0.010938957967235374
sp500_triple_ma10_50_200_monthly_top2,10.0,2023-05,0.09737097802416761
sp500_triple_ma10_50_200_monthly_top2,10.0,2023-06,0.07960139982858405
sp500_triple_ma10_50_200_monthly_top2,10.0,2023-07,0.10026187145112053
sp500_triple_ma10_50_200_monthly_top2,10.0,2023-08,0.023013436939452125
sp500_triple_ma10_50_200_monthly_top2,10.0,2023-09,-0.1095875483055514
sp500_triple_ma10_50_200_monthly_top2,10.0,2023-10,0.0013527147634641579
sp500_triple_ma10_50_200_monthly_top2,10.0,2023-11,0.07354725347524882
sp500_triple_ma10_50_200_monthly_top2,10.0,2023-12,0.03929601800944976
sp500_triple_ma10_50_200_monthly_top2,10.0,2024-01,0.05832301908092541
sp500_triple_ma10_50_200_monthly_top2,10.0,2024-02,0.047250027161239105
sp500_triple_ma10_50_200_monthly_top2,10.0,2024-03,-0.02528000034621014
sp500_triple_ma10_50_200_monthly_top2,10.0,2024-04,-0.20597364501301813
sp500_triple_ma10_50_200_monthly_top2,10.0,2024-05,0.12635386892795547
sp500_triple_ma10_50_200_monthly_top2,10.0,2024-06,0.03255987412656747
sp500_triple_ma10_50_200_monthly_top2,10.0,2024-07,-0.07469730923498868
sp500_triple_ma10_50_200_monthly_top2,10.0,2024-08,-0.010513606830596045
sp500_triple_ma10_50_200_monthly_top2,10.0,2024-09,0.10032256135688938
sp500_triple_ma10_50_200_monthly_top2,10.0,2024-10,-0.03489444631292937
sp500_triple_ma10_50_200_monthly_top2,10.0,2024-11,0.3511371866717624
sp500_triple_ma10_50_200_monthly_top2,10.0,2024-12,-0.010049148447406842
sp500_triple_ma10_50_200_monthly_top2,10.0,2025-01,0.0690352913304984
sp500_triple_ma10_50_200_monthly_top2,10.0,2025-02,0.02001882841371666
sp500_triple_ma10_50_200_monthly_top2,10.0,2025-03,-0.11436444527969952
sp500_triple_ma10_50_200_monthly_top2,10.0,2025-04,-0.05661371278261662
sp500_triple_ma10_50_200_monthly_top2,10.0,2025-05,0.06957504822459465
sp500_triple_ma10_50_200_monthly_top2,10.0,2025-06,0.06808880798124639
sp500_triple_ma10_50_200_monthly_top2,10.0,2025-07,0.08006824447933941
sp500_triple_ma10_50_200_monthly_top2,10.0,2025-08,-0.028274215536941705
sp500_triple_ma10_50_200_monthly_top2,10.0,2025-09,0.10053620105297723
sp500_triple_ma10_50_200_monthly_top2,10.0,2025-10,0.03835802870295374
sp500_triple_ma10_50_200_monthly_top2,10.0,2025-11,0.08063962073074182
sp500_triple_ma10_50_200_monthly_top2,10.0,2025-12,0.15049329202405626
sp500_triple_ma10_50_200_monthly_top2,10.0,2026-01,0.6581427876442951
sp500_triple_ma10_50_200_monthly_top2,10.0,2026-02,0.11120373068084327
sp500_triple_ma10_50_200_monthly_top2,10.0,2026-03,0.08344016660514958
sp500_triple_ma10_50_200_monthly_top2,10.0,2026-04,0.40242464746535617
sp500_triple_ma10_50_200_monthly_top3,0.0,2021-05,0.0
sp500_triple_ma10_50_200_monthly_top3,0.0,2021-06,0.0
sp500_triple_ma10_50_200_monthly_top3,0.0,2021-07,0.0
sp500_triple_ma10_50_200_monthly_top3,0.0,2021-08,0.0
sp500_triple_ma10_50_200_monthly_top3,0.0,2021-09,0.0
sp500_triple_ma10_50_200_monthly_top3,0.0,2021-10,0.0
sp500_triple_ma10_50_200_monthly_top3,0.0,2021-11,0.0
sp500_triple_ma10_50_200_monthly_top3,0.0,2021-12,0.0
sp500_triple_ma10_50_200_monthly_top3,0.0,2022-01,0.0
sp500_triple_ma10_50_200_monthly_top3,0.0,2022-02,0.0
sp500_triple_ma10_50_200_monthly_top3,0.0,2022-03,0.08113906669875597
sp500_triple_ma10_50_200_monthly_top3,0.0,2022-04,-0.019212079812071542
sp500_triple_ma10_50_200_monthly_top3,0.0,2022-05,0.24788984075366
sp500_triple_ma10_50_200_monthly_top3,0.0,2022-06,-0.2551668481582031
sp500_triple_ma10_50_200_monthly_top3,0.0,2022-07,-0.006687828366791422
sp500_triple_ma10_50_200_monthly_top3,0.0,2022-08,0.057659671847308386
sp500_triple_ma10_50_200_monthly_top3,0.0,2022-09,-0.01658255670571919
sp500_triple_ma10_50_200_monthly_top3,0.0,2022-10,0.09562038473899098
sp500_triple_ma10_50_200_monthly_top3,0.0,2022-11,0.053396900146943864
sp500_triple_ma10_50_200_monthly_top3,0.0,2022-12,-0.1451224883738993
sp500_triple_ma10_50_200_monthly_top3,0.0,2023-01,0.04185344837739168
sp500_triple_ma10_50_200_monthly_top3,0.0,2023-02,-0.10702770819804582
sp500_triple_ma10_50_200_monthly_top3,0.0,2023-03,0.00830840778874153
sp500_triple_ma10_50_200_monthly_top3,0.0,2023-04,0.030182771973332703
sp500_triple_ma10_50_200_monthly_top3,0.0,2023-05,0.04646365178690892
sp500_triple_ma10_50_200_monthly_top3,0.0,2023-06,0.04595964325993888
sp500_triple_ma10_50_200_monthly_top3,0.0,2023-07,0.06559930906086853
sp500_triple_ma10_50_200_monthly_top3,0.0,2023-08,7.83355661529428e-06
sp500_triple_ma10_50_200_monthly_top3,0.0,2023-09,-0.09551676277713209
sp500_triple_ma10_50_200_monthly_top3,0.0,2023-10,-0.01481963390444296
sp500_triple_ma10_50_200_monthly_top3,0.0,2023-11,0.032241217592111446
sp500_triple_ma10_50_200_monthly_top3,0.0,2023-12,0.047611519027586605
sp500_triple_ma10_50_200_monthly_top3,0.0,2024-01,-0.006370900940691142
sp500_triple_ma10_50_200_monthly_top3,0.0,2024-02,0.02728879146976089
sp500_triple_ma10_50_200_monthly_top3,0.0,2024-03,0.01734895451313174
sp500_triple_ma10_50_200_monthly_top3,0.0,2024-04,-0.1777761297818038
sp500_triple_ma10_50_200_monthly_top3,0.0,2024-05,0.08417874736998765
sp500_triple_ma10_50_200_monthly_top3,0.0,2024-06,0.023063777300319575
sp500_triple_ma10_50_200_monthly_top3,0.0,2024-07,-0.05369866319155325
sp500_triple_ma10_50_200_monthly_top3,0.0,2024-08,0.05444839852529689
sp500_triple_ma10_50_200_monthly_top3,0.0,2024-09,0.08467659183543358
sp500_triple_ma10_50_200_monthly_top3,0.0,2024-10,-0.037147671509955765
sp500_triple_ma10_50_200_monthly_top3,0.0,2024-11,0.3543828178180384
sp500_triple_ma10_50_200_monthly_top3,0.0,2024-12,-0.011306859121862385
sp500_triple_ma10_50_200_monthly_top3,0.0,2025-01,0.05448658885277664
sp500_triple_ma10_50_200_monthly_top3,0.0,2025-02,-0.016344983239207224
sp500_triple_ma10_50_200_monthly_top3,0.0,2025-03,-0.13302014915309504
sp500_triple_ma10_50_200_monthly_top3,0.0,2025-04,-0.04353983172163659
sp500_triple_ma10_50_200_monthly_top3,0.0,2025-05,0.0351466807588124
sp500_triple_ma10_50_200_monthly_top3,0.0,2025-06,0.06969157989145085
sp500_triple_ma10_50_200_monthly_top3,0.0,2025-07,0.07616244537522998
sp500_triple_ma10_50_200_monthly_top3,0.0,2025-08,-0.019218531439921804
sp500_triple_ma10_50_200_monthly_top3,0.0,2025-09,0.19147980406587806
sp500_triple_ma10_50_200_monthly_top3,0.0,2025-10,0.06989134745043837
sp500_triple_ma10_50_200_monthly_top3,0.0,2025-11,0.02780237300980341
sp500_triple_ma10_50_200_monthly_top3,0.0,2025-12,0.17968170569310912
sp500_triple_ma10_50_200_monthly_top3,0.0,2026-01,0.5559709767748087
sp500_triple_ma10_50_200_monthly_top3,0.0,2026-02,0.08994329785894399
sp500_triple_ma10_50_200_monthly_top3,0.0,2026-03,0.007324328131563709
sp500_triple_ma10_50_200_monthly_top3,0.0,2026-04,0.4141923411870542
sp500_triple_ma10_50_200_monthly_top3,1.0,2021-05,0.0
sp500_triple_ma10_50_200_monthly_top3,1.0,2021-06,0.0
sp500_triple_ma10_50_200_monthly_top3,1.0,2021-07,0.0
sp500_triple_ma10_50_200_monthly_top3,1.0,2021-08,0.0
sp500_triple_ma10_50_200_monthly_top3,1.0,2021-09,0.0
sp500_triple_ma10_50_200_monthly_top3,1.0,2021-10,0.0
sp500_triple_ma10_50_200_monthly_top3,1.0,2021-11,0.0
sp500_triple_ma10_50_200_monthly_top3,1.0,2021-12,0.0
sp500_triple_ma10_50_200_monthly_top3,1.0,2022-01,0.0
sp500_triple_ma10_50_200_monthly_top3,1.0,2022-02,0.0
sp500_triple_ma10_50_200_monthly_top3,1.0,2022-03,0.08103906669875595
sp500_triple_ma10_50_200_monthly_top3,1.0,2022-04,-0.019212079812071542
sp500_triple_ma10_50_200_monthly_top3,1.0,2022-05,0.24782317408699334
sp500_triple_ma10_50_200_monthly_top3,1.0,2022-06,-0.2551668481582031
sp500_triple_ma10_50_200_monthly_top3,1.0,2022-07,-0.0068878283667914205
sp500_triple_ma10_50_200_monthly_top3,1.0,2022-08,0.05752633851397505
sp500_triple_ma10_50_200_monthly_top3,1.0,2022-09,-0.016715890039052522
sp500_triple_ma10_50_200_monthly_top3,1.0,2022-10,0.09548705140565765
sp500_triple_ma10_50_200_monthly_top3,1.0,2022-11,0.053196900146943865
sp500_triple_ma10_50_200_monthly_top3,1.0,2022-12,-0.14532248837389927
sp500_triple_ma10_50_200_monthly_top3,1.0,2023-01,0.04165344837739168
sp500_triple_ma10_50_200_monthly_top3,1.0,2023-02,-0.10709437486471249
sp500_triple_ma10_50_200_monthly_top3,1.0,2023-03,0.008175074455408198
sp500_triple_ma10_50_200_monthly_top3,1.0,2023-04,0.03004943863999937
sp500_triple_ma10_50_200_monthly_top3,1.0,2023-05,0.04639698512024225
sp500_triple_ma10_50_200_monthly_top3,1.0,2023-06,0.045826309926605545
sp500_triple_ma10_50_200_monthly_top3,1.0,2023-07,0.06559930906086853
sp500_triple_ma10_50_200_monthly_top3,1.0,2023-08,-5.8833110051365045e-05
sp500_triple_ma10_50_200_monthly_top3,1.0,2023-09,-0.09565009611046542
sp500_triple_ma10_50_200_monthly_top3,1.0,2023-10,-0.015019633904442959
sp500_triple_ma10_50_200_monthly_top3,1.0,2023-11,0.03210788425877811
sp500_triple_ma10_50_200_monthly_top3,1.0,2023-12,0.0474115190275866
sp500_triple_ma10_50_200_monthly_top3,1.0,2024-01,-0.006504234274024474
sp500_triple_ma10_50_200_monthly_top3,1.0,2024-02,0.027155458136427557
sp500_triple_ma10_50_200_monthly_top3,1.0,2024-03,0.017215621179798406
sp500_triple_ma10_50_200_monthly_top3,1.0,2024-04,-0.1779094631151371
sp500_triple_ma10_50_200_monthly_top3,1.0,2024-05,0.08397874736998764
sp500_triple_ma10_50_200_monthly_top3,1.0,2024-06,0.02286377730031957
sp500_triple_ma10_50_200_monthly_top3,1.0,2024-07,-0.053831996524886586
sp500_triple_ma10_50_200_monthly_top3,1.0,2024-08,0.05424839852529689
sp500_triple_ma10_50_200_monthly_top3,1.0,2024-09,0.08447659183543359
sp500_triple_ma10_50_200_monthly_top3,1.0,2024-10,-0.037214338176622425
sp500_triple_ma10_50_200_monthly_top3,1.0,2024-11,0.3541828178180384
sp500_triple_ma10_50_200_monthly_top3,1.0,2024-12,-0.011373525788529045
sp500_triple_ma10_50_200_monthly_top3,1.0,2025-01,0.05435325551944331
sp500_triple_ma10_50_200_monthly_top3,1.0,2025-02,-0.016411649905873883
sp500_triple_ma10_50_200_monthly_top3,1.0,2025-03,-0.13315348248642836
sp500_triple_ma10_50_200_monthly_top3,1.0,2025-04,-0.0437398317216366
sp500_triple_ma10_50_200_monthly_top3,1.0,2025-05,0.03494668075881241
sp500_triple_ma10_50_200_monthly_top3,1.0,2025-06,0.06962491322478417
sp500_triple_ma10_50_200_monthly_top3,1.0,2025-07,0.07602911204189665
sp500_triple_ma10_50_200_monthly_top3,1.0,2025-08,-0.01928519810658847
sp500_triple_ma10_50_200_monthly_top3,1.0,2025-09,0.1914131373992114
sp500_triple_ma10_50_200_monthly_top3,1.0,2025-10,0.06982468078377171
sp500_triple_ma10_50_200_monthly_top3,1.0,2025-11,0.027669039676470077
sp500_triple_ma10_50_200_monthly_top3,1.0,2025-12,0.1795483723597758
sp500_triple_ma10_50_200_monthly_top3,1.0,2026-01,0.5559709767748087
sp500_triple_ma10_50_200_monthly_top3,1.0,2026-02,0.0898766311922773
sp500_triple_ma10_50_200_monthly_top3,1.0,2026-03,0.00725766146489705
sp500_triple_ma10_50_200_monthly_top3,1.0,2026-04,0.41412567452038757
sp500_triple_ma10_50_200_monthly_top3,2.0,2021-05,0.0
sp500_triple_ma10_50_200_monthly_top3,2.0,2021-06,0.0
sp500_triple_ma10_50_200_monthly_top3,2.0,2021-07,0.0
sp500_triple_ma10_50_200_monthly_top3,2.0,2021-08,0.0
sp500_triple_ma10_50_200_monthly_top3,2.0,2021-09,0.0
sp500_triple_ma10_50_200_monthly_top3,2.0,2021-10,0.0
sp500_triple_ma10_50_200_monthly_top3,2.0,2021-11,0.0
sp500_triple_ma10_50_200_monthly_top3,2.0,2021-12,0.0
sp500_triple_ma10_50_200_monthly_top3,2.0,2022-01,0.0
sp500_triple_ma10_50_200_monthly_top3,2.0,2022-02,0.0
sp500_triple_ma10_50_200_monthly_top3,2.0,2022-03,0.08093906669875596
sp500_triple_ma10_50_200_monthly_top3,2.0,2022-04,-0.019212079812071542
sp500_triple_ma10_50_200_monthly_top3,2.0,2022-05,0.24775650742032668
sp500_triple_ma10_50_200_monthly_top3,2.0,2022-06,-0.2551668481582031
sp500_triple_ma10_50_200_monthly_top3,2.0,2022-07,-0.007087828366791419
sp500_triple_ma10_50_200_monthly_top3,2.0,2022-08,0.05739300518064172
sp500_triple_ma10_50_200_monthly_top3,2.0,2022-09,-0.016849223372385855
sp500_triple_ma10_50_200_monthly_top3,2.0,2022-10,0.09535371807232432
sp500_triple_ma10_50_200_monthly_top3,2.0,2022-11,0.052996900146943866
sp500_triple_ma10_50_200_monthly_top3,2.0,2022-12,-0.14552248837389928
sp500_triple_ma10_50_200_monthly_top3,2.0,2023-01,0.041453448377391684
sp500_triple_ma10_50_200_monthly_top3,2.0,2023-02,-0.10716104153137915
sp500_triple_ma10_50_200_monthly_top3,2.0,2023-03,0.008041741122074866
sp500_triple_ma10_50_200_monthly_top3,2.0,2023-04,0.029916105306666038
sp500_triple_ma10_50_200_monthly_top3,2.0,2023-05,0.04633031845357559
sp500_triple_ma10_50_200_monthly_top3,2.0,2023-06,0.04569297659327221
sp500_triple_ma10_50_200_monthly_top3,2.0,2023-07,0.06559930906086853
sp500_triple_ma10_50_200_monthly_top3,2.0,2023-08,-0.00012549977671803825
sp500_triple_ma10_50_200_monthly_top3,2.0,2023-09,-0.09578342944379875
sp500_triple_ma10_50_200_monthly_top3,2.0,2023-10,-0.015219633904442958
sp500_triple_ma10_50_200_monthly_top3,2.0,2023-11,0.03197455092544477
sp500_triple_ma10_50_200_monthly_top3,2.0,2023-12,0.0472115190275866
sp500_triple_ma10_50_200_monthly_top3,2.0,2024-01,-0.006637567607357807
sp500_triple_ma10_50_200_monthly_top3,2.0,2024-02,0.027022124803094225
sp500_triple_ma10_50_200_monthly_top3,2.0,2024-03,0.017082287846465073
sp500_triple_ma10_50_200_monthly_top3,2.0,2024-04,-0.17804279644847046
sp500_triple_ma10_50_200_monthly_top3,2.0,2024-05,0.08377874736998765
sp500_triple_ma10_50_200_monthly_top3,2.0,2024-06,0.022663777300319578
sp500_triple_ma10_50_200_monthly_top3,2.0,2024-07,-0.05396532985821992
sp500_triple_ma10_50_200_monthly_top3,2.0,2024-08,0.054048398525296894
sp500_triple_ma10_50_200_monthly_top3,2.0,2024-09,0.08427659183543358
sp500_triple_ma10_50_200_monthly_top3,2.0,2024-10,-0.0372810048432891
sp500_triple_ma10_50_200_monthly_top3,2.0,2024-11,0.35398281781803836
sp500_triple_ma10_50_200_monthly_top3,2.0,2024-12,-0.011440192455195718
sp500_triple_ma10_50_200_monthly_top3,2.0,2025-01,0.05421992218610998
sp500_triple_ma10_50_200_monthly_top3,2.0,2025-02,-0.016478316572540543
sp500_triple_ma10_50_200_monthly_top3,2.0,2025-03,-0.1332868158197617
sp500_triple_ma10_50_200_monthly_top3,2.0,2025-04,-0.04393983172163659
sp500_triple_ma10_50_200_monthly_top3,2.0,2025-05,0.034746680758812404
sp500_triple_ma10_50_200_monthly_top3,2.0,2025-06,0.0695582465581175
sp500_triple_ma10_50_200_monthly_top3,2.0,2025-07,0.07589577870856332
sp500_triple_ma10_50_200_monthly_top3,2.0,2025-08,-0.019351864773255137
sp500_triple_ma10_50_200_monthly_top3,2.0,2025-09,0.1913464707325447
sp500_triple_ma10_50_200_monthly_top3,2.0,2025-10,0.06975801411710505
sp500_triple_ma10_50_200_monthly_top3,2.0,2025-11,0.027535706343136745
sp500_triple_ma10_50_200_monthly_top3,2.0,2025-12,0.17941503902644246
sp500_triple_ma10_50_200_monthly_top3,2.0,2026-01,0.5559709767748087
sp500_triple_ma10_50_200_monthly_top3,2.0,2026-02,0.08980996452561064
sp500_triple_ma10_50_200_monthly_top3,2.0,2026-03,0.007190994798230391
sp500_triple_ma10_50_200_monthly_top3,2.0,2026-04,0.4140590078537209
sp500_triple_ma10_50_200_monthly_top3,5.0,2021-05,0.0
sp500_triple_ma10_50_200_monthly_top3,5.0,2021-06,0.0
sp500_triple_ma10_50_200_monthly_top3,5.0,2021-07,0.0
sp500_triple_ma10_50_200_monthly_top3,5.0,2021-08,0.0
sp500_triple_ma10_50_200_monthly_top3,5.0,2021-09,0.0
sp500_triple_ma10_50_200_monthly_top3,5.0,2021-10,0.0
sp500_triple_ma10_50_200_monthly_top3,5.0,2021-11,0.0
sp500_triple_ma10_50_200_monthly_top3,5.0,2021-12,0.0
sp500_triple_ma10_50_200_monthly_top3,5.0,2022-01,0.0
sp500_triple_ma10_50_200_monthly_top3,5.0,2022-02,0.0
sp500_triple_ma10_50_200_monthly_top3,5.0,2022-03,0.08063906669875597
sp500_triple_ma10_50_200_monthly_top3,5.0,2022-04,-0.019212079812071542
sp500_triple_ma10_50_200_monthly_top3,5.0,2022-05,0.24755650742032664
sp500_triple_ma10_50_200_monthly_top3,5.0,2022-06,-0.2551668481582031
sp500_triple_ma10_50_200_monthly_top3,5.0,2022-07,-0.007687828366791423
sp500_triple_ma10_50_200_monthly_top3,5.0,2022-08,0.05699300518064172
sp500_triple_ma10_50_200_monthly_top3,5.0,2022-09,-0.017249223372385852
sp500_triple_ma10_50_200_monthly_top3,5.0,2022-10,0.09495371807232432
sp500_triple_ma10_50_200_monthly_top3,5.0,2022-11,0.05239690014694386
sp500_triple_ma10_50_200_monthly_top3,5.0,2022-12,-0.1461224883738993
sp500_triple_ma10_50_200_monthly_top3,5.0,2023-01,0.04085344837739168
sp500_triple_ma10_50_200_monthly_top3,5.0,2023-02,-0.10736104153137915
sp500_triple_ma10_50_200_monthly_top3,5.0,2023-03,0.007641741122074868
sp500_triple_ma10_50_200_monthly_top3,5.0,2023-04,0.02951610530666604
sp500_triple_ma10_50_200_monthly_top3,5.0,2023-05,0.04613031845357558
sp500_triple_ma10_50_200_monthly_top3,5.0,2023-06,0.04529297659327221
sp500_triple_ma10_50_200_monthly_top3,5.0,2023-07,0.06559930906086853
sp500_triple_ma10_50_200_monthly_top3,5.0,2023-08,-0.0003254997767180301
sp500_triple_ma10_50_200_monthly_top3,5.0,2023-09,-0.09618342944379875
sp500_triple_ma10_50_200_monthly_top3,5.0,2023-10,-0.015819633904442954
sp500_triple_ma10_50_200_monthly_top3,5.0,2023-11,0.03157455092544477
sp500_triple_ma10_50_200_monthly_top3,5.0,2023-12,0.046611519027586604
sp500_triple_ma10_50_200_monthly_top3,5.0,2024-01,-0.0070375676073578045
sp500_triple_ma10_50_200_monthly_top3,5.0,2024-02,0.026622124803094227
sp500_triple_ma10_50_200_monthly_top3,5.0,2024-03,0.016682287846465076
sp500_triple_ma10_50_200_monthly_top3,5.0,2024-04,-0.17844279644847047
sp500_triple_ma10_50_200_monthly_top3,5.0,2024-05,0.08317874736998765
sp500_triple_ma10_50_200_monthly_top3,5.0,2024-06,0.022063777300319574
sp500_triple_ma10_50_200_monthly_top3,5.0,2024-07,-0.05436532985821992
sp500_triple_ma10_50_200_monthly_top3,5.0,2024-08,0.05344839852529689
sp500_triple_ma10_50_200_monthly_top3,5.0,2024-09,0.08367659183543358
sp500_triple_ma10_50_200_monthly_top3,5.0,2024-10,-0.03748100484328909
sp500_triple_ma10_50_200_monthly_top3,5.0,2024-11,0.3533828178180384
sp500_triple_ma10_50_200_monthly_top3,5.0,2024-12,-0.011640192455195703
sp500_triple_ma10_50_200_monthly_top3,5.0,2025-01,0.05381992218610998
sp500_triple_ma10_50_200_monthly_top3,5.0,2025-02,-0.01667831657254055
sp500_triple_ma10_50_200_monthly_top3,5.0,2025-03,-0.13368681581976172
sp500_triple_ma10_50_200_monthly_top3,5.0,2025-04,-0.04453983172163659
sp500_triple_ma10_50_200_monthly_top3,5.0,2025-05,0.0341466807588124
sp500_triple_ma10_50_200_monthly_top3,5.0,2025-06,0.06935824655811751
sp500_triple_ma10_50_200_monthly_top3,5.0,2025-07,0.07549577870856332
sp500_triple_ma10_50_200_monthly_top3,5.0,2025-08,-0.019551864773255136
sp500_triple_ma10_50_200_monthly_top3,5.0,2025-09,0.1911464707325447
sp500_triple_ma10_50_200_monthly_top3,5.0,2025-10,0.06955801411710505
sp500_triple_ma10_50_200_monthly_top3,5.0,2025-11,0.027135706343136747
sp500_triple_ma10_50_200_monthly_top3,5.0,2025-12,0.17901503902644247
sp500_triple_ma10_50_200_monthly_top3,5.0,2026-01,0.5559709767748087
sp500_triple_ma10_50_200_monthly_top3,5.0,2026-02,0.08960996452561064
sp500_triple_ma10_50_200_monthly_top3,5.0,2026-03,0.006990994798230385
sp500_triple_ma10_50_200_monthly_top3,5.0,2026-04,0.4138590078537209
sp500_triple_ma10_50_200_monthly_top3,10.0,2021-05,0.0
sp500_triple_ma10_50_200_monthly_top3,10.0,2021-06,0.0
sp500_triple_ma10_50_200_monthly_top3,10.0,2021-07,0.0
sp500_triple_ma10_50_200_monthly_top3,10.0,2021-08,0.0
sp500_triple_ma10_50_200_monthly_top3,10.0,2021-09,0.0
sp500_triple_ma10_50_200_monthly_top3,10.0,2021-10,0.0
sp500_triple_ma10_50_200_monthly_top3,10.0,2021-11,0.0
sp500_triple_ma10_50_200_monthly_top3,10.0,2021-12,0.0
sp500_triple_ma10_50_200_monthly_top3,10.0,2022-01,0.0
sp500_triple_ma10_50_200_monthly_top3,10.0,2022-02,0.0
sp500_triple_ma10_50_200_monthly_top3,10.0,2022-03,0.08013906669875596
sp500_triple_ma10_50_200_monthly_top3,10.0,2022-04,-0.019212079812071542
sp500_triple_ma10_50_200_monthly_top3,10.0,2022-05,0.24722317408699335
sp500_triple_ma10_50_200_monthly_top3,10.0,2022-06,-0.2551668481582031
sp500_triple_ma10_50_200_monthly_top3,10.0,2022-07,-0.00868782836679142
sp500_triple_ma10_50_200_monthly_top3,10.0,2022-08,0.05632633851397505
sp500_triple_ma10_50_200_monthly_top3,10.0,2022-09,-0.01791589003905253
sp500_triple_ma10_50_200_monthly_top3,10.0,2022-10,0.09428705140565766
sp500_triple_ma10_50_200_monthly_top3,10.0,2022-11,0.05139690014694387
sp500_triple_ma10_50_200_monthly_top3,10.0,2022-12,-0.1471224883738993
sp500_triple_ma10_50_200_monthly_top3,10.0,2023-01,0.03985344837739168
sp500_triple_ma10_50_200_monthly_top3,10.0,2023-02,-0.10769437486471248
sp500_triple_ma10_50_200_monthly_top3,10.0,2023-03,0.0069750744554082054
sp500_triple_ma10_50_200_monthly_top3,10.0,2023-04,0.02884943863999937
sp500_triple_ma10_50_200_monthly_top3,10.0,2023-05,0.04579698512024226
sp500_triple_ma10_50_200_monthly_top3,10.0,2023-06,0.044626309926605545
sp500_triple_ma10_50_200_monthly_top3,10.0,2023-07,0.06559930906086853
sp500_triple_ma10_50_200_monthly_top3,10.0,2023-08,-0.0006588331100513684
sp500_triple_ma10_50_200_monthly_top3,10.0,2023-09,-0.09685009611046543
sp500_triple_ma10_50_200_monthly_top3,10.0,2023-10,-0.016819633904442955
sp500_triple_ma10_50_200_monthly_top3,10.0,2023-11,0.030907884258778103
sp500_triple_ma10_50_200_monthly_top3,10.0,2023-12,0.0456115190275866
sp500_triple_ma10_50_200_monthly_top3,10.0,2024-01,-0.007704234274024481
sp500_triple_ma10_50_200_monthly_top3,10.0,2024-02,0.025955458136427557
sp500_triple_ma10_50_200_monthly_top3,10.0,2024-03,0.016015621179798406
sp500_triple_ma10_50_200_monthly_top3,10.0,2024-04,-0.17910946311513712
sp500_triple_ma10_50_200_monthly_top3,10.0,2024-05,0.08217874736998765
sp500_triple_ma10_50_200_monthly_top3,10.0,2024-06,0.021063777300319574
sp500_triple_ma10_50_200_monthly_top3,10.0,2024-07,-0.05503199652488659
sp500_triple_ma10_50_200_monthly_top3,10.0,2024-08,0.05244839852529689
sp500_triple_ma10_50_200_monthly_top3,10.0,2024-09,0.08267659183543358
sp500_triple_ma10_50_200_monthly_top3,10.0,2024-10,-0.03781433817662243
sp500_triple_ma10_50_200_monthly_top3,10.0,2024-11,0.3523828178180384
sp500_triple_ma10_50_200_monthly_top3,10.0,2024-12,-0.011973525788529041
sp500_triple_ma10_50_200_monthly_top3,10.0,2025-01,0.05315325551944332
sp500_triple_ma10_50_200_monthly_top3,10.0,2025-02,-0.017011649905873873
sp500_triple_ma10_50_200_monthly_top3,10.0,2025-03,-0.13435348248642837
sp500_triple_ma10_50_200_monthly_top3,10.0,2025-04,-0.045539831721636594
sp500_triple_ma10_50_200_monthly_top3,10.0,2025-05,0.03314668075881241
sp500_triple_ma10_50_200_monthly_top3,10.0,2025-06,0.06902491322478417
sp500_triple_ma10_50_200_monthly_top3,10.0,2025-07,0.07482911204189664
sp500_triple_ma10_50_200_monthly_top3,10.0,2025-08,-0.019885198106588474
sp500_triple_ma10_50_200_monthly_top3,10.0,2025-09,0.19081313739921138
sp500_triple_ma10_50_200_monthly_top3,10.0,2025-10,0.06922468078377172
sp500_triple_ma10_50_200_monthly_top3,10.0,2025-11,0.02646903967647007
sp500_triple_ma10_50_200_monthly_top3,10.0,2025-12,0.1783483723597758
sp500_triple_ma10_50_200_monthly_top3,10.0,2026-01,0.5559709767748087
sp500_triple_ma10_50_200_monthly_top3,10.0,2026-02,0.08927663119227731
sp500_triple_ma10_50_200_monthly_top3,10.0,2026-03,0.0066576614648970606
sp500_triple_ma10_50_200_monthly_top3,10.0,2026-04,0.4135256745203876
