entry_date,mu_day_ret,mu_first30_ret,mu_last30_ret,mu_range,mu_close_loc,mu_volume_ratio,mu_prior_overnight,mu_ret5,mu_ret20,qqq_day_ret,smh_day_ret,spy_day_ret,mu_minus_smh,dow,entry_close,exit_open,exit_date,gross_return,green,entry_bar_close,exit_bar_open,test_year,logistic_score,logistic_selected,ridge_score,ridge_selected
2023-01-03,-0.0027700831024930483,-0.017807677087455454,-0.003755682941292804,0.028456104944500682,0.6028368794326235,0.9001997657954922,0.011002200440088039,0.003386454183266885,-0.07932736245658933,-0.015075376884421954,-0.02512343886145818,-0.008611233967271148,0.022353355758965132,1,50.37,53.08,2023-01-04,0.05380186619019267,1,50.37,53.08,2023,0.4794565479422444,False,-0.0008565624535586168,False
2023-01-04,0.020158251695553853,0.0043330821401659225,0.004358712788648855,0.03394652000758591,0.793296089385473,1.911123024194802,0.05380186619019267,0.08334999000599641,0.0027752081406107187,-0.0038633209557031867,0.005119453924914641,0.0008351166553577372,0.015038797770639212,2,54.2,53.9,2023-01-05,-0.005535055350553542,0,54.2,53.9,2023,0.3171118661500407,False,-0.008714015053986671,False
2023-01-05,0.01576994434137302,0.011131725417439675,-9.131586156518878e-05,0.0278344776396362,0.5733333333333329,1.204665448774874,-0.005535055350553542,0.11425661914460283,0.01956764815505041,-0.00914530238194422,-0.0051958237341307445,-0.00594676726396326,0.020965768075503766,3,54.71,55.41,2023-01-06,0.012794735880095054,1,54.71,55.41,2023,0.5082267953191604,False,-0.0011285447058717746,False
2023-01-06,0.0226493412741382,-0.021115322144017235,-0.004479971890372525,0.06033684989820465,0.8082822085889569,1.4621777085400476,0.012794735880095054,0.12065560821485,0.05385329619312906,0.0204306383625108,0.02629153528983741,0.013803350670395398,-0.003642194015699207,4,56.75,56.91,2023-01-09,0.002819383259911934,1,56.75,56.91,2023,0.45815531701049184,False,0.0009207281833605585,True
2023-01-09,-0.009488666315234595,-0.003162888771744865,-0.0024774376216598615,0.033513027852650534,0.38605898123324295,1.0981572914006932,0.002819383259911934,0.12742548509701934,0.021014492753623104,-0.0015877704748541444,0.003015121996474468,-0.006148013423162624,-0.012503788311709063,0,56.36,56.12,2023-01-10,-0.004258339247693477,0,56.36,56.12,2023,0.533470398581952,True,0.001862672877848911,True
2023-01-10,0.018531717747683585,0.0069493941553813166,0.009358996998057423,0.024167561761546663,0.9629629629629598,0.6031130717527516,-0.004258339247693477,0.13579511614055995,0.042836310608822536,0.011928171261084142,0.015777262180974416,0.00841833440929629,0.0027544555667091686,1,57.21,57.35,2023-01-11,0.002447124628561559,1,57.21,57.35,2023,0.43947027390591115,False,-0.002616295341773464,False
2023-01-11,0.0108108108108107,0.0034873583260679464,-0.00223752151462997,0.027143359100491926,0.6796116504854343,0.8002990627564306,0.002447124628561559,0.07167896678966779,0.049223265895953716,0.012831276921953627,0.011652082524161056,0.007878030747265674,-0.0008412717133503556,2,58.085,58.05,2023-01-12,-0.000602565206163419,0,58.085,58.05,2023,0.4449884604450097,False,-0.003969880308609009,False
2023-01-12,-0.013264427217915542,-0.022049956933677728,0.0005240174672489495,0.032075137338295256,0.4696132596685085,0.9479746216051241,-0.000602565206163419,0.047157740815207516,0.03805037144410228,0.0034157917445707398,0.006264542688383834,0.0009075553986939155,-0.019528969906299376,3,57.29,56.73,2023-01-13,-0.009774829813230967,0,57.29,56.73,2023,0.49104207880237744,False,-0.0008555796199302287,False
2023-01-13,0.0031729243786355887,-0.0001762735765907797,0.006099177936886857,0.015146115466856847,0.9294117647058798,0.7607453801796663,-0.009774829813230967,0.002995594713656402,0.04306395455378409,0.016165196007522198,0.014018061733387377,0.012778822214318364,-0.010845137354751788,4,56.92,57.12,2023-01-17,0.0035137034434293835,1,56.92,57.12,2023,0.4126345055112539,False,-0.004146458431364942,False
2023-01-17,-0.0042892156862744946,0.0126050420168069,-0.0028052949943017103,0.03625110521662256,0.15853658536585472,0.7196064348000069,0.0035137034434293835,0.008871540099361308,0.09199154983675828,0.002136980446628911,0.008347023043111523,-0.00203272435253965,-0.012636238729386018,1,56.86,57.46,2023-01-18,0.010552233556102797,1,56.86,57.46,2023,0.5361679091365362,True,0.0012660112832384481,True
2023-01-18,-0.016794291681169526,0.0034806822137138926,-0.0036155202821870347,0.029936071795472197,0.07995495495495195,0.693698209759729,0.010552233556102797,-0.01223562314280724,0.08526982907624348,-0.01908882217905694,-0.01496770815150994,-0.019171240257624622,-0.0018265835296595867,2,56.51,55.87,2023-01-19,-0.01132542912758805,0,56.51,55.87,2023,0.45578459538968147,False,-0.0027110680160315503,False
2023-01-19,0.009844281367460184,-0.005548594952568431,-0.008784258608573459,0.032651953690303825,0.6315789473684215,0.7889372030876625,-0.01132542912758805,-0.029525695102005756,0.08990719257540603,-0.003945844193455117,-0.014312550317559736,-0.00151534608963666,0.02415683168501992,3,56.37,57.47,2023-01-20,0.01951392584708178,1,56.37,57.47,2023,0.5077618417229626,False,0.0001429691683015725,False
2023-01-20,0.01626935792587436,0.001914042108926317,-0.0017945650316184558,0.03188865398167717,0.9088397790055255,1.01758906491236,0.01951392584708178,0.020073311223599122,0.15289011639376593,0.021390374331550888,0.02153174638887645,0.014124945525391785,-0.005262388463002088,4,58.44,58.98,2023-01-23,0.00924024640657084,1,58.44,58.98,2023,0.39688118513718634,False,-0.0031191221727552335,False
2023-01-23,0.047812817904374416,0.027806035944387908,0.011827576722071687,0.050458715596330306,0.9898989898989895,1.5303189032236777,0.00924024640657084,0.08626141953619104,0.20808909730363423,0.019223307819829838,0.03903930131004363,0.009679622907844188,0.008773516594330788,0,61.83,61.07,2023-01-24,-0.012291767750282956,0,61.83,61.07,2023,0.3882455661015578,False,-0.0011937347458464437,False
2023-01-24,0.002292451285410113,-0.0011298509906665366,-0.0035813120625101114,0.013964185970100296,0.40000000000000335,0.7732347850475066,-0.012291767750282956,0.07738304607808644,0.23907766990291268,0.004124464863735966,0.0062154108131120545,0.003986161251504194,-0.003922959527701941,1,61.26,60.672,2023-01-25,-0.009598432908912824,0,61.26,60.672,2023,0.524877009344839,True,0.0003602707407625804,False
2023-01-25,0.013976793248945185,0.007878428270042148,0.00032520325203266864,0.019364448857994043,0.94017094017094,0.8141416131721778,-0.009598432908912824,0.08936471420987435,0.22629482071713136,0.013461606230397827,0.017687309033007637,0.010405354211390438,-0.0037105157840624514,2,61.56,62.58,2023-01-26,0.016569200779727122,1,61.56,62.58,2023,0.3902585691223558,False,-0.005728583549180333,False
2023-01-26,0.002636625119846636,-0.01613934164269737,-0.0029397743524551823,0.028715940610213764,0.8267045454545454,1.0074360103072915,0.016569200779727122,0.11424516586836986,0.25544673196082357,0.006730650367419599,0.003754693366708306,0.0033116689819407963,-0.0011180682468616698,3,62.81,62.14,2023-01-27,-0.010667091227511527,0,62.81,62.14,2023,0.4074130985884385,False,-0.0032948747941179096,False
2023-01-27,0.028564531702607088,0.016092693916961665,-0.002419228968315812,0.038411878631375185,0.8214285714285698,1.2962366811883173,-0.010667091227511527,0.09257357973990432,0.30040733197556,0.014623287671232887,0.010173498248132073,0.005140592097113927,0.018391033454475014,4,63.85,62.77,2023-01-30,-0.0169146436961628,0,63.85,62.77,2023,0.42946464095440945,False,-0.0016601732124425731,False
2023-01-30,-0.01489565078859334,-0.0004779353194200864,0.0012143782383420287,0.025441581591314266,0.07961783439490444,1.276515896555193,-0.0169146436961628,-0.0021025392204431226,0.21840442338072674,-0.010138941043935534,-0.009033845109848171,-0.006045183714001978,-0.005861805678745169,0,61.7,59.1,2023-01-31,-0.04213938411669371,0,61.7,59.1,2023,0.5014900951530095,False,0.0005803497706777898,True
2023-01-31,0.01895093062605757,0.001522842639593902,0.007950456105113357,0.028815004262574773,0.9289940828402342,1.815878542579537,-0.04213938411669371,-0.015507672216780843,0.20644128825765162,0.014226172023009909,0.016960068699012343,0.012851836154670782,0.001990861927045229,1,60.31,60.62,2023-02-01,0.0051401094345879805,1,60.31,60.62,2023,0.43931882711977405,False,-0.002712309700567645,False
2023-02-01,0.030765423952491044,0.011712306169580966,-0.004381771829190528,0.047114349590130056,0.7381370826010553,1.5241155854072952,0.0051401094345879805,0.017218973359324208,0.24320031764939443,0.02234672735301113,0.041367736521921605,0.013003102087554508,-0.010602312569430561,2,62.62,63.48,2023-02-02,0.013733631427658821,1,62.62,63.48,2023,0.423695705182899,False,-0.002461475164282532,False
2023-02-02,-0.0077189666036545646,-0.01512287334593565,0.0074370251899240625,0.033301002263175006,0.548543689320389,1.1455962709739917,0.013733631427658821,0.0057315714058270295,0.16549815498154974,0.01203173777315314,0.00806580100374421,0.0037844091982837114,-0.015784767607398775,3,63.17,62.0,2023-02-03,-0.018521450055406063,0,63.17,62.0,2023,0.3960028209460754,False,-0.004248604327768794,False
2023-02-03,0.006612903225806432,0.024677419354838692,0.00016025641025629866,0.030533117932148635,0.2698412698412687,0.8252954569104225,-0.018521450055406063,-0.022866092404072003,0.140376530798757,0.005014429068013415,0.003504531722054338,0.0019925168249959047,0.0031083715037520943,4,62.39,60.94,2023-02-06,-0.023240903991024298,0,62.39,60.94,2023,0.49804486058663017,False,-0.0005542978358940268,False
2023-02-06,-0.01550705612077452,-0.0015589104036757284,0.0019205076820305589,0.024102738361670095,0.17702618237377524,0.8275845689840844,-0.023240903991024298,-0.027633711507293435,0.05718061674008812,0.0,-0.00016329863237396491,0.0,-0.015343757488400556,0,59.995,60.1,2023-02-07,0.001750145845487161,1,59.995,60.1,2023,0.5430499367101203,True,0.0016775737117173985,True
2023-02-07,0.03502495840266229,0.004326123128119752,0.00508967523024717,0.04497487437185921,0.9329608938547486,0.9080066306468902,0.001750145845487161,0.029845796716962303,0.10202271114265438,0.022540038225795866,0.028588882101404867,0.016374397730329893,0.006436076301257421,1,62.11,61.45,2023-02-08,-0.010626308162936637,0,62.11,61.45,2023,0.4396460461048888,False,-0.0006884876734042664,False
2023-02-08,-0.019039869812855992,0.004755085435313111,-0.00033167495854058426,0.034694555112881664,0.01913875598086087,0.7537907382955764,-0.010626308162936637,-0.03768763973171507,0.05331235797937417,-0.01354767615220076,-0.015039241464483433,-0.005688282138794132,-0.004000628348372559,2,60.26,61.2,2023-02-09,0.015599070693660844,1,60.26,61.2,2023,0.45897523102693727,False,-0.003549986042336194,False
2023-02-09,-0.016094771241830008,0.002287581699346397,0.004923230974632764,0.035766105386612956,0.24827844662013507,0.7519917438502182,0.015599070693660844,-0.04741174608200105,0.03598175088232747,-0.023636834606916013,-0.013550566262666375,-0.018013561448806836,-0.0025442049791636334,3,60.175,60.5,2023-02-10,0.00540091400083087,1,60.175,60.5,2023,0.43337492025068736,False,-0.002335535284296625,False
2023-02-10,-0.011239669421487575,-0.011900826446280988,0.00453400503778334,0.02548523206751052,0.37748344370861,0.9191099764690713,0.00540091400083087,-0.04135278089437411,0.04398673415953924,0.001302257245892946,-0.004707176916493472,0.0055804671331427524,-0.006532492504994103,4,59.81,59.82,2023-02-13,0.00016719612104987291,1,59.81,59.82,2023,0.419444101023834,False,-0.0033618752010973144,False
2023-02-13,0.003259779338014024,-0.008859913072550962,-0.0012481278082876468,0.024473147518694782,0.8159722222222215,1.014409933734305,0.00016719612104987291,0.002250187515626445,0.056394940267041394,0.010194932421213387,0.009140618624010388,0.009077118809943219,-0.005880839285996364,0,60.13,59.52,2023-02-14,-0.010144686512556067,0,60.13,59.52,2023,0.46639796328662,False,-0.0004124137058593187,False
2023-02-14,0.04410282258064524,0.011256720430107503,0.0049320827943077905,0.055480264272403934,0.9511450381679399,1.017944539705724,-0.010144686512556067,-0.0009660280148124922,0.0912768202602885,0.013041038000594307,0.02890243902439038,0.0038177220114774535,0.01520038355625486,1,62.05,61.38,2023-02-15,-0.010797743755036171,0,62.05,61.38,2023,0.46536798720186584,False,0.001697142213129126,True
2023-02-15,0.0055897686542847325,-0.0072499185402411515,0.005262214983713376,0.024478994376447183,0.8534459459459487,0.8548950088249402,-0.010797743755036171,0.02655160969133763,0.0946735091134312,0.013037061331584221,0.011654918295418204,0.008102641583000336,-0.0060651496411334715,2,61.86,60.76,2023-02-16,-0.01778208858713226,0,61.86,60.76,2023,0.3880719924796303,False,-0.005701968086293757,False
2023-02-16,-0.011520737327188835,-0.004114549045424631,-0.0009980039920158834,0.02506265664160412,0.14000000000000057,0.9686382685213788,-0.01778208858713226,-0.0019110926464477318,0.0654603512506653,-0.0034332084893883286,-0.006595667433135666,-0.0011252721446219915,-0.004925069894053169,3,60.06,59.86,2023-02-17,-0.0033300033300033283,0,60.06,59.86,2023,0.5421886280211832,True,-0.00025820705287699607,False
2023-02-17,-0.013698630136986356,-0.00476110925492812,0.0003388681802778404,0.028507947359425634,0.31774580335731495,0.9206119660083277,-0.0033300033300033283,-0.013375689683999381,0.009753593429158158,6.642973394876961e-05,-0.006914893617021245,0.0025242574988917355,-0.006783736519965111,4,59.01,58.32,2023-02-21,-0.011692933401118433,0,59.01,58.32,2023,0.4684017546554484,False,-0.0020031871148771902,False
2023-02-21,-0.011488340192043922,0.018148148148148024,0.0017376194613381024,0.03861541137589142,0.07207207207207057,0.961262582622099,-0.011692933401118433,-0.04190919674039584,-0.06825165777130837,-0.011134658727755875,-0.014811095770051463,-0.010048131791792758,0.0033227555780075413,1,57.61,57.73,2023-02-22,0.0020829717063008957,1,57.61,57.73,2023,0.5394423771686825,True,7.222188224273733e-05,False
2023-02-22,-0.013944223107569709,0.0055430452104625605,-0.0028901734104047616,0.030708315002199615,0.05730659025787648,0.8905926140637663,0.0020829717063008957,-0.0813859790491539,-0.06953966699314396,-0.002817188242481783,-0.0073993978713480235,-0.003253986133012976,-0.006544825236221685,2,57.0,59.1,2023-02-23,0.03684210526315801,1,57.0,59.1,2023,0.49307994088461377,False,-0.003007248184206915,False
2023-02-23,-0.0054991539763113995,-0.0012115059221659008,-0.003222250487577405,0.040181058495821764,0.5784228769497405,1.4084459651920318,0.03684210526315801,-0.05043646944713864,-0.04580896686159841,-0.0029534165659820255,0.0016098406670519427,-0.001668492877776706,-0.007108994643363342,3,58.74,57.74,2023-02-24,-0.017024174327545105,0,58.74,57.74,2023,0.430349225546467,False,-0.003363979513600942,False
2023-02-24,0.0078801524073433,-0.0019050917907862397,0.0031891053266679403,0.017698343504795044,0.8325123152709344,0.83489957039874,-0.017024174327545105,-0.03096903096903092,-0.07339595605795257,-0.0002741979709349751,0.0005880623346075087,0.0020737968184922906,0.007292090072735791,4,58.2,59.19,2023-02-27,0.017010309278350455,1,58.2,59.19,2023,0.46300773351962504,False,-0.0018373239135906075,False
2023-02-27,-0.022385538097651536,-0.0047305288055414785,-0.0030151619572708066,0.029915268891578917,0.02023121387283446,0.7717530846901417,0.017010309278350455,-0.018979833926453082,-0.0933437744714174,-0.00406669377795843,-0.011529402041406733,-0.0057019956984945,-0.010856136056244803,0,57.89,57.63,2023-02-28,-0.004491276558991175,0,57.89,57.63,2023,0.5448890568152723,True,0.00148105842971004,True
2023-02-28,0.005118861703973465,0.006767308693388818,-0.006261794475896365,0.023257839721254392,0.3932584269662908,0.813053843281902,-0.004491276558991175,0.003298038534976566,-0.06320907617504057,0.0030958063416297588,0.005574182732607014,0.00017622032575581592,-0.0004553210286335485,1,57.8,57.91,2023-03-01,0.0019031141868512957,1,57.8,57.91,2023,0.5850117744363533,True,0.0020490592853112622,True
2023-03-01,-0.01010188223104802,0.005525815921257227,0.0006545930613135464,0.02324362111149947,0.07894736842105572,0.8533621066716454,0.0019031141868512957,0.006140350877193113,-0.049079754601227044,-0.007536488882826431,-0.003992680086508105,-0.0019468399888723509,-0.006109202144539916,2,57.35,55.44,2023-03-02,-0.033304272013949476,0,57.35,55.44,2023,0.48442374161809615,False,-0.0035153231162138787,False
2023-03-02,0.017406204906204925,-0.0018037518037516964,0.0017760412041558649,0.03609283625731008,0.8531645569620259,1.6176553279595427,-0.033304272013949476,-0.0391556009533538,-0.09869051421271158,0.017148202036998406,0.022127263496361405,0.01260536300898929,-0.0047210585901564794,3,56.44,56.46,2023-03-03,0.0003543586109142627,1,56.44,56.46,2023,0.5341468217070748,True,-0.0002719398115934497,False
2023-03-03,0.005313496280552554,-0.0010626992561105775,0.0003524850193865614,0.025793650793650702,0.9230769230769235,1.238782799612775,0.0003543586109142627,-0.02439862542955329,-0.10115561184106381,0.014599004705643459,0.013694662805130431,0.011032998924220161,-0.008381166524577877,4,56.78,57.28,2023-03-06,0.008805917576611533,1,56.78,57.28,2023,0.44774754772760417,False,-0.002973647073703531,False
2023-03-06,-0.008903631284916114,0.004539106145251326,0.003003533568904704,0.037285107888220814,0.10910298372942648,1.340715089318538,0.008805917576611533,-0.018137847642079707,-0.08895656355185122,-0.0031069316142753323,-0.012051626562436413,-0.0011356903021925158,0.003147995277520299,0,56.84,56.5,2023-03-07,-0.0059817030260380655,0,56.84,56.5,2023,0.505948712945668,False,-0.00034728531265430145,False
2023-03-07,-0.01637168141592915,-0.004867256637168138,0.003883670520231197,0.025673476767311465,0.18661971830986027,1.2542690327664645,-0.0059817030260380655,-0.03823529411764692,-0.07342278523210255,-0.012630386243210001,-0.01198171861489683,-0.01512041936600561,-0.004389962801032321,1,55.59,55.84,2023-03-08,0.004497211728728079,1,55.59,55.84,2023,0.5256139233851685,True,-0.0001867695494448794,False
2023-03-08,0.018535100286532824,-0.0003581661891117749,0.007796580136440134,0.028184281842818404,0.9775641025641046,1.0502646823161255,0.004497211728728079,-0.007672188317349726,-0.08372242795041063,0.003302554424748916,0.020470329852477986,0.0010416928135745795,-0.0019352295659451624,2,56.91,56.65,2023-03-09,-0.004568617114742546,0,56.91,56.65,2023,0.38970016334806906,False,-0.004918033153816656,False
2023-03-09,-0.01738746690202997,0.006884377758164195,-0.0017932394871335022,0.03590389633762259,0.05012531328320862,0.8690491629958095,-0.004568617114742546,-0.015060240963855276,-0.0774975107865914,-0.01853623382717684,-0.016428106701366296,-0.01997448469081453,-0.0009593602006636726,3,55.59,55.76,2023-03-10,0.003058103975535076,1,55.59,55.76,2023,0.5578204689427932,True,0.0008570831786452932,True
2023-03-10,-0.01443687230989954,-0.005733500717360118,-0.0007273388489862365,0.03631028791490909,0.21464646464646356,1.2293375471392576,0.003058103975535076,-0.03258189503346254,-0.08716244287494801,-0.014667213058771167,-0.01967253680867742,-0.012647382285991937,0.005235664498777881,4,54.93,54.04,2023-03-13,-0.016202439468414376,0,54.93,54.04,2023,0.4848696183970687,False,-0.0008965511183903914,False
2023-03-13,-0.001572908956328667,-0.00980754996299038,-0.0019422863485016872,0.03392721758908257,0.667597765363129,1.5621250695475566,-0.016202439468414376,-0.051900070372976836,-0.09898010366159504,0.013845778258291697,0.012653374233128734,0.008617375134228888,-0.0142262831894574,0,53.89,54.86,2023-03-14,0.01799962887363149,1,53.89,54.86,2023,0.5360177842856466,True,0.0013297161803401587,True
2023-03-14,-0.012121764491432763,0.005103900838498099,0.00695831514014178,0.032029795158286856,0.2877906976744173,1.2487916303431643,0.01799962887363149,-0.023925166396834063,-0.09762181939131886,0.010261289116917371,0.012966031483015783,0.003239436619718372,-0.025087795974448546,1,54.26,53.33,2023-03-15,-0.01713969775156654,0,54.26,53.33,2023,0.4819086804745032,False,-0.0023952553462414745,False
2023-03-15,0.013782111381961393,0.0015000937558597993,-0.0030425963488843744,0.026285930408471936,0.8525179856115069,1.2511138573327312,-0.01713969775156654,-0.04797047970479695,-0.1268331990330378,0.011910013233348282,0.000995850622406591,0.007023090678207611,0.012786260759554802,2,54.18,53.69,2023-03-16,-0.009043927648578864,0,54.18,53.69,2023,0.4719514206423827,False,-0.004019324865364168,False
2023-03-16,0.053827528403799674,0.013410318495064244,-0.0012356575463371433,0.05782503264316352,0.9580645161290314,1.291437204668893,-0.009043927648578864,0.017808958445763468,-0.08535402521823476,0.02993790904514193,0.04577201297081568,0.024093893800734234,0.008055515432983995,3,56.58,56.8,2023-03-17,0.003888299752562663,1,56.58,56.8,2023,0.5390243779387045,True,0.0021055068323635293,True
2023-03-17,-0.002376760563380209,0.004841549295774739,-0.0050043898156277855,0.02677221382193351,0.2990033222591343,1.6536531468765316,0.003888299752562663,0.03185872929182598,-0.05627705627705637,-0.005020865936358976,-0.005002183492794465,-0.00836681755760138,0.002625422929414256,4,56.68,56.7,2023-03-20,0.0003528581510232609,1,56.68,56.7,2023,0.5283874565500046,True,-0.0003676783635376238,False
2023-03-20,0.01807760141093473,-0.0051146384479718865,0.008032829826246424,0.03182952924393723,0.9215686274509802,0.6728405112794029,0.0003528581510232609,0.06958619409909073,-0.02321640399932212,0.005225793729047634,0.0074103585657370186,0.007165156865755806,0.01066724284519771,0,57.64,58.41,2023-03-21,0.013358778625954137,1,57.64,58.41,2023,0.43626878402615477,False,-0.0006770073008108443,False
2023-03-21,0.004708097928437072,0.015437425098442148,-0.0004258218361437027,0.033423040194461295,0.5662337662337668,1.1365222629235496,0.013358778625954137,0.08035385182454857,0.01753167852803328,0.006851984152757007,-0.004982736974262325,0.0033328298847103976,0.009690834902699397,1,58.62,58.3,2023-03-22,-0.0054588877516206225,0,58.62,58.3,2023,0.4672184548627675,False,-0.002947821413406262,False
2023-03-22,0.0009433962264151496,0.00994854202401374,-0.02203787497905152,0.03850782190132351,0.08258928571428374,1.2333200681960574,-0.0054588877516206225,0.07253599114064224,0.01947368421052631,-0.010797047732619913,-0.004527202582473855,-0.014220148972989288,0.0054705988088890045,2,58.11,59.04,2023-03-23,0.016004130098089764,1,58.11,59.04,2023,0.6170677402883891,True,0.0027379930439261208,True
2023-03-23,0.041158536585365946,0.026930894308943243,0.01185185185185178,0.04640921409214105,0.8868613138686124,1.7912789811339496,0.016004130098089764,0.08342170378225511,0.043581886278515336,0.0011454568921009933,0.009227893937624021,-0.003214620193889628,0.031930642647741925,3,61.3,60.505,2023-03-24,-0.01296900489396402,0,61.3,60.505,2023,0.3857955619852792,False,-0.0045495790137386645,False
2023-03-24,0.011321378398479354,0.006693661680852614,0.0030325383165312747,0.014876033057851235,0.7666666666666654,1.2441871762233387,-0.01296900489396402,0.0792166549047284,0.05103092783505159,0.004493728177938694,-0.011081301761343698,0.00916190281747653,0.022402680159823052,4,61.17,61.15,2023-03-27,-0.0003269576589831624,0,61.17,61.15,2023,0.43057309072276917,False,-0.004756090277142674,False
2023-03-27,-0.021668029435813474,-0.004006541291905141,-0.01033912324234909,0.03802427239433426,0.2910796035379367,1.073417761943391,-0.0003269576589831624,0.037647467036780125,0.03316634997408885,-0.010381899871630296,-0.015042306486994672,-0.004948381100700838,-0.006625722948818802,0,59.81,59.84,2023-03-28,0.0005015883631500628,1,59.81,59.84,2023,0.5320556949947685,True,0.0015543954820222577,True
2023-03-28,-0.009608957219251368,-0.022560160427807507,0.005172998643147908,0.03554440889042643,0.7055961070559625,1.2653500684434633,0.0005015883631500628,0.0124530876833846,0.026816608996539815,-0.003780380958561924,-0.003929625787919777,-0.0006822144174646327,-0.005679331431331591,1,59.35,61.04,2023-03-29,0.02847514743049695,1,59.35,61.04,2023,0.41969027821804267,False,-0.0026632792380003527,False
2023-03-29,0.04021952817824381,0.03145478374836186,-0.011750972762645917,0.05832101199277151,0.739436619718309,3.8116577494430275,0.02847514743049695,0.09378764412321461,0.10828247602441143,0.005850810602161527,0.01561637353103551,0.003300660132026456,0.024603154647208303,2,63.56,63.93,2023-03-30,0.0058212712397733846,1,63.56,63.93,2023,0.4128646497629184,False,-0.005966831423665688,False
2023-03-30,-0.012200844673862066,-0.005005474737994731,0.005173099880620757,0.025928297055057614,0.413580246913582,1.5600819456132198,0.0058212712397733846,0.0292006525285482,0.11782423812898668,0.0013933126070679869,0.0041101678638650885,-0.0009408795070404707,-0.016311012537727154,3,63.09,60.29,2023-03-31,-0.04438104295450951,0,63.09,60.29,2023,0.4390130728161983,False,-0.004037633163143537,False
2023-03-31,0.00024879747885231396,0.006924863161386741,-0.006343713956170616,0.029352253756260493,0.23034922079399422,2.4161666960719583,-0.04438104295450951,-0.013568742847801185,0.0626981331454739,0.016587002627330483,0.015884031151206734,0.012331644631162764,-0.01563523367235442,4,60.34,59.805,2023-04-03,-0.008866423599602324,0,60.34,59.805,2023,0.5900797734215149,True,0.0006457444832361024,True
2023-04-03,-0.0029261767410750927,-0.018142295794665975,0.007859376320459743,0.033437013996889586,0.9095607235142135,1.684828575502002,-0.008866423599602324,-0.0030931282394248694,0.04899718508092876,0.00470558710041713,3.8197097020686854e-05,0.005331898449346895,-0.0029643738380957796,0,59.625,59.69,2023-04-04,0.0010901467505239903,1,59.625,59.69,2023,0.39615330224901396,False,-0.003097502989501807,False
2023-04-04,-0.04121293348969679,-0.012564918746858722,-0.006078499478985755,0.054668304668304746,0.08025682182985548,1.3867347184626782,0.0010901467505239903,-0.035383319292333626,0.029861485878755145,-0.005489706799750582,-0.01735184196476247,-0.007786496926702524,-0.02386109152493432,1,57.25,56.82,2023-04-05,-0.007510917030567721,0,57.25,56.82,2023,0.4984128620978592,False,-0.0006725355761157616,False
2023-04-05,0.0035198873636044237,-0.00642379443857799,0.004138416835431924,0.018746652383502926,0.9619047619047628,1.2088593220210466,-0.007510917030567721,-0.10289490245437383,0.0019328764716219915,-0.00693178245834658,-0.007430498372740457,-0.0005148446885189228,0.010950385736344881,2,57.02,56.95,2023-04-06,-0.0012276394247632272,0,57.02,56.95,2023,0.35510377058202747,False,-0.0072867223938716435,False
2023-04-06,0.028709394205443273,0.017208077260755017,-0.0018740948973506866,0.041373239436619746,0.7595744680851075,1.3265993948620345,-0.0012276394247632272,-0.07196069107624037,0.053246986868141555,0.01239498472505085,0.007002074688796878,0.005801804459522719,0.021707319516646395,3,58.55,61.22,2023-04-10,0.04560204953031599,1,58.55,61.22,2023,0.47132134545011445,False,-0.0016255144637536622,False
2023-04-10,0.031198954590003325,0.031035609278013743,0.0006340148993502215,0.045409836065573916,0.7689530685920578,2.6292437019825163,0.04560204953031599,0.049055352999668456,0.15237575095576172,0.007871833936393013,0.023051240528599193,0.006480570585341905,0.008147714061404132,0,63.3,63.64,2023-04-11,0.005371248025276554,1,63.3,63.64,2023,0.3818829633210735,False,-0.0037423360569247164,False
2023-04-11,-0.001571338780641085,0.00415776241357646,-0.005166744950681035,0.019828680203045845,0.39999999999999775,1.3155972413023531,0.005371248025276554,0.06616352201257869,0.17962516236778625,-0.006619891136771194,-0.009021971611899549,-0.0018158773490628555,0.0074506328312584635,1,63.57,64.36,2023-04-12,0.01242724555607988,1,63.57,64.36,2023,0.48501029796057843,False,-0.0017905114907396248,False
2023-04-12,-0.03690180236171536,-0.01942200124300808,0.0016159004605316163,0.04075032341526508,0.05753968253968105,0.865872473174022,0.01242724555607988,0.08227074235807863,0.1419093254699595,-0.015574853690768276,-0.025914396887159574,-0.009808920290382939,-0.01098740547455579,2,61.96,61.51,2023-04-13,-0.007262750161394549,0,61.96,61.51,2023,0.3788751319284775,False,-0.0060006067840187366,False
2023-04-13,0.02422370346285163,-0.0032515038205168656,-0.005289334491197617,0.04244119098535948,0.8565891472868226,1.1881518058171463,-0.007262750161394549,0.1048754822869169,0.16279069767441867,0.013738009021027953,0.005338645418326626,0.00999413547062833,0.018885058044525005,3,63.0,63.18,2023-04-14,0.0028571428571428914,1,63.0,63.18,2023,0.47502789692196734,False,-0.0009847462288709208,False
2023-04-14,-0.0076764798987021265,-0.0030072807850585193,0.001277649125608793,0.023557030680806168,0.6391752577319593,0.6868066071525645,0.0028571428571428914,0.07019641332194704,0.10745846588900676,0.0030699959066722293,0.000396856893404296,-0.000423913570078982,-0.008073336792106423,4,62.66,62.22,2023-04-17,-0.007022023619533968,0,62.66,62.22,2023,0.427214424081645,False,-0.0027926251597619753,False
2023-04-17,0.0053841208614593405,0.0016875602700097136,-0.0019146390107698252,0.01282775312626061,0.7295597484276692,0.5030652586463877,-0.007022023619533968,-0.012164296998420143,0.10321100917431192,0.0014144271570015743,0.007806244995996803,0.0032010088027742967,-0.0024221241345374622,0,62.53,63.33,2023-04-18,0.012793858947705017,1,62.53,63.33,2023,0.4931519878925948,False,0.000805332413828507,True
2023-04-18,-0.021632717511447908,-0.019264171798515695,0.0010501656030372786,0.03204294079375414,0.24365482233502667,0.6145642517227102,0.012793858947705017,-0.025798332546798863,0.07442748091603058,-0.005888033895136924,-0.004327471576379804,-0.002670965879012388,-0.017305245935068103,1,61.93,60.98,2023-04-19,-0.015339899886969155,0,61.93,60.98,2023,0.46376914042238104,False,-0.0007473779752384085,False
2023-04-19,-0.004837651689078348,-0.006723515906854605,-0.003039264005257003,0.013746273600530046,0.3674698795180727,0.569614102251945,-0.015339899886969155,-0.02098127824402851,0.03480040941658147,0.007411270187414942,0.0048084628946947205,0.004621318713308398,-0.009646114583773069,2,60.66,59.88,2023-04-20,-0.012858555885261969,0,60.66,59.88,2023,0.5030419050464091,False,-0.0023465658852782887,False
2023-04-20,0.025133600534402056,0.024048096192384794,0.0028590099656917722,0.0347419408718892,0.728365384615383,0.6942616253652631,-0.012858555885261969,-0.02444444444444438,0.0576492858372053,0.0007602394754346875,0.006104417670682816,0.0005714841565136464,0.01902918286371924,3,61.46,61.08,2023-04-21,-0.006182883176049536,0,61.46,61.08,2023,0.47463445999366655,False,-0.0011894051637055421,False
2023-04-21,0.0006303208906353053,-0.001800916830386412,0.0006303208906353053,0.0117734233492508,0.5433566433566415,0.44611834850581,-0.006182883176049536,-0.02433769549952125,-0.0026916802610114088,0.0021525117913328007,-0.0033710570671803275,0.00020621057738967608,0.004001377957815633,4,61.135,60.09,2023-04-24,-0.01709331806657388,0,61.135,60.09,2023,0.4846412364644237,False,-0.0011846257643440936,False
2023-04-24,-0.009818605425195637,0.0052421367948076725,8.404067568701379e-05,0.025695029486099363,0.09836065573770408,0.6905459228685749,-0.01709331806657388,-0.047817047817047875,-0.026647049207127682,-0.0021651863324588794,-0.003551251008878209,0.0010315784363699176,-0.006267354416317428,0,59.54,59.13,2023-04-25,-0.006886126973463136,0,59.54,59.13,2023,0.5660037690527722,True,0.0022934749401581226,True
2023-04-25,-0.015136140706917045,-0.005384745476069708,-0.0016286644951140072,0.02257453041530244,0.15648854961831904,0.7737153089120111,-0.006886126973463136,-0.06103665428709837,-0.027754556094298666,-0.01333163638677659,-0.02309638455888352,-0.010667575927324036,0.007960243851966475,1,58.15,59.66,2023-04-26,0.02596732588134132,1,58.15,59.66,2023,0.5339202681354958,True,0.00018003489089295438,False
2023-04-26,0.02237680187730473,-0.0016761649346295204,0.005356848524806335,0.03100775193798433,0.899456521739129,1.3869800203483038,0.02596732588134132,0.0057698648203099445,0.02796967144060658,-0.004338948443083246,-0.0032490377053930874,-0.005089496459480869,0.025625839582697818,2,61.01,60.71,2023-04-27,-0.004917226684150067,0,61.01,60.71,2023,0.33494723148638117,False,-0.006985206045712816,False
2023-04-27,0.019930818646022086,-0.0049415252841378265,0.0008890325709205449,0.030434059537668423,0.9781420765027327,0.628780653750138,-0.004917226684150067,0.006833712984054774,-0.026431718061673992,0.015014254038644204,0.009170124481327813,0.012997862355340395,0.010760694164694273,3,61.88,62.43,2023-04-28,0.008888170652876504,1,61.88,62.43,2023,0.4655263981748224,False,-0.0018701659659493713,False
2023-04-28,0.02963318917187241,0.002080730418068333,0.0010122245581249967,0.034269662921348365,0.9274004683840745,0.9131670903802898,0.008888170652876504,0.05275210599492919,0.0201299730543667,0.007294367561150761,0.01036809815950912,0.01032831903569953,0.01926509101236329,4,64.36,63.95,2023-05-01,-0.006370416407706636,0,64.36,63.95,2023,0.421281380442077,False,-0.0019212867471901085,False
2023-05-01,-0.023768569194683398,-0.017591868647380715,0.0,0.028809886846962396,0.06963788300835676,0.7112426416727475,-0.006370416407706636,0.04670809539805165,0.03283062645011592,0.0014160638330902309,0.0049580780393421175,0.0012395600163670473,-0.028726647234025515,0,62.321,62.32,2023-05-02,-1.604595561688349e-05,0,62.321,62.32,2023,0.5533660567814509,True,0.002642262842054324,True
2023-05-02,-0.005295250320924261,-0.0006418485237483784,0.0012921983524472047,0.021797697771246627,0.5580524344569319,0.6915420238148257,-1.604595561688349e-05,0.06448839208942392,0.03815513626834388,-0.007695579287222198,-0.007427929013089196,-0.00875183836825233,0.0021326786921649354,1,61.9,61.5,2023-05-03,-0.006462035541195399,0,61.9,61.5,2023,0.4843393478796204,False,-0.0010544648309320582,False
2023-05-03,-0.008536585365853666,0.0014634146341463428,-0.0051395007342143195,0.022445120447258216,0.11721611721611976,0.7187168884297135,-0.006462035541195399,-0.0016390755613834296,0.06393013100436673,-0.0070367474589523304,-0.004477004477004498,-0.008022170361727032,-0.004059580888849168,2,60.91,60.54,2023-05-04,-0.006074536200952219,0,60.91,60.54,2023,0.5113279830391612,False,-0.0014817807446225759,False
2023-05-04,0.00033036009250086984,-0.006607201850016509,0.0019854401058903015,0.01769616026711196,0.6226415094339645,0.9505532312330928,-0.006074536200952219,-0.022058823529411797,0.06129428270782178,-0.0027597300195546515,0.001603025196267982,-0.004423365197945617,-0.0012726651037671122,3,60.515,60.61,2023-05-05,0.0015698587127157548,1,60.515,60.61,2023,0.4772879129780001,False,-0.0016887621885613247,False
2023-05-05,0.009816861903976237,0.00890942088764235,-0.0011423908608730882,0.0272023958073373,0.6727828746177358,0.8214712797193312,0.0015698587127157548,-0.04832193909260407,0.04611443210930832,0.013533881806192305,0.018050098231827016,0.008336797828373044,-0.00823323632785078,4,61.25,61.25,2023-05-08,0.0,0,61.25,61.25,2023,0.4630573783081089,False,-0.0012286943636734705,False
2023-05-08,-0.005795918367346942,-0.005551020408163354,0.0,0.01724566785507009,0.5673076923076961,0.7328669587357742,0.0,-0.023362911378187023,-0.03846761453396519,0.0037683766515723693,0.008509437005968623,-0.0006538163502517458,-0.014305355373315565,0,60.865,59.84,2023-05-09,-0.016840548755442386,0,60.865,59.84,2023,0.5197181325089798,True,0.0012098630783726563,True
2023-05-09,0.019217914438502737,0.007603609625668417,0.004943153732081207,0.03089840470193117,0.7826086956521751,0.9313307733931612,-0.016840548755442386,-0.01583198707592892,-0.04168633002988831,-0.0014751552795031486,-0.0036006149364835593,-0.00041349451511696333,0.022818529374986296,1,60.92,61.84,2023-05-10,0.015101772816809023,1,60.92,61.84,2023,0.479496242941089,False,-0.0009702910736472908,False
2023-05-10,-0.030239327296248453,-0.009459896507115095,-0.004647302904564388,0.042147516307074806,0.07142857142857123,1.068373239906561,0.015101772816809023,-0.014940075521260865,-0.031633311814073584,0.003054518527660477,-0.001767920282867208,-0.002561128829612458,-0.028471407013381245,2,60.0,60.66,2023-05-11,0.010999999999999899,1,60.0,60.66,2023,0.46711954300604325,False,-0.003464821616852495,False
2023-05-11,0.01516650181338619,0.004058687767886537,0.003421867361903308,0.029051860484475167,0.8681948424068748,1.2346225759991067,0.010999999999999899,0.018094687267619536,-0.02206349206349212,0.0013816395455941155,-0.006099038694563408,0.0002913045589163499,0.0212655405079496,3,61.61,61.98,2023-05-12,0.006005518584645264,1,61.61,61.98,2023,0.4224135567115605,False,-0.004290621472065175,False
2023-05-12,-0.016456921587608808,-0.0038722168441431837,0.005691660480079186,0.03391521197007474,0.397058823529413,0.9509923109470679,0.006005518584645264,-0.005387755102040814,-0.027768911586338874,-0.005356596265687186,-0.004697497367781689,-0.004523354539077484,-0.01175942421982712,4,60.92,62.23,2023-05-15,0.021503611293499647,1,60.92,62.23,2023,0.4263752456806638,False,-0.002910544985418028,False
2023-05-15,0.03800417804917244,-0.0036959665756065574,-0.00038687712782425887,0.04967637540453085,0.910423452768728,1.7614691255936052,0.021503611293499647,0.06251540294093494,0.034223572685111225,0.0036558016650793945,0.022314183706588775,0.0012173111445343832,0.01568999434258367,0,64.67,64.55,2023-05-16,-0.001855574454925124,0,64.67,64.55,2023,0.4563877404506981,False,0.0018214715538074056,True
2023-05-16,-0.01192873741285816,-0.013477924089852822,-0.005380116959064263,0.03033175355450246,0.25000000000000183,1.1545111977390508,-0.001855574454925124,0.04596191726854881,0.028903600839657706,0.003535238913083383,0.00357966748866434,-0.0036420142766959707,-0.015508404901522499,1,63.72,64.58,2023-05-17,0.01349654739485251,1,63.72,64.58,2023,0.5639589178534212,True,0.0018152339868649338,True
2023-05-17,0.004027562712914268,-0.01623722514710435,-0.0026901484272858767,0.02963430012610324,0.7447340425531981,1.0943652552839214,0.01349654739485251,0.08174999999999999,0.06998021760633044,0.008591274677065552,0.016733443318406538,0.006475081847944653,-0.01270588060549227,2,64.905,65.95,2023-05-18,0.0161004545104384,1,64.905,65.95,2023,0.41611481087914204,False,-0.004028658833854149,False
2023-05-18,0.02501895375284291,0.028658074298711256,7.396996819286628e-05,0.0539336201598033,0.7179487179487157,2.4515746694927945,0.0161004545104384,0.0964129199805226,0.09908883826879267,0.01710304054054057,0.030169100691775697,0.010701373825018123,-0.005150146938932787,3,67.55,67.53,2023-05-19,-0.00029607698001477,0,67.55,67.53,2023,0.4449161124866612,False,-0.0035851192566757756,False
2023-05-19,0.009255145861098768,-0.007996446023989412,-0.001465094132297895,0.02950474183350882,0.8801020408163265,1.264611880755974,-0.00029607698001477,0.11868023637557457,0.11474605381532688,-0.002577854158641757,-0.0028780743066458836,-0.0028797867529810617,0.012133220167744652,4,68.15,65.75,2023-05-22,-0.035216434336023505,0,68.15,65.75,2023,0.4221657902145187,False,-0.0022982426966878665,False
2023-05-22,0.006920152091254739,0.0038022813688212143,0.0012855414398063036,0.030728844966028346,0.7261306532663301,2.8545023713503572,-0.035216434336023505,0.02412246791402506,0.1123614376889488,0.0036281448878845435,0.007184994705793368,0.00016720810242687456,-0.00026484261453862956,0,66.23,65.85,2023-05-23,-0.005737581156575744,0,66.23,65.85,2023,0.4963685378213552,False,-0.0009474023710200315,False
2023-05-23,0.003179954441913546,0.01655277145026579,-0.0019731077201994296,0.028154010044133537,0.1888648648648655,1.1011742329444245,-0.005737581156575744,0.0360954174513497,0.13533963886500433,-0.007472684509809757,-0.008445736726833353,-0.00685719765992121,0.011625691168746899,1,66.02,64.91,2023-05-24,-0.016813086943350486,0,66.02,64.91,2023,0.525034657838944,True,3.797082723570313e-05,False
2023-05-24,0.024033276844862117,0.0092435680172549,0.000752785305630832,0.028831329016342888,0.8609625668449173,0.9748436331574442,-0.016813086943350486,0.02519066327709729,0.09064087854450098,0.00048284395087061505,0.004505554260856082,-0.0035279569371030606,0.019527722584006035,2,66.54,69.76,2023-05-25,0.048391944694920364,1,66.54,69.76,2023,0.4284996113556918,False,-0.003443929847844214,False
2023-05-25,-0.002722190366972632,-0.015157683486238582,-0.0005731935066801697,0.035105910235520454,0.8692405063291139,2.1502699735149577,0.048391944694920364,0.030347890451517312,0.12475759534583042,0.0017395919330109866,0.018451388385412715,2.4112072914972416e-05,-0.021173578752385347,3,69.6,69.89,2023-05-26,0.004166666666666652,1,69.6,69.89,2023,0.3590375827293352,False,-0.005440726709810455,False
2023-05-26,0.05580197453140667,0.02217770782658457,-0.003309245627068136,0.068624641833811,0.8329853862212951,2.3298840930204876,0.004166666666666652,0.08451944240645615,0.14838408949658177,0.02255252963962917,0.03942450102263906,0.011412611658199623,0.016377473508767615,4,73.91,74.46,2023-05-30,0.0074414828845892345,1,73.91,74.46,2023,0.46529311514627303,False,0.0009915435273660836,True
2023-05-30,-0.03767123287671226,-0.025852806876175083,-0.008509755085097437,0.044517428670414416,0.02253114507170303,1.668447960556419,0.0074414828845892345,0.08259097085912726,0.1504950177307811,-0.008448867341441901,-0.016959840690341843,-0.004703457100206032,-0.020711392186370414,1,71.7,68.895,2023-05-31,-0.039121338912133985,0,71.7,68.895,2023,0.5004414335311489,False,-0.0006719601754279496,False
2023-05-31,-0.0090717758908484,-0.0055882139487625215,-0.00422987164527433,0.028415783274440498,0.18134715025906512,1.7358884417040958,-0.039121338912133985,0.033474704634959274,0.1022617124394185,-0.0010907942704595497,-0.009674763277068732,-0.00040642631729936873,0.0006029873862203328,2,68.23,68.85,2023-06-01,0.009086911915579421,1,68.23,68.85,2023,0.5193270662574125,True,-0.0025862114389457137,False
2023-06-01,0.0017429193899782813,-0.0008714596949889186,-0.006339144215530834,0.02489169542550851,0.5162241887905582,1.1897605970972585,0.009086911915579421,0.03817252780282532,0.1341323263831884,0.011690104391337997,0.01069777072261724,0.008012628859815019,-0.008954851332638958,3,69.08,69.98,2023-06-02,0.013028372900984353,1,69.08,69.98,2023,0.4976328574299001,False,-0.0016338997875268817,False
2023-06-02,-0.011146041726207478,-0.01629036867676481,0.004572838789286493,0.03302094010836143,0.40354767184035406,1.0514950641102194,0.013028372900984353,-0.00632183908045969,0.1428571428571428,0.00260063319764825,-0.011697883562106881,0.008127208480565251,0.0005518418358994026,4,69.16,69.5,2023-06-05,0.004916136495083823,1,69.16,69.5,2023,0.37048070253562726,False,-0.004866513650422445,False
2023-06-05,-0.025467625899280533,-0.02194244604316553,0.0001476668635558287,0.029477114501555324,0.11055276381909519,0.7250964775280165,0.004916136495083823,-0.08347990799621163,0.10595918367346924,0.0012696442174759959,-0.0066423458149780235,-0.002755078216203577,-0.01882528008430251,0,67.74,67.12,2023-06-06,-0.009152642456450977,0,67.74,67.12,2023,0.4900624867599719,False,0.0010356045633094736,True
2023-06-06,0.006033969010727169,0.004991060786650792,0.0007410151908116003,0.030307565666392255,0.35061728395062025,0.7679359833480657,-0.009152642456450977,-0.058019525801952576,0.10966893945617362,0.002709721124534381,0.013658536585365866,0.004054655823001241,-0.0076245675746386965,1,67.54,68.41,2023-06-07,0.01288125555226527,1,67.54,68.41,2023,0.512768447193377,False,0.0009761742751408923,True
2023-06-07,-0.01825317935974269,-0.004092968864201185,-0.00057589285714299,0.02569273284039153,0.1257558139534897,0.8051470983203558,0.01288125555226527,-0.017001319067858844,0.10095206828627701,-0.01766958578548694,-0.01259901666211416,-0.004224628886191795,-0.005654162697628529,2,67.07,66.54,2023-06-08,-0.007902191739972975,0,67.07,66.54,2023,0.40793624453152166,False,-0.0050927527523718635,False
2023-06-08,-0.017057409077246843,-0.019687406071535962,0.005534629871627228,0.03952507420715512,0.5513833992094843,1.6656629490228756,-0.007902191739972975,-0.05442964678633477,0.08866666666666645,0.011772456461961456,0.01106194690265494,0.00618817683184103,-0.028119355979901783,3,65.32,65.87,2023-06-09,0.008420085731782212,1,65.32,65.87,2023,0.43022567129782985,False,-0.003526581097317922,False
2023-06-09,-0.007211173523607228,-0.002899650827387301,0.0028369881919951823,0.03001628790816735,0.4806201550387553,0.9185515145464875,0.008420085731782212,-0.05393290919606697,0.06200292160363596,-0.0010715393508726745,-0.008179544379098291,-0.0004419015722392228,0.000968370855491063,4,65.43,65.86,2023-06-12,0.006571908910285584,1,65.43,65.86,2023,0.40683416746946455,False,-0.0034275969662157066,False
2023-06-12,0.024142119647737603,0.0111023382933495,0.0013048880602000157,0.026447788417692575,0.954022988505748,0.8150888901081693,0.006571908910285584,-0.0039120165338056845,0.10760013131976343,0.011117661922007915,0.01781024846811663,0.005871159379931212,0.006331871179620974,0,67.475,68.555,2023-06-13,0.01600592812152657,1,67.475,68.555,2023,0.4443817494630096,False,-0.0002340684212859628,False
2023-06-13,-0.011523594194442488,-0.006782875063817473,-0.0037488973831225625,0.018934911242603603,0.12890625000000477,0.6971679105785682,0.01600592812152657,0.004885993485342022,0.04948198546466687,-0.0005229981557433039,-0.0033175047160605153,0.0026532206193146113,-0.008206089478381973,1,67.87,67.55,2023-06-14,-0.004714896124944801,0,67.87,67.55,2023,0.5231519954523656,True,-0.0002372799867352453,False
2023-06-14,0.021613619541080764,0.007846039970392349,0.0029065542799011634,0.0229561611374407,0.9612903225806528,0.6175050445703447,-0.004714896124944801,0.030863277173102777,0.08505963590709364,0.005932226718418976,0.016949152542372836,-0.0006876272854168253,0.004664466998707928,2,69.14,68.59,2023-06-15,-0.007954874168354054,0,69.14,68.59,2023,0.4079246765950887,False,-0.003942866170833601,False
2023-06-15,0.004082227729989896,-0.0007289692374981005,-0.00577450555796144,0.016968987712112193,0.4396551724137988,0.5790547060360243,-0.007954874168354054,0.0534292712798532,0.06016485632848001,0.014933764844628383,0.0030513536324092705,0.013590942427576191,0.0010308740975806252,3,68.81,70.22,2023-06-16,0.020491207673303258,1,68.81,70.22,2023,0.5490277752649774,True,-0.0006101557152652579,False
2023-06-16,-0.035317573340928554,-0.03759612645969812,0.0017746228926351915,0.06721162579473194,0.3783783783783769,1.7851419065795942,0.020491207673303258,0.03392939018798713,0.001480384900074183,-0.013106353294698558,-0.015789473684210575,-0.00826147803710886,-0.01952809965671798,4,67.65,67.315,2023-06-20,-0.004951958610495355,0,67.65,67.315,2023,0.36864607877081607,False,-0.0032839139644312873,False
2023-06-20,-0.006016489638267841,-0.014558419371611175,0.005409466566491439,0.028128325984491553,0.6162162162162137,0.767696599472789,-0.004951958610495355,-0.008595776213412343,-0.018415260454879068,0.003101262364063606,0.0007855973813419848,-4.571846568823812e-05,-0.006802087019609826,1,66.895,66.8,2023-06-21,-0.001420136034083197,0,66.895,66.8,2023,0.4692427828671386,False,-0.0012068303974070893,False
2023-06-21,-0.014895209580838231,-0.004940119760479034,-0.005065013607499114,0.028466483011937438,0.2500000000000019,0.6055541872226149,-0.001420136034083197,-0.03064682481214087,-0.0066435150234032125,-0.010403565374309642,-0.01782425677453292,-0.003060592860909206,0.0029290471936946894,2,65.79,65.53,2023-06-22,-0.003951968384253046,0,65.79,65.53,2023,0.46218467953785314,False,-0.0034934729260890814,False
2023-06-22,0.01037692659850431,0.014191973142072323,0.002574197456087113,0.017554571821095877,0.6086956521739076,0.5349537022532695,-0.003951968384253046,-0.0415099797512295,0.0037867312935473407,0.015556110140587442,0.01255484306446153,0.005738120477485342,-0.002177916465957219,3,66.27,65.35,2023-06-23,-0.013882601478798828,0,66.27,65.35,2023,0.5053941869853643,False,-0.0016586747743572812,False
2023-06-23,-0.001224177505738333,0.004055087987758332,0.0009968560693198736,0.017273288093769157,0.3839285714285681,0.7076755002729271,-0.013882601478798828,-0.05202732161023105,-0.019687406071535962,0.0008558570994727788,-0.0011505922165819804,0.0005312637146883681,-7.358528915635265e-05,4,65.23,65.63,2023-06-26,0.006132147784761566,1,65.23,65.63,2023,0.5069832942263844,False,-0.0006469930417913375,False
2023-06-26,-0.0015998781045252208,0.010894408045101445,-0.005237589190830394,0.018553867297854465,0.03292181069959353,1.0541381281476616,0.006132147784761566,-0.0325203252032521,-0.05962643678160906,-0.011546961325966887,-0.008733477205287166,-0.0028661905092111084,0.007133599100761945,0,65.45,65.27,2023-06-27,-0.0027501909854852347,0,65.45,65.27,2023,0.5765717408298232,True,0.002171891401308781,True
2023-06-27,0.02267504213267979,-0.008503140799754783,0.0009747319487141137,0.047267323566571484,0.9801021423360078,1.3023835849702867,-0.0027501909854852347,-0.0017191120412586303,-0.0964686781220403,0.012665274878218558,0.02713152004341035,0.008858563663698416,-0.004456477910730561,1,66.78,65.65,2023-06-28,-0.016921233902365884,0,66.78,65.65,2023,0.49069093954654863,False,0.00095144842106418,True
2023-06-28,0.021477532368621377,0.007996953541507867,0.00547267411350183,0.035785288270377746,0.7136752136752134,1.6111655875061446,-0.016921233902365884,0.02006383948928403,-0.06401673640167371,0.005414514213099686,0.007017426048417041,0.0014936214228249423,0.014460106320204336,2,67.11,67.86,2023-06-29,0.011175681716584673,1,67.11,67.86,2023,0.4436477195111999,False,-0.004249015271766447,False
2023-06-29,-0.05157677571470676,-0.06056587091069854,0.00015540015540027596,0.06923682140047216,0.18409090909090936,3.955500278511486,0.011175681716584673,-0.028972385694884584,-0.056866481020079296,-0.001221721941576992,-0.005635857313353587,0.004908819818786547,-0.04594091840135317,3,64.35,64.48,2023-06-30,0.0020202020202022553,1,64.35,64.48,2023,0.4163834663248974,False,-0.005227098949295258,False
2023-06-30,-0.022022332506203446,-0.001240694789081842,-0.0022151898734177333,0.0349761526232113,0.07272727272727454,2.4149097919289124,0.0020202020202022553,-0.03265368695385562,-0.08656629994209608,0.005822337096993646,0.004118616144975329,0.004836444363899961,-0.026140948651178775,4,63.1,63.39,2023-07-03,0.004595879556259952,1,63.1,63.39,2023,0.5131187144937137,False,-0.0024229767118733644,False
2023-07-03,0.005205868433506788,0.0060735131724245495,-0.0006273525721455231,0.016836613706426196,0.4366197183098595,0.8855458125659491,0.004595879556259952,-0.0267379679144385,-0.07894736842105254,0.0,0.002742051315531846,0.002573828230831632,0.0024638171179749424,0,63.7,63.43,2023-07-05,-0.004238618524332827,0,63.7,63.43,2023,0.5330364719965732,True,0.0009625996644365268,True
2023-07-05,-0.021598612643859316,-0.005990856061800498,-0.002731801381970045,0.027397260273972712,0.00588235294117947,1.3294238478827103,-0.004238618524332827,-0.07067984426474994,-0.08385001476232645,0.004461682420428659,-0.009753694581280836,0.0030549206852072963,-0.01184491806257848,2,62.06,60.99,2023-07-06,-0.017241379310344862,0,62.06,60.99,2023,0.5018044523534221,False,-0.003940283242119308,False
2023-07-06,0.004918839153959631,0.0014756517461878005,0.004918839153959631,0.021322314049586844,0.6124031007751936,1.0653670109193571,-0.017241379310344862,-0.08776635374757857,-0.09357417826473213,0.0031922730621265494,0.004584063637589342,0.0012289205980746676,0.00033477551637028924,3,61.22,61.43,2023-07-07,0.003430251551780561,1,61.22,61.43,2023,0.5064938543177275,False,-0.00158464995590427,False
2023-07-07,-0.012209018394921056,-0.004883607357968334,-0.00483804838048385,0.014184397163120588,0.05813953488371766,1.0289082239546825,0.003430251551780561,-0.05703185703185698,-0.09527359475175179,-0.0028047817444109002,-0.00030195262698773373,-0.0004787634224744375,-0.011907065767933322,4,60.68,60.84,2023-07-10,0.002636783124588149,1,60.68,60.84,2023,0.5605966219866361,True,0.0006638272227721207,True
2023-07-10,0.025476660092044634,0.0163543721236028,-0.005182173323766248,0.03714097061736554,0.8044444444444454,1.1998052123828038,0.002636783124588149,-0.009508716323296418,-0.04317207593386396,0.0004918570335556982,0.009794090118999677,0.0022365238030033208,0.015682569973044957,0,62.5,62.6,2023-07-11,0.0016000000000000458,1,62.5,62.6,2023,0.5125122798124069,False,0.0018084222988267637,True
2023-07-11,0.016693290734824284,0.003993610223642197,0.0027572081298252726,0.021505376344086002,0.9962686567164213,0.9661694125076116,0.0016000000000000458,-0.0015698587127158659,-0.027968821641448982,0.004362169088579115,-0.005355500065711616,0.005153819956862371,0.0220487908005359,1,63.6,64.45,2023-07-12,0.013364779874213806,1,63.6,64.45,2023,0.43304820864404536,False,-0.003510311672933407,False
2023-07-12,-0.010318076027928669,-0.010861132660977546,-0.0012526422923354597,0.024950495049504973,0.4190476190476161,0.8530566341814358,0.013364779874213806,0.028279084756686945,-0.05424231196739526,0.0006445721652252878,0.005829479580538033,-0.0016577432290150185,-0.0161475556084667,2,63.815,64.18,2023-07-13,0.005719658387526527,1,63.815,64.18,2023,0.45709360381340486,False,-0.0035066869979904322,False
2023-07-13,0.005765035836709176,-0.0026488002492989215,-0.0009301951242918216,0.01723052714398099,0.913242009132421,0.7528544539270187,0.005719658387526527,0.053577262332570985,-0.04965374981582449,0.008642467756947214,0.012958341332309331,0.004041080598347957,-0.007193305495600155,3,64.5,64.29,2023-07-14,-0.0032558139534882846,0,64.5,64.29,2023,0.48633492873096007,False,-0.0020266520244949654,False
2023-07-14,-0.0037330844610360403,-0.00015554518587657107,0.002519995617398907,0.029208542713567986,0.19892473118279363,0.9647594464820162,-0.0032558139534882846,0.05586684245220819,-0.07332947642464571,-0.0024763560683895847,-0.012099061062448735,-0.0037293553542887548,0.008365976601412695,4,64.07,63.8,2023-07-17,-0.004214140783518006,0,64.07,63.8,2023,0.5099310241589216,False,-0.0008087347239456207,False
2023-07-17,0.02021943573667717,0.006347962382445171,-0.0063353942447140765,0.03678560151562982,0.7510729613733911,0.783388702293386,-0.004214140783518006,0.04255999999999993,-0.05304461560819651,0.006898367561874785,0.015645869108948718,0.0035624429452496553,0.004573566627728454,0,65.16,64.4,2023-07-18,-0.011663597298956274,0,65.16,64.4,2023,0.5566410811366752,True,0.003770393639752046,True
2023-07-18,0.009394409937887982,-0.004037267080745366,0.0004617160446325208,0.021477377538791753,0.9160093485246797,0.7134030537381499,-0.011663597298956274,0.020754716981132182,-0.04035476718403552,0.01008247152768682,0.008012820512820484,0.008201997780244108,0.0013815894250674976,1,64.92,65.63,2023-07-19,0.010936537276648117,1,64.92,65.63,2023,0.49432828651584404,False,-0.0009449833414348041,False
2023-07-19,-0.008989791253999568,-0.004037787597135467,-0.00046104195481766475,0.014814814814814836,0.2500000000000074,0.6234226695473651,0.010936537276648117,0.018020841494946316,-0.02885118469242831,-0.003309032624993491,-0.010970516736271363,0.0005713908973035142,0.0019807254822717946,2,64.965,64.4,2023-07-20,-0.008696990687293127,0,64.965,64.4,2023,0.4550175655284036,False,-0.00472566024134791,False
2023-07-20,0.004037267080745144,0.011335403726707938,0.002169869807811642,0.02015564202334641,0.3166023166023135,0.8529210318513785,-0.008696990687293127,0.002945736434108559,-0.016719866241070247,-0.015315856877760714,-0.01727459542769072,-0.004359697023075593,0.021311862508435864,3,64.69,65.39,2023-07-21,0.010820837842015818,1,64.69,65.39,2023,0.5051151343605893,False,-0.0019367501351526641,False
2023-07-21,0.003670285976449028,-0.012248050160574953,0.0009150526155254912,0.028287224121852583,0.708791208791207,0.9390838055544194,0.010820837842015818,0.024036210394880797,-0.00995925758261651,-0.009467798934543081,-0.005243057803094087,-0.0034804828619261485,0.008913343779543115,4,65.61,65.36,2023-07-24,-0.0038103947568968177,0,65.61,65.36,2023,0.4227651531052925,False,-0.0020065416351331025,False
2023-07-24,0.0014534883720929148,0.01170440636474912,0.002680759803921573,0.021694135684170224,0.16254416961130952,0.7473776326254988,-0.0038103947568968177,0.004757519950890243,0.003679288670856984,-0.0013275981095003386,6.49857031451706e-05,0.0017866201998368858,0.0013885026689477442,0,65.47,65.4,2023-07-25,-0.0010691919963340402,0,65.47,65.4,2023,0.5386308499322988,True,0.0012384013140561564,True
2023-07-25,0.0038990825688072217,-0.0012996941896025183,-0.0014448669201521103,0.01405961893054708,0.6284153005464469,0.5682089935766121,-0.0010691919963340402,0.011398644485520526,0.0032085561497325887,0.005783260379360611,0.012851223617764918,0.003822259428974073,-0.008952141048957696,1,65.66,65.0,2023-07-26,-0.010051781906792567,0,65.66,65.0,2023,0.5247318646938791,True,0.00028604459121229044,False
2023-07-26,0.035923076923076724,0.029384615384615342,-0.0008902737591809373,0.04430769230769216,0.810763888888888,1.1088429468035514,-0.010051781906792567,0.03717386284922641,0.008984725965857976,-0.001217833315683703,-0.003483421494000938,0.0017382885559003025,0.03940649841707766,2,67.38,70.48,2023-07-27,0.04600771742356802,1,67.38,70.48,2023,0.426088719302365,False,-0.004141075639413722,False
2023-07-27,0.009151532349602753,0.0007803632236094149,0.0016900218294486624,0.03401943967981724,0.4894957983193284,1.947508827888418,0.04600771742356802,0.09831504096460031,0.058709581284458245,-0.01652439501918701,-0.007311692404664338,-0.013856041131105279,0.016463224754267092,3,71.05,71.58,2023-07-28,0.0074595355383533235,1,71.05,71.58,2023,0.40795874586973546,False,-0.004072468677447472,False
2023-07-28,-0.005518301201452913,0.0003492595697123235,-0.0017529098303182833,0.020874672705399444,0.3593463963658548,0.8591477169974588,0.0074595355383533235,0.08565767413504055,0.10691530691530704,0.006894468666281517,0.002060568217296277,0.0022154953057822446,-0.00757886941874919,4,71.23,71.12,2023-07-31,-0.001544293134915109,0,71.23,71.12,2023,0.47797229472956854,False,-0.001692759671248484,False
2023-07-31,0.003093363329583765,-0.0004921259842520787,0.0002804262478970365,0.012699308593198788,0.5222222222222259,0.8299110752283346,-0.001544293134915109,0.09088131968840685,0.13185419968304268,-0.0011464304325169428,-0.0018668326073427721,-0.00034979558820324996,0.004960195936926537,0,71.42,71.0,2023-08-01,-0.00588070568468213,0,71.42,71.0,2023,0.494303836891398,False,5.130741691699236e-05,False
2023-08-01,-0.002887323943661979,-0.014084507042253502,0.00014127286854570542,0.017026756331377957,0.7605042016806747,1.171541985260458,-0.00588070568468213,0.07767286018885189,0.11083202511773949,0.0013339959718552397,0.005198221331496278,0.0004162009336576844,-0.008085545275158257,1,70.76,69.76,2023-08-02,-0.014132278123233477,0,70.76,69.76,2023,0.4712542669426645,False,-0.001583771497574423,False
2023-08-02,-0.021344610091743155,-0.01477924311926615,0.005760164997053785,0.037273537273537105,0.3709163346613549,1.0603355035348918,-0.014132278123233477,0.01172454734342554,0.09845310989365119,-0.01185265267376856,-0.0257920262014234,-0.0058466629895200795,0.004447416109680247,2,68.17,67.49,2023-08-03,-0.009975062344139696,0,68.17,67.49,2023,0.371798197066854,False,-0.006581528395864426,False
2023-08-03,0.027041043117498997,0.0002963401985480729,0.0018066194536783264,0.03318275080626676,0.9663465853001871,0.8753342147423315,-0.009975062344139696,-0.026319493314567066,0.1300228683436786,0.0068425014787332206,0.012657397691500538,0.003392554236228973,0.01438364542599846,3,69.18,69.5,2023-08-04,0.004625614339404338,1,69.18,69.5,2023,0.44427821664385003,False,-0.0011315715875131525,False
2023-08-04,0.005323741007194238,-0.0017985611510791255,0.0017204301075268713,0.0261029943584552,0.41008589637018966,0.9693369598002692,0.004625614339404338,-0.01839112733398851,0.15227422544495717,-0.010206254158349859,-0.0006160031124368137,-0.009007809726659599,0.005939744119631052,4,69.92,69.87,2023-08-07,-0.0007151029748283522,0,69.92,69.87,2023,0.4399715922453442,False,-0.0008197559496795894,False
2023-08-07,-0.007013024187777384,0.00014312294260765412,0.006528362106484664,0.020331250908034226,0.3930255823924519,0.9398918670426083,-0.0007151029748283522,-0.028563427611313474,0.11007999999999996,0.0036106876354009554,0.0023148148148146586,0.004524080140848374,-0.009327839002592042,0,69.38,68.69,2023-08-08,-0.009945229172672154,0,69.38,68.69,2023,0.451684649782241,False,-0.0015724036440577275,False
2023-08-08,-0.014703741447080976,-0.013975833454651254,0.0002955956251848857,0.026881720430107725,0.40000000000000474,1.2550891414636531,-0.009945229172672154,-0.04395138496325601,0.06367924528301883,-0.0012478196699314825,-0.002956465237167083,0.002142474558114671,-0.011747276209913893,1,67.65,67.75,2023-08-09,0.0014781966001478075,1,67.65,67.75,2023,0.48536907381484196,False,-0.0013123300766185273,False
2023-08-09,-0.0163837638376384,-0.0011808118081180208,-0.0064112121663931765,0.020248870476276215,0.014084507042257527,0.8475215880420366,0.0014781966001478075,-0.022003813994425747,0.04473869779832329,-0.012087351258427526,-0.019977802441731196,-0.007505066476627298,0.0035940386040927974,2,66.67,67.0,2023-08-10,0.004949752512374284,1,66.67,67.0,2023,0.4911963742970832,False,-0.0031128836999565427,False
2023-08-10,-0.023134328358208944,0.0031343283582088155,0.0010706638115631772,0.03896503927306316,0.20553359683794414,1.1634443890625736,0.004949752512374284,-0.054423243712055536,0.014186046511627914,-0.006334744049384056,-0.007675003308191042,-0.0050197460898279145,-0.015459325050017902,3,65.415,64.89,2023-08-11,-0.008025682182985605,0,65.415,64.89,2023,0.46842288237650065,False,-0.00277095778148751,False
2023-08-11,-0.007782400986284466,-0.00554785020804438,0.0017113963438351032,0.019353831746527383,0.2540322580645239,1.0484293745737925,-0.008025682182985605,-0.07894736842105254,0.0051506165131889325,-0.00010929260362313453,-0.011992432943719877,0.002860553641011787,0.004210031957435412,4,64.4,64.26,2023-08-14,-0.0021739130434782483,0,64.4,64.26,2023,0.4764539437985079,False,-0.002171744465283113,False
2023-08-14,0.06146903205726706,0.034235916588857496,-0.0006080452444268136,0.06666666666666665,0.9369158878504649,1.63716814851303,-0.0021739130434782483,-0.015278178149322641,0.04849600982197666,0.0129706654991244,0.03455382290307063,0.006892286935012315,0.02691520915419643,0,68.32,67.61,2023-08-15,-0.010392271662763353,0,68.32,67.61,2023,0.49265800896681083,False,0.003489724396132557,True
2023-08-15,-0.03202189025292124,-0.0190060641916876,-0.0021346344438515352,0.03480988447708655,0.03956043956043496,1.1175487766853602,-0.010392271662763353,-0.034294161123429534,0.006315465187923586,-0.007364089235434301,-0.010893390900033273,-0.0066999798328366555,-0.021128499352887964,1,65.33,65.09,2023-08-16,-0.0036736568192253793,0,65.33,65.09,2023,0.539546498558385,True,0.0007364271439526057,True
2023-08-16,-0.012521124596712174,-0.0035335689045936647,-0.00023331777881474558,0.017785926041504085,0.1622949381524719,0.7715282719919683,-0.0036736568192253793,-0.036748162591870415,-0.011467713384129996,-0.008609615437177087,-0.016144190105390366,-0.005921439226144742,0.0036230655086781915,2,64.22,64.49,2023-08-17,0.004204297726564832,1,64.22,64.49,2023,0.47040708274929144,False,-0.0038784031942174493,False
2023-08-17,-0.013723057838424535,-0.0008528454023878362,0.0005505741702060973,0.020646687697160937,0.15660809778456652,0.7061295349242254,0.004204297726564832,-0.028647863639838067,-0.017761632400680183,-0.013737876081879263,-0.014080693203357808,-0.01039305467404128,0.0003576353649332731,3,63.541,62.38,2023-08-18,-0.018271667112572887,0,63.541,62.38,2023,0.513195867121921,False,-0.0011094672228692693,False
2023-08-18,0.01931708881051608,0.011542160949022051,0.00039332913782241796,0.034089068825910784,0.8717339667458449,0.7955465384598788,-0.018271667112572887,-0.01273291925465847,-0.030940405426002182,0.007909699938073445,0.015786911468113285,0.0067263539238988646,0.003530177342402796,4,63.58,63.71,2023-08-21,0.002044668134633554,1,63.58,63.71,2023,0.47912677001268367,False,-0.0002601026924741578,False
2023-08-21,0.0032961858420970103,0.0003139224611521385,-0.0021854511395567044,0.021237671014953774,0.7940074906367095,0.7916206758295411,0.002044668134633554,-0.06425644028103039,-0.023522223919352325,0.012472191323692927,0.02612447343389057,0.004330933607587628,-0.02282828759179356,0,63.93,64.39,2023-08-22,0.007195369935867335,1,63.93,64.39,2023,0.5138054684083706,False,0.001691547789651222,True
2023-08-22,-0.013744370243826687,0.0015530361857429842,-0.003452334248724931,0.028363751283874583,0.12256267409471074,0.768687406694403,0.007195369935867335,-0.029083116485534966,-0.03396283886689,-0.008157140908470861,-0.022508983992159615,-0.006471428247614375,0.008764613748332928,1,63.43,63.57,2023-08-23,0.0022071574964528384,1,63.43,63.57,2023,0.524741820898818,True,-0.0005246985993921949,False
2023-08-23,0.0231241151486552,0.007393424571338736,-0.006871278057718588,0.038784233022004067,0.7632653061224499,0.8315628870274586,0.0022071574964528384,0.015182186234817818,-0.032428020184030903,0.011876680015360241,0.0216940073652494,0.007717700626067137,0.0014301077834057985,2,65.195,66.14,2023-08-24,0.014494976608635746,1,65.195,66.14,2023,0.4826973449061409,False,-0.001348210300922279,False
2023-08-24,-0.03575748412458424,-0.013758693680072542,0.0011773940345367606,0.04528956919678073,0.14111498257839775,0.9098554779911963,0.014494976608635746,0.0015580491336302238,-0.10429275158339191,-0.02935809360240449,-0.04710469129489969,-0.015966178686275923,0.011347207170315454,3,63.64,63.46,2023-08-25,-0.0028284098051539752,0,63.64,63.46,2023,0.43474553220567697,False,-0.003949136205224232,False
2023-08-25,0.00409706901985496,0.005200126063662047,-0.00250469630557304,0.02818363273453084,0.6203966005665714,0.7594065773963288,-0.0028284098051539752,0.0017301038062282892,-0.10585427488417809,0.005703317038141753,0.0028261893546865924,0.002746876994620173,0.0012708796651683674,4,63.69,65.78,2023-08-28,0.032815198618307395,1,63.69,65.78,2023,0.5040836345627795,False,-0.0005538626105630108,False
2023-08-28,-0.006688963210702337,-0.00258437214958962,0.004535321700361417,0.022424992267244148,0.4689655172413831,0.9350664795593154,0.032815198618307395,0.02189895197872671,-0.08527023242789145,-0.00023161394043447192,0.003391859537110964,0.001424565846599224,-0.0100808227478133,0,65.33,64.9,2023-08-29,-0.006581968467778809,0,65.33,64.9,2023,0.4523409238108212,False,-0.00172373620130259,False
2023-08-29,0.02750385208012318,0.0057010785824342936,-0.002915669856459191,0.033297363958686654,0.840277777777778,0.8786985017107929,-0.006581968467778809,0.05107993063219296,-0.05780101752402489,0.02190637276298557,0.029196594839052903,0.014368010843781809,-0.0016927427589297217,1,66.67,67.24,2023-08-30,0.008549572521373783,1,66.67,67.24,2023,0.5515972389458099,True,0.0017867034659872463,True
2023-08-30,0.012418203450327292,0.0010410469958359592,-0.002783271075953997,0.03277209861695751,0.7133027522935789,1.695375074453669,0.008549572521373783,0.04486540378863424,-0.0007334604664808175,0.004908106377870869,0.0047178956892652835,0.0029586456966166352,0.0077003077610620085,2,68.12,67.97,2023-08-31,-0.0022019964768057454,0,68.12,67.97,2023,0.4251366861733914,False,-0.005034108956290137,False
2023-08-31,0.029056936883919304,0.0336913344122407,-0.0023534445870775356,0.037810798881859675,0.7684824902723691,1.5304170611827168,-0.0022019964768057454,0.09899434318038969,0.01098583405608533,0.003077412850851724,0.009428479173393622,-0.002169821764640645,0.019628457710525682,3,69.94,70.22,2023-09-01,0.004003431512725308,1,69.94,70.22,2023,0.5082723284207263,False,-0.0013765869789715828,False
2023-09-01,0.00284819139846193,-0.0008544574195386012,0.0031339031339030488,0.015384615384615552,0.8130841121495314,0.9444040643041997,0.004003431512725308,0.10504003768252468,0.006578947368421018,-0.007045215562565543,-0.007431874483897705,-0.004258446057770815,0.010280065882359635,4,70.38,69.91,2023-09-05,-0.006678033532253491,0,70.38,69.91,2023,0.4218730263942656,False,-0.003653001014444191,False
2023-09-05,0.0051494779001572955,-0.00429123158346445,-0.006152323032317386,0.02344311807852728,0.4539877300613478,1.0407293270139415,-0.006678033532253491,0.07592224093065991,0.013116171807437516,0.0036144066671974784,0.006104221551114897,-0.003017260504947439,-0.0009547436509576013,1,70.29,70.13,2023-09-06,-0.0022762839664249856,0,70.29,70.13,2023,0.5786494776617964,True,0.002285594957620476,True
2023-09-06,0.003350919720519041,-0.0008840724369028052,0.0013519282766472074,0.014645318782309014,0.7108540052946363,0.8456707527178389,-0.0022762839664249856,0.05624718764061787,0.040946045824094446,-0.0068384223918575016,-0.008396897634767031,-0.004928635147189997,0.011747817355286072,2,70.42,69.43,2023-09-07,-0.014058506106219726,0,70.42,69.43,2023,0.4129432131038843,False,-0.005453148895637178,False
2023-09-07,0.007057467953334173,-0.0018003744778913866,-0.0011428571428571122,0.017192474674385005,0.6902356902356951,1.1447397965266464,-0.014058506106219726,0.025836758661186066,0.04814759262036894,0.005591723169183327,0.0018856689162367601,0.004333009862110826,0.005171799037097413,3,69.88,69.765,2023-09-08,-0.0016456783056667534,0,69.88,69.765,2023,0.5039990026889173,False,-0.00186240360792886,False
2023-09-08,0.005446857306672381,0.005088511431233567,0.0048707112671011465,0.014365752047119651,0.5349999999999966,0.918163712324811,-0.0016456783056667534,0.0038604518158420476,0.07330123060460125,0.0010349184161715375,-0.004107592420829476,0.0008766014834795666,0.009554449727501857,4,70.21,70.8,2023-09-11,0.008403361344537785,1,70.21,70.8,2023,0.436226872868246,False,-0.0032607210834970234,False
2023-09-11,-0.01016949152542368,-0.012217514124293727,-0.0022068769132199684,0.022363295339777878,0.4967741935483854,0.9895695457617887,0.008403361344537785,-0.004973003694231259,0.08742236024844718,0.003540435500186234,-0.011433077074709308,0.00029225414956268736,0.0012635855492856285,0,70.03,69.93,2023-09-12,-0.0014279594459516431,0,70.03,69.93,2023,0.4674878682034814,False,-0.0009232735834829977,False
2023-09-12,0.00511368511368504,0.023952523952524007,-0.005130919843000847,0.027224530735062258,0.2618947368421019,1.1251942247771634,-0.0014279594459516431,0.00042680324370447664,0.02927400468384067,-0.006701662758473614,-0.0006358342815072637,-0.0024387515382032765,0.005749519395192304,1,70.32,71.06,2023-09-13,0.010523321956769083,1,70.32,71.06,2023,0.5477789457095383,True,0.0003661697963713256,False
2023-09-13,-0.0033070644525752257,0.00401069518716568,0.005394279224927301,0.021246358274710442,0.3076923076923121,1.4836398704357139,0.010523321956769083,0.006248224936097557,0.08464717587632031,0.003283918183524248,0.00803697006228643,0.0009636502173815398,-0.011344034514861656,2,70.86,71.68,2023-09-14,0.01157211402766034,1,70.86,71.68,2023,0.40925145625522624,False,-0.006156600447706753,False
2023-09-14,0.0020228794642855874,0.0009765625,-0.0018066847335139746,0.013327721661055003,0.5736842105263159,1.1026679107837842,0.01157211402766034,0.027618775042930865,0.11818748053565864,0.0036171174765287084,-0.0042737852587284575,0.0029394081100941882,0.006296664723014045,3,71.81,71.31,2023-09-15,-0.006962818548948646,0,71.81,71.31,2023,0.45831123966885967,False,-0.00374811386644315,False
2023-09-15,-0.01942224091992717,-0.004066750806338559,-0.0016419189034838633,0.028546812176909908,0.1433601609657931,1.2875652429403341,-0.006962818548948646,-0.004486540378863424,0.09999842621299626,-0.013500571945412543,-0.022964787326099856,-0.008386447500838612,0.0035425464061726863,4,69.895,70.63,2023-09-18,0.010515773660490835,1,69.895,70.63,2023,0.46591631792555643,False,-0.002125203229573413,False
2023-09-18,-0.002548492142149139,-0.0005663315871441421,0.0020624422160584466,0.016306656691951638,0.4735964912280725,1.2949784162882494,0.010515773660490835,0.006854205340568464,0.10899653979238755,0.003384598721975607,0.01230832703018625,0.0011102584358424483,-0.01485681917233539,0,70.51,70.62,2023-09-19,0.0015600624024960652,1,70.51,70.62,2023,0.473469001935246,False,-0.0006581039483342226,False
2023-09-19,0.0017700368167656855,-0.007363353157745833,0.0015573016210093105,0.015578104902100876,0.7110091743119296,0.901946382186053,0.0015600624024960652,0.005688282138794243,0.1062099170968247,0.0016381457814362843,-0.00459965928449757,0.0002033071293032762,0.006369696101263256,1,70.72,71.03,2023-09-20,0.004383484162896023,1,70.72,71.03,2023,0.44738037324813335,False,-0.002520263384823466,False
2023-09-20,-0.01872448261298043,0.007602421512037161,-0.00726392251815966,0.03752618740134883,0.0038237993270132725,1.3324159108092732,0.004383484162896023,-0.01665255433248647,0.09853381680592799,-0.017252999056476592,-0.0203886805318787,-0.012567284520618838,0.0016641979188982692,2,69.68,69.0,2023-09-21,-0.009758897818599399,0,69.68,69.0,2023,0.4608397420860012,False,-0.003646575008628282,False
2023-09-21,-0.015434782608695574,-0.00040000000000006697,-0.0027157956547270157,0.02152439923337779,0.07191780821918041,1.388081275501004,-0.009758897818599399,-0.054588497423757154,0.04133752588388684,-0.007829822616407967,-0.005439389658095539,-0.00943309616708743,-0.009995392950600035,3,67.89,68.59,2023-09-22,0.01031079687730152,1,67.89,68.59,2023,0.5527920392489267,True,-0.00014923933177489771,False
2023-09-22,0.00386353695874031,0.0017495261699955744,-0.007781540456805125,0.02891281899985243,0.5433673469387761,1.1362814248254023,0.01031079687730152,-0.013949495672079482,0.08296668761785053,-0.004337791619164144,-0.0011257299655245134,-0.004601581649169795,0.0049892669242648235,4,68.92,68.33,2023-09-25,-0.008560650029019179,0,68.92,68.33,2023,0.47150822809038573,False,-0.0005416393155039264,False
2023-09-25,0.002707449143860785,-0.0020488804331918464,0.0037357163785525227,0.023295370507321334,0.5746031746031743,1.3060197333261927,-0.008560650029019179,-0.027230180116295633,0.07693515465536205,0.0072563247695625055,0.0108964834076275,0.006803989188181481,-0.008189034263766715,0,68.59,67.97,2023-09-26,-0.009039218544977468,0,68.59,67.97,2023,0.4766191931941709,False,-0.0004434100544704871,False
2023-09-26,-0.00029424746211559327,0.002046491099014336,0.003544528134692193,0.021526853084775865,0.24742268041237103,1.1541523466678218,-0.009039218544977468,-0.03902714932126705,0.04025715597734569,-0.007731309000252096,-0.006848347924315212,-0.007294506979887649,0.006554100462199619,1,67.96,68.12,2023-09-27,0.002354326074161417,1,67.96,68.12,2023,0.5138715640464926,False,-0.0003130401428501473,False
2023-09-27,0.0011009982384027062,0.0010275983558425406,-0.0027783870731887816,0.03146067415730336,0.6880952380952368,1.5840843438636056,0.002354326074161417,-0.020522388059701635,0.02369881505924698,-0.001449153019303262,0.00045823052520255203,-0.0031960476714508745,0.0006427677132001541,2,68.25,65.98,2023-09-28,-0.033260073260073186,0,68.25,65.98,2023,0.41509816911376024,False,-0.005134491988727978,False
2023-09-28,-0.010457714458926959,-0.022355259169445363,-0.010682627471778172,0.051071596428011956,0.4478664989723633,3.5198025654828884,-0.033260073260073186,-0.03947562233024016,-0.042718731650029484,0.011639367410335888,0.01883863684470488,0.007191877409043812,-0.02929635130363184,3,65.21,66.45,2023-09-29,0.019015488422021276,1,65.21,66.45,2023,0.5891968368607787,True,0.0007783079548989128,True
2023-09-29,0.023702031602708784,0.02236267870579378,-0.003150644783118217,0.03571428571428581,0.7025316455696216,1.942798694564647,0.019015488422021276,-0.012913522925130594,-0.027309122104661077,-0.008934004536151008,-0.01057803862690243,-0.010077138687484055,0.034280070229611215,4,68.03,68.25,2023-10-02,0.0032338674114360533,1,68.03,68.25,2023,0.434203770116345,False,-0.0029261317975340217,False
2023-10-02,-0.005087179487179516,0.006300366300366456,0.005967407407407421,0.03310468237399333,0.3796396396396384,0.9753974610224017,0.0032338674114360533,-0.009185012392477154,-0.03438476840011373,0.007056395381268343,0.00557582432711512,0.0012423233791194477,-0.010663003814294636,0,67.96,67.17,2023-10-03,-0.011624484991171191,0,67.96,67.17,2023,0.487847568226259,False,-0.00027835814632235065,False
2023-10-03,0.009155873157659533,0.030544886109870495,0.002143701951507815,0.03784830874683376,0.26574803149606124,1.0405397911911263,-0.011624484991171191,-0.001912889935255957,-0.03499786598378163,-0.01155304086069453,-0.016484272833642954,-0.008962969933656417,0.025640145991302488,1,67.83,68.3,2023-10-04,0.006929087424443425,1,67.83,68.3,2023,0.5218906916687381,True,-0.0005160048996547249,False
2023-10-04,-0.0019765739385064762,-0.003879941434846268,7.33568075119706e-05,0.020560190703218018,0.7572463768115979,0.8479948781833634,0.006929087424443425,-0.002344322344322247,-0.03308719113888092,0.012325725208005345,0.010079944386513828,0.007439524249531981,-0.012056518325020305,2,68.09,68.61,2023-10-05,0.0076369510941400875,1,68.09,68.61,2023,0.4186916473665397,False,-0.005551811872886105,False
2023-10-05,0.006631686343098631,0.008016324150998289,-0.003750450775333647,0.017559262510974616,0.6041666666666605,0.9699190891764605,0.0076369510941400875,0.05857997239687185,-0.012163709215798457,-0.002668593984544443,0.00017206965379590322,0.0005419926477518988,0.006459616689302727,3,69.03,68.71,2023-10-06,-0.004635665652614862,0,69.03,68.71,2023,0.5071965499836545,False,-0.0018457791241379374,False
2023-10-06,0.01797409401833794,-0.006406636588560444,-0.003277520484503138,0.034189655603447555,0.8365521097681579,0.9608689226874576,-0.004635665652614862,0.028663824783183856,-0.003275886625836666,0.025432307043441682,0.025513378967019218,0.017868568855605726,-0.00753928494868128,4,69.98,69.62,2023-10-09,-0.005144326950557332,0,69.98,69.62,2023,0.49204583906636756,False,2.8445464215567234e-05,False
2023-10-09,-0.0019390979603562952,-0.00962367135880493,0.0012247838616714635,0.020051039008385008,0.6618181818181793,0.6118238652569429,-0.005144326950557332,0.02236609770453213,-0.007853776952734481,0.011537399944797189,0.008277130594727122,0.0105126526030217,-0.010216228555083418,0,69.48,69.5,2023-10-10,0.0002878526194587394,1,69.48,69.5,2023,0.49902870838244257,False,0.00023533267644660217,False
2023-10-10,-0.0063309352517985085,0.0034532374100719743,0.0011597564511451885,0.017709391784003436,0.13934426229508348,0.7392700348113809,0.0002878526194587394,0.01828099660916993,-0.017775881683731565,0.00428688234171859,0.00835016835016833,0.0034415854390907885,-0.014681103601966838,1,69.07,69.78,2023-10-11,0.010279426668597269,1,69.07,69.78,2023,0.5571399478782842,True,0.0004668703631794366,True
2023-10-11,0.006018916595012858,-0.007451991974777861,0.0022844089091946795,0.019294936892499504,0.954887218045111,0.7654495618687556,0.010279426668597269,0.031135262153032528,-0.009173017217047774,0.003405957722873998,0.004580456718003445,0.0016986112705152934,0.0014384598770094126,2,70.21,70.42,2023-10-12,0.0029910269192423566,1,70.21,70.42,2023,0.38085505903307043,False,-0.006049032848735486,False
2023-10-12,-0.009372337404146447,-0.0007100255609201467,-0.0029300364467947926,0.020564254275200256,0.3263157894736873,0.8368225060451765,0.0029910269192423566,0.010285383166739104,-0.028826068792647375,-0.005138137895784656,0.002305057955742873,-0.0075180226570544795,-0.01167739535988932,3,69.74,69.87,2023-10-13,0.0018640665328364392,1,69.74,69.87,2023,0.5437693797498107,True,0.00010475901139093665,False
2023-10-13,-0.009803921568627527,-0.0014312294260770964,-0.0012270824310667283,0.014039658416558076,0.09793814432989585,0.7805136173051648,0.0018640665328364392,-0.011003143755358824,-0.009800414908076482,-0.014801921416234931,-0.027227397979267653,-0.00912203304152015,0.017423476410640126,4,69.21,68.98,2023-10-16,-0.00332321918797851,0,69.21,68.98,2023,0.5006581700784091,False,-0.0013629065334419509,False
2023-10-16,0.0017396346767177828,0.007320962597854308,-0.0028140558481853928,0.02773701203404766,0.5079365079365045,0.8044385802406099,-0.00332321918797851,-0.005613126079447306,-0.020138987377676942,0.008809971906281522,0.011544934365533388,0.006131716650146446,-0.009805299688815605,0,69.09,68.07,2023-10-17,-0.014763352149370523,0,69.09,68.07,2023,0.5372025275736199,True,0.0016488874005936,True
2023-10-17,0.013001322168356255,-0.0005141765829292932,0.0018160685747494743,0.0297249334516414,0.6641791044776119,1.0438596615508733,-0.014763352149370523,-0.0007239032865208328,-0.024038461538461564,0.006615456111096041,0.010287505109688011,0.00711628659226915,0.002713817058668244,1,69.02,68.01,2023-10-18,-0.014633439582729557,0,69.02,68.01,2023,0.5131341183898107,False,8.807709276422012e-05,False
2023-10-18,0.016284369945596344,0.011910013233347838,0.0026474214840066512,0.023245549507135532,0.726265822784816,0.930774895867999,-0.014633439582729557,-0.01523999430280576,-0.007749712973593614,-0.006727561122354175,-0.0006188544316854117,-0.008959211405145218,0.016903224377281756,2,69.14,69.76,2023-10-19,0.008967312698871854,1,69.14,69.76,2023,0.4431982612127798,False,-0.0035627521628169615,False
2023-10-19,-0.030676605504587173,-0.034475344036697275,0.004158004158004269,0.038701994641262116,0.1692307692307687,1.2349097184960955,0.008967312698871854,-0.03254946945798676,-0.0061864781263809565,-0.01233518818014856,-0.018675721561969394,-0.009270216962524613,-0.01200088394261778,3,67.47,67.56,2023-10-20,0.0013339261894176335,1,67.47,67.56,2023,0.4486886097643594,False,-0.002368233751294461,False
2023-10-20,-0.005032563647128563,0.008732978093546562,-0.00393565442109145,0.020630073732032406,0.06137184115523055,0.9243105195545663,0.0013339261894176335,-0.028897558156335768,-0.024811375507835298,-0.013102258818293189,-0.014769102759672692,-0.010775153763087575,0.00973653911254413,4,67.21,66.89,2023-10-23,-0.00476119625055782,0,67.21,66.89,2023,0.5361450113089523,True,0.00035646660015972156,False
2023-10-23,-7.474958887720984e-05,-0.0020929884885633188,-0.0015673981191220987,0.02914087271629162,0.3393782383419708,0.7768508669967108,-0.00476119625055782,-0.03256621797655235,-0.025513923312436182,0.006454169733340898,0.009706674224174705,0.001572889111317588,-0.009781423813051915,0,66.84,67.26,2023-10-24,0.006283662477558405,1,66.84,67.26,2023,0.5562750042655517,True,0.0030196761124690044,True
2023-10-24,0.011968480523342206,0.004162949747249511,-0.001833113359730132,0.018173692834798194,0.7663934426229534,0.6789333904512244,0.006283662477558405,-0.013619240799768173,0.0017657445556209517,0.005032027076165901,0.009230769230769154,0.0030035017982208423,0.002737711292573053,1,68.08,68.5,2023-10-25,0.006169212690951831,1,68.08,68.5,2023,0.4932455604553023,False,-0.0006002818806142873,False
2023-10-25,-0.029927007299270003,-0.008467153284671514,0.0033217575117017173,0.05007905942051427,0.16671716865644604,0.9709172099281891,0.006169212690951831,-0.03803876193231115,-0.02549450549450538,-0.018040875830553138,-0.02937675070028023,-0.010429258811538444,-0.0005502565989897734,2,66.51,66.45,2023-10-26,-0.0009021199819576609,0,66.51,66.45,2023,0.37938243444615294,False,-0.006083938602116505,False
2023-10-26,-0.027975921745673538,-0.00030097817908192326,-0.009492409139702507,0.055812133072407066,0.20084151472650616,1.5643653407245015,-0.0009021199819576609,-0.04357492218763892,-0.010427848489495406,-0.015023487626031229,-0.011250898634076134,-0.008812582542922387,-0.016725023111597404,3,64.53,64.92,2023-10-27,0.006043700604370095,1,64.53,64.92,2023,0.5132585268499231,False,-0.00046071228685369797,False
2023-10-27,0.009473197781885379,0.003542821934688911,-0.0029666818804200412,0.021424167694204632,0.47122302158273444,0.8933882899745241,0.006043700604370095,-0.0226156821901502,-0.03439658973982074,-0.00412781802961637,-0.006402877697841647,-0.009440112025881908,0.015876075479727025,4,65.69,66.4,2023-10-30,0.010808342213426858,1,65.69,66.4,2023,0.5042227927999169,False,0.00011126800489057046,False
2023-10-30,-0.004819277108433884,0.009186746987951855,-0.007807807807807765,0.036519871106337254,0.3823529411764699,0.960969269682203,0.010808342213426858,-0.011669658886894085,-0.027957622130664994,0.003953080527844044,-0.0025648435806661096,0.00517483193886914,-0.002254433527767774,0,66.06,66.08,2023-10-31,0.0003027550711474092,1,66.06,66.08,2023,0.5242793197277682,True,0.0008469561580967515,True
2023-10-31,0.011576876513317291,-0.006053268765133013,-0.0004485981308411935,0.027735212994177028,0.875690607734809,0.7204510311044944,0.0003027550711474092,-0.017920094007050524,-0.014300457024915225,0.005283051284253881,0.007610901710640716,0.005454370704983447,0.003965974802676575,1,66.86,66.94,2023-11-01,0.0011965300628178355,1,66.86,66.94,2023,0.47210365271484717,False,-0.0006646058449803667,False
2023-11-01,0.03622647146698532,0.030478040035853082,0.00043268190668488415,0.04078888390856106,0.8919413919413909,1.6069284994585675,0.0011965300628178355,0.043301759133964834,0.01909237773535022,0.015651654725349795,0.023527298850574807,0.008468511450381744,0.012699172616410515,2,69.39,70.28,2023-11-02,0.012826055627612076,1,69.39,70.28,2023,0.4242516248867761,False,-0.004746885448463961,False
2023-11-02,0.0022054638588502318,-0.002252418895845154,-0.0028314574927443825,0.018279569892473146,0.5372549019607837,1.1165665605407042,0.012826055627612076,0.0912753757942042,0.020136172678545616,0.004812745477678737,0.0033305864579040723,0.009306577898635648,-0.0011251225990538405,3,70.42,71.3,2023-11-03,0.012496449872195337,1,70.42,71.3,2023,0.49199517903389,False,-0.0027690279852344724,False
2023-11-03,0.017812061711079963,0.019214586255259514,-0.005481704810196053,0.028671820098383538,0.6960784313725457,1.3755344553147864,0.012496449872195337,0.10442989800578473,0.03672477850814504,0.008128855380397537,0.013009011450640262,0.0037096811433585675,0.004803050260439701,4,72.55,72.58,2023-11-06,0.00041350792556849036,1,72.55,72.58,2023,0.4821828516196026,False,-0.0015115233547250877,False
2023-11-06,0.004546707081840795,-0.0027555800496005256,0.0024611238674017155,0.013258798585394915,0.9319300450308953,0.8428934433658667,0.00041350792556849036,0.10490463215258838,0.050518134715025864,0.001506146706830691,0.0007679465776293526,-6.88910831975198e-05,0.0037787605042114425,0,72.99,72.48,2023-11-07,-0.00698725852856541,0,72.99,72.48,2023,0.45244539494616626,False,-0.0015040526689786553,False
2023-11-07,0.004415011037527394,-0.0038645143487859857,-0.003217635380297068,0.01980198019801982,0.7676056338028184,0.7109036912625558,-0.00698725852856541,0.08884235716422362,0.05400318517446068,0.006454479163853444,0.00808499265000684,0.002570635084578443,-0.003669981612479445,1,72.8,72.62,2023-11-08,-0.0024725274725273527,0,72.8,72.62,2023,0.5151147204972111,False,4.406501908229974e-05,False
2023-11-08,-0.004544202698980926,-0.004406499586890766,0.003958058468161996,0.014850449696716117,0.5399061032863888,0.6669005982370555,-0.0024725274725273527,0.04164865254359418,0.029482979632531103,-0.0003484507344269083,0.0003963797317829698,-0.0005713893904417677,-0.004940582430763896,2,72.28,73.54,2023-11-09,0.01743220807969026,1,72.28,73.54,2023,0.4260733755540519,False,-0.005054988298939423,False
2023-11-09,0.0004079412564588214,0.024680446015773683,-0.004802164355766081,0.0354445880672154,0.02879078694817233,1.8283404960662855,0.01743220807969026,0.044731610337972016,0.054918267852021696,-0.009849052563965288,-0.011440899581590003,-0.01081155056794858,0.011848840838048824,3,73.57,74.46,2023-11-10,0.012097322278102451,1,73.57,74.46,2023,0.5233515141218531,True,-0.0017439438266477604,False
2023-11-10,0.0115498254096158,-0.006177813591189851,-0.0038354714984790705,0.030449262556922596,0.7834821428571377,0.9984847449685303,0.012097322278102451,0.038594073053066724,0.08871550353995095,0.017131945565058482,0.025840130505709658,0.010413321712005041,-0.014290305096093858,4,75.35,74.16,2023-11-13,-0.015792966157929578,0,75.35,74.16,2023,0.45712277635015713,False,-0.0006622316474100202,False
2023-11-13,0.00910194174757284,-0.00660733549083059,-0.0007344104686874964,0.024696825180542392,0.7972413793103411,0.8487222284115499,-0.015792966157929578,0.02452390738457333,0.0823563467940367,0.0009952493431353293,0.0002879078694817405,0.0022653795364508955,0.008814033878091099,0,74.78,76.05,2023-11-14,0.01698315057501998,1,74.78,76.05,2023,0.4865989166941891,False,0.0008742686965924148,True
2023-11-14,0.013938198553583137,0.0064431295200526595,-0.00012966804979264168,0.020287182189435038,0.7792207792207779,1.0620952972281172,0.01698315057501998,0.06030219780219781,0.11837148652564466,0.0033293372599099147,0.0066921008193134845,0.004637824031546112,0.007246097734269652,1,77.19,77.5,2023-11-15,0.004016064257028162,1,77.19,77.5,2023,0.4370389843947386,False,-0.0028255430350877823,False
2023-11-15,-0.005032258064516126,-0.01380645161290317,0.003252667187093383,0.015594286463110896,0.6722689075630242,0.9007618307487607,0.004016064257028162,0.06737686773658003,0.1158518947063929,-0.004364218572461498,-0.006503112864451599,-0.0009331467039924712,0.0014708547999354726,2,77.15,76.88,2023-11-16,-0.0034996759559301482,0,77.15,76.88,2023,0.3755295816923831,False,-0.006536001247171204,False
2023-11-16,-0.002081165452653466,0.0027653485952134904,-0.0036363636363636598,0.013075313807531463,0.23999999999999488,1.0567984308927365,-0.0034996759559301482,0.042000815549816606,0.13620868534163333,0.0025854900737969366,0.007221115537848766,0.0018476059034346903,-0.009302280990502232,3,76.66,76.67,2023-11-17,0.0001304461257500833,1,76.66,76.67,2023,0.5431060742090879,True,-0.0004999432159965348,False
2023-11-17,0.011412547280553076,0.011738620059997373,0.00045155463811119567,0.01922322479403693,0.7312925170068052,0.8212886570208979,0.0001304461257500833,0.029197080291970767,0.15384615384615397,0.0024791672074973015,0.008530835091202338,0.0012882018479032364,0.002881712189350738,4,77.55,77.34,2023-11-20,-0.0027079303675047184,0,77.55,77.34,2023,0.4315046452860472,False,-0.002352788533142937,False
2023-11-20,0.015774502198086404,0.004396172743728943,-0.002222645583285665,0.023013094775055087,0.8056338028169027,1.0037481523235217,-0.0027079303675047184,0.05168494249799416,0.17661579892280055,0.01155290765444894,0.013217754826017503,0.0077011009500134175,0.0025567473720689016,0,78.645,77.85,2023-11-21,-0.010108716383749772,0,78.645,77.85,2023,0.4745161567530677,False,0.00015778856031720644,False
2023-11-21,-0.014771997430956807,-0.007450224791265225,0.000652315720808927,0.02129611427822553,0.24307692307692064,1.2120152563751014,-0.010108716383749772,-0.006347972535302393,0.1266157461809636,-0.0015680830826971803,-0.007575294764493923,0.000200360030204072,-0.007196702666462884,1,76.7,77.2,2023-11-22,0.006518904823989535,1,76.7,77.2,2023,0.49562939932468153,False,-0.00152578905857511,False
2023-11-22,-0.0013601036269430544,0.004727979274611327,0.0002594875121635365,0.02081977878985053,0.15312500000000204,0.8134661009124826,0.006518904823989535,-0.0006480881399871796,0.15922417681551626,-0.0012289730394039466,-0.0066764669851769876,0.00046155874983511147,0.005316363358233933,2,77.1,76.68,2023-11-24,-0.005447470817120492,0,77.1,76.68,2023,0.4319940530541917,False,-0.004697244277096739,False
2023-11-24,0.001695357329160041,0.0027386541471048353,0.002479770294962158,0.008321330365326673,0.6923682140047244,0.513460009018348,-0.005447470817120492,-0.0003913383772502499,0.18750968541763502,-0.0009239297813367076,-0.005855522682445824,0.0007251631617113397,0.007550880011605865,4,76.63,76.85,2023-11-27,0.002870938274827095,1,76.63,76.85,2023,0.40945108625465093,False,-0.0036274753350914856,False
2023-11-27,0.007937540663630394,0.002147039687703467,-0.002703746620316805,0.021261414036003234,0.49082765813853246,1.0386098305328602,0.002870938274827095,-0.0010315925209541943,0.1793271426396712,0.00030848329048849266,0.00291536147380822,-0.0002749367645441536,0.0050221791898221735,0,77.47,75.08,2023-11-28,-0.030850651865238166,0,77.47,75.08,2023,0.48777009571667507,False,0.0007788714760837655,True
2023-11-28,0.014251465103889194,-0.007698454981353242,0.009411452810180299,0.030479151179293007,0.9600886917960135,1.9214435864570873,-0.030850651865238166,-0.03210630046411078,0.15228580078716325,0.004817456230689965,-0.000808156160636675,0.002081131078224052,0.015059621264525869,1,76.12,77.46,2023-11-29,0.017603783499737125,1,76.12,77.46,2023,0.4054638518177653,False,-0.0037186730031058433,False
2023-11-29,-0.010844306738961862,0.011231603408210722,0.0016995685710552433,0.034631751227495844,0.09262759924385819,1.3931799769176414,0.017603783499737125,-0.00026075619295951036,0.14687406521088864,-0.008021594642084073,-0.00423832923832923,-0.005917095045389842,-0.0066059775006326316,2,76.68,76.82,2023-11-30,0.0018257694314030015,1,76.68,76.82,2023,0.39821415469695587,False,-0.005847472250733787,False
2023-11-30,-0.0115855246029678,-0.01054412913303815,0.011186576108669577,0.027077497665733086,0.47290640394089034,1.0814660288040727,0.0018257694314030015,-0.01309987029831372,0.09655569966854016,-0.002850551140733182,-0.014001473839351464,0.002546707940898729,0.002415949236383663,3,76.09,76.01,2023-12-01,-0.0010513865159679225,0,76.09,76.01,2023,0.3815346142168622,False,-0.00600622371518864,False
2023-12-01,-0.0007235890014473112,-0.010393369293514088,-0.0027571719293639774,0.01931016113996531,0.5965517241379263,1.0537582728510313,-0.0010513865159679225,-0.009656792378963774,0.07767679636466918,0.005932115959971007,0.007156249999999975,0.007152887484640935,-0.007879839001447286,4,75.89,75.42,2023-12-04,-0.00619317433126898,0,75.89,75.42,2023,0.4641334242194158,False,-0.0015559935474796414,False
2023-12-04,-0.014485547600106119,-0.01252983293556098,0.004561427219894609,0.030955952543297416,0.43942731277533215,0.8821697462087262,-0.00619317433126898,-0.04078998321931071,0.024259131633356468,0.0005180139345750678,-0.0038579762875604606,0.0025021949078138928,-0.010627571312545658,0,74.31,73.45,2023-12-05,-0.01157313955053152,0,74.31,73.45,2023,0.4634413389660721,False,-0.0005451568480432658,False
2023-12-05,0.0031994554118448537,0.0034717494894485057,-0.0002035278154681741,0.012732749178532288,0.6935483870967755,0.7206029552329165,-0.01157313955053152,-0.03166053599579621,0.009864364981504226,0.006816171496956125,0.007618080243778413,0.0022294952334929174,-0.00441862483193356,1,73.71,75.16,2023-12-06,0.019671686338353034,1,73.71,75.16,2023,0.5151754748072628,False,-0.0005721496954799799,False
2023-12-06,-0.027807344332091533,-0.011708355508249002,-0.00013683634373296005,0.033868092691622165,0.05668016194331434,0.8182331042768496,0.019671686338353034,-0.04603547209181014,0.004807692307692513,-0.01418248904604491,-0.02072571108483212,-0.009589808417427736,-0.007081633247259411,2,73.15,74.12,2023-12-07,0.013260423786739528,1,73.15,74.12,2023,0.4118798687021128,False,-0.005018280049627342,False
2023-12-07,-0.006341068537506711,-0.010658391797085942,-0.0005428144931468593,0.016646115906288506,0.5432098765432173,0.8777383586568255,0.013260423786739528,-0.03244841634906048,0.018552850027670154,0.006622687213317491,0.014414301000818197,0.0028451992733797837,-0.020755369538324908,3,73.621,73.48,2023-12-08,-0.0019152144089321643,0,73.621,73.48,2023,0.48687576425938467,False,-0.0016225423300729631,False
2023-12-08,0.01949510070767535,0.011295590636907882,-0.001366393387989162,0.026147351218847703,0.7721354166666652,0.9340940542297107,-0.0019152144089321643,-0.01251811832916061,0.01862172081011293,0.009043661718167062,0.009916687391196222,0.0059240152144450775,0.009578413316479129,4,74.94,77.12,2023-12-11,0.029089938617560707,1,74.94,77.12,2023,0.46640881859060684,False,-0.0013001236337674205,False
2023-12-11,0.007585580912863099,0.007909751037344481,-0.0033987431063229323,0.020074059637497532,0.4789644012944945,1.6889180025503387,0.029089938617560707,0.04709998654286096,0.03264764432647649,0.009789906313021568,0.017183391426649486,0.005220909743522739,-0.009597810513786387,0,77.81,77.42,2023-12-12,-0.005012209227605702,0,77.81,77.42,2023,0.5013239635718753,False,-0.00045959454426886524,False
2023-12-12,0.008654094549212177,0.007749935417204812,0.001153846153846283,0.015065143939246628,0.8536375376668092,0.9025156574129729,-0.005012209227605702,0.06050739384072723,0.04533297673174652,0.007596824754777964,0.014887063655030675,0.004841434884325535,-0.006232969105818498,1,78.17,78.25,2023-12-13,0.0010234105155431106,1,78.17,78.25,2023,0.48458019488402215,False,-0.0016752424258662602,False
2023-12-13,0.01961661341853027,-0.00012779552715658227,0.0030802112144832083,0.028642829680892046,0.7852348993288573,1.1732707845451413,0.0010234105155431106,0.09090909090909083,0.033812670034978565,0.009708980807246581,0.009922167429148532,0.012443755516803323,0.00969444598938174,2,79.8,80.81,2023-12-14,0.012656641604010144,1,79.8,80.81,2023,0.4040976591769046,False,-0.005599287078586239,False
2023-12-14,0.017324588541022035,0.01150971414428903,0.0,0.019928208936749625,0.8819875776397441,1.6316354269723101,0.012656641604010144,0.11680091278303761,0.06571613739468551,-0.004469356511432654,0.009381191003379419,-0.0017777401536475113,0.007943397537642616,3,82.22,83.04,2023-12-15,0.00997324252006826,1,82.22,83.04,2023,0.44678005923637554,False,-0.003612177681056414,False
2023-12-15,-0.019328034682080997,-0.014390655105973149,0.0019069881889763884,0.023794846504746614,0.16839378238342056,1.4497660092826914,0.00997324252006826,0.08606885508406736,0.06170101747978096,0.003166905834034228,0.001667720973029141,0.0011288845342818377,-0.020995755655110138,4,81.39,81.59,2023-12-18,0.0024573043371420855,1,81.39,81.59,2023,0.4706655326226042,False,-0.002389658149596896,False
2023-12-18,-0.0003064100992768992,-0.0018997426155166197,0.0004906470407848307,0.012993441405766637,0.7190476190476167,1.0720465584269754,0.0024573043371420855,0.04857987405217834,0.05209542230818842,0.005580964611167305,-0.0008354459552892823,0.0022718104418353313,0.0005290358560123831,0,81.59,81.67,2023-12-19,0.000980512317686033,1,81.59,81.67,2023,0.47235785071636144,False,-0.0014671437323499669,False
2023-12-19,0.005816089139218716,0.00018366597281738173,6.087168249324648e-05,0.013551804854009974,0.8863636363636358,0.9792731846284743,0.000980512317686033,0.05142637840603803,0.04507597431495958,0.0037051577759237286,0.0036662817551964544,0.004528717145638517,0.002149807384022262,1,82.19,81.35,2023-12-20,-0.010220221438131172,0,82.19,81.35,2023,0.459286813117098,False,-0.0027444792152872804,False
2023-12-20,-0.03275968039336197,-0.011063306699446773,-6.354047528267515e-05,0.038026198651914145,0.018394648829433664,2.1992412418228287,-0.010220221438131172,-0.013533834586466176,0.026336375488917874,-0.01258724133708844,-0.02125997917389799,-0.012258418431935203,-0.011499701219463976,2,78.72,85.01,2023-12-21,0.079903455284553,1,78.72,85.01,2023,0.44713294053410263,False,-0.00538193723017084,False
2023-12-21,0.006175744030114005,-0.00311728031996239,-0.004365033174252075,0.03501383708338346,0.8333333333333334,5.15821119845622,0.079903455284553,0.03977134517149117,0.10881971465629059,0.0019653122389819977,0.005599071656512855,0.0031189001103284486,0.0005766723736011503,3,85.49,86.17,2023-12-22,0.00795414668382266,1,85.49,86.17,2023,0.30702407900351697,False,-0.011743469447158048,False
2023-12-22,0.0028432168968319793,-0.0017987698735059121,-0.0020210185933710045,0.021840691427236436,0.4251336898395753,2.197615835064006,0.00795414668382266,0.06259982798869634,0.1286049849928228,-0.0018092909535452062,-0.005255600229753021,-0.0008546828177099508,0.008098817126585,4,86.485,86.695,2023-12-26,0.002428166734115722,1,86.485,86.695,2023,0.44747548777303303,False,-0.003462861665427393,False
2023-12-26,0.0033450602687583597,0.009054732106811292,-0.003595692500134584,0.016660881638320024,0.38541666666666213,1.0140900195269322,0.002428166734115722,0.06679740164235826,0.12353168968633033,0.003824068417837445,0.011106571527218279,0.0031007424907190106,-0.007761511258459919,1,87.04,87.48,2023-12-27,0.005055147058823595,1,87.04,87.48,2023,0.529945350594862,True,-0.00010492120759637933,False
2023-12-27,-0.010859625057155986,-0.009545038866026645,0.00023118714599457135,0.014729761076316406,0.24409448818897894,0.7693653516534148,0.005055147058823595,0.054629516972867886,0.1387283236994219,0.00012166930283497024,-0.003288914091295614,0.0008202927814235927,-0.007570710965860372,2,86.68,86.75,2023-12-28,0.0008075680664512142,1,86.68,86.75,2023,0.43771624041677365,False,-0.00466001883810013,False
2023-12-28,-0.008645533141210415,-0.008443804034582114,0.0008146165483531309,0.010601118359738981,0.17582417582417273,0.7161088821564967,0.0008075680664512142,0.09247967479674801,0.121544079290558,-0.003562168318511194,-0.004416260899105406,-0.0004928174478348035,-0.004229272242105009,3,86.0,85.89,2023-12-29,-0.0012790697674418539,0,86.0,85.89,2023,0.5165044759988057,False,-0.0013466569169517909,False
2023-12-29,-0.0073361276050762925,0.0006985679357318642,-0.004089475528559761,0.01310243443490533,0.20635490530473208,0.7199851886961437,-0.0012790697674418539,-0.0016376184349046197,0.12169798922328812,-0.005105886357557932,-0.007101465742529234,-0.002917165103150099,-0.00023466186254705867,4,85.35,84.0,2024-01-02,-0.01581722319859391,0,85.35,84.0,2023,0.5025287841472718,False,-0.0005833196548939601,False
2024-01-02,-0.020059523809523805,-0.0035714285714285587,0.005865460988574656,0.028501529051987662,0.2424892703862653,1.1598772634788366,-0.01581722319859391,-0.047464878302595825,0.08551851363816043,-0.00786024048886258,-0.019640266898752534,0.0009102846492714534,-0.0004192569107712707,1,82.38,81.2,2024-01-03,-0.014323865015780424,0,82.38,81.2,2024,0.46588896904955884,False,-0.0021863499591797757,False
2024-01-03,0.01200738916256161,0.011112068965517308,0.0001716144784198459,0.02485946516101034,0.7936904108221412,1.199992440906703,-0.014323865015780424,-0.05491727941176472,0.10698425514735566,-0.004075713249818702,-0.002645025548542179,-0.003645600833280249,0.01465241471110379,2,82.26,83.5,2024-01-04,0.015074155117918764,1,82.26,83.5,2024,0.492047108245638,False,-0.0001904006251759919,False
2024-01-04,-0.009461077844311494,-0.004389221556886258,-0.0038540286643382604,0.01997336884154466,0.06060606060605695,1.4820389921937507,0.015074155117918764,-0.046377480387632786,0.12142178808845472,-0.0002774624795056635,0.004839298758217536,-0.002178090967328683,-0.01430037660252903,3,82.66,81.48,2024-01-05,-0.014275344785869781,0,82.66,81.48,2024,0.5558152289591329,True,-0.0008873376131282856,False
2024-01-05,0.022582228767795698,0.0045409916543937,0.0053695324283558055,0.03073694605604249,0.9277108433734911,1.158081384569016,-0.014275344785869781,-0.02941860465116275,0.14107997265892003,0.0009333064272021296,0.0033538796229151124,0.001112323258251502,0.019228349144880585,4,83.47,83.89,2024-01-08,0.00503174793338923,1,83.47,83.89,2024,0.4431845603824241,False,-0.0009110115522134808,False
2024-01-08,0.0119203719156038,0.013797830492311425,0.003783847700130183,0.020040558272694797,0.6309523809523797,1.1874121571739935,0.00503174793338923,-0.004803749267721091,0.1537468928702408,0.018090906806703666,0.027568697729988045,0.013246376192814324,-0.015648325814384245,0,84.94,83.11,2024-01-09,-0.021544619731575176,0,84.94,83.11,2024,0.47640242040224867,False,-0.0027826522137279325,False
2024-01-09,0.0025869329803873686,0.009866442064733638,-0.0006847992554755988,0.015560916767189292,0.3294573643410851,0.8434240154614636,-0.021544619731575176,0.01141053653799462,0.11182279156658659,0.00965390261501331,0.010672608925115679,0.004227859368046261,-0.00808567594472831,1,83.32,82.99,2024-01-10,-0.003960633701392213,0,83.32,82.99,2024,0.5704885932122635,True,0.00042758102554817264,False
2024-01-10,-0.007651524280033684,-0.010056633329316722,0.0012157315664702573,0.016654420769042444,0.5110294117647115,0.8098749594912846,-0.003960633701392213,0.001580354972039899,0.05886132887803619,0.006328958061417866,-0.0027737648078590693,0.005167032225409152,-0.004877759472174614,2,82.39,82.8,2024-01-11,0.004976332079135837,1,82.39,82.8,2024,0.4219360620076511,False,-0.0023217015264929506,False
2024-01-11,0.007185990338164139,0.002113526570048263,0.002946482260973937,0.01931068198484498,0.9968354430379686,0.8320996476272347,0.004976332079135837,0.008952334865715006,0.06690546245362672,-0.0008174918860880398,0.002164252322964133,-0.002072951128606726,0.005021738015200006,3,83.4,82.76,2024-01-12,-0.00767386091127098,0,83.4,82.76,2024,0.4734294564545717,False,-0.001589671182156308,False
2024-01-12,-0.004470758820686371,-0.003830352827452921,-0.0013333333333332975,0.016338269489658552,0.5093632958801518,0.7514766496647532,-0.00767386091127098,-0.013238289205702691,0.03214285714285703,-0.0018274408518310636,-0.004316546762589968,-0.002239243261342727,-0.00015421205809640348,4,82.365,82.62,2024-01-16,0.003095975232198178,1,82.365,82.62,2024,0.48065412118913126,False,-0.0006575878338015444,False
2024-01-16,0.023844105543451954,0.0107722101186154,0.004631828978622243,0.035041904530547896,0.7833622183708843,1.1345240059121853,0.003095975232198178,-0.0038850953614315564,0.02906835319873502,0.0028287330704610536,0.01367649604708876,-0.0008772225144660917,0.010167609496363195,1,84.61,83.84,2024-01-17,-0.009100579127762631,0,84.61,83.84,2024,0.5137499993063265,False,0.00017796166604291632,False
2024-01-17,-0.006560114503816772,-0.01288167938931295,0.0025276841598460553,0.01627836611195166,0.4944237918215664,0.8687062631669271,-0.009100579127762631,-0.0008401344215073214,0.022852930335422128,0.0031883201615086065,0.0014901421366346757,0.00139883854012135,-0.008050256640451448,2,83.25,85.28,2024-01-18,0.024384384384384505,1,83.25,85.28,2024,0.44008339280510866,False,-0.0019521280574805145,False
2024-01-18,-0.005100844277673544,0.0016416510318948419,0.001004012510632979,0.021180390290337803,0.4522471910112351,1.309306707947337,0.024384384384384505,0.02949387061536579,0.03958818482657178,0.006747539705739047,0.003951689207992493,0.005632792557119126,-0.009052533485666037,3,84.82,86.07,2024-01-19,0.014737090308889478,1,84.82,86.07,2024,0.4851483082611649,False,-0.003014417269352368,False
2024-01-19,0.016091553386778257,0.0010456605088882132,-0.0007541047291507175,0.02528614809623919,0.8475750577367208,1.3834160594246745,0.014737090308889478,0.049760191846522694,0.06521474631950364,0.013944415008910749,0.025959429824561342,0.009368784674971264,-0.009867876437783085,4,87.55,88.27,2024-01-22,0.008223872073101157,1,87.55,88.27,2024,0.4823033624505245,False,-0.002189592333993385,False
2024-01-22,0.01098901098901095,0.006117593746459704,-0.0007837868099878076,0.022042949664810685,0.6340206185566964,1.1218834020414372,0.008223872073101157,0.08346992047593038,0.13363821138211374,-0.004074065326751919,-0.003073661897191271,-0.0009090721266089563,0.014062672886202221,0,89.24,89.0,2024-01-23,-0.0026893769610040197,0,89.24,89.0,2024,0.46199371407125267,False,-0.000501170090443882,False
2024-01-23,-0.016460674157303457,-0.014157303370786578,0.0008575348730848198,0.026473296500920895,0.28478260869565125,1.2584960567669345,-0.0026893769610040197,0.03451128708190532,0.02386244005146798,0.0025803091636482645,0.005371768960748868,0.001797446386512913,-0.021832443118052325,1,87.53,88.51,2024-01-24,0.011196161316120223,1,87.53,88.51,2024,0.5159417370531015,False,-0.0015328186550730273,False
2024-01-24,-0.005197152864083288,-0.00847361880013553,0.00571102227298681,0.022630181272370375,0.7346938775510216,1.4280680163575852,0.011196161316120223,0.05807807807807808,0.01850031797421514,-0.004281302638966866,0.005648240154803474,-0.005452942744101241,-0.010845393018886762,2,88.085,89.14,2024-01-25,0.011977067605154268,1,88.085,89.14,2024,0.41092578716695644,False,-0.004149420422759198,False
2024-01-25,-0.0001682746241866706,-0.005160421808391269,0.001010838434323702,0.017510593818859777,0.4065565307176021,1.1623010239314284,0.011977067605154268,0.051756661164819695,0.02493106617647034,-0.005369440877786902,-0.016964741951967288,0.0003589301829518554,0.016796467327780618,3,89.21,87.23,2024-01-26,-0.022194821208384563,0,89.21,87.23,2024,0.4814411236347788,False,-0.0008470518628723202,False
2024-01-26,0.008941877794336861,0.002636707554740214,-0.005030806624837458,0.025611310696488587,0.778280542986427,1.089545981666665,-0.022194821208384563,0.005825242718446644,0.01592062759575441,-0.001484378681494758,-0.0050462351387055016,-0.00043068971882109786,0.013988112933042363,4,88.06,88.41,2024-01-29,0.003974562798092052,1,88.06,88.41,2024,0.5468805378677809,True,0.0017497845826591697,True
2024-01-29,0.007069336047958341,0.006673453229272708,0.0023077789035235163,0.01766744304948009,0.6559485530546629,0.7721892350584812,0.003974562798092052,-0.001680860600627443,0.03593023255813965,0.009027057603469446,0.009087537091988063,0.007247862546900796,-0.0020182010440297216,0,89.09,88.19,2024-01-30,-0.010102143899427651,0,89.09,88.19,2024,0.4682392220341591,False,-0.001175097574458492,False
2024-01-30,-0.022678308198208375,-0.004195487016668609,0.0012778810408922148,0.035331156716417844,0.1419141914191394,0.9235350899979944,-0.010102143899427651,-0.015994516165886097,0.009138840070298748,-0.004027159915710676,-0.007443059281468711,0.0008153946510109922,-0.015235248916739663,1,86.13,85.09,2024-01-31,-0.012074770695460257,0,86.13,85.09,2024,0.4918315857910548,False,-0.0016548422531317054,False
2024-01-31,0.00799153837113642,0.012281114114466973,-0.00034965034965039887,0.025165622276240418,0.4610301354454688,0.7694641104365653,-0.012074770695460257,-0.026735539535675645,0.04066521000242784,-0.008149934656053293,0.0019936418988091287,-0.010458024640825236,0.005997896472327291,2,85.73,86.07,2024-02-01,0.003965939577744049,1,85.73,86.07,2024,0.49221607508349113,False,1.7570855666959118e-05,False
2024-02-01,-0.005054025792959105,-0.0077843615661669086,0.0013447146866232274,0.01861372097145897,0.647619047619053,0.6677240055753899,0.003965939577744049,-0.040466315435489286,0.040602966204716706,0.007235129778647931,0.004418143844052924,0.008790211088872013,-0.009472169637012029,3,85.6,85.15,2024-02-02,-0.005257009345794206,0,85.6,85.15,2024,0.47248211294206965,False,-0.002002843776197514,False
2024-02-02,0.015443335290663551,0.012566059894304038,0.0010999189533402731,0.01964893278864155,0.9131216297183965,0.7412590524370808,-0.005257009345794206,-0.01816942993413595,0.04597144931042818,0.013355356300141397,0.01620444161088086,0.010170322264428266,-0.0007611063202173085,4,86.46,86.67,2024-02-05,0.002428868841082732,1,86.46,86.67,2024,0.47832523605471033,False,-0.0015609664366700426,False
2024-02-05,0.0036921656859350005,-0.003288335064035919,0.001496661294036361,0.018806214227309992,0.8571428571428547,0.596762427229483,0.002428868841082732,-0.02390840722864529,0.041811429256020105,-0.00041951196774425714,0.00795701147049721,-0.0011747787162503798,-0.00426484578456221,0,86.96,86.83,2024-02-06,-0.0014949402023918257,0,86.96,86.83,2024,0.45776364777491524,False,-0.0007382000575893962,False
2024-02-06,-0.026603708395715797,-0.012322929862950471,0.0025502639226615553,0.04144768275203048,0.23054755043227593,1.072376541140069,-0.0014949402023918257,-0.017996052478811086,-0.0042382858488344555,-0.004969970669025492,-0.015937069009552052,0.0004863024801426974,-0.010666639386163745,1,84.58,84.14,2024-02-07,-0.0052021754551903054,0,84.58,84.14,2024,0.45129581710228345,False,-0.002187705819647478,False
2024-02-07,0.01176610411219392,-0.0011884953648679808,0.004661592022186856,0.03407299624105731,0.9466192170818486,1.1600430157555854,-0.0052021754551903054,-0.006415490493409504,0.022323571771483586,0.003554750121976591,0.015236816280150833,0.003204980958713577,-0.003470712167956913,2,85.18,85.46,2024-02-08,0.0032871566095324933,1,85.18,85.46,2024,0.433625928370329,False,-0.0023854475007107044,False
2024-02-08,-0.00649426632342609,-0.00842499414930964,-0.0031699442324625293,0.017799597775937537,0.24923567725641427,0.9332414148860748,0.0032871566095324933,-0.008411214953271018,0.030222114334263805,0.0011108282613223608,0.009859261884270776,6.02288697049147e-05,-0.016353528207696866,3,84.88,85.05,2024-02-09,0.002002827521206507,1,84.88,85.05,2024,0.5478628840831861,True,-0.00037882678378062327,False
2024-02-09,0.005996472663139407,-0.006115226337448543,0.001814882032667997,0.019652215340638435,0.9696969696969715,0.9503561167385274,0.002002827521206507,-0.011219060837381445,0.025059952038369193,0.00728211273447954,0.013877835256665527,0.004510283446257368,-0.00788136259352612,4,85.49,85.53,2024-02-12,0.0004678909814013199,1,85.49,85.53,2024,0.457938767830715,False,-0.0020570066239595725,False
2024-02-12,0.0022214427686191307,0.0071320004676722615,-0.0019211736624556996,0.01774212437053513,0.21782178217821663,0.807803240464769,0.0004678909814013199,-0.01448942042318302,0.040490499605414954,-0.004028012999496511,-0.005046298564499563,-0.0008180856795100278,0.0072677413331186935,0,85.7,82.47,2024-02-13,-0.03768961493582268,0,85.7,82.47,2024,0.508855015357545,False,0.0007177891162281785,True
2024-02-13,-0.012138959621680545,0.0007275372862860507,0.004672586015538327,0.0344827586206895,0.25274685816876313,1.7309824686932516,-0.03768961493582268,-0.03558760936391592,-0.03592955915376439,0.002761655120763873,0.010344827586207028,-0.0009099917089644416,-0.022483787207887573,1,81.57,82.24,2024-02-14,0.008213804094642674,1,81.57,82.24,2024,0.6094284106080332,True,-0.00015673062677176947,False
2024-02-14,-0.005532587548638057,0.004474708171206432,0.0033122738146353914,0.020677383728064713,0.1750741839762619,0.9103534853425388,0.008213804094642674,-0.03956327776473356,-0.01729729729729723,0.00491582803877022,0.006386138613861281,0.0036534551822702266,-0.011918726162499338,2,81.81,82.24,2024-02-15,0.005256081163671933,1,81.81,82.24,2024,0.44229026653614095,False,-0.0030522561669634567,False
2024-02-15,-0.007599708171206254,-0.0004863813229570857,-0.0017124334903063643,0.014722119985277837,0.0874999999999923,0.8651027245724019,0.005256081163671933,-0.03828934967012254,-0.037609054468285774,0.0010716261061947119,-0.009677419354838679,0.004976967754856787,0.0020777111836324247,3,81.63,81.06,2024-02-16,-0.00698272693862545,0,81.63,81.06,2024,0.5366891429494802,False,-8.591904925419529e-05,False
2024-02-16,-0.01905995558845297,-0.015297310634098338,-0.002571500250878045,0.02637854889589919,0.1267639320736665,1.2934844660497027,-0.00698272693862545,-0.06994970171949921,-0.09183323814962874,-0.0102315368343604,-0.01426826288785743,-0.004674014869147425,-0.00479169270059554,4,79.51,79.335,2024-02-20,-0.002200981008678271,0,79.51,79.335,2024,0.5244968459196947,False,0.00013064910867806312,False
2024-02-20,0.017457616436629575,0.007625890212390463,0.0004957858205254517,0.020467466835123016,0.9691358024691373,1.0461715482586549,-0.002200981008678271,-0.058226371061843696,-0.09558493948901836,-0.0037105054370654145,-0.01258301293254116,-0.002842963915454466,0.030040629369170735,1,80.71,80.66,2024-02-21,-0.0006195019204559005,0,80.71,80.66,2024,0.5711176372010698,True,0.0028380004098058627,True
2024-02-21,0.009484254897099031,-0.004959087527894757,0.006645031679802127,0.018638979234425923,0.9966442953020069,0.7612730456714382,-0.0006195019204559005,-0.0008581586367536476,-0.06889066605735172,0.002336591685313749,0.003986914741361591,0.0036332808526098326,0.00549734015573744,2,81.5,85.02,2024-02-22,0.043190184049079816,1,81.5,85.02,2024,0.41118688125599034,False,-0.002307302452563858,False
2024-02-22,0.01070336391437321,-0.0032345330510467063,-0.000669864026906164,0.02896995708154515,0.843621399176957,1.4900804777528713,0.043190184049079816,0.049627184940716385,-0.025146165635465567,0.008791916960114055,0.013563085239888029,0.007311507936508033,-0.002859721325514819,3,85.87,86.5,2024-02-23,0.007336671713054521,1,85.87,86.5,2024,0.4865949519662201,False,-0.0022070615449407112,False
2024-02-23,-0.0036416184971097554,-0.013294797687861348,0.0061288816250293365,0.02081011169900071,0.6412791683145944,0.8480025695705049,0.007336671713054521,0.053534239862795596,-0.03598251317116907,-0.005709086773569849,-0.014950714521529962,-0.0015905743740795009,0.011309096024420207,4,86.0,89.65,2024-02-26,0.04244186046511644,1,86.0,89.65,2024,0.38018063646845224,False,-0.0027254529386070217,False
2024-02-26,-0.0019520356943670825,-0.0011734523145566778,-0.006708533481055157,0.03880764904386935,0.1666666666666639,2.685741483905656,0.04244186046511644,0.12539303232297816,0.016125369066545492,-0.001953839122486367,-0.0009496676163341933,-0.004249458980916776,-0.0010023680780328892,0,89.48,91.94,2024-02-27,0.02749217702279827,1,89.48,91.94,2024,0.552116080906155,True,-0.00035745140072128667,False
2024-02-27,-0.00038068305416572024,-0.0071785947356971525,-0.007666144792960017,0.024919880649795667,0.6274944567627495,1.9619919230034057,0.02749217702279827,0.13802502787758653,0.030979907958244457,-2.284826467424672e-05,-0.00629734848484842,0.0006414178294420481,0.005916665430682699,1,91.85,90.46,2024-02-28,-0.015133369624387605,0,91.85,90.46,2024,0.5632175207846907,True,0.00041117504332605683,False
2024-02-28,-0.008235684280344824,-0.004090205615741693,-0.001363573118129957,0.01668533034714459,0.2785234899328884,1.2353070188499604,-0.015133369624387605,0.10122699386503076,0.04202949030535241,-0.0004133749770347528,-0.0006743413130388953,0.0013951279362001134,-0.0075613429673059285,2,89.75,90.64,2024-02-29,0.009916434540389929,1,89.75,90.64,2024,0.48857451453026257,False,-0.0016543801714973946,False
2024-02-29,0.0002758164165932442,-0.014884157105030993,0.009407704297484054,0.02262888692987297,0.9179063635006757,1.0371361033328454,0.009916434540389929,0.05450098986840568,0.05622302577860716,0.004084841293384711,0.012249761677788351,0.0027752081406104967,-0.011973945261195107,3,90.55,91.92,2024-03-01,0.015129762562120508,1,90.55,91.92,2024,0.4065477683847344,False,-0.004315058744746665,False
2024-03-01,0.03519364664926017,0.0229003481288077,-0.0007875669431901544,0.04502828546562232,0.7815897559797059,1.9881167183628958,0.015129762562120508,0.10616279069767431,0.11133177570093467,0.01345760400090934,0.030333457874089254,0.008016032064128042,0.004860188775170915,4,95.13,96.98,2024-03-04,0.019447072427204892,1,95.13,96.98,2024,0.5104436848428469,False,-0.0015912521725831117,False
2024-03-04,-0.011033202722210866,-0.016395133017116925,-0.013068532619880724,0.029194326220146838,0.46783477536835216,1.6172074735326123,0.019447072427204892,0.07040679481448375,0.10779551237566509,-0.0035905836942617952,0.0008482142857142438,0.0005858917272090203,-0.01188141700792511,0,95.78,94.28,2024-03-05,-0.015660889538525735,0,95.78,94.28,2024,0.5395159912392893,True,0.0006571370828993274,False
2024-03-05,0.002174374204497287,0.007636826474331837,0.009455128205128283,0.02240686143125159,0.5789473684210527,0.9949623231878278,-0.015660889538525735,0.028960261295590817,0.08682152713891456,-0.010976550097518856,-0.00769023205612529,-0.005801191596111699,0.009864606260622577,1,94.51,95.09,2024-03-06,0.006136916728388453,1,94.51,95.09,2024,0.4627035539113814,False,-0.0019301471566513834,False
2024-03-06,0.0056262488169103175,-0.0012619623514565914,0.005309083263246306,0.019800608517339224,0.570047535117234,1.0024584589661074,0.006136916728388453,0.06473537604456836,0.12981792385906843,-0.0031681504360464574,0.005150976909414018,-0.0013710704142591013,0.00047527190749629966,2,95.56,98.93,2024-03-07,0.03526580159062376,1,95.56,98.93,2024,0.38552054261616,False,-0.0037259805335762273,False
2024-03-07,0.0010108157282926467,-0.008693015263317672,0.00517661388550561,0.022776238842720842,0.7027027027027041,2.0604845616188356,0.03526580159062376,0.09320817228050804,0.16212725992016885,0.007640317367029192,0.02074896581754837,0.003966011186685048,-0.019738150089255724,3,98.99,99.88,2024-03-08,0.008990807152237545,1,98.99,99.88,2024,0.45404822836197634,False,-0.00523998081890075,False
2024-03-08,-0.021225470564677495,0.010812975570684724,-0.00122599100939913,0.0465474722564736,0.09713024282560967,1.6647896326387315,0.008990807152237545,0.026279827604331008,0.1502120640904807,-0.014512909086830783,-0.0491706411176297,-0.006712451014627807,0.027945170552952203,4,97.63,95.9,2024-03-11,-0.017719963126088145,0,97.63,95.9,2024,0.3960518257007896,False,-0.002659578775183165,False
2024-03-11,-0.01444212721584992,-0.015276329509906206,0.005906768837803389,0.031381983426891136,0.33730834752981226,1.1695988615346782,-0.017719963126088145,-0.012841929421591236,0.10597730728740218,-0.0005257022696624203,-0.005852165301161394,0.0013908478294937243,-0.008589961914688526,0,94.55,95.25,2024-03-12,0.007403490216816522,1,94.55,95.25,2024,0.42694218463241784,False,-0.0019922357931018713,False
2024-03-12,0.022782152230971242,-0.004304461942257198,0.0040193754508914825,0.041114908158906394,0.9818181818181836,0.9468832631033607,0.007403490216816522,0.03100201036927297,0.13698949824970819,0.009187247009596389,0.014918726341571986,0.007011393514460895,0.007863425889399256,1,97.44,95.36,2024-03-13,-0.021346469622331665,0,97.44,95.36,2024,0.43401457598353055,False,-0.0009774443380345082,False
2024-03-13,-0.012426593959731558,-0.008494127516778582,0.003409514676895098,0.024274973147153656,0.4756637168141595,1.024290522621163,-0.021346469622331665,-0.014859773964001732,0.1541007723427732,-0.005557563708657121,-0.010935493868154289,-0.002020846628376871,-0.0014911000915772687,2,94.14,93.3,2024-03-14,-0.008922880815806278,0,94.14,93.3,2024,0.4110611014968425,False,-0.0026835887712146505,False
2024-03-14,-0.02068595927116823,-0.014790996784565857,0.00905577029265614,0.03488372093023262,0.3396825396825414,1.0497923825609452,-0.008922880815806278,-0.07616931003131622,0.11783400562278445,-0.006296715741789249,-0.015182822747282332,-0.0049712749289128055,-0.005503136523885899,3,91.45,92.48,2024-03-15,0.011262985237834977,1,91.45,92.48,2024,0.40472551991203626,False,-0.003419895883327185,False
2024-03-15,0.008217993079584707,0.005983996539792313,-0.002097692538208129,0.029124103455770545,0.45522388059701335,1.497224259843915,0.011262985237834977,-0.04450476288026217,0.1427783902976847,-0.005389043043547925,0.003941181893611034,-0.0018815412959116706,0.004276811185973672,4,93.285,96.81,2024-03-18,0.03778742563113058,1,93.285,96.81,2024,0.49076145339974503,False,-0.0012245713299405988,False
2024-03-18,-0.03217642805495313,-0.019006301001962655,-0.002873410312350444,0.036183157220621265,0.001474926253685974,1.536462398652293,0.03778742563113058,-0.008461131676361644,0.17909696893472504,-0.003350580083422705,-0.018049241571769348,-0.0029573135141445217,-0.014127186483183785,0,93.75,92.51,2024-03-19,-0.013226666666666609,0,93.75,92.51,2024,0.39092883034441006,False,-0.003413534226874377,False
2024-03-19,0.016947357042481848,-0.010485352934817893,0.0017334824043016006,0.034725274725274646,0.9739873417721517,1.416994550644636,-0.013226666666666609,-0.03520114942528729,0.16478751084128374,0.007830979446549646,0.010314296310031557,0.007400175729766811,0.006633060732450291,1,94.01,94.94,2024-03-20,0.009892564620785027,1,94.01,94.94,2024,0.515738244178353,False,0.000628612750663025,False
2024-03-20,0.014114177375184278,-0.01021697914472297,0.0009356481962783381,0.033016347900416854,0.870550161812296,1.8486684618367493,0.009892564620785027,0.022413426811132453,0.1809815950920246,0.008754377188594287,0.010555174777244769,0.008511380821280445,0.003559002597939509,2,96.25,113.365,2024-03-21,0.17781818181818188,1,96.25,113.365,2024,0.4312134228523527,False,-0.002381704578007046,False
2024-03-21,-0.03109425307634628,-0.028800776253693816,-0.006826710068267072,0.04337498253381078,0.2243133265513745,5.098475431203504,0.17781818181818188,0.20087479496992877,0.2789099802026318,-0.006215469613259694,-0.009143407122232938,-0.0017864649012189204,-0.02195084595411334,3,109.82,109.31,2024-03-22,-0.004643962848297156,0,109.82,109.31,2024,0.38619051220178124,False,-0.010717818639127113,False
2024-03-22,0.009148293843198152,0.0009148293843197486,0.0030005455537369663,0.0400280977592784,0.7596378232054513,1.6345273686284605,-0.004643962848297156,0.18127244465884118,0.2813372093023254,0.0028853710564724633,0.009707446808510545,-0.00030644883262143097,-0.0005591529653123928,4,110.195,110.31,2024-03-25,0.001043604519261443,1,110.195,110.31,2024,0.3955790573971426,False,-0.003958390388159719,False
2024-03-25,0.062415012238237644,0.04831837548726314,-0.0074612961143669665,0.10212418300653603,0.6253333333333331,2.8314866670083645,0.001043604519261443,0.2484266666666668,0.30800178810907464,0.002682899334911504,0.008748556710187483,-0.00011543123184354354,0.05366645552805016,0,117.04,119.07,2024-03-26,0.01734449760765533,1,117.04,119.07,2024,0.5302875812440705,False,0.0029652460847541875,True
2024-03-26,-0.0017636684303350414,0.01906441588981278,-0.0025594763563127065,0.03630278412456622,0.16084291009114368,2.1399542235752502,0.01734449760765533,0.2634826082331667,0.29319542732716397,-0.006766900445898449,-0.01647727272727273,-0.0050937206223738984,0.014713604296937688,1,118.78,119.32,2024-03-27,0.004546219902340498,1,118.78,119.32,2024,0.4779065164452256,False,-0.002695438781306933,False
2024-03-27,-0.0005866577271202988,-0.011858866912504151,0.006881411744839028,0.025896822685343324,0.7156992084432732,1.2235935375380744,0.004546219902340498,0.23916883116883114,0.3289136490250697,-0.003583988531236759,-0.007348073613133832,0.0023192961607021445,0.006761415886013533,2,119.27,119.44,2024-03-28,0.0014253374696067134,1,119.27,119.44,2024,0.28322961557890175,False,-0.0064136992131047735,False
2024-03-28,-0.011386470194239773,-0.017330877427997216,0.0015411587783706882,0.019429058372390395,0.32017543859649283,0.8193868282377709,0.0014253374696067134,0.07330176652704434,0.30171176145775824,-0.0004833741765777333,0.004235210200169259,0.0013952332715354565,-0.015621680394409032,3,117.87,119.195,2024-04-01,0.01124119792992273,1,117.87,119.195,2024,0.407939070821114,False,-0.003751273669664391,False
2024-04-01,0.04195813582784513,0.05528587608540647,0.005816420738917083,0.0704193277310925,0.6200789985560687,2.1493850470626032,0.01124119792992273,0.12790961477381013,0.30652790917691597,-0.00015731397622320564,0.010199556541020005,-0.0029207949143807976,0.03175857928682513,0,124.29,122.71,2024-04-02,-0.012712205326253168,0,124.29,122.71,2024,0.43131165745619937,False,-0.0024410875601073296,False
2024-04-02,0.0011400863825279384,-0.0030152391818106805,0.0017115133724723286,0.022825008269930613,0.6992391304347826,1.1324968428824231,-0.012712205326253168,0.048872180451127845,0.28168719983295065,0.002488127428480702,0.003545150501672145,0.0009068982151472227,-0.002405064119144207,1,122.76,122.19,2024-04-03,-0.004643206256109589,0,122.76,122.19,2024,0.47462390203709326,False,-0.0015814291692438185,False
2024-04-03,0.04791717816515262,0.012071364268761764,0.011733565107458821,0.05728179345586426,0.9661870503597103,1.713988106478848,-0.004643206256109589,0.07930628051860578,0.3564702147920853,0.006811554583561197,0.013603915054101412,0.003187050915552714,0.034313263111051207,2,128.2,129.98,2024-04-04,0.013884555382215336,1,128.2,129.98,2024,0.3312437030611582,False,-0.003022542219103283,False
2024-04-04,-0.04536313278965998,-0.018565163871364754,0.001886960032297047,0.05574686615446822,0.06291799045422049,1.5415232578052105,0.013884555382215336,0.040077135910119965,0.2981372959397237,-0.02501512333923317,-0.04041903099083366,-0.020132946210268843,-0.004944101798826317,3,124.05,124.4,2024-04-05,0.0028214429665458507,1,124.05,124.4,2024,0.339018140635291,False,-0.005190576148955693,False
2024-04-05,-0.007395498392282929,-0.014710610932475943,0.003168413356080979,0.03704534897248424,0.5077841377313531,0.9736598900200073,0.0028214429665458507,0.04835836090608292,0.24830790988988793,0.009020559549430152,0.006418949462073886,0.008203254087047807,-0.013814447854356815,4,123.57,129.055,2024-04-08,0.04438779639070978,1,123.57,129.055,2024,0.344407943032957,False,-0.004790733473192556,False
2024-04-08,-0.046530548990740495,-0.03324164116074546,0.00154647566335675,0.057825625968517924,0.06205923836389258,1.1744700081072041,0.04438779639070978,-0.01045940944565138,0.25975622247260066,-0.00208418286439227,-0.008670905776157145,-0.0012905711258787145,-0.03785964321458335,0,122.99,124.91,2024-04-09,0.015611025286608626,1,122.99,124.91,2024,0.26889229490737326,False,-0.00718230586060337,False
2024-04-09,-0.019638940036826424,-0.005523977263629742,0.00046486928104583214,0.04015832440009892,0.24371663244353334,0.7793080794921605,0.015611025286608626,-0.0008145975887912105,0.29730301427815964,-0.0025172709622071077,-0.006744763933262399,-0.003150816522574429,-0.012894176103564026,1,122.66,120.27,2024-04-10,-0.01948475460622856,0,122.66,120.27,2024,0.38024335455176905,False,-0.0037728880912968324,False
2024-04-10,0.016878689615032805,0.0248607300241126,0.005343197698314706,0.03811191727128693,0.5229759299781175,0.8914190049435831,-0.01948475460622856,-0.04687987519500769,0.2540024630541873,0.0040160183066362265,0.006199095022624501,0.0028628184155177205,0.010679594592408304,2,122.19,122.9,2024-04-11,0.005810622800556553,1,122.19,122.9,2024,0.408274203587787,False,-0.0025946629408313123,False
2024-04-11,0.03698128559804714,0.010170870626525552,0.005324603612842038,0.04398754914809966,0.9990689013035364,0.8766772537736714,0.005810622800556553,0.027972591696896476,0.3545782876566814,0.012436115843270867,0.017320085929108497,0.0052745888923364515,0.019661199668938645,3,127.52,125.25,2024-04-12,-0.017801129234629842,0,127.52,125.25,2024,0.3902794942767363,False,-0.0019157321820901167,False
2024-04-12,-0.021956087824351322,-0.002871856287425145,0.003563675091140084,0.034145941065419017,0.16105769230769285,0.8382376456929259,-0.017801129234629842,-0.008659059642307954,0.3395297977036631,-0.006835184765359381,-0.012595078299776241,-0.007640071542439397,-0.009361009524575081,4,122.5,123.69,2024-04-15,0.009714285714285786,1,122.5,123.69,2024,0.360561529089175,False,-0.004360897549178871,False
2024-04-15,-0.01883741612094747,0.0021489206888187784,0.00422010757136948,0.034574247574828076,0.1798561151079136,0.6896182281138189,0.009714285714285786,-0.013171802585575931,0.3010666237873185,-0.02480432520472331,-0.028067039106145275,-0.020257022499174937,0.009229622985197805,0,121.37,119.53,2024-04-16,-0.015160253769465282,0,121.37,119.53,2024,0.33392525951759605,False,-0.0033281722727977977,False
2024-04-16,0.019074709278005475,-0.00016732201121050227,-0.005145377327670619,0.035399628252787974,0.8234086732380266,0.7007475395228615,-0.015160253769465282,-0.007418881460948934,0.29866666666666664,0.0005569867019425967,0.008834491326554117,-0.002911236978650922,0.010240217951451358,1,121.75,122.02,2024-04-17,0.0022176591375768773,1,121.75,122.02,2024,0.5130632392559102,False,0.0020065353286356346,True
2024-04-17,-0.04540239305031957,-0.004384527126700566,0.000429442583526507,0.06972745249763568,0.020961775585696882,0.9608747589285229,0.0022176591375768773,-0.04836729683280139,0.23688969258589498,-0.015492957746478964,-0.030615034168564925,-0.009603794091492923,-0.014787358881754642,2,116.28,116.0,2024-04-18,-0.002407980736154114,0,116.28,116.0,2024,0.29237001897426795,False,-0.00601584151369723,False
2024-04-18,-0.03543103448275864,0.005436206896551665,-0.00329592018528424,0.05503229278794386,0.06682966585167029,1.2005279852512933,-0.002407980736154114,-0.12256900878293597,0.16249350649350647,-0.007491558806978049,-0.011376025027255099,-0.005189449778875699,-0.02405500945550354,3,111.89,109.6,2024-04-19,-0.020466529627312546,0,111.89,109.6,2024,0.4794587581211242,False,-0.0030318606799683485,False
2024-04-19,-0.025273722627737194,-0.0023722627737226,0.0,0.04880817253121439,0.21511627906976746,1.3180044235756823,-0.020466529627312546,-0.12889795918367353,-0.028319067565106493,-0.017455355028184405,-0.03601489938080493,-0.008429440973890756,0.010741176753067738,4,106.71,107.6,2024-04-22,0.008340361728047974,1,106.71,107.6,2024,0.47050743315744287,False,-0.0004703131576080901,False
2024-04-22,0.011710037174721188,0.009200743494423902,-0.00856102003642989,0.03376160555190855,0.6194444444444441,0.7221928790752771,0.008340361728047974,-0.10093103732388564,-0.009755433549616499,0.002683856126141304,0.008583370652336164,0.0023601960469228356,0.0031266665223850243,0,109.12,109.78,2024-04-23,0.006048387096774244,1,109.12,109.78,2024,0.5547366181686614,True,0.002619223251609571,True
2024-04-23,0.022955000910912737,0.015378028784842401,8.905512512247249e-05,0.0365439353594712,0.8517587939698485,0.6754206027894545,0.006048387096774244,-0.07613963039014371,-0.038961038961038974,0.00964920619830778,0.014426133307252176,0.006516670320253493,0.008528867603660562,1,112.48,112.73,2024-04-24,0.0022226173541963767,1,112.48,112.73,2024,0.5339356884244246,False,0.0011872858719622966,True
2024-04-24,-0.009402998314556932,-0.018627694491262337,0.003504672897196359,0.04321157191247815,0.5169491525423725,0.7685074296110872,0.0022226173541963767,-0.039043687650498815,-0.05926923724532751,-0.0032461466604389866,-0.021303611738148875,-0.0012634238787112562,0.011900613423591944,2,111.74,109.41,2024-04-25,-0.020851977805620203,0,111.74,109.41,2024,0.3631276036772111,False,-0.0015410877898409479,False
2024-04-25,0.01955945526003111,0.01352709989946077,-0.01064301552106428,0.04616914962524299,0.6974646758192202,0.6721075469576395,-0.020851977805620203,-0.0031280722137813077,-0.06481093317682562,0.012117164392710489,0.024482109227871973,0.008393597628157501,-0.004922653967840862,3,111.54,112.0,2024-04-26,0.00412408104715789,1,111.54,112.0,2024,0.6346609125659298,True,0.0035273077403763916,True
2024-04-26,0.025089285714285703,-0.00031249999999993783,0.001046298718284211,0.031003584229390757,0.9277456647398845,0.8789269608742231,0.00412408104715789,0.07609408677724683,-0.02579112581657761,0.008535615733595181,0.02434950359949184,0.004423817517527295,0.0007397821147938632,4,114.83,113.79,2024-04-29,-0.009056866672472297,0,114.83,113.79,2024,0.4662151671564337,False,-0.000762472891431055,False
2024-04-29,0.00439405923191849,-0.009183583794709516,0.001665205959684668,0.023548300776023545,0.8257575757575781,0.548055893069307,-0.009056866672472297,0.048112170087976525,-0.07981333976989302,-0.0011082379017363087,0.004830917874396157,-0.0003234786700124781,-0.0004368586424776666,0,114.37,114.18,2024-04-30,-0.0016612748098276953,0,114.37,114.18,2024,0.47090349784140223,False,0.00032706652604620723,False
2024-04-30,-0.009327377824487781,0.015677001226134024,-0.008806519453207207,0.028434971034360768,0.015552099533436113,0.5919070533018015,-0.0016612748098276953,0.004134068278804914,-0.07995275333985019,-0.014217789632378519,-0.013343148983160025,-0.011876671385873894,0.004015771158672243,1,112.945,110.52,2024-05-01,-0.021470627296471756,0,112.945,110.52,2024,0.6000707661662678,True,0.0026357714429315216,True
2024-05-01,-0.005383640969960135,0.010948244661599826,-0.025660343910654082,0.04579310344827592,0.23594377510040085,0.7480141704259399,-0.021470627296471756,-0.018435654197243467,-0.14446177847113872,-0.0028831383670092636,-0.014113858103627863,-0.0017152658662092923,0.008730217133667728,2,109.68,111.74,2024-05-02,0.018781911013858288,1,109.68,111.74,2024,0.6708756373048522,True,0.006657771054676678,True
2024-05-02,0.003221764811168759,-0.013778414175765086,-0.0016920473773266442,0.02723202046970652,0.895973154362415,0.5070826018752502,0.018781911013858288,0.007261968800430285,-0.09431680773881501,0.0029861976533658297,0.0034582405608980515,0.0004958841614599585,-0.00023647574972929242,3,112.35,115.03,2024-05-03,0.02385402759234534,1,112.35,115.03,2024,0.4759388103123355,False,-0.00012136247142167526,False
2024-05-03,-0.003303486047118054,-0.000912805355124835,-0.0029567788503347403,0.01789334508594087,0.5911330049261094,0.6857317407590816,0.02385402759234534,-0.001219193590525136,-0.07186210245205149,0.0018644692017308895,0.0077806595035199155,1.956334611463717e-05,-0.01108414555063797,4,114.69,119.78,2024-05-06,0.044380503967216045,1,114.69,119.78,2024,0.4696522072260499,False,-0.001814297166427596,False
2024-05-06,0.0026715645349806305,0.006829186842544743,0.0027552809551640856,0.028384172174207745,0.6209140571360324,1.2566310062550794,0.044380503967216045,0.050537728425286366,-0.0230913082364419,0.006631603018522725,0.013880658248621058,0.005119221411192143,-0.011209093713640428,0,120.15,120.29,2024-05-07,0.0011652101539743054,1,120.15,120.29,2024,0.42414834165074183,False,-0.0036996281772207077,False
2024-05-07,-0.00781444841632728,-0.005569872807382192,-0.0022571476341749497,0.018540268456375797,0.06787330316741715,0.701167100527415,0.0011652101539743054,0.05529239895524385,-0.028289580955486726,-0.0004424778761061843,-0.00732584269662917,-9.660902328234577e-06,-0.0004886057196981097,1,119.19,118.58,2024-05-08,-0.005117879016696025,0,119.19,118.58,2024,0.5259230767717704,False,0.0006447798369474005,False
2024-05-08,0.006226176420981666,0.013213864058019942,0.002716920879028528,0.01903231263745564,0.488133333333331,0.517678915660279,-0.005117879016696025,0.08816557257476276,-0.0232424912022261,0.006203445597038781,0.011829184745375754,0.004560804254162942,-0.005603008324394088,2,119.35,119.315,2024-05-09,-0.0002932551319647647,0,119.35,119.315,2024,0.43825566450998815,False,-0.0026557878456426225,False
2024-05-09,-0.01357750492394083,-0.009149729707077947,-0.004272419627749713,0.01864782016348765,0.11643835616438161,0.5297589805477759,-0.0002932551319647647,0.048598130841121634,-0.0761449184441656,0.0011582222424091349,-0.006907761072734719,0.005083304341103156,-0.006669743851206111,3,117.81,120.0,2024-05-10,0.018589253883371404,1,117.81,120.0,2024,0.5211209068439699,False,-5.790835559664763e-05,False
2024-05-10,0.01012499999999994,0.013666666666666716,0.003020273065784007,0.02240308776640365,0.7621722846441971,0.8333462524029382,0.018589253883371404,0.05719766326619591,-0.010204081632653073,-0.0004948705201789361,0.001928683561336575,-0.001073187558689792,0.008196316438663365,4,121.25,122.92,2024-05-13,0.01377319587628878,1,121.25,122.92,2024,0.4233394780785991,False,-0.0027844641756681336,False
2024-05-13,-0.00041815815164336634,0.006264236902050024,-0.0001741394743266511,0.020221948212083785,0.4953658536585358,0.9438636644595987,0.01377319587628878,0.02376196421140242,0.01347120375710631,-0.0024662717628776143,-0.0036160714285714546,-0.0035786049181896207,0.0031979132769280882,0,123.005,122.99,2024-05-14,-0.0001219462623470724,0,123.005,122.99,2024,0.47541325511108246,False,-0.000696575053858743,False
2024-05-14,0.015692332709976498,-0.003925522400195169,0.006913462026739925,0.027672532114766613,0.9643599643599631,0.7885604624921132,-0.0001219462623470724,0.048158402550549706,0.02611909650924038,0.008234496780752387,0.018749439311025462,0.0049894454039531855,-0.0030571066010489645,1,124.93,126.23,2024-05-15,0.010405827263267442,1,124.93,126.23,2024,0.45809802417462636,False,-0.0015394734483695999,False
2024-05-15,0.013388259526261548,-0.003088806147508505,0.004554735354169948,0.019754149327976256,1.0,0.8536208083236999,0.010405827263267442,0.07130289065772932,0.09958720330237347,0.009968110964921895,0.020456230645090834,0.007645056387045157,-0.007067971118829286,2,127.86,127.86,2024-05-16,0.0,0,127.86,127.86,2024,0.3834462478111894,False,-0.003985799139588662,False
2024-05-16,0.0011340528703269737,0.0096206788675115,0.0022706808127470612,0.024242424242424176,0.3100649350649347,1.0206805795377292,0.0,0.0850522026992615,0.14246134596478677,-0.0009734708753947885,-0.006115031002779547,-0.0012927699246986224,0.007249083873106521,3,127.83,128.36,2024-05-17,0.004146131581006074,1,127.83,128.36,2024,0.46855954778997183,False,-0.001993981691049868,False
2024-05-17,-0.024461670302274974,-0.005998753505765064,-0.003580011140288053,0.033397405093704924,0.0863549160671469,0.8562462209847878,0.004146131581006074,0.03364948453608241,0.1744916127823073,-0.001636769812656258,-0.014988655336273027,0.00039711054801250256,-0.009473014966001947,4,125.33,127.18,2024-05-20,0.014761030878480907,1,125.33,127.18,2024,0.3971058312718459,False,-0.0032761038195412385,False
2024-05-20,0.01360276773077529,0.02099386696021388,-0.006435700797718713,0.03458622867972205,0.5182648401826464,1.3170121505344377,0.014761030878480907,0.04865655867647667,0.18209310850439886,0.005531218195495402,0.014386313561152608,-5.6649734690550346e-05,-0.0007835458303773191,0,128.99,124.2,2024-05-21,-0.03713466160167456,0,128.99,124.2,2024,0.5208173386479891,False,-6.104247385442106e-05,False
2024-05-21,0.027737520128824356,0.012077294685990392,0.004525064924844502,0.04493835171966243,0.7879061371841157,1.1803647529176164,-0.03713466160167456,0.020411430401024555,0.13335704125177816,0.006401483378217332,0.008284684065934078,0.0038826330108827634,0.019452836062890277,1,127.48,128.0,2024-05-22,0.004079071226859021,1,127.48,128.0,2024,0.5310817255956745,False,0.0015993769056350678,True
2024-05-22,-0.015742187500000004,-0.005703125000000031,7.938082952962944e-05,0.022037687639731685,0.2699275362318852,0.7289486173389174,0.004079071226859021,-0.012279055216643187,0.13021299445140522,-0.0019982019909660087,-0.003165759149043934,-0.002694757471827458,-0.01257642835095607,2,126.29,131.77,2024-05-23,0.04339219257265037,1,126.29,131.77,2024,0.40085230882462136,False,-0.0032920924787900995,False
2024-05-23,-0.04162555968733406,-0.024019124231615896,0.009230400383601012,0.05847906305149997,0.2229080932784639,1.5147558995715407,0.04339219257265037,-0.01220370804975357,0.13206024744486267,-0.01517684608202885,-0.017202539422486285,-0.013331206844791388,-0.024423020264847772,3,126.27,127.71,2024-05-24,0.011404133998574428,1,126.27,127.71,2024,0.2945076577179479,False,-0.007893510566778289,False
2024-05-24,0.01280244303500111,0.0014094432699085502,0.0031409958120056647,0.03001579778830976,0.7223684210526307,0.9711423449421311,0.011404133998574428,0.03335195084975662,0.12784115649220573,0.00575470040414694,0.01055769469631107,0.002832244008714513,0.002244748338690039,4,129.51,131.79,2024-05-28,0.01760481816075976,1,129.51,131.79,2024,0.4029539885638241,False,-0.002815183603740078,False
2024-05-28,0.005045906366188735,-0.01198877001289922,0.0033709567457012035,0.031175059952038398,0.7903225806451616,1.0701115519952085,0.01760481816075976,0.028451817970385207,0.1599195593249978,-0.0003375582560216639,0.006540433606524232,-0.002083883377965612,-0.001494527240335497,1,132.66,130.0,2024-05-29,-0.020051258857229026,0,132.66,130.0,2024,0.4271865041692954,False,-0.002030608865193339,False
2024-05-29,0.011576923076923151,0.01776923076923076,-0.0076966610073572195,0.024634334103156075,0.5015624999999986,0.7379298434297439,-0.020051258857229026,0.03208346407279561,0.16490327150382922,0.0014380433828049544,-0.0021535960991466707,-7.609191903812373e-05,0.013730519176069822,2,131.57,130.32,2024-05-30,-0.009500646043930971,0,131.57,130.32,2024,0.5140653355649057,False,0.0010935995367154527,True
2024-05-30,-0.030885512584407526,-0.0006906077348066697,-0.006411769333647954,0.047494033412887715,0.09966499162479069,0.88672163182688,-0.009500646043930971,-0.0001662839496396895,0.151249088256747,-0.008715505696911041,-0.01226119190191055,-0.003736749790284488,-0.018624320682496975,3,126.269,126.43,2024-05-31,0.00127505563519148,1,126.269,126.43,2024,0.48252078499027096,False,-0.001986443320422274,False
2024-05-31,-0.012615676659020858,-0.0031638060586886008,0.013188864540215839,0.05214445087182873,0.6061806656101419,1.5622952894975055,0.00127505563519148,-0.009661835748792313,0.11303960836671112,-0.0017707341906638696,-0.01315519013360733,0.005767981970281388,0.0005395134745864727,4,125.05,128.16,2024-06-03,0.02487005197920822,1,125.05,128.16,2024,0.3099557927205442,False,-0.006734761676994203,False
2024-06-03,-0.0019506866416978408,-0.004369538077403257,0.0016836994400721839,0.02952575012984937,0.7483085250338282,1.2309225918087756,0.02487005197920822,-0.010346691375183403,0.11753422268724378,-0.004421761224893794,-0.008180334557323476,-0.003459226494272327,0.006229647915625636,0,128.17,127.35,2024-06-04,-0.006397752984317662,0,128.17,127.35,2024,0.4088401961059755,False,-0.0020522152634738187,False
2024-06-04,-0.005221829603454964,-0.011700039261876682,0.005516310818318937,0.019454632435018215,0.5184426229508204,0.9014024771383956,-0.006397752984317662,-0.045529926126940956,0.0538493549729504,0.0037098376946007594,-0.0027743526510480843,0.0037134825057931753,-0.0024474769524068796,1,126.62,128.8,2024-06-05,0.01721686937292688,1,126.62,128.8,2024,0.47509244958330216,False,-0.001124514153157363,False
2024-06-05,0.03711180124223601,0.0019409937888199558,0.004474188818287761,0.04872698785742258,0.9533762057877826,1.491380254593551,0.01721686937292688,0.016493121532264343,0.12207399949660225,0.011867330451111435,0.027269421888255874,0.006914482732633953,0.009842379353980135,2,133.74,133.72,2024-06-06,-0.00014954389113208677,0,133.74,133.72,2024,0.404794254511522,False,-0.0019416287266935178,False
2024-06-06,-0.028268022734071252,-0.028443763087047436,-0.004214882366464945,0.03831862517417539,0.15353535353535205,1.1254421742272793,-0.00014954389113208677,0.029468832413339863,0.08914956011730224,-0.0022187755805437304,-0.011779899812147887,-0.0012897678417885805,-0.016488122921923365,3,129.99,130.41,2024-06-07,0.003231017770597644,1,129.99,130.41,2024,0.4684867013468748,False,-0.0013237918805360997,False
2024-06-07,0.0034652250594278122,0.0041407867494822614,-6.18934820815209e-05,0.02252738774880414,0.42530821917807954,0.7580904462339487,0.003231017770597644,0.046781287485005985,0.11111111111111116,0.00016198704103675965,0.00015857913098638043,0.0010118802233634039,0.003306645928441432,4,130.9,129.71,2024-06-10,-0.009090909090909038,0,130.9,129.71,2024,0.43115023777290645,False,-0.002042889134271827,False
2024-06-10,0.03843188651607421,0.019813429959139484,-0.0063809383298908395,0.04591010716213084,0.8371116708648192,1.0357229985618002,-0.009090909090909038,0.052040259030974534,0.11208247422680406,0.005521631804599192,0.01764237355635201,0.003647923778086204,0.0207895129597222,0,134.84,135.325,2024-06-11,0.00359685553248279,1,134.84,135.325,2024,0.5460718969712147,True,0.003194723431261364,True
2024-06-11,-0.0012931830777755948,-0.016183262516164754,0.004475732787901476,0.03088480801335547,0.8280098280098305,0.9620854771535595,0.00359685553248279,0.06665613647133162,0.09800414617291975,0.009168176719302812,0.0012549019607843714,0.0049428945890281906,-0.0025480850385599663,1,135.06,138.51,2024-06-12,0.02554420257663259,1,135.06,138.51,2024,0.4210871190542835,False,-0.0020629984527360886,False
2024-06-12,0.01667749620965986,0.012129088152480039,0.007656529516994581,0.03566469341518674,0.817622950819669,1.2009388029403552,0.02554420257663259,0.05256467773291451,0.12679100296165857,0.005529778173266386,0.010780740456550975,0.00046156118455065176,0.005896755753108884,2,140.77,142.82,2024-06-13,0.014562761952120251,1,140.77,142.82,2024,0.349816211350035,False,-0.004784700294127212,False
2024-06-13,0.003220837417728717,-0.007351911496989105,0.002589042054439883,0.02823254795911323,0.7626202681885915,1.0932682335518065,0.014562761952120251,0.10070005385029623,0.11903644611293607,-0.0004814535711296086,0.003635818433974203,-1.841145929226684e-05,-0.0004149810162454859,3,143.08,141.88,2024-06-14,-0.008386916410399903,0,143.08,141.88,2024,0.42977435367376265,False,-0.002854346952632033,False
2024-06-14,-0.0042289258528332985,0.003285170566676099,-0.0063300042200028495,0.02032794820769901,0.5741510497393253,0.9423849891710816,-0.008386916410399903,0.08013750954927401,0.10607838535555025,0.004984051036682535,0.008760361718161525,0.002902677118769459,-0.012989287570994823,4,141.39,145.58,2024-06-17,0.029634344720277372,1,141.39,145.58,2024,0.5072767544386301,False,-0.0012995421114497952,False
2024-06-17,0.01521500206072246,-0.016829234784998093,-0.00010148163182477354,0.04650344730547351,0.8555219364599076,1.6721964970227186,0.029634344720277372,0.09537229308810424,0.17848878959546788,0.011669378050306545,0.006907761072734608,0.008965466351829932,0.008307240987987852,0,147.7,151.74,2024-06-18,0.027352742044685296,1,147.7,151.74,2024,0.39097422143722793,False,-0.0015871316221397996,False
2024-06-18,0.011796494002899616,0.029919599314617074,0.0032345541869507333,0.0397663520559699,0.3352697095435698,2.981256748124276,0.027352742044685296,0.1363097882422626,0.18978215365532192,0.0005775257731959194,0.012796139221994629,0.002211418963374623,-0.0009996452190950134,1,153.47,157.04,2024-06-20,0.023261875285071953,1,153.47,157.04,2024,0.5493763870381632,True,-0.003826876664239291,False
2024-06-20,-0.08329088130412621,-0.027795466123280543,-0.004288283303361506,0.10146245889021066,0.07241379310344906,2.8332199609431754,0.023261875285071953,0.02401079775520354,0.13076561029181044,-0.010556720529583452,-0.03728242962538508,-0.004659289458357696,-0.046008451678741125,3,144.15,137.65,2024-06-21,-0.04509191814082558,0,144.15,137.65,2024,0.3702315859617548,False,-0.007830484487594068,False
2024-06-21,0.011042499091899582,-0.0009444242644387479,-0.0007180297264308688,0.05084745762711873,0.5028985507246371,2.949614362568118,-0.04509191814082558,-0.025649986021806126,0.10388787710824277,-0.0022444356699016232,-0.004254998682080013,-0.0002020313332231627,0.015297497773979596,4,139.41,142.48,2024-06-24,0.022021375798005893,1,139.41,142.48,2024,0.6203456462197792,True,0.00208113377132444,True
2024-06-24,-0.024178832116788285,-0.011019090398652343,-0.009630521344568987,0.03582565813329475,0.23178137651821948,1.990667307118493,0.022021375798005893,-0.01662069453285231,0.10113249386235834,-0.008866953866744742,-0.021453154875717084,-0.0027740525049142484,-0.0027256772410712005,0,139.04,140.09,2024-06-25,0.007551783659378586,1,139.04,140.09,2024,0.5183414590791833,False,-0.00017277868678891952,False
2024-06-25,0.005889071311299787,-0.013134413591262772,0.0038825959962953682,0.023012704174228515,0.9984227129337554,1.9096356407218802,0.007551783659378586,-0.04475287745429912,0.08941394486912224,0.007141806877140056,0.0130056125411262,0.001819886394970549,-0.007116541229826412,1,141.09,143.04,2024-06-26,0.01382096534127153,1,141.09,143.04,2024,0.5351566024673032,False,-0.000977520150496276,False
2024-06-26,-0.004159675615212466,-0.007969798657718075,0.003911480724504868,0.03246380966031248,0.6412803532008831,2.692768576837851,0.01382096534127153,-0.07206620186355639,0.07349615558570788,0.004430049106676437,-0.0026375138565039036,0.0041751733524617585,-0.0015221617587085623,2,142.41,135.79,2024-06-27,-0.046485499613791226,0,142.41,135.79,2024,0.4822987858022634,False,-0.003093358493993319,False
2024-06-27,-0.029015391413211522,-0.003313940643640878,-0.013726296891947598,0.04813854134879447,0.12202852614896752,4.2398705601247055,-0.046485499613791226,-0.08262226847034337,0.005092346279547133,0.001812009247495583,-0.006989247311827929,0.000522581000054867,-0.022026144101383593,3,132.24,132.82,2024-06-28,0.004385964912280604,1,132.24,132.82,2024,0.8146074225660762,True,0.0037258677199373475,True
2024-06-28,-0.009486523113988787,0.008526577322692352,-0.0007595321282090062,0.035717017208412916,0.17344753747323435,2.114854615214573,0.004385964912280604,-0.05645219137794999,0.04174421275214013,-0.006260235069754039,0.001554851713216232,-0.005281529267713414,-0.01104137482720502,4,131.54,130.5,2024-07-01,-0.00790634027672188,0,131.54,130.5,2024,0.5430101179641955,True,-0.001931223122384613,False
2024-07-01,0.007203065134099518,-0.017471264367816097,0.003511986562834135,0.037829351868367,0.8663620313635865,1.2583418736861463,-0.00790634027672188,-0.05394131185270423,0.05189924030387849,0.004291309057578463,3.8314176245224374e-05,-0.00038487619815630314,0.007164750957854293,0,131.54,129.91,2024-07-02,-0.012391667933708383,0,131.54,129.91,2024,0.45848753470223724,False,0.000671782357955471,False
2024-07-02,0.0205526903240707,0.005811715803248463,0.0012082766953633861,0.02542110956575505,0.9604863221884514,0.7578150162645884,-0.012391667933708383,-0.0601034800481961,0.03464149176874476,0.013509294144584683,0.017529634348816492,0.009472135368769452,0.0030230559752542074,1,132.61,132.66,2024-07-03,0.0003770454716838234,1,132.61,132.66,2024,0.5468633152046888,True,0.001140535460611741,True
2024-07-03,0.027363184079602032,0.003844414292175413,0.0002935779816513051,0.033149588461828694,0.8792710706150335,0.7753063544459635,0.0003770454716838234,-0.03967418018397584,0.08008213552361387,0.009748673440006517,0.019614525351206114,0.004355908726398017,0.0077486587283959185,2,136.76,136.89,2024-07-05,0.000950570342205248,1,136.76,136.89,2024,0.4510769863871103,False,-0.00015424711796912588,False
2024-07-05,-0.039192052012564704,-0.031046825918620846,-0.0036249038851242643,0.047513558933618416,0.09887459807074103,1.4521440389415539,0.000950570342205248,-0.004612825166364298,-0.015776880514431046,0.009148200853832167,-0.005124990782390815,0.005672653460681021,-0.03406706123017389,4,131.63,131.3,2024-07-08,-0.0025070272734177834,0,131.63,131.3,2024,0.44246267701740344,False,-0.0029314935009854843,False
2024-07-08,-0.0060167555217062185,0.010664127951256486,0.000690078208863687,0.02444461526635422,0.132075471698109,0.8347229425487738,-0.0025070272734177834,-0.006537935228827618,0.005308100623124812,0.0011278271202141976,0.004104969945755821,-0.00079216477027233,-0.01012172546746204,0,130.68,131.75,2024-07-09,0.008187940006121774,1,130.68,131.75,2024,0.5004263551597921,False,-0.0008191141194583999,False
2024-07-09,-0.005123339658444137,0.01954459203036052,-0.0014474536243477276,0.03308374083129584,0.04503464203233086,0.8936262407616458,0.008187940006121774,-0.0030409001064315433,0.0018334606569898604,-0.0021047567502555653,-0.005392884288247912,-0.0006921223888110006,0.00026954462980377514,1,131.14,133.105,2024-07-10,0.014983986579228281,1,131.14,133.105,2024,0.525772158755847,False,-0.0005382985262104717,False
2024-07-10,0.024567071109274696,0.00563464933698965,0.002683626203955569,0.028636021100226117,0.9671052631578948,0.866389268502123,0.014983986579228281,0.028580046753638344,0.011569267279738948,0.007144143603289965,0.011613274368101223,0.007970273035704523,0.012953796741173473,2,136.4,136.21,2024-07-11,-0.001392961876832799,0,136.4,136.21,2024,0.4095406918864695,False,-0.0019071091036715988,False
2024-07-11,-0.04217752000587327,-0.011489611629102114,-0.0044639450591378305,0.04889674790497445,0.06210691823899519,0.9820798974582625,-0.001392961876832799,-0.04782100029248315,-0.03583592477417441,-0.021468185342000123,-0.041731448763250856,-0.008139783414078172,-0.0004460712426224145,3,130.22,131.82,2024-07-12,0.012286899093841175,1,130.22,131.82,2024,0.4632562617384724,False,-0.0012544718188420435,False
2024-07-12,0.013579123046578934,0.005120619025944517,-0.0043222296743422595,0.028381272949816516,0.7789757412398945,0.7589682142129393,0.012286899093841175,0.014586340499886274,-0.051289337216736564,0.004040527095896529,0.009271523178807861,0.0030306834280795503,0.0043075998677710725,4,133.55,133.91,2024-07-15,0.0026956196181204817,1,133.55,133.91,2024,0.4913056290134466,False,-2.4555780025933924e-05,False
2024-07-15,-0.023896647001717453,0.004086326637293691,0.0006890215893431417,0.04091363531492731,0.1278195488721819,0.8030694433082367,0.0026956196181204817,0.001453933272115071,-0.08533687447581773,-0.0022552908721129583,-0.011070511197134647,-0.002295169468908398,-0.012826135804582806,0,130.87,130.49,2024-07-16,-0.00290364483838923,0,130.87,130.49,2024,0.4485053588439592,False,-0.0018473953309080967,False
2024-07-16,-0.022875316116177546,-0.01003908345467086,-0.0019178082191780854,0.02931468091795031,0.07104557640750678,0.8649637578789814,-0.00290364483838923,-0.02798535915815148,-0.0984510927222575,-0.00190908725533534,-0.004976208637535895,0.00401513671007514,-0.01789910747864165,1,127.47,122.57,2024-07-17,-0.038440417353102774,0,127.47,122.57,2024,0.5332646229654227,False,-0.00046537479860826275,False
2024-07-17,-0.02647466753691763,-0.003662396997633932,-0.0042143035967620035,0.031871173362408856,0.02499999999999972,1.2532102240667005,-0.038440417353102774,-0.12375366568914958,-0.19079214624238316,-0.012390939253676292,-0.0366579476098412,-0.002594892535657256,0.010183280072923573,2,119.52,120.56,2024-07-18,0.008701472556894352,1,119.52,120.56,2024,0.5716364717334185,True,0.00217210859541283,True
2024-07-18,-0.02745520902455212,-0.006138022561380296,0.010514522106351842,0.06617582610220007,0.4185430463576156,1.1776492565976189,0.008701472556894352,-0.09844877898940252,-0.2350296474881084,-0.012975778546712724,-0.014973179485200494,-0.011011441155932666,-0.012482029539351625,3,117.4,116.72,2024-07-19,-0.005792163543441253,0,117.4,116.72,2024,0.4124320209429551,False,-0.0037125259503955877,False
2024-07-19,-0.02110092529129548,-0.004173235092529093,-0.009302870025145293,0.029533596837944653,0.1210742326909347,0.6278396063258401,-0.005792163543441253,-0.1448895544739799,-0.20776968435657306,-0.00886950351649729,-0.026445891862198923,-0.00729517396184054,0.005344966570903442,4,114.2,115.27,2024-07-22,0.00936952714535888,1,114.2,115.27,2024,0.5647936811740283,True,0.00287602045104723,True
2024-07-22,-0.0012145397761776922,-0.006159451722043796,0.0020017406440382413,0.017071453713481066,0.7680412371134003,0.8782849868036268,0.00936952714535888,-0.11920226178650573,-0.17315831002080195,0.0024107903651515716,0.018695652173913224,0.002893309222423257,-0.019910191950090916,0,115.27,115.13,2024-07-23,-0.0012145397761776922,0,115.27,115.13,2024,0.5312205879708922,False,-0.00037448676833751107,False
2024-07-23,-0.008121254234343844,0.0013028750108572407,-0.0025766442484059793,0.022006500922428174,0.14570858283432955,0.5709312719243673,-0.0012145397761776922,-0.1037106770220444,-0.1782940161104718,-0.001931785135640407,-0.0009412502941406053,-0.00207613517510008,-0.007180003940203239,1,114.25,111.47,2024-07-24,-0.024332603938730824,0,114.25,111.47,2024,0.5907547040143044,True,0.0019816129494635007,True
2024-07-24,-0.012245447205526117,0.008432762178164577,-0.002708235208869203,0.03672727272727272,0.025990099009901936,1.0542629200646094,-0.024332603938730824,-0.07739290495314588,-0.2184421291374301,-0.022413574775231093,-0.038788459236202555,-0.014447946653062704,0.02654301203067644,2,110.27,106.8,2024-07-25,-0.03146821438287839,0,110.27,106.8,2024,0.5469845128873339,True,0.0027009964792913473,True
2024-07-25,0.005852059925093522,0.002808988764045006,-0.012093066029060129,0.05388423457730385,0.4213780918727902,1.285222472114839,-0.03146821438287839,-0.08534923339011935,-0.24597991714065026,-0.01089019235745714,-0.009665271966527222,-0.00506123579939044,0.015517331891620745,3,107.38,110.0,2024-07-26,0.024399329484075194,1,107.38,110.0,2024,0.6998902219709849,True,0.006667917637511439,True
2024-07-26,-0.007181818181818289,-0.00745454545454538,-0.0029215739979915334,0.02644275375765437,0.5017543859649107,0.8397508561649434,0.024399329484075194,-0.041506129597198016,-0.17226255293405934,-0.0004755111745126106,-0.00994963256543635,0.0029136239581029066,0.0027678143836180613,4,109.46,110.54,2024-07-29,0.009866617942627665,1,109.46,110.54,2024,0.46507691242207855,False,-0.0007850126391871079,False
2024-07-29,-0.02628007960919121,0.00013569748507324952,-0.004853920118343069,0.036306701512040185,0.12725262860227896,0.5743256081535811,0.009866617942627665,-0.06454411381972758,-0.1802493538087273,-0.004337463228189176,-0.01631331463454866,-0.002527379949452402,-0.00996676497464255,0,107.83,108.99,2024-07-30,0.010757674116665061,1,107.83,108.99,2024,0.4946312573208147,False,0.00017120422530053576,False
2024-07-30,-0.057941095513349805,-0.017157537388751143,-0.007491541807636559,0.06929627092101387,0.07132768361581858,1.0603418447199693,0.010757674116665061,-0.10249452954048133,-0.2204652577162839,-0.016485993345497496,-0.043668304054616636,-0.006425511661113714,-0.01427279145873317,1,102.54,109.85,2024-07-31,0.07128925297444888,1,102.54,109.85,2024,0.4796672721130428,False,-0.0006229342807725174,False
2024-07-31,-0.0010923987255346823,-0.004642694583522955,0.009382761475485335,0.03331693735498842,0.5515473968634235,1.1990671994162232,0.07128925297444888,-0.0042622653486895645,-0.17200814418218846,0.007181021585809022,0.01923711340206191,0.0031330831724289965,-0.020329512127596594,2,109.8,107.18,2024-08-01,-0.023861566484517205,0,109.8,107.18,2024,0.33056212326925494,False,-0.006857592031950035,False
2024-08-01,-0.05383467064750891,0.0013995148348571185,0.005951790496974363,0.07913956978489245,0.1845764854614405,1.3916665885457218,-0.023861566484517205,-0.05513130936859756,-0.2581164083065224,-0.02596659318297434,-0.05421242419275529,-0.0178981848453591,0.00037775354524638427,3,101.46,97.16,2024-08-02,-0.042381233983835975,0,101.46,97.16,2024,0.44547468649200034,False,-0.0024961878371208505,False
2024-08-02,-0.046058048579662336,-0.016085837793330615,0.00732740069643989,0.07269133633468772,0.24395770392749366,1.7548678205123456,-0.042381233983835975,-0.15320665083135387,-0.2958292182633139,-0.00538934108097322,-0.0070934885412876625,-0.005786712960370366,-0.038964560038374674,4,92.69,87.51,2024-08-05,-0.05588520876038405,0,92.69,87.51,2024,0.5055069258031114,False,-0.0025471191132850285,False
2024-08-05,0.027539709747457453,0.01308421894640599,-0.006902645093599835,0.0864444706159464,0.6825613079019077,1.7573352951804773,-0.05588520876038405,-0.1610868960400631,-0.3077747168656261,0.024986461350097855,0.05930938401831032,0.01030021108591983,-0.031769674270852866,0,90.46,89.2,2024-08-06,-0.01392880831306642,0,90.46,89.2,2024,0.7462334200642673,True,0.0065298590927827,True
2024-08-06,-0.004035874439461851,0.0007847533632285852,-0.006597338700659816,0.0425702811244979,0.45552560646900286,1.1872021379457098,-0.01392880831306642,-0.13263116832455635,-0.32179350312642974,0.005328150011433719,0.004248637665096533,0.006066792496436824,-0.008284512104558384,1,88.94,93.39,2024-08-07,0.05003373060490213,1,88.94,93.39,2024,0.6732309789168092,True,0.004036130035914219,True
2024-08-07,-0.07013598886390404,-0.009744083949030924,-0.0084494176752683,0.08085008085008094,0.03714285714285787,1.2696045517487409,0.05003373060490213,-0.20947176684881608,-0.36363636363636365,-0.02637118989496312,-0.058302550180248325,-0.019083030578262217,-0.011833438683655717,2,86.8,88.48,2024-08-08,0.01935483870967758,1,86.8,88.48,2024,0.3970719699622813,False,-0.002725704392563648,False
2024-08-08,0.03876582278481,0.010510849909584064,0.0003569982541913319,0.05475406111552883,0.8049792531120334,0.9546846741800218,0.01935483870967758,-0.09245022669032132,-0.2928889571494394,0.014487496315777504,0.03310344827586209,0.011261691162435472,0.005662374508947909,3,92.08,91.79,2024-08-09,-0.00314943527367495,0,92.08,91.79,2024,0.5751057331898095,True,0.002256012525074487,True
2024-08-09,0.014598540145985384,-0.0004357773177906532,-0.004010480722955956,0.033679606342263524,0.5454545454545433,0.8366945160479995,-0.00314943527367495,0.004207573632538653,-0.3030325720703857,0.009177803147314867,0.0008900756564309553,0.006511768369793058,0.013708464489554428,4,93.08,93.12,2024-08-12,0.0004297378599056323,1,93.08,93.12,2024,0.5594033459570356,True,0.0029142425782496383,True
2024-08-12,0.014551116838487754,0.003543814432989567,-0.0002645502645503006,0.04210186537637339,0.4730634118823545,0.8452378683987378,0.0004297378599056323,0.046650453239000855,-0.2765339650034385,-0.0012627661224218212,0.006594431369066234,-0.0033319606154766923,0.00795668546942152,0,94.68,96.67,2024-08-13,0.021018166455428755,1,94.68,96.67,2024,0.5382116522125661,True,0.002561206434833295,True
2024-08-13,0.007758353160235876,-0.007189407261818603,0.00422636841562718,0.030239173954272447,0.874564459930314,1.0274894484043728,0.021018166455428755,0.09523274117382496,-0.23582019298658508,0.014764923981483546,0.024398707410700826,0.010120589715393535,-0.01664035425046495,1,97.41,100.99,2024-08-14,0.03675187352427889,1,97.41,100.99,2024,0.5025753841076036,False,-0.0016251906638174852,False
2024-08-14,-0.004981681354589429,-0.019209822754728156,0.0014141212815785842,0.03961446058336704,0.6233782948929165,0.96222591777475,0.03675187352427889,0.15679723502304155,-0.15988955823293172,-0.0003451548882561495,-0.008985798667839662,0.002984139849319334,0.004004117313250233,2,100.41,103.51,2024-08-15,0.030873418982173106,1,100.41,103.51,2024,0.3422297430221974,False,-0.0034228060850294323,False
2024-08-15,0.03101149647377066,0.01333204521302278,-0.0056834063169663995,0.0515649635036497,0.7492969443028897,1.1238046849008991,0.030873418982173106,0.16159860990443087,-0.08892674616695073,0.010719771311545445,0.0220514950166113,0.004822565969062831,0.008960001457159361,3,106.96,106.91,2024-08-16,-0.0004674644727000743,0,106.96,106.91,2024,0.5249145888710217,False,0.0006968829445829683,True
2024-08-16,0.010242259844729151,0.00785707604527186,-0.0001434912817475098,0.03910773611770302,0.6444174757281549,0.7922634222116995,-0.0004674644727000743,0.16050709067468838,-0.05411558669001759,0.004675665383150562,0.0096228655665207,0.00462623771353976,0.0006193942782084516,4,108.02,107.245,2024-08-19,-0.007174597296796814,0,108.02,107.245,2024,0.4404531789192654,False,-0.0018546455210959331,False
2024-08-19,0.01263462166068341,-0.012727866100983865,0.006954102920723182,0.03780068728522323,0.9696969696969685,0.6570417517070661,-0.007174597296796814,0.14754964089564848,-0.05743038084497254,0.012311383294399736,0.021481752715732938,0.008048960755683066,-0.008847131055049529,0,108.65,108.34,2024-08-20,-0.0028531983433042196,0,108.65,108.34,2024,0.4005114390170814,False,-0.0018435674421869433,False
2024-08-20,-0.003138268414251466,0.002793981908805643,-0.001386962552011095,0.028541823662396437,0.6072607260726082,0.5722836074762374,-0.0028531983433042196,0.1088183964685352,-0.05461706783369802,9.368169043399988e-05,-0.008235058964621289,-0.00103728874184017,0.005096790550369823,1,108.01,108.16,2024-08-21,0.001388760299972036,1,108.01,108.16,2024,0.4962708805084186,False,0.00012025932458578046,False
2024-08-21,0.0017566568047338027,-0.015033284023668547,0.005195287132387039,0.020337068072686204,0.990740740740736,0.5860584774188072,0.001388760299972036,0.07877701424160932,-0.017683866872222787,0.0033052697224820182,0.007113290198127231,0.001983063565226706,-0.0053566333933934285,2,108.32,108.95,2024-08-22,0.005816100443131633,1,108.32,108.95,2024,0.373354841838313,False,-0.00324638823458685,False
2024-08-22,-0.0442404772831575,-0.004589261128958189,-0.003969582476445632,0.06771835321277431,0.024147727272727494,0.7360917216465479,0.005816100443131633,-0.024869109947643908,-0.028683181225554133,-0.022109018912285783,-0.04064171122994653,-0.013029721274175121,-0.0035987660532109667,3,104.3,103.05,2024-08-23,-0.011984659635666306,0,104.3,103.05,2024,0.40925102652033035,False,-0.002224377418679706,False
2024-08-23,-0.0019408054342552328,-0.0015041242115477749,0.00547463095121703,0.04087329279234364,0.6195121951219501,1.1011716863607106,-0.011984659635666306,-0.04795408257730038,-0.060478713685364394,0.0018467124345302732,0.010783316378433438,0.00497739173949574,-0.012724121812688671,4,102.84,100.71,2024-08-26,-0.02071178529754969,0,102.84,100.71,2024,0.4521500476898082,False,-0.002665367856087079,False
2024-08-26,-0.01727733095025319,-0.008367590110217371,0.0017206477732794045,0.04692142198545235,0.296943231441048,1.111950676610258,-0.02071178529754969,-0.08964565117349299,-0.08272280441435598,-0.009698815284498563,-0.020324053497110972,-0.005487090243989079,0.003046722546857783,0,98.91,97.09,2024-08-27,-0.01840056617126673,0,98.91,97.09,2024,0.4867841724346687,False,0.0008041285441093079,True
2024-08-27,0.006540323411267757,0.006416726748377677,0.0031307739683843483,0.018848015889435965,0.5801317233808971,0.7518568672000435,-0.01840056617126673,-0.09406536431811874,-0.04573824848839492,0.006016593130528491,0.016786471101508438,0.003395949882929017,-0.010246147690240681,1,97.85,97.44,2024-08-28,-0.004190086867654541,0,97.85,97.44,2024,0.5782407599730162,True,0.000686948576340997,True
2024-08-28,-0.027247536945812834,-0.018883415435139606,-0.0016326100695176482,0.05377238403451989,0.4182799366060128,1.1144570044763769,-0.004190086867654541,-0.12499999999999989,-0.13679417122040072,-0.010371832287051963,-0.014028629856850716,-0.004971401079809867,-0.013218907088962117,2,94.78,96.51,2024-08-29,0.018252795948512368,1,94.78,96.51,2024,0.4457620134273984,False,-0.0012282818046017378,False
2024-08-29,-0.010050771940731562,0.01072427727696601,0.0005236150382239568,0.0314769975786926,0.18394648829431762,0.7902991134714149,0.018252795948512368,-0.08360498561840846,-0.05795387344766412,-0.005747126436781547,-0.010604233376304784,-0.003997786939372694,0.0005534614355732215,3,95.58,96.92,2024-08-30,0.014019669386901024,1,95.58,96.92,2024,0.49281037081093987,False,-0.0013550359378758058,False
2024-08-30,-0.007531985142385511,0.010833677259595609,0.005435350684645179,0.03603431940204227,0.35057991761372037,0.706245327030589,0.014019669386901024,-0.06446907817969671,0.03797604919624553,0.0030207982485686014,0.00309342132398438,0.005367523806127261,-0.010625406466369891,4,96.21,93.63,2024-09-03,-0.02681633925787341,0,96.21,93.63,2024,0.3792731244475785,False,-0.004776855008456054,False
2024-09-03,-0.05318808074335135,-0.020719854747410005,-0.005385392123863908,0.06307213226135211,0.06104238855275735,1.1933086107199697,-0.02681633925787341,-0.10393286826407844,-0.020229935883263273,-0.02449333248800689,-0.057227780801272776,-0.015879529680446702,0.004039700057921425,1,88.63,88.36,2024-09-04,-0.003046372560081223,0,88.63,88.36,2024,0.49471931240541756,False,0.0012221464267825244,True
2024-09-04,0.011996378451788248,0.014033499320959653,0.0025787644354748895,0.03325361576130281,0.5513698630136981,0.7731647373372311,-0.003046372560081223,-0.08748083801737339,0.0039352372385879075,0.0060828046307801475,0.014876256592886383,0.002653580516175813,-0.0028798781410981356,2,89.29,88.12,2024-09-05,-0.013103371038190148,0,89.29,88.12,2024,0.4633360969371763,False,-0.0014099009454092639,False
2024-09-05,0.011858828869723226,0.013617793917385157,-0.003576018327093866,0.03350045578851413,0.4778911564625858,0.6146947316413491,-0.013103371038190148,-0.05665752268411062,0.030069124423963034,0.0026454888119047393,0.007610555705665156,-0.00417506217212138,0.0042482731640580695,3,89.41,89.38,2024-09-06,-0.0003355329381501404,0,89.41,89.38,2024,0.5705747995439902,True,0.002013961290690992,True
2024-09-06,-0.034235846945625426,-0.028529872454687855,-0.005988023952095967,0.05148956134177807,0.24145785876992892,1.0929724255810238,-0.0003355329381501404,-0.09625444653693249,-0.06190269331016507,-0.02502606882168923,-0.0380568614282516,-0.017574964086338185,0.0038210144826261727,4,86.38,87.85,2024-09-09,0.01701782820097253,1,86.38,87.85,2024,0.44743276711760804,False,0.0005230543147027404,False
2024-09-09,-0.018383608423448994,-0.01382925441092775,0.00026678420637504807,0.03470179978826016,0.41525423728813526,0.9563446221894243,0.01701782820097253,-0.10331566365242695,-0.07316287064890414,0.003244746600741699,0.0061796209832463145,0.003084549710823614,-0.02456322940669531,0,86.27,87.0,2024-09-10,0.008461805958038804,1,86.27,87.0,2024,0.45953539844553704,False,-0.001771830662631465,False
2024-09-10,-0.0016666666666665941,-0.015402298850574758,-0.0013222950442680625,0.027335925533168215,0.8556034482758643,0.9576788919359621,0.008461805958038804,-0.020196321787205096,-0.08280523869877487,0.005739961423812057,0.0059378116217931876,0.00111240790721423,-0.007604478288459782,1,86.84,88.15,2024-09-11,0.015085214187010587,1,86.84,88.15,2024,0.5281590153850779,False,0.0005975822796097216,False
2024-09-11,0.029665343165059532,-0.006012478729438442,0.007604351687388933,0.0546584572490707,0.9957492029755588,1.1166718180812465,0.015085214187010587,0.01556725277186688,-0.06908941587106032,0.020027834558343782,0.044188125894134345,0.011518133770730632,-0.014522782729074812,2,90.68,87.11,2024-09-12,-0.03936921041023389,0,90.68,87.11,2024,0.3938728879229112,False,-0.0030061829544102154,False
2024-09-12,-0.000258294110894175,-0.018326254161405098,0.0014558266991258062,0.04648121730860666,0.7589514066496174,1.7551721008842955,-0.03936921041023389,-0.02449390448495692,-0.13136141818543967,0.009367531580744215,0.003563455263609905,0.006576458081836378,-0.00382174937450408,3,87.22,88.01,2024-09-13,0.009057555606512446,1,87.22,88.01,2024,0.5988306036821671,True,0.0019053640324204041,True
2024-09-13,0.03698443358709236,0.026645835700488396,0.003463441451346805,0.04096961420279954,0.943055555555556,1.1302515346365627,0.009057555606512446,0.05591572123176669,-0.14725130890052351,0.006603174603174722,0.008638297872340495,0.00418088584752252,0.028346135714751863,4,91.21,87.21,2024-09-16,-0.0438548404780178,0,91.21,87.21,2024,0.48546279945389154,False,6.158120125697615e-05,False
2024-09-16,-0.0003439972480219211,0.0016053204907693353,0.002760524499655137,0.027001862197392867,0.5431034482758659,1.395484669675234,-0.0438548404780178,0.010432363509910836,-0.19301981114608402,0.00044379636086988583,0.002142336861048033,0.0023318617153842425,-0.0024863341090699542,0,87.17,88.06,2024-09-17,0.010209934610531102,1,87.17,88.06,2024,0.6045784511685518,True,0.001985208875791755,True
2024-09-17,0.007267771973654247,-0.00022711787417661888,0.003734298970238692,0.023188230308167412,0.5714074584954967,0.9782836849563677,0.010209934610531102,0.02153385536619057,-0.18352508053382433,-0.006298551333193347,-0.012425510333460288,-0.003963759909399789,0.019693282307114535,1,88.71,87.99,2024-09-18,-0.00811633412242141,0,88.71,87.99,2024,0.5191690664447822,False,0.0010106711827563043,True
2024-09-18,-0.007046255256278999,0.007557677008751096,-0.007722884724588264,0.028716411025256683,0.2650602409638588,1.013533505252549,-0.00811633412242141,-0.036391707101896875,-0.1910008332561801,-0.007057088687592139,-0.01588721356163214,-0.0041685883563344905,0.008840958305353142,2,87.38,89.43,2024-09-19,0.023460746166170887,1,87.38,89.43,2024,0.5697940668421393,True,0.0021038649075273883,True
2024-09-19,-0.0015095605501510567,-0.014005367326400675,-5.599104143327871e-05,0.03208495090203245,0.6103202846975097,1.2768053023458963,0.023460746166170887,0.023045173125429974,-0.17623707533234856,0.0011810778889786988,0.00412551568946129,-0.0005779233288384367,-0.005635076239612347,3,89.23,88.4,2024-09-20,-0.009301804325899332,0,89.23,88.4,2024,0.5187570343410169,False,-0.0004960125289137559,False
2024-09-20,0.028902714932126594,0.009276018099547478,0.005305332964907539,0.029774708479565204,0.9980988593155911,0.9709698191421162,-0.009301804325899332,-0.003398750137046269,-0.12847555129434318,-0.00020724959068196824,-0.004229126538815797,0.0003874330797406511,0.03313184147094239,4,90.9,92.65,2024-09-23,0.01925192519251917,1,90.9,92.65,2024,0.4817005565471451,False,0.0010097487552711817,True
2024-09-23,0.010642201834862197,0.011656772800863413,0.0008133826564584723,0.023979261179520428,0.47567567567567476,1.2361512317336563,0.01925192519251917,0.07341975450269578,-0.09014002333722293,0.00010353038616828236,0.000711862987311962,0.00037763023852166455,0.009930338847550235,0,93.57,94.77,2024-09-24,0.012824623276691316,1,93.57,94.77,2024,0.5005477203276139,False,-0.00024119841282111408,False
2024-09-24,-0.008283211986915617,-0.010182547219584115,-0.0016464839600595083,0.024148339801638663,0.5468749999999987,1.1648538849586028,0.012824623276691316,0.0598579641528576,-0.04943888383378825,0.0009288309114927618,0.008544881367180901,0.0005435868669692034,-0.01682809335409652,1,94.02,94.16,2024-09-25,0.0014890448840672033,1,94.02,94.16,2024,0.528610892849827,False,-0.0009657117159994984,False
2024-09-25,0.017364061172472356,0.010809260832625345,0.006091477183217009,0.02390077717449146,0.830734966592429,2.018333997706818,0.0014890448840672033,0.09670405127031367,-0.020643842616249297,0.002021702355902155,0.00883937014348568,-0.0023987113492314194,0.008524691028986675,2,95.83,113.09,2024-09-26,0.18011061254304495,1,95.83,113.09,2024,0.49478687079775063,False,-0.0021300878044187652,False
2024-09-26,-0.028472897692103594,-0.011671235299319127,-0.004845795027399125,0.06760903933785922,0.32187070151306807,5.62885313131008,0.18011061254304495,0.2314244088311106,0.15931631145811354,-0.007600786428035744,-0.010371819960861117,-0.003151114206128014,-0.018101077731242476,3,109.88,110.5,2024-09-27,0.005642519111758393,1,109.88,110.5,2024,0.3979109176679109,False,-0.011294555894115864,False
2024-09-27,-0.025877828054298613,-0.013122171945701422,-0.006227207681299918,0.03681210875455476,0.15494923857868076,2.063054012632668,0.005642519111758393,0.18250825082508237,0.12460765850596345,-0.007400611620795083,-0.020893400213278568,-0.003104344338059617,-0.004984427841020045,4,107.49,106.07,2024-09-30,-0.013210531212205834,0,107.49,106.07,2024,0.4622923892336689,False,-0.0026899424750057577,False
2024-09-30,-0.022155180541152064,-0.012915998868671563,0.008655061752406823,0.04389106199882642,0.32529019896174394,1.9421685721547541,-0.013210531212205834,0.10826119482740215,0.07785053528739216,0.004796409897484644,0.00532459553553144,0.006267311805336462,-0.027479776076683504,0,103.7,103.4,2024-10-01,-0.002892960462873684,0,103.7,103.4,2024,0.4172402123292314,False,-0.00495897227581101,False
2024-10-01,-0.02761121856866544,-0.016827852998065884,-0.001390475244574696,0.053163533454618994,0.3051330798479092,1.6228708571866364,-0.002892960462873684,0.06668793873643919,0.131558163150175,-0.013184334631945904,-0.025444774661075642,-0.008266480641785812,-0.002166443907589799,1,100.29,100.59,2024-10-02,0.0029913251570445887,1,100.29,100.59,2024,0.4499026184931528,False,-0.0016196412902111084,False
2024-10-02,-0.006909235510488165,-0.0004970673029127681,-0.0018485211830535642,0.028088190878888586,0.20250896057347542,1.0792330912367938,0.0029913251570445887,0.04215798810393401,0.11849031246500163,0.004038637688400293,0.014550319856169391,0.0024130277782670184,-0.021459555366657557,2,99.87,99.48,2024-10-03,-0.0039050765995795045,0,99.87,99.48,2024,0.449125328600404,False,-0.0030617240994420696,False
2024-10-03,0.02312022517088863,0.0193003618817853,0.003846533188677448,0.03148893360160954,0.7603833865814693,0.9738848575606431,-0.0039050765995795045,-0.07317073170731703,0.13902248070685608,0.004293992579313732,0.011798799420409845,0.0011632825719118944,0.011321425750478786,3,101.84,103.66,2024-10-04,0.017871170463471975,1,101.84,103.66,2024,0.5073221350159418,False,-0.000546208280789727,False
2024-10-04,-0.014132741655412007,-0.006366968936909134,0.0022065313327448433,0.028006903353057222,0.27993943448712544,0.9451959905595678,0.017871170463471975,-0.048748720811238155,0.18372308404723325,0.0005128731151913257,-0.004959839357429718,0.0013365947409802459,-0.009172902297982288,4,102.25,102.29,2024-10-07,0.00039119804400988833,1,102.25,102.29,2024,0.37120144160250473,False,-0.004357919726467041,False
2024-10-07,0.006550004888063121,-0.010655978101476227,0.007436399217221057,0.03752802301358993,0.5683019665891296,0.882316014157519,0.00039119804400988833,-0.006846673095467826,0.1938101309841196,-0.007498660953401237,0.006632052894171014,-0.006669000525118096,-8.20480061078932e-05,0,102.99,102.18,2024-10-08,-0.00786484124672282,0,102.99,102.18,2024,0.3748041307424473,False,-0.0021525873484582255,False
2024-10-08,0.003376394597768728,-0.0022705030338618926,0.001025190392501596,0.016590953979853662,0.7529761904761941,0.7876123898839639,-0.00786484124672282,0.022534649516402272,0.18090741593735604,0.009945116163908807,0.013605715203082402,0.005153916275155934,-0.010229320605313674,1,102.55,102.22,2024-10-09,-0.0032179424670891743,0,102.55,102.22,2024,0.49536566603504906,False,-0.001212556042892336,False
2024-10-09,-0.0045000978282135895,-0.016679710428487593,0.004540967423494635,0.019616833795179645,0.730691056910569,0.8141319226019745,-0.0032179424670891743,0.018223690798037318,0.1214159682399647,0.009284633318336066,0.0088537549407115,0.00758950380347545,-0.01335385276892509,2,101.69,101.37,2024-10-10,-0.003146818762906789,0,101.69,101.37,2024,0.3765488179865314,False,-0.003890789377483674,False
2024-10-10,0.042320213080793145,0.001972970306796773,-0.0028312570781426905,0.056869453121126456,0.8395815170008716,1.2950330088649817,-0.003146818762906789,0.037657109190887494,0.2115913781242833,0.0037282265457878605,0.008672923844600167,0.0008684023134237773,0.03364728923619298,3,105.675,105.01,2024-10-11,-0.006292879110480154,0,105.675,105.01,2024,0.49967258686815264,False,0.002672488456678825,True
2024-10-11,0.018998190648509494,0.016950766593657685,0.003940516958296225,0.025321097422172256,0.7573819823208541,0.8261497821121815,-0.006292879110480154,0.04537897310513439,0.17191097467382965,0.00540000815095576,0.012243208075391143,0.006180019095564759,0.006754982573118351,4,106.89,107.805,2024-10-14,0.008560202076901557,1,106.89,107.805,2024,0.42346205047993135,False,-0.0028083889839599094,False
2024-10-14,0.005148184221511087,0.006075784982143562,0.0006926167059149169,0.017883895131086014,0.8167539267015733,0.6490998535245632,0.008560202076901557,0.05194679095057775,0.24285878169094866,0.003429078586412837,0.010792201763886844,0.005161556725508332,-0.005644017542375757,0,108.34,107.86,2024-10-15,-0.004430496584825638,0,108.34,107.86,2024,0.40629838566891746,False,-0.002989616765562723,False
2024-10-15,-0.03263489708881884,-0.00278138327461519,0.007240081088908168,0.06601109921137183,0.24041297935103384,0.9909962592928321,-0.004430496584825638,0.017454900048756716,0.1761920865742308,-0.014824337625293782,-0.053180076628352446,-0.008876819651379653,0.02054517953953361,1,104.34,106.02,2024-10-16,0.016101207590569322,1,104.34,106.02,2024,0.31098120072087143,False,-0.0037924702105110956,False
2024-10-16,0.0306074325598944,0.009149217128843645,-4.667333515750993e-05,0.03806457721806633,0.9092039800995037,0.9253507172393843,0.016101207590569322,0.07424525518733405,0.25017166399633783,-0.0006922105948939938,-0.010727294560301082,0.004096381386043069,0.04133472712019548,2,109.24,111.35,2024-10-17,0.019315269132186064,1,109.24,111.35,2024,0.34825959939329154,False,-0.0014287898957137135,False
2024-10-17,0.006286484059272679,0.007004939380332198,-0.005591054313099142,0.02819565804882429,0.3322683706070267,1.1962492458080016,0.019315269132186064,0.06051573219777606,0.25596772385968825,-0.010072116353088134,-0.01684580809067815,-0.006076018501134928,0.02313229214995083,3,112.07,111.74,2024-10-18,-0.0029445882038011684,0,112.07,111.74,2024,0.47658795978105134,False,-0.0003072617202994549,False
2024-10-18,-0.005727581886522337,8.949346697706417e-05,-0.0006746120980436476,0.02767158201347164,0.40789473684210276,0.7586888931531979,-0.0029445882038011684,0.0399476096922069,0.22288228822882283,0.0008905800914869033,-0.007810650887573933,0.0008389405379489734,0.002083069001051596,4,111.16,111.1,2024-10-21,-0.0005397625044980536,0,111.16,111.1,2024,0.39662553937560474,False,-0.0026969871248869568,False
2024-10-21,-0.018766876687668743,-0.007200720072007227,0.003728938403462001,0.03203640078001668,0.38405797101449324,0.6063258256307036,-0.0005397625044980536,0.007014952925973761,0.16597199957251263,0.00419691010096912,0.006733067729083553,-0.000941990511586388,-0.025499944416752296,0,109.1,108.18,2024-10-22,-0.008432630614115366,0,109.1,108.18,2024,0.38305682210845127,False,-0.0037540658961768445,False
2024-10-22,-0.0038824181919023815,-0.01257163985949361,-0.0005564830272675181,0.020165460186142736,0.6480186480186495,0.5578911053202978,-0.008432630614115366,0.03335250143760771,0.146777281429483,0.007062834875791513,0.001432379739784384,0.004233714826607171,-0.0053147979316867655,1,107.82,106.564,2024-10-23,-0.011649044704136524,0,107.82,106.564,2024,0.4697032130888431,False,-0.0005726421503399078,False
2024-10-23,-0.013503622236402446,-0.0036973086595847304,0.0031011450381679406,0.03438284720880813,0.4452247191011233,0.6603078314913214,-0.011649044704136524,-0.038447455144635545,0.09610769070228531,-0.010853357105231165,-0.005989219405070911,-0.00584936173141104,-0.007514402831331535,2,105.04,106.67,2024-10-24,0.015517897943640557,1,105.04,106.67,2024,0.3876727647626318,False,-0.0031641319746742954,False
2024-10-24,0.0015468266616667226,-0.004387362894909597,0.0018755568059265482,0.018807143872281884,0.6498740554156133,0.5286293107147793,0.015517897943640557,-0.046667261532970405,-0.02766654532216961,0.0006096198004510445,-0.003587515446247136,-0.001224180144142939,0.0051343421079138585,3,106.84,108.34,2024-10-25,0.014039685511044508,1,106.84,108.34,2024,0.4687631650628727,False,-0.0007856599088270985,False
2024-10-25,-0.0037843824995384967,0.0067380468894220336,-0.002494457018906604,0.0200519866320088,0.09722222222222605,0.5723004503384906,0.014039685511044508,-0.02914717524289312,0.004000372127639817,-0.00014137415680415266,0.0022773179135806565,-0.004935426733848058,-0.006061700413119153,4,107.92,106.73,2024-10-28,-0.01102668643439586,0,107.92,106.73,2024,0.4764660688392792,False,-0.0010475612749189216,False
2024-10-28,-0.002529747962147555,0.0025306849058370773,-0.0026231965523703105,0.016633775021144714,0.0282485875706197,0.5256924985872609,-0.01102668643439586,-0.025022914757103498,0.025747348119575797,-0.0060787224651926985,-0.007996998657294085,-0.0029354207436398383,0.0054672506951465305,0,106.37,106.585,2024-10-29,0.002021246592084136,1,106.37,106.585,2024,0.5171493433857621,False,0.001578552670910354,True
2024-10-29,0.0135572547731857,-0.0011727729042547708,-0.0030454042081948796,0.029793463675988674,0.7711597749737789,0.6016952938282393,0.002021246592084136,0.0033296234464850194,0.07866188054641543,0.008714596949890963,0.020127034537515076,0.0027764843844311216,-0.006569779764329375,1,108.179,106.26,2024-10-30,-0.017739117573651098,0,108.179,106.26,2024,0.5225068746103809,False,0.0007961862479965909,True
2024-10-30,-0.02013928100884621,-0.0008469791078486999,-0.0036363636363635488,0.030490158240061627,0.1518987341772166,0.7535857455803329,-0.017739117573651098,-0.00990099009900991,0.04135375988785417,-0.006467890826808653,-0.004210693572733737,-0.0026663111355776925,-0.015928587436112474,2,104.0,102.2,2024-10-31,-0.017307692307692246,0,104.0,102.2,2024,0.47122878065753226,False,-0.0016416392196195383,False
2024-10-31,-0.023874755381604662,-0.021429549902152623,-0.0021505376344085336,0.03451373615004227,0.20159096891176684,0.994789829148114,-0.017307692307692246,-0.06757768625982774,-0.021798900235663776,-0.014907488271015734,-0.024590163934426257,-0.010033706303426149,0.0007154085528215948,3,99.62,100.16,2024-11-01,0.005420598273438992,1,99.62,100.16,2024,0.5214687529846017,False,0.001017549116515875,True
2024-11-01,-0.004842252396166091,0.0003993610223642641,-0.001152420082172645,0.012478615276240168,0.24596774193547893,0.7544977529166761,0.005420598273438992,-0.0758895478131949,-0.02464547677261608,0.0036867688251771558,0.0015561652811335591,-0.0008139046418820239,-0.00639841767729965,4,99.73,101.49,2024-11-04,0.017647648651358594,1,99.73,101.49,2024,0.504076283041862,False,-0.0006320359608269957,False
2024-11-04,0.002463296876539456,0.0002463296876540344,-0.0035259549461312822,0.027579897644679052,0.2652570361861001,0.772573353477237,0.017647648651358594,-0.043527310331860525,-0.012137100689387337,-0.002157060104350683,-0.004728710611063502,-0.0032914317728212072,0.007192007487602958,0,101.74,102.01,2024-11-05,0.0026538234715942632,1,101.74,102.01,2024,0.49107161802987304,False,0.0012023697126913062,True
2024-11-05,0.03372218409959804,0.00794039800019597,0.007549214168941498,0.03615286373907045,0.9945652173913054,0.6894665237859526,0.0026538234715942632,-0.024949389437876057,0.028571428571428692,0.008962080351100354,0.011131498470948076,0.009768191614248245,0.022590685628649965,1,105.48,108.38,2024-11-06,0.0274933636708381,1,105.48,108.38,2024,0.4493663957079218,False,-7.272396817177833e-05,False
2024-11-06,0.0320169773020853,-0.0075659715814725415,-0.0017849174475680352,0.04971962616822423,0.9116541353383459,1.3382464394415559,0.0274933636708381,0.0756730769230769,0.100108171894975,0.00974908102924732,0.010186689920329783,0.0026561439239645157,0.02183028738175552,2,111.87,112.51,2024-11-07,0.005720926074908483,1,111.87,112.51,2024,0.3981660442883078,False,-0.00023952082266855308,False
2024-11-07,0.007332681539418573,0.004444049417829499,-0.00035281146637267113,0.022357906078836365,0.7891566265060214,0.9413781522502936,0.005720926074908483,0.13842601887171235,0.0731961201797966,0.009756097560975618,0.00959789465536609,0.0039876576515816,-0.0022652131159475175,3,113.41,112.14,2024-11-08,-0.011198307027598942,0,113.41,112.14,2024,0.48684283543168727,False,-0.0017665813631761477,False
2024-11-08,-0.001961833422507553,-0.0032994471196718944,0.000714412809001308,0.03378103378103381,0.3627844712182073,0.8720323491226472,-0.011198307027598942,0.12243056251880069,0.04724483113481148,0.002036898067383497,-0.005292222733548124,0.0031702366774577495,0.0033303893110405713,4,111.94,110.98,2024-11-11,-0.008576022869394295,0,111.94,110.98,2024,0.42235482165660304,False,-0.0018507514990589967,False
2024-11-11,-0.021715624436835612,-0.030185619030456023,0.0012911555842478606,0.044394492835066135,0.37974683544303667,1.0519592132895639,-0.008576022869394295,0.06791822292117167,0.00286136237769985,-0.0038807823657249774,-0.017834987593052243,-0.002700810243072893,-0.0038806368437833694,0,108.65,104.98,2024-11-12,-0.033778186838472224,0,108.65,104.98,2024,0.4035006618166172,False,-0.0008530646222951413,False
2024-11-12,-0.00838254905696334,-0.013335873499714324,-0.0005280591426239933,0.029587537964142374,0.6721854304635743,1.6427257496052643,-0.033778186838472224,-0.01317785362153967,-0.0023960130343109176,-0.0014598540145985828,-0.005175819834057682,-0.0030733255386671265,-0.0032067292229056577,1,104.09,102.84,2024-11-13,-0.012008838505139785,0,104.09,102.84,2024,0.6024432306555982,True,0.0018484209414200477,True
2024-11-13,-0.027712952158693183,-0.00841112407623501,-0.0033888169042161076,0.03526547786014822,0.04829271064144128,1.3624485719565136,-0.012008838505139785,-0.10699919549477066,-0.08549981691688013,-0.00025370804059332563,-0.01172716394096529,-0.0002008973414585613,-0.015985788217727892,2,99.9,101.39,2024-11-14,0.014914914914914812,1,99.9,101.39,2024,0.5200751500761905,False,-0.0006635318229437264,False
2024-11-14,-0.022487424795344713,-0.0016766939540389103,-0.0019998268025125387,0.037844967532467466,0.14745308310991864,1.314154490172993,0.014914914914914812,-0.1252975928048673,-0.11483893994824657,-0.006876208708562093,-0.00661163648020513,-0.006997924060805016,-0.015875788315139583,3,99.2,97.51,2024-11-15,-0.017036290322580583,0,99.2,97.51,2024,0.5510383299000147,True,-0.0007991801895319234,False
2024-11-15,-0.011075787098759116,0.00010255358424759997,0.0009341914054390443,0.026794956784688795,0.3092952470147531,1.299132120379214,-0.017036290322580583,-0.13927103805610153,-0.13323137819359487,-0.012357338847576171,-0.017283040504566527,-0.006765808081664493,0.006207253405807411,4,96.35,96.57,2024-11-18,0.002283341982356024,1,96.35,96.57,2024,0.5476394313882477,True,0.0006566278059634385,False
2024-11-18,0.010044527285906657,-0.0034172103137620757,-0.0019441317916708556,0.026588506228409914,0.7913385826771698,0.9011160352707215,0.002283341982356024,-0.10253106304647952,-0.10623281393217221,0.0034729889787805668,0.0103127287940592,0.0026099416601275127,-0.0002682015081525435,0,97.51,97.01,2024-11-19,-0.005127679212388436,0,97.51,97.01,2024,0.5445711052050585,True,0.0019295353011864655,True
2024-11-19,0.007524997422945878,-0.0010308215647871766,0.00010232272587740177,0.017303906330950136,0.7365269461077776,0.8571797690769701,-0.005127679212388436,-0.06119704102219237,-0.09367464292339078,0.01232358972297054,0.012691829116549203,0.009568846094645034,-0.005166831693603324,1,97.72,97.975,2024-11-20,0.0026094965206713283,1,97.72,97.975,2024,0.5762832528946426,True,0.001128489618958931,True
2024-11-20,0.0027047716254147147,-0.002092370502679186,0.007538074970514286,0.020718947477468053,0.8549999999999969,0.7115771067104055,0.0026094965206713283,-0.015115115115115207,-0.06330921553693836,-0.0003478364572360171,-0.004048000657543294,-0.00037264134963921336,0.006752772282958008,2,98.39,100.07,2024-11-21,0.017074905986380617,1,98.39,100.07,2024,0.3911546849612462,False,-0.0027981986955700434,False
2024-11-21,0.027479764165084575,-0.0053962226441489625,-0.001360722610722509,0.05327649854173888,0.9107074496592917,1.3400601117168986,0.017074905986380617,0.03588709677419355,-0.038187944590041156,-0.0018568268015171085,0.003197295536005118,0.0006066734074823277,0.024282468629079457,3,102.76,102.51,2024-11-22,-0.0024328532502919664,0,102.76,102.51,2024,0.49453224709252486,False,0.0014145531703016185,True
2024-11-22,0.0011706175007315522,0.005462881670080799,0.0022460937499999556,0.020265617314313644,0.4757281553398036,0.900521793218049,-0.0024328532502919664,0.06517903476907105,-0.04901779095626391,0.0032910388580491556,-0.0050412651949425236,0.003739514200047145,0.006211882695674076,4,102.63,104.06,2024-11-25,0.01393354769560573,1,102.63,104.06,2024,0.4582978562768112,False,-0.0017266486911995836,False
2024-11-25,0.003891985393042585,0.003171247357293794,-0.004905696323109221,0.024949426837491684,0.252895752895753,1.3815028414024058,0.01393354769560573,0.07158240180494291,-0.017674156247062256,-0.006275740341243341,-0.010797645626141605,-0.003185882038964416,0.01468963101918419,0,104.49,104.0,2024-11-26,-0.0046894439659297404,0,104.49,104.0,2024,0.5294604345878271,False,0.0013851409441361367,True
2024-11-26,-0.022500000000000075,-0.023173076923076907,0.00903225806451613,0.04396371249127706,0.3061224489795908,1.3658261345863223,-0.0046894439659297404,0.04216127711829731,-0.05859732480425961,0.003168792316170732,-0.017533154340574453,0.003874415497661987,-0.004966845659425623,1,101.84,100.93,2024-11-27,-0.008935585231735987,0,101.84,100.93,2024,0.4135641525289796,False,-0.0027530628931807617,False
2024-11-27,-0.026652135143168665,-0.009214306945407813,0.0038482210918484583,0.045583898173539694,0.364358683314413,1.27405508345236,-0.008935585231735987,-0.0019310905579834614,-0.05576923076923079,-0.005765787039770154,-0.005966786280564129,-0.0029310373540726298,-0.020685348862604536,2,98.2,97.24,2024-11-29,-0.009775967413442,0,98.2,97.24,2024,0.4120491383717014,False,-0.003978209541999529,False
2024-11-29,0.006684491978609763,-0.004915672562731288,-0.0014250783181015692,0.021852237252861784,0.8523809523809519,1.0111076577209368,-0.009775967413442,-0.047100038925652066,-0.017064846416382284,0.007748107445694208,0.008916666666666684,0.005436595290507551,-0.0022321746880569204,4,97.92,97.88,2024-12-02,-0.00040849673202625336,0,97.92,97.88,2024,0.5163664221117714,False,4.6747561159520305e-05,False
2024-12-02,0.0067429505516960475,0.012310993052717656,-0.007053607416364294,0.02624833384599623,0.39453125000000167,1.0420446833286197,-0.00040849673202625336,-0.039754457760888595,-0.01183194625488826,0.008512553570380277,0.019437024861310936,0.0012272584042323231,-0.012694074309614889,0,98.55,101.19,2024-12-03,0.02678843226788441,1,98.55,101.19,2024,0.5982087228663772,True,0.0019215870121686701,True
2024-12-03,-0.013588299239055246,0.01704713904536037,-0.0017501750175017428,0.04065040650406515,0.04567901234567945,1.5425512094696956,0.02678843226788441,-0.04421475739305192,-0.018380184784745346,0.005953886564840749,0.00595310411857608,0.0010275448307865975,-0.019541403357631326,1,99.87,100.77,2024-12-04,0.0090117152297986,1,99.87,100.77,2024,0.5444282610911572,True,-0.0020129938045573698,False
2024-12-04,0.024705765604842833,-0.006550560682742845,0.003779498166632367,0.03617234468937869,0.9583379501385068,0.9447468931342472,0.0090117152297986,0.013648860958366038,-0.021331058020477855,0.005784901599015901,0.0019426713713674992,0.003153896961690883,0.022763094233475334,2,103.23,103.875,2024-12-05,0.006248183667538543,1,103.23,103.875,2024,0.40113655024483,False,-0.0004613511903947948,False
2024-12-05,-0.028832731648616217,-0.008904933814681049,-0.0003963535473643365,0.036177318358016075,0.07417989999450422,0.7861971413979495,0.006248183667538543,0.027189409368635564,-0.09832841691248773,-0.00311478855745162,-0.014569851919488563,-0.0019172536370218873,-0.014262879729127653,3,100.87,100.88,2024-12-06,9.913750371759456e-05,1,100.87,100.88,2024,0.46721917456608403,False,-0.002122607998368887,False
2024-12-06,0.002577319587628857,-0.004262490087232229,-0.0007903576368306631,0.021593521943416905,0.5138888888888894,0.7704456755791106,9.913750371759456e-05,0.0333946078431373,-0.10775063927343265,0.007675228725644079,0.002622236566080405,0.0008725141577767825,-4.491697845154796e-05,4,101.19,100.65,2024-12-09,-0.00533649570115613,0,101.19,100.65,2024,0.49245302113547795,False,-1.7311650947243046e-05,False
2024-12-09,0.021659215101837992,0.035121708892200676,0.008236101578586119,0.041147753312742896,0.5956416464891032,0.8410576420402873,-0.00533649570115613,0.04342973110096393,-0.08138288368768987,-0.006726286747217092,-0.0007716676143286749,-0.005565502147476531,0.022430882716166667,0,102.83,104.96,2024-12-10,0.020713799474861405,1,102.83,104.96,2024,0.46000915863561376,False,-0.0006549201725979902,False
2024-12-10,-0.06564405487804881,-0.030583079268292623,0.005124525981346828,0.07946840807195632,0.10348128695067126,1.4668369613420411,0.020713799474861405,-0.017422649444277627,-0.09682466635987119,-0.00643596501279553,-0.027107089234265302,-0.004724383434924095,-0.038536965643783505,1,98.13,99.5,2024-12-11,0.013961072047284251,1,98.13,99.5,2024,0.33937232907994747,False,-0.006256894765085121,False
2024-12-11,0.025628140703517488,0.016984924623115516,-0.0033206367809356374,0.04435401831129204,0.8600917431192662,0.8759511139567896,0.013961072047284251,-0.011527656688946952,-0.019694495148429247,0.009543220694121723,0.008721705760430076,0.0028805837102579,0.01690643494308741,2,102.04,101.5,2024-12-12,-0.0052920423363387314,0,102.04,101.5,2024,0.4646922090035646,False,0.0003861324530906467,False
2024-12-12,-0.030935960591133016,-0.009014778325123207,-0.0017253628336547644,0.043166939443535224,0.14218009478672855,1.224194198465365,-0.0052920423363387314,-0.026073163477743688,-0.01661661661661673,-0.001430791388720376,-0.0019056596041145957,-0.0032312308351742924,-0.02903030098701842,3,98.24,100.71,2024-12-13,0.02514250814332253,1,98.24,100.71,2024,0.5163615005545241,False,-0.002054828162114871,False
2024-12-13,0.01732697845298392,0.01787310098302064,0.002936713817238479,0.035467781600580395,0.7892443916376692,1.5184705662088234,0.02514250814332253,0.013242415258424733,0.033568548387096664,9.425781397265354e-05,-0.0004809233728759743,-0.0033970976253296925,0.017807901825859895,4,102.53,105.61,2024-12-16,0.030039988296108433,1,102.53,105.61,2024,0.4447657556707381,False,-0.002117606270287059,False
2024-12-16,0.026702016854464716,0.04786478553167317,-0.008685317242640211,0.06303807155155905,0.590288315629743,2.725003765472278,0.030039988296108433,0.05265194982009147,0.12344784639335771,0.009247392511442909,0.011217964071856379,0.0008085808580857723,0.015484052782608337,0,108.2442,110.0,2024-12-17,0.016220730533367922,1,108.2442,110.0,2024,0.6000968916984781,True,0.0007295107450549345,True
2024-12-17,-0.011772727272727268,-0.010409090909090923,0.005038831360946849,0.026095839524516995,0.36476868327401984,1.938287894092422,0.016220730533367922,0.10710282278610017,0.11414213926776728,-0.00044746066075029844,-0.0018564356435644136,0.0006289412270974459,-0.009916291629162854,1,108.64,110.25,2024-12-18,0.014819587628865927,1,108.64,110.25,2024,0.4636036761682799,False,-0.003667713534097137,False
2024-12-18,-0.05433106575963709,-0.0028117913832199637,-0.011940864291129505,0.09062591258639152,0.1643394199785178,2.9771683718462745,0.014819587628865927,0.015484123872991029,0.06037658616455177,-0.03193497150331692,-0.03672271573604058,-0.026590284446504908,-0.01760835002359651,2,103.62,90.065,2024-12-19,-0.1308145145724764,0,103.62,90.065,2024,0.48693232986188906,False,-0.0028444163006363784,False
2024-12-19,-0.03530783323155495,-0.03602953422528177,-0.007098925561845881,0.07552298782649802,0.35602503912363154,5.414919447512993,-0.1308145145724764,-0.11354845276872971,-0.1148998882000204,-0.012452272683666221,-0.015843621399176944,-0.008218344155844215,-0.01946421183237801,3,87.085,85.4063,2024-12-20,-0.019276568869495248,0,87.085,85.4063,2024,0.8718964571464033,True,0.007477764382222165,True
2024-12-20,0.05355459726038947,-0.003820561246652754,0.0088597376387487,0.07744792913574328,0.9953941267387931,2.5920887827424663,-0.019276568869495248,-0.12103774505022913,-0.12300506033476055,0.015163388449181081,0.02097725358045488,0.014335562163741766,0.03257734367993459,4,90.12,90.21,2024-12-23,0.0009986684420770775,1,90.12,90.21,2024,0.5397178251845688,True,0.002663266257237197,True
2024-12-23,-0.007648819421350206,-0.004432989690721478,-0.003561887800534347,0.030542986425339258,0.41481481481481297,1.28728119869075,0.0009986684420770775,-0.16965527945146264,-0.12423268050277703,0.006525069771918135,0.022954050835626072,0.00679483491005084,-0.030602870256976278,0,89.88,89.59,2024-12-24,-0.0032265242545616024,0,89.88,89.59,2024,0.5947018049914756,True,0.0006472135993358266,False
2024-12-24,-0.006463891059269922,-0.006139078022100675,-0.001683471472953335,0.01666099965997958,0.5312244897959205,0.8045082042107066,-0.0032265242545616024,-0.18068759204712814,-0.1481471911187674,0.009679324733723238,0.0027551509343555214,0.008321449542823656,-0.009219041993625443,1,89.0101,88.56,2024-12-26,-0.005056729517212033,0,89.0101,88.56,2024,0.5971599397716011,True,0.0017562407618234243,True
2024-12-26,0.01592140921409202,0.0009033423667570428,-0.0051968155683326245,0.028717366628830954,0.7391304347826102,0.7824428171148794,-0.005056729517212033,-0.1331789229878403,-0.11802827965435991,0.0026119544232880987,0.0029111093363149987,0.0032994695225703197,0.01301029987777702,3,89.82,89.02,2024-12-27,-0.008906702293475788,0,89.82,89.02,2024,0.6060539211058115,True,0.0036128344634974484,True
2024-12-27,-0.004830375196584913,-0.005954841608627137,-0.002814047726249491,0.02180863210778705,0.5287958115183282,0.9443660236288905,-0.008906702293475788,0.017741287248090876,-0.09745417515274957,-0.007167164122355074,-0.00389120667522469,-0.0046864277704321555,-0.000939168521360223,4,88.63,86.985,2024-12-30,-0.01856030689382826,0,88.63,86.985,2024,0.5214203947883718,False,0.0002793196572306348,False
2024-12-30,-0.017991607748462313,-0.022636086681611656,-0.0026853473438412934,0.029203121305273028,0.3400809716599206,1.1813529647877925,-0.01856030689382826,-0.053262316910785756,-0.1286764705882354,0.0011679695835193904,0.00200408997955015,0.0014031566773249349,-0.019995697728012463,0,85.32,85.59,2024-12-31,0.0031645569620253333,1,85.32,85.59,2024,0.5593298545122134,True,0.0014178434693963948,True
2024-12-31,-0.01682439537329128,0.00012034116135062334,-0.004848628192999027,0.0274705672493758,0.025974025974026933,0.9192824596424295,0.0031645569620253333,-0.06352914997774806,-0.14591577879249107,-0.011327142580769944,-0.01352287075882852,-0.007289309295564483,-0.0033015246144627586,1,84.17,84.98,2025-01-02,0.009623381252227725,1,84.17,84.98,2024,0.587208698066571,True,0.0017347972103952966,True
2025-01-02,0.027182866556836993,0.01719463403153676,-0.0023999999999999577,0.03434033514278978,0.8762886597938151,0.9539089029363864,0.009623381252227725,-0.018875386051695253,-0.1255632322018625,-0.008428522821173456,0.0008179290037624298,-0.00866998082763537,0.026364937553074563,3,87.33,87.97,2025-01-03,0.007328523989465152,1,87.33,87.97,2025,0.565527013597595,True,0.002391575889415401,True
2025-01-03,0.021825622371262954,0.008069796521541495,-0.0025521526853085064,0.03068220774768582,0.8864059590316596,0.880430903752545,0.007328523989465152,0.00077933645067918,-0.1292260001937422,0.01024642057076064,0.019149797570850113,0.0072506935816043505,0.0026758248004128404,4,89.89,95.565,2025-01-06,0.0631327177661587,1,89.89,95.565,2025,0.5368789175371974,False,0.001796151382480684,False
2025-01-06,0.039501909694972026,0.03338042170250621,-0.004359809571536033,0.06325932132383727,0.6390728476821199,2.290851192737213,0.0631327177661587,0.120049644589868,-0.01586200059482512,0.00018129079042794594,0.006851170892200331,-0.00244855518473186,0.032650738802771695,0,99.27,103.41,2025-01-07,0.04170444242973703,1,99.27,103.41,2025,0.5646760502726393,True,0.003055251711984285,True
2025-01-07,-0.013635044966637588,0.01450536698578464,0.0007103081010442214,0.05515915381573744,0.15054033226401944,2.6139698012929817,0.04170444242973703,0.19444444444444442,0.0071153276015416544,-0.01997678887387988,-0.03530483638296256,-0.014763235860268065,0.02166979141632497,1,101.91,103.04,2025-01-08,0.011088215091747733,1,101.91,103.04,2025,0.5688081460379819,True,0.0012502192435363672,False
2025-01-08,-0.03459821428571441,-0.03206133540372669,0.0014597805295479827,0.05264496439471,0.22705314009661792,1.459617853559608,0.011088215091747733,0.18118094332897705,-0.033161528736749935,0.00025238797856652617,-0.005560814008518711,0.001087141158484739,-0.029037400277195702,2,99.42,98.115,2025-01-10,-0.013126131563065857,0,99.42,98.115,2025,0.4089409618747125,False,-0.001615187576427218,False
2025-01-10,0.013759364011619146,0.0005778932884881183,0.001762513848323044,0.04036337359347586,0.6636828644501281,0.8293142809921379,-0.013126131563065857,0.13786785755181508,0.012636298787322975,-0.007752013763979049,-0.008580249388556949,-0.008721922578002306,0.022339613400176095,4,99.37,95.84,2025-01-13,-0.03552379993961963,0,99.37,95.84,2025,0.4871243686039697,False,0.0014580214280602354,False
2025-01-13,-0.006469115191986674,-0.015546744574290616,0.004961482808952811,0.033591731266150004,0.75,1.0388196821797218,-0.03552379993961963,0.05773723439759704,-0.06820854566836543,0.009417398244213837,0.015742642026009612,0.01007346683571586,-0.022211757217996286,0,95.08,97.03,2025-01-14,0.020509045014724503,1,95.08,97.03,2025,0.45245045289101143,False,-0.001980416551107087,False
2025-01-14,0.0029887663609191595,-0.015149953622590973,0.009648303765950716,0.02112602222688187,0.9627791563275421,0.7880235338953921,0.020509045014724503,-0.018938249219300873,-0.008652280130293066,-0.00862882302067769,-0.011060428692528101,-0.0047405531215773955,0.014049195053447261,1,97.39,99.44,2025-01-15,0.021049389054317746,1,97.39,99.44,2025,0.47316094468993175,False,0.0028669828116200417,True
2025-01-15,0.03735921158487532,0.02705148833467419,-0.006787983824378951,0.04609864116758944,0.8308041660298258,1.0620774010559395,0.021049389054317746,0.011971347267196508,0.005851945771969014,0.007095101650975488,0.007843687937571397,0.004387227915643388,0.02951552364730392,2,103.13,104.33,2025-01-16,0.011635799476389153,1,103.13,104.33,2025,0.5559075225004088,True,0.004220479084025277,True
2025-01-16,-0.014185756733442023,-0.019265791239336805,-0.004163439194422969,0.02876214783547648,0.3344709897610895,0.6519470411375141,0.011635799476389153,0.031884932609133054,-0.05223559322347071,-0.010770712909441316,-0.01785228112481041,-0.0039045407115687603,0.0036665243913683865,3,102.59,104.62,2025-01-17,0.019787503655327,1,102.59,104.62,2025,0.4988031235255508,False,0.0013753505280691743,False
2025-01-17,0.00860256165169182,-0.013381762569298461,0.0034710665208501634,0.03141463414634149,0.9378881987577631,0.817708703690888,0.019787503655327,0.06410385428197629,-0.0266936671575847,-0.002954958401071184,0.0002907202108690665,0.0007037440321633337,0.008311841440822754,4,105.74,105.425,2025-01-21,-0.002979005106865884,0,105.74,105.425,2025,0.45806838488834206,False,0.0017356212440950986,False
2025-01-21,0.03798909177140164,0.009058572444865964,-0.003629291459601447,0.04760999714910197,0.8383233532934152,1.0450610037680403,-0.002979005106865884,0.15018931426167437,0.05539471144566677,0.00024786927755648946,0.006058282208588839,0.0034627998734746424,0.0319308095628128,1,109.36,109.15,2025-01-22,-0.001920263350402296,0,109.36,109.15,2025,0.551644235071834,True,0.004181268000848168,True
2025-01-22,0.0007329363261565636,-0.0016500229042603065,-9.154155986812462e-05,0.027004454342984374,0.5051546391752579,0.9724998437426492,-0.001920263350402296,0.12167573672861676,0.254406614227479,0.004135430632399739,0.004887218045112718,0.0010397412199629752,-0.004154281718956154,2,109.24,104.76,2025-01-23,-0.04101061882094459,0,109.24,104.76,2025,0.46129148791958635,False,0.0005198843169560264,False
2025-01-23,4.772814051157148e-05,0.002386407025582349,0.0034961685823753363,0.02738168613286307,0.4999823315311489,1.2121556164646803,-0.04101061882094459,0.016677979249490882,0.16344873501997315,0.006540271818233467,0.01370618203938867,0.0060415978870915765,-0.013658453898877099,3,104.85,105.5,2025-01-24,0.006199332379589917,1,104.85,105.5,2025,0.5112853265815607,False,-0.0027135184787057368,False
2025-01-24,-0.02279620853080566,-0.015071090047393376,0.00087374399300999,0.029205607476635587,0.125,0.8866997473334869,0.006199332379589917,0.005848523247879767,0.14808633733867382,-0.006228471727139584,-0.022288706058339547,-0.002968137616634614,-0.0005075024724661148,4,103.19,94.94,2025-01-27,-0.07994960752010849,0,103.19,94.94,2025,0.46338067096642377,False,-0.0003036357517706132,False
2025-01-27,-0.04113124078365282,-0.00990099009900991,0.01601562500000009,0.08759619737437752,0.3456072351421187,2.6895719945269563,-0.07994960752010849,-0.13826366559485526,0.023704051562687845,0.005930478352775381,-0.027837347410095692,0.007212144646369545,-0.01329389337355713,0,91.12,92.605,2025-01-28,0.016297190517998272,1,91.12,92.605,2025,0.4603997789960437,False,-0.007586160512686368,False
2025-01-28,-0.048755466767453126,-0.036229145294530585,-0.012886597938144284,0.06144934120854151,0.009242144177448649,1.8859287183692206,0.016297190517998272,-0.19284930504754938,-0.017256735693609415,0.01283979852288919,0.009163899281180443,0.006376744031167947,-0.05791936604863357,1,88.27,89.89,2025-01-29,0.018352781239379334,1,88.27,89.89,2025,0.5271943254000429,False,-0.004250897685577501,False
2025-01-29,-0.009456001779953205,-0.0033374123929246213,-0.0005612302166347893,0.030651777575205097,0.4758364312267666,1.208447229585443,0.018352781239379334,-0.18518857561332835,0.004287487306781079,-0.002966734295448581,-0.012355100862175616,-0.0027248182074174343,0.0028990990822224116,2,89.01,90.68,2025-01-30,0.018761936861026784,1,89.01,90.68,2025,0.5128237896117769,False,0.001709151677168713,False
2025-01-30,0.020291133656815008,0.018747243052492202,-0.005268250725728563,0.03167220376522706,0.776223776223776,1.0207419589049052,0.018761936861026784,-0.11702432045779687,0.08509142053445862,-0.0008974432414886602,0.006121107550735472,0.0014238882082189264,0.014170026106079536,3,92.58,91.44,2025-01-31,-0.012313674659753748,0,92.58,91.44,2025,0.5600130701167384,True,0.0006850084883221776,False
2025-01-31,-0.0006561679790026975,0.012303149606299302,0.0005474652359573895,0.03434276936581071,0.07667731629392818,0.8037262719771245,-0.012313674659753748,-0.1151758891365442,0.08476892004277059,-0.008312457299020748,-0.010196205873989506,-0.009218106995884767,0.009540037894986808,4,91.305,88.8,2025-02-03,-0.027435518317726393,0,91.305,88.8,2025,0.5072816544982921,False,-0.0009531624738683842,False
2025-02-03,0.0136824324324325,0.011261261261261257,-0.0036592816916375392,0.03840862174545823,0.5903215310438656,0.7459045015662522,-0.027435518317726393,-0.0132791922739246,0.029543112332531818,0.009893469920345677,0.013222019748273084,0.008984763865220291,0.00046041268415941694,0,89.91,89.05,2025-02-04,-0.00956512067623183,0,89.91,89.05,2025,0.50983452507812,False,-0.0005607458357504412,False
2025-02-04,0.017855137563166812,0.009882088714205706,-0.003189266468712315,0.02984118261128077,0.6943280878523712,0.5222426701177891,-0.00956512067623183,0.026872096975189663,0.00836578039826441,0.011703912230299096,0.010782630543109573,0.007109401137504134,0.007072507020057239,1,90.642,90.4,2025-02-05,-0.002669844001676802,0,90.642,90.4,2025,0.5487662446442612,True,0.0021939503471154705,True
2025-02-05,0.03473451327433619,0.0028761061946902533,0.002357479639948812,0.03768565728219908,0.9764705882352946,0.6782138266487607,-0.002669844001676802,0.05167958656330751,-0.05701621839427817,0.009754321413514067,0.020341153147199753,0.00586041555673944,0.014393360127136434,2,93.61,94.88,2025-02-06,0.013566926610404817,1,93.61,94.88,2025,0.4835641518485141,False,0.00366974996997883,True
2025-02-06,-0.0043739460370993966,0.0024241146711636574,0.001909105372010389,0.03236589014746749,0.2921949286846289,0.7413000882990195,0.013566926610404817,0.02095484985958085,-0.07251496418408399,0.0041148361650484855,0.004205928741860987,0.00038780157760975875,-0.008579874778960384,3,94.52,95.59,2025-02-07,0.01132035548032162,1,94.52,95.59,2025,0.4902285838171855,False,-0.0008918676062474756,False
2025-02-07,-0.03316246469295958,-0.008264462809917439,0.006973196774896495,0.04738508570804667,0.19124423963133586,0.7779456378186095,0.01132035548032162,0.010788018180822423,-0.07171595252464291,-0.01365676990983511,-0.015959368852129896,-0.010150109575046473,-0.017203095840829685,4,92.29,93.185,2025-02-10,0.00969769205764437,1,92.29,93.185,2025,0.39452753505123406,False,-0.0047865173938583675,False
2025-02-10,0.03004775446692065,0.022106562214948777,0.003922183871979845,0.033165181925512544,0.9110032362459529,0.7439106079563698,0.00969769205764437,0.06673340006673345,-0.03481936198047708,0.003793266951161778,0.010890688259109327,0.000993393930363018,0.019157066207811324,0,95.91,94.245,2025-02-11,-0.017360025023459458,0,95.91,94.245,2025,0.4877504702839654,False,0.0014287575171197595,False
2025-02-11,-0.0013793835216723282,0.007480502944453349,-0.0010083855217067894,0.024369388627618616,0.2434210526315756,0.6960368675836321,-0.017360025023459458,0.03826040908188255,-0.010201935212452606,0.003498364894668704,0.008760597496972222,0.00408264874284292,-0.01013998101864455,1,94.11,89.59,2025-02-12,-0.048028902348315805,0,94.11,89.59,2025,0.5302211211962689,False,-9.153648481423934e-05,False
2025-02-12,0.02321687688358076,0.01573836365665815,-0.0014161220043572564,0.06056096164854052,0.8166351606805298,1.2796478279510497,-0.048028902348315805,-0.02072428159384676,-0.05873292945887665,0.011755921040035311,0.011538461538461497,0.006975451829848156,0.011678415345119264,2,91.67,92.12,2025-02-13,0.0049089124031853615,1,91.67,92.12,2025,0.5392932307800463,False,0.0005245788575053002,False
2025-02-13,0.04005644811115938,0.01812744246634823,0.0019870320016732723,0.043957835253205735,0.9369592088998775,0.917437853511056,0.0049089124031853615,0.012166737198476607,-0.072335886744885,0.01150967961055116,0.016411290322580596,0.008883668607728934,0.023645157788578786,3,95.67,98.48,2025-02-14,0.029371798892024792,1,95.67,98.48,2025,0.5409816837849343,True,0.0023832805065335107,True
2025-02-14,0.011322095857026815,0.008834281072298777,0.0010553824504975218,0.027533673469387843,0.5911129229514869,1.1727135968970333,0.029371798892024792,0.07834001516957412,-0.02992494395165224,0.004588867333233715,0.002460317460317496,0.0002623208840213387,0.008861778396709319,4,99.52,102.55,2025-02-18,0.030446141479099742,1,99.52,102.55,2025,0.5220437211814101,False,0.0021898561411841148,True
2025-02-18,0.04241833252072169,0.00984885421745485,-0.007335871482960221,0.05718065559312069,0.8320479862896331,1.58203769169714,0.030446141479099742,0.1134396830361799,0.009930017022886428,-0.0010931391621736841,0.006422847265870502,0.0002373624934519647,0.03599548525485119,1,106.79,105.8,2025-02-19,-0.00927053094859076,0,106.79,105.8,2025,0.5829223237439738,True,0.0053641541718201435,True
2025-02-19,-0.013722117202268347,-0.001370510396975333,0.006639012155122526,0.03445280833815856,0.20397759103641525,0.9087164160472694,-0.00927053094859076,0.10891509935182242,-0.04572055596196045,0.0020238780474217677,0.005490533226518712,0.0045977576711249135,-0.01921265042878706,2,104.36,103.98,2025-02-20,-0.003641241855116828,0,104.36,103.98,2025,0.4288784369427466,False,-0.0015404650547720443,False
2025-02-20,-0.0067320638584343895,-0.010098095787651418,0.004278490859587647,0.02452608950556967,0.37450199203187295,0.7558338650632666,-0.003641241855116828,0.12577724446383765,-0.05529110216038069,-0.0028771369702821348,-0.0007749835315998821,-0.0017496525222793213,-0.005957080326834507,3,103.2,103.61,2025-02-21,0.003972868217054337,1,103.2,103.61,2025,0.47514284068651463,False,-7.745750797876052e-05,False
2025-02-21,-0.04541646559212431,-0.004825789016504212,0.0017664337080927073,0.060562659846547406,0.19499999999999917,0.9864996462622111,0.003972868217054337,0.03292568203198476,-0.057510729613733935,-0.022326423715591126,-0.03185600928972332,-0.016683874985659708,-0.013560456302400992,4,98.82,100.3,2025-02-24,0.014976725359238996,1,98.82,100.3,2025,0.4085468545732438,False,-0.006275668383224982,False
2025-02-24,-0.049551345962113635,-0.018344965104685973,-0.007341073566928702,0.056496878770393,0.0027855153203343646,0.8358859892427402,0.014976725359238996,-0.04139871382636651,-0.07549181122201754,-0.015365423959990854,-0.03159570234779152,-0.008504700840503698,-0.017955643614322114,0,95.4,95.54,2025-02-25,0.0014675052410901834,1,95.4,95.54,2025,0.4312454940124455,False,-0.004040444068571759,False
2025-02-25,-0.024230688716767923,-0.00439606447561236,-0.006183039283620406,0.03422996064902173,0.14803149606299124,0.9611917754884461,0.0014675052410901834,-0.12679089802415966,0.023375768217734905,-0.010784993451968261,-0.0182072829131652,-0.004404179784312401,-0.006023405803602722,1,93.25,96.0,2025-02-26,0.029490616621983934,1,93.25,96.0,2025,0.5371000505718371,False,-0.000696847392721355,False
2025-02-26,0.016197916666666812,0.01645833333333324,0.002517726852327762,0.04418848167539258,0.4869668246445515,1.3516528537541117,0.029490616621983934,-0.06353008815638173,0.10717117933612785,-0.003064807091730737,0.00782284768211916,-0.0035072410263293774,0.008375068984547651,2,97.73,97.78,2025-02-27,0.0005116136293870088,1,97.73,97.78,2025,0.4784916138038464,False,0.00046133991493715193,False
2025-02-27,-0.060237267334833255,-0.031106565759869143,-0.0017381857686039615,0.09175866214886885,0.047647409172126884,1.257989899531345,0.0005116136293870088,-0.11094961240310075,0.03078305808336146,-0.03416652191534941,-0.06911391787769439,-0.019954427410572184,0.00887665054286113,3,91.75,91.07,2025-02-28,-0.007411444141689483,0,91.75,91.07,2025,0.41054082621285887,False,-0.00564326100762767,False
2025-02-28,0.029098495662677193,0.009717799494894042,0.005579399141630859,0.05107377322799578,0.838779956427016,1.159608188749678,-0.007411444141689483,-0.052620926937866686,0.011233527759775486,0.01693559674484635,0.019091824670490753,0.015062504269417465,0.01000667099218644,4,93.62,95.77,2025-03-03,0.0229651783806879,1,93.62,95.77,2025,0.49785338200781526,False,0.00034872143415358415,False
2025-03-03,-0.05534092095645815,-0.025164456510389455,0.008855221971566518,0.07618301823470186,0.15859030837004376,1.0084762348916172,0.0229651783806879,-0.050733752620545136,-0.008159465527627252,-0.028073389114795066,-0.05219552609776301,-0.02115133013519388,-0.0031453948586951386,0,90.56,90.15,2025-03-04,-0.004527385159010522,0,90.56,90.15,2025,0.3314231071363116,False,-0.006069157909101639,False
2025-03-04,0.011425402107598348,-0.011148086522462686,-0.021988630269226594,0.07822580645161303,0.6450662739322541,1.3680732356276015,-0.004527385159010522,-0.02134048257372645,0.01501501501501501,0.002630620421708807,0.011983961449942404,-0.005451001362750452,-0.000558559342344056,1,91.26,92.15,2025-03-05,0.009752355906202048,1,91.26,92.15,2025,0.5821530333993507,True,0.00042078607323174557,False
2025-03-05,0.02414541508410184,-0.01540965816603368,0.0021769140915366414,0.05108807797403747,0.8538929414056587,0.7809512752517992,0.009752355906202048,-0.03468740407244453,0.0407978641247988,0.01207174526400645,0.00693529979808627,0.011253489622167212,0.01721011528601557,2,94.34,90.9,2025-03-06,-0.03646385414458342,0,94.34,90.9,2025,0.4553656101207748,False,0.00393924633690852,True
2025-03-06,-0.017381738173817496,0.008470847084708355,-0.002791113095902631,0.04784336982660897,0.06805963141213511,1.1036881101602247,-0.03646385414458342,-0.027029972752043663,-0.04636256810169859,-0.011029188357066122,-0.00939273808451202,-0.005039271564606929,-0.007989000089305476,3,89.27,90.35,2025-03-07,0.0120981292707516,1,89.27,90.35,2025,0.521123258933139,False,-0.004010103663050719,False
2025-03-07,0.029219701162147116,0.02623132263420036,0.004103228593024477,0.04302156665549228,0.9090909090909071,1.1631673652213683,0.0120981292707516,-0.006942960905789386,-0.016398645789250876,0.010694638311848248,0.020398912058023466,0.009703976177964702,0.00882078910412365,4,92.97,89.65,2025-03-10,-0.035710444229321237,0,92.97,89.65,2025,0.5081710802322364,False,-0.00032025275184333936,False
2025-03-10,-0.028276631344116177,0.008867819297267099,-0.003260869565217539,0.06541511194029859,0.24153297682709268,1.2381397667685705,-0.035710444229321237,-0.03820671378091878,-0.05623577852421724,-0.02167662936686876,-0.0232955321765268,-0.012984724889444799,-0.004981099167589376,0,87.1,87.9,2025-03-11,0.009184845005740572,1,87.1,87.9,2025,0.46765893442091133,False,-0.005980118135035677,False
2025-03-11,0.01513083048919217,0.014562002275312791,-0.007894151656659965,0.05843711477710656,0.6282084418553803,1.1088378066805895,0.009184845005740572,-0.025093140477755904,-0.07235950370138666,0.0,-0.004038997214484752,-0.004612084376117154,0.019169827703676923,1,88.97,92.53,2025-03-12,0.0400134876924807,1,88.97,92.53,2025,0.5730326697882389,True,0.0016727717435509608,False
2025-03-12,0.03242191721603804,0.028747433264886935,-0.004688476765992933,0.05149609713790104,0.6926315789473697,1.2856563718791554,0.0400134876924807,0.013885944456222266,0.0163638295611519,-0.0039340498799957935,0.000726216412490821,-0.005318675845384813,0.03169570080354722,2,95.65,94.25,2025-03-13,-0.01463669628855202,0,95.65,94.25,2025,0.5334024646883411,False,0.0033632462549620656,True
2025-03-13,0.006047745358090051,0.01656445623342173,-0.0007376962799031661,0.043829787234042517,0.19902912621359037,1.0065895399117284,-0.01463669628855202,0.0630670998095666,0.035235082360641545,-0.017470183100957493,-0.006703505752332584,-0.013661838170781926,0.012751251110422634,3,94.9,98.75,2025-03-14,0.04056902002107465,1,94.9,98.75,2025,0.510804816487327,False,-0.0017065417844434362,False
2025-03-14,0.02126582278481015,0.0196455696202531,0.0032829287703939336,0.04081012658227845,0.5210918114143905,1.3395023349337267,0.04056902002107465,0.08400559320210821,0.053412773074108966,0.013815595052138363,0.015066039847772661,0.013612414810019402,0.00619978293703749,4,100.78,101.06,2025-03-17,0.0027783290335383626,1,100.78,101.06,2025,0.4972969530385031,False,0.0008598821720430125,False
2025-03-17,0.02152186819711055,0.008707698396991814,-0.004099942118464206,0.034568145800317085,0.651862464183381,0.8547449732142393,0.0027783290335383626,0.18358208955223887,0.03587218649517698,0.007026688907422862,0.013216637934845066,0.007827353981200158,0.008305230262265484,0,103.09,101.9,2025-03-18,-0.011543311669415024,0,103.09,101.9,2025,0.498120908378517,False,0.0017208197720717188,False
2025-03-18,-0.0020608439646713217,-0.011089303238469128,-0.0036253184401332517,0.030112673247582045,0.4635761589403951,0.698839455742569,-0.011543311669415024,0.143419130043835,-0.047382713737241344,-0.009741140151436123,-0.005162599832325809,-0.006922804532577875,0.0031017558676544876,1,101.73,100.83,2025-03-19,-0.008846947803007987,0,101.73,100.83,2025,0.5159109127605948,False,0.0018428099651776287,True
2025-03-19,0.011851631458891232,0.010611921055241558,0.0010302197802198876,0.030948353069957246,0.493569131832801,0.7778795170857498,-0.008846947803007987,0.06680606377417675,-0.022230739747029493,0.007613095362932754,0.008251264306627704,0.006947035516941202,0.0036003671522635283,2,102.04,101.51,2025-03-20,-0.005194041552332385,0,102.04,101.51,2025,0.4963140778096889,False,0.0018457773942318631,True
2025-03-20,0.01428430696483085,0.01852034282336712,-0.0003970839089756373,0.03295510606808105,0.48203592814371193,1.1874406225378729,-0.005194041552332385,0.08408851422550034,-0.0031007751937984773,0.005179391473924877,0.008794527849338207,0.003994106474002779,0.005489779115492643,3,102.88,98.2,2025-03-21,-0.04548989113530322,0,102.88,98.2,2025,0.5503194814575817,True,0.0001789161203308069,False
2025-03-21,-0.03538696537678221,-0.03284114052953169,5.278716216206014e-05,0.05122732123799367,0.21354166666666502,3.230639874815092,-0.04548989113530322,-0.05993252629489987,-0.041287188828172394,0.014849501149570843,0.009112537594828662,0.009495431708058444,-0.04449950297161087,4,94.74,96.05,2025-03-24,0.013827316867215611,1,94.74,96.05,2025,0.577893189327681,True,-0.003084578267443712,False
2025-03-24,0.00905778240499755,0.01863612701717865,0.00010318852543611534,0.03240113290674507,0.5147630147630148,1.4532387381977996,0.013827316867215611,-0.06072363953826754,0.014989517819706366,0.006519867142329883,0.0074607329842932835,0.00681499649614592,0.0015970494207042663,0,96.83,96.18,2025-03-25,-0.006712795621191647,0,96.83,96.18,2025,0.5316027829159972,False,7.220161471357684e-05,False
2025-03-25,-0.02048242877937212,-0.013932210438760695,-0.000954400848356296,0.033565683646112454,0.3067092651757173,1.146154152056946,-0.006712795621191647,-0.07421606212523346,0.009973190348525618,0.0038665825515376007,-0.003536558906487297,-0.00020858682426561082,-0.016945869872884822,1,94.18,95.99,2025-03-26,0.019218517732002338,1,94.18,95.99,2025,0.5243976104136476,False,-0.0005648498696888137,False
2025-03-26,-0.03910824044171257,-0.009271799145744386,0.007482168408865064,0.062328240079146946,0.22328042328042416,1.318319486073459,0.019218517732002338,-0.09662877303018425,-0.05678911286196664,-0.015336177127767692,-0.02753940455341508,-0.01072689024496265,-0.01156883588829749,2,92.18,91.09,2025-03-27,-0.011824690822304196,0,92.18,91.09,2025,0.397349920464504,False,-0.004006055313909063,False
2025-03-27,0.0012624876495772597,-0.0018564057525524147,-0.005723318434536218,0.028958821560093773,0.6146435452793833,0.7966570521210077,-0.011824690822304196,-0.11430793157076202,-0.006866485013623969,-0.0011608382910801573,-0.005341246290801238,0.00029971791255278823,0.006603733940378498,3,91.12,90.6,2025-03-28,-0.005706760316066872,0,91.12,90.6,2025,0.5569766832069336,True,0.0008260855836945739,False
2025-03-28,-0.022737306843267024,-0.0046357615894038195,0.005679236710586011,0.03755707762557092,0.2857142857142888,0.8363673696755108,-0.005706760316066872,-0.06639223137006534,-0.055223242896816904,-0.022008711781746904,-0.02013376383763843,-0.017064117979912252,-0.0026035430056285946,4,88.45,86.08,2025-03-31,-0.026794799321650742,0,88.45,86.08,2025,0.44150325681477604,False,-0.0030773638843587295,False
2025-03-31,0.010223048327137496,-0.011500929368029711,0.0070642733063115415,0.03555168186482538,0.95652028495936,1.0406167342089556,-0.026794799321650742,-0.10265413611484042,-0.04052561837455837,0.01697263595427767,0.020739883277866022,0.018224146084173,-0.010516834950728526,0,86.89,88.51,2025-04-01,0.01864426286108878,1,86.89,88.51,2025,0.4685380119547662,False,-0.00047566877345720003,False
2025-04-01,0.002316122472036941,-0.017964071856287456,0.0074506949325963134,0.030668444547510054,0.9338374291115321,0.7621557969573648,0.01864426286108878,-0.057761732851985714,-0.027613412228796985,0.011812540124117143,0.0072051573758058485,0.006476096510897866,-0.004889034903768907,1,88.74,87.13,2025-04-02,-0.01814288933964392,0,88.74,87.13,2025,0.4728165438313951,False,0.001637360451289674,False
2025-04-02,0.018478136118443622,0.0001147710317916939,0.002995196383159149,0.037197231833909994,0.6325581395348824,0.6753300985502423,-0.01814288933964392,-0.03905402473421571,-0.06105575577697697,0.022912554706942423,0.025650842266462304,0.01855724709485629,-0.0071727061480186816,2,88.58,82.915,2025-04-03,-0.06395348837209291,0,88.58,82.915,2025,0.4833536570378418,False,0.0016498032337658292,False
2025-04-03,-0.10106735813785217,-0.0293071217511911,-0.007126681763687137,0.12013976616046218,0.013982728533715157,2.4063394632528055,-0.06395348837209291,-0.18415276558384552,-0.16724543519659452,-0.011885461396897723,-0.03428881543243367,-0.01352020693071121,-0.0667785427054185,3,74.34,70.775,2025-04-04,-0.047955340328221685,0,74.34,70.775,2025,0.44919505465246934,False,-0.015924066534187244,False
2025-04-04,-0.0848463440480397,-0.04090427410808917,-0.01235132662397076,0.11712597654567869,0.12162252496757806,2.6685698756093217,-0.047955340328221685,-0.2682871678914641,-0.30386146068624287,-0.03318573971789829,-0.04033711438566723,-0.0347125427223951,-0.044509229662372474,4,64.72,63.89,2025-04-07,-0.012824474660074192,0,64.72,63.89,2025,0.49101034039860586,False,-0.011433203279734086,False
2025-04-07,0.05986852402566911,0.029727656910314648,0.007813662747432781,0.17744556386090338,0.5654761904761911,2.4585451309513258,-0.012824474660074192,-0.21325814247899644,-0.21515499425947182,0.03712132334948359,0.06472995561703843,0.03049939696232551,-0.004861431591369314,0,68.36,71.56,2025-04-08,0.04681100058513765,1,68.36,71.56,2025,0.412881772566948,False,-0.008306895170092836,False
2025-04-08,-0.08552263834544449,0.013135830072666277,0.005145534137162899,0.14877204030226698,0.2031746031746027,1.8386462610847865,0.04681100058513765,-0.26132521974306966,-0.2632347982466,-0.051881947456118405,-0.06948546556816415,-0.049792093816467764,-0.01603717277728034,1,65.55,66.2,2025-04-09,0.009916094584286883,1,65.55,66.2,2025,0.3409243416696034,False,-0.016115067220638574,False
2025-04-09,0.17613293051359502,-0.0077039274924471934,0.008549222797927358,0.23328100470957613,0.9528936742934049,2.8053390632486743,0.009916094584286883,-0.12135922330097093,-0.1863042341871407,0.12000288815615301,0.15911091549295775,0.1016232976653697,0.01702201502063727,2,77.83,72.5,2025-04-10,-0.06848259026082482,0,77.83,72.5,2025,0.4189004284476831,False,0.004448391112332676,True
2025-04-10,-0.033586206896551785,-0.031448275862069,0.013525242297121487,0.0822222222222222,0.462162162162162,2.047744793917102,-0.06848259026082482,-0.05770782889426962,-0.261854583772392,-0.0160810334185697,-0.02562319992054818,-0.013828348113632982,-0.007963006976003606,3,70.05,69.12,2025-04-11,-0.013276231263383176,0,70.05,69.12,2025,0.45653997372911587,False,-0.00529124550386646,False
2025-04-11,0.0044126157407407,0.0028935185185183787,-0.005657404755084472,0.049981294425738954,0.7784431137724526,1.3155630673413672,-0.013276231263383176,0.07416563658838071,-0.31018059138718,0.021623749016079996,0.027516607051609743,0.021265609760761972,-0.023103991310869043,4,69.52,74.64,2025-04-14,0.07364787111622562,1,69.52,74.64,2025,0.5457097091003585,True,-0.0009109529945682733,False
2025-04-14,-0.048432475884244264,-0.034699892818863876,-0.008999581414817825,0.0687437473202801,0.21933471933472065,1.3503078634880379,0.07364787111622562,0.03876535985956697,-0.31118440197885344,-0.015889419971579888,-0.024964923315109577,-0.009962869012168585,-0.023467552569134686,0,71.01,71.11,2025-04-15,0.0014082523588225815,1,71.01,71.11,2025,0.42148233998622237,False,-0.002047313464199987,False
2025-04-15,-0.0012417381521586668,0.014695542117845628,0.004550212164073475,0.03189227498228209,0.20964444444444374,0.6386513500336991,0.0014082523588225815,0.0834477498093058,-0.3018775189226385,-0.0008941422776639341,0.003410438908659552,-0.003353839312184914,-0.004652177060818219,1,71.02,67.89,2025-04-16,-0.04407209236834686,0,71.02,67.89,2025,0.5170836149221419,False,0.00039543834828780866,False
2025-04-16,0.022462807482692693,0.00795404330534688,0.03296130952380949,0.048838767306833564,0.6843468983386686,0.9794563668205054,-0.04407209236834686,-0.1088269304895284,-0.32026656213249716,-0.010133404601233797,0.006238351625595495,-0.010532651218778,0.016224455857097198,2,69.36,70.47,2025-04-17,0.016003460207612452,1,69.36,70.47,2025,0.38704546539586354,False,-0.0007812376118954707,False
2025-04-17,-0.023768979707676996,-0.026819923371647514,0.0044532048474230645,0.051940298507462845,0.5158045977011493,0.7992732601224235,0.016003460207612452,-0.017987152034261156,-0.33135692068429234,-0.007200840843527123,-0.01703094678786632,-0.002387901300079598,-0.006738032919810677,3,68.79,67.78,2025-04-21,-0.014682366623055776,0,68.79,67.78,2025,0.44743608512774036,False,-0.0007758637101419375,False
2025-04-21,-0.013425789318383008,-0.01372086161109487,0.013949962092494328,0.03587478101911801,0.5201698513800452,0.5824216885473296,-0.014682366623055776,-0.03970080552359023,-0.2953345999577791,-0.010178901490085157,-0.004023292747485585,-0.012414613554378562,-0.009402496570897423,0,66.76,67.54,2025-04-22,0.011683642899940061,1,66.76,67.54,2025,0.4034150658014261,False,-0.001994129985870726,False
2025-04-22,0.04019840094758642,0.011622742078768011,0.01334198759555738,0.043890865954923086,0.9510135135135102,0.6778873019226791,0.011683642899940061,-0.011125193634699437,-0.27481152535371267,0.013786974157969034,0.00824796427633312,0.013919864646620095,0.0319504366712533,1,70.22,73.71,2025-04-23,0.04970093990316138,1,70.22,73.71,2025,0.5131886487152038,False,0.005057441488708291,True
2025-04-23,-0.010446343779677014,0.008750508750508867,0.0005486968449930352,0.040000000000000036,0.1517241379310334,1.0971467113760327,0.04970093990316138,0.025767389467755475,-0.22648120620089207,-0.006591439858567916,-0.011955551145947152,-0.007253483337342437,0.0015092073662701377,2,72.85,74.57,2025-04-24,0.023610157858613645,1,72.85,74.57,2025,0.4853802037329464,False,0.0016662857030009647,False
2025-04-24,0.037347458763578034,0.01743328416253198,0.0031772792115161153,0.05421195652173916,0.9411027568922309,0.8828020013306894,0.023610157858613645,0.11562860438292955,-0.16055543501844227,0.02381265334735372,0.028442082472197594,0.01896635242389233,0.00890537629138044,3,77.38,77.55,2025-04-25,0.002196950116309049,1,77.38,77.55,2025,0.5039147722745964,False,0.001294210229302315,False
2025-04-25,0.028239845261121888,0.005802707930367523,0.0,0.04421326397919367,0.8352941176470577,0.7826830762399039,0.002196950116309049,0.15990696322139852,-0.12434152765583839,0.012152814955992852,0.02321652669176566,0.007401262233604822,0.005023318569356228,4,79.79,78.765,2025-04-28,-0.01284622133099389,0,79.79,78.765,2025,0.4928186114254363,False,0.0014326958532421535,False
2025-04-28,-0.002031359106202002,-0.0012061194693073762,-6.36051392951531e-05,0.03497139885595413,0.6263940520446111,0.5565703765527025,-0.01284622133099389,0.17673756740563196,-0.11182589033352186,-0.00010570601044379568,-0.00042676276731934415,0.0005622154917572786,-0.0016045963388826578,0,78.559,77.88,2025-04-29,-0.008643185376595919,0,78.559,77.88,2025,0.45842458010373877,False,-0.0002834967661854173,False
2025-04-29,-0.013739085772983994,-0.007190549563430904,-0.006081780538302217,0.022425629290617977,0.1953352769679343,0.6373308611192249,-0.008643185376595919,0.09455995442893772,-0.11543330647945682,0.011444616988236511,0.003582859599675192,0.010183818840975745,-0.017321945372659187,1,76.86,73.72,2025-04-30,-0.040853499869893284,0,76.86,73.72,2025,0.5484070461946909,True,0.0015341153766709624,False
2025-04-30,0.04598480737927302,0.00040694519804662654,0.011544011544011523,0.04918367346938779,0.9986168741355476,0.7006826318920472,-0.040853499869893284,0.05573095401509964,-0.13331079558260084,0.019780360927365015,0.03114186851211076,0.013988568089263742,0.014842938867162259,2,76.91,79.32,2025-05-01,0.03133532700559094,1,76.91,79.32,2025,0.4603125450798375,False,0.0031748842458970933,True
2025-05-01,-0.020801815431164772,-0.013867876954109848,-0.012083439328415158,0.028582464271919683,0.0,0.5610471502923625,0.03133532700559094,0.004781597311966923,-0.12226236170693161,-0.004778552367555533,-0.012423805313852232,-0.0033013901529347356,-0.00837801011731254,3,77.75,79.64,2025-05-02,0.02430868167202571,1,77.75,79.64,2025,0.5310186468252674,False,0.0012840774534905205,False
2025-05-02,0.012744851833249582,-0.006027122049221512,-0.0052417365564874085,0.03249051833122629,0.6050583657587558,0.6312613414653462,0.02430868167202571,0.011404937962150585,0.08555286521388217,0.00450117153779761,0.00463324005688337,0.003258424976535723,0.008111611776366212,4,80.7,79.41,2025-05-05,-0.01598513011152425,0,80.7,79.41,2025,0.4945609279076319,False,0.0022112123946764627,True
2025-05-05,0.01303362296939925,0.007807580909205525,-0.0017992306737809605,0.026565464895635715,0.6642857142857097,0.5090045083529396,-0.01598513011152425,0.023752848177802655,0.24266069221260822,0.0023318200577795434,0.002856747915034763,0.0013865434183628622,0.010176875054364487,0,80.425,79.02,2025-05-06,-0.017469692259869496,0,80.425,79.02,2025,0.4761471958273031,False,-8.977734760712633e-06,False
2025-05-06,0.0206276891926096,-0.003290306251581776,-0.003342787056431873,0.034059078176725155,0.7887850467289725,0.5749414084382869,-0.017469692259869496,0.04722872755659635,0.1774429490930367,0.006109767286679446,0.011186520009361045,0.0035667556861971317,0.009441169183248554,1,80.49,80.99,2025-05-07,0.006211951795254134,1,80.49,80.99,2025,0.5167238545229587,False,0.0018732956622181476,True
2025-05-07,0.022223731324855,-0.001975552537350267,0.02602429049448518,0.033291770573566026,0.9699999999999994,0.6786659569661144,0.006211951795254134,0.07450266545312711,0.2607170099160947,0.003028542980418214,0.02134711663267197,0.0022672498437918964,0.0008766146921830309,2,82.64,84.25,2025-05-08,0.019482090997095858,1,82.64,84.25,2025,0.3160831023427008,False,-0.0016117216923422994,False
2025-05-08,0.010029673590504329,-0.0040000000000000036,-0.009947643979057674,0.03418905950095952,0.6087719298245624,0.9850496866109247,0.019482090997095858,0.0951768488745981,0.09405113709366586,-0.0005526784434937149,-0.00397137023491656,-0.00058402038144445,0.014001043825420889,3,85.15,85.68,2025-05-09,0.006224310041103909,1,85.15,85.68,2025,0.548173905400116,True,0.00262323128408055,True
2025-05-09,0.002450980392156854,-0.0025093370681605887,0.0016910607032478708,0.018776570618800115,0.7610062893081774,0.7577303425906186,0.006224310041103909,0.06412639405204468,0.22591006423982884,-0.004365476020480985,-0.003877178127367431,-0.003971896624770488,0.006328158519524285,4,85.875,92.9,2025-05-12,0.08180494905385749,1,85.875,92.9,2025,0.4681333734608945,False,0.00023271284234522836,False
2025-05-12,-0.007212055974165743,0.0016146393972011897,-0.0022717438338381024,0.02446982055464919,0.12444444444444495,1.5055896634895622,0.08180494905385749,0.1476530929437363,0.3276754890678941,0.0009664694280078212,0.0028937140925988647,0.0017885088307623143,-0.010105770066764608,0,92.3,92.57,2025-05-13,0.002925243770314223,1,92.3,92.57,2025,0.4468560136260717,False,1.6132639124701595e-05,False
2025-05-13,0.048604299449065635,0.02082208058766355,0.0028856286806486775,0.052569020476524786,0.9299691675231246,1.6645668681167407,0.002925243770314223,0.20412473599204883,0.3648781861709618,0.013531294801547578,0.028048525413093328,0.00673568025228799,0.020555774035972307,1,96.92,96.26,2025-05-14,-0.006809739991745722,0,96.92,96.26,2025,0.5196395982612166,False,0.0013566404009884322,False
2025-05-14,-0.010024932474548165,-0.0023893621441928303,0.0019451161812638063,0.03530534351145054,0.29279279279279424,1.6327261610916708,-0.006809739991745722,0.15410212971926418,0.34293156857223317,0.0035896046597132525,0.0010902483343426805,-0.0005273633533505739,-0.011115180808890845,2,95.375,94.01,2025-05-15,-0.01431192660550451,0,95.375,94.01,2025,0.4610550892491451,False,-0.0011996691212080358,False
2025-05-15,0.016753536857780915,-0.012711413679395878,0.006581718618365651,0.037322339155907436,0.9927325581395332,1.299578750375266,-0.01431192660550451,0.12143276570757466,0.3767301038062283,0.004433516611166866,0.005066124109867731,0.007326320103832273,0.011687412747913184,3,95.49,95.97,2025-05-16,0.005026704366949408,1,95.49,95.97,2025,0.45867943585547655,False,-8.617675905702235e-05,False
2025-05-16,0.020406376992810227,0.022298634990101096,0.000290091930541303,0.026018808777429348,0.8949397590361438,1.253179699091095,0.005026704366949408,0.14212518195050938,0.4257886320686144,0.0014403963970883726,-0.00445382564434027,0.005192389006342557,0.024860202637150497,4,98.08,95.71,2025-05-19,-0.024163947797716245,0,98.08,95.71,2025,0.5103724529551703,False,0.000660741337718875,False
2025-05-19,0.027374360045972157,0.011493051927698339,0.0019574496703107513,0.03469174503657246,0.7921686746987955,0.8031930645413924,-0.024163947797716245,0.06890574214517886,0.4778310365488314,0.01442737701730512,0.018434134217067077,0.011069545995578967,0.00894022582890508,0,98.66,97.9,2025-05-20,-0.007703223190756003,0,98.66,97.9,2025,0.4516910520396937,False,-0.0011025621213480786,False
2025-05-20,0.0014729315628192463,0.0007150153217567734,0.004829204800508524,0.017118696504073494,0.647108433734944,0.6572598189151442,-0.007703223190756003,0.012381345439537839,0.3973227000854458,0.000827782697416346,0.0058637798827243515,-0.0012308003574379445,-0.004390848319905105,1,98.12,97.11,2025-05-21,-0.010293518141051838,0,98.12,97.11,2025,0.4628061850958193,False,-0.0013048702844460133,False
2025-05-21,-0.01143033673154159,0.011327360724951108,0.0056568196103079504,0.0373714045769471,0.2078651685393251,0.8639681871017229,-0.010293518141051838,0.004875491480996086,0.3155799588194923,-0.005152143175347179,-0.006657625446923943,-0.008335174265468037,-0.004772711284617648,2,95.84,95.41,2025-05-22,-0.004486644407345697,0,95.84,95.41,2025,0.4192869182375941,False,-0.0032721657495540417,False
2025-05-22,-0.006288648988575507,0.0059742165391469815,-0.011056639198915197,0.030200275511285346,0.1543859649122802,0.8594283597484456,-0.004486644407345697,-0.006702272489265915,0.22576893254070818,0.00021414526836305292,-0.0010372152844044802,0.0002402773487111265,-0.005251433704171027,3,94.85,92.21,2025-05-23,-0.02783342119135479,0,94.85,92.21,2025,0.5428854059824085,True,-0.0013017046962726293,False
2025-05-23,0.013772909662726596,-0.013447565339984813,0.0009637006103437873,0.03200263939293957,0.8762886597938144,1.1004703971467569,-0.02783342119135479,-0.04792006525285486,0.17032209550068922,0.007131568549980205,0.010283508551168996,0.006588770443418213,0.0034894011115575996,4,93.38,95.18,2025-05-27,0.019276076247590535,1,93.38,95.18,2025,0.5031568581609012,False,0.0007445614610479818,False
2025-05-27,0.012292498424038456,0.0035721790292078115,0.003593562835269015,0.026648264146936995,0.8605577689242997,1.0426961458955424,0.019276076247590535,-0.023211027772146675,0.22672131773571458,0.009183376925312459,0.010688787090916696,0.007695326496834909,0.00160371133312176,1,96.37,96.67,2025-05-28,0.0031130019715679413,1,96.37,96.67,2025,0.5015198286306269,False,0.0008137466048084524,False
2025-05-28,-0.004758456604944783,-0.0070859625530154124,-0.006505576208178487,0.016841004184100505,0.3788819875776395,0.621518628071608,0.0031130019715679413,-0.019669792091316807,0.251496226906063,-0.0060707035888006855,-0.010770674391089807,-0.006753216018391739,0.006012217786145024,2,96.19,98.52,2025-05-29,0.024222892192535594,1,96.19,98.52,2025,0.4949417661477625,False,0.0023512550954277777,True
2025-05-29,-0.01755988631749883,-0.013043036946812747,0.005088265835929473,0.03662470086359382,0.19318181818182034,0.9994307676582406,0.024222892192535594,0.01012103505843065,0.25874398647770125,-0.011789405684754617,-0.019518072289156696,-0.005125956901493867,0.0019581859716578665,3,96.81,96.03,2025-05-30,-0.00805701890300592,0,96.81,96.03,2025,0.42803575093272267,False,-0.0017998026188119414,False
2025-05-30,-0.016609392898052633,-0.027387274809955175,-0.009180568670653644,0.04760247234873116,0.5045673022164525,1.142210748888879,-0.00805701890300592,-0.004217185028993042,0.21479099678456604,0.0009818265824734773,-0.014184105579081452,0.0022584096041839974,-0.002425287318971181,4,94.45,94.44,2025-06-02,-0.0001058761249338458,0,94.45,94.44,2025,0.49286816711931625,False,-0.0002861125679686175,False
2025-06-02,0.038384159254553074,0.0046060991105463245,-0.006735541375468501,0.05127118644067785,0.7572314049586777,1.1280598304444085,-0.0001058761249338458,0.051402869993574685,0.2166047087980174,0.011096719314864556,0.01733040660604157,0.007809309922417462,0.021053752648511503,0,98.18,98.355,2025-06-03,0.0017824404155633022,1,98.18,98.355,2025,0.5130075680908729,False,0.0024170207254313927,True
2025-06-03,0.0405164963652076,0.006761222103604192,0.002547021943573702,0.061571782178218015,0.9011725293132324,1.436395208010306,0.0017824404155633022,0.06049600498080321,0.270749145166304,0.008002597501814313,0.023164120256284004,0.006854171590640501,0.017352376108923595,1,102.2,102.45,2025-06-04,0.0024461839530331986,1,102.2,102.45,2025,0.49362973135359284,False,0.0007323796653250024,False
2025-06-04,0.007906295754026349,-0.0013177159590044285,0.0009693679720823578,0.021730580137659716,0.7058823529411795,0.8965752839194014,0.0024461839530331986,0.07298055930969949,0.28227108957634495,0.0020453770690505024,0.005148261962724998,-0.001072116592679584,0.002758033791301351,2,103.21,106.3,2025-06-05,0.029938959403158716,1,103.21,106.3,2025,0.4635981272632174,False,0.001342751992116022,False
2025-06-05,-0.0010818438381937634,0.0008466603951082785,-0.0005647324579980406,0.03316592438169241,0.18714285714285747,1.8668598724123582,0.029938959403158716,0.09782047309162278,0.2860600193610843,-0.0111848806065864,-0.010719634271301293,-0.008834897846493606,0.00963779043310753,3,106.28,108.13,2025-06-06,0.017406849830635895,1,106.28,108.13,2025,0.5205720317924301,False,0.0003254574193127519,False
2025-06-06,0.004161657264404095,0.01752520114676792,-0.002572110968216079,0.027859100463624165,0.17937473005747787,1.2997616824548015,0.017406849830635895,0.14939121228163055,0.27492660011743975,0.00018867924528298552,-0.0029778925986549964,0.0011692975862358512,0.0071395498630590915,4,108.56,109.62,2025-06-09,0.009764185703758255,1,108.56,109.62,2025,0.5137104585807263,False,9.382272813512137e-05,False
2025-06-09,0.01199598613391717,0.005655902207626351,-0.003637506736123619,0.036378706944188544,0.5962025316455702,1.0712120021558273,0.009764185703758255,0.1291505398248114,0.2909461426491995,0.0018485683027125166,0.008549019607843267,0.00036682562443735023,0.0034469665260739024,0,110.86,111.67,2025-06-10,0.007306512718744385,1,110.86,111.67,2025,0.4671176679105141,False,-0.0005311163585761834,False
2025-06-10,0.021850094027043854,0.0093131548311991,8.764241893088887e-05,0.03320237346039745,0.7798326609081786,1.3456995090357393,0.007306512718744385,0.1175146771037181,0.2373781148429035,0.005591430238906625,0.01403080972286741,0.00447335976808505,0.007819284304176444,1,114.21,115.64,2025-06-11,0.012520795026705223,1,114.21,115.64,2025,0.5282817265923351,False,0.0013451188010338816,False
2025-06-11,0.00285368384641993,0.005102040816326481,0.007296100060800947,0.02205177372962619,0.4901185770750966,1.2997533805342003,0.012520795026705223,0.12450343958918708,0.19748245976062728,-0.00640367417807064,-0.007511380880121488,-0.004990152104470624,0.010365064726541418,2,116.06,114.09,2025-06-12,-0.016973978976391524,0,116.06,114.09,2025,0.46293544281714155,False,0.0016806193217614553,False
2025-06-12,0.018055920764308953,0.0066614076606186234,0.0006892392521755664,0.02607470049330529,0.8885135135135144,0.9041490864418331,-0.016973978976391524,0.09352653368460673,0.2185583224115335,0.004255559530758735,0.011381988771821838,0.005399820005999922,0.006673931992487114,3,116.22,113.8,2025-06-13,-0.020822577869557768,0,116.22,113.8,2025,0.507691351247069,False,-0.00023691313387281312,False
2025-06-13,0.016300527240773244,0.016783831282952466,0.004734601685344453,0.03026570473341539,0.579941860465118,0.9972559806379072,-0.020822577869557768,0.06494104642593945,0.2107026913812966,-0.002463661000246309,-0.0027179188507086005,-0.003692564745196414,0.019018446091481844,4,115.61,117.81,2025-06-16,0.01902949571836343,1,115.61,117.81,2025,0.4988639340239167,False,-5.9497055781442965e-05,False
2025-06-16,0.01570325099736869,0.009761480349715468,-0.0009184269850547322,0.031032219570405806,0.6427335402532472,1.2454665459996743,0.01902949571836343,0.0807324553490889,0.2215538336052203,0.0057586096397808095,0.012482449560517805,0.002564956695536358,0.003220801436850884,0,119.81,119.66,2025-06-17,-0.0012519823053167567,0,119.81,119.66,2025,0.48638934377645937,False,0.00024607287790882654,False
2025-06-17,0.006602039110813918,0.029713354504429246,-0.0002075119319360219,0.03485546711353171,0.26442307692307826,1.3017842975901035,-0.0012519823053167567,0.0537606164083706,0.2198459355361848,-0.005166162005604491,-0.0029149519890260267,-0.004481690046982845,0.009516991099839944,1,120.35,120.46,2025-06-18,0.0009140008309098668,1,120.35,120.46,2025,0.5438712884618605,True,-0.000952994816739239,False
2025-06-18,0.011165532126847122,0.008965631744977776,0.003253438761222416,0.023298385754701334,0.5803571428571435,1.154649599031675,0.0009140008309098668,0.049457177322074664,0.24133713819812463,-0.002339181286549752,-0.0007230382829743753,-0.0019968584987635207,0.011888570409821497,2,121.8,122.78,2025-06-20,0.008045977011494232,1,121.8,122.78,2025,0.4863543903892286,False,0.0017110083364870734,False
2025-06-20,0.006352826193191108,-0.006352826193191108,0.003655267646820004,0.03140056487788678,0.8412698412698428,1.6131399573716265,0.008045977011494232,0.06357769747031483,0.2897433222036727,-0.010727839777552428,-0.017594865017934724,-0.007035662956649702,0.023947691211125832,4,123.609,123.67,2025-06-23,0.0004934915742382806,1,123.609,123.67,2025,0.4952022295522891,False,0.0015440449990563867,False
2025-06-23,-0.0118056117085793,-0.004609040187596114,-0.001552287581699452,0.039221267006092964,0.5107360984018197,1.2441595581354719,0.0004934915742382806,0.05596401695355069,0.2870848708487086,0.009899016741961031,0.009043679045602993,0.009083422963162224,-0.020849290754182292,0,122.08,125.06,2025-06-24,0.024410222804718273,1,122.08,125.06,2025,0.4442842479503447,False,-0.0034320315334610794,False
2025-06-24,0.022469214776907,0.007916200223892389,0.001292040249011528,0.025128040973111387,0.9267515923566911,1.384359087671371,0.024410222804718273,0.06727318253902004,0.36935103876633124,0.005792512572173614,0.020757342157710523,0.00457531481144402,0.001711872619196475,1,127.87,126.45,2025-06-25,-0.011105028544615592,0,127.87,126.45,2025,0.5078847207417677,False,0.0006702460275307105,False
2025-06-25,0.005298536971134915,-0.003240806642941907,0.001891551071879105,0.014567743989810422,0.8196721311475418,1.4255376995892914,-0.011105028544615592,0.05932613211466564,0.3229210335166546,-0.002047743792199963,0.006615305786333847,-0.0016449803424849474,-0.001316768815198932,2,127.4899,129.53,2025-06-26,0.01600205192725057,1,127.4899,129.53,2025,0.49067923621735676,False,0.0009826160050601111,False
2025-06-26,-0.026904964100980422,-0.015054427545742266,0.0037028189202101824,0.048953873495435785,0.3721122112211221,3.03218503411244,0.01600205192725057,0.0346469622331691,0.3101153966108743,0.005696144290052496,0.000757903854482489,0.00523012758411201,-0.02766286795546291,3,126.02,125.13,2025-06-27,-0.007062371052213967,0,126.02,125.13,2025,0.5122638393020572,False,-0.004107134928879903,False
2025-06-27,-0.002998481579157608,0.0012786701830098668,0.004062776659959688,0.0336331955587974,0.3288674698795182,1.4460706848982818,-0.007062371052213967,0.009230719445995073,0.2886065489102365,0.001872967145415405,0.0007549068948162763,0.003499869468737815,-0.0037533884739738843,4,124.75,124.895,2025-06-30,0.0011623246492986627,1,124.75,124.895,2025,0.4780033218160534,False,-0.0018703193297836154,False
2025-06-30,-0.013211097321750187,-0.010008407061932068,-0.0016605913325232757,0.026508001641362355,0.4318885448916435,1.022936684872405,0.0011623246492986627,0.00909239842726084,0.30428798305981997,0.001886587091390668,-0.0019663925634608725,0.002008552546326259,-0.011244704758289314,0,123.19,122.31,2025-07-01,-0.007143436967286254,0,123.19,122.31,2025,0.45405248962555744,False,-0.0016793850521901145,False
2025-07-01,-0.01124192625296383,0.002289264982421768,-0.002433391074816438,0.041231944910984364,0.37780810199800424,1.0942127583683399,-0.007143436967286254,-0.05466489403300234,0.23120798533306153,-0.0045476870463682095,-0.002781791907514597,0.0020929327016678823,-0.008460134345449233,1,120.88,120.48,2025-07-02,-0.0033090668431501324,0,120.88,120.48,2025,0.49712589764726284,False,-0.0026438268720994813,False
2025-07-02,0.010126162018592177,-0.007802124833997337,0.00035263046710798385,0.041843130611553425,0.7368421052631583,1.3650199892242607,-0.0033090668431501324,-0.045179265181006456,0.19109589041095898,0.008587227186172663,0.023324357761443926,0.005119564512993335,-0.013198195742851748,2,121.73,122.29,2025-07-03,0.004600345025876917,1,121.73,122.29,2025,0.46541653274941197,False,-0.0005588662823789683,False
2025-07-03,-0.0019625480415407237,0.004661051598658927,-8.192692118635936e-05,0.014774686037921647,0.12222222222222179,0.6924882882489586,0.004600345025876917,-0.03166164100936353,0.18234667183412467,0.004790484110054782,0.0035032883105861057,0.004032452405815734,-0.005465836352126829,3,122.03,121.18,2025-07-07,-0.006965500286814641,0,122.03,121.18,2025,0.5112854310221994,False,-0.000223989690494461,False
2025-07-07,-0.011016669417395653,-0.002021785773229978,0.0028031127102334796,0.02181463447452292,0.3600616808018503,0.8785599097712835,-0.006965500286814641,-0.038637274549098155,0.1284343244260444,-0.0029628559040323355,-0.007524134014764372,-0.004427689099221976,-0.0034925354026312805,0,119.93,122.37,2025-07-08,0.020345201367464316,1,119.93,122.37,2025,0.46994303050349845,False,-0.0009617161452711142,False
2025-07-08,0.016548173571953928,0.0034689874969355827,0.0019734192509059945,0.028700287002870084,0.6985714285714266,1.141807478999991,0.020345201367464316,0.009741050409936003,0.14581798084008835,-0.0018251472767356614,0.006959980114342512,-0.0016576808562002165,0.009588193457611416,1,124.39,124.83,2025-07-09,0.0035372618377682574,1,124.39,124.83,2025,0.5168649536463019,False,0.001889320099545933,True
2025-07-09,-0.021228871264920235,-0.006328606905391276,-0.0003272786777940295,0.04015501319261228,0.18480492813141783,0.8950103181850613,0.0035372618377682574,0.01075446724023843,0.10211077034097071,0.0033005086029649355,0.0022126224844589704,0.0020874480145158802,-0.023441493749379205,2,122.18,124.3,2025-07-10,0.017351448682271897,1,122.18,124.3,2025,0.4326423018609068,False,-0.0024047774905432842,False
2025-07-10,-0.010941271118262264,-0.013555913113435292,0.002936857562408246,0.019095230290116394,0.39484978540772636,0.6488677208115456,0.017351448682271897,0.011254415509734494,0.07783906838280363,-0.002603745802582047,-0.0014762839328203992,0.0026273630246715918,-0.009464987185441864,3,123.1,122.01,2025-07-11,-0.008854589764419107,0,123.1,122.01,2025,0.45887217292243615,False,-0.00043921698044029734,False
2025-07-11,0.02139168920580281,0.0013113679206622209,0.0036240637835225353,0.02944572748267915,0.9467787114845946,0.7426463634648849,-0.008854589764419107,0.020486765549454944,0.07297949336550058,0.0019338514368336668,0.003944566621286727,0.0016218646626200428,0.017447122584516084,4,124.53,120.38,2025-07-14,-0.03332530313980575,0,124.53,120.38,2025,0.491100790073423,False,0.0016920848279897802,False
2025-07-14,-0.01403887688984884,-0.018856952982222897,-0.0027726432532347856,0.029225773372073105,0.48830409356725174,1.5402466295094752,-0.03332530313980575,-0.011089802384724567,0.0204784030287386,0.004142599277978221,-0.0034229828850856903,0.0028082224754080176,-0.010615894004763149,0,118.6,120.97,2025-07-15,0.019983136593591855,1,118.6,120.97,2025,0.5329251567613941,False,0.00028108181093326485,False
2025-07-15,-0.007148053236339602,-0.009797470447218237,0.0033021468548994903,0.019039304242709054,0.433553791887125,0.9601381067314586,0.019983136593591855,-0.03489026449071475,0.038404982267969956,-0.005426052190054542,-0.0019199780573936343,-0.007744896495673448,-0.005228075178945968,1,120.05,119.05,2025-07-16,-0.008329862557267753,0,120.05,119.05,2025,0.5020312707697322,False,0.001191099527778166,False
2025-07-16,-0.022679546409071882,-0.02041159176816454,0.001377054823995083,0.03727627225083463,0.35976820805196497,1.2939486468430594,-0.008329862557267753,-0.047225405139957544,-0.028378265587179707,0.00035888601780076357,0.003084922010398561,0.0007935744517122423,-0.025764468419470443,2,116.41,113.9,2025-07-17,-0.021561721501589082,0,116.41,113.9,2025,0.4587696310674518,False,-0.0013102545310448505,False
2025-07-17,-0.00588235294117645,-0.015364354697102733,0.0023014959723821615,0.029292474087426745,0.7015384615384619,1.5474041129090292,-0.021561721501589082,-0.08001624695369614,-0.05899459908599913,0.007025215505654048,0.0061197400403385505,0.006021491600339601,-0.012002092981515,3,113.25,114.24,2025-07-18,0.008741721854304663,1,113.25,114.24,2025,0.5462853975119323,True,-0.0001552945381884207,False
2025-07-18,0.0009191176470588758,-0.004026610644257689,-0.0030950305143854218,0.013418079096045199,0.7006578947368425,0.7438506485048686,0.008741721854304663,-0.08151449449931736,-0.06092775041050902,-0.0037292229009803224,-0.009435571935572096,-0.002955711992880916,0.010354689582630972,4,114.379,113.6,2025-07-21,-0.006810690773656147,0,114.379,113.6,2025,0.5450512152177549,True,0.002965093918855901,True
2025-07-21,-0.0031249999999999334,0.01091549295774663,-0.0027738640366326006,0.028845300434898302,0.1769230769230778,0.8105066026567823,-0.006810690773656147,-0.04553119730185495,-0.08420907862696081,0.0033802415983206213,-0.0006535947712418277,-0.00039760799033017324,-0.0024714052287581056,0,113.2,113.0,2025-07-22,-0.0017667844522968323,0,113.2,113.0,2025,0.5241069022739577,False,6.070340656947942e-05,False
2025-07-22,-0.03230088495575223,-0.0374336283185841,-0.00027427317608341717,0.04508670520231206,0.2512820512820501,1.285626985423109,-0.0017667844522968323,-0.09062890462307371,-0.10575032765399739,-0.004377026811504203,-0.01406457625071178,0.0006755897501111718,-0.01823630870504045,1,109.17,109.43,2025-07-23,0.002381606668498737,1,109.17,109.43,2025,0.49365650399003674,False,-0.00015584847730326081,False
2025-07-23,0.002238874166133442,-0.0008516860093211731,0.001415266617969424,0.012978066791579312,0.5654635527246952,0.6989223808954942,0.002381606668498737,-0.05643845030495653,-0.1410025807460702,0.001653803748621785,0.0031195233087977225,0.003095558546433397,-0.0008806491426642804,2,109.84,111.03,2025-07-24,0.010833940276766096,1,109.84,111.03,2025,0.5128977665510429,False,0.0031851543984911202,True
2025-07-24,0.006890029721696944,-0.0008430154012428748,-0.001741226895258463,0.02249433106575971,0.6229838709677417,0.879020004692208,0.010833940276766096,-0.013421633554083878,-0.12361685121723365,0.0004954612213119436,0.0024548635896721738,0.0004097133582312562,0.00443516613202477,3,111.73,110.91,2025-07-25,-0.007339121095498169,0,111.73,110.91,2025,0.5466932904735222,True,0.0020860071844843596,True
2025-07-25,0.003696691010729447,-0.0056802813091695326,0.002341076895371774,0.024533676375999347,0.9325842696629189,0.733677415867663,-0.007339121095498169,-0.027268991685536648,-0.11712426598952541,0.002602092294620606,0.004541802047304477,0.002991843290397922,-0.0008451110365750303,4,111.26,111.72,2025-07-28,0.004134459823835979,1,111.26,111.72,2025,0.4992155806818053,False,0.0007397186077298806,False
2025-07-28,-0.003938417472251987,-0.009398496240601517,0.0015300153001529537,0.01947933733843077,0.6635514018691595,0.6008780236734682,0.004134459823835979,-0.017491166077738596,-0.10845691382765532,0.0008806848205165085,0.005762992615087281,-0.0010352941176470232,-0.009701410087339268,0,111.22,111.98,2025-07-29,0.006833303362704601,1,111.22,111.98,2025,0.46915525955093057,False,0.00039752601692521735,False
2025-07-29,-0.0004465083050544383,0.0005358099660652815,-0.0031172069825435855,0.025932953826691918,0.43902439024390355,0.8023290223737585,0.006833303362704601,0.025648071814601048,-0.09107882133290035,-0.0067277537361809525,-0.0027251669164736203,-0.0052791528291246115,0.002278658611419182,1,111.97,112.6,2025-07-30,0.005626507100116029,1,111.97,112.6,2025,0.5413192210921716,True,0.0018790768206551067,True
2025-07-30,0.01922735346358806,0.006687388987566711,0.011056294599594674,0.02206209411974025,0.9495967741935485,0.7666859518470927,0.005626507100116029,0.0447833211944646,-0.05063699536730637,-0.00017600056320166146,0.004953182249966215,-0.0023271903893327117,0.014274171213621845,2,114.759,112.22,2025-07-31,-0.02212462639095847,0,114.759,112.22,2025,0.45917756022888756,False,0.0027578674662269323,True
2025-07-31,-0.02793619675637149,-0.015416146854393187,0.002251010657846386,0.04984103235459125,0.40243902439024326,1.451731150710613,-0.02212462639095847,-0.023001879531012293,-0.10326131602727351,-0.016796045532077808,-0.02103834407872407,-0.012041221636667987,-0.00689785267764742,3,109.16,105.49,2025-08-01,-0.03362037376328331,0,109.16,105.49,2025,0.4918439945445356,False,-0.0031311928820557163,False
2025-08-01,-0.0057825386292539305,-0.012513034410844615,0.0036363636363636598,0.030179918746372714,0.48076923076923006,1.1478235660271334,-0.03362037376328331,-0.057612798849541735,-0.1407850528558552,-0.008284870716650294,0.004630447845604513,-0.006929586460162729,-0.010412986474858443,4,104.85,106.12,2025-08-04,0.012112541726275738,1,104.85,106.12,2025,0.5011050397447406,False,-0.001013076027825985,False
2025-08-04,0.014935921598190571,0.005465510742555635,0.0047108208955224384,0.022947088943675364,0.9276859504132243,0.6629827421182719,0.012112541726275738,-0.031019600791224677,-0.10139247894605197,0.00919416867900913,0.013657480177442283,0.008534850640113945,0.0012784414207482886,0,107.77,109.27,2025-08-05,0.013918530203210544,1,107.77,109.27,2025,0.4784907171959369,False,0.0011911341951877674,False
2025-08-05,-0.0020591196119702504,0.0,-0.00013753896937462873,0.03561733595431993,0.5821287779237844,0.78593202849868,0.013918530203210544,-0.025721175314816436,-0.12300024117694341,-0.00963936397884635,-0.013138886978055986,-0.006141086719108624,0.011079767366085735,1,109.09,107.73,2025-08-06,-0.012466770556421314,0,109.09,107.73,2025,0.5217756276543059,False,0.001702255515716179,False
2025-08-06,0.010025062656641603,0.0006497725795970855,0.001380452788514619,0.02065573770491791,0.9342403628117931,0.6131079854523714,-0.012466770556421314,-0.051926210580433785,-0.10951055819283029,0.010978239560870406,0.006108907067373659,0.005627533582386324,0.0039161555892679445,2,108.8,114.19,2025-08-07,0.049540441176470607,1,108.8,114.19,2025,0.5172070347530855,False,0.0031001130864461877,True
2025-08-07,-0.021586828969261784,-0.007443734127331569,0.0038185085354895953,0.04052712338658715,0.2082405345211557,1.0419342215476086,0.049540441176470607,0.024825943569072972,-0.09122664500406164,-0.0053273741844069855,-0.007000648840624346,-0.007229862475442106,-0.014586180128637438,3,111.87,112.17,2025-08-08,0.0026816840976133793,1,111.87,112.17,2025,0.4467249865345773,False,-0.00205342405647801,False
2025-08-08,0.060443968975661955,0.007935276811981806,-0.0002521432173474558,0.06859407181875166,0.9504040522722239,1.6636507379993648,0.0026816840976133793,0.13400095374344323,-0.0452099895607484,0.007204915589993588,0.005378001575720104,0.004747109940542726,0.05506596739994185,4,118.9,125.01,2025-08-11,0.051387720773759415,1,118.9,125.01,2025,0.5637918396916014,True,0.006556873607157746,True
2025-08-11,-0.009919206463482988,-0.010879129669626453,0.010037538762852849,0.04628031237155761,0.37655417406749414,1.6522532581920988,0.051387720773759415,0.14809316136216033,0.04325463743676239,-0.004071831280016536,-0.004515975688431539,-0.003321881814046246,-0.0054032307750514486,0,123.73,124.74,2025-08-12,0.00816293542390678,1,123.73,124.74,2025,0.40087454427058844,False,-0.0009760736266261634,False
2025-08-12,0.024090107423440754,-0.0017636684303350414,0.002078757452149471,0.044761805686495126,0.8538383324860184,1.3664476898824316,0.00816293542390678,0.17114309285910712,0.06422324031653481,0.008667153487725177,0.016119746689694736,0.006948361220781019,0.007970360733746018,1,127.76,127.58,2025-08-13,-0.0014088916718848488,0,127.76,127.58,2025,0.5124791560860608,False,0.0022618972566109297,True
2025-08-13,-0.026336416366201543,-0.01689136228248944,-0.0010052676022357376,0.042561815970814765,0.1657142857142866,0.8871853924275815,-0.0014088916718848488,0.1419117647058823,0.06726226269220859,-0.003723659825657144,-0.0017227670288894048,0.00015924702671687996,-0.024613649337312138,2,124.24,123.2,2025-08-14,-0.008370895041854398,0,124.24,123.2,2025,0.4099896127692523,False,-0.002291018870232675,False
2025-08-14,0.01761363636363633,-0.0020292207792207417,0.007230657989877098,0.03574958813838536,0.9147465437788038,0.6741580053437242,-0.008370895041854398,0.11969250022347366,0.10604856512141292,0.003510410181918777,0.014228187919463009,0.004153831793148655,0.0033854484441733224,3,125.26,123.17,2025-08-15,-0.016685294587258537,0,125.26,123.17,2025,0.44313810695097755,False,-0.0009038405216730318,False
2025-08-15,-0.01838921815377126,-0.02524965494844522,-0.0006199371796991038,0.032987273945076945,0.3718274111675138,1.0846148656761476,-0.016685294587258537,0.016316232127838504,0.0564876419622482,-0.004589168678854727,-0.012395589709321864,-0.004102230684685515,-0.005993628444449395,4,120.84,121.35,2025-08-18,0.0042204568023831435,1,120.84,121.35,2025,0.48289896866056947,False,-0.000126960757761176,False
2025-08-18,0.01874742480428515,0.0070869386073342255,0.004999593528981272,0.025029007127465697,0.9817880794701965,0.5955724914989561,0.0042204568023831435,-0.0016164228562192129,0.09125441696113068,0.0017694816459647988,0.007562398263700532,0.0011199950222444688,0.01118502654058462,0,123.53,122.94,2025-08-19,-0.004776167732534642,0,123.53,122.94,2025,0.4566155227457273,False,0.0005642246256678186,False
2025-08-19,-0.007890027655767073,-0.0012201073694484421,-0.0005735824319895722,0.024152996455362175,0.22525597269624514,0.6635419531713034,-0.004776167732534642,-0.04438008766437074,0.11834753137308796,-0.01278648137545757,-0.020481034831233758,-0.005799850727702505,0.012591007175466684,1,122.09,118.89,2025-08-20,-0.02621017282332705,0,122.09,118.89,2025,0.5185789682242331,False,0.0013648119196389978,False
2025-08-20,-0.012995205652283626,-0.032130540836067034,0.00959304826636842,0.048034549621011946,0.7128440366972483,1.5793001174349401,-0.02621017282332705,-0.056664520283322584,0.06700655498907504,-0.004240568693693825,-0.0031379310344828992,-0.0023146700031279055,-0.009857274617800726,2,117.2,116.78,2025-08-21,-0.0035836177474403152,0,117.2,116.78,2025,0.4246910010459318,False,-0.0009345624644021455,False
2025-08-21,-0.00903408117828397,-0.0010275732145915706,-0.0030152918371743054,0.017809285035013334,0.026699029126209976,0.7379192577535347,-0.0035836177474403152,-0.07560274628772157,0.03633759957039295,-0.0023744130415522813,-0.001772187087358379,-0.0017209404664613182,-0.007261894090925591,3,115.79,117.65,2025-08-22,0.016063563347439302,1,115.79,117.65,2025,0.5327990881219592,False,-0.000103418175184745,False
2025-08-22,0.0021249468763280266,-0.007510412239694064,-0.0017780035560071017,0.03596257831945748,0.3317422434367545,0.9968941705260538,0.016063563347439302,-0.026233035418735562,0.057612798849541624,0.012751261843620076,0.021173034801655,0.011093514801806315,-0.019048087925326973,4,117.67,117.68,2025-08-25,8.498342823148874e-05,1,117.67,117.68,2025,0.4780111357249597,False,-0.0007682014871325442,False
2025-08-25,-0.010367097212780507,-0.005608429639700985,-0.003815030879510184,0.01705426356589146,0.18181818181818116,0.5120408471876744,8.498342823148874e-05,-0.057961628754148786,0.046304621470958596,0.0005434782608697564,0.0012595744680852228,-0.0017235221961710012,-0.01162667168086573,0,116.37,116.0,2025-08-26,-0.0031795136203489616,0,116.37,116.0,2025,0.48595703747724306,False,-7.8642577921469e-05,False
2025-08-26,0.004655172413793096,0.01590517241379308,-0.0034026607284720622,0.022018823935756826,0.28627450980392344,0.6845247924854276,-0.0031795136203489616,-0.04586780244082245,0.040367955702420355,0.004931295298597815,0.0064785292720983545,0.004819370912488186,-0.0018233568583052584,1,116.49,116.87,2025-08-27,0.0032620825821960686,1,116.49,116.87,2025,0.5566812316369428,True,0.0008049031494757027,False
2025-08-27,0.008898776418242438,0.003379823735774723,4.240702260283058e-05,0.019666781174854098,0.6419213973799104,0.9400968109443821,0.0032620825821960686,0.004607508532423088,0.025976176160475317,0.004338774296261283,0.007064390738549919,0.003971640008067379,0.0018343856796925184,2,117.74,118.99,2025-08-28,0.010616612875828046,1,117.74,118.99,2025,0.5096227862808954,False,0.0026164940914903583,True
2025-08-28,0.02714513824691145,-0.00021010168921753447,-0.0004089310542242375,0.03235071169881243,0.9086175475136684,1.1211068521153946,0.010616612875828046,0.053631574401934445,0.11762550384756332,0.005660936057549915,0.003723582690372318,0.0028195343519705762,0.02342155555653913,3,122.0,122.63,2025-08-29,0.005163934426229533,1,122.0,122.63,2025,0.538833020753102,False,0.0033654874512823794,True
2025-08-29,-0.029682785615265384,-0.016553861208513432,0.004134173726435542,0.039894121633067936,0.19745642158007426,0.970682028736453,0.005163934426229533,0.011557746239483357,0.13524082021936112,-0.008091600396749388,-0.018037225042301097,-0.004208754208754217,-0.011645560572964286,4,119.03,115.91,2025-09-02,-0.026211879358145063,0,119.03,115.91,2025,0.419148684797304,False,-0.0030489618108072124,False
2025-09-02,0.02204296436890707,0.0016374773531189213,0.003855605457164568,0.03768052516411391,0.9790940766550515,0.7715613804523697,-0.026211879358145063,0.01821775371659351,0.09947109585227798,0.007945698455398942,0.012204599244056702,0.004447058823529471,0.009838365124850368,1,118.49,119.36,2025-09-03,0.007342391763017986,1,118.49,119.36,2025,0.5078889344202321,False,0.0009745916991377934,False
2025-09-03,-0.005026809651474506,-0.005864611260053665,0.0066966177841825125,0.018287224519374146,0.6829836829836858,0.6107248325587668,0.007342391763017986,0.019057429822302296,0.08818406820056834,0.0005796694127773172,-0.0035147550111358505,0.0006379833501906074,-0.0015120546403386559,2,118.71,118.77,2025-09-04,0.0005054334091483259,1,118.71,118.77,2025,0.4365948266248783,False,0.0010871310423663106,False
2025-09-04,0.0466447756167383,0.006230529595015577,0.005785023666005973,0.049696253796827516,0.9830220713073015,1.1586804962225046,0.0005054334091483259,0.054866655342279635,0.14154411764705888,0.0081297964046676,0.016757817977843148,0.0069518799559300515,0.02988695763889515,3,124.2,127.77,2025-09-05,0.028743961352657,1,124.2,127.77,2025,0.5000685635815015,False,0.0023739788317556736,True
2025-09-05,0.0277451670971276,0.013539954605932492,0.011165441034920898,0.04504217730383564,0.9991166077738524,1.8727443972697229,0.028743961352657,0.07696721311475407,0.1744882452847052,-0.008544652701212851,-0.006608601348832455,-0.007291314892702516,0.03435376844596005,4,131.39,130.58,2025-09-08,-0.006164852728517967,0,131.39,130.58,2025,0.48329311340506764,False,0.0014750076390179275,False
2025-09-08,0.005743605452596112,-0.01187011793536541,-0.004661033006176707,0.03005140186915889,0.7593427668066164,1.2460686151801847,-0.006164852728517967,0.10459548013105935,0.10580319596299392,0.00017289970088363305,0.0037101665339591694,-0.000331472973389757,0.002033438918636943,0,131.48,131.89,2025-09-09,0.003118344995436617,1,131.48,131.89,2025,0.5051221665595308,False,0.0014203167398040492,False
2025-09-09,0.025248312988096266,0.00045492455834406087,-0.0011080741670975724,0.04895104895104896,0.5683229813664593,1.3934018102667975,0.003118344995436617,0.14136214026500138,0.09302513537541435,0.0018200010350717388,0.002018706681919058,0.0022651627218932546,0.02322960630617721,1,135.24,140.01,2025-09-10,0.035270629991126734,1,135.24,140.01,2025,0.5411751746408461,True,0.0035889263747244885,True
2025-09-10,-0.0002856938790085639,0.006642382686951054,0.0026504297994269788,0.028155269625560253,0.4184852374839515,1.6188633068686016,0.035270629991126734,0.17959733805071187,0.09603944896681282,-0.0046767396443622156,0.001763199041884489,-0.0018206018695591242,-0.002048892920893053,2,140.03,147.77,2025-09-11,0.05527386988502481,1,140.03,147.77,2025,0.4757938971673451,False,0.001218784253938795,False
2025-09-11,0.019963456723286033,0.022535020640183978,-0.0026139033186646232,0.05860036582887318,0.35953757225433447,3.5351243835346646,0.05527386988502481,0.21207729468599035,0.2116870573084353,0.0022803648583773484,0.001877841470646402,0.005808798801553161,0.01808561525263963,3,150.54,153.51,2025-09-12,0.019728975687524963,1,150.54,153.51,2025,0.6128029244729847,True,0.0017360662349472818,False
2025-09-12,0.025861507393655225,0.009185069376587807,-0.0015849870031066082,0.03309183473663602,0.8422090729783013,2.0561682177636564,0.019728975687524963,0.19643808509018945,0.2549896215870986,0.003410023246273708,-0.0014587772496311713,0.0003497620097629994,0.027320284643286397,4,157.2,157.12,2025-09-15,-0.0005089058524172518,0,157.2,157.12,2025,0.5641699625857658,True,0.003740469112551329,True
2025-09-15,0.003436863543788027,0.012792769857433717,0.0023523428062814933,0.024208878952411306,0.2928837172484732,1.1318849891679958,-0.0005089058524172518,0.19980225129297247,0.30544521681562387,0.005217184419821885,0.0103846090548525,0.0015614577648412897,-0.006947745511064474,0,157.75,157.96,2025-09-16,0.0013312202852615584,1,157.75,157.96,2025,0.457510268346326,False,-0.0016626108146648648,False
2025-09-16,0.006425677386679984,0.004558115978728683,0.005216566550742874,0.015238761810835832,0.7557411273486407,0.9160874294522476,0.0013312202852615584,0.1742088139603668,0.2855176880110095,-0.0020080660130609163,-0.0029666855799628244,-0.002071175883651355,0.009392362966642809,1,158.8,157.36,2025-09-17,-0.00906801007556679,0,158.8,157.36,2025,0.4909249495586345,False,0.0011734749917003766,False
2025-09-17,0.01620488052872382,0.010040671072699459,-0.003800149514079365,0.03432951178668042,0.8724202626641642,1.1888525586553527,-0.00906801007556679,0.14243376419338705,0.31030387419117034,-0.0025714769074606236,-0.004045676998368664,-0.0017878516992165805,0.020250557527092483,2,159.975,162.92,2025-09-18,0.018409126426004008,1,159.975,162.92,2025,0.5039952486613177,False,0.0018507307686359354,True
2025-09-18,0.03615271298796974,0.027007120058924583,0.005060728744939347,0.048277982779827866,0.7910828025477723,1.5607239019891133,0.018409126426004008,0.12182808555865554,0.44095563139931726,0.0011094115076231148,0.011417636740551629,0.0009442656634788271,0.02473507624741811,3,168.88,162.75,2025-09-19,-0.03629796305068689,0,168.88,162.75,2025,0.48371914022068346,False,-0.0010745047736852279,False
2025-09-19,6.144393241158674e-05,-0.012104454685099797,-0.0005532695405161547,0.027105031998996054,0.7824074074074076,1.8630822110707368,-0.03629796305068689,0.034860050890585415,0.4049572501943173,0.004536931627938001,-0.0016118836915296475,0.0027629731402774027,0.0016733276239412342,4,162.68,164.375,2025-09-22,0.010419227932136677,1,162.68,164.375,2025,0.5338822251763017,False,-0.00017078431661959228,False
2025-09-22,0.0007561977186312241,-0.0031634980988594075,-0.005265162967890147,0.03508880500030931,0.5131040564373912,1.3903533769109846,0.010419227932136677,0.04329635499207618,0.39865726183394257,0.00772911299227097,0.018971132260410473,0.007127755964965177,-0.01821493454177925,0,164.58,165.68,2025-09-23,0.006683679669461595,1,164.58,165.68,2025,0.4620443727571765,False,-0.0025395185273795117,False
2025-09-23,0.005250482858522476,0.014847899565427314,0.0007468802876480218,0.02275615808267273,0.35103723404255627,1.6878412600001174,0.006683679669461595,0.04824307304785891,0.4304459912348544,-0.007271278450121987,-0.004966580022280009,-0.005489643173193892,0.010217062880802485,1,166.461,165.22,2025-09-24,-0.007455199716450145,0,166.461,165.22,2025,0.5427558284366257,True,0.00023389664592168445,False
2025-09-24,-0.02130492676431428,-0.014329379009805132,-0.0008650519031142556,0.04864181933038525,0.44155844155843926,2.690441004153215,-0.007455199716450145,0.010845444600718901,0.38818782728131174,-0.005570658972263498,-0.0007000731187478682,-0.004875846501128711,-0.020604853645566412,2,161.71,157.42,2025-09-25,-0.026528971615855657,0,161.71,157.42,2025,0.48880911630457885,False,-0.0030855141218107873,False
2025-09-25,-0.0042561300978274375,-0.001595095921737899,0.003264208909370181,0.02780472033624304,0.4883720930232564,1.4920327080152553,-0.026528971615855657,-0.07158929417337756,0.33166298624086976,0.0021783181357648562,0.014828164026684298,-0.00014438128818505813,-0.019084294124511736,3,156.79,158.51,2025-09-26,0.010970087378021631,1,156.79,158.51,2025,0.49623874460866685,False,-0.004049206170019913,False
2025-09-26,-0.006939625260235949,-0.007633587786259444,0.008779800051268882,0.024101043948962397,0.596256684491979,0.8564935255889462,0.010970087378021631,-0.03319400049176302,0.2891803278688525,0.003028518549676118,0.0011814450938938403,0.003601158435808438,-0.008121070354129789,4,157.28,159.89,2025-09-29,0.0165946083418107,1,157.28,159.89,2025,0.41794558650237146,False,-0.002078727480416495,False
2025-09-29,0.025298642816936834,0.03027081118268815,0.003581267217630968,0.036962912002001636,0.6844331641285955,1.0385112819378761,0.0165946083418107,-0.004070968525944907,0.37704780307485497,-0.0007678055782744941,-0.006144984676040521,-0.0015804684207358921,0.031443627492977355,0,163.91,164.105,2025-09-30,0.0011896772619119922,1,163.91,164.105,2025,0.47770941636770076,False,8.111338301272338e-05,False
2025-09-30,0.020444227780993973,0.019652052039852652,0.013281699089341403,0.030434252256647865,0.7014028056112251,0.7629602398423416,0.0011896772619119922,0.005701035077285255,0.4128618448814245,0.0034088060823793676,0.011402013942680034,0.005174078320159481,0.00904221383831394,1,167.41,165.62,2025-10-01,-0.010692312287199024,0,167.41,165.62,2025,0.43323442914223653,False,-0.001867101220569781,False
2025-10-01,0.0990822364448738,0.01892887332447768,0.007867266931732564,0.10126888217522656,0.9862768496420053,1.7612090623925325,-0.010692312287199024,0.12615175313833404,0.5340746356667512,0.010876117753441106,0.028776535107989165,0.00861029012606318,0.07030570133688463,2,182.11,184.93,2025-10-02,0.01548514634012399,1,182.11,184.93,2025,0.4432287885224957,False,0.004350585364855068,True
2025-10-02,-0.007245984967284902,-0.0161953171470286,-0.0019570535471594708,0.02742674245350707,0.4788732394366189,0.9791145095461358,0.01548514634012399,0.1718859621149309,0.4793880837359099,-0.0023872434355746153,-0.004445229473932111,-0.002110459826688893,-0.002800755493352791,3,183.74,185.21,2025-10-03,0.008000435397844674,1,183.74,185.21,2025,0.4438892491626272,False,-0.0011245658940215735,False
2025-10-03,0.014038118892068407,0.009070784514874974,0.00229480200661758,0.037475124378109514,0.4170334348259013,1.212050182309978,0.008000435397844674,0.19423957273652093,0.4295608493797094,-0.005902623204893653,-0.008367461182640534,-0.0013806176211584864,0.022405580074708942,4,187.83,195.03,2025-10-06,0.03833253473885945,1,187.83,195.03,2025,0.45946842918825376,False,0.00016456098439549983,False
2025-10-06,-0.02148387427575249,0.006742552427831505,-0.0010469011725292576,0.06107797075436827,0.1218668971477958,1.3320430667529646,0.03833253473885945,0.16502958940882206,0.45238819592333446,-0.0007067370116529137,-0.005383502170766996,0.00040945163259520356,-0.016100372104985494,0,190.96,194.99,2025-10-07,0.02110389610389607,1,190.96,194.99,2025,0.376682191379811,False,-0.006158661778002624,False
2025-10-07,-0.04947638340427718,-0.004918200933381245,-0.0033200688320068616,0.0658147784326566,0.17434638761515397,0.9524343281125525,0.02110389610389607,0.10895406487067683,0.3727447500739425,-0.00789780470584367,-0.02717375610037842,-0.00547171214036124,-0.02230262730389876,1,185.65,188.92,2025-10-08,0.017613789388634338,1,185.65,188.92,2025,0.39421187520225937,False,-0.007327000551878679,False
2025-10-08,0.04006987084480218,0.02059072623332625,0.005388954383207301,0.04316737288135575,0.9435582822085913,0.9828730730217043,0.017613789388634338,0.0794574707594311,0.40384203384988937,0.010257511438529265,0.028064027559171922,0.004207322531555091,0.012005843285630258,2,196.58,192.965,2025-10-09,-0.018389459761929072,0,196.58,192.965,2025,0.42711719058629277,False,-2.013991535595311e-05,False
2025-10-09,-0.00396444951156949,0.014303111963309467,0.00346985465872085,0.03757255936675463,0.37921348314606557,0.6766209232704257,-0.018389459761929072,0.04669641885272657,0.2775342101766973,-0.002044220579577427,-0.003698566805362846,-0.004224076493645312,-0.0002658827062066438,3,192.32,192.8,2025-10-10,0.0024958402662229595,1,192.32,192.8,2025,0.4574542643626372,False,-0.004039889012833601,False
2025-10-10,-0.058246887966805105,-0.011281120331950278,-0.005177656630961813,0.07700016702856183,0.14172089660158943,0.9785145810222429,0.0024958402662229595,-0.03364744715966572,0.15464376590330797,-0.03573765129211648,-0.06003410700349754,-0.028111702919034753,0.0017872190366924334,4,181.51,190.81,2025-10-13,0.0512368464547408,1,181.51,190.81,2025,0.4018470263933225,False,-0.007168464530705539,False
2025-10-13,0.009957549394685739,-0.0046643257690897055,-0.0001032533094240673,0.028775466780147863,0.8725390516683642,0.7145959276726633,0.0512368464547408,0.009164222873900396,0.2216164817749604,0.0043104885776219515,0.007748607324878476,0.003928252478619498,0.0022089420698072626,0,192.71,187.01,2025-10-14,-0.029578122567588738,0,192.71,187.01,2025,0.4290786889245081,False,0.0006361118241640681,False
2025-10-14,-0.0003208384578364809,0.005240361477995892,-0.021869931460262726,0.033342281879194635,0.11272141706924119,0.5539739141820126,-0.029578122567588738,0.007487207110153493,0.1778337531486145,0.0050394758945069285,0.0005704677835824956,0.007882163182081126,-0.0008913062414189765,1,187.04,192.43,2025-10-15,0.028817365269461215,1,187.04,192.43,2025,0.6067848016355503,True,0.0013324439557224153,False
2025-10-15,-0.0024944135529804123,-0.01772072961596427,0.0,0.029113211523634996,0.8295610739485008,0.6548728073471249,0.028817365269461215,-0.023400142435649696,0.20006250976715112,-0.0035264316815947216,-0.0007892429114295663,-0.003066794637233583,-0.001705170641550846,2,191.98,199.96,2025-10-16,0.04156682987811244,1,191.98,199.96,2025,0.42107755015358445,False,0.0010277277965438031,False
2025-10-16,0.011227245449089818,-0.01664082816563317,0.0057448395921413375,0.057069672131147664,0.6288150807899474,1.725552842548888,0.04156682987811244,0.053036605657238,0.19919469445760307,-0.009023301933564709,-0.009200681745963002,-0.009710266638673137,0.02042792719505282,3,202.52,199.28,2025-10-17,-0.015998419909144856,0,202.52,199.28,2025,0.45546664754535426,False,0.000997869531647163,False
2025-10-17,0.015129466077880238,0.011014652749899545,-2.471576866047709e-05,0.04009204806954725,0.8603316326530609,0.9181043122066316,-0.015998419909144856,0.11514517106495514,0.24422178509958203,0.01071995986286467,0.0052458824218977185,0.007748059194565782,0.00988358365598252,4,202.41,209.73,2025-10-20,0.036164221135319474,1,202.41,209.73,2025,0.4883084081136031,False,-0.0006720436481602186,False
2025-10-20,-0.01251609211843796,-0.0027339913221761103,0.0010875870069604332,0.045012165450121655,0.1735135135135124,0.8975047632444862,0.036164221135319474,0.07295936900005184,0.25634949568598864,0.007708271568336977,0.0046242774566473965,0.006009291173385334,-0.017140369575085357,0,206.77,204.3,2025-10-21,-0.011945640083184217,0,206.77,204.3,2025,0.39586853047357756,False,-0.0031617330056603727,False
2025-10-21,-0.009153206069505648,-0.010890846793930598,-0.0031516225931943476,0.025044301411919268,0.31608978309707964,0.5518486560422805,-0.011945640083184217,0.08147989734816097,0.2151795315419227,0.00031064532478786155,-0.004566933671411255,0.0005212521967055128,-0.004586272398094393,1,202.28,202.25,2025-10-22,-0.0001483092742733394,0,202.28,202.25,2025,0.49319755994542896,False,0.00039376159328790693,False
2025-10-22,-0.01953028430160686,0.010778739184178043,0.0019705926936486318,0.06848440748440754,0.44777025591208564,0.874445194042977,-0.0001483092742733394,0.033961871028232116,0.2275060293117308,-0.009200746537441518,-0.012920725660619525,-0.006637102294711261,-0.006609558640987334,2,198.5,196.5,2025-10-23,-0.010075566750629705,0,198.5,196.5,2025,0.3811171262677208,False,-0.005892367610834125,False
2025-10-23,0.05277353689567432,0.041323155216284935,0.003882175959625478,0.06014344262295079,0.9940374787052817,0.77246115369845,-0.010075566750629705,0.020491803278688492,0.3181325339626251,0.009604734588616548,0.024991095809093977,0.005328623389064369,0.027782441086580345,3,206.67,212.49,2025-10-24,0.02816083611554654,1,206.67,212.49,2025,0.48063935588549056,False,-0.002258704524121793,False
2025-10-24,0.030636735846392815,0.004988470045649285,0.00027404768429706294,0.04686160586722554,0.9166666666666674,1.127469940359503,0.02816083611554654,0.08186354429128984,0.39229399796541187,0.0017208071559602356,0.001996691197444278,0.0009311710965909104,0.028640044648948537,4,218.98,224.81,2025-10-27,0.026623435930221984,1,218.98,224.81,2025,0.46380209576831755,False,0.0014562555929386622,False
2025-10-27,-0.02077309728214949,-0.02097326631377605,0.005021913805697498,0.04282933160285518,0.4761904761904747,0.9587063956248163,0.026623435930221984,0.06417758862504219,0.34244402415959985,0.006172839506172867,0.007017641960466392,0.003822887525083196,-0.02779073924261588,0,220.04,218.93,2025-10-28,-0.005044537356844181,0,220.04,218.93,2025,0.35273877117386915,False,-0.004587793846337762,False
2025-10-28,0.01374868679486596,-0.004887406933723026,0.0009470978216750137,0.024544953116381718,0.8202247191011223,0.6427180854698333,-0.005044537356844181,0.09704370179948585,0.3255480556717043,0.0045294752205089495,0.010163788548705366,0.00024015020303602697,0.003584898246160595,1,221.91,228.94,2025-10-29,0.031679509711144194,1,221.91,228.94,2025,0.4793013505031619,False,0.000832048681283486,False
2025-10-29,-0.010352057307591478,0.00943478640691886,-0.008923494160360534,0.02786377708978338,0.07460317460317428,0.953173200454063,0.031679509711144194,0.14201511335012595,0.24479710065345106,-0.0005351017967840654,-0.0005012531328321135,-0.0033032291787663537,-0.009850804174759364,2,226.69,226.1,2025-10-30,-0.0026026732542238085,0,226.69,226.1,2025,0.4824592549442398,False,1.8775653167846587e-06,False
2025-10-30,-0.01026094648385667,0.0007518796992482812,-0.009669639103401018,0.030171242185376368,0.4564564564564555,0.6144594659077163,-0.0026026732542238085,0.08414380413219158,0.21944051376945684,-0.009095942418729686,-0.009234037916757476,-0.005614855973095523,-0.001026908567099194,3,224.06,227.71,2025-10-31,0.01629027938944927,1,224.06,227.71,2025,0.5023661258623497,False,-0.0017346385477488221,False
2025-10-31,-0.016600061481709227,-0.003996311097448468,-0.005198131853339838,0.056804679645370726,0.41110217216411993,0.6672200379872482,0.01629027938944927,0.021691478673851572,0.19113027737848043,-0.007174392935982432,-0.010044156127344106,-0.0038391918720074303,-0.006555905354365121,4,223.73,234.09,2025-11-03,0.04630581504492026,1,223.73,234.09,2025,0.42041734935034447,False,-0.00398086678691605,False
2025-11-03,0.002328164381220743,-0.0014097142124824824,0.0003837216738791227,0.025107851596203545,0.4871134020618527,0.9155041806530363,0.04630581504492026,0.0665333575713507,0.22894847088395465,-0.005101398160977433,-0.004596263156463332,-0.0038940582796137546,0.006924427537684075,0,234.68,222.165,2025-11-04,-0.05332793591273233,0,234.68,222.165,2025,0.4430699423457612,False,0.000878280559075976,False
2025-11-04,-0.01861229266536124,0.029128350550266857,-0.00533759124087585,0.051368275862068824,0.047437480980255416,1.0573952303233618,-0.05332793591273233,-0.017800009012662765,0.17403716671155411,-0.006770632781414543,-0.01558746298675917,-0.0014050968037746525,-0.00302482967860207,1,217.96,225.73,2025-11-05,0.035648742888603424,1,217.96,225.73,2025,0.5454969775214769,True,-0.0049669908738535495,False
2025-11-05,0.05297257785850351,0.03482036060780591,-0.007774994781882705,0.06743797975303156,0.855328274496866,1.329122261318347,0.035648742888603424,0.047245136530063014,0.20765082917896027,0.00782538399353272,0.018886088852393845,0.0038964117455331237,0.034086489006109666,2,237.4,237.84,2025-11-06,0.0018534119629316503,1,237.4,237.84,2025,0.5236257464342366,False,0.0027038052613550167,True
2025-11-06,0.002396569122098846,0.015808526740666018,-0.00693533270852853,0.049088896457765596,0.30615784908933225,1.527854727123786,0.0018534119629316503,0.06391145228956518,0.23949667221297832,-0.016532913041380493,-0.024082983397758495,-0.009460877792067612,0.02647955251985734,3,238.38,234.03,2025-11-07,-0.018248175182481674,0,238.38,234.03,2025,0.55059028421483,True,-0.0003721986951509292,False
2025-11-07,0.014602828697175552,0.034055462974832196,0.010845040442741594,0.07133344905766381,0.6840537712307804,1.4188704465495219,-0.018248175182481674,0.06329057345908007,0.3106164949589554,0.0024329700317273772,0.003405090321463522,0.004439220853108994,0.01119773837571203,4,237.89,248.11,2025-11-10,0.04296103240993743,1,237.89,248.11,2025,0.4231230794120558,False,-0.006036529500539719,False
2025-11-10,0.020636008222159496,0.029603804764015917,-0.0016558249556476445,0.037367337879827156,0.5853131749460035,1.2672686538157767,0.04296103240993743,0.07878813703766818,0.3137356649888432,0.007230336715569052,0.004349042092015143,0.006009686374106593,0.016286966130144354,0,253.17,248.23,2025-11-11,-0.019512580479519648,0,253.17,248.23,2025,0.491964298360115,False,0.0002052332964394886,False
2025-11-11,-0.02964992144382217,-0.01643636949603189,-0.006311881188118762,0.043668851500855865,0.1281070745697899,1.0458361717193747,-0.019512580479519648,0.1063956689300789,0.28929640718562877,0.0007734699796961841,-0.012582688247712914,0.003676795011324563,-0.017067233196109255,1,241.15,244.9,2025-11-12,0.01555048724860053,1,241.15,244.9,2025,0.4840426514580888,False,-0.002465988101581834,False
2025-11-12,-0.0013474887709269412,-0.009613719885667615,0.0023360655737705294,0.03467032054476005,0.4467065868263464,0.7386369971040075,0.01555048724860053,0.03159224936815508,0.2756537139285342,-0.007185839574931241,-0.003074115665356425,-0.003081146595405926,0.0017266268944294838,2,244.9,243.765,2025-11-13,-0.004634544712127431,0,244.9,243.765,2025,0.4084511303640439,False,5.497976672865491e-05,False
2025-11-13,-0.02849055442741988,0.005846204336143579,0.0034741510702749334,0.08402850191171352,0.3443640124095137,1.39583954637435,-0.004634544712127431,-0.005747126436781658,0.17030416748963062,-0.015432198723969281,-0.020448211137022887,-0.013137205919089956,-0.008042343290396992,3,237.01,231.44,2025-11-14,-0.023501118096282858,0,237.01,231.44,2025,0.40695305795928366,False,-0.008652311564439998,False
2025-11-14,0.06424991358451426,0.07490062219149674,-0.011993582029683147,0.10353327855382077,0.6299081035923147,1.585486728308512,-0.023501118096282858,0.037622430535121376,0.2195049651697052,0.014527562338420452,0.02766674621166909,0.008844304177938023,0.03658316737284517,4,246.84,246.92,2025-11-17,0.0003240965807809193,1,246.84,246.92,2025,0.5811991948141267,True,-0.0033223043101252036,False
2025-11-17,-0.018548517738538717,0.045763810140936556,0.009182334936598258,0.08819844650463526,0.1363636363636363,1.3675294871721502,0.0003240965807809193,-0.04412055140814464,0.17038255066015373,-0.0045522018802572894,-0.005439550798385762,-0.00610721218456034,-0.013108966940152955,0,242.0,235.5,2025-11-18,-0.02685950413223137,0,242.0,235.5,2025,0.3788609221491028,False,-0.011375627692178016,False
2025-11-18,-0.02823779193205944,-0.02104033970276009,-0.006546332230701779,0.05946257538134092,0.24832214765100558,1.5621438706345823,-0.02685950413223137,-0.05253991291727145,0.1295234328653352,-0.0047363330109069235,-0.007029039463886888,-0.0024316935764020498,-0.021208752468172554,1,228.48,226.91,2025-11-19,-0.006871498599439696,0,228.48,226.91,2025,0.5085786286518937,False,-0.003467573675833265,False
2025-11-19,-0.004407033625666523,0.0136172931999472,-0.008166132502085532,0.08314845627657608,0.5308504724847134,1.466548669264403,-0.006871498599439696,-0.07762351980400173,0.13798488664987407,0.004354598288307754,0.014305767105695422,0.002724053391446546,-0.018712800731361945,2,225.89,230.0,2025-11-20,0.018194696533711197,1,225.89,230.0,2025,0.4613512221623095,False,-0.005764385922382969,False
2025-11-20,-0.12430434782608701,-0.024217391304347746,-0.00690301267195903,0.15530060120240496,0.058390863926704985,2.0168136382961372,0.018194696533711197,-0.1504999789038437,-0.025789906614409386,-0.04275530558189722,-0.06959811958952022,-0.03040525478890177,-0.05470622823656679,3,201.34,204.53,2025-11-21,0.015843846230257252,1,201.34,204.53,2025,0.3034090508879688,False,-0.020559132828685683,False
2025-11-21,0.01354324548965935,-0.012272038331785029,-0.01172768878718522,0.10078404901604432,0.757856774858321,1.3691945687828966,0.015843846230257252,-0.16002268676065468,-0.05315553931865913,0.0037618942243857756,0.00483718924247567,0.005221134909851655,0.00870605624718368,4,207.34,213.37,2025-11-24,0.029082666152213665,1,207.34,213.37,2025,0.4892442043119795,False,-0.0014011417912104386,False
2025-11-24,0.05021793129305907,0.04035243942447386,0.00015621513055119607,0.06474854021472964,0.8527272727272723,0.9304813636035426,0.029082666152213665,-0.07524793388429751,0.01704235593528458,0.017336379518881895,0.031762917933130685,0.009446347462614524,0.018455013359928385,0,223.79,219.125,2025-11-25,-0.020845435452879868,0,223.79,219.125,2025,0.4913770906512072,False,-0.0004102004591453722,False
2025-11-25,0.02521391899600678,0.015869937250427846,-0.0007561604839426694,0.0471759259259259,0.8488714425907761,0.5803694483430272,-0.020845435452879868,-0.01724439775910358,0.011851651570456534,0.009676724495037314,0.016952193021795514,0.01006012293794778,0.008261725974211265,1,224.54,229.58,2025-11-26,0.022445889373831074,1,224.54,229.58,2025,0.5210222530132482,False,6.452429860324613e-05,False
2025-11-26,0.004399337921421775,-0.01328512936666959,-0.011933583288698424,0.0346455752212389,0.5862143833254573,0.6052535195468238,0.022445889373831074,0.019257160564876807,0.015660152631346902,0.003591778093418929,0.011270878721859168,0.003918240850059096,-0.006871540800437392,2,230.24,235.615,2025-11-28,0.02334520500347459,1,230.24,235.615,2025,0.4907726480561335,False,0.0025370550342152624,True
2025-11-28,0.00655730747193517,0.003161937907179002,-0.0014315789473684504,0.019831241701289137,0.7969762419006482,0.5243553769029702,0.02334520500347459,0.17701400615873641,0.05766312594840661,0.004917952962944838,0.009221869003637195,0.004406256884776472,-0.0026645615317020255,4,236.98,232.285,2025-12-01,-0.01981179846400538,0,236.98,232.285,2025,0.46975542277082616,False,0.0006859304531356357,False
2025-12-01,0.03540908797382514,0.012807542458617593,0.003086291028902677,0.04691144708423334,0.8296500920810295,0.6121626485364309,-0.01981179846400538,0.15964116909424142,0.07468824028963494,0.004856504946138429,0.01150940962318514,0.0011785503830290534,0.023899678350639997,0,240.44,238.87,2025-12-02,-0.006529695558143422,0,240.44,238.87,2025,0.46091418783065696,False,0.00111455982742748,False
2025-12-02,0.002804872943442005,0.017687445053794937,0.0013376807959200043,0.0428451329321895,0.5189294714090763,0.6134081244329509,-0.006529695558143422,0.07019974082845537,0.020538605761036166,0.004471636586704575,0.010987775748208417,-0.00028595729704350425,-0.008182902804766412,1,239.5,236.49,2025-12-03,-0.012567849686847543,0,239.5,236.49,2025,0.48479198217873914,False,-0.0024414264643646028,False
2025-12-03,-0.010338703539261807,-0.02338365258573305,0.0008338678640154029,0.04257091498969712,0.613285272914519,0.665583767079,-0.012567849686847543,0.04297675247171995,0.07446320425766184,0.006358735999483445,0.01295524047817631,0.0047827556313091435,-0.023293944017438117,2,234.19,230.28,2025-12-04,-0.016695845253853703,0,234.19,230.28,2025,0.4066850053404111,False,-0.0015532864944772587,False
2025-12-04,-0.01628452318916107,-0.020431648428000715,0.006084562089180956,0.0316571889132673,0.4526166902404514,0.8471426913841775,-0.016695845253853703,-0.015635858234885447,-0.045324347093513184,-0.004112526403379557,-0.005808032150623532,-0.0020064205457464013,-0.010476491038537539,3,226.64,228.72,2025-12-05,0.009177550300035309,1,226.64,228.72,2025,0.4622205934850585,False,-0.0014783653271604386,False
2025-12-05,0.03668240643581688,0.020818030779993002,-0.006661080854629131,0.061252398703045996,0.7508102268635231,0.806873308735708,0.009177550300035309,0.0007173601147776321,-0.005159828844701675,0.001569557000544508,-0.00011962904022377874,0.00016047851776179733,0.03680203547604066,4,237.15,243.41,2025-12-08,0.026396795277250584,1,237.15,243.41,2025,0.5365652446599768,False,0.0024142682665621432,True
2025-12-08,0.013762787067088444,0.012900045191241105,0.009243353783231045,0.030545093332229545,0.6978319783197805,0.7694610367888101,0.026396795277250584,0.02707536183663284,0.038084829122703834,-0.006074811059026075,-2.7166530834121794e-05,-0.005490824351878754,0.013789953597922566,0,246.95,244.485,2025-12-09,-0.00998177768779096,0,246.95,244.485,2025,0.4324535309294104,False,2.124529169992141e-05,False
2025-12-09,0.032374174284721,0.015256559707139461,0.0011900039666798978,0.05220730552238173,0.7548806941431676,0.7117750583661735,-0.00998177768779096,0.05386221294363258,-0.0030414346091558464,0.002856959424756278,0.005353712861171145,-0.0006881257684876463,0.027020461423549857,1,252.4,254.9,2025-12-10,0.009904912836766977,1,252.4,254.9,2025,0.5236977509419497,False,0.00217185633022438,True
2025-12-10,0.035582581404472347,-0.0074931345625735,0.0007202972173783184,0.056548806768297544,0.9449541284403689,0.9465413338700395,0.009904912836766977,0.12635039924847336,0.09384200704955403,0.006459989740959182,0.01531538857715975,0.007361990154711728,0.020267192827312597,2,263.78,261.65,2025-12-11,-0.008074910910607302,0,263.78,261.65,2025,0.44606098614589584,False,0.00342794860682984,True
2025-12-11,-0.012268297343779766,-0.03283011656793422,-0.002693160668508998,0.04492148678195185,0.6097345132743345,0.8274522776106378,-0.008074910910607302,0.1403988704553476,0.05536953858717841,0.002677054278477753,0.0028801298086673643,0.005546554567879447,-0.01514842715244713,3,258.46,255.74,2025-12-12,-0.010523872165905668,0,258.46,255.74,2025,0.446295745594724,False,-0.0011588542846611614,False
2025-12-12,-0.05681551575819188,-0.0260029717682021,-0.00020724529553173276,0.06894534514457629,0.11454545454545544,1.1752714725150102,-0.010523872165905668,0.016571790006325138,0.01717227121218534,-0.013872813786008242,-0.035559552031390496,-0.009619716058532068,-0.021255963726801386,4,241.08,247.11,2025-12-15,0.025012444001990985,1,241.08,247.11,2025,0.4041878487241236,False,-0.006295353609136389,False
2025-12-15,-0.03852535308162364,-0.013415078305208272,-0.0014289917202539026,0.05978813559322038,0.11268603827073011,0.8592676021830797,0.025012444001990985,-0.038266855638793285,-0.03783827580619026,-0.012694254434903574,-0.015078323513807779,-0.007087440937992184,-0.023447029567815858,0,237.5,235.8,2025-12-16,-0.00715789473684203,0,237.5,235.8,2025,0.3887959391316439,False,-0.005384735662219182,False
2025-12-16,-0.01060220525869382,0.01368023748939784,0.004737295434970035,0.03825093243126032,0.3083935192008982,0.8812625872566674,-0.00715789473684203,-0.07848652931854205,-0.03888429752066114,0.007217308387860388,0.002104843985550664,0.0005300197285120767,-0.012707049244244484,1,232.59,236.815,2025-12-17,0.018165011393439068,1,232.59,236.815,2025,0.508082143468046,False,-0.0023624131103240084,False
2025-12-17,-0.04744209615100392,-0.005510630661064608,-0.0013502445934877594,0.07109026117551531,0.24682741116751378,1.6591589552950226,0.018165011393439068,-0.14459018879369168,-0.012429971988795585,-0.02074837699409504,-0.039587406840658534,-0.01277412522613941,-0.007854689310345386,2,225.64,256.53,2025-12-18,0.13689948590675405,1,225.64,256.53,2025,0.44452072354261757,False,-0.004522489543712571,False
2025-12-18,-0.03165321794721854,-0.00122753674034215,-0.015340098303472383,0.07087733549959374,0.12664756446991457,3.2347688512255917,0.13689948590675405,-0.03840052619360823,0.1002479082739387,-0.0007708077080771369,-0.008730475430395623,-0.0016528925619835322,-0.022922742516822914,3,248.535,251.71,2025-12-19,0.012774860683606004,1,248.535,251.71,2025,0.5614596947959508,True,-0.0021711775533209444,False
2025-12-19,0.0555003774184577,0.05947320328949979,-0.007360358677377055,0.06622700727027131,0.8380323935212963,2.3929096321388514,0.012774860683606004,0.10311929649908746,0.3208503029701002,0.007909013661023367,0.017841340526961735,0.005232042565769923,0.03765903689149597,4,265.94,277.15,2025-12-22,0.04215236519515675,1,265.94,277.15,2025,0.6116416066615922,True,0.0002865977948453024,False
2025-12-22,-0.0016236694930542583,-0.012700703590113549,0.003984005921582545,0.03354579000335467,0.9344444444444409,1.5947266290591702,0.04215236519515675,0.16471578947368415,0.33413716600752386,-0.003146324192094818,-0.007587044087623451,0.0016083517319023244,0.005963374594569193,0,276.62,275.92,2025-12-23,-0.0025305473212348106,0,276.62,275.92,2025,0.4247623643010219,False,0.00019326766510312037,False
2025-12-23,0.001087271672948642,-0.0007248477819657984,-0.0009765271800064035,0.035032314923619357,0.40880503144654357,1.0990220656246696,-0.0025305473212348106,0.18784126574659266,0.2345502480003574,0.006680685862180624,0.012604573340769587,0.006067872443086486,-0.011517301667820945,1,276.28,278.0,2025-12-24,0.006225568264079939,1,276.28,278.0,2025,0.48787341156924946,False,-0.0008194054751447695,False
2025-12-24,0.032374460431654484,0.029191366906474947,0.0008372855349421116,0.0434625788999099,0.809136929460578,1.1369415734852006,0.006225568264079939,0.2711584825385571,0.27738576645586543,0.001945337620578913,0.0035842293906809264,0.002834508321825524,0.028790231040973557,2,286.8242,290.79,2025-12-26,0.01382658785416302,1,286.8242,290.79,2025,0.47974199769136366,False,0.0018756667293538492,True
2025-12-26,-0.020977337597579138,-0.014580969084218909,-0.0012979723566968193,0.02628607719991538,0.17046979865771594,0.9169217194496023,0.01382658785416302,0.1458748264831915,0.23692668519805427,-0.0012646677445691257,-0.00037042601723735746,-0.0005719332792771814,-0.02060691158034178,4,284.79,280.18,2025-12-29,-0.016187366129428726,0,284.79,280.18,2025,0.4344494098987655,False,-0.002132387466793468,False
2025-12-29,0.05003926047540852,0.019362552644728526,0.0015830595604882092,0.0574506283662477,0.9812499999999993,1.344663035355769,-0.016187366129428726,0.10686621042340394,0.24213013756435164,0.0012578007837065197,0.004094800843777113,0.0002472547451095597,0.04594445963163141,0,294.36,294.69,2025-12-30,0.0011210762331836932,1,294.36,294.69,2025,0.5070294961804013,False,0.002516400286103513,True
2025-12-30,-0.007227934439580586,0.0012894906511926596,-0.004779480550405557,0.02335536454231013,0.08064516129032433,1.1563019089596904,0.0011210762331836932,0.05787723230424402,0.21706038928630833,-0.00041139648941657114,-0.005038887063205211,-0.0005164011928140422,-0.002189047376375375,1,292.63,293.09,2025-12-31,0.0015719509277927202,1,292.63,293.09,2025,0.5474175320949124,True,0.0010263572062094877,False
2025-12-31,-0.024821727114538117,-0.019993858541744736,0.003951666725209968,0.03161728481948067,0.18196994991652626,0.8416363794544687,0.0015719509277927202,0.03311857535833229,0.19177453027139868,-0.00826272895989677,-0.012415097442644574,-0.0071456638481800505,-0.012406629671893543,2,285.43,295.125,2026-01-02,0.033966296464982726,1,285.43,295.125,2025,0.40559698194187405,False,-0.0011510911531405574,False
2026-01-02,0.0680897924608217,0.04060991105463785,-0.0003488408968380652,0.07033846571254165,0.981677917068467,2.0900722001291583,0.033966296464982726,0.09941560021783369,0.3465092446304283,-0.011506394233095185,0.012034150968965873,-0.004272797538318107,0.05605564149185582,4,315.339,325.13,2026-01-05,0.031049124910017545,1,315.339,325.13,2026,0.6229973960029366,True,0.0068511900927731096,True
2026-01-05,-0.040168547965429235,-0.028696213822163363,0.0002724489959453624,0.0516233241802615,0.15769712140175143,1.5926969888468048,0.031049124910017545,0.09607078900242261,0.37729438757500877,-0.00248667850799289,-0.010362219165520381,0.0013691846068693003,-0.029806328799908854,0,312.15,318.29,2026-01-06,0.019670030434086216,1,312.15,318.29,2026,0.4064425422583969,False,-0.0037122176361289185,False
2026-01-06,0.08005278205410149,0.044377768701498566,0.005881320224718989,0.08328617242029801,0.9705549263873149,2.400120502881993,0.019670030434086216,0.16642886261720347,0.4478178368121444,0.007477027921773738,0.014516635279347101,0.005872690535374314,0.06553614677475439,1,343.35,340.71,2026-01-07,-0.0076889471384885555,0,343.35,340.71,2026,0.6387682798444368,True,0.005818173941665064,True
2026-01-07,-0.0029056969270052635,-0.0031405007190865586,0.0072639110315442235,0.027047563008611775,0.27850086075505626,1.4527394110730083,-0.0076889471384885555,0.15729761131804687,0.37137072281838446,0.0013482280431433846,-0.0006230529595016021,-0.0038428199942214247,-0.0022826439675036614,2,338.66,342.91,2026-01-08,0.012549459635032179,1,338.66,342.91,2026,0.45198350863786735,False,-0.0018408581089891167,False
2026-01-08,-0.046455629757079175,-0.04178909918054308,0.0020836653386453463,0.06939258152850392,0.2520134529147969,1.4080827750437153,0.012549459635032179,0.14546473741372656,0.29536450079239285,-0.0037959648813058466,-0.014731121281464588,0.0012485300736051475,-0.03172450847561459,3,326.95,332.745,2026-01-09,0.017724422694601616,1,326.95,332.745,2026,0.3893220330037233,False,-0.005216617606527505,False
2026-01-09,0.036784925393319234,0.014560699634855512,0.0012043996865658269,0.06011833593917659,0.958439571647119,1.320662968129311,0.017724422694601616,0.09396554184544259,0.30779437409962873,0.009092225744677496,0.019226996272317054,0.0053717512488236085,0.01755792912100218,4,344.97,340.5,2026-01-12,-0.012957648491173201,0,344.97,340.5,2026,0.540196252223845,False,0.0033996002023134976,True
2026-01-12,0.015491923641703265,0.012170337738619752,-0.0027255422242733474,0.02696569609807864,0.7054644808743126,0.7438059729684325,-0.012957648491173201,0.10786480858561598,0.33800201191673773,0.008123091756387701,0.012311440568140597,0.006558753692013752,0.0031804830735626677,0,345.82,346.27,2026-01-13,0.0013012549881441515,1,345.82,346.27,2026,0.5013872282247119,False,0.0009677514067378515,False
2026-01-13,-0.023810899009443554,-0.01305339763768154,0.006903031090151002,0.04775968021001131,0.17520299812616813,0.8606003998633963,0.0013012549881441515,-0.015054608999563235,0.40277501244400193,-0.002311604253351751,-0.0025615211102475444,-0.0028467908902691796,-0.02124937789919601,1,338.181,334.84,2026-01-14,-0.009879324976861503,0,338.181,334.84,2026,0.43015949776047535,False,-0.004354439523184441,False
2026-01-14,-0.005719149444510685,0.002867040974793955,0.004844259326331146,0.033211456429006914,0.4334862385321108,0.7196228836617188,-0.009879324976861503,-0.015708970649028653,0.40353684210526297,-0.004692723065055193,-0.0022881530234470926,-0.0015484804630970794,-0.0034309964210635924,2,333.34,345.325,2026-01-15,0.0359542809143818,1,333.34,345.325,2026,0.4507722726264098,False,-0.00037532049339322325,False
2026-01-15,-0.02564251067834633,-0.0016506189821182682,-0.007492404353853788,0.034198709370446334,0.017391304347830042,0.8469322025896489,0.0359542809143818,0.029576387826884876,0.447267724321768,-0.008809307224589391,-0.011394519659909674,-0.004247232100436316,-0.014247991018436656,3,336.62,353.1,2026-01-16,0.04895728120729603,1,336.62,353.1,2026,0.48716542205768804,False,-0.00240923727200537,False
2026-01-16,0.026451430189747827,0.012341263098272437,0.007883650116099483,0.039114873309851195,0.7552650689905586,1.5793083811150566,0.04895728120729603,0.05174362988085912,0.6079595816344621,-0.006410768812648904,-0.005212858384013974,-0.002393068750270233,0.0316642885737618,4,362.82,364.68,2026-01-20,0.005126509012733704,1,362.82,364.68,2026,0.5125486300630058,False,0.0036733098425812197,True
2026-01-20,0.0028243939892507175,0.04011736316770875,-0.0016104290500761342,0.05592887781928879,0.21573585223083516,1.816365348446041,0.005126509012733704,0.05546237927245379,0.46860603134367396,-0.004537115901198985,-0.007592328822871086,-0.006470968025943158,0.010416722812121804,1,365.0,372.87,2026-01-21,0.02156164383561654,1,365.0,372.87,2026,0.614282309170876,True,0.001881875976636793,False
2026-01-21,0.043682248504840926,0.02065062890551661,0.0048746352673845195,0.07490524363973483,0.8164470331270482,2.0198949159364976,0.02156164383561654,0.1500646103713692,0.4624727382116267,0.01097675029123657,0.018771374287523734,0.008062973589347378,0.02491087421731719,2,388.93,396.64,2026-01-22,0.019823618646028773,1,388.93,396.64,2026,0.5282582571556633,False,0.002600343474322198,False
2026-01-22,0.0017774304154902776,-0.03051381605486081,0.003639264246249496,0.054361668258516405,0.9968277208394339,1.4328108750916893,0.019823618646028773,0.19274614507709842,0.4373147277854095,-0.0030207596889260113,-0.013584859435291308,-0.0016815249691961576,0.015362289850781585,3,397.59,397.18,2026-01-23,-0.0010312130586784818,0,397.59,397.18,2026,0.4505250087433274,False,0.001667096079935572,False
2026-01-23,0.006357319099652425,0.01647867465632724,0.0005454494024963452,0.055509801914316315,0.4133260181005901,1.2512519276289025,-0.0010312130586784818,0.18716950864476267,0.446449254379615,0.005569056494166613,-0.0007740324594257553,0.001918186441909553,0.007131351559078181,4,399.625,395.51,2026-01-26,-0.010297153581482643,0,399.625,395.51,2026,0.5164399324161306,False,0.0008084217961732593,False
2026-01-26,-0.016206922707390325,-0.002680083942251832,-0.004044230572335383,0.03564923237054374,0.35036496350365076,0.8659575407440211,-0.010297153581482643,0.07237748745934613,0.3565103641882379,0.0037306846809259664,0.0013428714859438085,0.0033310643474733226,-0.017549794193334134,0,389.08,404.71,2026-01-27,0.04017168705664642,1,389.08,404.71,2026,0.46980221190312893,False,-0.0015817657366712164,False
2026-01-27,0.012823997430258638,0.01447950384225738,-0.007253660131510409,0.042166916916916986,0.6112795921637494,0.9926707266206946,0.04017168705664642,0.12394520547945209,0.44050001755679613,0.003458364471864206,0.008628373359742536,0.0021176063845111948,0.004195624070516102,1,410.24,422.5,2026-01-28,0.029884945397815832,1,410.24,422.5,2026,0.5443487851698419,False,0.0029510302406316876,True
2026-01-28,0.029254437869822514,0.008792899408283983,-0.006261425959780631,0.05261390887290163,0.8140382862351876,1.2486703635852865,0.029884945397815832,0.11894171187617308,0.4784277755129773,-0.0028483303433733953,0.0037800356334569685,-0.0015206725389492748,0.025474402236365545,2,435.19,439.71,2026-01-29,0.010386268066821414,1,435.19,439.71,2026,0.5303790334738873,False,0.00528717130917361,True
2026-01-29,-0.010052079779854783,-0.005435400604944185,0.004847757335118663,0.06466363418721577,0.6512402813772691,1.210876891013958,0.010386268066821414,0.09607887522322,0.48921846700611704,-0.004496815085273442,0.00019164430816398514,-0.002445034824441805,-0.010243724088018769,3,435.79,446.46,2026-01-30,0.024484269946533743,1,435.79,446.46,2026,0.4401375173527707,False,-0.0025766466410677034,False
2026-01-30,-0.07142879541280289,0.0009295345607669425,0.01148408126617917,0.11880726058015867,0.1538122803390536,1.4670360538580034,0.024484269946533743,0.03779793556459188,0.45300073573205335,-0.006616589419849883,-0.020628826902517328,-0.0002891092543871876,-0.050799968510285565,4,414.73,412.18,2026-02-02,-0.006148578593301646,0,414.73,412.18,2026,0.3752881156647161,False,-0.00482872725278355,False
2026-02-02,0.061126206996943155,0.0254015236061913,0.0008581235697939782,0.07909756097560972,0.8441258094357075,0.9935692179274855,-0.006148578593301646,0.12529556903464578,0.3884422795784854,0.012219366726470282,0.022514729848313708,0.008729951564720562,0.03861147714862945,0,437.83,442.2,2026-02-03,0.009981042870520485,1,437.83,442.2,2026,0.5153709980439284,False,0.0013417667407416881,False
2026-02-03,-0.05111940298507456,-0.053573043871551373,0.015820946109524003,0.08531887223026535,0.34699453551912685,1.2558210782452417,0.009981042870520485,0.023035296411856532,0.34451385551818037,-0.018670019736423238,-0.033014621803761246,-0.009408080895132342,-0.018104781181313312,1,419.69,410.59,2026-02-04,-0.02168267054254336,0,419.69,410.59,2026,0.3310607555824119,False,-0.004537920238072301,False
2026-02-04,-0.08146813122579699,-0.010984193477678428,-0.011298990693406785,0.13492405901605098,0.2696388928491411,1.6602034649418846,-0.02168267054254336,-0.12803603023966537,0.10519877675840972,-0.015120721892528999,-0.032102769402285514,-0.005917288332005555,-0.04936536182351148,2,379.47,369.62,2026-02-05,-0.02595725617308353,0,379.47,369.62,2026,0.5199280509456734,False,0.0015352831783483076,False
2026-02-05,0.034197283696769665,0.028150803527947632,0.004625492772667439,0.06811475409836065,0.6522262334536697,1.0816067447075877,-0.02595725617308353,-0.12138874228412777,0.13060296462528775,-0.004880291897835787,0.005426755288284069,-0.004684700560989352,0.028770528408485596,3,382.89,378.0,2026-02-06,-0.012771292015983704,0,382.89,378.0,2026,0.5752981000675002,True,0.00030333071410871843,False
2026-02-06,0.04505291005291001,0.01931216931216939,2.227728537085305e-05,0.06376816102872662,0.9318680764086904,0.9077281417298775,-0.012771292015983704,-0.04882694765268969,0.20654534332466756,0.016843543308398434,0.03265673175745132,0.014424911220027425,0.012396178295458693,4,394.48,380.4,2026-02-09,-0.035692557290610494,0,394.48,380.4,2026,0.5620803328013514,True,0.002302787398435097,False
2026-02-09,0.008859095688748653,0.0070977917981074334,-0.008704861290489196,0.05700307542894145,0.6195012754438006,0.8080379235318275,-0.035692557290610494,-0.12468309617888218,0.11093718294344423,0.01261645323764693,0.02046827605224233,0.0076413507005888,-0.011609180363493676,0,383.24,375.9,2026-02-10,-0.01915248930174307,0,383.24,375.9,2026,0.5614102607544309,True,0.00039453599225989307,False
2026-02-10,-0.006344772545889832,-0.0022346368715082665,0.005072249280198005,0.04570289023657326,0.44560669456066804,0.9523339279704163,-0.01915248930174307,-0.11093902642426556,0.07897171939159109,-0.006227653903659869,-0.008648145426037646,-0.00407943017483281,0.0023033728801478137,1,373.13,395.385,2026-02-11,0.0596440918714658,1,373.13,395.385,2026,0.5226305583739127,False,0.00023147601480377885,False
2026-02-11,0.03875968992248069,0.004742213285784835,-0.00690338882642394,0.07137129109863682,0.8749546937296107,1.2726412289910283,0.0596440918714658,0.08145571454923961,0.21349218318001317,-0.004867048459579193,0.003274251815337026,-0.00584409057622437,0.03548543810714366,2,410.38,423.07,2026-02-12,0.030922559578926867,1,410.38,423.07,2026,0.5331701032223826,False,0.006385588391355935,True
2026-02-12,-0.022620370151511526,0.013780225494598897,-0.005698896289705879,0.06713901579123505,0.08459275788619496,1.1710044681411564,0.030922559578926867,0.08093708375773723,0.24161516769664604,-0.0229539132273755,-0.02930700643033013,-0.018774845883505198,0.006686636278818603,3,413.88,405.21,2026-02-13,-0.020948100898811273,0,413.88,405.21,2026,0.5188505451011965,False,-0.00010995816676159613,False
2026-02-13,0.015424101083388875,-0.017595814515929953,0.001314124403776873,0.07173232156043907,0.6656017039403617,0.8297851387628568,-0.020948100898811273,0.043779152301764324,0.22318935297962095,0.0021984610772460833,-0.0016905549430356048,-0.00024204905527513976,0.01711465602642448,4,411.75,400.95,2026-02-17,-0.02622950819672132,0,411.75,400.95,2026,0.48417775669955976,False,0.0010592673987322248,False
2026-02-17,-0.003766055617907438,-0.010250654695099226,0.0005510745954611096,0.04644573741462188,0.22549019607843046,0.685671810513807,-0.02622950819672132,0.04366715374178054,0.10240615181081547,0.004027406417112189,0.010938528203027209,0.0031097453390578345,-0.014704583820934647,1,399.975,399.5,2026-02-18,-0.0011875742233889985,0,399.975,399.5,2026,0.4728712050203917,False,-0.0036398678953931543,False
2026-02-18,0.05279098873591992,0.027434292866082455,0.007421949290452368,0.0842625443487075,0.7816541353383444,0.8705536984048959,-0.0011875742233889985,0.12818588695628863,0.15331506849315057,0.006610087857700453,0.003633579622788208,0.0038669025306647953,0.04915740911313171,2,420.96,415.86,2026-02-19,-0.012115165336373912,0,420.96,415.86,2026,0.4993722102558321,False,0.0034313217610163708,True
2026-02-19,0.0029817727119703097,-0.006829221372577354,0.008608598926343358,0.030840731838917,0.7443339960238586,0.5921055567349752,-0.012115165336373912,0.015449095959842118,0.07145244645566051,0.0007133259235911904,0.003205206625724877,0.00048255490889959063,-0.00022343391375456712,3,416.72,415.18,2026-02-20,-0.0036955269725476025,0,416.72,415.18,2026,0.45092124425794633,False,-0.0018363018848136274,False
2026-02-20,0.02904764198660814,0.016041235126932785,0.004774111615437171,0.0375180722891566,0.7861271676300587,0.8707873613648403,-0.0036955269725476025,0.03459940079250012,0.07698885786865861,0.013897220555888934,0.017527075590879626,0.009716848399577982,0.011520566395728515,4,428.2,422.57,2026-02-23,-0.013148061653432963,0,428.2,422.57,2026,0.5311811228022101,False,0.002036404218765164,False
2026-02-23,-0.004756608372577298,0.0070994154814587596,0.0038429406850459813,0.03947723585908114,0.3208253786238412,0.7294007122438179,-0.013148061653432963,0.02292653309046755,0.05396309039724745,-0.00942914132172823,-0.002635587687694896,-0.00901398621732441,-0.002121020684882402,0,421.19,429.54,2026-02-24,0.019824782164818755,1,421.19,429.54,2026,0.45234494903946043,False,-0.0023696932481885973,False
2026-02-24,-0.026027843739814704,-0.010336639195418384,-0.0022775240570930277,0.060761524995137206,0.2833133253301336,0.99284758431841,0.019824782164818755,0.04549034314644662,0.07476611493780205,0.00943004665216729,0.005380918710976346,0.00834418536442283,-0.03140876245079105,1,418.17,426.5,2026-02-25,0.019920128177535412,1,418.17,426.5,2026,0.47733448327322797,False,-0.0019414637106684907,False
2026-02-25,0.004689331770222793,0.013048065650644869,-0.0003615961554163105,0.03283664302600475,0.39597117329858356,0.7854123580720125,0.019920128177535412,0.01867160775370591,0.04529056162246481,0.008492742714077517,0.0037116025875172376,0.004158275257537536,0.0009777291827055556,2,428.82,424.83,2026-02-26,-0.00930460333006855,0,428.82,424.83,2026,0.5071155448414404,False,0.0017256151576023392,False
2026-02-26,-0.02238542475813854,-0.02017512887507933,0.005544391448563113,0.07970942382326607,0.4169787765293385,1.019633456954306,-0.00930460333006855,-0.002399692839316514,-0.04473907948252476,-0.010607709676895505,-0.027978381950344633,-0.006087006692822583,0.005592957192206094,3,415.72,401.79,2026-02-27,-0.033508130472433395,0,415.72,401.79,2026,0.4564507981042903,False,-0.0013999415317718837,False
2026-02-27,0.026083277333930566,0.022125986211702697,0.008673313352498546,0.04182193708687665,0.6608694615632185,0.7508415254978918,-0.033508130472433395,-0.037248949089210615,-0.05401684297482734,0.007297091114133014,0.006621202727836284,0.004099200655872215,0.019462074606094282,4,412.25,401.49,2026-03-02,-0.026100667070952044,0,412.25,401.49,2026,0.5422980863826693,False,0.0016024551126734244,False
2026-03-02,0.028531221201026247,0.018506064908216935,0.009176666096434305,0.05191435768261976,0.7736535662299846,0.8286626954532947,-0.026100667070952044,-0.02034711175478998,-0.005087647385045746,0.01618020304568546,0.02356198867212078,0.012177692647708849,0.004969232528905465,0,412.62,386.55,2026-03-03,-0.0631816198923949,0,412.62,386.55,2026,0.4859119428737666,False,-0.0012524451432018107,False
2026-03-03,-0.017087052127797264,-0.007347044366834865,-0.005353543286473528,0.041489787745294215,0.3471685971685968,1.0491650138049713,-0.0631816198923949,-0.09176722385632641,-0.13254984811456494,0.009105696510321337,-0.0007410057236304501,0.007532775349974097,-0.016346046404166814,1,379.7957,393.5,2026-03-04,0.03608334691519666,1,379.7957,393.5,2026,0.5940340842970796,True,0.0005940062854026562,False
2026-03-04,0.018449809402795392,-0.007306226175349373,-0.001107166874125487,0.052297818754935665,0.6487610440479299,0.8723531936879426,0.03608334691519666,-0.0656918986987548,-0.04536681836593681,0.011238744703389925,0.007318611987381596,0.005897627745257594,0.011131197415413796,2,400.65,398.6,2026-03-05,-0.005116685386247211,0,400.65,398.6,2026,0.5060308223118529,False,0.003111517317270551,True
2026-03-05,-0.0049172102358254755,0.004051680883090603,0.014048239387378203,0.06371285826978701,0.6743706149401568,0.8536219063702766,-0.005116685386247211,-0.044982199557394464,0.04624871531346342,0.0025436704588484016,-0.0021461394738171435,-0.0007733810312724465,-0.002771070762008332,3,397.02,380.68,2026-03-06,-0.04115661679512361,0,397.02,380.68,2026,0.44957039725227343,False,-0.002614631181100245,False
2026-03-06,-0.02670221708521603,0.02046338131764225,-0.0011726647796198586,0.06457994284936719,0.12916194337102135,1.0296833362088726,-0.04115661679512361,-0.10157671315949057,-0.032685627725978716,-2.4987090003425472e-05,-0.010935917084448188,-0.0004974828851037616,-0.01576630000076784,4,370.375,363.96,2026-03-09,-0.017320283496456312,0,370.375,363.96,2026,0.5697197705995635,True,1.0532458232342858e-05,False
2026-03-09,0.06901857346961204,-0.0025002747554675464,0.005319864989273171,0.09039058349875573,0.9715434580884622,1.084003976734177,-0.017320283496456312,-0.056492656681692566,-0.013105860880146092,0.023274991585324756,0.04920694060038322,0.018150032263389404,0.019811632869228823,0,389.31,394.48,2026-03-10,0.013279905473787101,1,389.31,394.48,2026,0.4855515354478577,False,-0.0020415464679180285,False
2026-03-10,0.020609409856013006,0.03143378625025339,-0.009179261007840944,0.05505029976628406,0.41393631748961796,1.0642418267651363,0.013279905473787101,0.061728713621560294,0.05218661935079849,-0.0007815327914706405,0.00743654822335027,-0.0014460462439687127,0.013172861632662736,1,403.24,410.77,2026-03-11,0.018673742684257366,1,403.24,410.77,2026,0.6079916660245411,True,0.0031666932698107657,True
2026-03-11,0.01926869050807034,0.0062687148525939485,-0.0016334024846793582,0.04179501712708533,0.760318396226415,0.9028727757736049,0.018673742684257366,0.044852115312617125,0.12191461420952487,-0.0019048870204940727,0.0028249293767654837,-0.0018596688018419627,0.016443761131304857,2,418.62,410.29,2026-03-12,-0.0198987148249008,0,418.62,410.29,2026,0.5099582980128383,False,0.00410142426835221,True
2026-03-12,-0.012259621243510765,-0.015879012405859427,0.00039496420636875307,0.043021189164660356,0.503662467037795,0.9699934713985525,-0.0198987148249008,0.020905747821268417,-0.012330035576782472,-0.008992417832196953,-0.018472159004703448,-0.007479921922727284,0.006212537761192682,3,405.32,413.51,2026-03-13,0.020206256784762733,1,405.32,413.51,2026,0.5044729628852527,False,-3.8252015318670715e-05,False
2026-03-13,0.03015646538173211,0.03271988585523933,0.0045395054886747666,0.03958837772397095,0.7938837920489297,1.3087673162707296,0.020206256784762733,0.15053661829227138,0.029597951096936415,-0.010087368280645492,-0.013228996737357224,-0.010429117857996717,0.043385462119089335,4,426.13,446.16,2026-03-16,0.047004435266233324,1,426.13,446.16,2026,0.5703597875521208,True,0.00634490382160281,True
2026-03-16,-0.0105343374574145,0.012910166756320507,-0.009168546387009258,0.039098105061165844,0.2170610575518535,1.3325011349422338,0.047004435266233324,0.13477691299992278,0.07293260473588337,0.0005782947803478766,-0.003100167029407186,0.0009127091001586152,-0.007434170428007314,0,441.78,452.535,2026-03-17,0.024344696455249393,1,441.78,452.535,2026,0.5226398414148612,False,0.0010592742844095521,False
2026-03-17,0.0196780359530202,-0.006297855414498343,-0.0014714792694537904,0.03951519982135965,0.9266677278877536,1.314855398601452,0.024344696455249393,0.1449260986013292,0.1542721420088755,0.0001823788838413165,-0.001070111165665688,-0.0025849631888154034,0.02074814711868589,1,461.68,464.83,2026-03-18,0.006822907641656606,1,461.68,464.83,2026,0.5426129168130926,False,0.0048672952266677035,True
2026-03-18,-0.0046253469010175685,0.0013981455585914127,-0.005673515000429785,0.028452978398428863,0.33588957055214785,1.4379155222448934,0.006822907641656606,0.10324399216473168,0.09711136450018998,-0.01103093983274861,-0.008136839983877375,-0.01018209567130024,0.0035114930828598068,2,461.84,424.84,2026-03-19,-0.08011432530746576,0,461.84,424.84,2026,0.5323595375909206,False,0.002499567918955976,False
2026-03-19,0.04651162790697683,0.03413049618679964,-0.014459471142016622,0.08574956662154776,0.6505123234561063,2.312515626573548,-0.08011432530746576,0.09602289548998333,0.06603954693799197,0.006429068209190536,0.028723958333333188,0.004581639953118,0.01778766957364364,3,444.24,443.78,2026-03-20,-0.0010354763191068317,0,444.24,443.78,2026,0.7102090633143125,True,0.0017283837445699248,False
2026-03-20,-0.04779395195817748,-0.014061021226733805,0.011780198730994895,0.08123047928773142,0.21369061556199032,1.6488621943893145,-0.0010354763191068317,-0.007345176354633498,-0.01214385801027551,-0.015665708002030043,-0.022937758493821625,-0.012505521621909876,-0.024856193464355858,4,423.0,426.55,2026-03-23,0.008392434988179653,1,423.0,426.55,2026,0.4304788655487247,False,-0.003082550684855183,False
2026-03-23,-0.050580236783495436,-0.01607080060954169,-0.004486234021632174,0.07110455269974114,0.12101618569592315,1.5449712349073694,0.008392434988179653,-0.08499705735886631,-0.04026686293596704,-0.00354772065298381,-0.00465222696766332,-0.0036927846331529235,-0.045928009815832116,0,404.23,401.34,2026-03-24,-0.0071493951463277305,0,404.23,401.34,2026,0.4761271414013532,False,-0.003372885233000035,False
2026-03-24,-0.015435790103154434,-0.00819753824687286,-0.0005943649147656105,0.04132061402381004,0.38799004355942496,1.2841903456174364,-0.0071493951463277305,-0.14299948015941777,-0.05382978214601719,-0.002248593560301493,0.016472468550216446,0.0022569551065527715,-0.03190825865337088,1,395.66,383.07,2026-03-25,-0.03182024970934649,0,395.66,383.07,2026,0.5272906992480645,False,-0.002118869428664202,False
2026-03-25,-0.0019056569295429204,-0.005505521184117734,0.006078467489408768,0.047226433231640996,0.6248360795940462,1.6082624213428842,-0.03182024970934649,-0.17267884981811887,-0.10897346205867264,-0.002800692534881355,0.0015689523164013064,-0.003461468391328104,-0.003474609245944227,2,382.09,370.02,2026-03-26,-0.03158941610615296,0,382.09,370.02,2026,0.5395454285179568,False,0.0012699358808999652,False
2026-03-26,-0.038862764174909414,-0.014647856872601395,-0.0034745572741538,0.06345192089111151,0.16659202866099299,1.5541881200511445,-0.03158941610615296,-0.19991446065189988,-0.14502549793129993,-0.015233697797765178,-0.029189630536844202,-0.010612683076451135,-0.009673133638065212,3,355.43,359.95,2026-03-27,0.012716990687336338,1,355.43,359.95,2026,0.576216275758841,True,-0.0004279248954163245,False
2026-03-27,-0.006695374357549522,-0.0009723572718431939,0.0037337525616911726,0.041348629794772274,0.23769971106360294,1.1903932708272518,0.012716990687336338,-0.15522458628841618,-0.1331958762886598,-0.013489838822704825,-0.00847031419571731,-0.012147387261196019,0.0017749398381677883,4,357.34,362.54,2026-03-30,0.014551967314042846,1,357.34,362.54,2026,0.5257165844060543,False,6.759411005267816e-05,False
2026-03-30,-0.10958790754123682,-0.05338721244552325,0.011119463759944992,0.1394786432160804,0.09930195901823964,1.846994005323965,0.014551967314042846,-0.20391856121514984,-0.22010566623042993,-0.015862384997708756,-0.03963031129589667,-0.012935074673498637,-0.06995759624534015,0,321.8,321.67,2026-03-31,-0.00040397762585453467,0,321.8,321.67,2026,0.3424065296960036,False,-0.0066614350080136065,False
2026-03-31,0.04845027512668265,0.012279976373301693,0.003331994585508813,0.08411184949757611,0.9833969465648854,1.7754075867400356,-0.00040397762585453467,-0.1467042410150129,-0.1110615523029882,0.02257704371865521,0.03893039716869828,0.017278617710583033,0.009519877957984368,1,337.615,348.79,2026-04-01,0.03309983264961569,1,337.615,348.79,2026,0.6106605162519197,True,0.00203499475591506,False
2026-04-01,0.055362825769087465,0.018062444450815507,-0.0028713836818723415,0.10171982507288635,0.7194059025677922,1.7812960228705454,0.03309983264961569,-0.03742573739171384,-0.08201672282540862,0.004884004884004867,0.009578494734402643,0.002263412246895413,0.04578433103468482,2,367.79,341.32,2026-04-02,-0.07197041790151992,0,367.79,341.32,2026,0.5983017640205557,True,0.005536258438292428,True
2026-04-02,0.07239540607054962,0.0389077698347593,0.004293965126966892,0.07860052910052917,0.9659721988489094,1.1531898132038927,-0.07197041790151992,0.03010438060940257,-0.07780464460228698,0.018755335644720095,0.03716243023778665,0.014386931097428945,0.03523297583276297,3,366.13,373.19,2026-04-06,0.019282768415590068,1,366.13,373.19,2026,0.6093536689271818,True,0.00017596578092264744,False
2026-04-06,0.0123261609367884,0.017890082799646212,-0.003297804981004626,0.03903510428752588,0.49630878978074056,0.8874431952221181,0.019282768415590068,0.056752672524766457,0.01956125548430654,0.0036335101755342603,0.005295305337210676,0.004238557009117905,0.007030855599577723,0,377.62,374.0,2026-04-07,-0.009586356654838202,0,377.62,374.0,2026,0.5169452591110921,False,0.0013891461181380748,False
2026-04-07,0.008235294117647118,-0.015614973262031984,0.01625117908637641,0.04160917330403735,0.8567713318239697,0.8165786137394073,-0.009586356654838202,0.17371037911746412,-0.029821992756415283,0.004081075081536101,0.011806136150591673,0.0028935185185183787,-0.0035708420329445545,1,377.7,415.12,2026-04-08,0.09907333862854117,1,377.7,415.12,2026,0.3932912045279355,False,-0.0024061178263327957,False
2026-04-08,-0.02203579687801116,-0.021126421275775686,0.004472183390447082,0.04292017649418378,0.41428154205607637,1.008854543939247,0.09907333862854117,0.20510048427943062,0.00897728399960318,-0.005749864467480381,-0.0017723792418943285,-0.0013453776667307071,-0.02026341763611683,2,406.86,407.61,2026-04-09,0.0018433859312785295,1,406.86,407.61,2026,0.3457527082760416,False,-0.0010693881183763897,False
2026-04-09,0.03469002232526175,0.004845317828316098,0.002007578907354368,0.06399959843389214,0.9141176470588236,0.9552009243742494,0.0018433859312785295,0.14588487995867205,0.006748363671109869,0.0068654795108347155,0.016778523489932695,0.007764655325706693,0.017911498835329054,3,421.445,420.29,2026-04-10,-0.0027405711302779245,0,421.445,420.29,2026,0.49679120394946125,False,0.0002831150616345358,False
2026-04-10,0.0004996550001188371,0.00046872397630215445,-0.004262608509919774,0.0336788196561395,0.7566980448950027,0.7861937811915845,-0.0027405711302779245,0.14904542102531892,0.037945327148919406,-0.001291229446569342,0.005731384509149562,-0.00289153089681482,-0.005231729509030725,4,420.7,416.19,2026-04-13,-0.01072022819111007,0,420.7,416.19,2026,0.509521601845223,False,0.0026172442512974597,False
2026-04-13,0.024435954732213716,0.0005886734424180862,0.00744311334798331,0.04379436964504291,0.9983230855226398,0.7984292573664509,-0.01072022819111007,0.12941581484031572,0.0008448126158684399,0.012953877959538618,0.01958619420579888,0.01270298198996156,0.004849760526414837,0,426.49,434.51,2026-04-14,0.018804661305071635,1,426.49,434.51,2026,0.44065400370559776,False,4.500853204523255e-06,False
2026-04-14,0.07014798278520629,-0.007847920646245177,0.01130951086365517,0.09479593277785625,0.9963997517070148,1.143720697300314,0.018804661305071635,0.23225443473656338,0.053516456154647285,0.01307579446334417,0.008035714285714368,0.009524640462999168,0.06211226849949192,1,465.4225,457.62,2026-04-15,-0.01676433777911468,0,465.4225,457.62,2026,0.4690843214586335,False,0.0024777874443074046,False
2026-04-15,-0.004108212053668958,-0.010937021983304929,0.0036004888737186658,0.05606391696257851,0.6666666666666674,0.8473737027292856,-0.01676433777911468,0.12136852971538126,-0.011783053197019555,0.01335283270808163,0.0055025515864211005,0.00694704139458624,-0.009610763640090059,2,456.24,452.77,2026-04-16,-0.00760564615114856,0,456.24,452.77,2026,0.4468710343213561,False,0.00028321298001488795,False
2026-04-16,0.009585440731497252,0.004085959758818092,0.0013801261829653466,0.039830870611519575,0.7046866177300979,0.6866963821733749,-0.00760564615114856,0.08533735125579867,-0.00959206651654243,0.002049308553907725,0.009554564218656303,0.0009271674321742474,3.087651284094939e-05,3,457.41,467.11,2026-04-17,0.02120635753481559,1,457.41,467.11,2026,0.4910020898364069,False,-0.0008920827485998423,False
2026-04-17,-0.027017190811586156,-0.018293121534542323,-0.00215162359760257,0.04150818222025654,0.12200319659030452,0.6709673594467946,0.02120635753481559,0.08157832184454472,0.024266162434720018,0.00491843911204759,0.002722558340535919,0.005714083410040205,-0.029739749152122075,4,455.02,458.0,2026-04-20,0.006549162674168274,1,455.02,458.0,2026,0.43253073808662856,False,-0.0028884670167165435,False
2026-04-20,-0.021765720524017484,-0.014268558951965105,0.0009747651336586838,0.06574902500573532,0.42328332170272154,0.7325997080929029,0.006549162674168274,0.051208703603836,0.059881796690307354,-0.0020214801555458184,-0.0015926308539945255,-0.00046558218936487705,-0.02017308967002296,0,448.33,451.21,2026-04-21,0.006423839582450519,1,448.33,451.21,2026,0.40592287337678035,False,-0.002764936202169732,False
2026-04-21,-0.006404999889186858,-0.00035460206998949584,-0.012578653753013813,0.03743485157489235,0.42493946731234805,0.6343757490823295,0.006423839582450519,-0.034166805429475366,0.11204141206738738,-0.0069708980429049605,-0.004631217838764967,-0.00875710987216316,-0.0017737820504218904,1,449.5205,462.84,2026-04-22,0.029630461792065077,1,449.5205,462.84,2026,0.5737971552438962,True,0.0030855113682353255,True
2026-04-22,0.05334456831734502,-0.002461109670728545,-0.0007481117863474829,0.07288032100488495,0.8668461998803099,1.0864025384243416,0.029630461792065077,0.06814395931965622,0.23168882373755229,0.0076290086903023635,0.012843647171213224,0.0029682168137850073,0.040500921146131796,2,487.33,482.3,2026-04-23,-0.010321548027004246,0,487.33,482.3,2026,0.5059113562057068,False,0.0040382691981213584,True
2026-04-23,-0.002073398299813345,-0.0059506531204645,0.008961794455217387,0.04624819838914784,0.4353823803042185,0.8711590432175476,-0.010321548027004246,0.05375920946197055,0.26148289669973046,-0.002800348895928062,0.002966308974906129,-0.001127554615926618,-0.005039707274719474,3,482.0,496.1,2026-04-24,0.02925311203319514,1,482.0,496.1,2026,0.4285401436450713,False,-0.004651413652463833,False
2026-04-24,0.0003930659141302417,-0.00418262447087292,-0.0012074985660953663,0.03602664704920722,0.3933635847986389,0.8076985620813226,0.02925311203319514,0.09006197529778914,0.3954927833891342,0.008420525124903211,0.013703566530865574,0.004889201547660926,-0.013310500616735332,4,496.0,510.55,2026-04-27,0.029334677419354804,1,496.0,510.55,2026,0.46224835474065235,False,-0.0012329510687318274,False
2026-04-27,0.02720595436294193,0.03278816962099684,0.009742385151527033,0.04184456054045094,0.6757491272872123,1.0024526272467218,0.029334677419354804,0.17034327392768733,0.46834947109195757,0.0012962013867954258,-0.005872071328973494,0.002867479002201634,0.033078025691915425,0,524.7,503.54,2026-04-28,-0.04032780636554223,0,524.7,503.54,2026,0.4657729851812336,False,0.001798075536143797,False
2026-04-28,0.0019065019660802207,0.018767128728601534,-0.0029644268774703386,0.06268213751715379,0.5316420124627078,1.0694837204082548,-0.04032780636554223,0.12172859747219533,0.5669359850839031,0.0005855869558604176,0.007118203140203061,2.1072743109140646e-05,-0.00521170117412284,1,504.24,526.72,2026-04-29,0.044581945105505394,1,504.24,526.72,2026,0.5398171356891871,False,-2.876252883104915e-05,False
2026-04-29,-0.01784629404617255,-0.007366342648845725,0.003452690382899748,0.043671178523746246,0.38343556901696524,0.8701535919117243,0.044581945105505394,0.06379681119569924,0.5355363357670722,0.003006285870456482,0.004512989956582558,-0.0005203938115330153,-0.02235928400275511,2,518.4201,529.72,2026-04-30,0.0217968014743255,1,518.4201,529.72,2026,0.39854141111515895,False,-0.0018480616791756563,False
