date,gross_pnl,cost,utilization,net_pnl,equity,qqq_open_return
2019-01-02,0.0,0.0,0.0,0.0,1.0,0.0
2019-01-03,0.0,0.0,0.0,0.0,1.0,0.01066295781177562
2019-01-04,0.0,0.0,0.0,0.0,1.0,-0.0027522935779815683
2019-01-07,0.0,0.0,0.0,0.0,1.0,0.028650282560126028
2019-01-08,0.0,0.0,0.0,0.0,1.0,0.019292193688514203
2019-01-09,0.0,0.0,0.0,0.0,1.0,0.003697668588618752
2019-01-10,0.0,0.0,0.0,0.0,1.0,-0.0034967218232906383
2019-01-11,0.0,0.0,0.0,0.0,1.0,0.004574221442446236
2019-01-14,0.0,0.0,0.0,0.0,1.0,-0.006237524950099771
2019-01-15,0.0,0.0,0.0,0.0,1.0,0.0040798393170977665
2019-01-16,0.0,0.0,0.0,0.0,1.0,0.016628117772082174
2019-01-17,0.0,0.0,0.0,0.0,1.0,-0.004857652339666729
2019-01-18,0.0,0.0,0.0,0.0,1.0,0.018598615916954886
2019-01-22,0.0,0.0,0.0,0.0,1.0,-0.004852896572641652
2019-01-23,0.0,0.0,0.0,0.0,1.0,-0.007802499238037219
2019-01-24,0.0,0.0,0.0,0.0,1.0,-0.0006758002088838033
2019-01-25,0.0,0.0,0.0,0.0,1.0,0.01118898315504735
2019-01-28,0.0,0.0,0.0,0.0,1.0,-0.008815661478599135
2019-01-29,0.0,0.0,0.0,0.0,1.0,0.0010427528675702735
2019-01-30,0.0,0.0,0.0,0.0,1.0,0.0011642156862745612
2019-01-31,0.0,0.0,0.0,0.0,1.0,0.019952261460309817
2019-02-01,0.0,0.0,0.0,0.0,1.0,0.004320432043204203
2019-02-04,0.0,0.0,0.0,0.0,1.0,0.0008364700961940308
2019-02-05,0.0,0.0,0.0,0.0,1.0,0.013372335979941585
2019-02-06,0.0,0.0,0.0,0.0,1.0,0.0077172312223858786
2019-02-07,0.0,0.0005,1.0,-0.0005,0.9995,-0.011867181106044677
2019-02-08,-0.058393684755664685,0.0,1.0,-0.058393684755664685,0.9411063152443353,-0.013607052002603148
2019-02-11,0.04916794784273619,0.0,1.0,0.04916794784273619,0.9902742630870716,0.014454507287230856
2019-02-12,0.021635214045692873,0.0,1.0,0.021635214045692873,1.0119094771327644,0.0026605179141541146
2019-02-13,0.040134789968645765,0.0,1.0,0.040134789968645765,1.05204426710141,0.011970045403620455
2019-02-14,-0.024623570159831066,0.0,1.0,-0.024623570159831066,1.0274206969415791,-0.007225265120615387
2019-02-15,0.04419489493616747,0.0,1.0,0.04419489493616747,1.0716155918777466,0.01250146730836943
2019-02-19,-0.024475808196823427,0.0,1.0,-0.024475808196823427,1.047139783680923,-0.006492377253492609
2019-02-20,0.01992760026444845,0.0,1.0,0.01992760026444845,1.0670673839453715,0.006068031973860855
2019-02-21,0.005462467746797355,0.0,1.0,0.005462467746797355,1.0725298516921689,-0.0038276402018210254
2019-02-22,0.0013781944085397226,0.001,1.0,0.00037819440853972255,1.0729080461007086,0.0012225650579262837
2019-02-25,0.047819637791776476,0.0,1.0,0.047819637791776476,1.1207276838924851,0.012908477729968615
2019-02-26,-0.02811093920573058,0.0,1.0,-0.02811093920573058,1.0926167446867545,-0.006659012629161909
2019-02-27,-0.013658324356278343,0.0,1.0,-0.013658324356278343,1.0789584203304763,-0.0006934812760055475
2019-02-28,-0.016035455179674807,0.0,1.0,-0.016035455179674807,1.0629229651508014,0.000693962526023606
2019-03-01,0.03398981480033217,0.0,1.0,0.03398981480033217,1.0969127799511336,0.00791724456773002
2019-03-04,0.017840905397426006,0.0,1.0,0.017840905397426006,1.1147536853485596,0.005504271544062966
2019-03-05,-0.020209938290442674,0.0,1.0,-0.020209938290442674,1.094543747058117,-0.004846895135998119
2019-03-06,-0.0059088268439514225,0.0,1.0,-0.0059088268439514225,1.0886349202141654,0.0009168003667201496
2019-03-07,-0.04477503783009183,0.0,1.0,-0.04477503783009183,1.0438598823840737,-0.009102358598580329
2019-03-08,-0.0635425184053201,0.0005,0.0,-0.0640425184053201,0.9798173639787535,-0.020682881737824288
2019-03-11,0.0,0.0,0.0,0.0,0.9798173639787535,0.013863488879712227
2019-03-12,0.0,0.0005,1.0,-0.0005,0.9793173639787536,0.019259862678924655
2019-03-13,0.023559811521507868,0.0,1.0,0.023559811521507868,1.0028771755002615,0.00816349831592178
2019-03-14,0.008511931904544773,0.0,1.0,0.008511931904544773,1.0113891074048063,0.0029161947904869923
2019-03-15,0.0054719562243501435,0.0,1.0,0.0054719562243501435,1.0168610636291564,0.0017785054907828446
2019-03-18,0.014439884480924252,0.0,1.0,0.014439884480924252,1.0313009481100806,0.0029307332469141745
2019-03-19,0.022343821249429907,0.0,1.0,0.022343821249429907,1.0536447693595106,0.006799662826636688
2019-03-20,-0.0036479708162334736,0.0,1.0,-0.0036479708162334736,1.049996798543277,-0.0005581603036391991
2019-03-21,0.002431980544155649,0.0,1.0,0.002431980544155649,1.0524287790874327,0.0010052496369932218
2019-03-22,0.04544763641890871,0.0,1.0,0.04544763641890871,1.0978764155063414,0.014059361749609423
2019-03-25,-0.0723514211886305,0.0,1.0,-0.0723514211886305,1.025524994317711,-0.021071742957746387
2019-03-26,0.030855753153974815,0.0005,0.0,0.030355753153974815,1.0558807474716856,0.009273309728544898
2019-03-27,0.0,0.0,0.0,0.0,1.0558807474716856,-0.0017262501392136809
2019-03-28,0.0,0.0,0.0,0.0,1.0558807474716856,-0.005076142131979711
2019-03-29,0.0,0.0,0.0,0.0,1.0558807474716856,0.007120430589818261
2019-04-01,0.0,0.0005,1.0,-0.0005,1.0553807474716856,0.009964927907365029
2019-04-02,0.013446761800219519,0.0,1.0,0.013446761800219519,1.0688275092719053,0.004464777863521174
2019-04-03,0.024972557628979073,0.0,1.0,0.024972557628979073,1.0938000669008843,0.008286231685233014
2019-04-04,0.0006860592755215122,0.0,1.0,0.0006860592755215122,1.0944861261764058,0.00038097311418305857
2019-04-05,0.008232711306256807,0.0,1.0,0.008232711306256807,1.1027188374826626,0.002611392198465845
2019-04-08,0.0002744237102085318,0.0,1.0,0.0002744237102085318,1.102993261192871,0.00037983612784220355
2019-04-09,0.0027442371020856833,0.0,1.0,0.0027442371020856833,1.1057374982949568,0.0007593838142763154
2019-04-10,0.00384193194291981,0.0,1.0,0.00384193194291981,1.1095794302378765,0.0013550135501354532
2019-04-11,0.0161909989023052,0.0,1.0,0.0161909989023052,1.1257704291401818,0.005520974289580538
2019-04-12,0.0016465422612513124,0.0,1.0,0.0016465422612513124,1.127416971401433,0.0004844700436024141
2019-04-15,-0.0005488474204170636,0.001,1.0,-0.0015488474204170635,1.125868123981016,-0.00026901969224157884
2019-04-16,0.004106730287118709,0.0,1.0,0.004106730287118709,1.1299748542681347,0.0037672891663527164
2019-04-17,0.077789435597691,0.0,1.0,0.077789435597691,1.2077642898658256,0.0066484370811217275
2019-04-18,-0.008029071645646715,0.0,1.0,-0.008029071645646715,1.199735218220179,-0.0014380825565912803
2019-04-22,-0.014996339018829654,0.0,1.0,-0.014996339018829654,1.1847388792013493,-0.005013868145935518
2019-04-23,0.03043791401272608,0.0,1.0,0.03043791401272608,1.2151767932140753,0.009810228369250718
2019-04-24,0.025234998957182057,0.0,1.0,0.025234998957182057,1.2404117921712574,0.01098901098901095
2019-04-25,0.01822622411955424,0.0,1.0,0.01822622411955424,1.2586380162908117,0.0037282083595884252
2019-04-26,-0.06689982686597999,0.0,1.0,-0.06689982686597999,1.1917381894248318,-0.004969918911849391
2019-04-29,0.023240017939434796,0.0,1.0,0.023240017939434796,1.2149782073642665,0.00220820189274451
2019-04-30,-0.017240307807496937,0.001,1.0,-0.018240307807496938,1.1967378995567697,-0.005980484734025904
2019-05-01,0.019999999999999896,0.0,1.0,0.019999999999999896,1.2167378995567695,0.006755330377876234
2019-05-02,-0.029818181818181657,0.0,1.0,-0.029818181818181657,1.1869197177385877,-0.00985531557978614
2019-05-03,0.012000000000000025,0.0,1.0,0.012000000000000025,1.1989197177385877,0.004288437102922593
2019-05-06,-0.04290909090909103,0.0,1.0,-0.04290909090909103,1.1560106268294967,-0.013653856291844568
2019-05-07,0.013818181818181912,0.0,1.0,0.013818181818181912,1.1698288086476787,0.004061998931053079
2019-05-08,-0.035636363636363695,0.0,1.0,-0.035636363636363695,1.134192445011315,-0.011604386245076204
2019-05-09,-0.028969696969696954,0.0,1.0,-0.028969696969696954,1.1052227480416181,-0.010340370529944076
2019-05-10,0.004242424242424259,0.0,1.0,0.004242424242424259,1.1094651722840423,0.0016325642141925556
2019-05-13,-0.05696969696969705,0.0,1.0,-0.05696969696969705,1.0524954753143454,-0.020428121264804866
2019-05-14,-0.012969696969696888,0.001,1.0,-0.013969696969696889,1.0385257783446484,-0.004381586245147062
2019-05-15,-0.0010516784488988947,0.0,1.0,-0.0010516784488988947,1.0374740998957495,-0.0006684864352961561
2019-05-16,-0.03693667500145374,0.0,1.0,-0.03693667500145374,1.0005374248942958,0.02079268632588227
2019-05-17,0.025295109612141653,0.0,1.0,0.025295109612141653,1.0258325345064374,-0.00010921799912633201
2019-05-20,0.07500311516128229,0.0,1.0,0.07500311516128229,1.1008356496677196,-0.01414527580557079
2019-05-21,-0.031139982887380693,0.0,1.0,-0.031139982887380693,1.069695666780339,0.005484460694698434
2019-05-22,0.036758072421269494,0.0,1.0,0.036758072421269494,1.1064537392016085,-0.0038016528925619575
2019-05-23,0.05054203806311732,0.0,1.0,0.05054203806311732,1.156995777264726,-0.01001050826834804
2019-05-24,-0.01885274840296065,0.0,1.0,-0.01885274840296065,1.138143028861765,0.0016759776536312554
2019-05-28,0.02396846626072654,0.0,1.0,0.02396846626072654,1.1621114951224918,-0.0035136642498606596
2019-05-29,0.06529710863190422,0.001,1.0,0.06429710863190422,1.226408603754396,-0.01242514132199024
2019-05-30,-0.024786926461889076,0.0,1.0,-0.024786926461889076,1.2016216772925068,0.0005100595069424951
2019-05-31,0.026273492054403158,0.0,1.0,0.026273492054403158,1.22789516934691,-0.01036592273705672
2019-06-03,0.0005017970087808615,0.0,1.0,0.0005017970087808615,1.2283969663556908,-0.006811287276057398
2019-06-04,-0.004962912694266783,0.0,1.0,-0.004962912694266783,1.223434053661424,-0.008875057630244432
2019-06-05,-0.09170509375926592,0.0,1.0,-0.09170509375926592,1.1317289599021583,0.02686358878939421
2019-06-06,0.022890431834690313,0.0,1.0,0.022890431834690313,1.1546193917368486,-0.00045300113250279495
2019-06-07,-0.03605655871730215,0.0,1.0,-0.03605655871730215,1.1185628330195463,0.011216859279401747
2019-06-10,-0.059233115698131694,0.0,1.0,-0.059233115698131694,1.0593297173214147,0.020896358543417204
2019-06-11,-0.054586483161016566,0.0,1.0,-0.054586483161016566,1.0047432341603981,0.015584700653020978
2019-06-12,0.04493232764500066,0.0005,0.0,0.04443232764500066,1.0491755618053988,-0.011833360350137823
2019-06-13,0.0,0.0,0.0,0.0,1.0491755618053988,0.001312335958005395
2019-06-14,0.0,0.0005,1.0,-0.0005,1.0486755618053987,-0.003713411970292735
2019-06-17,0.010826727924878597,0.0,1.0,0.010826727924878597,1.0595022897302773,0.0031243148432360535
2019-06-18,0.030862015454037852,0.0,1.0,0.030862015454037852,1.0903643051843153,0.015682203158297492
2019-06-19,0.06268968016379937,0.0,1.0,0.06268968016379937,1.1530539853481145,0.004572842694211321
2019-06-20,0.053596841251494706,0.0,1.0,0.053596841251494706,1.2066508265996092,0.016012424356022015
2019-06-21,-0.039223883866468606,0.0,1.0,-0.039223883866468606,1.1674269427331407,-0.006061564410710596
2019-06-24,0.003460241704116119,0.0,1.0,0.003460241704116119,1.1708871844372568,-0.00026515352389022695
2019-06-25,-0.0036914374338312557,0.0,1.0,-0.0036914374338312557,1.1671957470034255,-0.002440059410142248
2019-06-26,-0.006715212973800368,0.0,1.0,-0.006715212973800368,1.1604805340296251,-0.010209507603956225
2019-06-27,0.028599101270467574,0.0,1.0,0.028599101270467574,1.1890796353000928,0.0017728591382830672
2019-06-28,0.037322028769901226,0.001,1.0,0.036322028769901225,1.2254016640699938,0.0025741406124308863
2019-07-01,0.10365251727541942,0.0,1.0,0.10365251727541942,1.3290541813454133,0.017919229740572362
2019-07-02,-0.06120434353405717,0.0,1.0,-0.06120434353405717,1.2678498378113563,-0.005832895428271256
2019-07-03,-0.02764067127344532,0.0,1.0,-0.02764067127344532,1.240209166537911,0.006659971457265046
2019-07-05,-0.05231984205330694,0.0,1.0,-0.05231984205330694,1.1878893244846038,-0.0015752165922813255
2019-07-08,-0.010365251727541996,0.0,1.0,-0.010365251727541996,1.177524072757062,-0.001525111753878483
2019-07-09,-0.01076011846001974,0.0,1.0,-0.01076011846001974,1.1667639542970423,-0.005635731591699278
2019-07-10,0.06850937808489642,0.0,1.0,0.06850937808489642,1.2352733323819387,0.01589067217543305
2019-07-11,0.0029615004935833523,0.0,1.0,0.0029615004935833523,1.238234832875522,0.005683299442098111
2019-07-12,0.0029615004935833523,0.0,1.0,0.0029615004935833523,1.2411963333691052,-0.0012961426793861586
2019-07-15,0.06317867719644625,0.001,1.0,0.06217867719644625,1.3033750105655515,0.006956341172195346
2019-07-16,-0.0040142607565970085,0.0,1.0,-0.0040142607565970085,1.2993607498089546,-0.0005670980048460006
2019-07-17,-0.0034485961072676387,0.0,1.0,-0.0034485961072676387,1.2959121537016869,-0.003404518724853145
2019-07-18,-0.019307744070577858,0.0,1.0,-0.019307744070577858,1.276604409631109,-0.00983436853002062
2019-07-19,0.04641490989910481,0.0,1.0,0.04641490989910481,1.3230193195302138,0.013173026659696774
2019-07-22,-0.01969525540085296,0.0,1.0,-0.01969525540085296,1.3033240641293609,-0.011969868950572615
2019-07-23,0.046826302371344365,0.0,1.0,0.046826302371344365,1.3501503665007053,0.010861618798955641
2019-07-24,0.018297041073441437,0.0,1.0,0.018297041073441437,1.3684474075741466,-0.0026345696869511936
2019-07-25,0.038809721429132436,0.0,1.0,0.038809721429132436,1.4072571290032792,0.007303050706997549
2019-07-26,-0.008066784409541358,0.0,1.0,-0.008066784409541358,1.3991903445937377,0.00020567667626503194
2019-07-29,-0.012169511529815448,0.001,1.0,-0.013169511529815447,1.3860208330639223,0.0033929673041332986
2019-07-30,-0.020821421764817914,0.0,1.0,-0.020821421764817914,1.3651994112991044,-0.01034942104723846
2019-07-31,0.010220806447221497,0.0,1.0,0.010220806447221497,1.375420217746326,0.005953613584593009
2019-08-01,-0.06719349832557384,0.0,1.0,-0.06719349832557384,1.3082267194207522,-0.01440996346044987
2019-08-02,-0.05583666857251757,0.0,1.0,-0.05583666857251757,1.2523900508482346,-0.014046263902668277
2019-08-05,-0.07931035421601457,0.0,1.0,-0.07931035421601457,1.17307969663222,-0.02812202097235461
2019-08-06,-0.007993887663699007,0.0,1.0,-0.007993887663699007,1.165085808968521,-0.006157702577516133
2019-08-07,-0.02897914454518227,0.0,1.0,-0.02897914454518227,1.1361066644233386,-0.0058120407939467045
2019-08-08,0.06188788151052302,0.0,1.0,0.06188788151052302,1.1979945459338617,0.021122876682108993
2019-08-09,0.020598709466633988,0.0,1.0,0.020598709466633988,1.2185932554004957,0.011720226843100034
2019-08-12,-0.033385880367012455,0.001,1.0,-0.034385880367012456,1.1842073750334832,-0.010570147341447789
2019-08-13,0.01525718858422569,0.0,1.0,0.01525718858422569,1.1994645636177088,-0.005773173626847927
2019-08-14,-0.02411643117084357,0.0,1.0,-0.02411643117084357,1.1753481324468653,0.005643892114831406
2019-08-15,0.014391872213000952,0.0,1.0,0.014391872213000952,1.1897400046598663,-0.011871998273163875
2019-08-16,-0.012485416413356671,0.0,1.0,-0.012485416413356671,1.1772545882465097,0.005461198186882177
2019-08-19,-0.08609999688958889,0.0,1.0,-0.08609999688958889,1.0911545913569207,0.021291619140731077
2019-08-20,0.010382863331363405,0.0,1.0,0.010382863331363405,1.1015374546882841,-0.00015954900813697215
2019-08-21,-0.014567751823125058,0.0,1.0,-0.014567751823125058,1.086969702865159,0.0035106382978722372
2019-08-22,-0.00397945997607811,0.0,1.0,-0.00397945997607811,1.082990242889081,0.001696173009646973
2019-08-23,0.03482922429174525,0.0,1.0,0.03482922429174525,1.1178194671808261,-0.011747274843898814
2019-08-26,0.0358556034056174,0.001,1.0,0.0348556034056174,1.1526750705864437,-0.0137609766545298
2019-08-27,-0.017075207302643787,0.0,1.0,-0.017075207302643787,1.1355998632837998,0.010261143384548754
2019-08-28,0.044857617242567586,0.0,1.0,0.044857617242567586,1.1804574805263675,-0.012037833190025826
2019-08-29,-0.07040101789754999,0.0,1.0,-0.07040101789754999,1.1100564626288174,0.019201479547432454
2019-08-30,-0.03555864694811467,0.0,1.0,-0.03555864694811467,1.0744978156807028,0.008379142872391387
2019-09-03,0.039667038578413534,0.0,1.0,0.039667038578413534,1.1141648542591163,-0.014184397163120588
2019-09-04,-0.02270954977793736,0.0,1.0,-0.02270954977793736,1.091455304481179,0.006281541930634793
2019-09-05,-0.06713563292069605,0.0,1.0,-0.06713563292069605,1.024319671560483,0.015792562556687706
2019-09-06,-0.027407144561212415,0.0,1.0,-0.027407144561212415,0.9969125269992705,0.008613897788749547
2019-09-09,-0.009285543878758377,0.0,1.0,-0.009285543878758377,0.9876269831205121,0.0007811279487579537
2019-09-10,0.02308300781014668,0.001,1.0,0.02208300781014668,1.0097099909306588,-0.010354875637423322
2019-09-11,0.02838222794980222,0.0,1.0,0.02838222794980222,1.038092218880461,0.004153740995846311
2019-09-12,0.0501925723621495,0.0,1.0,0.0501925723621495,1.0882847912426106,0.013928160016755564
2019-09-13,-0.014014891270125996,0.0,1.0,-0.014014891270125996,1.0742698999724845,-0.003563313365007259
2019-09-16,-0.03384056133787153,0.0,1.0,-0.03384056133787153,1.040429338634613,-0.008551438196423788
2019-09-17,0.003353896571640517,0.0,1.0,0.003353896571640517,1.0437832352062535,0.00209095661265013
2019-09-18,0.010463507039274624,0.0,1.0,0.010463507039274624,1.0542467422455282,0.002608242044861653
2019-09-19,0.013026467725218111,0.0,1.0,0.013026467725218111,1.0672732099707463,0.0034339229968782803
2019-09-20,-0.0046805888898085535,0.0,1.0,-0.0046805888898085535,1.0625926210809378,0.001296277092191156
2019-09-23,-0.057965528988867546,0.0,1.0,-0.057965528988867546,1.0046270920920701,-0.01424058826575525
2019-09-24,0.03693927845628585,0.0005,0.0,0.03643927845628585,1.041066370548356,0.0053057364992645795
2019-09-25,0.0,0.0,0.0,0.0,1.041066370548356,-0.018707216387103598
2019-09-26,0.0,0.0,0.0,0.0,1.041066370548356,0.011076202140689162
2019-09-27,0.0,0.0,0.0,0.0,1.041066370548356,-0.0008953494496235503
2019-09-30,0.0,0.0,0.0,0.0,1.041066370548356,-0.010279388508170784
2019-10-01,0.0,0.0,0.0,0.0,1.041066370548356,0.009533954727030558
2019-10-02,0.0,0.0,0.0,0.0,1.041066370548356,-0.01862403714255567
2019-10-03,0.0,0.0,0.0,0.0,1.041066370548356,-0.01042954679855923
2019-10-04,0.0,0.0005,1.0,-0.0005,1.040566370548356,0.01586353017873643
2019-10-07,-0.026239546495621827,0.0,1.0,-0.026239546495621827,1.014326824052734,0.006631370661532632
2019-10-08,0.03100045794746982,0.0,1.0,0.03100045794746982,1.045327282000204,-0.0064814322902831956
2019-10-09,0.006113310977550326,0.0,1.0,0.006113310977550326,1.0514405929777544,-0.00026736538153027123
2019-10-10,-0.010782932505133482,0.0,1.0,-0.010782932505133482,1.0406576604726208,0.0015511339323919238
2019-10-11,-0.06371063112161812,0.0,1.0,-0.06371063112161812,0.9769470293510027,0.018958611481975973
2019-10-14,-0.0062039702287632476,0.0,1.0,-0.0062039702287632476,0.9707430591222395,0.00010482180293491794
2019-10-15,-0.014431218442204453,0.0,1.0,-0.014431218442204453,0.956311840680035,0.004349648883764878
2019-10-16,-0.0266390778740106,0.0,1.0,-0.0266390778740106,0.9296727628060244,0.00641794938690321
2019-10-17,-0.01374094678688241,0.0,1.0,-0.01374094678688241,0.915931816019142,0.0067399419328080246
2019-10-18,0.02225081536171346,0.001,1.0,0.02125081536171346,0.9371826313808554,-0.0047378720774540195
2019-10-21,-0.006149889184884334,0.0,1.0,-0.006149889184884334,0.9310327421959711,-0.0031563696574562483
2019-10-22,0.028970708437336984,0.0,1.0,0.028970708437336984,0.9600034506333082,0.007318972229431564
2019-10-23,-0.06279849635179446,0.0,1.0,-0.06279849635179446,0.8972049542815137,-0.013552509533134027
2019-10-24,0.0336705083905728,0.0,1.0,0.0336705083905728,0.9308754626720864,0.011440213132737798
2019-10-25,0.014402867403568878,0.0,1.0,0.014402867403568878,0.9452783300756553,-0.002737320524739184
2019-10-28,0.0657707196287644,0.0,1.0,0.0657707196287644,1.0110490497044198,0.018022683722616284
2019-10-29,0.025733787918454484,0.0,1.0,0.025733787918454484,1.0367828376228743,0.0034084550033068872
2019-10-30,-0.013506054362358487,0.0,1.0,-0.013506054362358487,1.0232767832605156,-0.0041573717298722945
2019-10-31,-0.00943837020842033,0.0,1.0,-0.00943837020842033,1.0138384130520954,0.005803889624274694
2019-11-01,0.014827841873125145,0.001,1.0,0.013827841873125146,1.0276662549252205,0.0018728487548087536
2019-11-04,0.057224617144360806,0.0,1.0,0.057224617144360806,1.0848908720695813,0.011418178143788094
2019-11-05,0.02065346244879926,0.0,1.0,0.02065346244879926,1.1055443345183806,0.0007992407213146535
2019-11-06,-0.00811726451709905,0.0,1.0,-0.00811726451709905,1.0974270700012816,-0.001846768155727485
2019-11-07,0.022550707311277274,0.0,1.0,0.022550707311277274,1.1199777773125588,0.003900390039003998
2019-11-08,-0.02832777638303953,0.0,1.0,-0.02832777638303953,1.0916500009295194,-0.0036859932257420347
2019-11-11,0.0025289046442097374,0.0,1.0,0.0025289046442097374,1.094178905573729,0.0010498950104989024
2019-11-12,0.020771017623375052,0.0,1.0,0.020771017623375052,1.114949923197104,0.004494830944413941
2019-11-13,-0.01751496583935567,0.0,1.0,-0.01751496583935567,1.0974349573577484,-0.0014418535275692035
2019-11-14,0.005974336891482011,0.0,1.0,0.005974336891482011,1.1034092942492304,-4.979087831102902e-05
2019-11-15,0.03429221212491421,0.001,1.0,0.03329221212491421,1.1367015063741446,0.008913011004332061
2019-11-18,0.0,0.0,1.0,0.0,1.1367015063741446,-4.9353469548818474e-05
2019-11-19,0.0181062946000639,0.0,1.0,0.0181062946000639,1.1548078009742087,0.006070776368392483
2019-11-20,-0.01491106614122897,0.0,1.0,-0.01491106614122897,1.1398967348329796,-0.004856750392464693
2019-11-21,-0.013739482372989813,0.0,1.0,-0.013739482372989813,1.1261572524599899,-0.004486073453290551
2019-11-22,0.003195228458834928,0.0,1.0,0.003195228458834928,1.1293524809188247,0.001138952164009055
2019-11-25,0.007468482785849744,0.0,1.0,0.007468482785849744,1.1368209637046744,0.002473166147301864
2019-11-26,0.02395126372602585,0.0,1.0,0.02395126372602585,1.1607722274307004,0.008141313465239053
2019-11-27,0.011502822451805363,0.0,1.0,0.011502822451805363,1.1722750498825056,0.003964369616288099
2019-11-29,0.005644903610608058,0.0,1.0,0.005644903610608058,1.1779199534931137,0.002242480378296774
2019-12-02,-0.006177441687080609,0.001,1.0,-0.007177441687080609,1.170742511806033,-0.002334743907777548
2019-12-03,-0.08982751646533807,0.0,1.0,-0.08982751646533807,1.0809149953406951,-0.023353322607381544
2019-12-04,0.046476584155235874,0.0,1.0,0.046476584155235874,1.127391579495931,0.010832667731629497
2019-12-05,0.013196585136182274,0.0,1.0,0.013196585136182274,1.1405881646321132,0.003259420218282294
2019-12-06,0.02297285133381534,0.0,1.0,0.02297285133381534,1.1635610159659286,0.005414718188530676
2019-12-09,0.008378905305651795,0.0,1.0,0.008378905305651795,1.1719399212715804,0.0018604651162790198
2019-12-10,-0.005808693442136602,0.0,1.0,-0.005808693442136602,1.1661312278294438,-0.0022479597321996003
2019-12-11,0.00623141305185379,0.0,1.0,0.00623141305185379,1.1723626408812975,0.000979575843659708
2019-12-12,0.026916457785934357,0.0,1.0,0.026916457785934357,1.199279098667232,0.00195723442775364
2019-12-13,0.05646743237148101,0.0,1.0,0.05646743237148101,1.2557465310387128,0.007764809298236974
2019-12-16,0.02542845689193546,0.001,1.0,0.02442845689193546,1.2801749879306483,0.010370226788137149
2019-12-17,0.01351211941543848,0.0,1.0,0.01351211941543848,1.293687107346087,0.004796163069544335
2019-12-18,0.0010681931805685543,0.0,1.0,0.0010681931805685543,1.2947553005266554,0.0004773269689737347
2019-12-19,0.0025966532025390484,0.0,1.0,0.0025966532025390484,1.2973519537291944,0.00019083969465638617
2019-12-20,0.03129701155315118,0.0,1.0,0.03129701155315118,1.3286489652823457,0.01044647967945056
2019-12-23,0.024530748885893478,0.0,1.0,0.024530748885893478,1.3531797141682391,0.0009441533305007965
2019-12-24,-0.00683853363065509,0.0,1.0,-0.00683853363065509,1.346341180537584,-0.0002829788237513897
2019-12-26,0.00658090890230879,0.0,1.0,0.00658090890230879,1.3529220894398928,0.0013681181299241008
2019-12-27,0.02180684210466657,0.0,1.0,0.02180684210466657,1.3747289315445594,0.010788655422595106
2019-12-30,-0.021707363249166396,0.0,1.0,-0.021707363249166396,1.353021568295393,-0.004847354928921077
2019-12-31,-0.03138288646260001,0.001,1.0,-0.03238288646260001,1.3206386818327929,-0.008852044400730619
2020-01-02,0.04033771106941836,0.0,1.0,0.04033771106941836,1.3609763929022112,0.01313675456006047
2020-01-03,-0.016885553470919298,0.0,1.0,-0.016885553470919298,1.344090839431292,-0.005177238805970208
2020-01-06,-0.012195121951219585,0.0,1.0,-0.012195121951219585,1.3318957174800725,-0.003750761873505426
2020-01-07,0.04596622889305818,0.0,1.0,0.04596622889305818,1.3778619463731305,0.0148242270224479
2020-01-08,-0.0018761726078798848,0.0,1.0,-0.0018761726078798848,1.3759857737652508,-0.0007883509552958357
2020-01-09,0.04971857410881795,0.0,1.0,0.04971857410881795,1.4257043478740687,0.015965099549821282
2020-01-10,0.013133208255159528,0.0,1.0,0.013133208255159528,1.4388375561292281,0.003882874240555445
2020-01-13,-0.007504690431519706,0.0,1.0,-0.007504690431519706,1.4313328656977085,-0.002047688387331603
2020-01-14,0.021575984990619176,0.0,1.0,0.021575984990619176,1.4529088506883276,0.00656604805982397
2020-01-15,-0.009380863039399591,0.001,1.0,-0.010380863039399592,1.442527987648928,-0.002582106455266131
2020-01-16,0.0012247447096706034,0.0,1.0,0.0012247447096706034,1.4437527323585986,0.0048142428921791325
2020-01-17,0.03227323973363827,0.0,1.0,0.03227323973363827,1.4760259720922368,0.009039956608208222
2020-01-21,-0.005641125467390157,0.0,1.0,-0.005641125467390157,1.4703848466248468,-0.0022845368213583184
2020-01-22,0.027629753996642085,0.0,1.0,0.027629753996642085,1.498014600621489,0.007408072554213607
2020-01-23,0.0020480002595485375,0.0,1.0,0.0020480002595485375,1.5000626008810374,-0.0029860058828772296
2020-01-24,0.04044901898759842,0.0,1.0,0.04044901898759842,1.540511619868636,0.008537839166778305
2020-01-27,-0.14140123772213703,0.0,1.0,-0.14140123772213703,1.3991103821464987,-0.03501462636291108
2020-01-28,0.01622084375856079,0.0,1.0,0.01622084375856079,1.4153312259050597,0.008634943964725306
2020-01-29,0.030737166152949434,0.0,1.0,0.030737166152949434,1.446068392058009,0.013934426229508245
2020-01-30,-0.04704317427873901,0.0005,0.0,-0.04754317427873901,1.39852521777927,-0.010284739064043813
2020-01-31,0.0,0.0,0.0,0.0,1.39852521777927,0.014203385215773467
2020-02-03,0.0,0.0,0.0,0.0,1.39852521777927,-0.01503355704697995
2020-02-04,0.0,0.0005,1.0,-0.0005,1.39802521777927,0.02384846007086394
2020-02-05,0.0643137254901961,0.0,1.0,0.0643137254901961,1.462338943269466,0.021429522161586556
2020-02-06,-0.020392156862745082,0.0,1.0,-0.020392156862745082,1.441946786406721,-0.006298323342889378
2020-02-07,0.004705882352941076,0.0,1.0,0.004705882352941076,1.4466526687596621,0.0017047689819469358
2020-02-10,-0.009411764705882291,0.0,1.0,-0.009411764705882291,1.43724090405378,-0.0031855472159190157
2020-02-11,0.06588235294117646,0.0,1.0,0.06588235294117646,1.5031232569949564,0.020925447620715243
2020-02-12,0.0015686274509803587,0.0,1.0,0.0015686274509803587,1.5046918844459367,0.0005574375026800027
2020-02-13,-0.01098039215686265,0.0,1.0,-0.01098039215686265,1.4937114922890742,-0.0030856261249678774
2020-02-14,0.02431372549019598,0.0,1.0,0.02431372549019598,1.51802521777927,0.007136101796922034
2020-02-18,-0.012549019607843149,0.0,1.0,-0.012549019607843149,1.5054761981714269,-0.0034574014000341435
2020-02-19,0.03764705882352944,0.001,1.0,0.03664705882352944,1.5421232569949563,0.011136334432689354
2020-02-20,0.013488810718737587,0.0,1.0,0.013488810718737587,1.555612067713694,0.0016520523573517742
2020-02-21,-0.045068264731411525,0.0,1.0,-0.045068264731411525,1.5105438029822824,-0.011925907130170055
2020-02-24,-0.16971731483354768,0.0,1.0,-0.16971731483354768,1.3408264881487346,-0.050505050505050386
2020-02-25,0.02280929601179956,0.0,1.0,0.02280929601179956,1.3636357841605342,0.006085467003245526
2020-02-26,-0.0803402794546653,0.0,1.0,-0.0803402794546653,1.283295504705869,-0.029212778350284574
2020-02-27,-0.068685226939216,0.0,1.0,-0.068685226939216,1.214610277766653,-0.025938062491346225
2020-02-28,-0.10641920961569924,0.0,1.0,-0.10641920961569924,1.1081910681509537,-0.05747453210139786
2020-03-02,0.11630198985818427,0.0,1.0,0.11630198985818427,1.224493058009138,0.05007038005228237
2020-03-03,0.05837024480019841,0.0,1.0,0.05837024480019841,1.2828633028093364,0.039400612792033884
2020-03-04,-0.042329191330509684,0.001,1.0,-0.043329191330509685,1.2395341114788268,-0.01745658882594081
2020-03-05,-0.008501236823467827,0.0,1.0,-0.008501236823467827,1.231032874655359,-0.0029533095818488064
2020-03-06,0.1067213571870905,0.0,1.0,0.1067213571870905,1.3377542318424493,-0.037707461563778355
2020-03-09,0.1897420632884108,0.0,1.0,0.1897420632884108,1.5274962951308602,-0.0546733766551033
2020-03-10,-0.13803326251107667,0.0,1.0,-0.13803326251107667,1.3894630326197834,0.03943560057887141
2020-03-11,0.013984829667340676,0.0,1.0,0.013984829667340676,1.4034478622871243,-0.008751429565909352
2020-03-12,0.31617304922317907,0.0,1.0,0.31617304922317907,1.7196209115103032,-0.08658138951592675
2020-03-13,-0.16735863774928922,0.0,1.0,-0.16735863774928922,1.5522622737610139,0.027349113075951337
2020-03-16,0.14946575384646965,0.0,1.0,0.14946575384646965,1.7017280276074835,-0.06906505586144218
2020-03-17,-0.018677659512592336,0.0,1.0,-0.018677659512592336,1.6830503680948912,0.0075796726959518335
2020-03-18,-0.020244217037713712,0.001,1.0,-0.021244217037713713,1.6618061510571773,-0.02202655724625302
2020-03-19,0.0013108324776048355,0.0,1.0,0.0013108324776048355,1.6631169835347823,0.02380466769616274
2020-03-20,-0.17079723278201403,0.0,1.0,-0.17079723278201403,1.4923197507527683,0.0344356537082362
2020-03-23,0.1354222294298388,0.0,1.0,0.1354222294298388,1.627741980182607,-0.05953560030813265
2020-03-24,-0.16622993366810743,0.0,1.0,-0.16622993366810743,1.4615120465144997,0.05259770652937057
2020-03-25,-0.12602579200550032,0.0,1.0,-0.12602579200550032,1.3354862545089992,0.02506808960035567
2020-03-26,-0.002428875288735783,0.0,1.0,-0.002428875288735783,1.3330573792202633,-0.002982322958464234
2020-03-27,-0.042113667351460625,0.0,1.0,-0.042113667351460625,1.290943711868803,0.016642192853646653
2020-03-30,-0.0017580707181213977,0.0,1.0,-0.0017580707181213977,1.2891856411506815,0.0009094313379338637
2020-03-31,-0.04727466044840812,0.0,1.0,-0.04727466044840812,1.2419109807022735,0.023677177979690045
2020-04-01,0.07564609877545832,0.0005,0.0,0.07514609877545832,1.3170570794777317,-0.035085887328355825
2020-04-02,0.0,0.0005,1.0,-0.0005,1.3165570794777317,-0.017423299604999776
2020-04-03,-0.10609756097560975,0.0,1.0,-0.10609756097560975,1.2104595185021219,0.021532022688474095
2020-04-06,-0.06951219512195123,0.0,1.0,-0.06951219512195123,1.1409473233801708,0.02630727762803242
2020-04-07,-0.24390243902439024,0.0,1.0,-0.24390243902439024,0.8970448843557804,0.0617711944531989
2020-04-08,0.04390243902439024,0.0,1.0,0.04390243902439024,0.9409473233801707,-0.02006777480953792
2020-04-09,-0.05609756097560976,0.0,1.0,-0.05609756097560976,0.8848497624045609,0.021135026390386003
2020-04-13,0.06682926829268293,0.0,1.0,0.06682926829268293,0.9516790306972438,-0.011618134177090123
2020-04-14,-0.06926829268292684,0.0,1.0,-0.06926829268292684,0.882410738014317,0.03626450580232099
2020-04-15,-0.008292682926829269,0.0,1.0,-0.008292682926829269,0.8741180550874877,0.006323309359463236
2020-04-16,-0.014146341463414635,0.0,1.0,-0.014146341463414635,0.8599717136240731,0.015828856485034626
2020-04-17,-0.04926829268292683,0.001,1.0,-0.05026829268292683,0.8097034209411462,0.01973746340542082
2020-04-20,-0.055356534290493316,0.0,1.0,-0.055356534290493316,0.754346886650653,-0.01245601037229116
2020-04-21,-0.050178838844669685,0.0,1.0,-0.050178838844669685,0.7041680478059833,-0.012378674919116706
2020-04-22,-0.02041313637073049,0.0,1.0,-0.02041313637073049,0.6837549114352528,-0.007074016047096898
2020-04-23,0.049336055191628043,0.0,1.0,0.049336055191628043,0.7330909666268808,0.01271875298842895
2020-04-24,-0.017356085193763828,0.0,1.0,-0.017356085193763828,0.715734881433117,-0.004060434372049171
2020-04-27,0.07963693291405957,0.0,1.0,0.07963693291405957,0.7953718143471766,0.024841187067412562
2020-04-28,0.03399099933619735,0.0,1.0,0.03399099933619735,0.829362813683374,0.005042094550837373
2020-04-29,-0.017834279122764987,0.0,1.0,-0.017834279122764987,0.8115285345606089,-0.004878722327058549
2020-04-30,0.061745579828813305,0.0,1.0,0.061745579828813305,0.8732741143894223,0.017575505295777116
2020-05-01,-0.12182026106492495,0.001,1.0,-0.12282026106492495,0.7504538533244973,-0.024862506249715866
2020-05-04,-0.0781160783119643,0.0,1.0,-0.0781160783119643,0.672337775012533,-0.013657126876106873
2020-05-05,0.09150722122846078,0.0,1.0,0.09150722122846078,0.7638449962409938,0.02736165587637629
2020-05-06,0.0271800288362736,0.0,1.0,0.0271800288362736,0.7910250250772674,0.009061637534498512
2020-05-07,0.04487145691549152,0.0,1.0,0.04487145691549152,0.8358964819927589,0.010849250125358978
2020-05-08,0.017530885224207045,0.0,1.0,0.017530885224207045,0.8534273672169659,0.008117249154453221
2020-05-11,0.010453657424798224,0.0,1.0,0.010453657424798224,0.8638810246417642,-0.00022366360993075762
2020-05-12,0.059636076257931506,0.0,1.0,0.059636076257931506,0.9235171008996956,0.017807606263982034
2020-05-13,-0.08346300922304468,0.0,1.0,-0.08346300922304468,0.840054091676651,-0.02123263583611734
2020-05-14,-0.0884526001399423,0.0,1.0,-0.0884526001399423,0.7516014915367086,-0.020345834269032137
2020-05-15,0.003545480754772774,0.001,1.0,0.002545480754772774,0.7541469722914814,0.002980011003117511
2020-05-18,0.11300886092204956,0.0,1.0,0.11300886092204956,0.867155833213531,0.03432828998491555
2020-05-19,0.06664954411198153,0.0,1.0,0.06664954411198153,0.9338053773255125,0.006098638854516558
2020-05-20,0.06305380762809808,0.0,1.0,0.06305380762809808,0.9968591849536106,0.007994377580602618
2020-05-21,0.06202645434698864,0.0,1.0,0.06202645434698864,1.0588856393005992,0.008758933240369693
2020-05-22,-0.09130602285861054,0.0,1.0,-0.09130602285861054,0.9675796164419888,-0.013089118320445792
2020-05-26,0.10286374727109288,0.0,1.0,0.10286374727109288,1.0704433637130817,0.021798126586710875
2020-05-27,-0.04276358032618469,0.0,1.0,-0.04276358032618469,1.027679783386897,-0.021118917066483944
2020-05-28,0.017079748298446246,0.0,1.0,0.017079748298446246,1.044759531685343,0.0023631350925561456
2020-05-29,-0.04790034673173252,0.0,1.0,-0.04790034673173252,0.9968591849536106,0.006024885396201718
2020-06-01,0.050468729934506316,0.001,1.0,0.049468729934506316,1.046327914888117,0.00854923404070651
2020-06-02,0.02110228401191657,0.0,1.0,0.02110228401191657,1.0674301989000334,0.008691910499139421
2020-06-03,0.06333443672073262,0.0,1.0,0.06333443672073262,1.1307646356207661,0.007721184199300346
2020-06-04,0.018858729633307626,0.0,1.0,0.018858729633307626,1.1496233652540737,0.0003809846336197964
2020-06-05,0.06210232079149655,0.0,1.0,0.06210232079149655,1.2117256860455703,-0.00110020311442105
2020-06-08,0.038802456875942436,0.0,1.0,0.038802456875942436,1.2505281429215127,0.014742014742014753
2020-06-09,-0.03440729706866745,0.0,1.0,-0.03440729706866745,1.2161208458528452,0.004675628287551081
2020-06-10,0.06743535988819012,0.0,1.0,0.06743535988819012,1.2835562057410352,0.018033740546829602
2020-06-11,-0.07755893927691347,0.0,1.0,-0.07755893927691347,1.2059972664641219,-0.011061224489795962
2020-06-12,-0.0511512008532863,0.0,1.0,-0.0511512008532863,1.1548460656108355,-0.013207313549878252
2020-06-15,-0.10493214167494203,0.0005,0.0,-0.10543214167494203,1.0494139239358935,-0.02781379396879835
2020-06-16,0.0,0.0,0.0,0.0,1.0494139239358935,0.04878678368611267
2020-06-17,0.0,0.0,0.0,0.0,1.0494139239358935,0.002543276724915833
2020-06-18,0.0,0.0,0.0,0.0,1.0494139239358935,-0.004541734860883828
2020-06-19,0.0,0.0005,1.0,-0.0005,1.0489139239358936,0.014180607505446252
2020-06-22,-0.039616913025682404,0.0,1.0,-0.039616913025682404,1.009297010910211,-0.012036961984274952
2020-06-23,0.04728357451129721,0.0,1.0,0.04728357451129721,1.0565805854215085,0.018952291094064044
2020-06-24,-0.016603975939195173,0.0,1.0,-0.016603975939195173,1.0399766094823133,-0.0016103707878738494
2020-06-25,-0.049517903124692314,0.0,1.0,-0.049517903124692314,0.9904587063576209,-0.016452276301463842
2020-06-26,0.01661304277994519,0.0,1.0,0.01661304277994519,1.007071749137566,0.007543766143249586
2020-06-29,-0.05665156390050309,0.0,1.0,-0.05665156390050309,0.950420185237063,-0.02347914547304175
2020-06-30,0.036104807498018185,0.0,1.0,0.036104807498018185,0.9865249927350812,0.011625968830736078
2020-07-01,0.059862520788970655,0.0,1.0,0.059862520788970655,1.046387513524052,0.02014252172838482
2020-07-02,0.03223844754962143,0.0,1.0,0.03223844754962143,1.0786259610736733,0.021440684809819865
2020-07-06,0.03802697773702021,0.001,1.0,0.03702697773702021,1.1156529388106935,0.00984306439498761
2020-07-07,0.022533475991310885,0.0,1.0,0.022533475991310885,1.1381864148020044,0.01033429891176696
2020-07-08,-0.0007457121551081123,0.0,1.0,-0.0007457121551081123,1.1374407026468962,-0.000387446726075269
2020-07-09,0.036075745242885406,0.0,1.0,0.036075745242885406,1.1735164478897817,0.015077519379844917
2020-07-10,0.016781083142639187,0.0,1.0,0.016781083142639187,1.1902975310324209,0.00042002367406168695
2020-07-13,0.046965361073142926,0.0,1.0,0.046965361073142926,1.2372628921055637,0.01858778625954205
2020-07-14,-0.1250851084524851,0.0,1.0,-0.1250851084524851,1.1121777836530786,-0.04046914227901233
2020-07-15,0.08046780212860709,0.0,1.0,0.08046780212860709,1.1926455857816858,0.02190807201155942
2020-07-16,-0.055552142685280415,0.0,1.0,-0.055552142685280415,1.1370934430964053,-0.014177621522470152
2020-07-17,0.02952644718497925,0.0,1.0,0.02952644718497925,1.1666198902813845,0.00674497034538879
2020-07-20,0.005652566393125127,0.0005,0.0,0.005152566393125127,1.1717724566745096,0.0015786839166764821
2020-07-21,0.0,0.0005,1.0,-0.0005,1.1712724566745096,0.03186990619713992
2020-07-22,-0.03670253127614456,0.0,1.0,-0.03670253127614456,1.1345699253983652,-0.014716292239484563
2020-07-23,0.0013152518629492307,0.0,1.0,0.0013152518629492307,1.1358851772613143,0.0003403161158588297
2020-07-24,-0.10241324072092403,0.0,1.0,-0.10241324072092403,1.0334719365403904,-0.03942543942543941
2020-07-27,0.03554293052123665,0.0,1.0,0.03554293052123665,1.069014867061627,0.012749881945537611
2020-07-28,0.02705605385528339,0.0,1.0,0.02705605385528339,1.0960709209169104,0.007654647186819963
2020-07-29,-0.011837266766542776,0.0,1.0,-0.011837266766542776,1.0842336541503677,-0.003856090695253167
2020-07-30,0.005447788781446333,0.0,1.0,0.005447788781446333,1.089681442931814,-0.0020903495528973304
2020-07-31,0.08113897698309241,0.0,1.0,0.08113897698309241,1.1708204199149064,0.031188176422669578
2020-08-03,0.008978474748850433,0.0,1.0,0.008978474748850433,1.1797988946637568,0.008351201895948623
2020-08-04,0.022566816480858145,0.001,1.0,0.021566816480858144,1.201365711144615,0.0025741466144375558
2020-08-05,0.03332002120170685,0.0,1.0,0.03332002120170685,1.2346857323463218,0.0077770335640394705
2020-08-06,-0.0031491129723669347,0.0,1.0,-0.0031491129723669347,1.2315366193739548,-0.00018461765683275289
2020-08-07,0.01628537790576959,0.0,1.0,0.01628537790576959,1.2478219972797244,0.012039293891720426
2020-08-10,-0.024604238875820892,0.0,1.0,-0.024604238875820892,1.2232177584039035,-0.00839293533790697
2020-08-11,-0.01899604544199946,0.0,1.0,-0.01899604544199946,1.2042217129619042,-0.009715168911459404
2020-08-12,-0.012562866236281748,0.0,1.0,-0.012562866236281748,1.1916588467256224,-0.006428836863619503
2020-08-13,0.0649332805733254,0.0,1.0,0.0649332805733254,1.2565921272989478,0.01971051352058928
2020-08-14,-0.011226767887718984,0.0,1.0,-0.011226767887718984,1.2453653594112288,0.0013571009389672373
2020-08-17,0.011455150329383757,0.0,1.0,0.011455150329383757,1.2568205097406124,0.003296582542764215
2020-08-18,0.027774113888339336,0.001,1.0,0.026774113888339335,1.283594623628952,0.009127085539045732
2020-08-19,-0.005506011857181003,0.0,1.0,-0.005506011857181003,1.278088611771771,0.005499077457400192
2020-08-20,-0.03840469291233676,0.0,1.0,-0.03840469291233676,1.239683918859434,-0.009462814377721007
2020-08-21,0.027804839461763917,0.0,1.0,0.027804839461763917,1.267488758321198,0.017326552851434807
2020-08-24,0.0527827737809753,0.0,1.0,0.0527827737809753,1.3202715321021732,0.01781697432784668
2020-08-25,-0.013179040101252369,0.0,1.0,-0.013179040101252369,1.3070924920009208,-0.007998316143969841
2020-08-26,0.04222039035438315,0.0,1.0,0.04222039035438315,1.349312882355304,0.01531225687813853
2020-08-27,0.039401811883826285,0.0,1.0,0.039401811883826285,1.3887146942391304,0.02079342412315821
2020-08-28,-0.023604033439914695,0.0,1.0,-0.023604033439914695,1.3651106607992156,-0.0027637505118056627
2020-08-31,0.02881236677324802,0.0,1.0,0.02881236677324802,1.3939230275724637,0.0030451295035414105
2020-09-01,0.03596914135358372,0.001,1.0,0.03496914135358372,1.4288921689260472,0.01514531313958245
2020-09-02,0.0705732891295642,0.0,1.0,0.0705732891295642,1.4994654580556115,0.019018817204300875
2020-09-03,-0.02844930617351065,0.0,1.0,-0.02844930617351065,1.4710161518821008,-0.016685352502802897
2020-09-04,-0.14489787939987692,0.0,1.0,-0.14489787939987692,1.326118272482224,-0.04171696847753181
2020-09-08,-0.11497789190997622,0.0,1.0,-0.11497789190997622,1.2111403805722478,-0.047312430011198114
2020-09-09,0.026084381470798328,0.0,1.0,0.026084381470798328,1.237224762043046,0.012121657361152005
2020-09-10,0.04062231893200341,0.0,1.0,0.04062231893200341,1.2778470809750495,0.019706757639544215
2020-09-11,-0.05161346771761424,0.0,1.0,-0.05161346771761424,1.2262336132574352,-0.02363241627220003
2020-09-14,0.014340871483728665,0.0,1.0,0.014340871483728665,1.240574484741164,-0.00018226223890938087
2020-09-15,0.035592482451553914,0.0,1.0,0.035592482451553914,1.2761669671927178,0.0168441009187692
2020-09-16,0.015750784141747087,0.0005,0.0,0.015250784141747086,1.291417751334465,0.0031193976335603946
2020-09-17,0.0,0.0,0.0,0.0,1.291417751334465,-0.04378596704435789
2020-09-18,0.0,0.0005,1.0,-0.0005,1.290917751334465,0.015325956937799035
2020-09-21,0.10053722179585571,0.0,1.0,0.10053722179585571,1.3914549731303207,-0.03350268757823438
2020-09-22,-0.0894090560245587,0.0,1.0,-0.0894090560245587,1.302045917105762,0.028683528873990616
2020-09-23,-0.024174980813507288,0.0,1.0,-0.024174980813507288,1.2778709362922547,0.00777633771523778
2020-09-24,0.1170376055257099,0.0,1.0,0.1170376055257099,1.3949085418179645,-0.038838875620062496
2020-09-25,-0.05180353031465848,0.0,1.0,-0.05180353031465848,1.343105011503306,0.016209190305069177
2020-09-28,-0.12279355333844973,0.0,1.0,-0.12279355333844973,1.2203114581648564,0.040610187344819915
2020-09-29,-0.0015349194167306216,0.0,1.0,-0.0015349194167306216,1.2187765387481257,0.00037958895938405846
2020-09-30,0.005372217958557176,0.0,1.0,0.005372217958557176,1.2241487567066829,-0.0022766695576758034
2020-10-01,-0.05640828856485034,0.0,1.0,-0.05640828856485034,1.1677404681418326,0.020645441703792455
2020-10-02,0.05257099002302379,0.0005,0.0,0.05207099002302379,1.2198114581648563,-0.020511728592214173
2020-10-05,0.0,0.0,0.0,0.0,1.2198114581648563,0.001195608854751562
2020-10-06,0.0,0.0,0.0,0.0,1.2198114581648563,0.010675255120503824
2020-10-07,0.0,0.0,0.0,0.0,1.2198114581648563,-0.005227541265351521
2020-10-08,0.0,0.0,0.0,0.0,1.2198114581648563,0.016160961739193125
2020-10-09,0.0,0.0,0.0,0.0,1.2198114581648563,0.002727401530178364
2020-10-12,0.0,0.0005,1.0,-0.0005,1.2193114581648563,0.02652866579533031
2020-10-13,0.033442862638493165,0.0,1.0,0.033442862638493165,1.2527543208033496,0.019752236751548358
2020-10-14,-0.002987581140510576,0.0,1.0,-0.002987581140510576,1.249766739662839,-0.0034419923061347335
2020-10-15,-0.0790977954830984,0.0,1.0,-0.0790977954830984,1.1706689441797407,-0.02732629012596499
2020-10-16,0.05714784155697768,0.0,1.0,0.05714784155697768,1.2278167857367182,0.015839860748476875
2020-10-19,-0.014799236745612114,0.0,1.0,-0.014799236745612114,1.2130175489911061,-0.0044893762851268
2020-10-20,-0.04281880121006243,0.0,1.0,-0.04281880121006243,1.1701987477810438,-0.02041378360700885
2020-10-21,-0.004202500131000622,0.0,1.0,-0.004202500131000622,1.1659962476500432,0.00038656170930573275
2020-10-22,-0.009018850031759677,0.0,1.0,-0.009018850031759677,1.1569773976182833,0.0013348789826816976
2020-10-23,-0.006024367394774548,0.0,1.0,-0.006024367394774548,1.150953030223509,-0.000912120680582329
2020-10-26,-0.026623672899740485,0.0005,0.0,-0.027123672899740485,1.1238293573237683,-0.008673057340496615
2020-10-27,0.0,0.0,0.0,0.0,1.1238293573237683,-0.003187871918390428
2020-10-28,0.0,0.0,0.0,0.0,1.1238293573237683,-0.011690711392225217
2020-10-29,0.0,0.0,0.0,0.0,1.1238293573237683,-0.018300794592456704
2020-10-30,0.0,0.0,0.0,0.0,1.1238293573237683,0.004889393495458361
2020-11-02,0.0,0.0005,1.0,-0.0005,1.1233293573237684,-0.009640091116173033
2020-11-03,-0.005165221070446372,0.0,1.0,-0.005165221070446372,1.1181641362533221,0.00047841607478016357
2020-11-04,-0.10981566885269023,0.0,1.0,-0.10981566885269023,1.0083484674006318,0.04303685720591477
2020-11-05,-0.10138918270925887,0.0,1.0,-0.10138918270925887,0.9069592846913729,0.03473691634927367
2020-11-06,-0.018059375220365277,0.0,1.0,-0.018059375220365277,0.8888999094710076,0.0005793940220168992
2020-11-09,-0.06064537056625062,0.0,1.0,-0.06064537056625062,0.8282545389047571,0.012705225151577126
2020-11-10,0.09287525562372188,0.0,1.0,0.09287525562372188,0.9211297945284789,-0.04053008644176115
2020-11-11,0.002592482899654468,0.0,1.0,0.002592482899654468,0.9237222774281334,0.00231367874921129
2020-11-12,-0.0477458571327833,0.0,1.0,-0.0477458571327833,0.8759764202953501,0.01678791270285407
2020-11-13,0.002591918764544108,0.0,1.0,0.002591918764544108,0.8785683390598942,-0.0024422124380848453
2020-11-16,-0.010796417742049222,0.0005,0.0,-0.011296417742049222,0.867271921317845,0.002310265163270264
2020-11-17,0.0,0.0,0.0,0.0,0.867271921317845,0.00935736892803063
2020-11-18,0.0,0.0005,1.0,-0.0005,0.866771921317845,-0.005794137695978141
2020-11-19,-0.026538132213139446,0.0,1.0,-0.026538132213139446,0.8402337891047056,-0.007610558793280653
2020-11-20,0.03867971648748932,0.0,1.0,0.03867971648748932,0.8789135055921948,0.009741605637695105
2020-11-23,-0.002848664036942971,0.0,1.0,-0.002848664036942971,0.8760648415552519,-0.003044816968867603
2020-11-24,0.022993311036789327,0.0,1.0,0.022993311036789327,0.8990581525920412,0.00027452729830823586
2020-11-25,0.016896218613467164,0.0,1.0,0.016896218613467164,0.9159543712055084,0.013516758722426081
2020-11-27,0.022086294211924533,0.0,1.0,0.022086294211924533,0.9380406654174329,0.009680804251430253
2020-11-30,0.01661354771192076,0.0,1.0,0.01661354771192076,0.9546542131293536,0.0033859666767239727
2020-12-01,0.045239693947000614,0.0,1.0,0.045239693947000614,0.9998939070763543,0.008586702305379168
2020-12-02,0.011047492370630083,0.0,1.0,0.011047492370630083,1.0109413994469845,0.0011594394938219121
2020-12-03,0.031923973419787324,0.001,1.0,0.030923973419787323,1.0418653728667717,0.0061213685394745365
2020-12-04,0.0007969970779533211,0.0,1.0,0.0007969970779533211,1.042662369944725,0.0008550662676356513
2020-12-07,0.04892739063520984,0.0,1.0,0.04892739063520984,1.091589760579935,0.004534551309433921
2020-12-08,0.0015610412328831264,0.0,1.0,0.0015610412328831264,1.093150801812818,0.0034346275882373156
2020-12-09,0.009271280053810955,0.0,1.0,0.009271280053810955,1.1024220818666288,0.004270439431477424
2020-12-10,-0.095918590052059,0.0,1.0,-0.095918590052059,1.0065034918145699,-0.028759697471353984
2020-12-11,0.005420590244808765,0.0,1.0,0.005420590244808765,1.0119240820593787,0.0053474148591290405
2020-12-14,0.01954356724168131,0.0,1.0,0.01954356724168131,1.03146764930106,0.007546291679132899
2020-12-15,0.03828127820248603,0.0,1.0,0.03828127820248603,1.069748927503546,0.010855219743961975
2020-12-16,0.014131836199796077,0.0,1.0,0.014131836199796077,1.083880763703342,0.0043411561184187875
2020-12-17,0.018355026513027665,0.001,1.0,0.017355026513027665,1.1012357902163699,0.009522261943451404
2020-12-18,0.002392035854911968,0.0,1.0,0.002392035854911968,1.1036278260712817,0.003315841998519309
2020-12-21,-0.05155262891249999,0.0,1.0,-0.05155262891249999,1.0520751971587818,-0.016684848873772862
2020-12-22,0.0282938283648737,0.0,1.0,0.0282938283648737,1.0803690255236555,0.01106180251908917
2020-12-23,-0.0019767211700916854,0.0,1.0,-0.0019767211700916854,1.0783923043535637,-0.00012909472325328686
2020-12-24,-0.01342438445061818,0.0,1.0,-0.01342438445061818,1.0649679199029456,-0.004325231593557244
2020-12-28,0.04143485627166408,0.0,1.0,0.04143485627166408,1.1064027761746096,0.012254027944370582
2020-12-29,-0.0032482910242543662,0.0,1.0,-0.0032482910242543662,1.1031544851503554,0.005764611689351495
2020-12-30,-0.003910732674013911,0.0,1.0,-0.003910732674013911,1.0992437524763414,0.00035026269702287394
2020-12-31,0.0125445653275272,0.0,1.0,0.0125445653275272,1.1117883178038686,-0.0041061879297173975
2021-01-04,0.02548264868265721,0.001,1.0,0.024482648682657208,1.1362709664865258,0.007159523124620426
2021-01-05,-0.051361642162967326,0.0,1.0,-0.051361642162967326,1.0849093243235586,-0.02164323569547144
2021-01-06,0.010689810048129137,0.0,1.0,0.010689810048129137,1.0955991343716875,-0.004184371857666513
2021-01-07,0.04824634530339018,0.0,1.0,0.04824634530339018,1.1438454796750779,0.010684039087947683
2021-01-08,0.09284454652203625,0.0,1.0,0.09284454652203625,1.236690026197114,0.02275364187185769
2021-01-11,-0.04626647767143777,0.0,1.0,-0.04626647767143777,1.1904235485256762,-0.00428562425159118
2021-01-12,0.035359164957357234,0.0,1.0,0.035359164957357234,1.2257827134830335,-0.004810431039939389
2021-01-13,0.013477343426554765,0.0,1.0,0.013477343426554765,1.2392600569095884,-0.0008586147681739487
2021-01-14,0.020120231631419634,0.0,1.0,0.020120231631419634,1.259380288541008,0.007352239090995916
2021-01-15,0.004232039254222416,0.0,1.0,0.004232039254222416,1.2636123277952303,-0.0074881516587678165
2021-01-19,-0.010735712030312594,0.0005,0.0,-0.011235712030312595,1.2523766157649177,0.00038200744914518303
2021-01-20,0.0,0.0005,1.0,-0.0005,1.2518766157649177,0.018743038981702487
2021-01-21,0.01403462830389234,0.0,1.0,0.01403462830389234,1.26591124406881,0.015649403386018612
2021-01-22,-0.003915043763083656,0.0,1.0,-0.003915043763083656,1.2619962003057266,0.00043057050592043566
2021-01-25,0.01787675938117438,0.0,1.0,0.01787675938117438,1.2798729596869007,0.011128531464231983
2021-01-26,-0.011330089846995576,0.0,1.0,-0.011330089846995576,1.2685428698399053,-0.00018242072299412548
2021-01-27,-0.0611540163479138,0.0,1.0,-0.0611540163479138,1.2073888534919914,-0.007875931275657666
2021-01-28,-0.049835530641894665,0.0,1.0,-0.049835530641894665,1.157553322850097,-0.017133574449825217
2021-01-29,-0.0010695149933236782,0.0,1.0,-0.0010695149933236782,1.1564838078567732,-0.0033991330651449436
2021-02-01,-0.00999135878301958,0.0,1.0,-0.00999135878301958,1.1464924490737536,-0.00459978722072707
2021-02-02,0.0797742143609754,0.0,1.0,0.0797742143609754,1.226266663434729,0.023168086510955366
2021-02-03,0.025015626909848192,0.0005,0.0,0.024515626909848192,1.250782290344577,0.0133341526361066
2021-02-04,0.0,0.0005,1.0,-0.0005,1.2502822903445772,-0.005912315808622837
2021-02-05,0.04286442106616646,0.0,1.0,0.04286442106616646,1.2931467114107436,0.010217464238875262
2021-02-08,-0.003346211689891656,0.0,1.0,-0.003346211689891656,1.2898004997208519,0.00567598574965289
2021-02-09,0.027642477606524257,0.0,1.0,0.027642477606524257,1.3174429773273761,-0.0014410087060943155
2021-02-10,0.025539802557275698,0.0,1.0,0.025539802557275698,1.342982779884652,0.007125248030785958
2021-02-11,-0.0002466469924384514,0.0,1.0,-0.0002466469924384514,1.3427361328922136,-0.0019702080659125265
2021-02-12,0.033166820095155126,0.0,1.0,0.033166820095155126,1.3759029529873688,-0.0018544551790147246
2021-02-16,0.06943606346869488,0.0,1.0,0.06943606346869488,1.4453390164560636,0.010667945221899178
2021-02-17,-0.05394821804694418,0.0,1.0,-0.05394821804694418,1.3913907984091194,-0.014231921012838211
2021-02-18,-0.05048502028082264,0.0,1.0,-0.05048502028082264,1.3409057781282967,-0.006737449995488309
2021-02-19,0.05101596123721107,0.001,1.0,0.05001596123721107,1.3909217393655078,0.010992338673045943
2021-02-22,-0.014336917562724026,0.0,1.0,-0.014336917562724026,1.3765848218027839,-0.022045168633558987
2021-02-23,-0.1232078853046595,0.0,1.0,-0.1232078853046595,1.2533769364981242,-0.029096477794793296
2021-02-24,0.01075268817204294,0.0,1.0,0.01075268817204294,1.2641296246701672,0.005488958990536252
2021-02-25,0.06922043010752696,0.0,1.0,0.06922043010752696,1.3333500547776942,0.008313986321139444
2021-02-26,-0.09251792114695347,0.0,1.0,-0.09251792114695347,1.2408321336307409,-0.017237624070443935
2021-03-01,0.05936379928315425,0.0,1.0,0.05936379928315425,1.300195932913895,0.010827924647775822
2021-03-02,0.05376344086021502,0.0,1.0,0.05376344086021502,1.35395937377411,0.015598083127133844
2021-03-03,-0.09162186379928323,0.0,1.0,-0.09162186379928323,1.2623375099748269,-0.021526599845798078
2021-03-04,-0.0925179211469533,0.0,1.0,-0.0925179211469533,1.1698195888278735,-0.026759542345636267
2021-03-05,-0.05712365591397859,0.001,1.0,-0.05812365591397859,1.111695932913895,-0.006347561370555033
2021-03-08,-0.01712385153361783,0.0,1.0,-0.01712385153361783,1.094572081380277,0.004237011928818202
2021-03-09,0.019580167213259128,0.0,1.0,0.019580167213259128,1.1141522485935362,-0.0021095677008956537
2021-03-10,-0.11534488931263365,0.0,1.0,-0.11534488931263365,0.9988073592809026,0.028262919959670896
2021-03-11,0.010481460847323612,0.0,1.0,0.010481460847323612,1.0092888201282262,-0.0012335526315790935
2021-03-12,0.011800797201752925,0.0,1.0,0.011800797201752925,1.021089617329979,-0.006048706336890697
2021-03-15,-0.025994491956188363,0.0,1.0,-0.025994491956188363,0.9950951253737907,0.0061492385139871875
2021-03-16,-0.05805845763286217,0.0,1.0,-0.05805845763286217,0.9370366677409285,0.016783305361157685
2021-03-17,0.029494215309566613,0.0,1.0,0.029494215309566613,0.9665308830504952,-0.011336385437104801
2021-03-18,-0.014013491548397842,0.0,1.0,-0.014013491548397842,0.9525173915020974,-0.0018270593794297296
2021-03-19,0.048149913751347334,0.001,1.0,0.04714991375134733,0.9996673052534447,-0.01577934168586481
2021-03-22,-0.050287968312563935,0.0,1.0,-0.050287968312563935,0.9493793369408807,0.010709590534517588
2021-03-23,-0.039295903520300365,0.0,1.0,-0.039295903520300365,0.9100834334205804,0.014339646584816679
2021-03-24,0.021907071060094728,0.0,1.0,0.021907071060094728,0.9319905044806751,-0.003440402839896217
2021-03-25,0.1091891987005627,0.0,1.0,0.1091891987005627,1.0411797031812378,-0.027185136365062812
2021-03-26,-0.03491650617863741,0.0,1.0,-0.03491650617863741,1.0062631970026004,0.0036842512775512315
2021-03-29,-0.08240176008950927,0.0,1.0,-0.08240176008950927,0.9238614369130911,0.013950049821606525
2021-03-30,0.02299438504263703,0.0,1.0,0.02299438504263703,0.9468558219557281,-0.004945316214931106
2021-03-31,-0.02745316115910583,0.0,1.0,-0.02745316115910583,0.9194026607966224,0.007231832807671701
2021-04-01,-0.07473008279847437,0.0,1.0,-0.07473008279847437,0.844672577998148,0.0218560222672064
2021-04-05,-0.06036989305247625,0.001,1.0,-0.061369893052476254,0.7833026849456717,0.012566935958151504
2021-04-06,0.011528130721316091,0.0,1.0,0.011528130721316091,0.7948308156669878,0.011004799315257108
2021-04-07,-0.0030757063413194407,0.0,1.0,-0.0030757063413194407,0.7917551093256684,-0.0012094457714753037
2021-04-08,0.028290131976932295,0.0,1.0,0.028290131976932295,0.8200452413026007,0.01280537644174018
2021-04-09,-0.0148119262960121,0.0,1.0,-0.0148119262960121,0.8052333150065886,-0.0026303204208512065
2021-04-12,0.010373700214186574,0.0,1.0,0.010373700214186574,0.8156070152207751,0.007072644449772181
2021-04-13,0.013734932319082127,0.0,1.0,0.013734932319082127,0.8293419475398572,0.006546839661945025
2021-04-14,-0.005859771221687205,0.0,1.0,-0.005859771221687205,0.82348217631817,0.007716414380321668
2021-04-15,-0.00778116141072715,0.0,1.0,-0.00778116141072715,0.8157010149074428,-0.004048701774974295
2021-04-16,0.026061012886648013,0.0,1.0,0.026061012886648013,0.8417620277940909,0.007894659321884046
2021-04-19,-0.028500887965409914,0.001,1.0,-0.029500887965409915,0.812261139828681,-0.005143942715183369
2021-04-20,-0.019244734931009356,0.0,1.0,-0.019244734931009356,0.7930164048976716,-0.006433796527512525
2021-04-21,-0.027596223674655106,0.0,1.0,-0.027596223674655106,0.7654201812230165,-0.009195742164399778
2021-04-22,0.03340595497458249,0.0,1.0,0.03340595497458249,0.798826136197599,0.011310394222447728
2021-04-23,-0.026870007262164198,0.0,1.0,-0.026870007262164198,0.7719561289354347,-0.008941218130311568
2021-04-26,0.03267973856209146,0.0,1.0,0.03267973856209146,0.8046358674975262,0.0113741253535804
2021-04-27,0.019607843137255002,0.0,1.0,0.019607843137255002,0.8242437106347812,0.00665351664851177
2021-04-28,-0.018881626724763966,0.0,1.0,-0.018881626724763966,0.8053620839100173,-0.006200099435556994
2021-04-29,0.022512708787218498,0.0,1.0,0.022512708787218498,0.8278747926972357,0.007533621729790108
2021-04-30,-0.04175744371822798,0.0,1.0,-0.04175744371822798,0.7861173489790078,-0.013640213803779555
2021-05-03,0.013435003631082099,0.0005,0.0,0.012935003631082099,0.7990523526100899,0.004530648504589951
2021-05-04,0.0,0.0,0.0,0.0,0.7990523526100899,-0.016714323615246385
2021-05-05,0.0,0.0,0.0,0.0,0.7990523526100899,-0.003927329415997161
2021-05-06,0.0,0.0,0.0,0.0,0.7990523526100899,-0.010504138449962452
2021-05-07,0.0,0.0,0.0,0.0,0.7990523526100899,0.01706411972259403
2021-05-10,0.0,0.0005,1.0,-0.0005,0.7985523526100898,-0.004755211292879258
2021-05-11,0.12225153913808268,0.0,1.0,0.12225153913808268,0.9208038917481726,-0.03930524670953783
2021-05-12,-0.005277044854881266,0.0,1.0,-0.005277044854881266,0.9155268468932912,0.0016578041914294683
2021-05-13,0.0,0.0,1.0,0.0,0.9155268468932912,-0.0009680542110358514
2021-05-14,-0.029023746701846966,0.0,1.0,-0.029023746701846966,0.8865031001914443,0.008377094273568364
2021-05-17,-0.02198768689533861,0.0,1.0,-0.02198768689533861,0.8645154132961057,0.006292622442653384
2021-05-18,-0.008795074758135445,0.0,1.0,-0.008795074758135445,0.8557203385379702,0.0023411268213042735
2021-05-19,0.08795074758135445,0.0,1.0,0.08795074758135445,0.9436710861193247,-0.026829343249638815
2021-05-20,-0.07475813544415127,0.0,1.0,-0.07475813544415127,0.8689129506751734,0.023558390702962173
2021-05-21,-0.0633245382585752,0.0,1.0,-0.0633245382585752,0.8055884124165982,0.019498951005800347
2021-05-24,0.009674582233948988,0.0005,0.0,0.009174582233948987,0.8147629946505471,-0.0032381067667351937
2021-05-25,0.0,0.0,0.0,0.0,0.8147629946505471,0.014269666332695774
2021-05-26,0.0,0.0,0.0,0.0,0.8147629946505471,-0.0012272876941957778
2021-05-27,0.0,0.0,0.0,0.0,0.8147629946505471,2.9970628783848596e-05
2021-05-28,0.0,0.0,0.0,0.0,0.8147629946505471,0.001348637875745462
2021-06-01,0.0,0.0,0.0,0.0,0.8147629946505471,0.003531665269962847
2021-06-02,0.0,0.0,0.0,0.0,0.8147629946505471,-0.0061139278258276475
2021-06-03,0.0,0.0,0.0,0.0,0.8147629946505471,-0.008102025506376509
2021-06-04,0.0,0.0,0.0,0.0,0.8147629946505471,0.003932839207381633
2021-06-07,0.0,0.0005,1.0,-0.0005,0.8142629946505472,0.009642910953744144
2021-06-08,0.022159425394547825,0.0,1.0,0.022159425394547825,0.8364224200450949,0.009983584539620782
2021-06-09,-0.016959889037684386,0.0,1.0,-0.016959889037684386,0.8194625310074106,-0.0006649034412445909
2021-06-10,-0.014126085087656125,0.0,1.0,-0.014126085087656125,0.8053364459197545,-0.002897950734837562
2021-06-11,0.03042067104543096,0.0,1.0,0.03042067104543096,0.8357571169651854,0.009401227794418654
2021-06-14,0.015479526696318158,0.0,1.0,0.015479526696318158,0.8512366436615036,0.0038782465624631612
2021-06-15,0.024209180748723743,0.0,1.0,0.024209180748723743,0.8754458244102273,0.007228986185904951
2021-06-16,-0.010715246759560735,0.0,1.0,-0.010715246759560735,0.8647305776506666,-0.004097050704634508
2021-06-17,-0.03587846545468595,0.0,1.0,-0.03587846545468595,0.8288521121959807,-0.008081927992063864
2021-06-18,0.024269362163678553,0.0,1.0,0.024269362163678553,0.8531214743596592,0.010765655793158135
2021-06-21,-0.025833586469563227,0.001,1.0,-0.026833586469563228,0.826287887890096,-0.003492128161103447
2021-06-22,0.015184381778741799,0.0,1.0,0.015184381778741799,0.8414722696688378,0.005022924393306649
2021-06-23,0.029284164859002253,0.0,1.0,0.029284164859002253,0.87075643452784,0.009763184657852753
2021-06-24,0.019884309472161993,0.0,1.0,0.019884309472161993,0.890640744000002,0.006388305372507341
2021-06-25,0.006507592190889361,0.0,1.0,0.006507592190889361,0.8971483361908914,0.002115917993881
2021-06-28,0.002530730296456988,0.0,1.0,0.002530730296456988,0.8996790664873484,0.0008845264929948637
2021-06-29,0.02530730296456975,0.0,1.0,0.02530730296456975,0.9249863694519181,0.007839671589030095
2021-06-30,0.011930585683297119,0.0,1.0,0.011930585683297119,0.9369169551352152,0.0036771985404351337
2021-07-01,-0.007230657989877053,0.0,1.0,-0.007230657989877053,0.9296862971453382,-0.0021418707550093785
2021-07-02,0.023138105567606673,0.0,1.0,0.023138105567606673,0.9528244027129449,0.006919535685034006
2021-07-06,0.02530730296456975,0.001,1.0,0.02430730296456975,0.9771317056775146,0.007685403343431041
2021-07-07,0.015486664560752941,0.0,1.0,0.015486664560752941,0.9926183702382676,0.008879363135333662
2021-07-08,-0.08855676156511955,0.0,1.0,-0.08855676156511955,0.904061608673148,-0.01851289833080416
2021-07-09,0.02887640588436003,0.0,1.0,0.02887640588436003,0.932938014557508,0.006830831506156265
2021-07-12,0.04041944506298466,0.0,1.0,0.04041944506298466,0.9733574596204927,0.011949632855906334
2021-07-13,0.005033550771794384,0.0,1.0,0.005033550771794384,0.978391010392287,-0.0011587805214512414
2021-07-14,0.020821573877004278,0.0,1.0,0.020821573877004278,0.9992125842692914,0.00773416567687768
2021-07-15,-0.027740305748741517,0.0,1.0,-0.027740305748741517,0.9714722785205498,-0.005125674971904748
2021-07-16,-0.027070196546186594,0.0,1.0,-0.027070196546186594,0.9444020819743633,-0.004270443024024573
2021-07-19,-0.08598413775206948,0.0,1.0,-0.08598413775206948,0.8584179442222938,-0.020364682770260933
2021-07-20,0.029692878962325447,0.0005,0.0,0.029192878962325447,0.8876108231846193,0.004462646518853308
2021-07-21,0.0,0.0,0.0,0.0,0.8876108231846193,0.007648398616539653
2021-07-22,0.0,0.0,0.0,0.0,0.8876108231846193,0.009543742151527645
2021-07-23,0.0,0.0005,1.0,-0.0005,0.8871108231846192,0.00978522265527837
2021-07-26,0.00027170939475983265,0.0,1.0,0.00027170939475983265,0.887382532579379,0.005967534422818943
2021-07-27,0.00561392039694131,0.0,1.0,0.00561392039694131,0.8929964529763204,0.001986448610846514
2021-07-28,-0.026329146544003763,0.0,1.0,-0.026329146544003763,0.8666673064323166,-0.007115311498560706
2021-07-29,0.018968893519136464,0.0,1.0,0.018968893519136464,0.885636199951453,-0.0009573304157549645
2021-07-30,-4.4568065871936416e-05,0.0,1.0,-4.4568065871936416e-05,0.8855916318855811,-0.007693360711841235
2021-08-02,0.0520375650095897,0.0,1.0,0.0520375650095897,0.9376291968951709,0.0106224478534378
2021-08-03,-0.002978161357849103,0.0,1.0,-0.002978161357849103,0.9346510355373218,-0.0027573780337984966
2021-08-04,0.01666929002273916,0.0,1.0,0.01666929002273916,0.9513203255600609,0.004079062636881403
2021-08-05,0.029875641327221085,0.0,1.0,0.029875641327221085,0.981195966887282,0.00384437113177194
2021-08-06,-0.021383758005402962,0.001,1.0,-0.022383758005402963,0.958812208881879,0.0005160519311206979
2021-08-09,0.006590118183436059,0.0,1.0,0.006590118183436059,0.965402327065315,0.0004071992833292182
2021-08-10,-0.0026874330224438223,0.0,1.0,-0.0026874330224438223,0.9627148940428712,0.002008032128514081
2021-08-11,-0.01863209898983007,0.0,1.0,-0.01863209898983007,0.9440827950530412,-0.003033093213453908
2021-08-12,-0.027424792645690824,0.0,1.0,-0.027424792645690824,0.9166580024073503,-0.006655076872928767
2021-08-13,-0.0013726848959221445,0.0,1.0,-0.0013726848959221445,0.9152853175114282,0.005988678935710645
2021-08-16,0.0035475857786058406,0.0,1.0,0.0035475857786058406,0.9188329032900341,-0.0005708383168423481
2021-08-17,-0.017009048991281753,0.0,1.0,-0.017009048991281753,0.9018238542987523,-0.004134142029537435
2021-08-18,-0.02164648346530037,0.0,1.0,-0.02164648346530037,0.8801773708334519,-0.0026491874914651437
2021-08-19,-0.04236206567934332,0.0,1.0,-0.04236206567934332,0.8378153051541086,-0.013582342954159499
2021-08-20,0.03821586306221704,0.0005,0.0,0.03771586306221704,0.8755311682163257,0.013436233412914333
2021-08-23,0.0,0.0,0.0,0.0,0.8755311682163257,0.01024489125075334
2021-08-24,0.0,0.0005,1.0,-0.0005,0.8750311682163256,0.01366594360086748
2021-08-25,0.0053593147975587695,0.0,1.0,0.0053593147975587695,0.8803904830138845,0.0021132035095228208
2021-08-26,0.0010603442722595152,0.0,1.0,0.0010603442722595152,0.881450827286144,-0.0018952032672235886
2021-08-27,0.00024539396015144576,0.0,1.0,0.00024539396015144576,0.8816962212462954,-0.002273213521608919
2021-08-30,0.04845786080246853,0.0,1.0,0.04845786080246853,0.9301540820487639,0.010132146782105389
2021-08-31,0.01475307212828481,0.0,1.0,0.01475307212828481,0.9449071541770487,0.009712087037282657
2021-09-01,-0.004035367344713072,0.0,1.0,-0.004035367344713072,0.9408717868323356,0.0013928674673464592
2021-09-02,-0.006077478797897996,0.0,1.0,-0.006077478797897996,0.9347943080344376,0.0024406886416123985
2021-09-03,-0.013888150102654097,0.0,1.0,-0.013888150102654097,0.9209061579317835,-0.007199518286776452
2021-09-07,0.02398062328471374,0.0,1.0,0.02398062328471374,0.9448867812164973,0.006486999630821
2021-09-08,-0.013495684000186196,0.001,1.0,-0.014495684000186197,0.9303910972163111,0.0006549989520017174
2021-09-09,-0.007114624505928936,0.0,1.0,-0.007114624505928936,0.9232764727103822,-0.002408818369858401
2021-09-10,0.0018445322793148955,0.0,1.0,0.0018445322793148955,0.9251210049896971,0.0005774126663342649
2021-09-13,-0.017918313570487475,0.0,1.0,-0.017918313570487475,0.9072026914192096,-0.00590194895469931
2021-09-14,-0.008695652173912998,0.0,1.0,-0.008695652173912998,0.8985070392452966,-0.002955301071296601
2021-09-15,-0.016337285902503412,0.0,1.0,-0.016337285902503412,0.8821697533427932,-0.005637008415815381
2021-09-16,0.007114624505928936,0.0,1.0,0.007114624505928936,0.8892843778487222,0.0025284113592207724
2021-09-17,0.008959156785243644,0.0,1.0,0.008959156785243644,0.8982435346339658,0.003026441541892355
2021-09-20,-0.07588932806324099,0.0,1.0,-0.07588932806324099,0.8223542065707248,-0.027314594251230728
2021-09-21,0.0,0.0,1.0,0.0,0.8223542065707248,0.00021768707482983096
2021-09-22,-0.0034255599472991453,0.0005,0.0,-0.003925559947299146,0.8184286466234256,-0.0013330431470700566
2021-09-23,0.0,0.0,0.0,0.0,0.8184286466234256,0.00999754828516175
2021-09-24,0.0,0.0005,1.0,-0.0005,0.8179286466234257,-0.00029668788434566995
2021-09-27,0.0059898198055599525,0.0,1.0,0.0059898198055599525,0.8239184664289856,-0.001214083367057861
2021-09-28,0.0315715154494031,0.0,1.0,0.0315715154494031,0.8554899818783888,-0.01223662884927057
2021-09-29,0.04675433408032523,0.0,1.0,0.04675433408032523,0.9022443159587139,-0.012306177701206011
2021-09-30,0.016751085082099684,0.0,1.0,0.016751085082099684,0.9189954010408137,-0.0005537558490461558
2021-10-01,0.01624764031090408,0.0,1.0,0.01624764031090408,0.9352430413517177,-0.0065656425741751345
2021-10-04,0.018237560085640314,0.0,1.0,0.018237560085640314,0.953480601437358,-0.00022308979364205062
2021-10-05,0.043901047177120386,0.0,1.0,0.043901047177120386,0.9973816486144784,-0.01341626687493025
2021-10-06,-0.0009288802619192415,0.0,1.0,-0.0009288802619192415,0.9964527683525591,0.0010460546775608037
2021-10-07,-0.08896631871839515,0.0,1.0,-0.08896631871839515,0.907486449634164,0.02462720289200182
2021-10-08,-0.010001082999408516,0.0005,0.0,-0.010501082999408516,0.8969853666347555,0.0035281146637264893
2021-10-11,0.0,0.0005,1.0,-0.0005,0.8964853666347555,-0.012359920896506282
2021-10-12,-0.01790633608815427,0.0,1.0,-0.01790633608815427,0.8785790305466012,0.0008343066911395969
2021-10-13,0.03994490358126722,0.0,1.0,0.03994490358126722,0.9185239341278685,-0.0010281204846059877
2021-10-14,-0.05785123966942149,0.0,1.0,-0.05785123966942149,0.860672694458447,0.011626936663792442
2021-10-15,-0.05509641873278237,0.0,1.0,-0.05509641873278237,0.8055762757256646,0.011520800681899424
2021-10-18,0.01928374655647383,0.0,1.0,0.01928374655647383,0.8248600222821384,-0.0007339349787973681
2021-10-19,-0.045454545454545456,0.0,1.0,-0.045454545454545456,0.779405476827593,0.016702483610347985
2021-10-20,-0.01928374655647383,0.0,1.0,-0.01928374655647383,0.7601217302711192,0.005859531772575144
2021-10-21,0.015151515151515152,0.0,1.0,0.015151515151515152,0.7752732454226343,-0.004734798106080684
2021-10-22,-0.030303030303030304,0.0,1.0,-0.030303030303030304,0.744970215119604,0.004864229206756443
2021-10-25,0.0027548209366391185,0.001,1.0,0.0017548209366391185,0.7467250360562432,-0.001117080695781758
2021-10-26,0.034520681112609364,0.0,1.0,0.034520681112609364,0.7812457171688525,0.012434764085632155
2021-10-27,-0.022724607231333724,0.0,1.0,-0.022724607231333724,0.7585211099375189,-0.0017094916234910995
2021-10-28,0.027699677004609784,0.0,1.0,0.027699677004609784,0.7862207869421286,0.006243743084461739
2021-10-29,-0.002432900059581761,0.0,1.0,-0.002432900059581761,0.7837878868825469,-0.0023301479251210955
2021-11-01,0.04345472576750614,0.0,1.0,0.04345472576750614,0.8272426126500529,0.014433422558127296
2021-11-02,0.02359700837279307,0.0,1.0,0.02359700837279307,0.850839621022846,0.0006208609271523002
2021-11-03,0.036832606855028455,0.0,1.0,0.036832606855028455,0.8876722278778745,0.00710961737331961
2021-11-04,0.05881479507040041,0.0,1.0,0.05881479507040041,0.9464870229482749,0.012655628289051535
2021-11-05,0.07640910658847873,0.0,1.0,0.07640910658847873,1.0228961295367536,0.014094504157371679
2021-11-08,0.016241023550440686,0.001,1.0,0.015241023550440685,1.0381371530871943,-0.0036746325367463806
2021-11-09,0.0276345387397004,0.0,1.0,0.0276345387397004,1.0657716918268947,0.0014802920440575296
2021-11-10,-0.06701139226305217,0.0,1.0,-0.06701139226305217,0.9987602995638426,-0.016760196412466177
2021-11-11,0.005511813254370537,0.0,1.0,0.005511813254370537,1.004272112818213,0.0002547965449588574
2021-11-12,0.00926237561491369,0.0,1.0,0.00926237561491369,1.0135344884331268,-0.0020378531217363216
2021-11-15,0.03522224148696624,0.0,1.0,0.03522224148696624,1.048756729920093,0.010567424764530209
2021-11-16,-0.026662122453512443,0.0,1.0,-0.026662122453512443,1.0220946074665807,-0.0051779444823318865
2021-11-17,0.04357299808145808,0.0,1.0,0.04357299808145808,1.0656676055480387,0.00987660590057371
2021-11-18,0.02232823497548287,0.0,1.0,0.02232823497548287,1.0879958405235215,0.004978001257071041
2021-11-19,0.013876791762848666,0.0,1.0,0.013876791762848666,1.1018726322863701,0.009256247967377895
2021-11-22,0.02185403896691117,0.001,1.0,0.020854038966911168,1.1227266712532813,0.005304513794214483
2021-11-23,-0.061308506964296704,0.0,1.0,-0.061308506964296704,1.0614181642889846,-0.018393865423971145
2021-11-24,-0.02472020186969716,0.0,1.0,-0.02472020186969716,1.0366979624192876,-0.007987742081334348
2021-11-26,0.004918533302994403,0.0,1.0,0.004918533302994403,1.041616495722282,0.0029878712683260034
2021-11-29,0.004438230344443582,0.0,1.0,0.004438230344443582,1.0460547260667254,-0.0005554012774230399
2021-11-30,0.033648542978355796,0.0,1.0,0.033648542978355796,1.0797032690450812,0.0071989694106948665
2021-12-01,-0.00036171914193057833,0.0,1.0,-0.00036171914193057833,1.0793415499031507,-0.0011536339469329082
2021-12-02,-0.08832655904030273,0.0,1.0,-0.08832655904030273,0.9910149908628479,-0.03133473937933107
2021-12-03,0.05176905493703318,0.0,1.0,0.05176905493703318,1.0427840457998812,0.014282011404872952
2021-12-06,-0.05382598363928347,0.0,1.0,-0.05382598363928347,0.9889580621605977,-0.0196263831744653
2021-12-07,0.06491871714641129,0.001,1.0,0.06391871714641129,1.052876779307009,0.024502776112399927
2021-12-08,-0.060210401201101015,0.0,1.0,-0.060210401201101015,0.992666378105908,0.013077882095514415
2021-12-09,0.01118421052631579,0.0,1.0,0.01118421052631579,1.0038505886322238,0.00045206821207033343
2021-12-10,0.000806989740595546,0.0,1.0,0.000806989740595546,1.0046575783728193,-0.004342914522404984
2021-12-13,0.003663775127199934,0.0,1.0,0.003663775127199934,1.0083213535000193,0.0034794009379255364
2021-12-14,0.10014596713654184,0.0,1.0,0.10014596713654184,1.108467320636561,-0.026884422110552753
2021-12-15,-0.018690049211777464,0.0,1.0,-0.018690049211777464,1.0897772714247835,0.0017557449005938253
2021-12-16,-0.09699099174243056,0.0,1.0,-0.09699099174243056,0.992786279682353,0.025929171606783763
2021-12-17,0.13836224872800068,0.0,1.0,0.13836224872800068,1.1311485284103537,-0.0370063310220079
2021-12-20,0.022681207773792643,0.0,1.0,0.022681207773792643,1.1538297361841463,-0.009770159922777966
2021-12-21,-0.06586245725248144,0.001,1.0,-0.06686245725248144,1.086967278931665,0.011816157970308216
2021-12-22,-0.03316839007070109,0.0,1.0,-0.03316839007070109,1.0537988888609637,0.012654602265329995
2021-12-23,-0.04476632821503099,0.0,1.0,-0.04476632821503099,1.009032560645933,0.013884960530714086
2021-12-27,-0.030347743482729624,0.0,1.0,-0.030347743482729624,0.9786848171632032,0.009992138165402897
2021-12-28,-0.05905254305914598,0.0,1.0,-0.05905254305914598,0.9196322741040572,0.015442561205273098
2021-12-29,0.02870479957641636,0.0,1.0,0.02870479957641636,0.9483370736804736,-0.006552917903066224
2021-12-30,-0.0003114585604385334,0.0,1.0,-0.0003114585604385334,0.948025615120035,-0.001045426260112059
2021-12-31,0.01817360700158844,0.0,1.0,0.01817360700158844,0.9661992221216235,-0.004161164129270034
2022-01-03,-0.0016001183542529666,0.0,1.0,-0.0016001183542529666,0.9645991037673706,-0.0015262973527498946
2022-01-04,-0.03452518142461146,0.0,1.0,-0.03452518142461146,0.9300739223427591,0.007993985716075569
2022-01-05,0.042854751300339486,0.001,1.0,0.041854751300339485,0.9719286736430985,-0.018645584725537012
2022-01-06,-0.07900534146120648,0.0,1.0,-0.07900534146120648,0.8929233321818921,-0.031210416983330824
2022-01-07,0.01422808915943476,0.0,1.0,0.01422808915943476,0.9071514213413269,0.00421003085612659
2022-01-10,-0.11122655296841245,0.0,1.0,-0.11122655296841245,0.7959248683729143,-0.02398250136708069
2022-01-11,0.025148122441178544,0.0,1.0,0.025148122441178544,0.8210729908140929,0.012099140920975415
2022-01-12,0.08478509851597325,0.0,1.0,0.08478509851597325,0.9058580893300662,0.02400126530558433
2022-01-13,0.03606959275849044,0.0,1.0,0.03606959275849044,0.9419276820885566,0.0007980229624671153
2022-01-14,-0.12559690864908601,0.0,1.0,-0.12559690864908601,0.8163307734394706,-0.03523934459963474
2022-01-18,0.030896264713447905,0.0,1.0,0.030896264713447905,0.8472270381529186,-0.0027461540512436766
2022-01-19,-0.04929031998470994,0.0,1.0,-0.04929031998470994,0.7979367181682085,-0.005052935514918255
2022-01-20,-0.0770251064484097,0.001,1.0,-0.0780251064484097,0.7199116117197988,-0.0063415289533789165
2022-01-21,0.11253069458982248,0.0,1.0,0.11253069458982248,0.8324423063096213,-0.02790773141512748
2022-01-24,0.12531801445322,0.0,1.0,0.12531801445322,0.9577603207628413,-0.03773611149748257
2022-01-25,-0.021361359575390468,0.0,1.0,-0.021361359575390468,0.9363989611874508,0.002211589887396892
2022-01-26,-0.07006242665017282,0.0,1.0,-0.07006242665017282,0.866336534537278,0.017999826924741225
2022-01-27,0.021194795994967278,0.0,1.0,0.021194795994967278,0.8875313305322453,-0.009945878552605647
2022-01-28,0.14190746555862171,0.0,1.0,0.14190746555862171,1.029438796090867,-0.0182312535775615
2022-01-31,-0.11186553721149067,0.0,1.0,-0.11186553721149067,0.9175732588793764,0.029647552692184442
2022-02-01,-0.16266056343240187,0.0,1.0,-0.16266056343240187,0.7549126954469745,0.0317950169875425
2022-02-02,-0.053463763863778144,0.0,1.0,-0.053463763863778144,0.7014489315831963,0.014625579672365108
2022-02-03,0.0735959521468371,0.0005,0.0,0.0730959521468371,0.7745448837300335,-0.030371051492860235
2022-02-04,0.0,0.0,0.0,0.0,0.7745448837300335,-0.012411792597551097
2022-02-07,0.0,0.0,0.0,0.0,0.7745448837300335,0.01282196113872569
2022-02-08,0.0,0.0005,1.0,-0.0005,0.7740448837300334,-0.012994255758184248
2022-02-09,-0.08063300678221552,0.0,1.0,-0.08063300678221552,0.6934118769478179,0.027686744264888707
2022-02-10,0.028887214267771914,0.0,1.0,0.028887214267771914,0.7222990912155898,-0.011656036947437887
2022-02-11,0.007786988193921125,0.0,1.0,0.007786988193921125,0.730086079409511,-0.0030318202047173726
2022-02-14,0.0969605626726953,0.0,1.0,0.0969605626726953,0.8270466420822062,-0.03331194375470803
2022-02-15,-0.05827681487063552,0.0,1.0,-0.05827681487063552,0.7687698272115708,0.018528673266183793
2022-02-16,-0.011303692539562923,0.0,1.0,-0.011303692539562923,0.7574661346720079,0.002578561106231003
2022-02-17,0.010047726701833709,0.0,1.0,0.010047726701833709,0.7675138613738416,-0.0030523995251822145
2022-02-18,0.050238633509168545,0.0,1.0,0.050238633509168545,0.8177524948830102,-0.01794522878040483
2022-02-22,0.07385079125847777,0.0,1.0,0.07385079125847777,0.8916032861414879,-0.022863081319823397
2022-02-23,-0.028133634765134388,0.001,1.0,-0.02913363476513439,0.8624696513763535,0.008360660580814638
2022-02-24,0.21512566290062257,0.0,1.0,0.21512566290062257,1.077595314276976,-0.06586194773233334
2022-02-25,-0.22596264699100763,0.0,1.0,-0.22596264699100763,0.8516326672859684,0.07047421904403461
2022-02-28,-0.012681577127046347,0.0,1.0,-0.012681577127046347,0.8389510901589221,0.0035158653423572606
2022-03-01,-0.026746599031588658,0.0,1.0,-0.026746599031588658,0.8122044911273334,0.009459577822545251
2022-03-02,0.021443394051187458,0.0,1.0,0.021443394051187458,0.8336478851785208,-0.007722342733188725
2022-03-03,-0.05833525478441319,0.0,1.0,-0.05833525478441319,0.7753126303941077,0.01996618864404809
2022-03-04,0.08277611252017524,0.0,1.0,0.08277611252017524,0.8580887429142829,-0.02883433829623072
2022-03-07,0.021443394051187458,0.0,1.0,0.021443394051187458,0.8795321369654704,-0.007503531073446146
2022-03-08,0.12105141803089695,0.0,1.0,0.12105141803089695,1.0005835549963673,-0.039254054374573855
2022-03-09,-0.08208439013142725,0.001,1.0,-0.08308439013142725,0.9174991648649401,0.023761765159697523
2022-03-10,0.013386293519357703,0.0,1.0,0.013386293519357703,0.9308854583842978,-0.00280331574981163
2022-03-11,-0.035527496269442384,0.0,1.0,-0.035527496269442384,0.8953579621148554,0.010579771476936006
2022-03-14,0.11078336217077252,0.0,1.0,0.11078336217077252,1.0061413242856279,-0.0334709260588657
2022-03-15,0.03829315316799872,0.0,1.0,0.03829315316799872,1.0444344774536267,-0.006963141769566472
2022-03-16,-0.14200173024635412,0.0,1.0,-0.14200173024635412,0.9024327472072725,0.03518449264522561
2022-03-17,-0.0744836725165472,0.0,1.0,-0.0744836725165472,0.8279490746907253,0.018665141343288116
2022-03-18,-0.030264205871851912,0.0,1.0,-0.030264205871851912,0.7976848688188733,0.01291485651801283
2022-03-21,-0.06074766782931898,0.0,1.0,-0.06074766782931898,0.7369372009895544,0.02176576997140689
2022-03-22,-0.0025766023088260874,0.0,1.0,-0.0025766023088260874,0.7343605986807282,0.0011136493432324368
2022-03-23,-0.007410407111404061,0.001,1.0,-0.008410407111404061,0.7259501915693243,0.009754984454776183
2022-03-24,-0.010058418767719256,0.0,1.0,-0.010058418767719256,0.715891772801605,-0.0005932035818196901
2022-03-25,0.07900745207665909,0.0,1.0,0.07900745207665909,0.794899224878264,0.016365178066704233
2022-03-28,-0.012431828271744123,0.0,1.0,-0.012431828271744123,0.78246739660652,-0.0006952362412747659
2022-03-29,0.08945223124435062,0.0,1.0,0.08945223124435062,0.8719196278508705,0.02660433016085051
2022-03-30,-0.00022159761984363673,0.0,1.0,-0.00022159761984363673,0.8716980302310269,0.0010165356465166031
2022-03-31,-0.054324351903112376,0.0,1.0,-0.054324351903112376,0.8173736783279145,-0.005510798185633936
2022-04-01,-0.04859546326467361,0.0,1.0,-0.04859546326467361,0.768778215063241,-0.012062956104999523
2022-04-04,-0.03287911849837532,0.0,1.0,-0.03287911849837532,0.7358990965648656,-0.0002756263609051679
2022-04-05,0.028982360524858957,0.0,1.0,0.028982360524858957,0.7648814570897245,0.014060819938794156
2022-04-06,-0.1360032546674475,0.0005,0.0,-0.1365032546674475,0.628378202422277,-0.033060547565319065
2022-04-07,0.0,0.0,0.0,0.0,0.628378202422277,-0.009588078166736902
2022-04-08,0.0,0.0,0.0,0.0,0.628378202422277,0.00022711787417661888
2022-04-11,0.0,0.0,0.0,0.0,0.628378202422277,-0.02131584922797458
2022-04-12,0.0,0.0,0.0,0.0,0.628378202422277,0.0027551405121661876
2022-04-13,0.0,0.0,0.0,0.0,0.628378202422277,-0.017237390097177174
2022-04-14,0.0,0.0,0.0,0.0,0.628378202422277,0.019540906415538517
2022-04-18,0.0,0.0,0.0,0.0,0.628378202422277,-0.026238309664010973
2022-04-19,0.0,0.0,0.0,0.0,0.628378202422277,0.002015710686230854
2022-04-20,0.0,0.0,0.0,0.0,0.628378202422277,0.026802354820578023
2022-04-21,0.0,0.0,0.0,0.0,0.628378202422277,-0.005474084531389534
2022-04-22,0.0,0.0005,1.0,-0.0005,0.6278782024222771,-0.03151887366377937
2022-04-25,0.08640245523141271,0.0,1.0,0.08640245523141271,0.7142806576536898,-0.03164727348867813
2022-04-26,-0.03790249284247311,0.0,1.0,-0.03790249284247311,0.6763781648112166,0.011552837240910607
2022-04-27,0.11685878258220253,0.0,1.0,0.11685878258220253,0.7932369473934192,-0.031239502855223478
2022-04-28,-0.07232663703934014,0.0,1.0,-0.07232663703934014,0.720910310354079,0.01453158491993456
2022-04-29,-0.050060919725067606,0.0,1.0,-0.050060919725067606,0.6708493906290114,0.005748019263632109
2022-05-02,0.08689330267028778,0.0,1.0,0.08689330267028778,0.7577426932992992,-0.03358047574915046
2022-05-03,-0.0820835721566888,0.0,1.0,-0.0820835721566888,0.6756591211426104,0.018124860147683997
2022-05-04,-0.030376609850929926,0.0,1.0,-0.030376609850929926,0.6452825112916805,0.002543171114599785
2022-05-05,-0.056360196693262005,0.0,1.0,-0.056360196693262005,0.5889223145984185,0.018352071654505142
2022-05-06,0.11940375058562029,0.001,1.0,0.11840375058562029,0.7073260651840387,-0.043730971491835136
2022-05-09,0.07270875763747454,0.0,1.0,0.07270875763747454,0.7800348228215133,-0.02402315484804618
2022-05-10,-0.022606924643584523,0.0,1.0,-0.022606924643584523,0.7574278981779288,0.003393963358376162
2022-05-11,0.06843177189409369,0.0,1.0,0.06843177189409369,0.8258596700720224,-0.019933663919083133
2022-05-12,0.12606924643584522,0.0,1.0,0.12606924643584522,0.9519289165078677,-0.03682482240986462
2022-05-13,-0.10183299389002037,0.0,1.0,-0.10183299389002037,0.8500959226178473,0.02877022090798409
2022-05-16,-0.05824847250509165,0.0,1.0,-0.05824847250509165,0.7918474501127557,0.014980386852427863
2022-05-17,-0.048472505091649694,0.0,1.0,-0.048472505091649694,0.743374945021106,0.014326170248209369
2022-05-18,0.027087576374745417,0.0,1.0,0.027087576374745417,0.7704625213958514,-0.009558219740515628
2022-05-19,0.1264765784114053,0.0,1.0,0.1264765784114053,0.8969390998072566,-0.04062479273064934
2022-05-20,-0.048374745417515366,0.0005,0.0,-0.04887474541751537,0.8480643543897413,0.013273877424038183
2022-05-23,0.0,0.0005,1.0,-0.0005,0.8475643543897413,-0.011530720158291485
2022-05-24,0.01059882046806046,0.0,1.0,0.01059882046806046,0.8581631748578018,-0.005608283002588421
2022-05-25,0.03912228467016339,0.0,1.0,0.03912228467016339,0.8972854595279651,-0.008381778741865631
2022-05-26,-0.05415140263151458,0.0,1.0,-0.05415140263151458,0.8431340568964506,0.016555248328725014
2022-05-27,-0.14815178438873977,0.0,1.0,-0.14815178438873977,0.6949822725077108,0.04166092824679812
2022-05-31,-0.06063541369268547,0.0,1.0,-0.06063541369268547,0.6343468588150254,0.021583922787069332
2022-06-01,-0.008884045321434652,0.0,1.0,-0.008884045321434652,0.6254628134935907,0.0045297181868186875
2022-06-02,0.053334062043706304,0.0,1.0,0.053334062043706304,0.678796875537297,-0.01810158791509653
2022-06-03,-0.04435917807995693,0.0,1.0,-0.04435917807995693,0.63443769745734,0.013711661472855408
2022-06-06,-0.022591870528831645,0.0,1.0,-0.022591870528831645,0.6118458269285083,0.0055658026728797605
2022-06-07,0.06479630641727366,0.0005,0.0,0.06429630641727366,0.676142133345782,-0.022333065164923616
2022-06-08,0.0,0.0,0.0,0.0,0.676142133345782,0.01724762186893125
2022-06-09,0.0,0.0,0.0,0.0,0.676142133345782,-0.010160168257563496
2022-06-10,0.0,0.0,0.0,0.0,0.676142133345782,-0.04007714687326358
2022-06-13,0.0,0.0,0.0,0.0,0.676142133345782,-0.04733526306827851
2022-06-14,0.0,0.0005,1.0,-0.0005,0.675642133345782,-0.007470956210902546
2022-06-15,-0.02088644753938973,0.0,1.0,-0.02088644753938973,0.6547556858063923,0.006320679968306653
2022-06-16,0.052583879012703165,0.0,1.0,0.052583879012703165,0.7073395648190954,-0.013689315176350747
2022-06-17,0.05748420142655638,0.0,1.0,0.05748420142655638,0.7648237662456518,-0.01237345331833506
2022-06-21,-0.07757798879371579,0.0,1.0,-0.07757798879371579,0.687245777451936,0.024138437798515655
2022-06-22,0.01480594155072762,0.0,1.0,0.01480594155072762,0.7020517190026636,-0.0008251121076233714
2022-06-23,-0.04226851809035996,0.0,1.0,-0.04226851809035996,0.6597832009123037,0.01683900617549905
2022-06-24,-0.028021139314195836,0.0,1.0,-0.028021139314195836,0.6317620615981079,0.015995197909678405
2022-06-27,-0.09799832402522687,0.0,1.0,-0.09799832402522687,0.533763737572881,0.02870647111976088
2022-06-28,0.0215702023612546,0.0,1.0,0.0215702023612546,0.5553339399341356,-0.010135135135135087
2022-06-29,0.10435261839207853,0.0005,0.0,0.10385261839207853,0.6591865583262142,-0.03276450511945406
2022-06-30,0.0,0.0005,1.0,-0.0005,0.6586865583262141,-0.00935074100211708
2022-07-01,0.05263157894736842,0.0,1.0,0.05263157894736842,0.7113181372735826,-0.006411398040961802
2022-07-05,0.13775037593984954,0.0,1.0,0.13775037593984954,0.8490685132134321,-0.0022943179781322875
2022-07-06,-0.11399097744360893,0.0,1.0,-0.11399097744360893,0.7350775357698232,0.03248176493837818
2022-07-07,-0.09278195488721805,0.0,1.0,-0.09278195488721805,0.6422955808826051,0.007934574560640284
2022-07-08,-0.02469172932330827,0.0,1.0,-0.02469172932330827,0.6176038515592968,0.008459068466664332
2022-07-11,-0.012150375939849623,0.0,1.0,-0.012150375939849623,0.6054534756194472,0.0027389756231170903
2022-07-12,-0.00015037593984962405,0.0,1.0,-0.00015037593984962405,0.6053030996795976,-0.008740781207320358
2022-07-13,0.07413533834586467,0.0,1.0,0.07413533834586467,0.6794384380254622,-0.03348029760264526
2022-07-14,-0.07082706766917293,0.0,1.0,-0.07082706766917293,0.6086113703562893,0.008517462580185375
2022-07-15,-0.1069172932330827,0.0005,0.0,-0.1074172932330827,0.5011940771232066,0.023817096010459782
2022-07-18,0.0,0.0005,1.0,-0.0005,0.5006940771232067,0.017222931695026533
2022-07-19,-0.013897662665824423,0.0,1.0,-0.013897662665824423,0.4867964144573822,-0.005462812160694996
2022-07-20,0.0770688566013897,0.0,1.0,0.0770688566013897,0.5638652710587719,0.019173689058715082
2022-07-21,0.10675931775110556,0.0,1.0,0.10675931775110556,0.6706245888098774,0.01596759615706489
2022-07-22,0.020214782059380938,0.0,1.0,0.020214782059380938,0.6908393708692584,0.009654036243821995
2022-07-25,-0.10202147820593799,0.0,1.0,-0.10202147820593799,0.5888178926633203,-0.01439154129817588
2022-07-26,-0.01889450410612778,0.0,1.0,-0.01889450410612778,0.5699233885571926,-0.011555526124097826
2022-07-27,0.02489576753000642,0.0,1.0,0.02489576753000642,0.594819156087199,0.0017083710179883749
2022-07-28,0.09696778269109287,0.0,1.0,0.09696778269109287,0.6917869387782919,0.025247458533975253
2022-07-29,-0.017744788376500252,0.0,1.0,-0.017744788376500252,0.6740421504017917,0.015639779510094876
2022-08-01,0.05280480101073902,0.001,1.0,0.05180480101073902,0.7258469514125307,0.007273953465966487
2022-08-02,-0.003145570410074668,0.0,1.0,-0.003145570410074668,0.7227013810024561,-0.0023274350390561915
2022-08-03,0.029421157835211355,0.0,1.0,0.029421157835211355,0.7521225388376673,0.010002556563978082
2022-08-04,0.07133177202142899,0.0,1.0,0.07133177202142899,0.8234543108590964,0.021895269735801248
2022-08-05,-0.032359169949130864,0.0,1.0,-0.032359169949130864,0.7910951409099655,-0.011703873424776412
2022-08-08,0.009708141234131088,0.0,1.0,0.009708141234131088,0.8008032821440966,0.010965255803753182
2022-08-09,-0.05671588712661081,0.0,1.0,-0.05671588712661081,0.7440873950174858,-0.012147881868046828
2022-08-10,0.024509546257676432,0.0,1.0,0.024509546257676432,0.7685969412751621,0.018257677949618856
2022-08-11,0.05405860939194973,0.0,1.0,0.05405860939194973,0.8226555506671118,0.011445207800610202
2022-08-12,-0.017160631553337243,0.0,1.0,-0.017160631553337243,0.8054949191137746,-0.0064878695115822005
2022-08-15,0.04192831293128994,0.001,1.0,0.04092831293128994,0.8464232320450646,0.009948647198589677
2022-08-16,0.01755165406006578,0.0,1.0,0.01755165406006578,0.8639748861051304,0.007998907170177816
2022-08-17,-0.04436330914026085,0.0,1.0,-0.04436330914026085,0.8196115769648695,-0.008989474635226147
2022-08-18,-0.0142805636315813,0.0,1.0,-0.0142805636315813,0.8053310133332883,-0.0019144862795149598
2022-08-19,-0.0023520487101862126,0.0,1.0,-0.0023520487101862126,0.802978964623102,-0.006911460236268319
2022-08-22,-0.080393209937662,0.0,1.0,-0.080393209937662,0.72258575468544,-0.023515344758868073
2022-08-23,-0.04339526119817226,0.0,1.0,-0.04339526119817226,0.6791904934872677,-0.013751962323390932
2022-08-24,0.002143147179691854,0.0,1.0,0.002143147179691854,0.6813336406669596,-0.0016235833439449676
2022-08-25,0.017954655241215707,0.0,1.0,0.017954655241215707,0.6992882959081752,0.010267529734383274
2022-08-26,0.05621076376699842,0.0,1.0,0.05621076376699842,0.7554990596751736,0.010889120348451797
2022-08-29,-0.15486554292395138,0.0005,0.0,-0.15536554292395138,0.6001335167512223,-0.048894717122517695
2022-08-30,0.0,0.0,0.0,0.0,0.6001335167512223,0.004858512244763968
2022-08-31,0.0,0.0005,1.0,-0.0005,0.5996335167512223,-0.006893172165958861
2022-09-01,0.09982835540154077,0.0,1.0,0.09982835540154077,0.699461872152763,-0.02391526037040681
2022-09-02,-0.06343078230322735,0.0,1.0,-0.06343078230322735,0.6360310898495357,0.01894041520625489
2022-09-06,0.07452830125949278,0.0,1.0,0.07452830125949278,0.7105593911090284,-0.02209433088575763
2022-09-07,0.03164344187064304,0.0,1.0,0.03164344187064304,0.7422028329796715,-0.007170398430629832
2022-09-08,-0.030786590060471047,0.0,1.0,-0.030786590060471047,0.7114162429192005,0.011276146351434146
2022-09-09,-0.09715931363116231,0.0,1.0,-0.09715931363116231,0.6142569292880382,0.020144854303520088
2022-09-12,-0.05062155252473817,0.0,1.0,-0.05062155252473817,0.5636353767633,0.01872337615163633
2022-09-13,0.08582602691063299,0.0,1.0,0.08582602691063299,0.649461403673933,-0.021717990275526677
2022-09-14,0.05553594884896263,0.0,1.0,0.05553594884896263,0.7049973525228956,-0.022978793903247197
2022-09-15,0.005489891838816685,0.001,1.0,0.004489891838816685,0.7094872443617124,-0.0026961490851745706
2022-09-16,0.06605386917486104,0.0,1.0,0.06605386917486104,0.7755411135365734,-0.02159349814669964
2022-09-19,0.011543394613082514,0.0,1.0,0.011543394613082514,0.7870845081496559,-0.005630474072014446
2022-09-20,-0.026507054296707994,0.0,1.0,-0.026507054296707994,0.760577453852948,0.008353722474659264
2022-09-21,-0.011543394613082514,0.0,1.0,-0.011543394613082514,0.7490340592398654,0.0038129571215639313
2022-09-22,0.08550662676357418,0.0,1.0,0.08550662676357418,0.8345406860034397,-0.026209468558997084
2022-09-23,0.053441641727233855,0.0,1.0,0.053441641727233855,0.8879823277306734,-0.015780141843971585
2022-09-26,0.03206498503634032,0.0,1.0,0.03206498503634032,0.9200473127670138,-0.009079445145019016
2022-09-27,-0.03826421547669944,0.0,1.0,-0.03826421547669944,0.8817830972903143,0.010107988219467012
2022-09-28,0.04553227875160325,0.0,1.0,0.04553227875160325,0.9273153760419176,-0.012058601202260655
2022-09-29,-0.02170158187259522,0.001,1.0,-0.02270158187259522,0.9046137941693224,0.005100925453618066
2022-09-30,0.06635311519480705,0.0,1.0,0.06635311519480705,0.9709669093641294,-0.017508881316609992
2022-10-03,-0.00391070525451658,0.0,1.0,-0.00391070525451658,0.9670562041096128,-0.007231671770652648
2022-10-04,-0.13895010968263,0.0,1.0,-0.13895010968263,0.8281060944269829,0.036867729587096276
2022-10-05,-0.002723547633803207,0.0,1.0,-0.002723547633803207,0.8253825467931797,-0.0025448940822252464
2022-10-06,-0.04420479221027035,0.0,1.0,-0.04420479221027035,0.7811777545829093,0.009630587897082155
2022-10-07,0.0737810572165622,0.0,1.0,0.0737810572165622,0.8549588117994715,-0.021141799544419082
2022-10-10,0.07108590158741246,0.0,1.0,0.07108590158741246,0.926044713386884,-0.02079848738273571
2022-10-11,0.10026771248641424,0.0,1.0,0.10026771248641424,1.0263124258732983,-0.017081321945785488
2022-10-12,0.027458668370333346,0.0,1.0,0.027458668370333346,1.0537710942436316,-0.004911220249338877
2022-10-13,0.14342605907825504,0.001,1.0,0.14242605907825504,1.1961971533218865,-0.03128321943811685
2022-10-14,-0.19217335309737563,0.0,1.0,-0.19217335309737563,1.004023800224511,0.06286251763599315
2022-10-17,0.04788682151914886,0.0,1.0,0.04788682151914886,1.0519106217436598,-0.016076696165191806
2022-10-18,-0.07911588509286402,0.0,1.0,-0.07911588509286402,0.9727947366507959,0.036313895967621024
2022-10-19,0.0743690688081128,0.0,1.0,0.0743690688081128,1.0471638054589085,-0.0238672115141213
2022-10-20,-0.021150703616670718,0.0,1.0,-0.021150703616670718,1.0260131018422378,-0.001296632460267566
2022-10-21,0.010084900625612968,0.0,1.0,0.010084900625612968,1.0360980024678508,-0.005935158394539508
2022-10-24,-0.08844666223326227,0.0,1.0,-0.08844666223326227,0.9476513402345885,0.02877080379132768
2022-10-25,-0.02209869307709001,0.0,1.0,-0.02209869307709001,0.9255526471574986,0.013493416518553625
2022-10-26,0.0022388342940595175,0.0,1.0,0.0022388342940595175,0.9277914814515581,-0.003400021473820014
2022-10-27,-0.00877922577484456,0.001,1.0,-0.009779225774844559,0.9180122556767135,-0.005997270703152924
2022-10-28,-0.05799147631844138,0.0,1.0,-0.05799147631844138,0.8600207793582721,-0.01647458361935039
2022-10-31,0.07476801310043668,0.0,1.0,0.07476801310043668,0.9347887924587088,0.02457480806670831
2022-11-01,0.019465905273765474,0.0,1.0,0.019465905273765474,0.9542546977324743,0.009232037860318343
2022-11-02,-0.04273807524353372,0.0,1.0,-0.04273807524353372,0.9115166224889406,-0.02278903710545488
2022-11-03,-0.14454001511588846,0.0,1.0,-0.14454001511588846,0.7669766073730522,-0.043878144539770236
2022-11-04,0.0628354887470608,0.0,1.0,0.0628354887470608,0.829812096120113,0.009581384738222898
2022-11-07,0.030633817601612393,0.0,1.0,0.030633817601612393,0.8604459137217253,0.0008285316160132616
2022-11-08,0.06249265199865636,0.0,1.0,0.06249265199865636,0.9229385657203817,0.012756349952963264
2022-11-09,-0.02787243869667451,0.0,1.0,-0.02787243869667451,0.8950661270237072,-0.005127442966485818
2022-11-10,0.09660039469264362,0.001,1.0,0.09560039469264361,0.9906665217163508,0.03081117418583812
2022-11-11,-0.08842261858641576,0.0,1.0,-0.08842261858641576,0.9022439031299351,0.02373102423825224
2022-11-14,-0.03331732035765756,0.0,1.0,-0.03331732035765756,0.8689265827722775,0.011678935447338556
2022-11-15,-0.0592738373804838,0.0,1.0,-0.0592738373804838,0.8096527453917937,0.022213671027775606
2022-11-16,0.044358525359904546,0.0,1.0,0.044358525359904546,0.8540112707516982,-0.01649498648232428
2022-11-17,0.060048658784150256,0.0,1.0,0.060048658784150256,0.9140599295358485,-0.022652145168586157
2022-11-18,-0.06441090328679248,0.0,1.0,-0.06441090328679248,0.849649026249056,0.02495727712902296
2022-11-21,0.04271590398413175,0.0,1.0,0.04271590398413175,0.8923649302331877,-0.015596234672965448
2022-11-22,0.006973392632998094,0.0,1.0,0.006973392632998094,0.8993383228661859,-0.0026817219477769383
2022-11-23,-0.031767677550324655,0.0,1.0,-0.031767677550324655,0.8675706453158611,0.011781771865270407
2022-11-25,-0.011234910353163596,0.001,1.0,-0.012234910353163597,0.8553357349626975,0.004266181767318189
2022-11-28,-0.041408107479710195,0.0,1.0,-0.041408107479710195,0.8139276274829874,-0.007973815244263438
2022-11-29,-0.02635616154412082,0.0,1.0,-0.02635616154412082,0.7875714659388666,-0.006879606879606759
2022-11-30,-0.01467471828100098,0.0,1.0,-0.01467471828100098,0.7728967476578656,-0.007422068283028271
2022-12-01,0.14943516423124986,0.0,1.0,0.14943516423124986,0.9223319118891155,0.04575559037174193
2022-12-02,-0.0891297069931495,0.0,1.0,-0.0891297069931495,0.833202204895966,-0.017535496612073875
2022-12-05,0.021652833281399865,0.0,1.0,0.021652833281399865,0.8548550381773659,0.006376932141124225
2022-12-06,-0.02556795518405918,0.0,1.0,-0.02556795518405918,0.8292870829933067,-0.0099869136992905
2022-12-07,-0.07936522114438563,0.0,1.0,-0.07936522114438563,0.749921861848921,-0.024384304995130113
2022-12-08,0.025516953596055197,0.0,1.0,0.025516953596055197,0.7754388154449762,0.00513423895603804
2022-12-09,0.026903743366554805,0.0005,0.0,0.026403743366554804,0.801842558811531,0.003192508247312986
2022-12-12,0.0,0.0,0.0,0.0,0.801842558811531,-0.002086206286906367
2022-12-13,0.0,0.0,0.0,0.0,0.801842558811531,0.05113032386081762
2022-12-14,0.0,0.0005,1.0,-0.0005,0.801342558811531,-0.02899039271869197
2022-12-15,-0.07797537710839919,0.0,1.0,-0.07797537710839919,0.7233671817031317,-0.019857663600069575
2022-12-16,-0.06917301648743707,0.0,1.0,-0.06917301648743707,0.6541941652156947,-0.021712180781355173
2022-12-19,-0.01151162488565657,0.0,1.0,-0.01151162488565657,0.6426825403300382,-0.008435916002896393
2022-12-20,-0.05695084682413468,0.0,1.0,-0.05695084682413468,0.5857316935059035,-0.019388761091028606
2022-12-21,0.02328957914296244,0.0,1.0,0.02328957914296244,0.609021272648866,0.0075960679177837775
2022-12-22,-0.007381271065670648,0.0,1.0,-0.007381271065670648,0.6016400015831953,-0.0008130081300814496
2022-12-23,-0.058111436606280875,0.0,1.0,-0.058111436606280875,0.5435285649769144,-0.018159627191360217
2022-12-27,0.005255466331237128,0.0,1.0,0.005255466331237128,0.5487840313081516,0.004783968056654153
2022-12-28,-0.03374121646065424,0.0,1.0,-0.03374121646065424,0.5150428148474973,-0.01338381944965128
2022-12-29,0.004861552032331315,0.001,1.0,0.0038615520323313146,0.5189043668798285,-0.0007979632936886416
2022-12-30,-0.009271995727439392,0.0,1.0,-0.009271995727439392,0.5096323711523891,0.002509887435351521
2023-01-03,-0.07191467973768943,0.0,1.0,-0.07191467973768943,0.43771769141469974,0.019080494651392055
2023-01-04,0.024470487493003172,0.0,1.0,0.024470487493003172,0.4621881789077029,-0.0074818537130094676
2023-01-05,0.015764340723014483,0.0,1.0,0.015764340723014483,0.4779525196307174,-0.009750975097509662
2023-01-06,-0.0036500223385079935,0.0,1.0,-0.0036500223385079935,0.4743024972922094,-0.002613240418118501
2023-01-09,-0.11397658821656542,0.0,1.0,-0.11397658821656542,0.360325909075644,0.028403265616100182
2023-01-10,0.01171661163348414,0.0,1.0,0.01171661163348414,0.37204252070912813,-0.004947753203116245
2023-01-11,-0.042474212289431754,0.0,1.0,-0.042474212289431754,0.3295683084196964,0.016438457827748776
2023-01-12,-0.0377038709809943,0.0,1.0,-0.0377038709809943,0.29186443743870216,0.015332943925233655
2023-01-13,0.012349728599966109,0.0005,0.0,0.011849728599966108,0.3037141660386683,-0.005824823817057401
2023-01-17,0.0,0.0,0.0,0.0,0.3037141660386683,0.015443037974683493
2023-01-18,0.0,0.0,0.0,0.0,0.3037141660386683,0.008334223741852886
2023-01-19,0.0,0.0,0.0,0.0,0.3037141660386683,-0.0243368302073399
2023-01-20,0.0,0.0,0.0,0.0,0.3037141660386683,0.0020635725146622708
2023-01-23,0.0,0.0005,1.0,-0.0005,0.30321416603866835,0.024386719173380644
2023-01-24,0.03891050583657591,0.0,1.0,0.03891050583657591,0.3421246718752443,0.013296183959935037
2023-01-25,-0.03891050583657591,0.0,1.0,-0.03891050583657591,0.30321416603866835,-0.012321186175211496
2023-01-26,0.08073929961089495,0.0,1.0,0.08073929961089495,0.38395346564956334,0.026253656129964664
2023-01-27,0.006809338521400806,0.0,1.0,0.006809338521400806,0.3907628041709641,0.0026783874733877777
2023-01-30,0.009727626459143934,0.0,1.0,0.009727626459143934,0.40049043063010803,0.0031849315068492867
2023-01-31,-0.03015564202334618,0.0,1.0,-0.03015564202334618,0.37033478860676183,-0.008944116341788155
2023-02-01,0.04474708171206217,0.0,1.0,0.04474708171206217,0.41508187031882404,0.014122834211704793
2023-02-02,0.1507782101167316,0.0,1.0,0.1507782101167316,0.5658600804355556,0.04469956862878277
2023-02-03,-0.03599221789883278,0.0,1.0,-0.03599221789883278,0.5298678625367228,-0.008550898982345512
2023-02-06,-0.018482490272373493,0.001,1.0,-0.019482490272373493,0.5103853722643494,-0.0046894471043483765
2023-02-07,0.0031017369727046485,0.0,1.0,0.0031017369727046485,0.5134871092370541,-0.00016473921781823275
2023-02-08,0.058986446258535975,0.0,1.0,0.058986446258535975,0.57247355549559,0.01674026230804726
2023-02-09,0.0,0.0,1.0,0.0,0.57247355549559,0.0009723212549423987
2023-02-10,-0.0856883558496461,0.0,1.0,-0.0856883558496461,0.4867851996459439,-0.03030695505763492
2023-02-13,0.0054777374202339395,0.0,1.0,0.0054777374202339395,0.49226293706617785,0.0055095498864699
2023-02-14,0.01022274567155345,0.0,1.0,0.01022274567155345,0.5024856827377313,0.00584465181151006
2023-02-15,0.032924863044077636,0.0,1.0,0.032924863044077636,0.535410545781809,0.006636072501568169
2023-02-16,-0.008585967562124644,0.0,1.0,-0.008585967562124644,0.5268245782196843,-0.0017054772056411815
2023-02-17,-0.036884697298441994,0.0,1.0,-0.036884697298441994,0.4899398809212423,-0.01087456468887571
2023-02-21,-0.05586278235296465,0.001,1.0,-0.05686278235296465,0.4330770985682777,-0.012654864317268366
2023-02-22,-0.02770562770562773,0.0,1.0,-0.02770562770562773,0.40537147086265,-0.008881114176142013
2023-02-23,0.031168831168831117,0.0,1.0,0.031168831168831117,0.4365403020314811,0.011370579050981044
2023-02-24,-0.061471861471861386,0.0,1.0,-0.061471861471861386,0.37506844055961974,-0.02084102426418777
2023-02-27,0.031168831168831117,0.0,1.0,0.031168831168831117,0.4062372717284508,0.011344941047436219
2023-02-28,-0.017316017316017406,0.0,1.0,-0.017316017316017406,0.3889212544124334,-0.005998576608940209
2023-03-01,-0.0008658008658008473,0.0,1.0,-0.0008658008658008473,0.3880554535466326,-0.00013637913399255908
2023-03-02,-0.04502164502164498,0.0,1.0,-0.04502164502164498,0.34303380852498766,-0.01568573961672226
2023-03-03,0.06406926406926408,0.0,1.0,0.06406926406926408,0.4071030725942517,0.023314626203838396
2023-03-06,0.05454545454545461,0.0,1.0,0.05454545454545461,0.4616485271397063,0.018788719997291814
2023-03-07,-0.008658008658008781,0.0005,0.0,-0.009158008658008782,0.4524905184816975,-0.0028909417159567186
2023-03-08,0.0,0.0,0.0,0.0,0.4524905184816975,-0.010997433932082523
2023-03-09,0.0,0.0,0.0,0.0,0.4524905184816975,0.005256596017117587
2023-03-10,0.0,0.0005,1.0,-0.0005,0.4519905184816976,-0.01843596017832605
2023-03-13,0.06426212852425704,0.0,1.0,0.06426212852425704,0.5162526470059546,-0.020831198989174515
2023-03-14,-0.0806502413004826,0.0,1.0,-0.0806502413004826,0.43560240570547204,0.026436019949080958
2023-03-15,-0.006471932943865891,0.0,1.0,-0.006471932943865891,0.4291304727616061,0.001359111141313596
2023-03-16,-0.029210058420116838,0.0,1.0,-0.029210058420116838,0.3999204143414893,0.011163516677411778
2023-03-17,-0.08305816611633222,0.0,1.0,-0.08305816611633222,0.3168622482251571,0.02926174496644296
2023-03-20,0.017780035560071118,0.0,1.0,0.017780035560071118,0.3346422837852282,-0.008020344287950065
2023-03-21,-0.031242062484124963,0.0,1.0,-0.031242062484124963,0.3034002213011032,0.012094918819430811
2023-03-22,-0.02451612903225806,0.0,1.0,-0.02451612903225806,0.27888409226884514,0.007566409040722144
2023-03-23,0.0017780035560071119,0.0,1.0,0.0017780035560071119,0.28066209582485224,-0.0011280497631094288
2023-03-24,0.0057200914401828755,0.001,1.0,0.0047200914401828754,0.28538218726503517,-0.0019359834796076614
2023-03-27,0.0006716870793335404,0.0,1.0,0.0006716870793335404,0.2860538743443687,0.0073710073710073765
2023-03-28,-0.04253282577512971,0.0,1.0,-0.04253282577512971,0.24352104856923895,-0.011007702182284973
2023-03-29,0.025928224649674536,0.0,1.0,0.025928224649674536,0.26944927321891354,0.008793847551676004
2023-03-30,0.06235380116959067,0.0,1.0,0.06235380116959067,0.3318030743885042,0.014024704065877636
2023-03-31,-0.0023102173673177537,0.0,1.0,-0.0023102173673177537,0.32949285702118647,0.0021253648014212256
2023-04-03,0.0238910956636876,0.0,1.0,0.0238910956636876,0.3533839526848741,0.009053211357665125
2023-04-04,0.007971973960057364,0.0,1.0,0.007971973960057364,0.36135592664493144,0.0057408162625092185
2023-04-05,-0.060733200926845435,0.0,1.0,-0.060733200926845435,0.300622725718086,-0.007797878976918304
2023-04-06,-0.04343898267681784,0.0,1.0,-0.04343898267681784,0.25718374304126823,-0.012134548883998786
2023-04-10,-0.003187410349773771,0.001,1.0,-0.0041874103497737715,0.25299633269149446,0.0026412932790222943
2023-04-11,0.027027027027026983,0.0,1.0,0.027027027027026983,0.28002335971852144,0.008759958104548105
2023-04-12,-0.0007507507507507348,0.0,1.0,-0.0007507507507507348,0.27927260896777073,-3.146336091619517e-05
2023-04-13,-0.030030030030030058,0.0,1.0,-0.030030030030030058,0.2492425789377407,-0.009407840916241916
2023-04-14,0.024774774774774782,0.0,1.0,0.024774774774774782,0.27401735371251545,0.008766635962265346
2023-04-17,0.006006006006006011,0.0,1.0,0.006006006006006011,0.28002335971852144,0.0017632797002424816
2023-04-18,0.027027027027026983,0.0,1.0,0.027027027027026983,0.3070503867455484,0.008926606946409121
2023-04-19,-0.04504504504504502,0.0,1.0,-0.04504504504504502,0.2620053417005034,-0.014268357269696774
2023-04-20,-0.0075075075075074806,0.0,1.0,-0.0075075075075074806,0.2544978341929959,-0.0022755285863279573
2023-04-21,0.0007507507507507348,0.0,1.0,0.0007507507507507348,0.2552485849437466,0.0006968861858152042
2023-04-24,0.004504504504504542,0.0005,0.0,0.004004504504504541,0.2592530894482511,0.0014877655028329162
2023-04-25,0.0,0.0,0.0,0.0,0.2592530894482511,-0.0066059801504518845
2023-04-26,0.0,0.0,0.0,0.0,0.2592530894482511,-0.0027045085748831355
2023-04-27,0.0,0.0,0.0,0.0,0.2592530894482511,0.007210311383358814
2023-04-28,0.0,0.0005,1.0,-0.0005,0.25875308944825115,0.01396895787139707
2023-05-01,0.01808972503617945,0.0,1.0,0.01808972503617945,0.2768428144844306,0.006185373777763736
2023-05-02,0.0,0.0,1.0,0.0,0.2768428144844306,9.314166847773642e-05
2023-05-03,-0.023154848046309715,0.0,1.0,-0.023154848046309715,0.25368796643812086,-0.0073575065193095535
2023-05-04,-0.026049204052098367,0.0,1.0,-0.026049204052098367,0.22763876238602254,-0.0084128225175919
2023-05-05,0.01230101302460202,0.0,1.0,0.01230101302460202,0.2399397754106246,0.004447107802939554
2023-05-08,0.03545586107091173,0.0,1.0,0.03545586107091173,0.2753956364815363,0.012403052092818667
2023-05-09,-0.004341534008683104,0.0,1.0,-0.004341534008683104,0.2710541024728532,-0.0013026487190621605
2023-05-10,0.019536903039073773,0.0,1.0,0.019536903039073773,0.29059100551192696,0.0065838509316771265
2023-05-11,0.013748191027496345,0.0,1.0,0.013748191027496345,0.3043391965394233,0.004874737751449976
2023-05-12,0.010130246020260534,0.001,1.0,0.009130246020260534,0.3134694425596839,0.0031931225053731804
2023-05-15,-0.008304082147576792,0.0,1.0,-0.008304082147576792,0.30516536041210707,-0.0037644610393585687
2023-05-16,0.03308582206063048,0.0,1.0,0.03308582206063048,0.33825118247273755,0.0016896562317594288
2023-05-17,0.02756877935792718,0.0,1.0,0.02756877935792718,0.3658199618306648,0.006685886033245492
2023-05-18,0.04471782071496308,0.0,1.0,0.04471782071496308,0.4105377825456279,0.00999268827687061
2023-05-19,0.07217760295273441,0.0,1.0,0.07217760295273441,0.48271538549836235,0.018007963320463505
2023-05-22,-0.029793432331397574,0.0,1.0,-0.029793432331397574,0.4529219531669648,-0.0036741829387537672
2023-05-23,0.007816857770116996,0.0,1.0,0.007816857770116996,0.4607388109370818,-0.0010706319702602496
2023-05-24,-0.06812465016999675,0.0,1.0,-0.06812465016999675,0.392614160767085,-0.013456786447944236
2023-05-25,0.1156831630142561,0.0,1.0,0.1156831630142561,0.5082973237813411,0.023448109364154757
2023-05-26,0.0745252704143631,0.001,1.0,0.0735252704143631,0.5818225941957041,0.004776788346995353
2023-05-30,0.1660393501316787,0.0,1.0,0.1660393501316787,0.7478619443273828,0.03506867003169378
2023-05-31,-0.09173607723530908,0.0,1.0,-0.09173607723530908,0.6561258670920738,-0.012304726262368448
2023-06-01,-0.009391967977679135,0.0,1.0,-0.009391967977679135,0.6467338991143946,-0.0018371271923529608
2023-06-02,0.057901559325330816,0.0,1.0,0.057901559325330816,0.7046354584397254,0.017456072239956377
2023-06-05,-0.02039447390056252,0.0,1.0,-0.02039447390056252,0.6842409845391628,0.0017806670435274174
2023-06-06,-0.030839263814868585,0.0,1.0,-0.030839263814868585,0.6534017207242944,-0.0004232147391587393
2023-06-07,0.04355655650635737,0.0,1.0,0.04355655650635737,0.6969582772306517,0.002399232245681393
2023-06-08,-0.038228013148116816,0.0,1.0,-0.038228013148116816,0.6587302640825349,-0.016923380170641766
2023-06-09,0.056212150914608655,0.0,1.0,0.056212150914608655,0.7149424149971435,0.015782538955086967
2023-06-12,0.011552015755857063,0.001,1.0,0.010552015755857062,0.7254944307530006,0.004398951019372266
2023-06-13,0.11163793103448276,0.0,1.0,0.11163793103448276,0.8371323617874833,0.01993318172885261
2023-06-14,-0.020689655172413814,0.0,1.0,-0.020689655172413814,0.8164427066150696,-5.505243744674537e-05
2023-06-15,0.018965517241379366,0.0,1.0,0.018965517241379366,0.8354082238564489,0.0036887163817547197
2023-06-16,0.043965517241379294,0.0,1.0,0.043965517241379294,0.8793737410978282,0.02224294451605835
2023-06-20,-0.08232758620689656,0.0,1.0,-0.08232758620689656,0.7970461548909317,-0.01816376904915229
2023-06-21,-0.02974137931034473,0.0,1.0,-0.02974137931034473,0.7673047755805869,-0.0005738488864598379
2023-06-22,-0.08146551724137933,0.0,1.0,-0.08146551724137933,0.6858392583392076,-0.0139716738666813
2023-06-23,-0.014224137931034563,0.0,1.0,-0.014224137931034563,0.6716151204081731,0.004381221750825004
2023-06-26,0.015948275862069008,0.0,1.0,0.015948275862069008,0.687563396270242,-0.000579774164158886
2023-06-27,-0.001293103448275911,0.0005,0.0,-0.001793103448275911,0.685770292821966,-0.007596685082872923
2023-06-28,0.0,0.0,0.0,0.0,0.685770292821966,0.0075991649269311345
2023-06-29,0.0,0.0005,1.0,-0.0005,0.685270292821966,0.006243438864025563
2023-06-30,0.022750992234103186,0.0,1.0,0.022750992234103186,0.7080212850560692,0.00908741489128051
2023-07-03,0.0244720168064394,0.0,1.0,0.0244720168064394,0.7324933018625086,0.006856210039450472
2023-07-05,-0.011696897350558025,0.0,1.0,-0.011696897350558025,0.7207964045119506,-0.0037155132812710656
2023-07-06,-0.05896490256379126,0.0,1.0,-0.05896490256379126,0.6618315019481593,-0.0059263076526668845
2023-07-07,0.01274909122484009,0.0,1.0,0.01274909122484009,0.6745805931729995,0.0019644757305394833
2023-07-10,-0.0039303682646946985,0.0,1.0,-0.0039303682646946985,0.6706502249083048,-0.0034583231217494292
2023-07-11,0.03482503549112643,0.0,1.0,0.03482503549112643,0.7054752603994312,0.002268007432506325
2023-07-12,0.038881013680522575,0.0,1.0,0.038881013680522575,0.7443562740799538,0.015131274026009223
2023-07-13,0.03717980006946482,0.0,1.0,0.03717980006946482,0.7815360741494186,0.00996401138744174
2023-07-14,0.03245667722127233,0.001,1.0,0.03145667722127233,0.8129927513706909,0.009400345698710177
2023-07-17,-0.018708918498549297,0.0,1.0,-0.018708918498549297,0.7942838328721415,0.0005664080508978042
2023-07-18,0.0352527703637826,0.0,1.0,0.0352527703637826,0.8295366032359242,0.005687203791469031
2023-07-19,0.03151844025202179,0.0,1.0,0.03151844025202179,0.861055043487946,0.012723845428840752
2023-07-20,-0.06578036200589135,0.0,1.0,-0.06578036200589135,0.7952746814820546,-0.010883615118142731
2023-07-21,-0.028737902560086334,0.0,1.0,-0.028737902560086334,0.7665367789219684,-0.008964742165651685
2023-07-24,-0.01200521301188421,0.0,1.0,-0.01200521301188421,0.7545315659100841,-0.006751410939395575
2023-07-25,0.008445999039847635,0.0,1.0,0.008445999039847635,0.7629775649499317,0.0008762147522700658
2023-07-26,0.0007019997439152909,0.0,1.0,0.0007019997439152909,0.763679564693847,0.0020427112349119536
2023-07-27,0.05327158183942293,0.0,1.0,0.05327158183942293,0.81695114653327,0.01416393095414592
2023-07-28,0.0088335174562778,0.001,1.0,0.007833517456277798,0.8247846639895478,-0.006082439240869819
2023-07-31,0.016791711325473472,0.0,1.0,0.016791711325473472,0.8415763753150213,0.008010715974155591
2023-08-01,-0.023222579492676036,0.0,1.0,-0.023222579492676036,0.8183537958223452,-0.003856275567367673
2023-08-02,-0.01107538406573772,0.0,1.0,-0.01107538406573772,0.8072784117566075,-0.007977819047369938
2023-08-03,-0.11468381564844592,0.0,1.0,-0.11468381564844592,0.6925945961081617,-0.01930074355323519
2023-08-04,0.018863879957127627,0.0,1.0,0.018863879957127627,0.7114584760652892,0.010243587675431431
2023-08-07,0.022936763129689158,0.0,1.0,0.022936763129689158,0.7343952391949784,-0.004976713240186337
2023-08-08,-0.034297963558413753,0.0,1.0,-0.034297963558413753,0.7000972756365647,-0.003316572162191056
2023-08-09,-0.0035727045373348137,0.0,1.0,-0.0035727045373348137,0.6965245710992298,-0.0009392443108628967
2023-08-10,-0.02643801357627719,0.0,1.0,-0.02643801357627719,0.6700865575229527,-0.003545623035805412
2023-08-11,-0.061807788495891414,0.0005,0.0,-0.062307788495891414,0.6077787690270613,-0.01342426611316283
2023-08-14,0.0,0.0005,1.0,-0.0005,0.6072787690270612,-0.0015300964507226622
2023-08-15,-0.05891867906344683,0.0,1.0,-0.05891867906344683,0.5483600899636144,0.010754453657335183
2023-08-16,0.032814027497556006,0.0,1.0,0.032814027497556006,0.5811741174611704,-0.009448776261641756
2023-08-17,0.031303256581456135,0.0,1.0,0.031303256581456135,0.6124773740426266,-0.005220433487304277
2023-08-18,0.07288169672261857,0.0,1.0,0.07288169672261857,0.6853590707652452,-0.02390372568414112
2023-08-21,-0.05223564975629372,0.0,1.0,-0.05223564975629372,0.6331234210089515,0.012272701683274212
2023-08-22,-0.08174178921313727,0.0,1.0,-0.08174178921313727,0.5513816317958142,0.01927034091541069
2023-08-23,0.0462896326032545,0.0,1.0,0.0462896326032545,0.5976712643990687,-0.005374437320965875
2023-08-24,-0.09453168874929799,0.0,1.0,-0.09453168874929799,0.5031395756497707,0.022107630698337877
2023-08-25,0.11198851841837054,0.0,1.0,0.11198851841837054,0.6151280940681413,-0.0283651781880635
2023-08-28,-0.042276736623888075,0.0005,0.0,-0.042776736623888076,0.5723513574442531,0.013588532604192682
2023-08-29,0.0,0.0005,1.0,-0.0005,0.5718513574442532,-0.0011716940516091068
2023-08-30,-0.08484270734032412,0.0,1.0,-0.08484270734032412,0.487008650103929,0.022697512003492015
2023-08-31,-0.009532888465204958,0.0,1.0,-0.009532888465204958,0.47747576163872407,0.005495091762697468
2023-09-01,-0.044804575786463297,0.0,1.0,-0.044804575786463297,0.4326711858522607,0.00917917971029869
2023-09-05,0.022878932316491896,0.0,1.0,0.022878932316491896,0.45555011816875257,-0.009542586750788673
2023-09-06,-0.0038131553860819827,0.0,1.0,-0.0038131553860819827,0.4517369627826706,0.0013536109562863885
2023-09-07,0.07626310772163966,0.0,1.0,0.07626310772163966,0.5280000705043103,-0.01873939779474132
2023-09-08,0.005719733079122974,0.0,1.0,0.005719733079122974,0.5337198035834333,0.004862105291591368
2023-09-11,-0.023832221163012392,0.0,1.0,-0.023832221163012392,0.509887582420421,0.009811564205263412
2023-09-12,0.05719733079122974,0.0,1.0,0.05719733079122974,0.5670849132116507,-0.0010381728158441739
2023-09-13,0.005719733079122974,0.0005,0.0,0.0052197330791229745,0.5723046462907737,-0.005969035627681474
2023-09-14,0.0,0.0,0.0,0.0,0.5723046462907737,0.00793501863120949
2023-09-15,0.0,0.0005,1.0,-0.0005,0.5718046462907737,-0.00021277161626631624
2023-09-18,-0.04872165943077672,0.0,1.0,-0.04872165943077672,0.5230829868599969,-0.017530791944880497
2023-09-19,-0.0009647853352628833,0.0,1.0,-0.0009647853352628833,0.5221182015247341,0.0
2023-09-20,0.00916546068499765,0.0,1.0,0.00916546068499765,0.5312836622097317,0.004413516733456024
2023-09-21,-0.07814761215629526,0.0,1.0,-0.07814761215629526,0.4531360500534364,-0.027362178191130848
2023-09-22,-0.009647853352629005,0.0,1.0,-0.009647853352629005,0.4434881967008074,-0.0032427937915743277
2023-09-25,-0.019778099372889536,0.0,1.0,-0.019778099372889536,0.42371009732791787,-0.007507716263937869
2023-09-26,0.0,0.0,1.0,0.0,0.42371009732791787,0.00016810018771185042
2023-09-27,-0.012542209358417827,0.0,1.0,-0.012542209358417827,0.4111678879695,-0.004509930250147121
2023-09-28,-0.009647853352629005,0.0,1.0,-0.009647853352629005,0.401520034616871,-0.0035736394844954056
2023-09-29,0.05258080077182826,0.0005,0.0,0.05208080077182826,0.45360083538869933,0.02098218067832036
2023-10-02,0.0,0.0,0.0,0.0,0.45360083538869933,-0.008297837030480704
2023-10-03,0.0,0.0,0.0,0.0,0.45360083538869933,0.0006693813800411341
2023-10-04,0.0,0.0,0.0,0.0,0.45360083538869933,-0.008389542337922884
2023-10-05,0.0,0.0,0.0,0.0,0.45360083538869933,0.011158894791578833
2023-10-06,0.0,0.0005,1.0,-0.0005,0.4531008353886994,-0.011369322288319439
2023-10-09,-0.04892703862660944,0.0,1.0,-0.04892703862660944,0.40417379676209,0.018698158301701184
2023-10-10,-0.030901287553648068,0.0,1.0,-0.030901287553648068,0.3732725092084419,0.012696660226331646
2023-10-11,-0.036051502145922745,0.0,1.0,-0.036051502145922745,0.3372210070625191,0.008285636413191577
2023-10-12,-0.014592274678111587,0.0,1.0,-0.014592274678111587,0.3226287323844075,0.0048386224793210975
2023-10-13,-0.006008583690987124,0.0,1.0,-0.006008583690987124,0.31662014869342037,-0.003120544481209575
2023-10-16,0.06952789699570815,0.0,1.0,0.06952789699570815,0.3861480456891285,-0.010659254661737338
2023-10-17,0.019742489270386264,0.0,1.0,0.019742489270386264,0.40589053495951477,-0.0022093721019038615
2023-10-18,0.013733905579399141,0.0,1.0,0.013733905579399141,0.4196244405389139,-0.00038271233700548635
2023-10-19,-0.022317596566523604,0.0,1.0,-0.022317596566523604,0.39730684397239024,-0.00235184729400828
2023-10-20,0.07210300429184549,0.001,1.0,0.07110300429184549,0.4684098482642357,-0.01466516816973229
2023-10-23,0.058065982546433956,0.0,1.0,0.058065982546433956,0.5264758308106696,-0.01724809436376784
2023-10-24,-0.02779078721049614,0.0,1.0,-0.02779078721049614,0.4986850436001735,0.012030798845043211
2023-10-25,0.012321622621634956,0.0,1.0,0.012321622621634956,0.5110066662218085,-0.0022656708903247003
2023-10-26,0.06743548247309965,0.0,1.0,0.06743548247309965,0.5784421486949081,-0.021250350434538823
2023-10-27,0.0049077737703169385,0.0,1.0,0.0049077737703169385,0.583349922465225,-0.007705087076076977
2023-10-30,0.01149869498259977,0.0,1.0,0.01149869498259977,0.5948486174478248,0.0040412204485753556
2023-10-31,0.004144013586847824,0.0,1.0,0.004144013586847824,0.5989926310346727,0.004024954719259455
2023-11-01,-0.027478574714329546,0.0,1.0,-0.027478574714329546,0.5715140563203431,0.007129971651919975
2023-11-02,-0.11142390231869756,0.0,1.0,-0.11142390231869756,0.46009015400164555,0.02791993631297629
2023-11-03,-0.03520859444792597,0.0005,0.0,-0.03570859444792597,0.4243815595537196,0.008878685622614402
2023-11-06,0.0,0.0,0.0,0.0,0.4243815595537196,0.010253598355037807
2023-11-07,0.0,0.0005,1.0,-0.0005,0.42388155955371964,0.004830524573258277
2023-11-08,0.024715424933277642,0.0,1.0,0.024715424933277642,0.44859698448699725,0.007589056634347946
2023-11-09,0.012287372584327449,0.0,1.0,0.012287372584327449,0.4608843570713247,0.0015010185483006477
2023-11-10,-0.007009297496933837,0.0,1.0,-0.007009297496933837,0.4538750595743909,-0.004870998822395833
2023-11-13,0.0484613078969007,0.0,1.0,0.0484613078969007,0.5023363674712916,0.013366682803507057
2023-11-14,0.06748264758168618,0.0,1.0,0.06748264758168618,0.5698190150529778,0.01836566787865901
2023-11-15,0.045145571975212746,0.0,1.0,0.045145571975212746,0.6149645870281906,0.009225717338615214
2023-11-16,-0.017817522841800097,0.0,1.0,-0.017817522841800097,0.5971470641863905,-0.006223369916074972
2023-11-17,0.004317433266113288,0.0,1.0,0.004317433266113288,0.6014644974525037,0.0009614385199043785
2023-11-20,0.020720119617994096,0.0,1.0,0.020720119617994096,0.6221846170704979,0.0021806287479557707
2023-11-21,0.02546820522478911,0.001,1.0,0.02446820522478911,0.646652822295287,0.007667400595777751
2023-11-22,-0.001770381466120634,0.0,1.0,-0.001770381466120634,0.6448824408291662,0.00401017968689743
2023-11-24,-0.00914360370084963,0.0,1.0,-0.00914360370084963,0.6357388371283166,-0.0023555316588576014
2023-11-27,-0.006766259042154522,0.0,1.0,-0.006766259042154522,0.6289725780861621,-0.0016424996791992719
2023-11-28,-0.008419461689356847,0.0,1.0,-0.008419461689356847,0.6205531163968052,-0.0015423768026527895
2023-11-29,0.036788982882079505,0.0,1.0,0.036788982882079505,0.6573420992788848,0.011019283746556363
2023-11-30,-0.010967312112230072,0.0,1.0,-0.010967312112230072,0.6463747871666548,-0.006646464132012531
2023-12-01,-0.03177076147953167,0.0,1.0,-0.03177076147953167,0.614604025687123,-0.005973133716160706
2023-12-04,-0.0069981105155964,0.0,1.0,-0.0069981105155964,0.6076059151715266,-0.004281108961960101
2023-12-05,-0.021227837762173185,0.0,1.0,-0.021227837762173185,0.5863780774093534,-0.004403118443886078
2023-12-06,0.046617640126337595,0.0005,0.0,0.046117640126337595,0.632495717535691,0.015296964020916182
2023-12-07,0.0,0.0,0.0,0.0,0.632495717535691,-0.00563712301739816
2023-12-08,0.0,0.0005,1.0,-0.0005,0.631995717535691,0.0015461128146985192
2023-12-11,0.04166813488847389,0.0,1.0,0.04166813488847389,0.6736638524241649,0.007898731571770456
2023-12-12,0.0444401376604766,0.0,1.0,0.0444401376604766,0.7181039900846415,0.009751365701740955
2023-12-13,0.0366761807439774,0.0,1.0,0.0366761807439774,0.7547801708286189,0.01026392961876832
2023-12-14,0.06325099545438527,0.0,1.0,0.06325099545438527,0.8180311662830042,0.013412742104999875
2023-12-15,0.03631793462301936,0.0,1.0,0.03631793462301936,0.8543491009060236,-0.001975406192898488
2023-12-18,0.008586161128533991,0.0,1.0,0.008586161128533991,0.8629352620345575,0.001855608887129545
2023-12-19,0.005538132656776735,0.0,1.0,0.005538132656776735,0.8684733946913342,0.00644555849159123
2023-12-20,-0.002137730951290307,0.0,1.0,-0.002137730951290307,0.8663356637400439,0.0019875349658928787
2023-12-21,-0.016420592691779097,0.0,1.0,-0.016420592691779097,0.8499150710482648,-0.0031590547324599205
2023-12-22,0.026921315056908333,0.001,1.0,0.025921315056908333,0.8758363861051732,0.004765882179531333
2023-12-26,0.005457307864089421,0.0,1.0,0.005457307864089421,0.8812936939692626,0.0006112469437653534
2023-12-27,0.03373121496967807,0.0,1.0,0.03373121496967807,0.9150249089389407,0.004153940134392187
2023-12-28,0.0060234727360505185,0.0,1.0,0.0060234727360505185,0.9210483816749913,0.004185424017520534
2023-12-29,-0.012194230952928046,0.0,1.0,-0.012194230952928046,0.9088541507220631,-0.0033683088181841736
2024-01-02,-0.05719104256434225,0.0,1.0,-0.05719104256434225,0.8516631081577208,-0.013226998638397158
2024-01-03,-0.07542785076792405,0.0,1.0,-0.07542785076792405,0.7762352573897968,-0.014562389118864538
2024-01-04,-0.03946244026612068,0.0,1.0,-0.03946244026612068,0.7367728171236761,-0.008726527142249862
2024-01-05,0.011069517197935613,0.0,1.0,0.011069517197935613,0.7478423343216117,2.5224498032550002e-05
2024-01-08,0.0190524935264094,0.0,1.0,0.0190524935264094,0.7668948278480211,0.003884474713078623
2024-01-09,0.028943081454937878,0.0005,0.0,0.028443081454937878,0.795337909302959,0.009849493705871959
2024-01-10,0.0,0.0005,1.0,-0.0005,0.794837909302959,0.010350575999601874
2024-01-11,0.006204760871590169,0.0,1.0,0.006204760871590169,0.8010426701745492,0.009160982096682924
2024-01-12,0.007997854762234686,0.0,1.0,0.007997854762234686,0.8090405249367838,0.0014885673149660494
2024-01-16,-0.01564037079614047,0.0,1.0,-0.01564037079614047,0.7934001541406434,-0.0050925925925925375
2024-01-17,-0.004292605433012012,0.0,1.0,-0.004292605433012012,0.7891075487076313,-0.005241115818863107
2024-01-18,0.056392682166298246,0.0,1.0,0.056392682166298246,0.8455002308739297,0.010709801314720435
2024-01-19,0.04725284469773562,0.0,1.0,0.04725284469773562,0.8927530755716653,0.011448894085550165
2024-01-22,0.08843028460040755,0.0,1.0,0.08843028460040755,0.9811833601720727,0.019724483406386994
2024-01-23,-0.011922839029355203,0.0,1.0,-0.011922839029355203,0.9692605211427175,-0.0023145414609953008
2024-01-24,0.05237011286779161,0.0,1.0,0.05237011286779161,1.0216306340105092,0.011859953128328993
2024-01-25,0.04494946167425096,0.001,1.0,0.043949461674250956,1.06558009568476,0.002152348867677345
2024-01-26,-0.07240431166741093,0.0,1.0,-0.07240431166741093,0.9931757840173492,-0.009151181249416385
2024-01-29,-0.00862519177458365,0.0,1.0,-0.00862519177458365,0.9845505922427655,-0.0004005277542173946
2024-01-30,0.013607882322252157,0.0,1.0,0.013607882322252157,0.9981584745650177,0.006670280717467669
2024-01-31,-0.05524796951060454,0.0,1.0,-0.05524796951060454,0.9429105050544132,-0.014633575275111221
2024-02-01,-0.0033019272516657885,0.0,1.0,-0.0033019272516657885,0.9396085778027474,-0.004894855649281271
2024-02-02,0.01730242243906324,0.0,1.0,0.01730242243906324,0.9569110002418106,0.011963036366675395
2024-02-05,0.04548694164304945,0.0,1.0,0.04548694164304945,1.00239794188486,0.012435110901368507
2024-02-06,0.011951524690839476,0.0,1.0,0.011951524690839476,1.0143494665756996,0.0012585359032326604
2024-02-07,-0.008977880155807172,0.0,1.0,-0.008977880155807172,1.0053715864198924,0.0018621540466934317
2024-02-08,0.021869597704452737,0.001,1.0,0.020869597704452736,1.026241184124345,0.003949722357751817
2024-02-09,0.03583148528121476,0.0,1.0,0.03583148528121476,1.06207266940556,0.004235032746291445
2024-02-12,0.03180098532074735,0.0,1.0,0.03180098532074735,1.0938736547263073,0.006913398165645068
2024-02-13,-0.08588481588181054,0.0,1.0,-0.08588481588181054,1.0079888388444966,-0.02210829862223651
2024-02-14,0.047397988674491805,0.0,1.0,0.047397988674491805,1.0553868275189886,0.009314735068339353
2024-02-15,0.03473814080199703,0.0,1.0,0.03473814080199703,1.0901249683209855,0.006167972916570008
2024-02-16,0.000676563628645553,0.0,1.0,0.000676563628645553,1.0908015319496311,0.002235435103244754
2024-02-20,-0.058493152419969566,0.0,1.0,-0.058493152419969566,1.0323083795296615,-0.014578399135413478
2024-02-21,-0.04351596617239433,0.0,1.0,-0.04351596617239433,0.9887924133572672,-0.009333800023334504
2024-02-22,0.10728508669916789,0.0,1.0,0.10728508669916789,1.0960775000564351,0.02341302555647151
2024-02-23,0.04130415675473603,0.001,1.0,0.04030415675473603,1.136381656811171,0.01187599254298144
2024-02-26,-0.018312444008840703,0.0,1.0,-0.018312444008840703,1.1180692128023304,-0.004662799954509134
2024-02-27,0.00716484015742903,0.0,1.0,0.00716484015742903,1.1252340529597595,0.00015996343692870063
2024-02-28,-0.03212180243869486,0.0,1.0,-0.03212180243869486,1.0931122505210646,-0.005118011287042812
2024-02-29,0.025988869012124806,0.0,1.0,0.025988869012124806,1.1191011195331895,0.006430425097030623
2024-03-01,0.04343845239577411,0.0,1.0,0.04343845239577411,1.1625395719289635,0.0038107842913537304
2024-03-04,0.08567595195502177,0.0,1.0,0.08567595195502177,1.2482155238839852,0.012980222777904116
2024-03-05,-0.04004832518760454,0.0,1.0,-0.04004832518760454,1.2081671986963807,-0.010480016157626615
2024-03-06,0.01786486577567593,0.0,1.0,0.01786486577567593,1.2260320644720566,-0.0014060869959632294
2024-03-07,0.035037516222029365,0.0,1.0,0.035037516222029365,1.2610695806940861,0.004769258720930258
2024-03-08,0.05614600778158149,0.001,1.0,0.05514600778158149,1.3162155884756674,0.007662402242213151
2024-03-11,-0.10825642813649444,0.0,1.0,-0.10825642813649444,1.207959160339173,-0.01861779681927278
2024-03-12,0.02040022901660367,0.0,1.0,0.02040022901660367,1.2283593893557767,0.005074169733263245
2024-03-13,0.004273243286899256,0.0,1.0,0.004273243286899256,1.232632632642676,0.006640438450867592
2024-03-14,-0.02594237111684868,0.0,1.0,-0.02594237111684868,1.2066902615258273,-0.0025979893821302946
2024-03-15,-0.05030535168345157,0.0,1.0,-0.05030535168345157,1.1563849098423757,-0.012298980747451838
2024-03-18,0.03520823441517692,0.0,1.0,0.03520823441517692,1.1915931442575527,0.00609993808333531
2024-03-19,-0.046311653049391575,0.0,1.0,-0.046311653049391575,1.145281491208161,-0.007476124267772999
2024-03-20,0.020103332491605657,0.0,1.0,0.020103332491605657,1.1653848236997668,0.009943736364680156
2024-03-21,0.08314051632379706,0.0,1.0,0.08314051632379706,1.2485253400235639,0.020692164263950152
2024-03-22,-0.029100973456939218,0.001,1.0,-0.03010097345693922,1.2184243665666246,-0.007864017109249666
2024-03-25,-0.01933854453139151,0.0,1.0,-0.01933854453139151,1.1990858220352332,-0.004041764904008094
2024-03-26,0.03454626133376526,0.0,1.0,0.03454626133376526,1.2336320833689984,0.0061999774546275255
2024-03-27,-0.006779098855291146,0.0,1.0,-0.006779098855291146,1.2268529845137073,0.00031369034281869546
2024-03-28,-0.004583559699318422,0.0,1.0,-0.004583559699318422,1.2222694248143888,-0.0037183048113968997
2024-04-01,0.004757763087890708,0.0,1.0,0.004757763087890708,1.2270271879022796,0.0004271774810020723
2024-04-02,-0.026228787679391505,0.0,1.0,-0.026228787679391505,1.200798400222888,-0.010989504910443482
2024-04-03,-0.020709956841426853,0.0,1.0,-0.020709956841426853,1.1800884433814611,-0.0025449918196691623
2024-04-04,0.06579517168383678,0.0,1.0,0.06579517168383678,1.2458836150652979,0.01678968470931297
2024-04-05,-0.09122710891550165,0.0,1.0,-0.09122710891550165,1.1546565061497962,-0.02139672439674678
2024-04-08,0.034313708949020666,0.001,1.0,0.033313708949020665,1.187970215098817,0.010600302211639878
2024-04-09,-0.015046395974230992,0.0,1.0,-0.015046395974230992,1.1729238191245859,0.0035114745927822266
2024-04-10,0.04599393207640627,0.0,1.0,0.04599393207640627,1.2189177512009923,-0.01345493949792298
2024-04-11,-0.018285389419410037,0.0,1.0,-0.018285389419410037,1.2006323617815822,0.007459954233409505
2024-04-12,-0.002247326989595031,0.0,1.0,-0.002247326989595031,1.198385034791987,0.0019079634761278719
2024-04-15,-0.00495002969229775,0.0,1.0,-0.00495002969229775,1.1934350050996894,0.0021763772387213276
2024-04-16,0.08112259400919195,0.0,1.0,0.08112259400919195,1.2745575991088813,-0.02524544179523147
2024-04-17,-0.018795224465327526,0.0,1.0,-0.018795224465327526,1.2557623746435538,0.005105592944999016
2024-04-18,0.08808550818860097,0.0,1.0,0.08808550818860097,1.3438478828321547,-0.015262064188409141
2024-04-19,0.0520048633450695,0.0,1.0,0.0520048633450695,1.395852746177224,-0.010011958076390992
2024-04-22,0.05599953280365651,0.001,1.0,0.054999532803656506,1.4508522789808806,-0.011629008573729394
2024-04-23,-0.03145738297272269,0.0,1.0,-0.03145738297272269,1.419394896008158,0.008291198389686283
2024-04-24,-0.08189672957403672,0.0,1.0,-0.08189672957403672,1.3374981664341212,0.017658103001639835
2024-04-25,0.05300406843693392,0.0,1.0,0.05300406843693392,1.3905022348710552,-0.02092480149462861
2024-04-26,-0.05452951111875469,0.0,1.0,-0.05452951111875469,1.3359727237523005,0.01998855071080996
2024-04-29,-0.04327805538835226,0.0,1.0,-0.04327805538835226,1.2926946683639482,0.012885271970441092
2024-04-30,0.001497486996182823,0.0,1.0,0.001497486996182823,1.294192155360131,-0.0045713757994135795
2024-05-01,0.0662563904397217,0.0,1.0,0.0662563904397217,1.3604485457998527,-0.01855502725269631
2024-05-02,-0.009529615510239037,0.0,1.0,-0.009529615510239037,1.3509189302896136,0.005080940564811565
2024-05-03,-0.06274234660025242,0.0,1.0,-0.06274234660025242,1.2881765836893613,0.021490712438278825
2024-05-06,-0.02123458677427133,0.0005,0.0,-0.02173458677427133,1.26644199691509,0.00658318755179077
2024-05-07,0.0,0.0,0.0,0.0,1.26644199691509,0.0077749828493025586
2024-05-08,0.0,0.0,0.0,0.0,1.26644199691509,-0.006875425459496154
2024-05-09,0.0,0.0,0.0,0.0,1.26644199691509,0.0060776384033631725
2024-05-10,0.0,0.0,0.0,0.0,1.26644199691509,0.005018963050439584
2024-05-13,0.0,0.0,0.0,0.0,1.26644199691509,0.00327653997378774
2024-05-14,0.0,0.0005,1.0,-0.0005,1.2659419969150898,-0.0030180859929278547
2024-05-15,0.03942048517520221,0.0,1.0,0.03942048517520221,1.305362482090292,0.013057720546707507
2024-05-16,0.027964959568733093,0.0,1.0,0.027964959568733093,1.333327441659025,0.009544410498851574
2024-05-17,-0.004380053908355761,0.0,1.0,-0.004380053908355761,1.3289473877506695,-0.0013253517704490125
2024-05-20,-0.0013477088948786774,0.0,1.0,-0.0013477088948786774,1.3275996788557907,-0.0002875406427639282
2024-05-21,0.007075471698113116,0.0,1.0,0.007075471698113116,1.3346751505539038,0.002345236514889937
2024-05-22,0.021226415094339708,0.0,1.0,0.021226415094339708,1.3559015656482436,0.006666078050503232
2024-05-23,0.03032345013477084,0.0,1.0,0.03032345013477084,1.3862250157830145,0.009845195807569151
2024-05-24,-0.03773584905660368,0.0,1.0,-0.03773584905660368,1.3484891667264107,-0.011421126913472968
2024-05-28,0.026954177897574025,0.0,1.0,0.026954177897574025,1.3754433446239847,0.008544004919941006
2024-05-29,-0.027291105121293874,0.001,1.0,-0.028291105121293875,1.347152239502691,-0.008057842240515645
2024-05-30,-0.002874636778746241,0.0,1.0,-0.002874636778746241,1.3442776027239447,4.3909721612278574e-05
2024-05-31,-0.01819889125456965,0.0,1.0,-0.01819889125456965,1.326078711469375,-0.008166849615806826
2024-06-03,0.01385831358213158,0.0,1.0,0.01385831358213158,1.3399370250515066,0.0061755721811500575
2024-06-04,-0.028731303311506612,0.0,1.0,-0.028731303311506612,1.31120572174,-0.0037397980509051854
2024-06-05,0.03184764123783129,0.0,1.0,0.03184764123783129,1.3430533629778314,0.011283591317596597
2024-06-06,0.057146922160178804,0.0,1.0,0.057146922160178804,1.4002002851380102,0.01362504912878304
2024-06-07,-0.020094471002557516,0.0,1.0,-0.020094471002557516,1.3801058141354527,-0.0026280642798673925
2024-06-10,-0.020743314720336435,0.0,1.0,-0.020743314720336435,1.3593624994151163,-0.0025485961123110634
2024-06-11,0.033560974303351664,0.0,1.0,0.033560974303351664,1.392923473718468,0.003724394785847407
2024-06-12,0.06657929270611548,0.001,1.0,0.06557929270611548,1.4585027664245833,0.018229279026621192
2024-06-13,0.0425569307535268,0.0,1.0,0.0425569307535268,1.50105969717811,0.01214008771372277
2024-06-14,-0.014006675964488789,0.0,1.0,-0.014006675964488789,1.4870530212136215,-0.0025119316754584897
2024-06-17,0.027198650786824187,0.0,1.0,0.027198650786824187,1.5142516720004455,0.00616973054646186
2024-06-18,0.03916030931094788,0.0,1.0,0.03916030931094788,1.5534119813113934,0.011575522462770715
2024-06-20,0.022707180908493732,0.0,1.0,0.022707180908493732,1.5761191622198871,0.002907156553473067
2024-06-21,-0.08003724179413402,0.0,1.0,-0.08003724179413402,1.4960819204257532,-0.010752024998972098
2024-06-24,-0.024810234921074155,0.0,1.0,-0.024810234921074155,1.471271685504679,-0.006255325339263096
2024-06-25,-0.02657141552097425,0.0,1.0,-0.02657141552097425,1.4447002699837048,-0.004412564306328193
2024-06-26,0.013755196450045887,0.0,1.0,0.013755196450045887,1.4584554664337506,0.005209317957443282
2024-06-27,-0.002180546795273113,0.0005,0.0,-0.0026805467952731132,1.4557749196384775,0.0032807439139066474
2024-06-28,0.0,0.0,0.0,0.0,1.4557749196384775,0.004769640923102614
2024-07-01,0.0,0.0,0.0,0.0,1.4557749196384775,-0.004912833481892975
2024-07-02,0.0,0.0005,1.0,-0.0005,1.4552749196384775,0.0007707691025748975
2024-07-03,0.05230069810257522,0.0,1.0,0.05230069810257522,1.5075756177410526,0.012093836514643685
2024-07-05,0.05209928426907211,0.0,1.0,0.05209928426907211,1.5596749020101246,0.01166138784912163
2024-07-08,0.018869393713412404,0.0,1.0,0.018869393713412404,1.5785442957235372,0.009433003313749078
2024-07-09,0.033800509439586776,0.0,1.0,0.033800509439586776,1.612344805163124,0.004712706180895587
2024-07-10,0.009682224183128862,0.0,1.0,0.009682224183128862,1.6220270293462529,0.0016838054002044078
2024-07-11,0.04906644007300922,0.0,1.0,0.04906644007300922,1.671093469419262,0.006723899861919902
2024-07-12,-0.10269216142421252,0.0,1.0,-0.10269216142421252,1.5684013079950496,-0.020991114556622392
2024-07-15,0.032551434185337326,0.0,1.0,0.032551434185337326,1.6009527421803869,0.00832470406692254
2024-07-16,0.0037854040210470487,0.0,1.0,0.0037854040210470487,1.6047381462014338,0.00203378909003038
2024-07-17,-0.09000635809126525,0.001,1.0,-0.09100635809126525,1.5137317881101686,-0.018769342068244876
2024-07-18,-0.07576791808873728,0.0,1.0,-0.07576791808873728,1.4379638700214314,-0.00563201441795691
2024-07-19,-0.04061433447098969,0.0,1.0,-0.04061433447098969,1.3973495355504417,-0.013140279694354606
2024-07-22,-0.029522184300341366,0.0,1.0,-0.029522184300341366,1.3678273512501005,0.00419492851925285
2024-07-23,0.007679180887372063,0.0,1.0,0.007679180887372063,1.3755065321374724,0.0005195776872557456
2024-07-24,-0.035324232081911267,0.0,1.0,-0.035324232081911267,1.3401823000555613,-0.015766186826198125
2024-07-25,-0.11808873720136522,0.0,1.0,-0.11808873720136522,1.222093562854196,-0.021316111603562504
2024-07-26,0.012457337883959113,0.0,1.0,0.012457337883959113,1.2345509007381552,-0.002307426895540532
2024-07-29,0.019197952218430035,0.0,1.0,0.019197952218430035,1.2537488529565852,0.006614071112071684
2024-07-30,-0.016808873720136508,0.0,1.0,-0.016808873720136508,1.2369399792364486,0.00030061626333988123
2024-07-31,-0.0013651877133106724,0.001,1.0,-0.002365187713310672,1.234574791523138,0.00433615970806045
2024-08-01,-0.021923656454043226,0.0,1.0,-0.021923656454043226,1.2126511350690947,0.00831427533289153
2024-08-02,0.21318567482241513,0.0,1.0,0.21318567482241513,1.4258368098915097,-0.04423859589621848
2024-08-05,0.2514130551768674,0.0,1.0,0.2514130551768674,1.6772498650683771,-0.058062942181019817
2024-08-06,-0.16907691755758053,0.0,1.0,-0.16907691755758053,1.5081729475107968,0.029478938569847735
2024-08-07,-0.09923629547248332,0.0,1.0,-0.09923629547248332,1.4089366520383135,0.021178784621366242
2024-08-08,0.07545831240582623,0.0,1.0,0.07545831240582623,1.4843949644441397,-0.012161526573943426
2024-08-09,-0.09193782736600417,0.0,1.0,-0.09193782736600417,1.3924571370781356,0.012878066476216476
2024-08-12,-0.023754215397861874,0.0,1.0,-0.023754215397861874,1.3687029216802737,0.010408738863768585
2024-08-13,-0.044815437325105824,0.0,1.0,-0.044815437325105824,1.3238874843551678,0.009814129688296092
2024-08-14,-0.0882435244313697,0.0005,0.0,-0.0887435244313697,1.235143959923798,0.016870694572418854
2024-08-15,0.0,0.0,0.0,0.0,1.235143959923798,0.011326616469979012
2024-08-16,0.0,0.0,0.0,0.0,1.235143959923798,0.008234490997525379
2024-08-19,0.0,0.0,0.0,0.0,1.235143959923798,0.005395455122508608
2024-08-20,0.0,0.0,0.0,0.0,1.235143959923798,0.010901361617947192
2024-08-21,0.0,0.0,0.0,0.0,1.235143959923798,0.0014572707400852813
2024-08-22,0.0,0.0005,1.0,-0.0005,1.2346439599237982,0.007878598898243272
2024-08-23,-0.05765667964128251,0.0,1.0,-0.05765667964128251,1.1769872802825156,-0.01155020212853719
2024-08-26,0.007488541715298097,0.0,1.0,0.007488541715298097,1.1844758219978138,0.0004381938068607205
2024-08-27,-0.05553936930310377,0.0,1.0,-0.05553936930310377,1.1289364526947099,-0.012013765773281837
2024-08-28,0.025858087160774056,0.0,1.0,0.025858087160774056,1.154794539855484,0.0054888218032891345
2024-08-29,-0.021310514333453927,0.0,1.0,-0.021310514333453927,1.13348402552203,-0.006319679187050009
2024-08-30,0.023583574302938115,0.0,1.0,0.023583574302938115,1.1570675998249682,0.0037187288708588895
2024-09-03,-0.02801417347474008,0.0,1.0,-0.02801417347474008,1.129053426350228,-0.003873358033007812
2024-09-04,-0.13360438418423193,0.0,1.0,-0.13360438418423193,0.9954490421659962,-0.03070583262890947
2024-09-05,0.00045100883078456216,0.0,1.0,0.00045100883078456216,0.9959000509967808,0.0006540650140625104
2024-09-06,0.003999704773086892,0.0005,0.0,0.003499704773086892,0.9993997557698676,0.002963156633331021
2024-09-09,0.0,0.0,0.0,0.0,0.9993997557698676,-0.01579301805226685
2024-09-10,0.0,0.0,0.0,0.0,0.9993997557698676,0.007018937889021304
2024-09-11,0.0,0.0,0.0,0.0,0.9993997557698676,0.008044011923548977
2024-09-12,0.0,0.0,0.0,0.0,0.9993997557698676,0.019003718118762336
2024-09-13,0.0,0.0005,1.0,-0.0005,0.9988997557698677,0.008172410114157813
2024-09-16,-0.005568891843694728,0.0,1.0,-0.005568891843694728,0.9933308639261729,0.001502709109380218
2024-09-17,0.029353715544410606,0.0,1.0,0.029353715544410606,1.0226845794705834,0.0065512796128406325
2024-09-18,-0.016977925220606597,0.0,1.0,-0.016977925220606597,1.0057066542499769,-0.003338302294820461
2024-09-19,0.057691220805799366,0.0,1.0,0.057691220805799366,1.0633978750557762,0.016663155677269836
2024-09-20,-0.010744387975923333,0.0,1.0,-0.010744387975923333,1.052653487079853,-0.00024864797662704774
2024-09-23,0.002246408497942382,0.0,1.0,0.002246408497942382,1.0548998955777953,0.0009533876349767656
2024-09-24,0.018364291865409627,0.0,1.0,0.018364291865409627,1.073264187443205,0.003126617662283948
2024-09-25,-0.003056811100154576,0.0,1.0,-0.003056811100154576,1.0702073763430504,0.0005779630929283464
2024-09-26,0.1129767041322167,0.0,1.0,0.1129767041322167,1.1831840804752671,0.01780335850146475
2024-09-27,-0.012899698223100754,0.001,1.0,-0.013899698223100755,1.1692843822521664,-0.005817135212923374
2024-09-30,-0.06154492665036682,0.0,1.0,-0.06154492665036682,1.1077394556017994,-0.009622833843017431
2024-10-01,0.009819138820972654,0.0,1.0,0.009819138820972654,1.1175585944227722,0.003952406439128753
2024-10-02,-0.05639072262972024,0.0,1.0,-0.05639072262972024,1.061167871793052,-0.015050235800697087
2024-10-03,0.0008483428416191036,0.0,1.0,0.0008483428416191036,1.062016214634671,-0.0012906986426847178
2024-10-04,0.06264072262972024,0.0,1.0,0.06264072262972024,1.1246569372643913,0.01607120523616956
2024-10-07,-0.02375913474599293,0.0,1.0,-0.02375913474599293,1.1008978025183984,-0.004226074469176333
2024-10-08,0.003533346916598712,0.0,1.0,0.003533346916598712,1.104431149434997,-0.001503945281114083
2024-10-09,0.023507436837815775,0.0,1.0,0.023507436837815775,1.1279385862728128,0.008954731151735285
2024-10-10,0.003058306166802508,0.0,1.0,0.003058306166802508,1.1309968924396154,0.003783231083844596
2024-10-11,-0.003075828579190366,0.001,1.0,-0.004075828579190366,1.126921063860425,-0.00022410104920034257
2024-10-14,0.049424588906706625,0.0,1.0,0.049424588906706625,1.1763456527671317,0.01024982679219133
2024-10-15,0.020365305582820153,0.0,1.0,0.020365305582820153,1.1967109583499518,0.004155152590919142
2024-10-16,-0.08535611755086173,0.0,1.0,-0.08535611755086173,1.11135484079909,-0.013357973605447548
2024-10-17,0.03521353673033355,0.0,1.0,0.03521353673033355,1.1465683775294235,0.010708905085711873
2024-10-18,-0.020108361867628603,0.0,1.0,-0.020108361867628603,1.126460015661795,-0.004794134235758585
2024-10-21,-0.021823157747974078,0.0,1.0,-0.021823157747974078,1.1046368579138208,-0.0016394769866008296
2024-10-22,-0.007733658005991063,0.0,1.0,-0.007733658005991063,1.0969031999078298,-0.0010542321338063987
2024-10-23,0.0027317290780139087,0.0,1.0,0.0027317290780139087,1.0996349289858438,0.0017453777931117909
2024-10-24,-0.0028910238207989396,0.0,1.0,-0.0028910238207989396,1.0967439051650447,-0.0029984400008102874
2024-10-25,0.01700442702476569,0.001,1.0,0.016004427024765688,1.1127483321898106,0.0061571599845562375
2024-10-28,0.020080321285140562,0.0,1.0,0.020080321285140562,1.132828653474951,0.006705174294139082
2024-10-29,-0.016867469879518142,0.0,1.0,-0.016867469879518142,1.1159611835954328,-0.005496930546081802
2024-10-30,0.02168674698795187,0.0,1.0,0.02168674698795187,1.1376479305833849,0.007403372871782388
2024-10-31,-0.04337349397590374,0.0,1.0,-0.04337349397590374,1.094274436607481,-0.014037125292857278
2024-11-01,-0.043373493975903545,0.0,1.0,-0.043373493975903545,1.0509009426315774,-0.013972947723303153
2024-11-04,0.00749665327978584,0.0,1.0,0.00749665327978584,1.0583975959113634,0.0027188465499485837
2024-11-05,0.004283801874163228,0.0,1.0,0.004283801874163228,1.0626813977855265,0.0016227763855223287
2024-11-06,0.07630522088353417,0.0,1.0,0.07630522088353417,1.1389866186690607,0.02655810996493102
2024-11-07,0.04685408299866131,0.0,1.0,0.04685408299866131,1.1858407016677222,0.015662458046987293
2024-11-08,0.0275769745649264,0.001,1.0,0.0265769745649264,1.2124176762326484,0.00911683713611322
2024-11-11,-0.010202503420957063,0.0,1.0,-0.010202503420957063,1.2022151728116914,0.004551346399368494
2024-11-12,-0.03270526631750699,0.0,1.0,-0.03270526631750699,1.1695099064941843,-0.0031045656518617903
2024-11-13,-0.025788790205651467,0.0,1.0,-0.025788790205651467,1.143721116288533,-0.0026665628588667944
2024-11-14,-0.0049557019918849326,0.0,1.0,-0.0049557019918849326,1.138765414296648,-0.0009562841530054156
2024-11-15,-0.0625476957073384,0.0,1.0,-0.0625476957073384,1.0762177185893096,-0.01752261139653455
2024-11-18,-0.03264968688084513,0.0,1.0,-0.03264968688084513,1.0435680317084643,-0.009563765061438745
2024-11-19,0.007109824145978398,0.0,1.0,0.007109824145978398,1.050677855854443,-0.0014253307369561652
2024-11-20,0.01531911215731939,0.0,1.0,0.01531911215731939,1.0659969680117622,0.011539544047284078
2024-11-21,0.018567174435839676,0.0,1.0,0.018567174435839676,1.084564142447602,0.006121313299944253
2024-11-22,-0.002782597322500847,0.0005,0.0,-0.003282597322500847,1.081281545125101,-0.003595132743362872
2024-11-25,0.0,0.0005,1.0,-0.0005,1.080781545125101,0.010863962570873298
2024-11-26,0.0024112525456187195,0.0,1.0,0.0024112525456187195,1.0831927976707199,-0.003569327319082105
2024-11-27,-0.0398918187964841,0.0,1.0,-0.0398918187964841,1.0433009788742358,0.00017713745866809738
2024-11-29,-0.009432959638532228,0.0,1.0,-0.009432959638532228,1.0338680192357035,-0.004407973709585344
2024-12-02,0.03166815456308477,0.0,1.0,0.03166815456308477,1.0655361737987883,0.01004091475105251
2024-12-03,0.025474912244476514,0.0,1.0,0.025474912244476514,1.0910110860432647,0.005753312068257133
2024-12-04,0.052342070423048434,0.0,1.0,0.052342070423048434,1.143353156466313,0.012394201770600244
2024-12-05,-0.004745832877854763,0.0,1.0,-0.004745832877854763,1.1386073235884584,0.00574646371463694
2024-12-06,-0.029194147202552333,0.0,1.0,-0.029194147202552333,1.109413176385906,-0.0015860579771070915
2024-12-09,0.00703410622973125,0.0,1.0,0.00703410622973125,1.1164472826156373,0.005875822998009372
2024-12-10,-0.00015233225233104736,0.001,1.0,-0.0011523322523310474,1.1152949503633063,-0.0036723432594424343
2024-12-11,0.0071875724553673815,0.0,1.0,0.0071875724553673815,1.1224825228186737,0.0026354990260111233
2024-12-12,0.014607002086714642,0.0,1.0,0.014607002086714642,1.1370895249053883,0.005104761904761723
2024-12-13,0.014838859262694192,0.0,1.0,0.014838859262694192,1.1519283841680825,0.005268344451182738
2024-12-16,0.015070716438673743,0.0,1.0,0.015070716438673743,1.1669991006067562,0.0049391094521735734
2024-12-17,0.018780431254347373,0.0,1.0,0.018780431254347373,1.1857795318611035,0.006152922638253067
2024-12-18,-0.007883143983306362,0.0,1.0,-0.007883143983306362,1.1778963878777973,-0.002255947497949218
2024-12-19,-0.08555529793647107,0.0,1.0,-0.08555529793647107,1.0923410899413262,-0.026086144071755468
2024-12-20,-0.06051472293067469,0.0,1.0,-0.06051472293067469,1.0318263670106516,-0.02062587540052585
2024-12-23,0.05100857871551114,0.0,1.0,0.05100857871551114,1.0828349457261626,0.017847347386568346
2024-12-24,0.028982146997449568,0.0005,0.0,0.028482146997449567,1.1113170927236122,0.010162640746800289
2024-12-26,0.0,0.0,0.0,0.0,1.1113170927236122,0.006649772307223412
2024-12-27,0.0,0.0005,1.0,-0.0005,1.1108170927236123,-0.004372350090854127
2024-12-30,-0.05900313877539104,0.0,1.0,-0.05900313877539104,1.0518139539482212,-0.019961597688256894
2024-12-31,0.0028059147558586765,0.0,1.0,0.0028059147558586765,1.0546198687040798,0.0026963589455102355
2025-01-02,-0.008460799906582732,0.0,1.0,-0.008460799906582732,1.046159068797497,-0.005029986457728786
2025-01-03,-7.271189977542305e-05,0.0,1.0,-7.271189977542305e-05,1.0460863568977217,-0.0018471709119189939
2025-01-06,0.08714735500907372,0.0,1.0,0.08714735500907372,1.1332337119067954,0.020785039446771236
2025-01-07,0.03363630086956172,0.0,1.0,0.03363630086956172,1.1668700127763572,0.002996068852334055
2025-01-08,-0.07603514300559351,0.0,1.0,-0.07603514300559351,1.0908348697707635,-0.01999657527730736
2025-01-10,-0.039237236620493596,0.0,1.0,-0.039237236620493596,1.05159763315027,-0.006989205560301359
2025-01-13,-0.07113270388949576,0.0,1.0,-0.07113270388949576,0.9804649292607742,-0.020098537577226905
2025-01-14,0.05365215306770073,0.001,1.0,0.05265215306770073,1.033117082328475,0.01504389465283329
2025-01-15,-0.03330994485369278,0.0,1.0,-0.03330994485369278,0.9998071374747822,0.008432598183748086
2025-01-16,-0.04653832463931239,0.0,1.0,-0.04653832463931239,0.9532688128354698,0.011597762314094817
2025-01-17,-0.01969135624322099,0.0,1.0,-0.01969135624322099,0.9335774565922488,0.007456934756638001
2025-01-21,-0.022144801745057105,0.0,1.0,-0.022144801745057105,0.9114326548471917,0.003117528927990776
2025-01-22,-0.02896173187783637,0.0,1.0,-0.02896173187783637,0.8824709229693554,0.009704850518609032
2025-01-23,0.014233302790023182,0.0,1.0,0.014233302790023182,0.8967042257593785,-0.0010008119795307246
2025-01-24,-0.02555507055023656,0.0,1.0,-0.02555507055023656,0.8711491552091419,0.0075230606381371246
2025-01-27,0.14613591051531613,0.0,1.0,0.14613591051531613,1.017285065724458,-0.04131177066526581
2025-01-28,0.016424244173322448,0.0,1.0,0.016424244173322448,1.0337093098977805,0.008258317025440443
2025-01-29,-0.03458909627876659,0.0005,0.0,-0.03508909627876659,0.998620213619014,0.014052249524475036
2025-01-30,0.0,0.0,0.0,0.0,0.998620213619014,0.0023925276576197696
2025-01-31,0.0,0.0,0.0,0.0,0.998620213619014,0.0061293463939964266
2025-02-03,0.0,0.0,0.0,0.0,0.998620213619014,-0.02552569650041736
2025-02-04,0.0,0.0,0.0,0.0,0.998620213619014,0.010049272596256875
2025-02-05,0.0,0.0005,1.0,-0.0005,0.9981202136190139,0.006150820430750326
2025-02-06,0.03648194662217367,0.0,1.0,0.03648194662217367,1.0346021602411877,0.010616687746732412
2025-02-07,0.021307282241711648,0.0,1.0,0.021307282241711648,1.0559094424828992,0.005271541262135804
2025-02-10,-0.027433989751543767,0.0,1.0,-0.027433989751543767,1.0284754527313555,-0.0055079790244085824
2025-02-11,-0.00860626281312997,0.0,1.0,-0.00860626281312997,1.0198691899182255,-0.0023898941618299974
2025-02-12,-0.020509850182364574,0.0,1.0,-0.020509850182364574,0.999359339735861,-0.0069587040839609315
2025-02-13,0.047567764738601435,0.0,1.0,0.047567764738601435,1.0469271044744624,0.014704192992533116
2025-02-14,0.03630998797266751,0.0,1.0,0.03630998797266751,1.08323709244713,0.011368353522774433
2025-02-18,0.024751620972049013,0.0,1.0,0.024751620972049013,1.1079887134191788,0.0069495620376676115
2025-02-19,0.015087405255205286,0.0,1.0,0.015087405255205286,1.1230761186743843,-0.002149222759527891
2025-02-20,0.03620174011914899,0.001,1.0,0.03520174011914899,1.1582778587935332,0.0002970830161352911
2025-02-21,-0.003971861692260635,0.0,1.0,-0.003971861692260635,1.1543059971012726,-0.0006496760900637222
2025-02-24,-0.07212414638941061,0.0,1.0,-0.07212414638941061,1.082181850711862,-0.019502953304357473
2025-02-25,-0.062163087642826007,0.0,1.0,-0.062163087642826007,1.0200187630690358,-0.016367356217322104
2025-02-26,-0.02014244264134446,0.0,1.0,-0.02014244264134446,0.9998763204276915,-0.007145058161929008
2025-02-27,0.018649762707581556,0.0,1.0,0.018649762707581556,1.018526083135273,0.005043353442088838
2025-02-28,-0.12352519128787645,0.0,1.0,-0.12352519128787645,0.8950008918473966,-0.03474031613687689
2025-03-03,0.05718099973276289,0.0,1.0,0.05718099973276289,0.9521818915801594,0.022774078739527637
2025-03-04,-0.09587655848481957,0.0,1.0,-0.09587655848481957,0.8563053330953398,-0.03389896778229584
2025-03-05,0.01956936867069555,0.0,1.0,0.01956936867069555,0.8758747017660354,0.00408757942450122
2025-03-06,-0.030457618259345745,0.001,1.0,-0.031457618259345746,0.8444170835066898,-0.0050584441757355325
2025-03-07,0.02386451546459247,0.0,1.0,0.02386451546459247,0.8682815989712822,-0.013226923778079325
2025-03-10,0.0072413345944346875,0.0,1.0,0.0072413345944346875,0.8755229335657169,-0.007615567780606014
2025-03-11,0.06318615300621107,0.0,1.0,0.06318615300621107,0.938709086571928,-0.02295997517840509
2025-03-12,-0.040960552335955296,0.0,1.0,-0.040960552335955296,0.8977485342359727,0.014417275325500079
2025-03-13,0.013613827650716512,0.0,1.0,0.013613827650716512,0.9113623618866892,-0.006073127973954429
2025-03-14,-0.01057875590057793,0.0,1.0,-0.01057875590057793,0.9007836059861112,-0.005291338582677163
2025-03-17,-0.03700930782708989,0.0,1.0,-0.03700930782708989,0.8637742981590213,0.012412133493762356
2025-03-18,-0.01586950816703057,0.0,1.0,-0.01586950816703057,0.8479047899919908,-0.00041700548362211265
2025-03-19,0.014637128639528551,0.0,1.0,0.014637128639528551,0.8625419186315193,-0.005423332846623996
2025-03-20,0.005058224814629802,0.0005,0.0,0.0045582248146298025,0.8671001434461492,0.00014680900148911213
2025-03-21,0.0,0.0,0.0,0.0,0.8671001434461492,-0.005871498070793568
2025-03-24,0.0,0.0005,1.0,-0.0005,0.8666001434461491,0.028813702328720936
2025-03-25,-0.02915951972555739,0.0,1.0,-0.02915951972555739,0.8374406237205918,0.007483495304875465
2025-03-26,0.024013722126929652,0.0,1.0,0.024013722126929652,0.8614543458475215,0.0018518895378416556
2025-03-27,0.11020583190394506,0.0,1.0,0.11020583190394506,0.9716601777514664,-0.02008937639650621
2025-03-28,0.04845626072041172,0.0,1.0,0.04845626072041172,1.0201164384718782,-0.00538960635144381
2025-03-31,0.1573756432246998,0.0,1.0,0.1573756432246998,1.177492081696578,-0.03728559221358452
2025-04-01,-0.05017152658662088,0.0,1.0,-0.05017152658662088,1.1273205551099572,0.01164703844821613
2025-04-02,0.0411663807890224,0.0,1.0,0.0411663807890224,1.1684869358989796,-0.0025251444468221695
2025-04-03,0.10634648370497408,0.0,1.0,0.10634648370497408,1.2748334196039535,-0.020767184416030204
2025-04-04,0.3619210977701545,0.0,1.0,0.3619210977701545,1.636754517374108,-0.040092892822715
2025-04-07,0.38207547169811307,0.001,1.0,0.38107547169811307,2.0178299890722213,-0.06728442963436332
2025-04-08,-0.2222774799634905,0.0,1.0,-0.2222774799634905,1.7955525091087305,0.07218714824059114
2025-04-09,0.15777945352754752,0.0,1.0,0.15777945352754752,1.9533319626362782,-0.05155650903779452
2025-04-10,-0.37191235289371466,0.0,1.0,-0.37191235289371466,1.5814196097425635,0.09141660851360789
2025-04-11,0.04561203180698113,0.0,1.0,0.04561203180698113,1.6270316415495447,-0.01964458946997094
2025-04-14,-0.08807929436950224,0.0,1.0,-0.08807929436950224,1.5389523471800424,0.04455189474867871
2025-04-15,0.025388360736567174,0.0,1.0,0.025388360736567174,1.5643407079166094,-0.012745984584248249
2025-04-16,0.05172174697701015,0.0,1.0,0.05172174697701015,1.6160624548936195,-0.020739739172155214
2025-04-17,-0.005710710367796011,0.0,1.0,-0.005710710367796011,1.6103517445258237,-0.004142262209651859
2025-04-21,0.04563676713361668,0.0,1.0,0.04563676713361668,1.6559885116594404,-0.01999239662768071
2025-04-22,-0.011949936987560826,0.001,1.0,-0.012949936987560827,1.6430385746718794,0.0013463249891609852
2025-04-23,-0.15208333333333335,0.0,1.0,-0.15208333333333335,1.490955241338546,0.044095528918463245
2025-04-24,-0.011284069548872133,0.0,1.0,-0.011284069548872133,1.479671171789674,-0.0036885872056223734
2025-04-25,-0.058166901629072704,0.0,1.0,-0.058166901629072704,1.421504270160601,0.022980196284612786
2025-04-28,-0.03103853383458649,0.0,1.0,-0.03103853383458649,1.3904657363260147,0.012977279054328772
2025-04-29,0.01662946428571433,0.0,1.0,0.01662946428571433,1.407095200611729,-0.006046128152548347
2025-04-30,0.03200775375939846,0.0,1.0,0.03200775375939846,1.4391029543711276,-0.006465746432141595
2025-05-01,-0.08523261278195488,0.0,1.0,-0.08523261278195488,1.3538703415891726,0.034851112110119375
2025-05-02,-0.01842496867167923,0.0,1.0,-0.01842496867167923,1.3354453729174933,0.006474835026168302
2025-05-05,0.0014665570175439202,0.0,1.0,0.0014665570175439202,1.3369119299350374,-0.003987339170469006
2025-05-06,0.026227678571428548,0.001,1.0,0.025227678571428547,1.3621396085064659,-0.010400330169211713
2025-05-07,0.01938153392017991,0.0,1.0,0.01938153392017991,1.3815211424266458,0.005254816915505778
2025-05-08,0.06965418235993825,0.0,1.0,0.06965418235993825,1.451175324786584,0.013379522071025551
2025-05-09,0.020558221856491907,0.0,1.0,0.020558221856491907,1.471733546643076,0.0034388880928499788
2025-05-12,0.16254887374464683,0.0,1.0,0.16254887374464683,1.6342824203877229,0.03423022786152874
2025-05-13,0.0265511780767854,0.0,1.0,0.0265511780767854,1.6608335984645084,0.004280163316830787
2025-05-14,0.09150982075455588,0.0,1.0,0.09150982075455588,1.7523434192190641,0.014946185874774143
2025-05-15,-0.027809894913311126,0.0,1.0,-0.027809894913311126,1.7245335243057531,-0.0004837742128993572
2025-05-16,0.023345757745944197,0.0,1.0,0.023345757745944197,1.7478792820516973,0.008015178502284392
2025-05-19,-0.07950727105907567,0.0,1.0,-0.07950727105907567,1.6683720109926217,-0.012330503591595154
2025-05-20,0.03778913740607551,0.001,1.0,0.036789137406075506,1.705161148398697,0.010170348475420088
2025-05-21,-0.011337269049153033,0.0,1.0,-0.011337269049153033,1.693823879349544,-0.006160124742526141
2025-05-22,-0.024393230856123514,0.0,1.0,-0.024393230856123514,1.6694306484934205,-0.005055494218141665
2025-05-23,-0.07147889113359099,0.0,1.0,-0.07147889113359099,1.5979517573598296,-0.014562161741229485
2025-05-27,0.07090311217352958,0.0,1.0,0.07090311217352958,1.6688548695333592,0.019696550634161758
2025-05-28,0.036298639873479026,0.0,1.0,0.036298639873479026,1.7051535094068382,0.011682650392327742
2025-05-29,0.033042338670120644,0.0,1.0,0.033042338670120644,1.7381958480769588,0.007947451070512201
2025-05-30,-0.056583058034788164,0.0,1.0,-0.056583058034788164,1.6816127900421707,-0.013090646552543106
2025-06-02,-0.03049565960523618,0.0,1.0,-0.03049565960523618,1.6511171304369345,-0.004235330355767841
2025-06-03,0.04282330384628873,0.0,1.0,0.04282330384628873,1.6939404342832232,0.012218699249864517
2025-06-04,0.06255264873599607,0.001,1.0,0.06155264873599607,1.7554930830192195,0.008499503399801434
2025-06-05,0.027660828022697193,0.0,1.0,0.027660828022697193,1.7831539110419166,0.0041097706482831065
2025-06-06,-0.003632152042991798,0.0,1.0,-0.003632152042991798,1.7795217589989247,-0.0003395073371307289
2025-06-09,0.008569457532275617,0.0,1.0,0.008569457532275617,1.7880912165312004,0.00026415094339626854
2025-06-10,0.032828476106939536,0.0,1.0,0.032828476106939536,1.82091969263814,0.0019428830120344909
2025-06-11,0.0535963419908002,0.0,1.0,0.0535963419908002,1.87451603462894,0.008377732176139574
2025-06-12,-0.04356923635682122,0.0,1.0,-0.04356923635682122,1.830946798272119,-0.008457488517979117
2025-06-13,-0.03481825489074219,0.0,1.0,-0.03481825489074219,1.7961285433813767,-0.006420757310437231
2025-06-16,0.021261727391939763,0.0,1.0,0.021261727391939763,1.8173902707733165,0.00534414796846594
2025-06-17,0.02400379374108395,0.0,1.0,0.02400379374108395,1.8413940645144005,0.002280867106503326
2025-06-18,-0.0023539543552066394,0.0005,0.0,-0.0028539543552066394,1.8385401101591938,-0.0030279663726467954
2025-06-20,0.0,0.0,0.0,0.0,1.8385401101591938,0.004074702886247783
2025-06-23,0.0,0.0,0.0,0.0,1.8385401101591938,-0.010239356705369684
2025-06-24,0.0,0.0005,1.0,-0.0005,1.8380401101591939,0.01913403314287887
2025-06-25,0.05113415481014644,0.0,1.0,0.05113415481014644,1.8891742649693404,0.00962953305146308
2025-06-26,0.020721084801026707,0.0,1.0,0.020721084801026707,1.909895349770367,0.0023798103530976444
2025-06-27,0.011192380616672206,0.0,1.0,0.011192380616672206,1.9210877303870393,0.007196098279193874
2025-06-30,0.01761874534999041,0.0,1.0,0.01761874534999041,1.9387064757370296,0.0073091400796696515
2025-07-01,-0.029023001167178115,0.0,1.0,-0.029023001167178115,1.9096834745698517,-0.002775459855603457
2025-07-02,-0.007811614318059076,0.0,1.0,-0.007811614318059076,1.9018718602517923,-0.006494097102213936
2025-07-03,0.06146423262049632,0.0,1.0,0.06146423262049632,1.9633360928722887,0.012853376299985397
2025-07-07,-0.014133733928350952,0.0,1.0,-0.014133733928350952,1.9492023589439378,0.0006146281499692652
2025-07-08,-0.0029865625339929435,0.0,1.0,-0.0029865625339929435,1.9462157964099447,-0.0002529267235149568
2025-07-09,0.02531544333264946,0.001,1.0,0.02431544333264946,1.9705312397425943,0.0019877841627815585
2025-07-10,0.020580647163367178,0.0,1.0,0.020580647163367178,1.9911118869059614,0.004346414658779274
2025-07-11,-0.020379474504283172,0.0,1.0,-0.020379474504283172,1.9707324124016783,-0.0064465154698415406
2025-07-14,-0.0021315850733195398,0.0,1.0,-0.0021315850733195398,1.9686008273283586,0.0012470630760890167
2025-07-15,0.04323841656414266,0.0,1.0,0.04323841656414266,2.0118392438925015,0.01129984295745401
2025-07-16,-0.03544117624701333,0.0,1.0,-0.03544117624701333,1.976398067645488,-0.0053012048192772054
2025-07-17,0.008664509556796773,0.0,1.0,0.008664509556796773,1.9850625772022847,0.0013278782658627808
2025-07-18,0.026598656386634997,0.0,1.0,0.026598656386634997,2.01166123358892,0.009139457367119519
2025-07-21,-0.0047354049660627276,0.0,1.0,-0.0047354049660627276,2.0069258286228573,-0.0018290950419093122
2025-07-22,-0.0024266368161436833,0.0,1.0,-0.0024266368161436833,2.0044991918067137,0.003931754701204326
2025-07-23,-0.03331609720212161,0.001,1.0,-0.03431609720212161,1.9701830946045922,-0.003473329789119073
2025-07-24,0.01468226657490235,0.0,1.0,0.01468226657490235,1.9848653611794944,0.004961411245865355
2025-07-25,-0.0016058729066299674,0.0,1.0,-0.0016058729066299674,1.9832594882728645,-0.0003539008723657533
2025-07-28,0.014682266574902514,0.0,1.0,0.014682266574902514,1.997941754847767,0.0049740675835945325
2025-07-29,0.016058729066299675,0.0,1.0,0.016058729066299675,2.0140004839140664,0.0053193363159191875
2025-07-30,-0.014452856159669708,0.0,1.0,-0.014452856159669708,1.9995476277543969,-0.004520288737823286
2025-07-31,0.03418215186969493,0.0,1.0,0.03418215186969493,2.0337297796240916,0.011193635819634729
2025-08-01,-0.08557008488185357,0.0,1.0,-0.08557008488185357,1.9481596947422384,-0.027343614021651974
2025-08-04,-0.00045882083046577484,0.0,1.0,-0.00045882083046577484,1.9477008739117725,0.0003936796521302188
2025-08-05,0.03257627896306496,0.0,1.0,0.03257627896306496,1.9802771528748373,0.01134066720329141
2025-08-06,-0.023170451938517963,0.0005,0.0,-0.023670451938517963,1.9566067009363195,-0.007569995932011464
2025-08-07,0.0,0.0,0.0,0.0,1.9566067009363195,0.018819839247206316
2025-08-08,0.0,0.0005,1.0,-0.0005,1.9561067009363196,-0.0021340983434496863
2025-08-11,0.028370908455389074,0.0,1.0,0.028370908455389074,1.9844776093917087,0.007432728547637879
2025-08-12,0.004574446943814936,0.0,1.0,0.004574446943814936,1.9890520563355234,0.0008178322225893542
2025-08-13,0.06865810585303697,0.0,1.0,0.06865810585303697,2.0577101621885605,0.013213714444676228
2025-08-14,-0.022833123329837918,0.0,1.0,-0.022833123329837918,2.0348770388587223,-0.007687555769098853
2025-08-15,0.015271059545152161,0.0,1.0,0.015271059545152161,2.0501480984038745,0.002628484471190351
2025-08-18,-0.041303741162940194,0.0,1.0,-0.041303741162940194,2.0088443572409345,-0.00579510175922715
2025-08-19,0.009229406972679814,0.0,1.0,0.009229406972679814,2.0180737642136144,-8.673929637093014e-05
2025-08-20,-0.05084498218493838,0.0,1.0,-0.05084498218493838,1.9672287820286758,-0.013983587501517958
2025-08-21,-0.024554308552644486,0.0,1.0,-0.024554308552644486,1.9426744734760313,-0.00700297362447877
2025-08-22,0.003540040999734824,0.0005,0.0,0.003040040999734824,1.9457145144757662,0.0005670240099227009
2025-08-25,0.0,0.0005,1.0,-0.0005,1.9452145144757662,0.010147519790320025
2025-08-26,0.006581352833638015,0.0,1.0,0.006581352833638015,1.9517958673094042,-0.0009992987377277496
2025-08-27,0.00292504570383906,0.0,1.0,0.00292504570383906,1.9547209130132432,0.003088640471719639
2025-08-28,0.029250457038391253,0.0,1.0,0.029250457038391253,1.9839713700516346,0.0044087545268460815
2025-08-29,-0.04003656307129795,0.0,1.0,-0.04003656307129795,1.9439348069803366,0.0009492954311891566
2025-09-02,-0.11828153564899463,0.0,1.0,-0.11828153564899463,1.825653271331342,-0.023222629229711744
2025-09-03,0.04862888482632548,0.0,1.0,0.04862888482632548,1.8742821561576675,0.014109850171919458
2025-09-04,-0.03656307129798903,0.0,1.0,-0.03656307129798903,1.8377190848596783,0.0026527062874408536
2025-09-05,0.08811700182815357,0.0,1.0,0.08811700182815357,1.925836086687832,0.017083085117566732
2025-09-08,0.005118829981718485,0.0,1.0,0.005118829981718485,1.9309549166695503,-0.0036520870299230346
2025-09-09,0.007495429616087689,0.001,1.0,0.006495429616087689,1.937450346285638,0.0022476961114856753
2025-09-10,0.034685222314416446,0.0,1.0,0.034685222314416446,1.9721355686000546,0.007021236220608351
2025-09-11,0.00919309704706142,0.0,1.0,0.00919309704706142,1.981328665647116,-0.0008565457224106732
2025-09-12,0.009862072834756085,0.0,1.0,0.009862072834756085,1.9911907384818721,0.003086208079006836
2025-09-15,0.004750568667806491,0.0,1.0,0.004750568667806491,1.9959413071496785,0.005811568439765047
2025-09-16,0.03281227515352307,0.0,1.0,0.03281227515352307,2.0287535823032017,0.007086533886207613
2025-09-17,-0.005091424853662115,0.0,1.0,-0.005091424853662115,2.0236621574495395,-0.0025480501510267706
2025-09-18,0.05559349627105492,0.0,1.0,0.05559349627105492,2.0792556537205944,0.0064456098798848505
2025-09-19,0.020714134556990334,0.0,1.0,0.020714134556990334,2.0999697882775847,0.0040678421946178656
2025-09-22,-0.0038305030360118587,0.0,1.0,-0.0038305030360118587,2.0961392852415726,0.0006863877588603184
2025-09-23,0.04042835868346638,0.001,1.0,0.03942835868346638,2.135567643925039,0.007745842674072412
2025-09-24,-0.01820099214642411,0.0,1.0,-0.01820099214642411,2.1173666517786147,-0.004631704766173583
2025-09-25,-0.040127208130760955,0.0,1.0,-0.040127208130760955,2.077239443647854,-0.012308616031221797
2025-09-26,0.026240733000418005,0.0,1.0,0.026240733000418005,2.1034801766482722,0.0036305302262749084
2025-09-29,0.02720510592428009,0.0,1.0,0.02720510592428009,2.130685282572552,0.008008749053587838
2025-09-30,-0.015622456387355129,0.0,1.0,-0.015622456387355129,2.115062826185197,-0.0011350169417970735
2025-10-01,-0.0015872142904283207,0.0,1.0,-0.0015872142904283207,2.113475611894769,-0.0021055094163059396
2025-10-02,0.0931127219130167,0.0,1.0,0.0931127219130167,2.206588333807786,0.01656144816383942
2025-10-03,0.0056077721803022935,0.0,1.0,0.0056077721803022935,2.212196105988088,-0.0009060059961123468
2025-10-06,0.05292309215302373,0.0,1.0,0.05292309215302373,2.265119198141112,0.0031986282171769798
2025-10-07,0.0007108366148228272,0.001,1.0,-0.00028916338517717287,2.2648300347559345,0.0009368066398223185
2025-10-08,-0.05489112528828592,0.0,1.0,-0.05489112528828592,2.2099389094676485,-0.005927555745295798
2025-10-09,0.058031764511310695,0.0,1.0,0.058031764511310695,2.267970673978959,0.010026263193538387
2025-10-10,-0.0013512158468343687,0.0,1.0,-0.0013512158468343687,2.2666194581321246,-0.00013083011709302816
2025-10-13,-0.0811523230208061,0.0,1.0,-0.0811523230208061,2.1854671351113186,-0.01916912005233895
2025-10-14,-0.02958786353970111,0.0,1.0,-0.02958786353970111,2.1558792715716173,-0.007287219850587001
2025-10-15,0.05467208663616796,0.0,1.0,0.05467208663616796,2.2105513582077854,0.014614234600460296
2025-10-16,0.024713602404476714,0.0,1.0,0.024713602404476714,2.235264960612262,0.0018211619012931113
2025-10-17,-0.03896127235151413,0.0,1.0,-0.03896127235151413,2.1963036882607483,-0.011832559369370776
2025-10-20,0.03993581203827054,0.0,1.0,0.03993581203827054,2.2362395002990185,0.015369178024918329
2025-10-21,0.01812352764223517,0.001,1.0,0.01712352764223517,2.253363027941254,0.007411799584939205
2025-10-22,-0.022730229798329987,0.0,1.0,-0.022730229798329987,2.2306327981429237,-0.001340657903341702
2025-10-23,-0.042782750887073485,0.0,1.0,-0.042782750887073485,2.18785004725585,-0.009675518155921714
2025-10-24,0.09467968753377343,0.0,1.0,0.09467968753377343,2.2825297347896236,0.01831677439619117
2025-10-27,0.04558352091260907,0.0,1.0,0.04558352091260907,2.328113255702233,0.013847627396548656
2025-10-28,0.02585298551164167,0.0,1.0,0.02585298551164167,2.3539662412138744,0.009351181707551559
2025-10-29,0.04863450379032616,0.0,1.0,0.04863450379032616,2.4026007450042,0.008296846246589329
2025-10-30,-0.019580616080285357,0.0,1.0,-0.019580616080285357,2.3830201289239152,-0.005380827262858268
2025-10-31,0.007399807061316457,0.0,1.0,0.007399807061316457,2.390419935985231,0.0031637059651676847
2025-11-03,0.011047973185003508,0.0,1.0,0.011047973185003508,2.401467909170235,0.0014822523928916809
2025-11-04,-0.08734141113043153,0.001,1.0,-0.08834141113043154,2.3131264980398036,-0.0186266945883391
2025-11-05,-0.02913144718816113,0.0,1.0,-0.02913144718816113,2.283995050851642,-0.007685149531510671
2025-11-06,0.04368318098509922,0.0,1.0,0.04368318098509922,2.3276782318367415,0.005335575352875432
2025-11-07,-0.09232446430111149,0.0,1.0,-0.09232446430111149,2.23535376753563,-0.021679345116518478
2025-11-10,0.06813218395787204,0.0,1.0,0.06813218395787204,2.303485951493502,0.017441764889612132
2025-11-11,-0.011260368015997729,0.0,1.0,-0.011260368015997729,2.2922255834775047,0.00266593420797534
2025-11-12,0.01320701873245661,0.0,1.0,0.01320701873245661,2.305432602209961,0.00688077090416872
2025-11-13,-0.03801595357058242,0.0,1.0,-0.03801595357058242,2.2674166486393785,-0.011682990845656605
2025-11-14,-0.11415445902518459,0.0,1.0,-0.11415445902518459,2.1532621896141944,-0.029131716164135124
2025-11-17,0.03929619734457094,0.0,1.0,0.03929619734457094,2.192558386958765,0.011258443832874665
2025-11-18,-0.0440985203287121,0.0005,0.0,-0.0445985203287121,2.1479598666300532,-0.011017648029028493
2025-11-19,0.0,0.0,0.0,0.0,2.1479598666300532,-0.004252693372469141
2025-11-20,0.0,0.0005,1.0,-0.0005,2.147459866630053,0.02436900195956926
2025-11-21,0.18334044658986792,0.0,1.0,0.18334044658986792,2.330800313219921,-0.039485301330891676
2025-11-24,-0.05864499821555377,0.0,1.0,-0.05864499821555377,2.272155315004367,0.013294295878938378
2025-11-25,-0.061640476391959964,0.0,1.0,-0.061640476391959964,2.2105148386124074,0.013825426689961118
2025-11-26,-0.06677949763238934,0.0,1.0,-0.06677949763238934,2.143735340980018,0.014912760351941223
2025-11-28,-0.03839705216837824,0.0,1.0,-0.03839705216837824,2.1053382888116396,0.005877455061958248
2025-12-01,0.0031446726001038636,0.0,1.0,0.0031446726001038636,2.1084829614117435,-0.004025255230397207
2025-12-02,-0.04745376076646575,0.0,1.0,-0.04745376076646575,2.0610292006452777,0.009500839267962746
2025-12-03,-0.016058176627065466,0.0,1.0,-0.016058176627065466,2.044971024018212,0.000258289477932383
2025-12-04,-0.028097026045556736,0.0,1.0,-0.028097026045556736,2.0168739979726555,0.00856976856783187
2025-12-05,-0.0028945741796145416,0.0005,0.0,-0.0033945741796145416,2.013479423793041,-0.0008800985710398779
2025-12-08,0.0,0.0,0.0,0.0,2.013479423793041,0.004532496236266503
2025-12-09,0.0,0.0005,1.0,-0.0005,2.012979423793041,-0.006696321806093697
2025-12-10,0.00823412378928127,0.0,1.0,0.00823412378928127,2.021213547582322,0.0013482929647998798
2025-12-11,0.00369933421971131,0.0,1.0,0.00369933421971131,2.0249128818020337,-4.808848280835054e-05
2025-12-12,-0.016274793280702714,0.0,1.0,-0.016274793280702714,2.008638088521331,-0.002789266134461843
2025-12-15,-0.0500185844175362,0.0,1.0,-0.0500185844175362,1.9586195041037948,-0.005963863168724326
2025-12-16,-0.048746946366463616,0.0,1.0,-0.048746946366463616,1.909872557737331,-0.016349434804405205
2025-12-17,0.013658214638425242,0.0,1.0,0.013658214638425242,1.9235307723757562,0.00789136224640763
2025-12-18,-0.019784919152512206,0.0,1.0,-0.019784919152512206,1.903745853223244,-0.0053175871855936085
2025-12-19,0.0008462571232280489,0.0,1.0,0.0008462571232280489,1.904592110346472,0.003525746146277653
2025-12-22,0.07508658670862395,0.0,1.0,0.07508658670862395,1.9796786970550961,0.015360732085954787
2025-12-23,-0.02707906821430109,0.001,1.0,-0.02807906821430109,1.951599628840795,-0.005069606501971524
2025-12-24,0.02130288399235181,0.0,1.0,0.02130288399235181,1.972902512833147,0.00613070203817534
2025-12-26,0.018106810613559413,0.0,1.0,0.018106810613559413,1.9910093234467063,0.004292673515651213
2025-12-29,-0.032162555011691615,0.0,1.0,-0.032162555011691615,1.9588467684350146,-0.007299971184324239
2025-12-30,0.012893764164416165,0.0,1.0,0.012893764164416165,1.9717405325994308,-0.00041928721174000483
2025-12-31,-0.003699077479066693,0.0,1.0,-0.003699077479066693,1.968041455120364,-0.00030653071760466943
2026-01-02,0.014919444015627349,0.0,1.0,0.014919444015627349,1.9829608991359915,0.0006616638424916665
2026-01-05,0.05914920598397805,0.0,1.0,0.05914920598397805,2.0421101051199697,-0.0011934328935907512
2026-01-06,0.008639115803250719,0.0,1.0,0.008639115803250719,2.0507492209232203,-0.00014532067428796314
2026-01-07,0.021834062844174704,0.0,1.0,0.021834062844174704,2.072583283767395,0.006152802674288971
2026-01-08,-0.004901937190261203,0.0005,0.0,-0.005401937190261203,2.067181346577134,-1.6050333846884257e-05
2026-01-09,0.0,0.0,0.0,0.0,2.067181346577134,-0.0026001958172158224
2026-01-12,0.0,0.0,0.0,0.0,2.067181346577134,0.0014483191451697408
2026-01-13,0.0,0.0,0.0,0.0,2.067181346577134,0.007970304189230504
2026-01-14,0.0,0.0005,1.0,-0.0005,2.066681346577134,-0.008018875444385953
2026-01-15,0.06532935047663863,0.0,1.0,0.06532935047663863,2.132010697053772,0.007006942658781101
2026-01-16,-0.0008841030114557819,0.0,1.0,-0.0008841030114557819,2.1311265940423167,-0.001755505904883492
2026-01-20,-0.07109213844738049,0.0,1.0,-0.07109213844738049,2.0600344555949364,-0.02393285371702647
2026-01-21,0.023483380392983266,0.0,1.0,0.023483380392983266,2.0835178359879194,-0.0017361964195042878
2026-01-22,0.09045597235634509,0.0,1.0,0.09045597235634509,2.1739738083442646,0.021133115657866686
2026-01-23,-0.046953451941797154,0.0,1.0,-0.046953451941797154,2.1270203564024674,-0.004209849762995099
2026-01-26,-0.007692795807430224,0.0,1.0,-0.007692795807430224,2.1193275605950372,0.0056153486195602564
2026-01-27,0.03715987929529587,0.0,1.0,0.03715987929529587,2.1564874398903333,0.009146194701625365
2026-01-28,0.06759628748372509,0.0,1.0,0.06759628748372509,2.224083727374058,0.010414844731360784
2026-01-29,0.005860132898076761,0.001,1.0,0.004860132898076761,2.2289438602721354,-0.0044219935165078494
2026-01-30,-0.040270497897305836,0.0,1.0,-0.040270497897305836,2.1886733623748293,-0.010969730498695873
2026-02-02,-0.07069117066514162,0.0,1.0,-0.07069117066514162,2.1179821917096877,-0.011203273081779042
2026-02-03,0.07397667310416503,0.0,1.0,0.07397667310416503,2.191958864813853,0.015516405366090114
2026-02-04,-0.08307394647480436,0.0,1.0,-0.08307394647480436,2.1088849183390486,-0.021136399809008388
2026-02-05,-0.09070224728279527,0.0,1.0,-0.09070224728279527,2.0181826710562536,-0.024080517706741134
2026-02-06,0.03574812602550941,0.0,1.0,0.03574812602550941,2.0539307970817626,-3.3321670748542864e-05
2026-02-09,0.04059884922203649,0.0,1.0,0.04059884922203649,2.0945296463037995,0.012246122061347009
2026-02-10,0.05000867636788604,0.0,1.0,0.05000867636788604,2.1445383226716856,0.012781051453402137
2026-02-11,0.02014739673669291,0.0,1.0,0.02014739673669291,2.1646857194083786,0.001747101031196019
2026-02-12,0.013872438460456927,0.0005,0.0,0.013372438460456926,2.1780581578688354,-0.002709367597910295
2026-02-13,0.0,0.0,0.0,0.0,2.1780581578688354,-0.023230466398789784
2026-02-17,0.0,0.0005,1.0,-0.0005,2.1775581578688357,-0.003422547174524837
2026-02-18,-0.018098325229605663,0.0,1.0,-0.018098325229605663,2.1594598326392296,0.006241905159807937
2026-02-19,-0.00337655321447866,0.0,1.0,-0.00337655321447866,2.156083279424751,0.0011625782664295148
2026-02-20,0.014316585629389549,0.0,1.0,0.014316585629389549,2.170399865054141,-0.004462434266186643
2026-02-23,-0.03200972447325776,0.0,1.0,-0.03200972447325776,2.138390140580883,0.010806172098913658
2026-02-24,0.020394381415451177,0.0,1.0,0.020394381415451177,2.158784521996334,-0.006932023310061819
2026-02-25,-0.0418692598595355,0.0,1.0,-0.0418692598595355,2.1169152621367986,0.014392430278884483
2026-02-26,-0.020934629929767655,0.0,1.0,-0.020934629929767655,2.0959806322070307,0.007396861243392783
2026-02-27,0.05848190167477037,0.0,1.0,0.05848190167477037,2.1544625338818015,-0.020484413327052087
2026-03-02,0.019854132901134507,0.0,1.0,0.019854132901134507,2.1743166667829357,-0.006832730770506501
2026-03-03,0.012020529443544037,0.001,1.0,0.011020529443544036,2.18533719622648,-0.004224693584477079
2026-03-04,-0.01750000000000007,0.0,1.0,-0.01750000000000007,2.16783719622648,0.013130313752452327
2026-03-05,0.0072500000000001565,0.0,1.0,0.0072500000000001565,2.17508719622648,0.005362817796610075
2026-03-06,0.0956249999999999,0.0,1.0,0.0956249999999999,2.27071219622648,-0.011672703325650402
2026-03-09,0.09662500000000006,0.0,1.0,0.09662500000000006,2.36733719622648,-0.01013642951141902
2026-03-10,-0.18599999999999994,0.0,1.0,-0.18599999999999994,2.18133719622648,0.022811224704446964
2026-03-11,-0.03900000000000006,0.0,1.0,-0.03900000000000006,2.14233719622648,0.0019250386653066887
2026-03-12,0.03049999999999997,0.0,1.0,0.03049999999999997,2.17283719622648,-0.01016503818047465
2026-03-13,0.02025000000000006,0.0,1.0,0.02025000000000006,2.1930871962264797,-0.005026876368703914
2026-03-16,-0.04250000000000007,0.0,1.0,-0.04250000000000007,2.15058719622648,0.0005168992713386888
2026-03-17,-0.016999999999999994,0.001,1.0,-0.017999999999999995,2.13258719622648,0.005166322245183652
2026-03-18,0.008447583437197056,0.0,1.0,0.008447583437197056,2.141034779663677,-0.0027356832576184154
2026-03-19,0.061764298573604874,0.0,1.0,0.061764298573604874,2.202799078237282,-0.019917205606078237
2026-03-20,-0.0070627336933943375,0.0,1.0,-0.0070627336933943375,2.1957363445438878,0.002629302301911718
2026-03-23,-0.003946821769837926,0.0,1.0,-0.003946821769837926,2.19178952277405,-0.0009136128311846292
2026-03-24,0.031920786594654575,0.0,1.0,0.031920786594654575,2.223710309368704,-0.009669443879970263
2026-03-25,-0.03268245395374601,0.0,1.0,-0.03268245395374601,2.191027855414958,0.007404114156734698
2026-03-26,0.03579836587730223,0.0,1.0,0.03579836587730223,2.22682622129226,-0.0111009267746206
2026-03-27,0.06723445506162587,0.0,1.0,0.06723445506162587,2.294060676353886,-0.020236869207003183
2026-03-30,0.019387896413239045,0.0,1.0,0.019387896413239045,2.3134485727671255,-0.006009004747639213
2026-03-31,0.018695471541337882,0.001,1.0,0.01769547154133788,2.3311440443084632,-0.005446085515880106
2026-04-01,-0.1312016023922324,0.0,1.0,-0.1312016023922324,2.199942441916231,0.030463059774229695
2026-04-02,0.04497522864980823,0.0,1.0,0.04497522864980823,2.244917670566039,-0.012915319529476443
2026-04-06,-0.08669433966481023,0.0,1.0,-0.08669433966481023,2.1582233309012286,0.02136000139380112
2026-04-07,-0.0025964954616353227,0.0,1.0,-0.0025964954616353227,2.1556268354395933,-0.0010064309230166657
2026-04-08,-0.12881128526368052,0.0,1.0,-0.12881128526368052,2.026815550175913,0.03939280103818055
2026-04-09,-0.0038390521394097554,0.0,1.0,-0.0038390521394097554,2.022976498036503,-0.004567035205598868
2026-04-10,-0.037141219624371884,0.0,1.0,-0.037141219624371884,1.9858352784121311,0.009753601901209885
2026-04-13,-0.0002808525413668479,0.0,1.0,-0.0002808525413668479,1.9855544258707643,-0.0038572175732217717
2026-04-14,-0.04566521632088759,0.0,1.0,-0.04566521632088759,1.9398892095498765,0.017621579050994374
2026-04-15,-0.02013796280202597,0.001,1.0,-0.02113796280202597,1.9187512467478507,0.014285253619683358
2026-04-16,0.025961062402879993,0.0,1.0,0.025961062402879993,1.9447123091507308,0.01610288039676977
2026-04-17,0.0637408311831696,0.0,1.0,0.0637408311831696,2.0084531403339003,0.009981070383754842
2026-04-20,0.0221759067366767,0.0,1.0,0.0221759067366767,2.030629047070577,0.0037949782369615104
2026-04-21,0.012558640275450247,0.0,1.0,0.012558640275450247,2.0431876873460273,0.0005709524103449937
2026-04-22,0.03355281694038341,0.0,1.0,0.03355281694038341,2.076740504286411,0.0026834872997023584
2026-04-23,0.04166616503898961,0.0,1.0,0.04166616503898961,2.1184066693254002,0.005229562408674893
2026-04-24,0.10992714117072884,0.0,1.0,0.10992714117072884,2.228333810496129,0.0075893198684109375
2026-04-27,0.030810782247680902,0.0,1.0,0.030810782247680902,2.2591445927438096,0.007425855340085885
2026-04-28,-0.1314299186886891,0.0,1.0,-0.1314299186886891,2.1277146740551207,-0.009029243292131506
2026-04-29,0.038154991795135165,0.0005,0.0,0.037654991795135165,2.165369665850256,0.0018557673293684296
2026-04-30,0.0,0.0,0.0,0.0,2.165369665850256,0.010202997130407176
